ncppb_number	snapshot_status	ncppb_current_name	expected_genus	scope_status	attention_level	attention_category	final_sequence_use_status	next_action	ncbi_biosample_match_count	ncbi_assembly_count_all_confirmed_links	ncbi_sra_run_count_all_confirmed_links	ncbi_eligible_assembly_count	ncbi_eligible_sra_run_count	ncbi_taxonomy_blocked_resource_count	ncbi_data_status	phylogeny_readiness	manual_review_required	metadata_annotation_status	catalogue_host	catalogue_country	biosample_hosts	biosample_geographic_locations	biosample_collection_years	confirmed_biosample_accessions	linked_assembly_accessions	linked_sra_run_accessions	eligible_assembly_accessions	eligible_sra_run_accessions	audit_table_pointer
NCPPB 45	present_in_both	Xanthomonas campestris pv. campestris (Pammel 1895) Dowson 1939	Xanthomonas	current_xanthomonas	P3	assembly_available_qc_required	automatic_candidate_after_genome_qc	download selected assembly; complete QC, contamination screening, ANI and deduplication	1	1	1	1	1	0	confirmed_sequence_available	assembly_available_qc_required	no	partial_context_metadata	Brassica napus	UK	Brassica napus	United Kingdom	1941	SAMN36346970	GCA_035026565.1	SRR25183331	GCA_035026565.1	SRR25183331	
NCPPB 101	present_in_both	Xanthomonas cassavae (ex Wiehe & Dowson 1953) Vauterin et al. 1995	Xanthomonas	current_xanthomonas	P3	assembly_available_qc_required	automatic_candidate_after_genome_qc	download selected assembly; complete QC, contamination screening, ANI and deduplication	1	1	1	1	1	0	confirmed_sequence_available	assembly_available_qc_required	no	partial_context_metadata	Manihot esculenta	Malawi	Manihot esculenta	Malawi		SAMN22555467	GCF_020783895.1	SRR22272561	GCF_020783895.1	SRR22272561	
NCPPB 109	present_in_both	Xanthomonas axonopodis pv. begoniae (Takimoto 1934) Vauterin et al. 1995	Xanthomonas	current_xanthomonas	P3	no_confirmed_public_sequence	no_genome_input	retain count=0; optional separate marker-gene/literature search	0	0	0	0	0	0	no_confirmed_ncbi_match	no_confirmed_public_sequence	no	missing_context_metadata	Begonia sp.	UK									
NCPPB 113	present_in_both	Xanthomonas axonopodis pv. ricini (Yoshi & Takimoto 1928) Vauterin et al. 1995	Xanthomonas	current_xanthomonas	P3	assembly_available_qc_required	automatic_candidate_after_genome_qc	download selected assembly; complete QC, contamination screening, ANI and deduplication	1	1	2	1	2	0	confirmed_sequence_available	assembly_available_qc_required	no	partial_context_metadata		Uganda	Ricinus communis	Uganda		SAMN42178446	GCF_053571385.1	SRR29654663; SRR30041332	GCF_053571385.1	SRR29654663; SRR30041332	
NCPPB 151	present_in_both	Xanthomonas campestris pv. papavericola (Bryan and McWhorter 1930) Dye 1978	Xanthomonas	current_xanthomonas	P2	wgs_reads_require_assembly_and_qc	candidate_after_read_qc_and_assembly	download reads; trim, assemble, then complete genome QC and ANI	1	0	2	0	2	0	confirmed_sequence_available	raw_wgs_reads_require_assembly_and_qc	no	partial_context_metadata	Argemone sp.	Mauritius	Argemone sp.	Mauritius		SAMN56511362		SRR37629063; SRR37789880		SRR37629063; SRR37789880	
NCPPB 174	present_in_both	Xanthomonas axonopodis pv. vasculorum (Cobb 1893) Vauterin et al. 1995	Xanthomonas	current_xanthomonas	P3	no_confirmed_public_sequence	no_genome_input	retain count=0; optional separate marker-gene/literature search	0	0	0	0	0	0	no_confirmed_ncbi_match	no_confirmed_public_sequence	no	missing_context_metadata											
NCPPB 181	present_in_both	Xanthomonas axonopodis pv. vasculorum (Cobb 1893) Vauterin et al. 1995	Xanthomonas	current_xanthomonas	P3	no_confirmed_public_sequence	no_genome_input	retain count=0; optional separate marker-gene/literature search	0	0	0	0	0	0	no_confirmed_ncbi_match	no_confirmed_public_sequence	no	missing_context_metadata		Australia									
NCPPB 182	present_in_both	Xanthomonas sp. (Cobb 1893) Vauterin et al. 1995	Xanthomonas	current_xanthomonas	P3	no_confirmed_public_sequence	no_genome_input	retain count=0; optional separate marker-gene/literature search	0	0	0	0	0	0	no_confirmed_ncbi_match	no_confirmed_public_sequence	no	missing_context_metadata	Saccharum officinarum	Puerto Rico									
NCPPB 184	present_in_both	Xanthomonas axonopodis pv. vasculorum (Cobb 1893) Vauterin et al. 1995	Xanthomonas	current_xanthomonas	P3	no_confirmed_public_sequence	no_genome_input	retain count=0; optional separate marker-gene/literature search	0	0	0	0	0	0	no_confirmed_ncbi_match	no_confirmed_public_sequence	no	missing_context_metadata	Saccharum officinarum	Mauritius									
NCPPB 185	present_in_both	Xanthomonas axonopodis pv. vasculorum (Cobb 1893) Vauterin et al. 1995	Xanthomonas	current_xanthomonas	P3	no_confirmed_public_sequence	no_genome_input	retain count=0; optional separate marker-gene/literature search	0	0	0	0	0	0	no_confirmed_ncbi_match	no_confirmed_public_sequence	no	missing_context_metadata	Dictyospermaalbum	Mauritius									
NCPPB 186	present_in_both	Xanthomonas axonopodis pv. vasculorum (Cobb 1893) Vauterin et al. 1995	Xanthomonas	current_xanthomonas	P3	no_confirmed_public_sequence	no_genome_input	retain count=0; optional separate marker-gene/literature search	0	0	0	0	0	0	no_confirmed_ncbi_match	no_confirmed_public_sequence	no	missing_context_metadata	Thysanolaena maxima	Mauritius									
NCPPB 187	present_in_both	Xanthomonas axonopodis pv. vasculorum (Cobb 1893) Vauterin et al. 1995	Xanthomonas	current_xanthomonas	P3	no_confirmed_public_sequence	no_genome_input	retain count=0; optional separate marker-gene/literature search	0	0	0	0	0	0	no_confirmed_ncbi_match	no_confirmed_public_sequence	no	missing_context_metadata	Roystonea regia	Mauritius									
NCPPB 195	present_in_both	Xanthomonas vesicatoria (ex Doidge 1920) Vauterin et al. 1995	Xanthomonas	current_xanthomonas	P3	no_confirmed_public_sequence	no_genome_input	retain count=0; optional separate marker-gene/literature search	0	0	0	0	0	0	no_confirmed_ncbi_match	no_confirmed_public_sequence	no	missing_context_metadata		Israel									
NCPPB 196	present_in_both	Xanthomonas campestris pv. campestris (Pammel 1895) Dowson 1939	Xanthomonas	current_xanthomonas	P3	no_confirmed_public_sequence	no_genome_input	retain count=0; optional separate marker-gene/literature search	0	0	0	0	0	0	no_confirmed_ncbi_match	no_confirmed_public_sequence	no	missing_context_metadata	Brassica oleracea var. capitata	Mauritius									
NCPPB 200	present_in_both	Xanthomonas citri pv. malvacearum (Smith 1901) Constantin et al. 2016 comb. nov.	Xanthomonas	current_xanthomonas	P3	no_confirmed_public_sequence	no_genome_input	retain count=0; optional separate marker-gene/literature search	0	0	0	0	0	0	no_confirmed_ncbi_match	no_confirmed_public_sequence	no	missing_context_metadata	Gossypium sp.	Sudan									
NCPPB 205	present_in_both	Xanthomonas hyacinthi (Wakker 1883) Vauterin et al. 1995	Xanthomonas	current_xanthomonas	P3	no_confirmed_public_sequence	no_genome_input	retain count=0; optional separate marker-gene/literature search	0	0	0	0	0	0	no_confirmed_ncbi_match	no_confirmed_public_sequence	no	missing_context_metadata	Hyacinthus orientalis.	Netherlands									
NCPPB 206	present_in_both	Xanthomonas vasicola pv. vasculorum (Cobb 1894) Lang et al. 2017	Xanthomonas	current_xanthomonas	P3	assembly_available_qc_required	automatic_candidate_after_genome_qc	download selected assembly; complete QC, contamination screening, ANI and deduplication	2	2	2	2	2	0	confirmed_sequence_available	assembly_available_qc_required	no	partial_context_metadata	Zea mays	South Africa	Zea mays	South Africa		SAMN36357966; SAMN00991256	GCF_000278035.1; GCF_030551425.2	SRR25194059; SRR494500	GCF_030551425.2; GCF_000278035.1	SRR25194059; SRR494500	
NCPPB 208	present_in_both	Xanthomonas albilineans (Ashby 1929) Dowson 1943	Xanthomonas	current_xanthomonas	P3	no_confirmed_public_sequence	no_genome_input	retain count=0; optional separate marker-gene/literature search	0	0	0	0	0	0	no_confirmed_ncbi_match	no_confirmed_public_sequence	no	missing_context_metadata	Paspalum dilatatum	Mauritius									
NCPPB 210	present_in_both	Xanthomonas citri pv. malvacearum (Smith 1901) Constantin et al. 2016 comb. nov.	Xanthomonas	current_xanthomonas	P3	no_confirmed_public_sequence	no_genome_input	retain count=0; optional separate marker-gene/literature search	0	0	0	0	0	0	no_confirmed_ncbi_match	no_confirmed_public_sequence	no	missing_context_metadata		India									
NCPPB 211	present_in_both	Xanthomonas citri pv. citri (Hasse 1915) Constantin 2016 comb. nov.	Xanthomonas	current_xanthomonas	P3	assembly_available_qc_required	automatic_candidate_after_genome_qc	download selected assembly; complete QC, contamination screening, ANI and deduplication	1	1	1	1	1	0	confirmed_sequence_available	assembly_available_qc_required	no	complete_host_geography_date_source		India	Citrus sp.	India	1948	SAMN13783128	GCF_014798375.1	SRR11234665	GCF_014798375.1	SRR11234665	
NCPPB 212	present_in_both	Xanthomonas citri pv. mangiferaeindicae (Patel et al. 1948) Constantin et al. 2016 comb. nov.	Xanthomonas	current_xanthomonas	P3	no_confirmed_public_sequence	no_genome_input	retain count=0; optional separate marker-gene/literature search	0	0	0	0	0	0	no_confirmed_ncbi_match	no_confirmed_public_sequence	no	missing_context_metadata		India									
NCPPB 220	present_in_both	Xanthomonas phaseoli pv. phaseoli (Smith 1897) Constantin et al. 2016 comb. nov.	Xanthomonas	current_xanthomonas	P3	assembly_available_qc_required	automatic_candidate_after_genome_qc	download selected assembly; complete QC, contamination screening, ANI and deduplication	1	1	1	1	1	0	confirmed_sequence_available	assembly_available_qc_required	no	partial_context_metadata		USA	Phaseolus vulgaris	USA		SAMN03262509	GCF_000808715.2	SRR2052885	GCF_000808715.2	SRR2052885	
NCPPB 226	present_in_both	Xanthomonas citri pv. citri (Hasse 1915) Constantin 2016 comb. nov.	Xanthomonas	current_xanthomonas	P3	assembly_available_qc_required	automatic_candidate_after_genome_qc	download selected assembly; complete QC, contamination screening, ANI and deduplication	1	1	1	1	1	0	confirmed_sequence_available	assembly_available_qc_required	no	complete_host_geography_date_source		New Zealand	Citrus sp.	New Zealand	1949	SAMN13783184	GCF_014797395.1	SRR11234664	GCF_014797395.1	SRR11234664	
NCPPB 230	present_in_both	Xanthomonas hortorum pv. carotae (Kendrick 1934) Vauterin et al. 1995	Xanthomonas	current_xanthomonas	P2	species_or_pathovar_unresolved	conditional_release_for_genus_tree_qc_ani_only	prioritize ANI/GTDB, original publication and host review; label tree tip species_assignment_under_review	1	1	2	0	0	7	linked_sequence_blocked_pending_taxonomy_review	taxonomy_review_required_before_use	yes	partial_context_metadata		USA	Not collected	USA	1949	SAMN40354569	GCF_040202495.1	SRR28281421; SRR30293564			01_taxonomy_pathovar_audit_49.tsv
NCPPB 232	present_in_both	Xanthomonas hortorum pv. vitians Morinière et al. 2020	Xanthomonas	current_xanthomonas	P3	assembly_available_qc_required	automatic_candidate_after_genome_qc	download selected assembly; complete QC, contamination screening, ANI and deduplication	1	1	2	1	2	0	confirmed_sequence_available	assembly_available_qc_required	no	partial_context_metadata		USA	Lactuca sp.		1949	SAMEA6962647	GCF_903978195.1	ERR4326259; ERR4327117	GCF_903978195.1	ERR4326259; ERR4327117	
NCPPB 240	present_in_both	Xanthomonas campestris pv. campestris (Pammel 1895) Dowson 1939	Xanthomonas	current_xanthomonas	P3	no_confirmed_public_sequence	no_genome_input	retain count=0; optional separate marker-gene/literature search	0	0	0	0	0	0	no_confirmed_ncbi_match	no_confirmed_public_sequence	no	missing_context_metadata	Brassica napus	UK									
NCPPB 241	present_in_both	Xanthomonas axonopodis pv. begoniae (Takimoto 1934) Vauterin et al. 1995	Xanthomonas	current_xanthomonas	P3	no_confirmed_public_sequence	no_genome_input	retain count=0; optional separate marker-gene/literature search	0	0	0	0	0	0	no_confirmed_ncbi_match	no_confirmed_public_sequence	no	missing_context_metadata		USA									
NCPPB 243	present_in_both	Xanthomonas euvesicatoria pv. uppalii (Patel 1948) Harrison et al. 2023	Xanthomonas	current_xanthomonas	P3	no_confirmed_public_sequence	no_genome_input	retain count=0; optional separate marker-gene/literature search	0	0	0	0	0	0	no_confirmed_ncbi_match	no_confirmed_public_sequence	no	missing_context_metadata	Ipomea muricata	India									
NCPPB 273	present_in_both	Xanthomonas arboricola pv. pruni (Smith 1903) Vauterin et al. 1995	Xanthomonas	current_xanthomonas	P3	no_confirmed_public_sequence	no_genome_input	retain count=0; optional separate marker-gene/literature search	0	0	0	0	0	0	no_confirmed_ncbi_match	no_confirmed_public_sequence	no	missing_context_metadata		USA									
NCPPB 279	present_in_both	Xanthomonas campestris pv. campestris (Pammel 1895) Dowson 1939	Xanthomonas	current_xanthomonas	P3	no_confirmed_public_sequence	no_genome_input	retain count=0; optional separate marker-gene/literature search	0	0	0	0	0	0	no_confirmed_ncbi_match	no_confirmed_public_sequence	no	missing_context_metadata	Brassica oleracea var. capitata	Malawi									
NCPPB 290	present_in_both	Xanthomonas albilineans (Ashby 1929) Dowson 1943	Xanthomonas	current_xanthomonas	P3	no_confirmed_public_sequence	no_genome_input	retain count=0; optional separate marker-gene/literature search	0	0	0	0	0	0	no_confirmed_ncbi_match	no_confirmed_public_sequence	no	missing_context_metadata	Saccharum officinarum	Guyana									
NCPPB 293	present_in_both	Xanthomonas citri pv. malvacearum (Smith 1901) Constantin et al. 2016 comb. nov.	Xanthomonas	current_xanthomonas	P3	no_confirmed_public_sequence	no_genome_input	retain count=0; optional separate marker-gene/literature search	0	0	0	0	0	0	no_confirmed_ncbi_match	no_confirmed_public_sequence	no	missing_context_metadata	Gossypium sp.	South Africa									
NCPPB 301	present_in_both	Xanthomonas phaseoli pv. phaseoli (Smith 1897) Constantin et al. 2016 comb. nov.	Xanthomonas	current_xanthomonas	P3	assembly_available_qc_required	automatic_candidate_after_genome_qc	download selected assembly; complete QC, contamination screening, ANI and deduplication	1	1	1	1	1	0	confirmed_sequence_available	assembly_available_qc_required	no	complete_host_geography_date_source		Canada	Phaseolus vulgaris	Canada	1951	SAMN03175018	GCF_000785945.1	SRR2052879	GCF_000785945.1	SRR2052879	
NCPPB 302	present_in_both	Xanthomonas phaseoli pv. phaseoli (Smith 1897) Constantin et al. 2016 comb. nov.	Xanthomonas	current_xanthomonas	P3	no_confirmed_public_sequence	no_genome_input	retain count=0; optional separate marker-gene/literature search	0	0	0	0	0	0	no_confirmed_ncbi_match	no_confirmed_public_sequence	no	missing_context_metadata		Canada									
NCPPB 305	present_in_both	Xanthomonas hortorum pv. pelargonii (Brown 1923) Vauterin et al. 1995	Xanthomonas	current_xanthomonas	P3	no_confirmed_public_sequence	no_genome_input	retain count=0; optional separate marker-gene/literature search	0	0	0	0	0	0	no_confirmed_ncbi_match	no_confirmed_public_sequence	no	missing_context_metadata		Denmark									
NCPPB 315	present_in_both	Xanthomonas citri pv. malvacearum (Smith 1901) Constantin et al. 2016 comb. nov.	Xanthomonas	current_xanthomonas	P3	no_confirmed_public_sequence	no_genome_input	retain count=0; optional separate marker-gene/literature search	0	0	0	0	0	0	no_confirmed_ncbi_match	no_confirmed_public_sequence	no	missing_context_metadata	Gossypium sp.	Uganda									
NCPPB 347	present_in_both	Xanthomonas campestris pv. armoraciae (McCulloch 1929) Dye 1978	Xanthomonas	current_xanthomonas	P3	assembly_available_qc_required	automatic_candidate_after_genome_qc	download selected assembly; complete QC, contamination screening, ANI and deduplication	2	1	2	1	2	0	confirmed_sequence_available	assembly_available_qc_required	no	partial_context_metadata	Iberis sp.	Tanzania	Iberis sp.	Tanzania	1954	SAMN22552829; SAMN17385947	GCF_020731405.1	SRR14648465; SRR29823152	GCF_020731405.1	SRR29823152; SRR14648465	
NCPPB 348	present_in_both	Xanthomonas phaseoli pv. manihotis (Bondar 1912) Constantin et al. 2016 comb. nov.	Xanthomonas	current_xanthomonas	P3	no_confirmed_public_sequence	no_genome_input	retain count=0; optional separate marker-gene/literature search	0	0	0	0	0	0	no_confirmed_ncbi_match	no_confirmed_public_sequence	no	missing_context_metadata											
NCPPB 362	present_in_both	Xanthomonas arboricola pv. juglandis (Pierce 1901) Vauterin et al. 1995	Xanthomonas	current_xanthomonas	P3	no_confirmed_public_sequence	no_genome_input	retain count=0; optional separate marker-gene/literature search	0	0	0	0	0	0	no_confirmed_ncbi_match	no_confirmed_public_sequence	no	missing_context_metadata	Juglans regia	UK									
NCPPB 381	present_in_both	Xanthomonas citri pv. fuscans (Schaad et al. 2007) Constantin et al. 2016 comb. nov.	Xanthomonas	current_xanthomonas	P1	manual_review_required_non_audit	not_automatically_usable	review the remaining identity/taxonomy reason in manual_review_candidates.tsv; approve or reject before sequence use	4	4	6	3	4	7	confirmed_sequence_available	assembly_available_qc_required	yes	complete_host_geography_date_source	Phaseolus vulgaris	Canada	Phaseolus vulgaris; bean	Canada; Belgium: Merelbeke	1957; 2014	SAMN03142398; SAMN40354536; SAMN06829306; SAMN02903172	GCF_000788075.1; GCF_001401605.1; GCF_002759215.2; GCF_040202995.2	SRR13975653; SRR13997422; SRR1510073; SRR2052644; SRR28281417; SRR30293625	GCF_000788075.1; GCF_040202995.2; GCF_001401605.1	SRR2052644; SRR28281417; SRR30293625; SRR1510073	
NCPPB 400	present_in_both	Xanthomonas hortorum pv. pelargonii (Brown 1923) Vauterin et al. 1995	Xanthomonas	current_xanthomonas	P3	no_confirmed_public_sequence	no_genome_input	retain count=0; optional separate marker-gene/literature search	0	0	0	0	0	0	no_confirmed_ncbi_match	no_confirmed_public_sequence	no	missing_context_metadata	Pelargonium zonale	Denmark									
NCPPB 403	present_in_both	Xanthomonas campestris pv. campestris (Pammel 1895) Dowson 1939	Xanthomonas	current_xanthomonas	P3	no_confirmed_public_sequence	no_genome_input	retain count=0; optional separate marker-gene/literature search	0	0	0	0	0	0	no_confirmed_ncbi_match	no_confirmed_public_sequence	no	missing_context_metadata	Brassica sp.	New Zealand									
NCPPB 404	present_in_both	Xanthomonas campestris pv. campestris (Pammel 1895) Dowson 1939	Xanthomonas	current_xanthomonas	P3	assembly_available_qc_required	automatic_candidate_after_genome_qc	download selected assembly; complete QC, contamination screening, ANI and deduplication	1	1	1	1	1	0	confirmed_sequence_available	assembly_available_qc_required	no	partial_context_metadata	Brassica napobrassica	New Zealand	Brassica napus subsp. rapifera	New Zealand	1953	SAMN36346971	GCA_035026745.1	SRR25183330	GCA_035026745.1	SRR25183330	
NCPPB 405	present_in_both	Xanthomonas citri pv. citri (Hasse 1915) Constantin 2016 comb. nov.	Xanthomonas	current_xanthomonas	P3	no_confirmed_public_sequence	no_genome_input	retain count=0; optional separate marker-gene/literature search	0	0	0	0	0	0	no_confirmed_ncbi_match	no_confirmed_public_sequence	no	missing_context_metadata	Citrus sp.	New Zealand									
NCPPB 406	present_in_both	Xanthomonas citri pv. citri (Hasse 1915) Constantin 2016 comb. nov.	Xanthomonas	current_xanthomonas	P3	assembly_available_qc_required	automatic_candidate_after_genome_qc	download selected assembly; complete QC, contamination screening, ANI and deduplication	1	1	1	1	1	0	confirmed_sequence_available	assembly_available_qc_required	no	complete_host_geography_date_source	Citrus sp.(New Zealand grapefruit)	New Zealand	Citrus sp.	New Zealand	1957	SAMN13783185	GCF_014797385.1	SRR11234661	GCF_014797385.1	SRR11234661	
NCPPB 407	present_in_both	Xanthomonas citri pv. citri (Hasse 1915) Constantin 2016 comb. nov.	Xanthomonas	current_xanthomonas	P3	no_confirmed_public_sequence	no_genome_input	retain count=0; optional separate marker-gene/literature search	0	0	0	0	0	0	no_confirmed_ncbi_match	no_confirmed_public_sequence	no	missing_context_metadata	Citrus sp.	New Zealand									
NCPPB 408	present_in_both	Xanthomonas citri pv. citri (Hasse 1915) Constantin 2016 comb. nov.	Xanthomonas	current_xanthomonas	P3	no_confirmed_public_sequence	no_genome_input	retain count=0; optional separate marker-gene/literature search	0	0	0	0	0	0	no_confirmed_ncbi_match	no_confirmed_public_sequence	no	missing_context_metadata	Citrus reticulata	New Zealand									
NCPPB 409	present_in_both	Xanthomonas citri (Hasse 1915) Gabriel et al. 1989	Xanthomonas	current_xanthomonas	P3	assembly_available_qc_required	automatic_candidate_after_genome_qc	download selected assembly; complete QC, contamination screening, ANI and deduplication	2	2	2	2	2	0	confirmed_sequence_available	assembly_available_qc_required	no	complete_host_geography_date_source	Citrus limon	New Zealand	Citrus x limon	New Zealand	1956	SAMEA114331998; SAMN13783182	GCF_014797425.1; GCF_963669875.1	ERR12095337; SRR11234614	GCF_963669875.1; GCF_014797425.1	ERR12095337; SRR11234614	
NCPPB 410	present_in_both	Xanthomonas citri pv. citri (Hasse 1915) Constantin 2016 comb. nov.	Xanthomonas	current_xanthomonas	P3	no_confirmed_public_sequence	no_genome_input	retain count=0; optional separate marker-gene/literature search	0	0	0	0	0	0	no_confirmed_ncbi_match	no_confirmed_public_sequence	no	missing_context_metadata	Citrus sinensis	New Zealand									
NCPPB 411	present_in_both	Xanthomonas arboricola pv. juglandis (Pierce 1901) Vauterin et al. 1995	Xanthomonas	current_xanthomonas	P3	assembly_available_qc_required	automatic_candidate_after_genome_qc	download selected assembly; complete QC, contamination screening, ANI and deduplication	2	1	0	1	0	0	confirmed_sequence_available	assembly_available_qc_required	no	complete_host_geography_date_source	Juglans regia	New Zealand	Juglandis regia; Juglans regia	New Zealand	1956	SAMN43400626; SAMN03352151	GCF_001013475.1		GCF_001013475.1		
NCPPB 412	present_in_both	Xanthomonas arboricola pv. juglandis (Pierce 1901) Vauterin et al. 1995	Xanthomonas	current_xanthomonas	P3	no_confirmed_public_sequence	no_genome_input	retain count=0; optional separate marker-gene/literature search	0	0	0	0	0	0	no_confirmed_ncbi_match	no_confirmed_public_sequence	no	missing_context_metadata	Juglans regia	New Zealand									
NCPPB 414	present_in_both	Xanthomonas arboricola pv. juglandis (Pierce 1901) Vauterin et al. 1995	Xanthomonas	current_xanthomonas	P3	no_confirmed_public_sequence	no_genome_input	retain count=0; optional separate marker-gene/literature search	0	0	0	0	0	0	no_confirmed_ncbi_match	no_confirmed_public_sequence	no	missing_context_metadata	Juglans regia	New Zealand									
NCPPB 415	present_in_both	Xanthomonas arboricola pv. juglandis (Pierce 1901) Vauterin et al. 1995	Xanthomonas	current_xanthomonas	P3	no_confirmed_public_sequence	no_genome_input	retain count=0; optional separate marker-gene/literature search	0	0	0	0	0	0	no_confirmed_ncbi_match	no_confirmed_public_sequence	no	missing_context_metadata	Juglans regia	New Zealand									
NCPPB 416	present_in_both	Xanthomonas arboricola pv. pruni (Smith 1903) Vauterin et al. 1995	Xanthomonas	current_xanthomonas	P3	assembly_available_qc_required	automatic_candidate_after_genome_qc	download selected assembly; complete QC, contamination screening, ANI and deduplication	3	1	3	1	3	0	confirmed_sequence_available	assembly_available_qc_required	no	partial_context_metadata	Prunus sp. cv. Victory	New Zealand	Prunus salicina	New Zealand	1953	SAMN41996497; SAMN39942831; SAMN00188641	GCF_041464225.1	SRR27966376; SRR29500231; SRR30016867	GCF_041464225.1	SRR29500231; SRR30016867; SRR27966376	
NCPPB 418	present_in_both	Xanthomonas arboricola pv. pruni (Smith 1903) Vauterin et al. 1995	Xanthomonas	current_xanthomonas	P3	no_confirmed_public_sequence	no_genome_input	retain count=0; optional separate marker-gene/literature search	0	0	0	0	0	0	no_confirmed_ncbi_match	no_confirmed_public_sequence	no	missing_context_metadata	Prunus salicina	New Zealand									
NCPPB 419	present_in_both	Xanthomonas arboricola pv. pruni (Smith 1903) Vauterin et al. 1995	Xanthomonas	current_xanthomonas	P3	no_confirmed_public_sequence	no_genome_input	retain count=0; optional separate marker-gene/literature search	0	0	0	0	0	0	no_confirmed_ncbi_match	no_confirmed_public_sequence	no	missing_context_metadata	Prunus persica.	New Zealand									
NCPPB 420	present_in_both	Xanthomonas arboricola pv. pruni (Smith 1903) Vauterin et al. 1995	Xanthomonas	current_xanthomonas	P3	no_confirmed_public_sequence	no_genome_input	retain count=0; optional separate marker-gene/literature search	0	0	0	0	0	0	no_confirmed_ncbi_match	no_confirmed_public_sequence	no	missing_context_metadata	Prunus persica	New Zealand									
NCPPB 421	present_in_both	Xanthomonas arboricola pv. pruni (Smith 1903) Vauterin et al. 1995	Xanthomonas	current_xanthomonas	P3	no_confirmed_public_sequence	no_genome_input	retain count=0; optional separate marker-gene/literature search	0	0	0	0	0	0	no_confirmed_ncbi_match	no_confirmed_public_sequence	no	missing_context_metadata	Prunus salicina	New Zealand									
NCPPB 422	present_in_both	Xanthomonas vesicatoria (ex Doidge 1920) Vauterin et al. 1995	Xanthomonas	current_xanthomonas	P3	assembly_available_qc_required	automatic_candidate_after_genome_qc	download selected assembly; complete QC, contamination screening, ANI and deduplication	2	2	0	2	0	0	confirmed_sequence_available	assembly_available_qc_required	no	partial_context_metadata	Solanum lycopersicum	New Zealand	Solanum lycopersicum	New Zealand	1955	SAMN02471773; SAMN05823154	GCF_000192025.1; GCF_001908725.1		GCF_000192025.1; GCF_001908725.1		
NCPPB 423	present_in_both	Xanthomonas vesicatoria (ex Doidge 1920) Vauterin et al. 1995	Xanthomonas	current_xanthomonas	P3	no_confirmed_public_sequence	no_genome_input	retain count=0; optional separate marker-gene/literature search	0	0	0	0	0	0	no_confirmed_ncbi_match	no_confirmed_public_sequence	no	missing_context_metadata	Solanum lycopersicum	New Zealand									
NCPPB 424	present_in_both	Xanthomonas vesicatoria (ex Doidge 1920) Vauterin et al. 1995	Xanthomonas	current_xanthomonas	P3	no_confirmed_public_sequence	no_genome_input	retain count=0; optional separate marker-gene/literature search	0	0	0	0	0	0	no_confirmed_ncbi_match	no_confirmed_public_sequence	no	missing_context_metadata	Solanum lycopersicum	New Zealand									
NCPPB 425	present_in_both	Xanthomonas hortorum pv. carotae (Kendrick 1934) Vauterin et al. 1995	Xanthomonas	current_xanthomonas	P2	species_or_pathovar_unresolved	conditional_release_for_genus_tree_qc_ani_only	prioritize ANI/GTDB, original publication and host review; label tree tip species_assignment_under_review	1	0	1	0	0	3	linked_sequence_blocked_pending_taxonomy_review	taxonomy_review_required_before_use	yes	partial_context_metadata		Canada	Not collected	Canada	1967	SAMN40354566		SRR28281424			01_taxonomy_pathovar_audit_49.tsv
NCPPB 457	present_in_both	Xanthomonas axonopodis pv. axonopodis Starr & Garces 1950	Xanthomonas	current_xanthomonas	P3	assembly_available_qc_required	automatic_candidate_after_genome_qc	download selected assembly; complete QC, contamination screening, ANI and deduplication	1	1	1	1	1	0	confirmed_sequence_available	assembly_available_qc_required	no	partial_context_metadata	Axonopus scoparius	Colombia		Belgium: Merelbeke	2014	SAMN02903173	GCF_001401595.1	SRR1509983	GCF_001401595.1	SRR1509983	
NCPPB 464	present_in_both	Xanthomonas campestris pv. olitorii (Sabet 1957) Dye 1978	Xanthomonas	current_xanthomonas	P3	assembly_available_qc_required	automatic_candidate_after_genome_qc	download selected assembly; complete QC, contamination screening, ANI and deduplication	2	2	4	2	4	0	confirmed_sequence_available	assembly_available_qc_required	no	partial_context_metadata	Corchorus olitorius	Sudan	Corchorus olitorius	Sudan	1956	SAMN41997686; SAMN19988989	GCA_019201065.3; GCA_041281645.2	SRR15305434; SRR27397079; SRR29501486; SRR30017108	GCA_041281645.2; GCA_019201065.3	SRR29501486; SRR30017108; SRR15305434; SRR27397079	
NCPPB 465	present_in_both	Xanthomonas campestris pv. olitorii (Sabet 1957) Dye 1978	Xanthomonas	current_xanthomonas	P3	assembly_available_qc_required	automatic_candidate_after_genome_qc	download selected assembly; complete QC, contamination screening, ANI and deduplication	1	1	2	1	2	0	confirmed_sequence_available	assembly_available_qc_required	no	partial_context_metadata	Corchorus olitorius	Sudan	Corchorus olitorius	Sudan	1956	SAMN41997687	GCA_041464235.1	SRR29501485; SRR30017107	GCA_041464235.1	SRR29501485; SRR30017107	
NCPPB 466	present_in_both	Xanthomonas citri pv. punicae (Hingorani & Singh 1959) Constantin et al. 2016 comb. nov.	Xanthomonas	current_xanthomonas	P3	assembly_available_qc_required	automatic_candidate_after_genome_qc	download selected assembly; complete QC, contamination screening, ANI and deduplication	2	1	0	1	0	0	confirmed_sequence_available	assembly_available_qc_required	no	partial_context_metadata	Punica granatum	India	Punica granatum	India	1957	SAMN09425328; SAMEA3138416	GCF_000285775.1		GCF_000285775.1		
NCPPB 473	present_in_both	Xanthomonas citri pv. punicae (Hingorani & Singh 1959) Constantin et al. 2016 comb. nov.	Xanthomonas	current_xanthomonas	P3	no_confirmed_public_sequence	no_genome_input	retain count=0; optional separate marker-gene/literature search	0	0	0	0	0	0	no_confirmed_ncbi_match	no_confirmed_public_sequence	no	missing_context_metadata	Punica granatum	India									
NCPPB 476	present_in_both	Xanthomonas vesicatoria (ex Doidge 1920) Vauterin et al. 1995	Xanthomonas	current_xanthomonas	P3	no_confirmed_public_sequence	no_genome_input	retain count=0; optional separate marker-gene/literature search	0	0	0	0	0	0	no_confirmed_ncbi_match	no_confirmed_public_sequence	no	missing_context_metadata	Capsicum frutescens var. tongum (chilli)	India									
NCPPB 477	present_in_both	Xanthomonas citri pv. trichodesmae (Patel et al.1952) Harrison et al. 2023	Xanthomonas	current_xanthomonas	P3	no_confirmed_public_sequence	no_genome_input	retain count=0; optional separate marker-gene/literature search	0	0	0	0	0	0	no_confirmed_ncbi_match	no_confirmed_public_sequence	no	missing_context_metadata	Trichodesma zeylanicum	India									
NCPPB 478	present_in_both	Xanthomonas axonopodis pv. cassiae (Kulkarni et al. 1951) Vauterin et al. 1995	Xanthomonas	current_xanthomonas	P3	assembly_available_qc_required	automatic_candidate_after_genome_qc	download selected assembly; complete QC, contamination screening, ANI and deduplication	1	1	1	1	1	0	confirmed_sequence_available	assembly_available_qc_required	no	partial_context_metadata	Cassia tora	India	Senna tora	India		SAMN42178451	GCF_053646535.1	SRR29654630	GCF_053646535.1	SRR29654630	
NCPPB 479	present_in_both	Xanthomonas axonopodis pv. melhusii (Patel et al. 1952) Vauterin et al. 1995	Xanthomonas	current_xanthomonas	P3	no_confirmed_public_sequence	no_genome_input	retain count=0; optional separate marker-gene/literature search	0	0	0	0	0	0	no_confirmed_ncbi_match	no_confirmed_public_sequence	no	missing_context_metadata	Tectona grandis	India									
NCPPB 480	present_in_both	Xanthomonas euvesicatoria pv. alfalfae (ex Riker et al. 1935) Constantin et al. 2016 comb. nov.	Xanthomonas	current_xanthomonas	P3	no_confirmed_public_sequence	no_genome_input	retain count=0; optional separate marker-gene/literature search	0	0	0	0	0	0	no_confirmed_ncbi_match	no_confirmed_public_sequence	no	missing_context_metadata	Medicago sativa	India									
NCPPB 481	present_in_both	Xanthomonas axonopodis pv. desmodii (Patel 1949) Vauterin et al. 1995	Xanthomonas	current_xanthomonas	P1	explicit_pathovar_conflict	conditional_release_for_genus_tree_qc_ani_only	check original culture/publication and host; calculate ANI/GTDB; require independent evidence before using any pathovar label	1	0	2	0	0	4	linked_sequence_blocked_pending_taxonomy_review	taxonomy_review_required_before_use	yes	partial_context_metadata	Desmodium diffusum	India	Biophytum sensitivum	India	1967	SAMN42278566		SRR29692761; SRR30016545			01_taxonomy_pathovar_audit_49.tsv
NCPPB 485	present_in_both	Xanthomonas axonopodis pv. betlicola (Patel et al. 1951) Vauterin et al. 1995	Xanthomonas	current_xanthomonas	P2	wgs_reads_require_assembly_and_qc	candidate_after_read_qc_and_assembly	download reads; trim, assemble, then complete genome QC and ANI	1	0	2	0	2	0	confirmed_sequence_available	raw_wgs_reads_require_assembly_and_qc	no	partial_context_metadata	Piper betle	India	Piper betle	India	1953	SAMN42284446		SRR29695153; SRR30036952		SRR29695153; SRR30036952	
NCPPB 488	present_in_both	Xanthomonas axonopodis pv. ricini (Yoshi & Takimoto 1928) Vauterin et al. 1995	Xanthomonas	current_xanthomonas	P3	assembly_available_qc_required	automatic_candidate_after_genome_qc	download selected assembly; complete QC, contamination screening, ANI and deduplication	1	1	2	1	2	0	confirmed_sequence_available	assembly_available_qc_required	no	partial_context_metadata	Ricinus communis	India	Ricinus communis	India		SAMN42178439	GCF_053571405.1	SRR29654670; SRR30041327	GCF_053571405.1	SRR29654670; SRR30041327	
NCPPB 490	present_in_both	Xanthomonas citri pv. mangiferaeindicae (Patel et al. 1948) Constantin et al. 2016 comb. nov.	Xanthomonas	current_xanthomonas	P3	assembly_available_qc_required	automatic_candidate_after_genome_qc	download selected assembly; complete QC, contamination screening, ANI and deduplication	2	2	0	2	0	0	confirmed_sequence_available	assembly_available_qc_required	no	partial_context_metadata	Mangifera indica (Mango)	India	Mango	India	1957	SAMN41471108; SAMEA2272013	GCF_000263335.2; GCF_042638415.1		GCF_042638415.1; GCF_000263335.2		
NCPPB 509	present_in_both	Xanthomonas vesicatoria (ex Doidge 1920) Vauterin et al. 1995	Xanthomonas	current_xanthomonas	P3	assembly_available_qc_required	automatic_candidate_after_genome_qc	download selected assembly; complete QC, contamination screening, ANI and deduplication	1	1	1	1	1	0	confirmed_sequence_available	assembly_available_qc_required	no	complete_host_geography_date_source	Solanum lycopersicum	Zimbabwe	Solanum lycopersicum	Zimbabwe		SAMN03175433	GCF_001469445.1	SRR4717825	GCF_001469445.1	SRR4717825	
NCPPB 510	present_in_both	Xanthomonas albilineans (Ashby 1929) Dowson 1943	Xanthomonas	current_xanthomonas	P3	no_confirmed_public_sequence	no_genome_input	retain count=0; optional separate marker-gene/literature search	0	0	0	0	0	0	no_confirmed_ncbi_match	no_confirmed_public_sequence	no	missing_context_metadata	Saccharum officinarum	Mauritius									
NCPPB 526	present_in_both	Xanthomonas albilineans (Ashby 1929) Dowson 1943	Xanthomonas	current_xanthomonas	P3	no_confirmed_public_sequence	no_genome_input	retain count=0; optional separate marker-gene/literature search	0	0	0	0	0	0	no_confirmed_ncbi_match	no_confirmed_public_sequence	no	missing_context_metadata	Saccharum officinarum	St Lucia									
NCPPB 528	present_in_both	Xanthomonas campestris pv. campestris (Pammel 1895) Dowson 1939	Xanthomonas	current_xanthomonas	P3	assembly_available_qc_required	automatic_candidate_after_genome_qc	download selected assembly; complete QC, contamination screening, ANI and deduplication	3	3	2	3	2	0	confirmed_sequence_available	assembly_available_qc_required	no	partial_context_metadata	Brassica oleracea var. gemmifera	UK	Brassica oleracea var. gemmifera; Brassica oleracea	United Kingdom	1957	SAMN22552834; SAMN36368329; SAMN02603845	GCA_035023825.1; GCF_000007145.1; GCF_020813135.1	SRR25205299; SRR29823160	GCF_020813135.1; GCA_035023825.1; GCF_000007145.1	SRR29823160; SRR25205299	
NCPPB 529	present_in_both	Xanthomonas campestris pv. campestris (Pammel 1895) Dowson 1939	Xanthomonas	current_xanthomonas	P3	assembly_available_qc_required	automatic_candidate_after_genome_qc	download selected assembly; complete QC, contamination screening, ANI and deduplication	1	1	1	1	1	0	confirmed_sequence_available	assembly_available_qc_required	no	partial_context_metadata	Brassica oleracea var. capitata	UK	Brassica oleracea	United Kingdom	1957	SAMN36346972	GCA_035026845.1	SRR25183329	GCA_035026845.1	SRR25183329	
NCPPB 535	present_in_both	Xanthomonas axonopodis pv. ricini (Yoshi & Takimoto 1928) Vauterin et al. 1995	Xanthomonas	current_xanthomonas	P3	assembly_available_qc_required	automatic_candidate_after_genome_qc	download selected assembly; complete QC, contamination screening, ANI and deduplication	1	1	2	1	2	0	confirmed_sequence_available	assembly_available_qc_required	no	partial_context_metadata	Ricinus communis	Sudan	Ricinus communis	Sudan	1957	SAMN42178440	GCF_041463965.1	SRR29654669; SRR30041326	GCF_041463965.1	SRR29654669; SRR30041326	
NCPPB 536	present_in_both	Xanthomonas axonopodis pv. khayae (Sabet 1959) Vauterin et al. 1995	Xanthomonas	current_xanthomonas	P3	assembly_available_qc_required	automatic_candidate_after_genome_qc	download selected assembly; complete QC, contamination screening, ANI and deduplication	1	1	2	1	2	0	confirmed_sequence_available	assembly_available_qc_required	no	partial_context_metadata	Khaya senegalensis (mahogany)	Sudan	Khaya senegalensis	Sudan		SAMN42284536	GCF_053615305.1	SRR29695060; SRR30037788	GCF_053615305.1	SRR29695060; SRR30037788	
NCPPB 554	present_in_both	Xanthomonas citri pv. glycines (Nakano 1919) Constantin et al. 2016 comb. nov.	Xanthomonas	current_xanthomonas	P3	assembly_available_qc_required	automatic_candidate_after_genome_qc	download selected assembly; complete QC, contamination screening, ANI and deduplication	2	2	2	2	2	0	confirmed_sequence_available	assembly_available_qc_required	no	partial_context_metadata	Glycine max	Sudan	Glycine	Sudan	1956	SAMN02469936; SAMN18397212	GCF_000495275.1; GCF_017723855.1	SRR14026742; SRR14028219	GCF_000495275.1; GCF_017723855.1	SRR14026742; SRR14028219	
NCPPB 555	present_in_both	Xanthomonas citri pv. vignicola (Burkholder 1944) Constantin et al. 2016 comb. nov.	Xanthomonas	current_xanthomonas	P3	no_confirmed_public_sequence	no_genome_input	retain count=0; optional separate marker-gene/literature search	0	0	0	0	0	0	no_confirmed_ncbi_match	no_confirmed_public_sequence	no	missing_context_metadata	Vigna unguiculata	Sudan									
NCPPB 556	present_in_both	Xanthomonas axonopodis Starr & Garcés 1950	Xanthomonas	current_xanthomonas	P1	manual_review_required_non_audit	not_automatically_usable	review the remaining identity/taxonomy reason in manual_review_candidates.tsv; approve or reject before sequence use	2	1	3	1	1	4	confirmed_sequence_available	assembly_available_qc_required	yes	complete_host_geography_date_source	Dolichos lablab	Sudan	Lablab purpureus	Sudan	1957	SAMN56511388; SAMN03203484	GCF_000818835.2	SRR2051461; SRR37629069; SRR37789886	GCF_000818835.2	SRR2051461	
NCPPB 557	present_in_both	Xanthomonas axonopodis (Smith 1897) Vauterin et al.1995	Xanthomonas	current_xanthomonas	P1	manual_review_required_non_audit	not_automatically_usable	review the remaining identity/taxonomy reason in manual_review_candidates.tsv; approve or reject before sequence use	2	1	3	1	1	4	confirmed_sequence_available	assembly_available_qc_required	yes	partial_context_metadata	Dolichos lablab	Sudan	Lablab purpureus; Phaseolus vulgaris	Sudan	1957	SAMN56511389; SAMN03257620	GCF_000808655.2	SRR2051462; SRR37629068; SRR37789885	GCF_000808655.2	SRR2051462	
NCPPB 570	present_in_both	Xanthomonas campestris pv. amaranthicola (Patel et al. 1952) Dye 1978	Xanthomonas	current_xanthomonas	P2	wgs_reads_require_assembly_and_qc	candidate_after_read_qc_and_assembly	download reads; trim, assemble, then complete genome QC and ANI	1	0	1	0	1	0	confirmed_sequence_available	raw_wgs_reads_require_assembly_and_qc	no	partial_context_metadata	Amaranthus viridis	India	Amaranthus viridis	India		SAMN42488058		SRR29823100		SRR29823100	
NCPPB 571	present_in_both	Xanthomonas campestris pv. badrii (Patel et al.1950) Dye 1978	Xanthomonas	current_xanthomonas	P3	assembly_available_qc_required	automatic_candidate_after_genome_qc	download selected assembly; complete QC, contamination screening, ANI and deduplication	1	1	1	1	1	0	confirmed_sequence_available	assembly_available_qc_required	no	partial_context_metadata	Xanthium strumarium	India		NA		SAMN14601050	GCF_012848175.1	SRR11568976	GCF_012848175.1	SRR11568976	
NCPPB 573	present_in_both	Xanthomonas axonopodis pv. cajani (Kulkarni et al. 1950) Vauterin et al. 1995	Xanthomonas	current_xanthomonas	P3	assembly_available_qc_required	automatic_candidate_after_genome_qc	download selected assembly; complete QC, contamination screening, ANI and deduplication	1	1	2	1	2	0	confirmed_sequence_available	assembly_available_qc_required	no	partial_context_metadata	Cajanus cajan	India	Cajanus cajan	India	1950	SAMN42284473	GCF_053614595.1	SRR29694809; SRR30037371	GCF_053614595.1	SRR29694809; SRR30037371	
NCPPB 575	present_in_both	Xanthomonas euvesicatoria pv. clerodendri (Patel et al. 1952) Harrison et al. 2023	Xanthomonas	current_xanthomonas	P3	same_pathovar_historical_or_updated_species_name	conditional_release_for_genus_tree_qc_ani_only	calculate ANI/GTDB against suitable references; use NCPPB name as primary label and retain NCBI name as submitted/historical label	1	1	1	0	0	6	linked_sequence_blocked_pending_taxonomy_review	taxonomy_review_required_before_use	yes	partial_context_metadata	Clerodendron sp	India	Clerodendrum sp.	India		SAMN19988990	GCF_019201225.1	SRR15305412			01_taxonomy_pathovar_audit_49.tsv
NCPPB 577	present_in_both	Xanthomonas axonopodis pv. desmodiigangetici (Patel & Moniz 1948) Vauterin et al. 1995	Xanthomonas	current_xanthomonas	P3	assembly_available_qc_required	automatic_candidate_after_genome_qc	download selected assembly; complete QC, contamination screening, ANI and deduplication	1	1	2	1	2	0	confirmed_sequence_available	assembly_available_qc_required	no	partial_context_metadata	Desmodium gangeticum	India	Pleurolobus gangeticus	India	1943	SAMN42278567	GCF_041464215.1	SRR29692759; SRR30016544	GCF_041464215.1	SRR29692759; SRR30016544	
NCPPB 578	present_in_both	Xanthomonas euvesicatoria pv. erythrinae (Patel et al. 1952) Constantin et al. 2016 comb. nov.	Xanthomonas	current_xanthomonas	P3	no_confirmed_public_sequence	no_genome_input	retain count=0; optional separate marker-gene/literature search	0	0	0	0	0	0	no_confirmed_ncbi_match	no_confirmed_public_sequence	no	missing_context_metadata	Erythrina indica	India									
NCPPB 579	present_in_both	Xanthomonas euvesicatoria pv. lawsoniae (Patel et al. 1951) Harrison et al. 2023	Xanthomonas	current_xanthomonas	P3	same_pathovar_historical_or_updated_species_name	conditional_release_for_genus_tree_qc_ani_only	calculate ANI/GTDB against suitable references; use NCPPB name as primary label and retain NCBI name as submitted/historical label	1	1	1	0	0	6	linked_sequence_blocked_pending_taxonomy_review	taxonomy_review_required_before_use	yes	partial_context_metadata	Lawsonia inermis	India	Lawsonia inermis	India		SAMN19988991	GCF_019201185.1	SRR15305414			01_taxonomy_pathovar_audit_49.tsv
NCPPB 581	present_in_both	Xanthomonas axonopodis pv. poinsettiicola (Patel et al. 1951) Vauterin et al. 1995	Xanthomonas	current_xanthomonas	P3	assembly_available_qc_required	automatic_candidate_after_genome_qc	download selected assembly; complete QC, contamination screening, ANI and deduplication	1	1	2	1	2	0	confirmed_sequence_available	assembly_available_qc_required	no	partial_context_metadata	Euphorbia pulcherrima	India	Euphorbia pulcherrima	India	1950	SAMN42178463	GCF_041486685.1	SRR29654624; SRR30037949	GCF_041486685.1	SRR29654624; SRR30037949	
NCPPB 582	present_in_both	Xanthomonas citri pv. sesbaniae (Patel et al. 1952) Constantin et al. 2016 comb. nov.	Xanthomonas	current_xanthomonas	P3	no_confirmed_public_sequence	no_genome_input	retain count=0; optional separate marker-gene/literature search	0	0	0	0	0	0	no_confirmed_ncbi_match	no_confirmed_public_sequence	no	missing_context_metadata	Sesbania aegyptiaca (Egyptian riverhemp)	Unknown									
NCPPB 584	present_in_both	Xanthomonas axonopodis pv. tamarindi (Patel et al. 1951) Vauterin et al. 1995	Xanthomonas	current_xanthomonas	P3	assembly_available_qc_required	automatic_candidate_after_genome_qc	download selected assembly; complete QC, contamination screening, ANI and deduplication	1	1	1	1	1	0	confirmed_sequence_available	assembly_available_qc_required	no	partial_context_metadata	Tamarindus indica	India	Tamarindus indica	India	1950	SAMN42278574	GCF_041466645.1	SRR29692752	GCF_041466645.1	SRR29692752	
NCPPB 585	present_in_both	Xanthomonas citri pv. trichodesmae (Patel et al.1952) Harrison et al. 2023	Xanthomonas	current_xanthomonas	P3	same_pathovar_historical_or_updated_species_name	conditional_release_for_genus_tree_qc_ani_only	calculate ANI/GTDB against suitable references; use NCPPB name as primary label and retain NCBI name as submitted/historical label	1	1	1	0	0	4	linked_sequence_blocked_pending_taxonomy_review	taxonomy_review_required_before_use	yes	partial_context_metadata	Trichodesma zeylanicum	India	Trichodesma zeylanicum	India		SAMN19988994	GCA_019201525.1	SRR15305424			01_taxonomy_pathovar_audit_49.tsv
NCPPB 586	present_in_both	Xanthomonas euvesicatoria pv. uppalii (Patel 1948) Harrison et al. 2023	Xanthomonas	current_xanthomonas	P3	same_pathovar_historical_or_updated_species_name	conditional_release_for_genus_tree_qc_ani_only	calculate ANI/GTDB against suitable references; use NCPPB name as primary label and retain NCBI name as submitted/historical label	1	1	1	0	0	6	linked_sequence_blocked_pending_taxonomy_review	taxonomy_review_required_before_use	yes	partial_context_metadata	Ipomoea muricata	India	Ipomoea muricata	India		SAMN19988992	GCF_019201115.1	SRR15305427			01_taxonomy_pathovar_audit_49.tsv
NCPPB 599	present_in_both	Xanthomonas hyacinthi (Wakker 1883) Vauterin et al. 1995	Xanthomonas	current_xanthomonas	P3	assembly_available_qc_required	automatic_candidate_after_genome_qc	download selected assembly; complete QC, contamination screening, ANI and deduplication	5	4	1	4	1	0	confirmed_sequence_available	assembly_available_qc_required	no	complete_host_geography_date_source	Hyacinthus orientalis	Netherlands	Hyacinthus orientalis	Netherlands; missing; not applicable	1958; 2002; 2022	SAMN12660098; SAMN05560286; SAMN02894432; SAMN43282147; SAMD00253046	GCF_001010435.1; GCF_002939895.1; GCF_009769165.1; GCF_042648025.1	SRR10043048	GCF_009769165.1; GCF_002939895.1; GCF_001010435.1; GCF_042648025.1	SRR10043048	
NCPPB 614	present_in_both	Xanthomonas citri pv. malvacearum (Smith 1901) Schaad et al. 2007	Xanthomonas	current_xanthomonas	P3	no_confirmed_public_sequence	no_genome_input	retain count=0; optional separate marker-gene/literature search	0	0	0	0	0	0	no_confirmed_ncbi_match	no_confirmed_public_sequence	no	missing_context_metadata											
NCPPB 631	present_in_both	Xanthomonas euvesicatoria pv. sesami (Sabet & Dowson 1960) Constantin et al. 2016 comb. nov.	Xanthomonas	current_xanthomonas	P3	no_confirmed_public_sequence	no_genome_input	retain count=0; optional separate marker-gene/literature search	0	0	0	0	0	0	no_confirmed_ncbi_match	no_confirmed_public_sequence	no	missing_context_metadata	Sesamum indicum	Sudan									
NCPPB 633	present_in_both	Xanthomonas citri pv. malvacearum (Smith 1901) Constantin et al. 2016 comb. nov.	Xanthomonas	current_xanthomonas	P3	assembly_available_qc_required	automatic_candidate_after_genome_qc	download selected assembly; complete QC, contamination screening, ANI and deduplication	5	4	6	4	6	0	confirmed_sequence_available	assembly_available_qc_required	no	partial_context_metadata	Gossypium sp	Sudan	Gossypium; Gossypium sp.; Gossypium hirsutum	Sudan	1959; 1994; 1958	SAMN40354537; SAMN40354530; SAMN08729580; SAMN07418358; SAMN22082069	GCF_003064125.1; GCF_027186285.1; GCF_040202075.1; GCF_040202935.2	SRR17318718; SRR28281416; SRR28281454; SRR30293580; SRR5901872; SRR7642345	GCF_040202935.2; GCF_040202075.1; GCF_003064125.1; GCF_027186285.1	SRR28281416; SRR30293580; SRR28281454; SRR7642345; SRR5901872; SRR17318718	
NCPPB 634	present_in_both	Xanthomonas citri pv. malvacearum (Smith 1901) Constantin et al. 2016 comb. nov.	Xanthomonas	current_xanthomonas	P3	no_confirmed_public_sequence	no_genome_input	retain count=0; optional separate marker-gene/literature search	0	0	0	0	0	0	no_confirmed_ncbi_match	no_confirmed_public_sequence	no	missing_context_metadata	Gossypium sp.	Sudan									
NCPPB 637	present_in_both	Xanthomonas axonopodis pv. cyamopsidis (Patel et al.1953) Vauterin et al. 1995	Xanthomonas	current_xanthomonas	P3	assembly_available_qc_required	automatic_candidate_after_genome_qc	download selected assembly; complete QC, contamination screening, ANI and deduplication	1	1	2	1	2	0	confirmed_sequence_available	assembly_available_qc_required	no	partial_context_metadata	Cyamopsis tetragonolobus	India	Cyamopsis tetragonoloba	India		SAMN42180202	GCF_041463595.1	SRR29655428; SRR30037601	GCF_041463595.1	SRR29655428; SRR30037601	
NCPPB 638	present_in_both	Xanthomonas citri pv. vignicola (Burkholder 1944) Constantin et al. 2016 comb. nov.	Xanthomonas	current_xanthomonas	P3	no_confirmed_public_sequence	no_genome_input	retain count=0; optional separate marker-gene/literature search	0	0	0	0	0	0	no_confirmed_ncbi_match	no_confirmed_public_sequence	no	missing_context_metadata	Vigna sinensis	Zimbabwe									
NCPPB 642	present_in_both	Xanthomonas hortorum pv. hederae (Arnaud 1920) Vauterin et al. 1995	Xanthomonas	current_xanthomonas	P3	no_confirmed_public_sequence	no_genome_input	retain count=0; optional separate marker-gene/literature search	0	0	0	0	0	0	no_confirmed_ncbi_match	no_confirmed_public_sequence	no	missing_context_metadata	Hedera helix.	Denmark									
NCPPB 645	present_in_both	Xanthomonas axonopodis pv. cassiae (Kulkarni et al. 1951) Vauterin et al. 1995	Xanthomonas	current_xanthomonas	P3	assembly_available_qc_required	automatic_candidate_after_genome_qc	download selected assembly; complete QC, contamination screening, ANI and deduplication	1	1	2	1	2	0	confirmed_sequence_available	assembly_available_qc_required	no	partial_context_metadata	Cassia acutifolia	Sudan	Senna alexandrina	Sudan	1957	SAMN42178452	GCF_041519365.1	SRR29654629; SRR30037587	GCF_041519365.1	SRR29654629; SRR30037587	
NCPPB 646	present_in_both	Xanthomonas axonopodis pv. khayae (Sabet 1959) Vauterin et al. 1995	Xanthomonas	current_xanthomonas	P1	manual_review_required_non_audit	not_automatically_usable	review the remaining identity/taxonomy reason in manual_review_candidates.tsv; approve or reject before sequence use	1	1	2	1	2	0	confirmed_sequence_available	assembly_available_qc_required	yes	partial_context_metadata	Khaya senegalensis (mahogany)	Sudan	Khaya senegalensis	Sudan	1957	SAMN42284537	GCF_053615295.1	SRR29695059; SRR30037787	GCF_053615295.1	SRR29695059; SRR30037787	
NCPPB 647	present_in_both	Xanthomonas euvesicatoria pv. sesami (Sabet & Dowson 1960) Constantin et al. 2016 comb. nov.	Xanthomonas	current_xanthomonas	P3	no_confirmed_public_sequence	no_genome_input	retain count=0; optional separate marker-gene/literature search	0	0	0	0	0	0	no_confirmed_ncbi_match	no_confirmed_public_sequence	no	missing_context_metadata	Sesamum indicum	Sudan									
NCPPB 648	present_in_both	Xanthomonas euvesicatoria pv. alfalfae (ex Riker et al. 1935) Constantin et al. 2016 comb. nov.	Xanthomonas	current_xanthomonas	P3	no_confirmed_public_sequence	no_genome_input	retain count=0; optional separate marker-gene/literature search	0	0	0	0	0	0	no_confirmed_ncbi_match	no_confirmed_public_sequence	no	missing_context_metadata	Medicago sativa	Sudan									
NCPPB 670	present_in_both	Xanthomonas citri pv. fuscans (Schaad et al. 2007) Constantin et al. 2016 comb. nov.	Xanthomonas	current_xanthomonas	P3	assembly_available_qc_required	automatic_candidate_after_genome_qc	download selected assembly; complete QC, contamination screening, ANI and deduplication	1	1	1	1	1	0	confirmed_sequence_available	assembly_available_qc_required	no	complete_host_geography_date_source	Phaseolus vulgaris	Uganda	Phaseolus vulgaris	Uganda	1958	SAMN03097370	GCF_000764875.1	SRR2052441	GCF_000764875.1	SRR2052441	
NCPPB 701	present_in_both	Xanthomonas vesicatoria (ex Doidge 1920) Vauterin et al. 1995	Xanthomonas	current_xanthomonas	P3	assembly_available_qc_required	automatic_candidate_after_genome_qc	download selected assembly; complete QC, contamination screening, ANI and deduplication	1	1	1	1	1	0	confirmed_sequence_available	assembly_available_qc_required	no	complete_host_geography_date_source	Solanum lycopersicum	Zimbabwe	Solanum lycopersicum	Italy	1956	SAMN03175440	GCF_001469465.1	SRR4718188	GCF_001469465.1	SRR4718188	
NCPPB 702	present_in_both	Xanthomonas vasicola pv. vasculorum (Cobb 1894) Lang et al. 2017	Xanthomonas	current_xanthomonas	P3	assembly_available_qc_required	automatic_candidate_after_genome_qc	download selected assembly; complete QC, contamination screening, ANI and deduplication	2	2	2	2	2	0	confirmed_sequence_available	assembly_available_qc_required	no	partial_context_metadata	Saccharum officinarum	Zimbabwe	Saccharum officinarum	Zimbabwe	1959	SAMN36357969; SAMN00002876	GCF_000159795.2; GCF_030551395.2	SRR020202; SRR25194036	GCF_030551395.2; GCF_000159795.2	SRR25194036; SRR020202	
NCPPB 761	present_in_both	Xanthomonas euvesicatoria pv. physalidicola (Goto & Okabe 1958) Constantin et al. 2016 comb. nov.	Xanthomonas	current_xanthomonas	P3	no_confirmed_public_sequence	no_genome_input	retain count=0; optional separate marker-gene/literature search	0	0	0	0	0	0	no_confirmed_ncbi_match	no_confirmed_public_sequence	no	missing_context_metadata	Physalis alkekengii L. (Bladder cherry / Chinese Lantern)	Unknown									
NCPPB 762	present_in_both	Xanthomonas pisi (ex Goto & Okabe 1958) Vauterin et al. 1995	Xanthomonas	current_xanthomonas	P3	assembly_available_qc_required	automatic_candidate_after_genome_qc	download selected assembly; complete QC, contamination screening, ANI and deduplication	3	1	0	1	0	0	confirmed_sequence_available	assembly_available_qc_required	no	complete_host_geography_date_source	Pisum sativum L. (pea)	Japan (Shizuoka)	Lathyrus oleraceus	Japan; not applicable	1997	SAMD00537713; SAMN02894433; SAMD00253068	GCF_001010415.1		GCF_001010415.1		
NCPPB 793	present_in_both	Xanthomonas oryzae pv. oryzae (Ishiyama 1922) Swings et al. 1990	Xanthomonas	current_xanthomonas	P3	no_confirmed_public_sequence	no_genome_input	retain count=0; optional separate marker-gene/literature search	0	0	0	0	0	0	no_confirmed_ncbi_match	no_confirmed_public_sequence	no	missing_context_metadata	Oryza sativa	India									
NCPPB 795	present_in_both	Xanthomonas vasicola pv. vasculorum (Cobb 1894) Lang et al. 2017	Xanthomonas	current_xanthomonas	P3	assembly_available_qc_required	automatic_candidate_after_genome_qc	download selected assembly; complete QC, contamination screening, ANI and deduplication	2	2	2	2	2	0	confirmed_sequence_available	assembly_available_qc_required	no	partial_context_metadata	Saccharum officinarum	Malagasy Republic	Saccharum officinarum	Madagascar		SAMN20034691; SAMN36357970	GCF_019209805.1; GCF_030551295.2	SRR25194032; SRR29823134	GCF_019209805.1; GCF_030551295.2	SRR29823134; SRR25194032	
NCPPB 840	present_in_both	Xanthomonas axonopodis pv. patelii (Desai & Shah 1959) Vauterin et al. 1995	Xanthomonas	current_xanthomonas	P3	assembly_available_qc_required	automatic_candidate_after_genome_qc	download selected assembly; complete QC, contamination screening, ANI and deduplication	1	1	2	1	2	0	confirmed_sequence_available	assembly_available_qc_required	no	partial_context_metadata	Crotalaria juncea	India	Crotalaria juncea	India	1959	SAMN42280122	GCF_041464165.1	SRR29694608; SRR30018465	GCF_041464165.1	SRR29694608; SRR30018465	
NCPPB 875	present_in_both	Xanthomonas campestris pv. aberrans (Knosel 1961) Dye 1978	Xanthomonas	current_xanthomonas	P3	no_confirmed_public_sequence	no_genome_input	retain count=0; optional separate marker-gene/literature search	0	0	0	0	0	0	no_confirmed_ncbi_match	no_confirmed_public_sequence	no	missing_context_metadata	Brassica oleracea var. botrytis	W. Germany									
NCPPB 881	present_in_both	Xanthomonas hortorum pv. gardneri Morinière et al. (2020)	Xanthomonas	current_xanthomonas	P3	assembly_available_qc_required	automatic_candidate_after_genome_qc	download selected assembly; complete QC, contamination screening, ANI and deduplication	4	2	4	2	4	0	confirmed_sequence_available	assembly_available_qc_required	no	complete_host_geography_date_source	Solanum lycopersicum	Yugoslavia (Serbia)	Solanum lycopersicum; tomato	Serbia; Yugoslavia	1953; 1951	SAMN56511390; SAMN09704275; SAMN33574910; SAMN02471772	GCF_000192065.1; GCF_046589575.1	SRR23696936; SRR37629067; SRR37789884; SRR7628815	GCF_046589575.1; GCF_000192065.1	SRR37629067; SRR37789884; SRR7628815; SRR23696936	
NCPPB 884	present_in_both	Xanthomonas axonopodis pv. patelii (Desai & Shah 1959) Vauterin et al. 1995	Xanthomonas	current_xanthomonas	P3	no_confirmed_public_sequence	no_genome_input	retain count=0; optional separate marker-gene/literature search	0	0	0	0	0	0	no_confirmed_ncbi_match	no_confirmed_public_sequence	no	missing_context_metadata	Crotalaria juncea	India									
NCPPB 885	present_in_both	Xanthomonas axonopodis pv. desmodiirotundifolii (Desai & Shah 1960) Vauterin et al. 1995	Xanthomonas	current_xanthomonas	P3	assembly_available_qc_required	automatic_candidate_after_genome_qc	download selected assembly; complete QC, contamination screening, ANI and deduplication	1	1	2	1	2	0	confirmed_sequence_available	assembly_available_qc_required	no	partial_context_metadata	Desmodium rotundifolium	India	Desmodium rotundifolium	India		SAMN42278569	GCF_041464115.1	SRR29692757; SRR30016543	GCF_041464115.1	SRR29692757; SRR30016543	
NCPPB 887	present_in_both	Xanthomonas albilineans (Ashby 1929) Dowson 1943	Xanthomonas	current_xanthomonas	P3	no_confirmed_public_sequence	no_genome_input	retain count=0; optional separate marker-gene/literature search	0	0	0	0	0	0	no_confirmed_ncbi_match	no_confirmed_public_sequence	no	missing_context_metadata	Saccharum officinarum	Mauritius									
NCPPB 888	present_in_both	Xanthomonas sp. Dowson 1939	Xanthomonas	current_xanthomonas	P3	no_confirmed_public_sequence	no_genome_input	retain count=0; optional separate marker-gene/literature search	0	0	0	0	0	0	no_confirmed_ncbi_match	no_confirmed_public_sequence	no	missing_context_metadata	Saccharum officinarum	South Africa									
NCPPB 889	present_in_both	Xanthomonas vasicola pv. vasculorum (Cobb 1894) Lang et al. 2017	Xanthomonas	current_xanthomonas	P3	assembly_available_qc_required	automatic_candidate_after_genome_qc	download selected assembly; complete QC, contamination screening, ANI and deduplication	2	2	2	2	2	0	confirmed_sequence_available	assembly_available_qc_required	no	complete_host_geography_date_source	Saccharum officinarum	South Africa	Saccharum officinarum	South Africa	1960	SAMN20080225; SAMN36357971	GCF_019200945.1; GCF_030551345.2	SRR25194031; SRR29823133	GCF_019200945.1; GCF_030551345.2	SRR29823133; SRR25194031	
NCPPB 891	present_in_both	Xanthomonas axonopodis pv. vasculorum (Cobb 1893) Vauterin et al. 1995	Xanthomonas	current_xanthomonas	P3	no_confirmed_public_sequence	no_genome_input	retain count=0; optional separate marker-gene/literature search	0	0	0	0	0	0	no_confirmed_ncbi_match	no_confirmed_public_sequence	no	missing_context_metadata	Thysanolaena maxima	Mauritius									
NCPPB 892	present_in_both	Xanthomonas axonopodis pv. vasculorum (Cobb 1893) Vauterin et al. 1995	Xanthomonas	current_xanthomonas	P3	no_confirmed_public_sequence	no_genome_input	retain count=0; optional separate marker-gene/literature search	0	0	0	0	0	0	no_confirmed_ncbi_match	no_confirmed_public_sequence	no	missing_context_metadata	Thysanolaena maxima	Mauritius									
NCPPB 893	present_in_both	Xanthomonas axonopodis pv. vasculorum (Cobb 1893) Vauterin et al. 1995	Xanthomonas	current_xanthomonas	P3	no_confirmed_public_sequence	no_genome_input	retain count=0; optional separate marker-gene/literature search	0	0	0	0	0	0	no_confirmed_ncbi_match	no_confirmed_public_sequence	no	missing_context_metadata	Thysanoleana maxima.	Mauritius									
NCPPB 895	present_in_both	Xanthomonas vasicola pv. vasculorum (Cobb 1894) Lang et al. 2017	Xanthomonas	current_xanthomonas	P3	assembly_available_qc_required	automatic_candidate_after_genome_qc	download selected assembly; complete QC, contamination screening, ANI and deduplication	2	2	2	2	2	0	confirmed_sequence_available	assembly_available_qc_required	no	partial_context_metadata	Saccharum officinarum	Malagasy Republic	Saccharum officinarum	Madagascar; Madagascar: former Malagasy Republic	1960	SAMN36357973; SAMN02439007	GCF_000278075.1; GCF_030551445.2	SRR1045341; SRR25194029	GCF_030551445.2; GCF_000278075.1	SRR25194029; SRR1045341	
NCPPB 896	present_in_both	Xanthomonas albilineans (Ashby 1929) Dowson 1943	Xanthomonas	current_xanthomonas	P3	no_confirmed_public_sequence	no_genome_input	retain count=0; optional separate marker-gene/literature search	0	0	0	0	0	0	no_confirmed_ncbi_match	no_confirmed_public_sequence	no	missing_context_metadata	Saccharum officinarum	Malagasy Republic									
NCPPB 897	present_in_both	Xanthomonas albilineans (Ashby 1929) Dowson 1943	Xanthomonas	current_xanthomonas	P3	no_confirmed_public_sequence	no_genome_input	retain count=0; optional separate marker-gene/literature search	0	0	0	0	0	0	no_confirmed_ncbi_match	no_confirmed_public_sequence	no	missing_context_metadata	Saccharum officinarum	Malagasy Republic									
NCPPB 899	present_in_both	Xanthomonas axonopodis pv. vasculorum (Cobb 1893) Vauterin et al. 1995	Xanthomonas	current_xanthomonas	P3	no_confirmed_public_sequence	no_genome_input	retain count=0; optional separate marker-gene/literature search	0	0	0	0	0	0	no_confirmed_ncbi_match	no_confirmed_public_sequence	no	missing_context_metadata	Saccharum officinarum	Reunion									
NCPPB 900	present_in_both	Xanthomonas axonopodis pv. vasculorum (Cobb 1893) Vauterin et al. 1995	Xanthomonas	current_xanthomonas	P3	assembly_available_qc_required	automatic_candidate_after_genome_qc	download selected assembly; complete QC, contamination screening, ANI and deduplication	2	1	3	1	3	0	confirmed_sequence_available	assembly_available_qc_required	no	complete_host_geography_date_source	Saccharum officinarum	Reunion	Saccharum officinarum; Saccharum officinarum (sugarcane)	Reunion	1960	SAMN56511391; SAMN02854335	GCF_000724905.1	SRR1515236; SRR37629066; SRR37789883	GCF_000724905.1	SRR37629066; SRR37789883; SRR1515236	
NCPPB 901	present_in_both	Xanthomonas sp. Dowson 1939	Xanthomonas	current_xanthomonas	P3	assembly_available_qc_required	automatic_candidate_after_genome_qc	download selected assembly; complete QC, contamination screening, ANI and deduplication	1	1	2	1	2	0	confirmed_sequence_available	assembly_available_qc_required	no	partial_context_metadata	Gossypium sp	India	Gossypium sp.	India		SAMN42161496	GCF_056725085.1	SRR29644180; SRR30040125	GCF_056725085.1	SRR29644180; SRR30040125	
NCPPB 902	present_in_both	Xanthomonas vasicola Vauterin et al. 1995	Xanthomonas	current_xanthomonas	P3	assembly_available_qc_required	automatic_candidate_after_genome_qc	download selected assembly; complete QC, contamination screening, ANI and deduplication	1	1	0	1	0	0	confirmed_sequence_available	assembly_available_qc_required	no	complete_host_geography_date_source	Tripsacum laxum. See Mulder (1961).	Sri Lanka	Tripsacum laxum	Sri Lanka	1961	SAMN03140174	GCF_000772775.3		GCF_000772775.3		
NCPPB 916	present_in_both	Xanthomonas sp. Dowson 1939	Xanthomonas	current_xanthomonas	P3	no_confirmed_public_sequence	no_genome_input	retain count=0; optional separate marker-gene/literature search	0	0	0	0	0	0	no_confirmed_ncbi_match	no_confirmed_public_sequence	no	missing_context_metadata	Saccharum officinarum	Trinidad									
NCPPB 917	present_in_both	Xanthomonas sp. Dowson 1939	Xanthomonas	current_xanthomonas	P3	no_confirmed_public_sequence	no_genome_input	retain count=0; optional separate marker-gene/literature search	0	0	0	0	0	0	no_confirmed_ncbi_match	no_confirmed_public_sequence	no	missing_context_metadata	Saccharum officinarum	Trinidad									
NCPPB 918	present_in_both	Xanthomonas albilineans (Ashby 1929) Dowson 1943	Xanthomonas	current_xanthomonas	P3	no_confirmed_public_sequence	no_genome_input	retain count=0; optional separate marker-gene/literature search	0	0	0	0	0	0	no_confirmed_ncbi_match	no_confirmed_public_sequence	no	missing_context_metadata	Saccharum officinarum	Malagasy Republic									
NCPPB 922	present_in_both	Xanthomonas albilineans (Ashby 1929) Dowson 1943	Xanthomonas	current_xanthomonas	P3	no_confirmed_public_sequence	no_genome_input	retain count=0; optional separate marker-gene/literature search	0	0	0	0	0	0	no_confirmed_ncbi_match	no_confirmed_public_sequence	no	missing_context_metadata	Saccharum officinarum	Malagasy Republic									
NCPPB 923	present_in_both	Xanthomonas arboricola pv. pruni (Smith 1903) Vauterin et al. 1995	Xanthomonas	current_xanthomonas	P3	no_confirmed_public_sequence	no_genome_input	retain count=0; optional separate marker-gene/literature search	0	0	0	0	0	0	no_confirmed_ncbi_match	no_confirmed_public_sequence	no	missing_context_metadata	Prunus domestica	South Africa									
NCPPB 924	present_in_both	Xanthomonas arboricola pv. pruni (Smith 1903) Vauterin et al. 1995	Xanthomonas	current_xanthomonas	P3	no_confirmed_public_sequence	no_genome_input	retain count=0; optional separate marker-gene/literature search	0	0	0	0	0	0	no_confirmed_ncbi_match	no_confirmed_public_sequence	no	missing_context_metadata	Prunus domestica	South Africa									
NCPPB 926	present_in_both	Xanthomonas arboricola pv. pruni (Smith 1903) Vauterin et al. 1995	Xanthomonas	current_xanthomonas	P3	no_confirmed_public_sequence	no_genome_input	retain count=0; optional separate marker-gene/literature search	0	0	0	0	0	0	no_confirmed_ncbi_match	no_confirmed_public_sequence	no	missing_context_metadata	Prunus domestica	South Africa									
NCPPB 935	present_in_both	Xanthomonas arboricola pv. corylina (Miller et al. 1940) Vauterin et al. 1995	Xanthomonas	current_xanthomonas	P3	assembly_available_qc_required	automatic_candidate_after_genome_qc	download selected assembly; complete QC, contamination screening, ANI and deduplication	3	3	4	3	4	0	confirmed_sequence_available	assembly_available_qc_required	no	complete_host_geography_date_source	Corylus maxima	USA	Corylus maxima	USA	1939	SAMN41996496; SAMEA7984667; SAMN05559866	GCF_002939845.1; GCF_041228085.2; GCF_905220785.1	ERR5260054; ERR5260059; SRR29500232; SRR30016866	GCF_041228085.2; GCF_905220785.1; GCF_002939845.1	SRR29500232; SRR30016866; ERR5260054; ERR5260059	
NCPPB 936	present_in_both	Xanthomonas vesicatoria (ex Doidge 1920) Vauterin et al. 1995	Xanthomonas	current_xanthomonas	P3	no_confirmed_public_sequence	no_genome_input	retain count=0; optional separate marker-gene/literature search	0	0	0	0	0	0	no_confirmed_ncbi_match	no_confirmed_public_sequence	no	missing_context_metadata	Capsicum frutescens	USA									
NCPPB 937	present_in_both	Xanthomonas campestris pv. incanae (Kendrick & Baker 1942) Dye 1978	Xanthomonas	current_xanthomonas	P3	assembly_available_qc_required	automatic_candidate_after_genome_qc	download selected assembly; complete QC, contamination screening, ANI and deduplication	1	1	1	1	1	0	confirmed_sequence_available	assembly_available_qc_required	no	partial_context_metadata	Matthiola sp	USA	Matthiola sp.	USA		SAMN22552838	GCF_020813295.1	SRR29823159	GCF_020813295.1	SRR29823159	
NCPPB 938	present_in_both	Xanthomonas axonopodis pv. lespedezae (Ayers et al. 1939) Vauterin et al. 1995	Xanthomonas	current_xanthomonas	P3	no_confirmed_public_sequence	no_genome_input	retain count=0; optional separate marker-gene/literature search	0	0	0	0	0	0	no_confirmed_ncbi_match	no_confirmed_public_sequence	no	missing_context_metadata	Lespedeza sp.	USA									
NCPPB 939	present_in_both	Xanthomonas hortorum pv. hederae (Arnaud 1920) Vauterin et al. 1995	Xanthomonas	current_xanthomonas	P3	assembly_available_qc_required	automatic_candidate_after_genome_qc	download selected assembly; complete QC, contamination screening, ANI and deduplication	4	1	0	1	0	0	confirmed_sequence_available	assembly_available_qc_required	no	complete_host_geography_date_source	Hedera helix	USA	Hedera helix	USA; missing; not applicable	1961; 2024; 2020	SAMN08729581; SAMN43284563; SAMN43281910; SAMD00253066	GCF_003064105.1		GCF_003064105.1		
NCPPB 940	present_in_both	Xanthomonas hortorum pv. taraxaci (Niederhauser 1943)Vauterin et al.1995	Xanthomonas	current_xanthomonas	P3	assembly_available_qc_required	automatic_candidate_after_genome_qc	download selected assembly; complete QC, contamination screening, ANI and deduplication	1	1	1	1	1	0	confirmed_sequence_available	assembly_available_qc_required	no	partial_context_metadata	Taraxacum kok-saghyz	USA	Taraxacum kok-saghyz		1942	SAMEA6962652	GCA_903978185.1	ERR4327122	GCA_903978185.1	ERR4327122	
NCPPB 941	present_in_both	Xanthomonas euvesicatoria pv. euvesicatoria (Jones et al. 2006) Constantin et al. 2016 comb. nov.	Xanthomonas	current_xanthomonas	P3	no_confirmed_public_sequence	no_genome_input	retain count=0; optional separate marker-gene/literature search	0	0	0	0	0	0	no_confirmed_ncbi_match	no_confirmed_public_sequence	no	missing_context_metadata	Capsicum frutescens	USA									
NCPPB 942	present_in_both	Xanthomonas campestris pv. barbareae (Burkholder 1941) Dye 1978	Xanthomonas	current_xanthomonas	P2	wgs_reads_require_assembly_and_qc	candidate_after_read_qc_and_assembly	download reads; trim, assemble, then complete genome QC and ANI	1	0	1	0	1	0	confirmed_sequence_available	raw_wgs_reads_require_assembly_and_qc	no	partial_context_metadata	Barbarea vulgaris	USA	Barbarea vulgaris	USA	1939	SAMN57360824		SRR38178868		SRR38178868	
NCPPB 969	present_in_both	Xanthomonas hortorum pv. vitians Morinière et al. 2020	Xanthomonas	current_xanthomonas	P3	no_confirmed_public_sequence	no_genome_input	retain count=0; optional separate marker-gene/literature search	0	0	0	0	0	0	no_confirmed_ncbi_match	no_confirmed_public_sequence	no	missing_context_metadata	Lactuca sativa	USA									
NCPPB 970	present_in_both	Xanthomonas hortorum pv. vitians Morinière et al. 2020	Xanthomonas	current_xanthomonas	P3	no_confirmed_public_sequence	no_genome_input	retain count=0; optional separate marker-gene/literature search	0	0	0	0	0	0	no_confirmed_ncbi_match	no_confirmed_public_sequence	no	missing_context_metadata	Lactuca sp. (wild lettuce).	USA									
NCPPB 971	present_in_both	Xanthomonas axonopodis pv. maculifoliigardeniae (Ark & Barrett 1946) Vauterin et al. 1995	Xanthomonas	current_xanthomonas	P3	assembly_available_qc_required	automatic_candidate_after_genome_qc	download selected assembly; complete QC, contamination screening, ANI and deduplication	1	1	2	1	2	0	confirmed_sequence_available	assembly_available_qc_required	no	partial_context_metadata	Gardenia sp	USA	Gardenia sp.	USA		SAMN42284547	GCF_041492255.1	SRR29695345; SRR30037791	GCF_041492255.1	SRR29695345; SRR30037791	
NCPPB 972	present_in_both	Xanthomonas axonopodis pv. maculifoliigardeniae (Ark & Barrett 1946) Vauterin et al. 1995	Xanthomonas	current_xanthomonas	P3	assembly_available_qc_required	automatic_candidate_after_genome_qc	download selected assembly; complete QC, contamination screening, ANI and deduplication	1	1	2	1	2	0	confirmed_sequence_available	assembly_available_qc_required	no	partial_context_metadata	Gardenia sp.	USA	Gardenia sp.	USA		SAMN42284548	GCF_041519315.1	SRR29695344; SRR30037790	GCF_041519315.1	SRR29695344; SRR30037790	
NCPPB 973	present_in_both	Xanthomonas translucens pv. translucens (Jones et al. 1917) Vauterin et al. 1995	Xanthomonas	current_xanthomonas	P1	manual_review_required_non_audit	not_automatically_usable	review the remaining identity/taxonomy reason in manual_review_candidates.tsv; approve or reject before sequence use	4	2	1	2	1	0	confirmed_sequence_available	assembly_available_qc_required	yes	complete_host_geography_date_source	Hordeum vulgare	USA	Barley	USA: Minnesota; missing; not applicable	2020	SAMN23026111; SAMEA2271958; SAMN43281667; SAMD00253072	GCF_020880735.1; GCF_042432025.1	SRR16936500	GCF_020880735.1; GCF_042432025.1	SRR16936500	
NCPPB 974	present_in_both	Xanthomonas translucens pv. translucens (Jones et al. 1917) Vauterin et al. 1995	Xanthomonas	current_xanthomonas	P3	no_confirmed_public_sequence	no_genome_input	retain count=0; optional separate marker-gene/literature search	0	0	0	0	0	0	no_confirmed_ncbi_match	no_confirmed_public_sequence	no	missing_context_metadata	Secale cereale.	Canada									
NCPPB 975	present_in_both	Xanthomonas vesicatoria (ex Doidge 1920) Vauterin et al. 1995	Xanthomonas	current_xanthomonas	P3	no_confirmed_public_sequence	no_genome_input	retain count=0; optional separate marker-gene/literature search	0	0	0	0	0	0	no_confirmed_ncbi_match	no_confirmed_public_sequence	no	missing_context_metadata	Capsicum frutescens	USA									
NCPPB 976	present_in_both	Xanthomonas citri (ex Hasse 1915) Gabriel et al. 1989	Xanthomonas	current_xanthomonas	P3	same_pathovar_historical_or_updated_species_name	conditional_release_for_genus_tree_qc_ani_only	calculate ANI/GTDB against suitable references; use NCPPB name as primary label and retain NCBI name as submitted/historical label	2	1	2	0	0	9	linked_sequence_blocked_pending_taxonomy_review	taxonomy_review_required_before_use	yes	complete_host_geography_date_source	Lactuca sp. (Lettuce)	USA	missing; Lactuca sativa	USA; USA: South Carolina	1917	SAMN09704274; SAMN11047482	GCF_012922295.1	SRR7628814; SRR8732949			01_taxonomy_pathovar_audit_49.tsv
NCPPB 983	present_in_both	Xanthomonas campestris pv. barbareae (Burkholder 1941) Dye 1978	Xanthomonas	current_xanthomonas	P3	assembly_available_qc_required	automatic_candidate_after_genome_qc	download selected assembly; complete QC, contamination screening, ANI and deduplication	1	1	2	1	2	0	confirmed_sequence_available	assembly_available_qc_required	no	partial_context_metadata	Barbarea vulgaris	USA	Barbarea vulgaris	USA		SAMN22552839	GCF_020813315.3	SRR27397526; SRR29823158	GCF_020813315.3	SRR27397526; SRR29823158	
NCPPB 984	present_in_both	Xanthomonas arboricola pv. corylina (Miller et al. 1940) Vauterin et al. 1995	Xanthomonas	current_xanthomonas	P3	no_confirmed_public_sequence	no_genome_input	retain count=0; optional separate marker-gene/literature search	0	0	0	0	0	0	no_confirmed_ncbi_match	no_confirmed_public_sequence	no	missing_context_metadata	Corylus maxima.	USA									
NCPPB 985	present_in_both	Xanthomonas phaseoli pv. dieffenbachiae (McCulloch & Pirone 1939) Constantin et al. 2016 comb. nov.	Xanthomonas	current_xanthomonas	P2	species_or_pathovar_unresolved	conditional_release_for_genus_tree_qc_ani_only	prioritize ANI/GTDB, original publication and host review; label tree tip species_assignment_under_review	1	1	3	0	0	8	linked_sequence_blocked_pending_taxonomy_review	taxonomy_review_required_before_use	yes	partial_context_metadata	Dieffenbachia sp.	USA		Belgium: Merelbeke	2014	SAMN02903999	GCF_001401545.2	SRR1509951; SRR1522076; SRR3715273			01_taxonomy_pathovar_audit_49.tsv
NCPPB 986	present_in_both	Xanthomonas phaseoli pv. dieffenbachiae (McCulloch & Pirone 1939) Constantin et al. 2016 comb. nov.	Xanthomonas	current_xanthomonas	P3	no_confirmed_public_sequence	no_genome_input	retain count=0; optional separate marker-gene/literature search	0	0	0	0	0	0	no_confirmed_ncbi_match	no_confirmed_public_sequence	no	missing_context_metadata	Dieffenbachia sp.	USA									
NCPPB 987	present_in_both	Xanthomonas hortorum pv. hederae (Arnaud 1920) Vauterin et al. 1995	Xanthomonas	current_xanthomonas	P3	no_confirmed_public_sequence	no_genome_input	retain count=0; optional separate marker-gene/literature search	0	0	0	0	0	0	no_confirmed_ncbi_match	no_confirmed_public_sequence	no	missing_context_metadata	Hedera helix	USA									
NCPPB 989	present_in_both	Xanthomonas vasicola pv. holcicola (Elliott 1930) Vauterin et al. 1995	Xanthomonas	current_xanthomonas	P3	assembly_available_qc_required	automatic_candidate_after_genome_qc	download selected assembly; complete QC, contamination screening, ANI and deduplication	1	1	0	1	0	0	confirmed_sequence_available	assembly_available_qc_required	no	complete_host_geography_date_source	Holcus sp.	USA	Holcus sp.	USA	1942	SAMN03140188	GCF_000772795.1		GCF_000772795.1		
NCPPB 990	present_in_both	Xanthomonas campestris pv. incanae (Kendrick & Baker 1942) Dye 1978	Xanthomonas	current_xanthomonas	P3	no_confirmed_public_sequence	no_genome_input	retain count=0; optional separate marker-gene/literature search	0	0	0	0	0	0	no_confirmed_ncbi_match	no_confirmed_public_sequence	no	missing_context_metadata	Matthiola sp	USA									
NCPPB 993	present_in_both	Xanthomonas axonopodis pv. lespedezae (Ayers et al. 1939) Vauterin et al. 1995	Xanthomonas	current_xanthomonas	P2	wgs_reads_require_assembly_and_qc	candidate_after_read_qc_and_assembly	download reads; trim, assemble, then complete genome QC and ANI	1	0	1	0	1	0	confirmed_sequence_available	raw_wgs_reads_require_assembly_and_qc	no	partial_context_metadata	Lespedeza sp. (Korean lespediza)	USA	Lespedeza	USA	1944	SAMN42278571		SRR29692755		SRR29692755	
NCPPB 994	present_in_both	Xanthomonas axonopodis pv. melhusii (Patel et al. 1952) Vauterin et al. 1995	Xanthomonas	current_xanthomonas	P3	no_confirmed_public_sequence	no_genome_input	retain count=0; optional separate marker-gene/literature search	0	0	0	0	0	0	no_confirmed_ncbi_match	no_confirmed_public_sequence	no	missing_context_metadata	Tectona grandis	India									
NCPPB 1009	present_in_both	Xanthomonas campestris pv. zinniae (Hopkins & Dowson 1949) Dye 1978	Xanthomonas	current_xanthomonas	P3	no_confirmed_public_sequence	no_genome_input	retain count=0; optional separate marker-gene/literature search	0	0	0	0	0	0	no_confirmed_ncbi_match	no_confirmed_public_sequence	no	missing_context_metadata	Zinnia sp.	Zimbabwe									
NCPPB 1014	present_in_both	Xanthomonas campestris pv. vitiswoodrowii (Patel & Kulkarni 1951) Dye 1978	Xanthomonas	current_xanthomonas	P3	no_confirmed_public_sequence	no_genome_input	retain count=0; optional separate marker-gene/literature search	0	0	0	0	0	0	no_confirmed_ncbi_match	no_confirmed_public_sequence	no	missing_context_metadata	Vitis woodrowii	India									
NCPPB 1025	present_in_both	Xanthomonas campestris pv. campestris (Pammel 1895) Dowson 1939	Xanthomonas	current_xanthomonas	P3	no_confirmed_public_sequence	no_genome_input	retain count=0; optional separate marker-gene/literature search	0	0	0	0	0	0	no_confirmed_ncbi_match	no_confirmed_public_sequence	no	missing_context_metadata	Brassica oleracea var. botrytis	Malawi									
NCPPB 1043	present_in_both	Xanthomonas campestris pv. campestris (Pammel 1895) Dowson 1939	Xanthomonas	current_xanthomonas	P3	assembly_available_qc_required	automatic_candidate_after_genome_qc	download selected assembly; complete QC, contamination screening, ANI and deduplication	1	1	1	1	1	0	confirmed_sequence_available	assembly_available_qc_required	no	partial_context_metadata	Brassica oleracea	Papa New Guinea	Brassica oleracea	Papua New Guinea	1961	SAMN36368321	GCA_035023025.1	SRR25205308	GCA_035023025.1	SRR25205308	
NCPPB 1046	present_in_both	Xanthomonas sp. Dowson 1939	Xanthomonas	current_xanthomonas	P3	no_confirmed_public_sequence	no_genome_input	retain count=0; optional separate marker-gene/literature search	0	0	0	0	0	0	no_confirmed_ncbi_match	no_confirmed_public_sequence	no	missing_context_metadata	Saccharum officinarum	India									
NCPPB 1048	present_in_both	Xanthomonas citri pv. malvacearum (Smith 1901) Constantin et al. 2016 comb. nov.	Xanthomonas	current_xanthomonas	P3	no_confirmed_public_sequence	no_genome_input	retain count=0; optional separate marker-gene/literature search	0	0	0	0	0	0	no_confirmed_ncbi_match	no_confirmed_public_sequence	no	missing_context_metadata	Gossypium hirsutum.	Zambia									
NCPPB 1050	present_in_both	Xanthomonas albilineans (Ashby 1929) Dowson 1943	Xanthomonas	current_xanthomonas	P3	no_confirmed_public_sequence	no_genome_input	retain count=0; optional separate marker-gene/literature search	0	0	0	0	0	0	no_confirmed_ncbi_match	no_confirmed_public_sequence	no	missing_context_metadata	Saccharum sp.	Guyana									
NCPPB 1056	present_in_both	Xanthomonas citri pv. fuscans (Schaad et al. 2007) Constantin et al. 2016 comb. nov.	Xanthomonas	current_xanthomonas	P3	assembly_available_qc_required	automatic_candidate_after_genome_qc	download selected assembly; complete QC, contamination screening, ANI and deduplication	1	1	1	1	1	0	confirmed_sequence_available	assembly_available_qc_required	no	complete_host_geography_date_source	Phaseolus vulgaris	Ethiopia	Phaseolus vulgaris	United Kingdom	1961	SAMN03142809	GCF_000786945.1	SRR2052425	GCF_000786945.1	SRR2052425	
NCPPB 1058	present_in_both	Xanthomonas citri pv. fuscans (Schaad et al. 2007) Constantin et al. 2016 comb. nov.	Xanthomonas	current_xanthomonas	P3	assembly_available_qc_required	automatic_candidate_after_genome_qc	download selected assembly; complete QC, contamination screening, ANI and deduplication	1	1	1	1	1	0	confirmed_sequence_available	assembly_available_qc_required	no	complete_host_geography_date_source	Phaseolus vulgaris	Ethiopia	Phaseolus vulgaris	Ethiopia	1961	SAMN03142815	GCF_000786935.1	SRR2052426	GCF_000786935.1	SRR2052426	
NCPPB 1059	present_in_both	Xanthomonas campestris pv. papavericola (Bryan and McWhorter 1930) Dye 1978	Xanthomonas	current_xanthomonas	P2	wgs_reads_require_assembly_and_qc	candidate_after_read_qc_and_assembly	download reads; trim, assemble, then complete genome QC and ANI	1	0	2	0	2	0	confirmed_sequence_available	raw_wgs_reads_require_assembly_and_qc	no	partial_context_metadata	Papaver somniferum	Ethiopia	Papaver somniferum	Ethiopia	1961	SAMN56511356		SRR37629095; SRR37789912		SRR37629095; SRR37789912	
NCPPB 1060	present_in_both	Xanthomonas vasicola pv. holcicola (Elliott 1930) Vauterin et al. 1995	Xanthomonas	current_xanthomonas	P3	assembly_available_qc_required	automatic_candidate_after_genome_qc	download selected assembly; complete QC, contamination screening, ANI and deduplication	1	1	0	1	0	0	confirmed_sequence_available	assembly_available_qc_required	no	complete_host_geography_date_source	Sorghum vulgare.	Ethiopia	Sorghum bicolor	Ethiopia	1961	SAMN03140122	GCF_000772715.2		GCF_000772715.2		
NCPPB 1061	present_in_both	Xanthomonas campestris pv. plantaginis (Thornberry & Anderson 1937) Dye 1978	Xanthomonas	current_xanthomonas	P3	assembly_available_qc_required	automatic_candidate_after_genome_qc	download selected assembly; complete QC, contamination screening, ANI and deduplication	2	1	3	1	3	0	confirmed_sequence_available	assembly_available_qc_required	no	partial_context_metadata	Plantago lanceolata	Ethiopia	Plantago lanceolata	Ethiopia	1961	SAMN56511357; SAMN22552840	GCF_020813005.1	SRR29823165; SRR37629094; SRR37789911	GCF_020813005.1	SRR37629094; SRR37789911; SRR29823165	
NCPPB 1062	present_in_both	Xanthomonas sp. Dowson 1939	Xanthomonas	current_xanthomonas	P3	assembly_available_qc_required	automatic_candidate_after_genome_qc	download selected assembly; complete QC, contamination screening, ANI and deduplication	1	1	2	1	2	0	confirmed_sequence_available	assembly_available_qc_required	no	partial_context_metadata	Dioscorea esculenta	Papua New Guinea	Dioscorea esculenta	Papua New Guinea	1961	SAMN42161497	GCF_041481705.1	SRR29644179; SRR30040145	GCF_041481705.1	SRR29644179; SRR30040145	
NCPPB 1063	present_in_both	Xanthomonas axonopodis pv. ricini (Yoshi & Takimoto 1928) Vauterin et al. 1995	Xanthomonas	current_xanthomonas	P1	manual_review_required_non_audit	not_automatically_usable	review the remaining identity/taxonomy reason in manual_review_candidates.tsv; approve or reject before sequence use	2	2	2	1	2	5	confirmed_sequence_available	assembly_available_qc_required	yes	partial_context_metadata	Ricinus communis	Ethiopia	Ricinus communis	Ethiopia; NA	1961	SAMN42178441; SAMN26561900	GCF_029872435.1; GCF_053571465.1	SRR29654668; SRR30041333	GCF_053571465.1	SRR29654668; SRR30041333	
NCPPB 1067	present_in_both	Xanthomonas sp. Dowson 1939	Xanthomonas	current_xanthomonas	P3	assembly_available_qc_required	automatic_candidate_after_genome_qc	download selected assembly; complete QC, contamination screening, ANI and deduplication	1	1	1	1	1	0	confirmed_sequence_available	assembly_available_qc_required	no	partial_context_metadata	Raphanus sativus (Chinese radish)	New Hebrides	Raphanus sativus	Vanuatu		SAMN22555470	GCF_020783795.1	SRR22272567	GCF_020783795.1	SRR22272567	
NCPPB 1068	present_in_both	Xanthomonas sp. Dowson 1939	Xanthomonas	current_xanthomonas	P3	assembly_available_qc_required	automatic_candidate_after_genome_qc	download selected assembly; complete QC, contamination screening, ANI and deduplication	1	1	2	1	2	0	confirmed_sequence_available	assembly_available_qc_required	no	partial_context_metadata	Nicotiana tabacum	Malawi	Nicotiana tabacum	Malawi	1961	SAMN42161498	GCF_041479385.1	SRR29644178; SRR30040144	GCF_041479385.1	SRR29644178; SRR30040144	
NCPPB 1117	present_in_both	Xanthomonas sp. Dowson 1939	Xanthomonas	current_xanthomonas	P3	no_confirmed_public_sequence	no_genome_input	retain count=0; optional separate marker-gene/literature search	0	0	0	0	0	0	no_confirmed_ncbi_match	no_confirmed_public_sequence	no	missing_context_metadata	Saccharum officinarum	India									
NCPPB 1124	present_in_both	Xanthomonas citri pv. glycines (Nakano 1919) Constantin et al. 2016 comb.nov.	Xanthomonas	current_xanthomonas	P3	no_confirmed_public_sequence	no_genome_input	retain count=0; optional separate marker-gene/literature search	0	0	0	0	0	0	no_confirmed_ncbi_match	no_confirmed_public_sequence	no	missing_context_metadata	Glycine max	Zambia									
NCPPB 1128	present_in_both	Xanthomonas sp. Dowson 1939	Xanthomonas	current_xanthomonas	P3	assembly_available_qc_required	automatic_candidate_after_genome_qc	download selected assembly; complete QC, contamination screening, ANI and deduplication	1	1	1	1	1	0	confirmed_sequence_available	assembly_available_qc_required	no	partial_context_metadata	Phaseolus vulgaris	Jamaica		Jamaica	1961	SAMN03777426	GCF_001043115.1	SRR2094884	GCF_001043115.1	SRR2094884	
NCPPB 1129	present_in_both	Xanthomonas campestris pv. campestris (Pammel 1895) Dowson 1939	Xanthomonas	current_xanthomonas	P3	no_confirmed_public_sequence	no_genome_input	retain count=0; optional separate marker-gene/literature search	0	0	0	0	0	0	no_confirmed_ncbi_match	no_confirmed_public_sequence	no	missing_context_metadata	Brassica oleracea	Uganda									
NCPPB 1131	present_in_both	Xanthomonas sp. Dowson 1939	Xanthomonas	current_xanthomonas	P3	assembly_available_qc_required	automatic_candidate_after_genome_qc	download selected assembly; complete QC, contamination screening, ANI and deduplication	2	2	4	2	4	0	confirmed_sequence_available	assembly_available_qc_required	no	partial_context_metadata	Musa paradisiaca	Eastern Samoa	Musa x paradisiaca	American Samoa	1961	SAMN56511358; SAMN00752559	GCF_000226895.1; GCF_056612685.1	SRR364085; SRR364086; SRR37629083; SRR37789900	GCF_056612685.1; GCF_000226895.1	SRR37629083; SRR37789900; SRR364085; SRR364086	
NCPPB 1132	present_in_both	Xanthomonas sp. Dowson 1939	Xanthomonas	current_xanthomonas	P3	assembly_available_qc_required	automatic_candidate_after_genome_qc	download selected assembly; complete QC, contamination screening, ANI and deduplication	2	2	3	2	3	0	confirmed_sequence_available	assembly_available_qc_required	no	partial_context_metadata	Musa canksii var. samoensis	Western Samoa	Musa banksii var. samoensis	Samoa	1961	SAMN56511359; SAMN00752560	GCF_000226915.1; GCF_056629235.1	SRR364087; SRR37629072; SRR37789889	GCF_056629235.1; GCF_000226915.1	SRR37629072; SRR37789889; SRR364087	
NCPPB 1135	present_in_both	Xanthomonas citri pv. glycines (Nakano 1919) Constantin et al. 2016 comb.nov.	Xanthomonas	current_xanthomonas	P3	no_confirmed_public_sequence	no_genome_input	retain count=0; optional separate marker-gene/literature search	0	0	0	0	0	0	no_confirmed_ncbi_match	no_confirmed_public_sequence	no	missing_context_metadata	Glycine max.	Zambia									
NCPPB 1136	present_in_both	Xanthomonas citri pv. glycines (Nakano 1919) Constantin et al. 2016 comb.nov.	Xanthomonas	current_xanthomonas	P3	no_confirmed_public_sequence	no_genome_input	retain count=0; optional separate marker-gene/literature search	0	0	0	0	0	0	no_confirmed_ncbi_match	no_confirmed_public_sequence	no	missing_context_metadata	Glycine javanica	Zimbabwe									
NCPPB 1138	present_in_both	Xanthomonas phaseoli pv. phaseoli (Smith 1897) Constantin et al. 2016 comb. nov.	Xanthomonas	current_xanthomonas	P3	assembly_available_qc_required	automatic_candidate_after_genome_qc	download selected assembly; complete QC, contamination screening, ANI and deduplication	1	1	1	1	1	0	confirmed_sequence_available	assembly_available_qc_required	no	partial_context_metadata	Phaseolus vulgaris	Zambia	Phaseolus vulgaris	Zambia	1961	SAMN03262510	GCF_000808735.2	SRR2052902	GCF_000808735.2	SRR2052902	
NCPPB 1141	present_in_both	Xanthomonas citri pv. glycines (Nakano 1919) Constantin et al. 2016 comb.nov.	Xanthomonas	current_xanthomonas	P3	no_confirmed_public_sequence	no_genome_input	retain count=0; optional separate marker-gene/literature search	0	0	0	0	0	0	no_confirmed_ncbi_match	no_confirmed_public_sequence	no	missing_context_metadata	Glycine max	Zambia									
NCPPB 1143	present_in_both	Xanthomonas campestris pv. campestris (Pammel 1895) Dowson 1939	Xanthomonas	current_xanthomonas	P3	no_confirmed_public_sequence	no_genome_input	retain count=0; optional separate marker-gene/literature search	0	0	0	0	0	0	no_confirmed_ncbi_match	no_confirmed_public_sequence	no	missing_context_metadata	Brassica oleracea var. botrytis	UK									
NCPPB 1144	present_in_both	Xanthomonas campestris pv. campestris (Pammel 1895) Dowson 1939	Xanthomonas	current_xanthomonas	P3	assembly_available_qc_required	automatic_candidate_after_genome_qc	download selected assembly; complete QC, contamination screening, ANI and deduplication	1	1	1	1	1	0	confirmed_sequence_available	assembly_available_qc_required	no	partial_context_metadata	Brassica oleracea var. capitata	UK	Brassica oleracea var. capitata	United Kingdom	1962	SAMN43286083	GCF_041521255.1	SRR30327311	GCF_041521255.1	SRR30327311	
NCPPB 1145	present_in_both	Xanthomonas campestris pv. campestris (Pammel 1895) Dowson 1939	Xanthomonas	current_xanthomonas	P3	no_confirmed_public_sequence	no_genome_input	retain count=0; optional separate marker-gene/literature search	0	0	0	0	0	0	no_confirmed_ncbi_match	no_confirmed_public_sequence	no	missing_context_metadata	Brassica oleracea var. botrytis	UK									
NCPPB 1146	present_in_both	Xanthomonas campestris pv. campestris (Pammel 1895) Dowson 1939	Xanthomonas	current_xanthomonas	P3	no_confirmed_public_sequence	no_genome_input	retain count=0; optional separate marker-gene/literature search	0	0	0	0	0	0	no_confirmed_ncbi_match	no_confirmed_public_sequence	no	missing_context_metadata	Brassica oleracea var. capitata	UK									
NCPPB 1147	present_in_both	Xanthomonas campestris pv. campestris (Pammel 1895) Dowson 1939	Xanthomonas	current_xanthomonas	P3	no_confirmed_public_sequence	no_genome_input	retain count=0; optional separate marker-gene/literature search	0	0	0	0	0	0	no_confirmed_ncbi_match	no_confirmed_public_sequence	no	missing_context_metadata	Brassica oleracea var. capitata	UK									
NCPPB 1148	present_in_both	Xanthomonas axonopodis pv. martyniicola (Moniz & Patel 1958) Vauterin et al. 1995	Xanthomonas	current_xanthomonas	P3	no_confirmed_public_sequence	no_genome_input	retain count=0; optional separate marker-gene/literature search	0	0	0	0	0	0	no_confirmed_ncbi_match	no_confirmed_public_sequence	no	missing_context_metadata	Martynia diandra Gloxin (Cat's claw)	India									
NCPPB 1149	present_in_both	Xanthomonas campestris pv. vitiscarnosae (Moniz and Patel 1958) Dye 1978	Xanthomonas	current_xanthomonas	P3	no_confirmed_public_sequence	no_genome_input	retain count=0; optional separate marker-gene/literature search	0	0	0	0	0	0	no_confirmed_ncbi_match	no_confirmed_public_sequence	no	missing_context_metadata	Vitis carnosa	India									
NCPPB 1150	present_in_both	Xanthomonas oryzae pv. oryzicola (Fang et al. 1957) Swings et al. 1990	Xanthomonas	current_xanthomonas	P3	no_confirmed_public_sequence	no_genome_input	retain count=0; optional separate marker-gene/literature search	0	0	0	0	0	0	no_confirmed_ncbi_match	no_confirmed_public_sequence	no	missing_context_metadata	Oryza sativa	Philippines									
NCPPB 1151	present_in_both	Xanthomonas oryzae pv. oryzicola (Fang et al. 1957) Swings et al. 1990	Xanthomonas	current_xanthomonas	P3	no_confirmed_public_sequence	no_genome_input	retain count=0; optional separate marker-gene/literature search	0	0	0	0	0	0	no_confirmed_ncbi_match	no_confirmed_public_sequence	no	missing_context_metadata	Oryza sativa	Philippines									
NCPPB 1152	present_in_both	Xanthomonas oryzae pv. oryzae (Ishiyama 1922) Swings et al. 1990	Xanthomonas	current_xanthomonas	P3	no_confirmed_public_sequence	no_genome_input	retain count=0; optional separate marker-gene/literature search	0	0	0	0	0	0	no_confirmed_ncbi_match	no_confirmed_public_sequence	no	missing_context_metadata		Japan									
NCPPB 1153	present_in_both	Xanthomonas oryzae pv. oryzae (Ishiyama 1922) Swings et al. 1990	Xanthomonas	current_xanthomonas	P3	no_confirmed_public_sequence	no_genome_input	retain count=0; optional separate marker-gene/literature search	0	0	0	0	0	0	no_confirmed_ncbi_match	no_confirmed_public_sequence	no	missing_context_metadata		Japan									
NCPPB 1154	present_in_both	Xanthomonas oryzae pv. oryzae (Ishiyama 1922) Swings et al. 1990	Xanthomonas	current_xanthomonas	P3	no_confirmed_public_sequence	no_genome_input	retain count=0; optional separate marker-gene/literature search	0	0	0	0	0	0	no_confirmed_ncbi_match	no_confirmed_public_sequence	no	missing_context_metadata											
NCPPB 1155	present_in_both	Xanthomonas dyei pv. laureliae (Dye 1963) Young et al. 2010	Xanthomonas	current_xanthomonas	P2	wgs_reads_require_assembly_and_qc	candidate_after_read_qc_and_assembly	download reads; trim, assemble, then complete genome QC and ANI	1	0	2	0	2	0	confirmed_sequence_available	raw_wgs_reads_require_assembly_and_qc	no	partial_context_metadata	Laurelia novaezelandiae	New Zealand	Laurelia novae-zelandiae	New Zealand	1960	SAMN56511360		SRR37629065; SRR37789882		SRR37629065; SRR37789882	
NCPPB 1158	present_in_both	Xanthomonas citri pv. fuscans (Schaad et al. 2007) Constantin et al. 2016 comb. nov.	Xanthomonas	current_xanthomonas	P1	explicit_pathovar_conflict	conditional_release_for_genus_tree_qc_ani_only	check original culture/publication and host; calculate ANI/GTDB; require independent evidence before using any pathovar label	1	1	1	0	0	6	linked_sequence_blocked_pending_taxonomy_review	taxonomy_review_required_before_use	yes	complete_host_geography_date_source	Phaseolus vulgaris	Unknown	Phaseolus vulgaris	United Kingdom	1961	SAMN03142401	GCF_000775205.1	SRR2052443			01_taxonomy_pathovar_audit_49.tsv
NCPPB 1159	present_in_both	Xanthomonas phaseoli pv. manihotis (Bondar 1912) Constantin et al. 2016 comb. nov.	Xanthomonas	current_xanthomonas	P3	assembly_available_qc_required	automatic_candidate_after_genome_qc	download selected assembly; complete QC, contamination screening, ANI and deduplication	1	1	1	1	1	0	confirmed_sequence_available	assembly_available_qc_required	no	missing_context_metadata	Manihot esculenta	USA				SAMN01090336	GCF_000266285.1	SRR527320	GCF_000266285.1	SRR527320	
NCPPB 1160	present_in_both	Xanthomonas phaseoli pv. manihotis (Bondar 1912) Constantin et al. 2016 comb. nov.	Xanthomonas	current_xanthomonas	P3	no_confirmed_public_sequence	no_genome_input	retain count=0; optional separate marker-gene/literature search	0	0	0	0	0	0	no_confirmed_ncbi_match	no_confirmed_public_sequence	no	missing_context_metadata	Manihot esculenta	Brazil									
NCPPB 1161	present_in_both	Xanthomonas phaseoli pv. manihotis (Bondar 1912) Constantin et al. 2016 comb. nov.	Xanthomonas	current_xanthomonas	P3	no_confirmed_public_sequence	no_genome_input	retain count=0; optional separate marker-gene/literature search	0	0	0	0	0	0	no_confirmed_ncbi_match	no_confirmed_public_sequence	no	missing_context_metadata	Manihot sp.	Mauritius									
NCPPB 1235	present_in_both	Xanthomonas axonopodis pv. ricini (Yoshi & Takimoto 1928) Vauterin et al. 1995	Xanthomonas	current_xanthomonas	P3	no_confirmed_public_sequence	no_genome_input	retain count=0; optional separate marker-gene/literature search	0	0	0	0	0	0	no_confirmed_ncbi_match	no_confirmed_public_sequence	no	missing_context_metadata	Ricinus communis	Papua and New Guinea									
NCPPB 1241	present_in_both	Xanthomonas vasicola pv. holcicola (Elliott 1930) Vauterin et al. 1995	Xanthomonas	current_xanthomonas	P3	assembly_available_qc_required	automatic_candidate_after_genome_qc	download selected assembly; complete QC, contamination screening, ANI and deduplication	1	1	0	1	0	0	confirmed_sequence_available	assembly_available_qc_required	no	complete_host_geography_date_source	Sorghum vulgare	Australia	Sorghum bicolor	Australia	1962	SAMN03140147	GCF_000772695.1		GCF_000772695.1		
NCPPB 1244	present_in_both	Xanthomonas albilineans (Ashby 1929) Dowson 1943	Xanthomonas	current_xanthomonas	P3	no_confirmed_public_sequence	no_genome_input	retain count=0; optional separate marker-gene/literature search	0	0	0	0	0	0	no_confirmed_ncbi_match	no_confirmed_public_sequence	no	missing_context_metadata	Saccharum officinarum	Sri Lanka									
NCPPB 1324	present_in_both	Xanthomonas axonopodis pv. ricini (Yoshi & Takimoto 1928) Vauterin et al. 1995	Xanthomonas	current_xanthomonas	P3	assembly_available_qc_required	automatic_candidate_after_genome_qc	download selected assembly; complete QC, contamination screening, ANI and deduplication	1	1	1	1	1	0	confirmed_sequence_available	assembly_available_qc_required	no	partial_context_metadata	Ricinus communis	Hong Kong	Ricinus communis	Hong Kong	1962	SAMN42178442	GCF_053571505.1	SRR29654667	GCF_053571505.1	SRR29654667	
NCPPB 1325	present_in_both	Xanthomonas sp. Dowson 1939	Xanthomonas	current_xanthomonas	P3	assembly_available_qc_required	automatic_candidate_after_genome_qc	download selected assembly; complete QC, contamination screening, ANI and deduplication	1	1	2	1	2	0	confirmed_sequence_available	assembly_available_qc_required	no	partial_context_metadata	Helianthus annuus	Uganda	Helianthus annuus	Uganda	1962	SAMN42161499	GCF_041477645.1	SRR29644177; SRR30040133	GCF_041477645.1	SRR29644177; SRR30040133	
NCPPB 1326	present_in_both	Xanthomonas vasicola pv. vasculorum (Cobb 1894) Lang et al. 2017	Xanthomonas	current_xanthomonas	P3	assembly_available_qc_required	automatic_candidate_after_genome_qc	download selected assembly; complete QC, contamination screening, ANI and deduplication	4	2	2	2	2	0	confirmed_sequence_available	assembly_available_qc_required	no	partial_context_metadata	Saccharum officinarum	Zimbabwe	Saccharum officinarum; sugarcane	Zimbabwe	1962	SAMN36701288; SAMN36357974; SAMN02471728; SAMN00991247	GCF_000277995.1; GCF_045897555.1	SRR25411586; SRR494491	GCF_045897555.1; GCF_000277995.1	SRR25411586; SRR494491	
NCPPB 1332	present_in_both	Xanthomonas vesicatoria (ex Doidge 1920) Vauterin et al. 1995	Xanthomonas	current_xanthomonas	P3	no_confirmed_public_sequence	no_genome_input	retain count=0; optional separate marker-gene/literature search	0	0	0	0	0	0	no_confirmed_ncbi_match	no_confirmed_public_sequence	no	missing_context_metadata	Solanum lycopersicum	Jamaica									
NCPPB 1334	present_in_both	Xanthomonas euvesicatoria pv. ionidii (Padhya & Patel 1963) Harrison et al. 2023	Xanthomonas	current_xanthomonas	P3	same_pathovar_historical_or_updated_species_name	conditional_release_for_genus_tree_qc_ani_only	calculate ANI/GTDB against suitable references; use NCPPB name as primary label and retain NCBI name as submitted/historical label	1	1	1	0	0	6	linked_sequence_blocked_pending_taxonomy_review	taxonomy_review_required_before_use	yes	partial_context_metadata	Ionidium heterophyllum	India	Ionidium sp.	India		SAMN19988970	GCF_019201465.1	SRR15305422			01_taxonomy_pathovar_audit_49.tsv
NCPPB 1336	present_in_both	Xanthomonas euvesicatoria pv. alangii (Padhya & Patel 1962) Constantin et al. 2016 comb. nov.	Xanthomonas	current_xanthomonas	P3	assembly_available_qc_required	automatic_candidate_after_genome_qc	download selected assembly; complete QC, contamination screening, ANI and deduplication	1	1	1	1	1	0	confirmed_sequence_available	assembly_available_qc_required	no	partial_context_metadata	Alangium lamarckii	India	Alangium sp.	India		SAMN19988971	GCF_019193005.1	SRR15305425	GCF_019193005.1	SRR15305425	
NCPPB 1337	present_in_both	Xanthomonas axonopodis pv. nakataecorchorii (Padhya & Patel 1963) Vauterin et al. 1995	Xanthomonas	current_xanthomonas	P3	pathovar_orthographic_variant	conditional_release_for_genus_tree_qc_ani_only	verify original nomenclature and valid spelling; retain both NCPPB and NCBI labels	2	1	3	0	0	10	linked_sequence_blocked_pending_taxonomy_review	taxonomy_review_required_before_use	yes	partial_context_metadata	Corchorus acutangulus	India	Corchorus aestuans; Corchorus aestuans var. aestuans	India	1961	SAMN56511361; SAMN42278572	GCF_041448975.1	SRR29692754; SRR37629064; SRR37789881			01_taxonomy_pathovar_audit_49.tsv
NCPPB 1381	present_in_both	Xanthomonas vasicola pv. vasculorum (Cobb 1894) Lang et al. 2017	Xanthomonas	current_xanthomonas	P3	assembly_available_qc_required	automatic_candidate_after_genome_qc	download selected assembly; complete QC, contamination screening, ANI and deduplication	3	2	2	2	2	0	confirmed_sequence_available	assembly_available_qc_required	no	partial_context_metadata	Saccharum officinarum	Zimbabwe	Saccharum officinarum	Zimbabwe	1962	SAMN36701289; SAMN36357975; SAMN00991255	GCF_000278015.1; GCF_045897775.1	SRR25411585; SRR494499	GCF_045897775.1; GCF_000278015.1	SRR25411585; SRR494499	
NCPPB 1393	present_in_both	Xanthomonas euvesicatoria pv. sesami (Sabet & Dowson 1960) Constantin et al. 2016 comb. nov.	Xanthomonas	current_xanthomonas	P3	no_confirmed_public_sequence	no_genome_input	retain count=0; optional separate marker-gene/literature search	0	0	0	0	0	0	no_confirmed_ncbi_match	no_confirmed_public_sequence	no	missing_context_metadata	Sesamum sp.	India									
NCPPB 1394	present_in_both	Xanthomonas vasicola Vauterin et al. 1995	Xanthomonas	current_xanthomonas	P3	assembly_available_qc_required	automatic_candidate_after_genome_qc	download selected assembly; complete QC, contamination screening, ANI and deduplication	2	1	0	1	0	0	confirmed_sequence_available	assembly_available_qc_required	no	complete_host_geography_date_source	Tripsacum laxum	Sri Lanka	Tripsacum laxum	Sri Lanka	1963	SAMN03145753; SAMN03140149	GCF_000774005.1		GCF_000774005.1		
NCPPB 1395	present_in_both	Xanthomonas vasicola Vauterin et al. 1995	Xanthomonas	current_xanthomonas	P3	assembly_available_qc_required	automatic_candidate_after_genome_qc	download selected assembly; complete QC, contamination screening, ANI and deduplication	1	1	0	1	0	0	confirmed_sequence_available	assembly_available_qc_required	no	complete_host_geography_date_source	Tripsacum laxum	Sri Lanka	Tripsacum laxum	Sri Lanka	1963	SAMN03140175	GCF_000772785.1		GCF_000772785.1		
NCPPB 1396	present_in_both	Xanthomonas vasicola Vauterin et al. 1995	Xanthomonas	current_xanthomonas	P3	assembly_available_qc_required	automatic_candidate_after_genome_qc	download selected assembly; complete QC, contamination screening, ANI and deduplication	1	1	0	1	0	0	confirmed_sequence_available	assembly_available_qc_required	no	complete_host_geography_date_source	Tripsacum laxum	Sri Lanka	Tripsacum laxum	Sri Lanka	1963	SAMN03140173	GCF_000772725.1		GCF_000772725.1		
NCPPB 1402	present_in_both	Xanthomonas citri pv. fuscans (Schaad et al. 2007) Constantin et al. 2016 comb. nov.	Xanthomonas	current_xanthomonas	P3	assembly_available_qc_required	automatic_candidate_after_genome_qc	download selected assembly; complete QC, contamination screening, ANI and deduplication	1	1	1	1	1	0	confirmed_sequence_available	assembly_available_qc_required	no	complete_host_geography_date_source	Phaseolus vulgaris	Uganda	Phaseolus vulgaris	Uganda	1962	SAMN03142810	GCF_000774025.2	SRR2052442	GCF_000774025.2	SRR2052442	
NCPPB 1420	present_in_both	Xanthomonas phaseoli pv. phaseoli (Smith 1897) Constantin et al. 2016 comb. nov.	Xanthomonas	current_xanthomonas	P3	assembly_available_qc_required	automatic_candidate_after_genome_qc	download selected assembly; complete QC, contamination screening, ANI and deduplication	1	1	1	1	1	0	confirmed_sequence_available	assembly_available_qc_required	no	complete_host_geography_date_source	Phaseolus vulgaris	Hungary	Phaseolus vulgaris	Hungary	1956	SAMN03175025	GCF_000785935.1	SRR2052880	GCF_000785935.1	SRR2052880	
NCPPB 1421	present_in_both	Xanthomonas vesicatoria (ex Doidge 1920) Vauterin et al. 1995	Xanthomonas	current_xanthomonas	P3	no_confirmed_public_sequence	no_genome_input	retain count=0; optional separate marker-gene/literature search	0	0	0	0	0	0	no_confirmed_ncbi_match	no_confirmed_public_sequence	no	missing_context_metadata	Solanum lycopersicum	Hungary									
NCPPB 1422	present_in_both	Xanthomonas hortorum pv. carotae (Kendrick 1934) Vauterin et al. 1995	Xanthomonas	current_xanthomonas	P3	no_confirmed_public_sequence	no_genome_input	retain count=0; optional separate marker-gene/literature search	0	0	0	0	0	0	no_confirmed_ncbi_match	no_confirmed_public_sequence	no	missing_context_metadata	Daucus carota var. sativa	Hungary									
NCPPB 1423	present_in_both	Xanthomonas vesicatoria (ex Doidge 1920) Vauterin et al. 1995	Xanthomonas	current_xanthomonas	P3	no_confirmed_public_sequence	no_genome_input	retain count=0; optional separate marker-gene/literature search	0	0	0	0	0	0	no_confirmed_ncbi_match	no_confirmed_public_sequence	no	missing_context_metadata	Solanum lycopersicum	Hungary									
NCPPB 1426	present_in_both	Xanthomonas vesicatoria (ex Doidge 1920) Vauterin et al. 1995	Xanthomonas	current_xanthomonas	P3	no_confirmed_public_sequence	no_genome_input	retain count=0; optional separate marker-gene/literature search	0	0	0	0	0	0	no_confirmed_ncbi_match	no_confirmed_public_sequence	no	missing_context_metadata	Solanum lycopersicum	Hungary									
NCPPB 1431	present_in_both	Xanthomonas vesicatoria (ex Doidge 1920) Vauterin et al. 1995	Xanthomonas	current_xanthomonas	P3	no_confirmed_public_sequence	no_genome_input	retain count=0; optional separate marker-gene/literature search	0	0	0	0	0	0	no_confirmed_ncbi_match	no_confirmed_public_sequence	no	missing_context_metadata	Solanum lycopersicum	Hungary									
NCPPB 1433	present_in_both	Xanthomonas citri pv. fuscans (Schaad et al. 2007) Constantin et al. 2016 comb. nov.	Xanthomonas	current_xanthomonas	P3	assembly_available_qc_required	automatic_candidate_after_genome_qc	download selected assembly; complete QC, contamination screening, ANI and deduplication	1	1	1	1	1	0	confirmed_sequence_available	assembly_available_qc_required	no	complete_host_geography_date_source	Phaseolus vulgaris	Hungary	Phaseolus vulgaris	Hungary	1956	SAMN03142399	GCF_000775215.1	SRR2052427	GCF_000775215.1	SRR2052427	
NCPPB 1438	present_in_both	Xanthomonas euvesicatoria Vauterin et al. 1995 (Invalid name)	Xanthomonas	current_xanthomonas	P3	no_confirmed_public_sequence	no_genome_input	retain count=0; optional separate marker-gene/literature search	0	0	0	0	0	0	no_confirmed_ncbi_match	no_confirmed_public_sequence	no	missing_context_metadata	Capsicum frutescens	Hungary									
NCPPB 1439	present_in_both	Xanthomonas citri pv. fuscans (Schaad et al. 2007) Constantin et al. 2016 comb. nov.	Xanthomonas	current_xanthomonas	P3	no_confirmed_public_sequence	no_genome_input	retain count=0; optional separate marker-gene/literature search	0	0	0	0	0	0	no_confirmed_ncbi_match	no_confirmed_public_sequence	no	missing_context_metadata	Phaseolus vulgaris	Hungary									
NCPPB 1447	present_in_both	Xanthomonas arboricola pv. juglandis (Pierce 1901) Vauterin et al. 1995	Xanthomonas	current_xanthomonas	P3	assembly_available_qc_required	automatic_candidate_after_genome_qc	download selected assembly; complete QC, contamination screening, ANI and deduplication	1	1	0	1	0	0	confirmed_sequence_available	assembly_available_qc_required	no	missing_context_metadata	Juglans regia	Romania				SAMN02469596	GCF_000306055.1		GCF_000306055.1		
NCPPB 1451	present_in_both	Xanthomonas campestris pv. vitistrifoliae (Padhya et al. 1965) Dye 1978	Xanthomonas	current_xanthomonas	P3	no_confirmed_public_sequence	no_genome_input	retain count=0; optional separate marker-gene/literature search	0	0	0	0	0	0	no_confirmed_ncbi_match	no_confirmed_public_sequence	no	missing_context_metadata	Vitis trifolia	India									
NCPPB 1452	present_in_both	Xanthomonas citri pv. thirumalacharii (Padhya & Patel 1964) Constantin et al. 2016 comb. nov.	Xanthomonas	current_xanthomonas	P3	no_confirmed_public_sequence	no_genome_input	retain count=0; optional separate marker-gene/literature search	0	0	0	0	0	0	no_confirmed_ncbi_match	no_confirmed_public_sequence	no	missing_context_metadata	Triumfetta pilosa	India									
NCPPB 1453	present_in_both	Xanthomonas euvesicatoria pv. spermacoces (Srinivasan & Patel 1956) Harrison et al. 2023	Xanthomonas	current_xanthomonas	P3	no_confirmed_public_sequence	no_genome_input	retain count=0; optional separate marker-gene/literature search	0	0	0	0	0	0	no_confirmed_ncbi_match	no_confirmed_public_sequence	no	missing_context_metadata	Spermacoce hispida	India									
NCPPB 1454	present_in_both	Xanthomonas euvesicatoria pv. tribuli (Srinivasan and Patel 1956) Constantin et al. 2016 comb. nov.	Xanthomonas	current_xanthomonas	P3	no_confirmed_public_sequence	no_genome_input	retain count=0; optional separate marker-gene/literature search	0	0	0	0	0	0	no_confirmed_ncbi_match	no_confirmed_public_sequence	no	missing_context_metadata	Tribulus terrestris	India									
NCPPB 1455	present_in_both	Xanthomonas campestris pv. lantanae (Srinivasan & Patel 1957) Dye 1978	Xanthomonas	current_xanthomonas	P2	wgs_reads_require_assembly_and_qc	candidate_after_read_qc_and_assembly	download reads; trim, assemble, then complete genome QC and ANI	1	0	1	0	1	0	confirmed_sequence_available	raw_wgs_reads_require_assembly_and_qc	no	partial_context_metadata	Lantana camara var. aculeata	India	Lantana camara var. aculeata	India	1956	SAMN41763920		SRR29334729		SRR29334729	
NCPPB 1457	present_in_both	Xanthomonas euvesicatoria pv. coriandri (Srinivasan et al. 1961) Harrison et al. 2023	Xanthomonas	current_xanthomonas	P3	no_confirmed_public_sequence	no_genome_input	retain count=0; optional separate marker-gene/literature search	0	0	0	0	0	0	no_confirmed_ncbi_match	no_confirmed_public_sequence	no	missing_context_metadata	Coriandrum sativum	India									
NCPPB 1469	present_in_both	Xanthomonas fragariae Kennedy and King 1962	Xanthomonas	current_xanthomonas	P3	assembly_available_qc_required	automatic_candidate_after_genome_qc	download selected assembly; complete QC, contamination screening, ANI and deduplication	7	4	1	4	1	0	confirmed_sequence_available	assembly_available_qc_required	no	complete_host_geography_date_source	Fragaria chiloensis var. ananassa	USA	Not collected	Not collected; missing; not applicable	2024; 2020; 2021	SAMN39942670; SAMEA104068692; SAMN43284562; SAMN43282235; SAMN43282231; SAMN43282199; SAMD00253071	GCA_042647025.1; GCF_042647305.1; GCF_042665935.1; GCF_900183975.1	SRR27965832	GCF_900183975.1; GCF_042665935.1; GCA_042647025.1; GCF_042647305.1	SRR27965832	
NCPPB 1471	present_in_both	Xanthomonas citri pv. citri (Hasse 1915) Constantin 2016 comb. nov.	Xanthomonas	current_xanthomonas	P2	wgs_reads_require_assembly_and_qc	candidate_after_read_qc_and_assembly	download reads; trim, assemble, then complete genome QC and ANI	1	0	1	0	1	0	confirmed_sequence_available	raw_wgs_reads_require_assembly_and_qc	no	partial_context_metadata	Citrus paradisi	Hong Kong	Citrus x paradisi	China	1963	SAMN30973815		SRR21684635		SRR21684635	
NCPPB 1472	present_in_both	Xanthomonas citri pv. citri (Hasse 1915) Constantin 2016 comb. nov.	Xanthomonas	current_xanthomonas	P3	no_confirmed_public_sequence	no_genome_input	retain count=0; optional separate marker-gene/literature search	0	0	0	0	0	0	no_confirmed_ncbi_match	no_confirmed_public_sequence	no	missing_context_metadata	Citrus grandis	Hong Kong									
NCPPB 1473	present_in_both	Xanthomonas axonopodis pv. ricini (Yoshi & Takimoto 1928) Vauterin et al. 1995	Xanthomonas	current_xanthomonas	P3	assembly_available_qc_required	automatic_candidate_after_genome_qc	download selected assembly; complete QC, contamination screening, ANI and deduplication	1	1	2	1	2	0	confirmed_sequence_available	assembly_available_qc_required	no	partial_context_metadata	Ricinus communis.	Zimbabwe	Ricinus communis	Zimbabwe	1963	SAMN42178443	GCF_053571445.1	SRR29654666; SRR30041331	GCF_053571445.1	SRR29654666; SRR30041331	
NCPPB 1475	present_in_both	Xanthomonas axonopodis pv. cassiae (Kulkarni et al. 1951) Vauterin et al. 1995	Xanthomonas	current_xanthomonas	P3	assembly_available_qc_required	automatic_candidate_after_genome_qc	download selected assembly; complete QC, contamination screening, ANI and deduplication	1	1	2	1	2	0	confirmed_sequence_available	assembly_available_qc_required	no	partial_context_metadata	Cassia tora	India	Senna tora	India	1963	SAMN42178453	GCF_053646575.1	SRR29654628; SRR30037586	GCF_053646575.1	SRR29654628; SRR30037586	
NCPPB 1482	present_in_both	Xanthomonas citri pv. malvacearum (Smith 1901) Constantin et al. 2016 comb. nov.	Xanthomonas	current_xanthomonas	P3	no_confirmed_public_sequence	no_genome_input	retain count=0; optional separate marker-gene/literature search	0	0	0	0	0	0	no_confirmed_ncbi_match	no_confirmed_public_sequence	no	missing_context_metadata	Gossypium sp	Australia									
NCPPB 1495	present_in_both	Xanthomonas citri pv. fuscans (Schaad et al. 2007) Constantin et al. 2016 comb. nov.	Xanthomonas	current_xanthomonas	P1	explicit_pathovar_conflict	conditional_release_for_genus_tree_qc_ani_only	check original culture/publication and host; calculate ANI/GTDB; require independent evidence before using any pathovar label	1	1	1	0	0	6	linked_sequence_blocked_pending_taxonomy_review	taxonomy_review_required_before_use	yes	complete_host_geography_date_source	Phaseolus vulgaris (seed).	UK	Phaseolus vulgaris	United Kingdom	1963	SAMN03142808	GCF_000786915.1	SRR2052458			01_taxonomy_pathovar_audit_49.tsv
NCPPB 1560	present_in_both	Xanthomonas sp. Dowson 1939	Xanthomonas	current_xanthomonas	P3	assembly_available_qc_required	automatic_candidate_after_genome_qc	download selected assembly; complete QC, contamination screening, ANI and deduplication	1	1	2	1	2	0	confirmed_sequence_available	assembly_available_qc_required	no	partial_context_metadata	Lobelia erinus	UK	Lobelia erinus	United Kingdom	1963	SAMN42161500	GCF_041475815.1	SRR29644176; SRR30040124	GCF_041475815.1	SRR29644176; SRR30040124	
NCPPB 1568	present_in_both	Xanthomonas sp. Dowson 1939	Xanthomonas	current_xanthomonas	P3	no_confirmed_public_sequence	no_genome_input	retain count=0; optional separate marker-gene/literature search	0	0	0	0	0	0	no_confirmed_ncbi_match	no_confirmed_public_sequence	no	missing_context_metadata	Jasminium sambac	India									
NCPPB 1585	present_in_both	Xanthomonas oryzae pv. oryzicola (Fang et al. 1957) Swings et al. 1990	Xanthomonas	current_xanthomonas	P3	assembly_available_qc_required	automatic_candidate_after_genome_qc	download selected assembly; complete QC, contamination screening, ANI and deduplication	3	3	8	3	8	0	confirmed_sequence_available	assembly_available_qc_required	no	partial_context_metadata	Oryza sativa	Malaysia	Oryza sativa	Malaysia	1964	SAMN40354542; SAMN08729510; SAMN03612252	GCF_001042735.1; GCF_003064145.1; GCF_040202085.2	SRR2033534; SRR2047367; SRR2047368; SRR2047369; SRR2047370; SRR2047371; SRR28281450; SRR30284786	GCF_040202085.2; GCF_003064145.1; GCF_001042735.1	SRR28281450; SRR30284786; SRR2033534; SRR2047367; SRR2047368; SRR2047369; SRR2047370; SRR2047371	
NCPPB 1593	present_in_both	Xanthomonas euvesicatoria pv. argemones (Srinivasan et al. 1961) Constantin et al. 2016 comb. nov.	Xanthomonas	current_xanthomonas	P3	no_confirmed_public_sequence	no_genome_input	retain count=0; optional separate marker-gene/literature search	0	0	0	0	0	0	no_confirmed_ncbi_match	no_confirmed_public_sequence	no	missing_context_metadata	Argemone mexicana	India									
NCPPB 1594	present_in_both	Xanthomonas axonopodis pv. nakataecorchorii (Padhya & Patel 1963) Vauterin et al. 1995	Xanthomonas	current_xanthomonas	P3	pathovar_orthographic_variant	conditional_release_for_genus_tree_qc_ani_only	verify original nomenclature and valid spelling; retain both NCPPB and NCBI labels	1	1	2	0	0	7	linked_sequence_blocked_pending_taxonomy_review	taxonomy_review_required_before_use	yes	partial_context_metadata	Corchorus acutangulus	India	Corchorus aestuans	India	1961	SAMN56511363	GCF_056612795.1	SRR37629062; SRR37789879			01_taxonomy_pathovar_audit_49.tsv
NCPPB 1595	present_in_both	Xanthomonas euvesicatoria pv. physalidis (Srinivasan et al. 1962) Constantin et al. 2016 comb. nov.	Xanthomonas	current_xanthomonas	P3	no_confirmed_public_sequence	no_genome_input	retain count=0; optional separate marker-gene/literature search	0	0	0	0	0	0	no_confirmed_ncbi_match	no_confirmed_public_sequence	no	missing_context_metadata	Physalis minima	India									
NCPPB 1596	present_in_both	Xanthomonas euvesicatoria pv. spermacoces (Srinivasan & Patel 1956) Harrison et al. 2023	Xanthomonas	current_xanthomonas	P3	no_confirmed_public_sequence	no_genome_input	retain count=0; optional separate marker-gene/literature search	0	0	0	0	0	0	no_confirmed_ncbi_match	no_confirmed_public_sequence	no	missing_context_metadata	Spermacoce hispida.	India									
NCPPB 1607	present_in_both	Xanthomonas arboricola pv. pruni (Smith 1903) Vauterin et al. 1995	Xanthomonas	current_xanthomonas	P1	manual_review_required_non_audit	not_automatically_usable	review the remaining identity/taxonomy reason in manual_review_candidates.tsv; approve or reject before sequence use	0	0	0	0	0	0	provisional_match_requires_review	identity_review_required_before_use	yes	missing_context_metadata	Prunus persica	Australia									
NCPPB 1610	present_in_both	Xanthomonas hortorum pv. pelargonii (Brown 1923) Vauterin et al. 1995	Xanthomonas	current_xanthomonas	P3	no_confirmed_public_sequence	no_genome_input	retain count=0; optional separate marker-gene/literature search	0	0	0	0	0	0	no_confirmed_ncbi_match	no_confirmed_public_sequence	no	missing_context_metadata	Pelargonium hortorum	UK									
NCPPB 1612	present_in_both	Xanthomonas euvesicatoria pv. blepharidis (Srinivasan & Patel 1956) Harrison et al. 2023	Xanthomonas	current_xanthomonas	P3	no_confirmed_public_sequence	no_genome_input	retain count=0; optional separate marker-gene/literature search	0	0	0	0	0	0	no_confirmed_ncbi_match	no_confirmed_public_sequence	no	missing_context_metadata	Boerhaavia repens	India									
NCPPB 1615	present_in_both	Xanthomonas hortorum pv. pelargonii (Brown 1923) Vauterin et al. 1995	Xanthomonas	current_xanthomonas	P3	no_confirmed_public_sequence	no_genome_input	retain count=0; optional separate marker-gene/literature search	0	0	0	0	0	0	no_confirmed_ncbi_match	no_confirmed_public_sequence	no	missing_context_metadata	Pelargonium hortorum	UK									
NCPPB 1616	present_in_both	Xanthomonas vesicatoria (ex Doidge 1920) Vauterin et al. 1995	Xanthomonas	current_xanthomonas	P3	no_confirmed_public_sequence	no_genome_input	retain count=0; optional separate marker-gene/literature search	0	0	0	0	0	0	no_confirmed_ncbi_match	no_confirmed_public_sequence	no	missing_context_metadata	Solanum lycopersicum	Zambia									
NCPPB 1622	present_in_both	Xanthomonas hyacinthi (Wakker 1883) Vauterin et al. 1995	Xanthomonas	current_xanthomonas	P3	no_confirmed_public_sequence	no_genome_input	retain count=0; optional separate marker-gene/literature search	0	0	0	0	0	0	no_confirmed_ncbi_match	no_confirmed_public_sequence	no	missing_context_metadata	Hyacinthus orientalis	UK									
NCPPB 1628	present_in_both	Xanthomonas euvesicatoria pv. alangii (Padhya & Patel 1962) Constantin et al. 2016 comb. nov.	Xanthomonas	current_xanthomonas	P3	no_confirmed_public_sequence	no_genome_input	retain count=0; optional separate marker-gene/literature search	0	0	0	0	0	0	no_confirmed_ncbi_match	no_confirmed_public_sequence	no	missing_context_metadata	Alangium lamarckii	India									
NCPPB 1629	present_in_both	Xanthomonas axonopodis pv. bauhiniae (Padhya et al. 1965) Vauterin et al. 1995	Xanthomonas	current_xanthomonas	P2	wgs_reads_require_assembly_and_qc	candidate_after_read_qc_and_assembly	download reads; trim, assemble, then complete genome QC and ANI	1	0	1	0	1	0	confirmed_sequence_available	raw_wgs_reads_require_assembly_and_qc	no	partial_context_metadata	Bauhinia racemosa	India	Bauhinia racemosa	India	1961	SAMN42283062		SRR29695112		SRR29695112	
NCPPB 1630	present_in_both	Xanthomonas arboricola pv. celebensis (Gaumann 1923) Vauterin et al. 1995	Xanthomonas	current_xanthomonas	P3	assembly_available_qc_required	automatic_candidate_after_genome_qc	download selected assembly; complete QC, contamination screening, ANI and deduplication	1	1	1	1	1	0	confirmed_sequence_available	assembly_available_qc_required	no	complete_host_geography_date_source	Musa sp.	New Zealand	Musa sp. (banana)	New Zealand	1960	SAMN02854337	GCF_000724915.1	SRR1515237	GCF_000724915.1	SRR1515237	
NCPPB 1632	present_in_both	Xanthomonas oryzae pv. oryzicola (Fang et al. 1957) Swings et al. 1990	Xanthomonas	current_xanthomonas	P3	no_confirmed_public_sequence	no_genome_input	retain count=0; optional separate marker-gene/literature search	0	0	0	0	0	0	no_confirmed_ncbi_match	no_confirmed_public_sequence	no	missing_context_metadata											
NCPPB 1633	present_in_both	Xanthomonas citri pv. vignicola (Burkholder 1944) Constantin et al. 2016 comb. nov.	Xanthomonas	current_xanthomonas	P3	assembly_available_qc_required	automatic_candidate_after_genome_qc	download selected assembly; complete QC, contamination screening, ANI and deduplication	1	1	0	1	0	0	confirmed_sequence_available	assembly_available_qc_required	no	partial_context_metadata		USA	Cowpea	USA: Texas	1942	SAMN07252112	GCF_002218245.1		GCF_002218245.1		
NCPPB 1638	present_in_both	Xanthomonas sp. Dowson 1939	Xanthomonas	current_xanthomonas	P3	assembly_available_qc_required	automatic_candidate_after_genome_qc	download selected assembly; complete QC, contamination screening, ANI and deduplication	1	1	2	1	2	0	confirmed_sequence_available	assembly_available_qc_required	no	partial_context_metadata	Cucurbita pepo var. melopepo	Uganda	Cucurbita melopepo	Uganda	1964	SAMN42161501	GCF_041475635.1	SRR29644175; SRR30040123	GCF_041475635.1	SRR29644175; SRR30040123	
NCPPB 1645	present_in_both	Xanthomonas campestris pv. campestris (Pammel 1895) Dowson 1939	Xanthomonas	current_xanthomonas	P3	assembly_available_qc_required	automatic_candidate_after_genome_qc	download selected assembly; complete QC, contamination screening, ANI and deduplication	1	1	1	1	1	0	confirmed_sequence_available	assembly_available_qc_required	no	partial_context_metadata	Brassica oleracea	Kenya	Brassica oleracea	Kenya	1964	SAMN36368322	GCA_035023525.1	SRR25205307	GCA_035023525.1	SRR25205307	
NCPPB 1646	present_in_both	Xanthomonas phaseoli pv. phaseoli (Smith 1897) Constantin et al. 2016 comb. nov.	Xanthomonas	current_xanthomonas	P1	manual_review_required_non_audit	not_automatically_usable	review the remaining identity/taxonomy reason in manual_review_candidates.tsv; approve or reject before sequence use	0	0	0	0	0	0	provisional_match_requires_review	identity_review_required_before_use	yes	missing_context_metadata	Phaseolus vulgaris.	Australia									
NCPPB 1648	present_in_both	Xanthomonas campestris pv. campestris (Pammel 1895) Dowson 1939	Xanthomonas	current_xanthomonas	P3	no_confirmed_public_sequence	no_genome_input	retain count=0; optional separate marker-gene/literature search	0	0	0	0	0	0	no_confirmed_ncbi_match	no_confirmed_public_sequence	no	missing_context_metadata	Brassica oleracea var. capitata	Tonga									
NCPPB 1654	present_in_both	Xanthomonas citri pv. fuscans (Schaad et al. 2007) Constantin et al. 2016 comb. nov.	Xanthomonas	current_xanthomonas	P3	assembly_available_qc_required	automatic_candidate_after_genome_qc	download selected assembly; complete QC, contamination screening, ANI and deduplication	1	1	1	1	1	0	confirmed_sequence_available	assembly_available_qc_required	no	complete_host_geography_date_source	Phaseolus vulgaris	South Africa	Phaseolus vulgaris	South Africa	1963	SAMN03142402	GCF_000775185.1	SRR2052433	GCF_000775185.1	SRR2052433	
NCPPB 1659	present_in_both	Xanthomonas arboricola pv. juglandis (Pierce 1901) Vauterin et al. 1995	Xanthomonas	current_xanthomonas	P3	no_confirmed_public_sequence	no_genome_input	retain count=0; optional separate marker-gene/literature search	0	0	0	0	0	0	no_confirmed_ncbi_match	no_confirmed_public_sequence	no	missing_context_metadata	Juglans regia	UK									
NCPPB 1668	present_in_both	Xanthomonas hortorum pv. cynarae Morinière et al. (2020)	Xanthomonas	current_xanthomonas	P3	no_confirmed_public_sequence	no_genome_input	retain count=0; optional separate marker-gene/literature search	0	0	0	0	0	0	no_confirmed_ncbi_match	no_confirmed_public_sequence	no	missing_context_metadata	Cynara scolymus										
NCPPB 1671	present_in_both	Xanthomonas citri pv. sesbaniae (Patel et al. 1952) Constantin et al. 2016 comb. nov.	Xanthomonas	current_xanthomonas	P3	no_confirmed_public_sequence	no_genome_input	retain count=0; optional separate marker-gene/literature search	0	0	0	0	0	0	no_confirmed_ncbi_match	no_confirmed_public_sequence	no	missing_context_metadata	Sesbania aculeata	India									
NCPPB 1672	present_in_both	Xanthomonas sp. Dowson 1939	Xanthomonas	current_xanthomonas	P3	no_confirmed_public_sequence	no_genome_input	retain count=0; optional separate marker-gene/literature search	0	0	0	0	0	0	no_confirmed_ncbi_match	no_confirmed_public_sequence	no	missing_context_metadata	Saccharum officinarum	Tanzania									
NCPPB 1680	present_in_both	Xanthomonas phaseoli pv. phaseoli (Smith 1897) Constantin et al. 2016 comb. nov.	Xanthomonas	current_xanthomonas	P3	assembly_available_qc_required	automatic_candidate_after_genome_qc	download selected assembly; complete QC, contamination screening, ANI and deduplication	1	1	1	1	1	0	confirmed_sequence_available	assembly_available_qc_required	no	partial_context_metadata	Phaseolus vulgaris	Tanzania	Phaseolus vulgaris	Tanzania	1964	SAMN03257737	GCF_000808695.2	SRR2052882	GCF_000808695.2	SRR2052882	
NCPPB 1683	present_in_both	Stenotrophomonas hibiscicola (Moniz 1963) Nguyen et al. 2024	Stenotrophomonas	reclassified_outside_xanthomonas	P2	reclassified_outside_xanthomonas_scope_decision	only_after_supervisor_scope_decision	decide whether retained as outgroup/historical record; do not assume ingroup membership	4	1	2	1	1	4	confirmed_sequence_available	assembly_available_qc_required	yes	complete_host_geography_date_source	Hibiscus rosasinensis	India	Duellmanohyla rufioculis	Missing; Bangladesh: Nayabazar, Chittagong; Costa Rica: Monteverde	2019; 2012	SAMN02441648; SAMN37626383; SAMN13507659; SAMN02194609	GCF_000382065.1	SRR26265284; SRR892271	GCF_000382065.1	SRR26265284	
NCPPB 1684	present_in_both	Xanthomonas axonopodis pv. ricini (Yoshi & Takimoto 1928) Vauterin et al. 1995	Xanthomonas	current_xanthomonas	P3	assembly_available_qc_required	automatic_candidate_after_genome_qc	download selected assembly; complete QC, contamination screening, ANI and deduplication	1	1	2	1	2	0	confirmed_sequence_available	assembly_available_qc_required	no	partial_context_metadata	Ricinus communis	Kenya	Ricinus communis	Kenya	1964	SAMN42178444	GCF_041462375.1	SRR29654665; SRR30041330	GCF_041462375.1	SRR29654665; SRR30041330	
NCPPB 1685	present_in_both	Xanthomonas campestris pv. campestris (Pammel 1895) Dowson 1939	Xanthomonas	current_xanthomonas	P3	no_confirmed_public_sequence	no_genome_input	retain count=0; optional separate marker-gene/literature search	0	0	0	0	0	0	no_confirmed_ncbi_match	no_confirmed_public_sequence	no	missing_context_metadata	Brassica oleracea var. capitata	Australia									
NCPPB 1697	present_in_both	Xanthomonas citri pv. malvacearum (Smith 1901) Constantin et al. 2016 comb. nov.	Xanthomonas	current_xanthomonas	P3	no_confirmed_public_sequence	no_genome_input	retain count=0; optional separate marker-gene/literature search	0	0	0	0	0	0	no_confirmed_ncbi_match	no_confirmed_public_sequence	no	missing_context_metadata	Gossypium hirsutum	Azerbaijan									
NCPPB 1698	present_in_both	Xanthomonas citri pv. malvacearum (Smith 1901) Constantin et al. 2016 comb. nov.	Xanthomonas	current_xanthomonas	P3	no_confirmed_public_sequence	no_genome_input	retain count=0; optional separate marker-gene/literature search	0	0	0	0	0	0	no_confirmed_ncbi_match	no_confirmed_public_sequence	no	missing_context_metadata	Gossypium sp	Uganda									
NCPPB 1699	present_in_both	Xanthomonas citri pv. malvacearum (Smith 1901) Constantin et al. 2016 comb. nov.	Xanthomonas	current_xanthomonas	P3	no_confirmed_public_sequence	no_genome_input	retain count=0; optional separate marker-gene/literature search	0	0	0	0	0	0	no_confirmed_ncbi_match	no_confirmed_public_sequence	no	missing_context_metadata	Gossypium sp.	Thailand									
NCPPB 1700	present_in_both	Xanthomonas citri pv. malvacearum (Smith 1901) Constantin et al. 2016 comb. nov.	Xanthomonas	current_xanthomonas	P3	no_confirmed_public_sequence	no_genome_input	retain count=0; optional separate marker-gene/literature search	0	0	0	0	0	0	no_confirmed_ncbi_match	no_confirmed_public_sequence	no	missing_context_metadata	Gossypium sp.	Uganda									
NCPPB 1701	present_in_both	Xanthomonas citri pv. malvacearum (Smith 1901) Constantin et al. 2016 comb. nov.	Xanthomonas	current_xanthomonas	P3	no_confirmed_public_sequence	no_genome_input	retain count=0; optional separate marker-gene/literature search	0	0	0	0	0	0	no_confirmed_ncbi_match	no_confirmed_public_sequence	no	missing_context_metadata	Gossypium sp.	Uganda									
NCPPB 1711	present_in_both	Xanthomonas campestris pv. campestris (Pammel 1895) Dowson 1939	Xanthomonas	current_xanthomonas	P3	assembly_available_qc_required	automatic_candidate_after_genome_qc	download selected assembly; complete QC, contamination screening, ANI and deduplication	1	1	1	1	1	0	confirmed_sequence_available	assembly_available_qc_required	no	partial_context_metadata	Brassica rapa	Canada	Brassica rapa	Canada	1953	SAMN36346973	GCA_035026785.1	SRR25183328	GCA_035026785.1	SRR25183328	
NCPPB 1712	present_in_both	Xanthomonas citri pv. malvacearum (Smith 1901) Constantin et al. 2016 comb. nov.	Xanthomonas	current_xanthomonas	P3	no_confirmed_public_sequence	no_genome_input	retain count=0; optional separate marker-gene/literature search	0	0	0	0	0	0	no_confirmed_ncbi_match	no_confirmed_public_sequence	no	missing_context_metadata	Gossypium hirsutum	Sudan									
NCPPB 1713	present_in_both	Xanthomonas citri (ex Hasse 1915) Gabriel et al. 1989	Xanthomonas	current_xanthomonas	P3	assembly_available_qc_required	automatic_candidate_after_genome_qc	download selected assembly; complete QC, contamination screening, ANI and deduplication	2	1	3	1	3	0	confirmed_sequence_available	assembly_available_qc_required	no	partial_context_metadata	Dolichos lablab	Zimbabwe	Lablab purpureus	Zimbabwe	1962	SAMN56511364; SAMN03257621	GCF_000807875.2	SRR2051464; SRR37629061; SRR37789878	GCF_000807875.2	SRR37629061; SRR37789878; SRR2051464	
NCPPB 1714	present_in_both	Xanthomonas citri pv. glycines (Nakano 1919) Constantin et al. 2016 comb.nov.	Xanthomonas	current_xanthomonas	P3	no_confirmed_public_sequence	no_genome_input	retain count=0; optional separate marker-gene/literature search	0	0	0	0	0	0	no_confirmed_ncbi_match	no_confirmed_public_sequence	no	missing_context_metadata	Glycine javanica	Zambia									
NCPPB 1715	present_in_both	Xanthomonas campestris pv. zinniae (Hopkins & Dowson 1949) Dye 1978	Xanthomonas	current_xanthomonas	P3	no_confirmed_public_sequence	no_genome_input	retain count=0; optional separate marker-gene/literature search	0	0	0	0	0	0	no_confirmed_ncbi_match	no_confirmed_public_sequence	no	missing_context_metadata	Zinnia sp.	Zambia									
NCPPB 1717	present_in_both	Xanthomonas citri pv. glycines (Nakano 1919) Constantin et al. 2016 comb.nov.	Xanthomonas	current_xanthomonas	P3	no_confirmed_public_sequence	no_genome_input	retain count=0; optional separate marker-gene/literature search	0	0	0	0	0	0	no_confirmed_ncbi_match	no_confirmed_public_sequence	no	missing_context_metadata	Glycine max	Zimbabwe									
NCPPB 1737	present_in_both	Xanthomonas albilineans (Ashby 1929) Dowson 1943	Xanthomonas	current_xanthomonas	P3	no_confirmed_public_sequence	no_genome_input	retain count=0; optional separate marker-gene/literature search	0	0	0	0	0	0	no_confirmed_ncbi_match	no_confirmed_public_sequence	no	missing_context_metadata	Saccharum officinarum	Zimbabwe									
NCPPB 1738	present_in_both	Xanthomonas albilineans (Ashby 1929) Dowson 1943	Xanthomonas	current_xanthomonas	P3	no_confirmed_public_sequence	no_genome_input	retain count=0; optional separate marker-gene/literature search	0	0	0	0	0	0	no_confirmed_ncbi_match	no_confirmed_public_sequence	no	missing_context_metadata	Saccharum officinarum	Zimbabwe									
NCPPB 1754	present_in_both	Xanthomonas sp. Dowson 1939	Xanthomonas	current_xanthomonas	P3	assembly_available_qc_required	automatic_candidate_after_genome_qc	download selected assembly; complete QC, contamination screening, ANI and deduplication	1	1	2	1	2	0	confirmed_sequence_available	assembly_available_qc_required	no	partial_context_metadata	Celsia coramandeliana	India	Celsia sp.	India		SAMN42161502	GCF_041475725.1	SRR29644174; SRR30040122	GCF_041475725.1	SRR29644174; SRR30040122	
NCPPB 1755	present_in_both	Xanthomonas euvesicatoria pv. ionidii (Padhya & Patel 1963) Harrison et al. 2023	Xanthomonas	current_xanthomonas	P3	no_confirmed_public_sequence	no_genome_input	retain count=0; optional separate marker-gene/literature search	0	0	0	0	0	0	no_confirmed_ncbi_match	no_confirmed_public_sequence	no	missing_context_metadata	Ionidium sufruticosum	India									
NCPPB 1756	present_in_both	Xanthomonas euvesicatoria pv. physalidis (Srinivasan et al. 1962) Constantin et al. 2016 comb. nov.	Xanthomonas	current_xanthomonas	P3	assembly_available_qc_required	automatic_candidate_after_genome_qc	download selected assembly; complete QC, contamination screening, ANI and deduplication	1	1	1	1	1	0	confirmed_sequence_available	assembly_available_qc_required	no	partial_context_metadata	Physalis minima	India	Physalis minima	India		SAMN19988972	GCF_019192985.1	SRR15305417	GCF_019192985.1	SRR15305417	
NCPPB 1757	present_in_both	Xanthomonas euvesicatoria pv. blepharidis (Srinivasan & Patel 1956) Harrison et al. 2023	Xanthomonas	current_xanthomonas	P3	same_pathovar_historical_or_updated_species_name	conditional_release_for_genus_tree_qc_ani_only	calculate ANI/GTDB against suitable references; use NCPPB name as primary label and retain NCBI name as submitted/historical label	1	1	1	0	0	6	linked_sequence_blocked_pending_taxonomy_review	taxonomy_review_required_before_use	yes	partial_context_metadata	Blepharis boarhaavifolia	India	Blepharis sp.	India		SAMN19988973	GCF_019201485.1	SRR15305423			01_taxonomy_pathovar_audit_49.tsv
NCPPB 1758	present_in_both	Xanthomonas euvesicatoria pv. coriandri (Srinivasan et al. 1961) Harrison et al. 2023	Xanthomonas	current_xanthomonas	P3	same_pathovar_historical_or_updated_species_name	conditional_release_for_genus_tree_qc_ani_only	calculate ANI/GTDB against suitable references; use NCPPB name as primary label and retain NCBI name as submitted/historical label	1	1	1	0	0	6	linked_sequence_blocked_pending_taxonomy_review	taxonomy_review_required_before_use	yes	partial_context_metadata	Coriandrum sativum	India	Coriandrum sativum	India		SAMN19988974	GCF_019201305.1	SRR15305430			01_taxonomy_pathovar_audit_49.tsv
NCPPB 1759	present_in_both	Xanthomonas campestris pv. bilvae Chakravarti et al. 1984	Xanthomonas	current_xanthomonas	P2	species_or_pathovar_unresolved	conditional_release_for_genus_tree_qc_ani_only	prioritize ANI/GTDB, original publication and host review; label tree tip species_assignment_under_review	2	2	1	0	0	9	linked_sequence_blocked_pending_taxonomy_review	taxonomy_review_required_before_use	yes	complete_host_geography_date_source	Feronia elephantacum	India	Limonia acidissima; Feronia elephantacum	India	1965	SAMN49561544; SAMEA114332028	GCF_052883265.1; GCF_963669615.1	ERR12095367			01_taxonomy_pathovar_audit_49.tsv
NCPPB 1760	present_in_both	Xanthomonas euvesicatoria pv. spermacoces (Srinivasan & Patel 1956) Harrison et al. 2023	Xanthomonas	current_xanthomonas	P3	same_pathovar_historical_or_updated_species_name	conditional_release_for_genus_tree_qc_ani_only	calculate ANI/GTDB against suitable references; use NCPPB name as primary label and retain NCBI name as submitted/historical label	1	1	1	0	0	6	linked_sequence_blocked_pending_taxonomy_review	taxonomy_review_required_before_use	yes	partial_context_metadata	Spermacoce hispida	India	Spermacoce hispida	India		SAMN19988975	GCF_019201445.1	SRR15305421			01_taxonomy_pathovar_audit_49.tsv
NCPPB 1765	present_in_both	Xanthomonas hortorum pv. pelargonii (Brown 1923) Vauterin et al. 1995	Xanthomonas	current_xanthomonas	P3	no_confirmed_public_sequence	no_genome_input	retain count=0; optional separate marker-gene/literature search	0	0	0	0	0	0	no_confirmed_ncbi_match	no_confirmed_public_sequence	no	missing_context_metadata	Pelargonium hortorum	UK									
NCPPB 1774	present_in_both	Xanthomonas sp. Dowson 1939	Xanthomonas	current_xanthomonas	P3	no_confirmed_public_sequence	no_genome_input	retain count=0; optional separate marker-gene/literature search	0	0	0	0	0	0	no_confirmed_ncbi_match	no_confirmed_public_sequence	no	missing_context_metadata	Root surface of Solanum tuberosum.	UK									
NCPPB 1785	present_in_both	Xanthomonas citri pv. malvacearum (Smith 1901) Constantin et al. 2016 comb. nov.	Xanthomonas	current_xanthomonas	P3	no_confirmed_public_sequence	no_genome_input	retain count=0; optional separate marker-gene/literature search	0	0	0	0	0	0	no_confirmed_ncbi_match	no_confirmed_public_sequence	no	missing_context_metadata	Gossypium hirsutum	India									
NCPPB 1786	present_in_both	Xanthomonas euvesicatoria pv. coracanae (Desai et al. 1965) Constantin et al. 2016 comb. nov.	Xanthomonas	current_xanthomonas	P3	no_confirmed_public_sequence	no_genome_input	retain count=0; optional separate marker-gene/literature search	0	0	0	0	0	0	no_confirmed_ncbi_match	no_confirmed_public_sequence	no	missing_context_metadata	Eleusine coracana	India									
NCPPB 1787	present_in_both	Xanthomonas euvesicatoria pv. vernoniae (Patel et al. 1968) Harrison et al. 2023	Xanthomonas	current_xanthomonas	P3	pathovar_orthographic_variant	conditional_release_for_genus_tree_qc_ani_only	verify original nomenclature and valid spelling; retain both NCPPB and NCBI labels	1	1	1	0	0	6	linked_sequence_blocked_pending_taxonomy_review	taxonomy_review_required_before_use	yes	partial_context_metadata	Vernonia cinerea (Cyanthillium cinereum)	India	Cyanthillium cinereum	India		SAMN19988976	GCF_019201345.1	SRR15305432			01_taxonomy_pathovar_audit_49.tsv
NCPPB 1811	present_in_both	Xanthomonas phaseoli pv. phaseoli (Smith 1897) Constantin et al. 2016 comb. nov.	Xanthomonas	current_xanthomonas	P3	assembly_available_qc_required	automatic_candidate_after_genome_qc	download selected assembly; complete QC, contamination screening, ANI and deduplication	2	2	1	2	1	0	confirmed_sequence_available	assembly_available_qc_required	no	complete_host_geography_date_source	Phaseolus vulgaris	Romania	Phaseolus vulgaris; Phaseoli vulgaris	Romania	1966	SAMN03257682; SAMN18440089	GCF_000808675.2; GCF_017745315.1	SRR2052881	GCF_000808675.2; GCF_017745315.1	SRR2052881	
NCPPB 1821	present_in_both	Xanthomonas euvesicatoria pv. alfalfae (ex Riker et al. 1935) Constantin et al. 2016 comb. nov.	Xanthomonas	current_xanthomonas	P3	no_confirmed_public_sequence	no_genome_input	retain count=0; optional separate marker-gene/literature search	0	0	0	0	0	0	no_confirmed_ncbi_match	no_confirmed_public_sequence	no	missing_context_metadata	Medicago sativa	Japan									
NCPPB 1822	present_in_both	Xanthomonas fragariae Kennedy and King 1962	Xanthomonas	current_xanthomonas	P3	assembly_available_qc_required	automatic_candidate_after_genome_qc	download selected assembly; complete QC, contamination screening, ANI and deduplication	2	1	2	1	2	0	confirmed_sequence_available	assembly_available_qc_required	no	complete_host_geography_date_source	Fragaria chiloensis var. ananassa	USA	Fragaria chiloensis var. ananassa	USA	1966	SAMN39942671; SAMEA4590042	GCF_900380035.1	ERR2528885; SRR27965831	GCF_900380035.1	SRR27965831; ERR2528885	
NCPPB 1826	present_in_both	Xanthomonas sp. Dowson 1939	Xanthomonas	current_xanthomonas	P3	assembly_available_qc_required	automatic_candidate_after_genome_qc	download selected assembly; complete QC, contamination screening, ANI and deduplication	1	1	2	1	2	0	confirmed_sequence_available	assembly_available_qc_required	no	partial_context_metadata	Prunus domestica	UK	Prunus domestica	United Kingdom	1966	SAMN42161503	GCF_056725285.1	SRR29644173; SRR30040121	GCF_056725285.1	SRR29644173; SRR30040121	
NCPPB 1827	present_in_both	Xanthomonas citri pv. rhynchosiae (Sabet et al. 1969) Constantin et al. 2016 comb. nov	Xanthomonas	current_xanthomonas	P2	wgs_reads_require_assembly_and_qc	candidate_after_read_qc_and_assembly	download reads; trim, assemble, then complete genome QC and ANI	1	0	2	0	2	0	confirmed_sequence_available	raw_wgs_reads_require_assembly_and_qc	no	partial_context_metadata	Rhynchosia memnonia	Sudan	Rhynchosia minima	Sudan	1965	SAMN42180188		SRR29655371; SRR30037966		SRR29655371; SRR30037966	
NCPPB 1828	present_in_both	Xanthomonas euvesicatoria pv. euphorbiae (Sabet et al.1969) Harrison et al. 2023	Xanthomonas	current_xanthomonas	P3	same_pathovar_historical_or_updated_species_name	conditional_release_for_genus_tree_qc_ani_only	calculate ANI/GTDB against suitable references; use NCPPB name as primary label and retain NCBI name as submitted/historical label	1	1	1	0	0	6	linked_sequence_blocked_pending_taxonomy_review	taxonomy_review_required_before_use	yes	partial_context_metadata	Euphorbia acalyphoides	Sudan	Euphorbia acalyphoides	Sudan		SAMN19988977	GCF_019201425.1	SRR15305420			01_taxonomy_pathovar_audit_49.tsv
NCPPB 1829	present_in_both	Xanthomonas sp. Dowson 1939	Xanthomonas	current_xanthomonas	P3	no_confirmed_public_sequence	no_genome_input	retain count=0; optional separate marker-gene/literature search	0	0	0	0	0	0	no_confirmed_ncbi_match	no_confirmed_public_sequence	no	missing_context_metadata	Jatropha curcas	Sudan									
NCPPB 1830	present_in_both	Xanthomonas albilineans (Ashby 1929) Dowson 1943	Xanthomonas	current_xanthomonas	P3	no_confirmed_public_sequence	no_genome_input	retain count=0; optional separate marker-gene/literature search	0	0	0	0	0	0	no_confirmed_ncbi_match	no_confirmed_public_sequence	no	missing_context_metadata	Saccharum officinarum	Hawaii									
NCPPB 1832	present_in_both	Xanthomonas arboricola pv. celebensis (Gaumann 1923) Vauterin et al. 1995	Xanthomonas	current_xanthomonas	P3	assembly_available_qc_required	automatic_candidate_after_genome_qc	download selected assembly; complete QC, contamination screening, ANI and deduplication	1	1	1	1	1	0	confirmed_sequence_available	assembly_available_qc_required	no	complete_host_geography_date_source	Musa sp	New Zealand	Musa sp.	New Zealand	1960	SAMN02903333	GCF_000724925.1	SRR1515238	GCF_000724925.1	SRR1515238	
NCPPB 1833	present_in_both	Xanthomonas phaseoli pv. dieffenbachiae (McCulloch & Pirone 1939) Constantin et al. 2016 comb. nov.	Xanthomonas	current_xanthomonas	P3	assembly_available_qc_required	automatic_candidate_after_genome_qc	download selected assembly; complete QC, contamination screening, ANI and deduplication	3	3	1	3	1	0	confirmed_sequence_available	assembly_available_qc_required	no	complete_host_geography_date_source	Anthurium sp.	Brazil	Anthurium; Anthurium sp.	Brazil; Belgium: Merelbeke	1965; 1966; 2014	SAMN18440024; SAMN04481176; SAMN02903992	GCF_001402235.1; GCF_001564415.1; GCF_017746675.1	SRR1509933	GCF_017746675.1; GCF_001564415.1; GCF_001402235.1	SRR1509933	
NCPPB 1834	present_in_both	Xanthomonas phaseoli pv. manihotis (Bondar 1912) Constantin et al. 2016 comb. nov.	Xanthomonas	current_xanthomonas	P3	no_confirmed_public_sequence	no_genome_input	retain count=0; optional separate marker-gene/literature search	0	0	0	0	0	0	no_confirmed_ncbi_match	no_confirmed_public_sequence	no	missing_context_metadata	Manihot esculenta.(cassava)	Unknown									
NCPPB 1836	present_in_both	Xanthomonas cerealis pv. cerealis Tambong et al. 2024	Xanthomonas	current_xanthomonas	P3	no_confirmed_public_sequence	no_genome_input	retain count=0; optional separate marker-gene/literature search	0	0	0	0	0	0	no_confirmed_ncbi_match	no_confirmed_public_sequence	no	missing_context_metadata	Secale cereale	USA									
NCPPB 1837	present_in_both	Xanthomonas graminis pv. phlei Tambong et al. 2024	Xanthomonas	current_xanthomonas	P3	assembly_available_qc_required	automatic_candidate_after_genome_qc	download selected assembly; complete QC, contamination screening, ANI and deduplication	1	1	0	1	0	0	confirmed_sequence_available	assembly_available_qc_required	no	partial_context_metadata	Phleum pratense	USA	Phleum pratense	USA	1942	SAMN18876900	GCF_021919185.1		GCF_021919185.1		
NCPPB 1838	present_in_both	Xanthomonas citri pv. vignicola (Burkholder 1944) Constantin et al. 2016 comb. nov.	Xanthomonas	current_xanthomonas	P1	manual_review_required_non_audit	not_automatically_usable	review the remaining identity/taxonomy reason in manual_review_candidates.tsv; approve or reject before sequence use	2	2	2	1	0	7	confirmed_sequence_available	assembly_available_qc_required	yes	partial_context_metadata	Vigna sinensis (cowpea cv. China Red)	USA	Vigna unguiculata subsp. unguiculata; Cowpea	Not collected; unknown	1966; 1942	SAMN40354538; SAMN07252091	GCF_002218265.1; GCF_040202945.2	SRR28281415; SRR30293569	GCF_002218265.1		
NCPPB 1839	present_in_both	Xanthomonas hortorum pv. vitians Morinière et al. 2020	Xanthomonas	current_xanthomonas	P3	no_confirmed_public_sequence	no_genome_input	retain count=0; optional separate marker-gene/literature search	0	0	0	0	0	0	no_confirmed_ncbi_match	no_confirmed_public_sequence	no	missing_context_metadata	Lactuca sativa	Brazil									
NCPPB 1841	present_in_both	Xanthomonas hortorum pv. vitians Morinière et al. 2020	Xanthomonas	current_xanthomonas	P3	no_confirmed_public_sequence	no_genome_input	retain count=0; optional separate marker-gene/literature search	0	0	0	0	0	0	no_confirmed_ncbi_match	no_confirmed_public_sequence	no	missing_context_metadata	Lactuca sativa.	Brazil									
NCPPB 1925	present_in_both	Xanthomonas axonopodis pv. begoniae (Takimoto 1934) Vauterin et al. 1995	Xanthomonas	current_xanthomonas	P3	no_confirmed_public_sequence	no_genome_input	retain count=0; optional separate marker-gene/literature search	0	0	0	0	0	0	no_confirmed_ncbi_match	no_confirmed_public_sequence	no	missing_context_metadata	Begonia sp.	Denmark									
NCPPB 1929	present_in_both	Xanthomonas campestris pv. campestris (Pammel 1895) Dowson 1939	Xanthomonas	current_xanthomonas	P3	no_confirmed_public_sequence	no_genome_input	retain count=0; optional separate marker-gene/literature search	0	0	0	0	0	0	no_confirmed_ncbi_match	no_confirmed_public_sequence	no	missing_context_metadata	Brassica sp.	India									
NCPPB 1930	present_in_both	Xanthomonas campestris pv. armoraciae (McCulloch 1929) Dye 1978	Xanthomonas	current_xanthomonas	P3	no_confirmed_public_sequence	no_genome_input	retain count=0; optional separate marker-gene/literature search	0	0	0	0	0	0	no_confirmed_ncbi_match	no_confirmed_public_sequence	no	missing_context_metadata	Armoracia lapathifolia	New Zealand									
NCPPB 1932	present_in_both	Xanthomonas campestris pv. guizotiae (Yirgou 1964) Dye 1978	Xanthomonas	current_xanthomonas	P3	same_pathovar_historical_or_updated_species_name	conditional_release_for_genus_tree_qc_ani_only	calculate ANI/GTDB against suitable references; use NCPPB name as primary label and retain NCBI name as submitted/historical label	1	0	2	0	0	4	linked_sequence_blocked_pending_taxonomy_review	taxonomy_review_required_before_use	yes	partial_context_metadata	Guizotia abyssinica	Ethiopia	Guizotia abyssinica	Ethiopia		SAMN56511365		SRR37629060; SRR37789877			01_taxonomy_pathovar_audit_49.tsv
NCPPB 1933	present_in_both	Xanthomonas campestris pv. guizotiae (Yirgou 1964) Dye 1978	Xanthomonas	current_xanthomonas	P3	same_pathovar_historical_or_updated_species_name	conditional_release_for_genus_tree_qc_ani_only	calculate ANI/GTDB against suitable references; use NCPPB name as primary label and retain NCBI name as submitted/historical label	1	0	2	0	0	4	linked_sequence_blocked_pending_taxonomy_review	taxonomy_review_required_before_use	yes	partial_context_metadata	Guizotia abyssinica	Ethiopia	Guizotia abyssinica	Ethiopia		SAMN56511366		SRR37629093; SRR37789910			01_taxonomy_pathovar_audit_49.tsv
NCPPB 1934	present_in_both	Xanthomonas campestris pv. incanae (Kendrick & Baker 1942) Dye 1978	Xanthomonas	current_xanthomonas	P1	manual_review_required_non_audit	not_automatically_usable	review the remaining identity/taxonomy reason in manual_review_candidates.tsv; approve or reject before sequence use	0	0	0	0	0	0	provisional_match_requires_review	identity_review_required_before_use	yes	missing_context_metadata	Matthiola incana	USA									
NCPPB 1935	present_in_both	Xanthomonas campestris pv. nigromaculans (Takimoto 1927) Dye 1978	Xanthomonas	current_xanthomonas	P3	assembly_available_qc_required	automatic_candidate_after_genome_qc	download selected assembly; complete QC, contamination screening, ANI and deduplication	2	2	1	2	1	0	confirmed_sequence_available	assembly_available_qc_required	no	partial_context_metadata	Unknown	Japan	not collected	Japan	1959	SAMN22555463; SAMEA14107389	GCA_020783725.1; GCA_938743425.1	SRR22272564	GCA_020783725.1; GCA_938743425.1	SRR22272564	
NCPPB 1936	present_in_both	Xanthomonas oryzae pv. oryzae (Ishiyama 1922) Swings et al. 1990	Xanthomonas	current_xanthomonas	P3	no_confirmed_public_sequence	no_genome_input	retain count=0; optional separate marker-gene/literature search	0	0	0	0	0	0	no_confirmed_ncbi_match	no_confirmed_public_sequence	no	missing_context_metadata	Oryza sativa	India									
NCPPB 1938	present_in_both	Xanthomonas campestris pv. plantaginis (Thornberry & Anderson 1937) Dye 1978	Xanthomonas	current_xanthomonas	P1	manual_review_required_non_audit	not_automatically_usable	review the remaining identity/taxonomy reason in manual_review_candidates.tsv; approve or reject before sequence use	0	0	0	0	0	0	provisional_match_requires_review	identity_review_required_before_use	yes	missing_context_metadata	Plantago lanceolata	Australia									
NCPPB 1939	present_in_both	Xanthomonas axonopodis pv. poinsettiicola (Patel et al. 1951) Vauterin et al. 1995	Xanthomonas	current_xanthomonas	P3	assembly_available_qc_required	automatic_candidate_after_genome_qc	download selected assembly; complete QC, contamination screening, ANI and deduplication	1	1	2	1	2	0	confirmed_sequence_available	assembly_available_qc_required	no	partial_context_metadata	Euphorbia pulcherrima	USA	Euphorbia pulcherrima	USA	1960	SAMN42178461	GCF_041484315.1	SRR29654626; SRR30037951	GCF_041484315.1	SRR29654626; SRR30037951	
NCPPB 1942	present_in_both	Xanthomonas translucens pv. translucens (Jones et al. 1917) Vauterin et al. 1995	Xanthomonas	current_xanthomonas	P3	no_confirmed_public_sequence	no_genome_input	retain count=0; optional separate marker-gene/literature search	0	0	0	0	0	0	no_confirmed_ncbi_match	no_confirmed_public_sequence	no	missing_context_metadata		Kenya									
NCPPB 1943	present_in_both	Xanthomonas cerealis pv. cerealis Tambong et al. 2024	Xanthomonas	current_xanthomonas	P3	assembly_available_qc_required	automatic_candidate_after_genome_qc	download selected assembly; complete QC, contamination screening, ANI and deduplication	1	1	1	1	1	0	confirmed_sequence_available	assembly_available_qc_required	no	partial_context_metadata	Hordeum vulgare	USA	Hordeum vulgare	USA	1942	SAMN05258070	GCF_001707115.1	SRR5110836	GCF_001707115.1	SRR5110836	
NCPPB 1944	present_in_both	Xanthomonas cerealis pv. cerealis Tambong et al. 2024	Xanthomonas	current_xanthomonas	P3	assembly_available_qc_required	automatic_candidate_after_genome_qc	download selected assembly; complete QC, contamination screening, ANI and deduplication	1	2	0	2	0	0	confirmed_sequence_available	assembly_available_qc_required	no	partial_context_metadata	Bromus inermis	USA		USA	1941	SAMN03246830	GCF_000807145.1; GCF_021903335.1		GCF_000807145.1; GCF_021903335.1		
NCPPB 1945	present_in_both	Xanthomonas translucens pv. undulosa (Smith et al. 1919) Vauterin et al. 1995	Xanthomonas	current_xanthomonas	P3	no_confirmed_public_sequence	no_genome_input	retain count=0; optional separate marker-gene/literature search	0	0	0	0	0	0	no_confirmed_ncbi_match	no_confirmed_public_sequence	no	missing_context_metadata	Triticum aestivum	Canada									
NCPPB 1946	present_in_both	Xanthomonas campestris pv. raphani (White 1930) Dye 1978	Xanthomonas	current_xanthomonas	P1	manual_review_required_non_audit	not_automatically_usable	review the remaining identity/taxonomy reason in manual_review_candidates.tsv; approve or reject before sequence use	3	2	3	1	2	4	confirmed_sequence_available	assembly_available_qc_required	yes	partial_context_metadata	Raphanus sativus	USA	Raphanus raphanistrum subsp. sativus; Raphanus sativus	USA	1966; 1940	SAMN36368324; SAMN22552835; SAMN17385960	GCA_035023745.1; GCF_020813075.1	SRR14648387; SRR25205305; SRR29823164	GCF_020813075.1	SRR29823164; SRR14648387	
NCPPB 1974	present_in_both	Stenotrophomonas maltophilia (Hugh 1981) Palleroni and Bradbury 1993	Stenotrophomonas	reclassified_outside_xanthomonas	P2	reclassified_outside_xanthomonas_scope_decision	only_after_supervisor_scope_decision	decide whether retained as outgroup/historical record; do not assume ingroup membership	3	1	5	1	5	0	confirmed_sequence_available	assembly_available_qc_required	no	complete_host_geography_date_source	Cancer Patient		missing	missing		SAMD00538104; SAMN05721779; SAMN01176238	GCF_001997185.1	SRR4114369; SRR5481499; SRR5481500; SRR5481501; SRR5481502	GCF_001997185.1	SRR4114369; SRR5481499; SRR5481500; SRR5481501; SRR5481502	
NCPPB 1975	present_in_both	Stenotrophomonas maltophilia (Hugh 1981) Palleroni and Bradbury 1993	Stenotrophomonas	reclassified_outside_xanthomonas	P2	reclassified_outside_xanthomonas_scope_decision	only_after_supervisor_scope_decision	decide whether retained as outgroup/historical record; do not assume ingroup membership	0	0	0	0	0	0	no_confirmed_ncbi_match	no_confirmed_public_sequence	no	missing_context_metadata											
NCPPB 1981	present_in_both	Xanthomonas sp. Dowson 1939	Xanthomonas	current_xanthomonas	P3	no_confirmed_public_sequence	no_genome_input	retain count=0; optional separate marker-gene/literature search	0	0	0	0	0	0	no_confirmed_ncbi_match	no_confirmed_public_sequence	no	missing_context_metadata	Pyrus communis	UK									
NCPPB 2005	present_in_both	Xanthomonas vasicola pv. musacearum (Yirgou & Bradbury 1968) Dye 1978	Xanthomonas	current_xanthomonas	P3	assembly_available_qc_required	automatic_candidate_after_genome_qc	download selected assembly; complete QC, contamination screening, ANI and deduplication	3	2	3	2	3	0	confirmed_sequence_available	assembly_available_qc_required	no	complete_host_geography_date_source	Ensete ventricosum	Ethiopia	Ensete ventricosum; banana	Ethiopia	1966	SAMN49535419; SAMN02471727; SAMN00860199	GCF_000277875.1; GCF_055597945.1	SRR34103842; SRR34105450; SRR489154	GCF_055597945.1; GCF_000277875.1	SRR34103842; SRR34105450; SRR489154	
NCPPB 2011	present_in_both	Xanthomonas hortorum pv. hederae (Arnaud 1920) Vauterin et al. 1995	Xanthomonas	current_xanthomonas	P3	no_confirmed_public_sequence	no_genome_input	retain count=0; optional separate marker-gene/literature search	0	0	0	0	0	0	no_confirmed_ncbi_match	no_confirmed_public_sequence	no	missing_context_metadata	Hedera helix	UK									
NCPPB 2016	present_in_both	Xanthomonas hortorum pv. hederae (Arnaud 1920) Vauterin et al. 1995	Xanthomonas	current_xanthomonas	P3	no_confirmed_public_sequence	no_genome_input	retain count=0; optional separate marker-gene/literature search	0	0	0	0	0	0	no_confirmed_ncbi_match	no_confirmed_public_sequence	no	missing_context_metadata	Hedera helix	UK									
NCPPB 2031	present_in_both	Xanthomonas campestris pv. campestris (Pammel 1895) Dowson 1939	Xanthomonas	current_xanthomonas	P3	no_confirmed_public_sequence	no_genome_input	retain count=0; optional separate marker-gene/literature search	0	0	0	0	0	0	no_confirmed_ncbi_match	no_confirmed_public_sequence	no	missing_context_metadata	Brassica oleracea var. capitata	South Africa									
NCPPB 2044	present_in_both	Xanthomonas vesicatoria (ex Doidge 1920) Vauterin et al. 1995	Xanthomonas	current_xanthomonas	P3	no_confirmed_public_sequence	no_genome_input	retain count=0; optional separate marker-gene/literature search	0	0	0	0	0	0	no_confirmed_ncbi_match	no_confirmed_public_sequence	no	missing_context_metadata	Physalis peruviana	Australia									
NCPPB 2057	present_in_both	Xanthomonas euvesicatoria pv. heliotropii (Sabet et al.1969) Harrison et al. 2023	Xanthomonas	current_xanthomonas	P3	same_pathovar_historical_or_updated_species_name	conditional_release_for_genus_tree_qc_ani_only	calculate ANI/GTDB against suitable references; use NCPPB name as primary label and retain NCBI name as submitted/historical label	1	1	1	0	0	6	linked_sequence_blocked_pending_taxonomy_review	taxonomy_review_required_before_use	yes	partial_context_metadata	Heliotropium sudanicum	Sudan	Heliotropium sp.	Sudan		SAMN19988978	GCF_019201405.1	SRR15305419			01_taxonomy_pathovar_audit_49.tsv
NCPPB 2058	present_in_both	Xanthomonas citri pv. vignaeradiatae (Sabet et al. 1969) Constantin et al. 2016 comb. nov	Xanthomonas	current_xanthomonas	P2	wgs_reads_require_assembly_and_qc	candidate_after_read_qc_and_assembly	download reads; trim, assemble, then complete genome QC and ANI	1	0	1	0	1	0	confirmed_sequence_available	raw_wgs_reads_require_assembly_and_qc	no	partial_context_metadata	Vigna radiata	Sudan	Vigna radiata	Sudan	1966	SAMN42278565		SRR29692762		SRR29692762	
NCPPB 2059	present_in_both	Xanthomonas citri pv. vignicola (Burkholder 1944) Constantin et al. 2016 comb. nov.	Xanthomonas	current_xanthomonas	P3	no_confirmed_public_sequence	no_genome_input	retain count=0; optional separate marker-gene/literature search	0	0	0	0	0	0	no_confirmed_ncbi_match	no_confirmed_public_sequence	no	missing_context_metadata	Vigna pubigera	Sudan									
NCPPB 2060	present_in_both	Xanthomonas citri pv. rhynchosiae (Sabet et al. 1969) Constantin et al. 2016 comb. nov	Xanthomonas	current_xanthomonas	P3	assembly_available_qc_required	automatic_candidate_after_genome_qc	download selected assembly; complete QC, contamination screening, ANI and deduplication	1	1	2	1	2	0	confirmed_sequence_available	assembly_available_qc_required	no	partial_context_metadata	Rhynchosia memnonia	Sudan	Rhynchosia minima	Sudan	1966	SAMN42180189	GCF_053571485.1	SRR29655370; SRR30037968	GCF_053571485.1	SRR29655370; SRR30037968	
NCPPB 2061	present_in_both	Xanthomonas citri pv. vignicola (Burkholder 1944) Constantin et al. 2016 comb. nov.	Xanthomonas	current_xanthomonas	P3	assembly_available_qc_required	automatic_candidate_after_genome_qc	download selected assembly; complete QC, contamination screening, ANI and deduplication	1	1	0	1	0	0	confirmed_sequence_available	assembly_available_qc_required	no	partial_context_metadata	Vigna unguiculata	Sudan	Cowpea	Sudan	1966	SAMN07251989	GCF_002218285.1		GCF_002218285.1		
NCPPB 2062	present_in_both	Xanthomonas euvesicatoria pv. alfalfae (ex Riker et al. 1935) Constantin et al. 2016 comb. nov.	Xanthomonas	current_xanthomonas	P3	no_confirmed_public_sequence	no_genome_input	retain count=0; optional separate marker-gene/literature search	0	0	0	0	0	0	no_confirmed_ncbi_match	no_confirmed_public_sequence	no	missing_context_metadata	Medicago sativa	Sudan									
NCPPB 2063	present_in_both	Xanthomonas axonopodis pv. cajani (Kulkarni et al. 1950) Vauterin et al. 1995	Xanthomonas	current_xanthomonas	P3	assembly_available_qc_required	automatic_candidate_after_genome_qc	download selected assembly; complete QC, contamination screening, ANI and deduplication	1	1	2	1	2	0	confirmed_sequence_available	assembly_available_qc_required	no	partial_context_metadata	Cajanus cajan	Sudan	Cajanus cajan	Sudan	1966	SAMN42284474	GCF_041475655.1	SRR29694808; SRR30037370	GCF_041475655.1	SRR29694808; SRR30037370	
NCPPB 2064	present_in_both	Xanthomonas citri (ex Hasse 1915) Gabriel et al. 1989	Xanthomonas	current_xanthomonas	P3	assembly_available_qc_required	automatic_candidate_after_genome_qc	download selected assembly; complete QC, contamination screening, ANI and deduplication	2	1	3	1	3	0	confirmed_sequence_available	assembly_available_qc_required	no	complete_host_geography_date_source	Dolichos lablab	Sudan	Lablab purpureus	Sudan	1965	SAMN56511367; SAMN03142816	GCF_000786995.1	SRR2051463; SRR37629092; SRR37789909	GCF_000786995.1	SRR37629092; SRR37789909; SRR2051463	
NCPPB 2066	present_in_both	Xanthomonas axonopodis pv. phyllanthi (Sabet et al. 1969) Vauterin et al 1995	Xanthomonas	current_xanthomonas	P3	assembly_available_qc_required	automatic_candidate_after_genome_qc	download selected assembly; complete QC, contamination screening, ANI and deduplication	1	1	1	1	1	0	confirmed_sequence_available	assembly_available_qc_required	no	partial_context_metadata	Phyllanthus niruri	Sudan	Phyllanthus niruri	Sudan	1965	SAMN42278573	GCF_041464105.1	SRR29692753	GCF_041464105.1	SRR29692753	
NCPPB 2067	present_in_both	Xanthomonas euvesicatoria pv. euphorbiae (Sabet et al.1969) Harrison et al. 2023	Xanthomonas	current_xanthomonas	P3	no_confirmed_public_sequence	no_genome_input	retain count=0; optional separate marker-gene/literature search	0	0	0	0	0	0	no_confirmed_ncbi_match	no_confirmed_public_sequence	no	missing_context_metadata	Euphorbia acalyphoides	Sudan									
NCPPB 2095	present_in_both	Xanthomonas hyacinthi (Wakker 1883) Vauterin et al. 1995	Xanthomonas	current_xanthomonas	P3	no_confirmed_public_sequence	no_genome_input	retain count=0; optional separate marker-gene/literature search	0	0	0	0	0	0	no_confirmed_ncbi_match	no_confirmed_public_sequence	no	missing_context_metadata	Hyacinthus orientalis	UK									
NCPPB 2097	present_in_both	Xanthomonas euvesicatoria pv. vernoniae (Patel et al. 1968) Harrison et al. 2023	Xanthomonas	current_xanthomonas	P3	no_confirmed_public_sequence	no_genome_input	retain count=0; optional separate marker-gene/literature search	0	0	0	0	0	0	no_confirmed_ncbi_match	no_confirmed_public_sequence	no	missing_context_metadata	Vernonia cinerea (Cyanthillium cinereum)										
NCPPB 2099	present_in_both	Xanthomonas campestris pv. zantedeschiae (Joubert & Truter 1972) Dye 1978	Xanthomonas	current_xanthomonas	P3	no_confirmed_public_sequence	no_genome_input	retain count=0; optional separate marker-gene/literature search	0	0	0	0	0	0	no_confirmed_ncbi_match	no_confirmed_public_sequence	no	missing_context_metadata	Zantadeschia aethiopica	South Africa									
NCPPB 2147	present_in_both	Pseudomonas sp. Migula 1894	Pseudomonas	reclassified_outside_xanthomonas	P2	reclassified_outside_xanthomonas_scope_decision	only_after_supervisor_scope_decision	decide whether retained as outgroup/historical record; do not assume ingroup membership	0	0	0	0	0	0	no_confirmed_ncbi_match	no_confirmed_public_sequence	no	missing_context_metadata	Asparagus officinalis	E. Germany									
NCPPB 2181	present_in_both	Xanthomonas translucens pv. translucens (Jones et al. 1917) Vauterin et al. 1995	Xanthomonas	current_xanthomonas	P2	confirmed_biosample_no_sequence	no_genome_input_yet	do not enter tree; optionally search literature/single-gene records separately	1	0	0	0	0	0	confirmed_biosample_metadata_only	confirmed_biosample_metadata_only	no	partial_context_metadata	Dactylis glomerata	Japan		Japan		SAMD00537715					
NCPPB 2182	present_in_both	Xanthomonas campestris pv. gummisudans (McCulloch 1924) Dye 1978	Xanthomonas	current_xanthomonas	P2	wgs_reads_require_assembly_and_qc	candidate_after_read_qc_and_assembly	download reads; trim, assemble, then complete genome QC and ANI	1	0	1	0	1	0	confirmed_sequence_available	raw_wgs_reads_require_assembly_and_qc	no	partial_context_metadata	Gladiolus sp.	Netherlands	Gladiolus sp.	Netherlands	1965	SAMN42488057		SRR29823101		SRR29823101	
NCPPB 2183	present_in_both	Xanthomonas hyacinthi (Wakker 1883) Vauterin et al. 1995	Xanthomonas	current_xanthomonas	P3	no_confirmed_public_sequence	no_genome_input	retain count=0; optional separate marker-gene/literature search	0	0	0	0	0	0	no_confirmed_ncbi_match	no_confirmed_public_sequence	no	missing_context_metadata	Hyacinthus orientalis	Netherlands									
NCPPB 2190	present_in_both	Xanthomonas campestris pv. esculenti (Rangasami & Eswaran 1962) Dye 1978	Xanthomonas	current_xanthomonas	P3	assembly_available_qc_required	automatic_candidate_after_genome_qc	download selected assembly; complete QC, contamination screening, ANI and deduplication	2	1	3	1	3	0	confirmed_sequence_available	assembly_available_qc_required	no	partial_context_metadata	Hibiscus esculentus	Brazil	Abelmoschus esculentus	Brazil	1968	SAMN56511368; SAMN22555465	GCF_020784125.1	SRR22272562; SRR37629091; SRR37789908	GCF_020784125.1	SRR37629091; SRR37789908; SRR22272562	
NCPPB 2217	present_in_both	Xylophilus ampelinus (Panagopoulos 1969) Willems et al. 1987	Xylophilus	reclassified_outside_xanthomonas	P2	reclassified_outside_xanthomonas_scope_decision	only_after_supervisor_scope_decision	decide whether retained as outgroup/historical record; do not assume ingroup membership	2	0	3	0	1	4	confirmed_sequence_available	raw_wgs_reads_require_assembly_and_qc	yes	partial_context_metadata	Vitis vinifera var. sultana	Greece	Vitis vinifera var. sultana	Greece	1968	SAMN56511392; SAMEA5613848		ERR3330907; SRR37629173; SRR37786074		ERR3330907	
NCPPB 2218	present_in_both	Xylophilus ampelinus (Panagopoulos 1969) Willems et al. 1987	Xylophilus	reclassified_outside_xanthomonas	P2	reclassified_outside_xanthomonas_scope_decision	only_after_supervisor_scope_decision	decide whether retained as outgroup/historical record; do not assume ingroup membership	0	0	0	0	0	0	no_confirmed_ncbi_match	no_confirmed_public_sequence	no	missing_context_metadata	Vitis vinifera	Greece									
NCPPB 2226	present_in_both	Xanthomonas axonopodis pv. begoniae (Takimoto 1934) Vauterin et al. 1995	Xanthomonas	current_xanthomonas	P3	no_confirmed_public_sequence	no_genome_input	retain count=0; optional separate marker-gene/literature search	0	0	0	0	0	0	no_confirmed_ncbi_match	no_confirmed_public_sequence	no	missing_context_metadata	Begonia sp.	UK									
NCPPB 2228	present_in_both	Xanthomonas axonopodis pv. biophyti (Patel et al.1969) Vauterin et al. 1995	Xanthomonas	current_xanthomonas	P2	wgs_reads_require_assembly_and_qc	candidate_after_read_qc_and_assembly	download reads; trim, assemble, then complete genome QC and ANI	1	0	2	0	2	0	confirmed_sequence_available	raw_wgs_reads_require_assembly_and_qc	no	partial_context_metadata	Biophytum sensitivum	India	Biophytum sensitivum	India	1967	SAMN42280121		SRR29694609; SRR30018466		SRR29694609; SRR30018466	
NCPPB 2229	present_in_both	Xanthomonas campestris pv. leeana (Patel & Kofasthane 1969) Dye 1978	Xanthomonas	current_xanthomonas	P3	no_confirmed_public_sequence	no_genome_input	retain count=0; optional separate marker-gene/literature search	0	0	0	0	0	0	no_confirmed_ncbi_match	no_confirmed_public_sequence	no	missing_context_metadata	Leea edgeworthii	India									
NCPPB 2230	present_in_both	Xanthomonas axonopodis pv. fascicularis (Patel & Kotasthane 1969) Vauterin et al. 1995	Xanthomonas	current_xanthomonas	P3	assembly_available_qc_required	automatic_candidate_after_genome_qc	download selected assembly; complete QC, contamination screening, ANI and deduplication	1	1	1	1	1	0	confirmed_sequence_available	assembly_available_qc_required	no	partial_context_metadata	Corchorus fascicularis	India	Corchorus fascicularis	India	1967	SAMN42278570	GCF_041447795.1	SRR29692756	GCF_041447795.1	SRR29692756	
NCPPB 2247	present_in_both	Xanthomonas albilineans (Ashby 1929) Dowson 1943	Xanthomonas	current_xanthomonas	P3	no_confirmed_public_sequence	no_genome_input	retain count=0; optional separate marker-gene/literature search	0	0	0	0	0	0	no_confirmed_ncbi_match	no_confirmed_public_sequence	no	missing_context_metadata	Saccharum officinarum	Malawi									
NCPPB 2248	present_in_both	Xanthomonas hortorum pv. vitians Morinière et al. 2020	Xanthomonas	current_xanthomonas	P2	wgs_reads_require_assembly_and_qc	candidate_after_read_qc_and_assembly	download reads; trim, assemble, then complete genome QC and ANI	1	0	1	0	1	0	confirmed_sequence_available	raw_wgs_reads_require_assembly_and_qc	no	complete_host_geography_date_source	Lactuca sativa	Zimbabwe	Lactuca sativa	Zimbabwe		SAMN09704264		SRR7628818		SRR7628818	
NCPPB 2249	present_in_both	Xanthomonas albilineans (Ashby 1929) Dowson 1943	Xanthomonas	current_xanthomonas	P3	no_confirmed_public_sequence	no_genome_input	retain count=0; optional separate marker-gene/literature search	0	0	0	0	0	0	no_confirmed_ncbi_match	no_confirmed_public_sequence	no	missing_context_metadata	Saccharum officinarum	Barbados									
NCPPB 2250	present_in_both	Xanthomonas sp.	Xanthomonas	current_xanthomonas	P3	assembly_available_qc_required	automatic_candidate_after_genome_qc	download selected assembly; complete QC, contamination screening, ANI and deduplication	1	1	2	1	2	0	confirmed_sequence_available	assembly_available_qc_required	no	partial_context_metadata	Zingiber officinale	Mauritius	Zingiber officinale	Mauritius	1967	SAMN42161504	GCF_056725265.1	SRR29644172; SRR30040120	GCF_056725265.1	SRR29644172; SRR30040120	
NCPPB 2251	present_in_both	Xanthomonas vasicola pv. musacearum (Yirgou & Bradbury 1968) Dye 1978	Xanthomonas	current_xanthomonas	P3	assembly_available_qc_required	automatic_candidate_after_genome_qc	download selected assembly; complete QC, contamination screening, ANI and deduplication	3	2	4	2	4	0	confirmed_sequence_available	assembly_available_qc_required	no	partial_context_metadata	Musa sp.	Ethiopia	Musa sp.; Ensete ventricosum	Ethiopia	1967	SAMN49535420; SAMN42486836; SAMN00991248	GCF_001189905.1; GCF_055597905.1	SRR29823051; SRR34103841; SRR34105449; SRR494492	GCF_055597905.1; GCF_001189905.1	SRR34103841; SRR34105449; SRR29823051; SRR494492	
NCPPB 2255	present_in_both	Xanthomonas phaseoli pv. syngonii (Dickey & Zumoff 1987) Constantin et al. 2016 comb. nov.	Xanthomonas	current_xanthomonas	P3	no_confirmed_public_sequence	no_genome_input	retain count=0; optional separate marker-gene/literature search	0	0	0	0	0	0	no_confirmed_ncbi_match	no_confirmed_public_sequence	no	missing_context_metadata	Syngonium podophyllum	USA									
NCPPB 2257	present_in_both	Xanthomonas albilineans (Ashby 1929) Dowson 1943	Xanthomonas	current_xanthomonas	P3	no_confirmed_public_sequence	no_genome_input	retain count=0; optional separate marker-gene/literature search	0	0	0	0	0	0	no_confirmed_ncbi_match	no_confirmed_public_sequence	no	missing_context_metadata	Saccharum officinarum	Barbados									
NCPPB 2258	present_in_both	Xanthomonas albilineans (Ashby 1929) Dowson 1943	Xanthomonas	current_xanthomonas	P3	no_confirmed_public_sequence	no_genome_input	retain count=0; optional separate marker-gene/literature search	0	0	0	0	0	0	no_confirmed_ncbi_match	no_confirmed_public_sequence	no	missing_context_metadata	Saccharum officinarum	St. Kitts									
NCPPB 2269	present_in_both	Xanthomonas hortorum pv. pelargonii (Brown 1923) Vauterin et al. 1995	Xanthomonas	current_xanthomonas	P3	no_confirmed_public_sequence	no_genome_input	retain count=0; optional separate marker-gene/literature search	0	0	0	0	0	0	no_confirmed_ncbi_match	no_confirmed_public_sequence	no	missing_context_metadata	Pelargonium hortorum	UK									
NCPPB 2297	present_in_both	Xanthomonas sp. Dowson 1939	Xanthomonas	current_xanthomonas	P3	no_confirmed_public_sequence	no_genome_input	retain count=0; optional separate marker-gene/literature search	0	0	0	0	0	0	no_confirmed_ncbi_match	no_confirmed_public_sequence	no	missing_context_metadata	Delphinium ajacis	UK									
NCPPB 2336	present_in_both	Xanthomonas hortorum pv. hederae (Arnaud 1920) Vauterin et al. 1995	Xanthomonas	current_xanthomonas	P3	no_confirmed_public_sequence	no_genome_input	retain count=0; optional separate marker-gene/literature search	0	0	0	0	0	0	no_confirmed_ncbi_match	no_confirmed_public_sequence	no	missing_context_metadata	Hedera helix	UK									
NCPPB 2337	present_in_both	Xanthomonas dyei pv. eucalypti (Truman 1974) Young et al. 2010	Xanthomonas	current_xanthomonas	P3	assembly_available_qc_required	automatic_candidate_after_genome_qc	download selected assembly; complete QC, contamination screening, ANI and deduplication	1	1	1	1	1	0	confirmed_sequence_available	assembly_available_qc_required	no	partial_context_metadata	Eucalyptus maculata var. citriodora	Australia	Corymbia citriodora	Australia		SAMN22555462	GCF_020783675.1	SRR22272559	GCF_020783675.1	SRR22272559	
NCPPB 2338	present_in_both	Xanthomonas dyei pv. eucalypti (Truman 1974) Young et al. 2010	Xanthomonas	current_xanthomonas	P2	wgs_reads_require_assembly_and_qc	candidate_after_read_qc_and_assembly	download reads; trim, assemble, then complete genome QC and ANI	1	0	2	0	2	0	confirmed_sequence_available	raw_wgs_reads_require_assembly_and_qc	no	partial_context_metadata	Eucalyptus maculata var. citriodora	Australia	Corymbia citriodora	Australia	1967	SAMN56511369		SRR37629090; SRR37789907		SRR37629090; SRR37789907	
NCPPB 2345	present_in_both	Xanthomonas campestris (Pammel 1895) Dowson 1939	Xanthomonas	current_xanthomonas	P3	assembly_available_qc_required	automatic_candidate_after_genome_qc	download selected assembly; complete QC, contamination screening, ANI and deduplication	1	1	1	1	1	0	confirmed_sequence_available	assembly_available_qc_required	no	partial_context_metadata	Cheiranthus cheiri	UK	Erysimum cheiri	United Kingdom		SAMN22552837	GCF_020812975.1	SRR29823157	GCF_020812975.1	SRR29823157	
NCPPB 2346	present_in_both	Xanthomonas phaseoli pv. passiflorae (Pereira 1969) Harrison et al. 2023	Xanthomonas	current_xanthomonas	P3	same_pathovar_historical_or_updated_species_name	conditional_release_for_genus_tree_qc_ani_only	calculate ANI/GTDB against suitable references; use NCPPB name as primary label and retain NCBI name as submitted/historical label	1	1	1	0	0	6	linked_sequence_blocked_pending_taxonomy_review	taxonomy_review_required_before_use	yes	partial_context_metadata	Passiflora edulis	Brazil	Passiflora edulis	Brazil		SAMN19988995	GCF_019201075.1	SRR15305435			01_taxonomy_pathovar_audit_49.tsv
NCPPB 2352	present_in_both	Xanthomonas axonopodis pv. maculifoliigardeniae (Ark & Barrett 1946) Vauterin et al. 1995	Xanthomonas	current_xanthomonas	P3	assembly_available_qc_required	automatic_candidate_after_genome_qc	download selected assembly; complete QC, contamination screening, ANI and deduplication	1	1	2	1	2	0	confirmed_sequence_available	assembly_available_qc_required	no	partial_context_metadata	Ixora coccinea	USA	Ixora coccinea	USA	1969	SAMN42284549	GCF_053646475.1	SRR29695343; SRR30037789	GCF_053646475.1	SRR29695343; SRR30037789	
NCPPB 2368	present_in_both	Xanthomonas axonopodis pv. pedalii (Patel & Jindal 1972) Vauterin et al. 1995	Xanthomonas	current_xanthomonas	P2	wgs_reads_require_assembly_and_qc	candidate_after_read_qc_and_assembly	download reads; trim, assemble, then complete genome QC and ANI	1	0	2	0	2	0	confirmed_sequence_available	raw_wgs_reads_require_assembly_and_qc	no	partial_context_metadata	Pedalium murex	India	Pedalium murex	India	1967	SAMN42280123		SRR29694607; SRR30018464		SRR29694607; SRR30018464	
NCPPB 2369	present_in_both	Xanthomonas axonopodis pv. ricini (Yoshi & Takimoto 1928) Vauterin et al. 1995	Xanthomonas	current_xanthomonas	P3	assembly_available_qc_required	automatic_candidate_after_genome_qc	download selected assembly; complete QC, contamination screening, ANI and deduplication	1	1	2	1	2	0	confirmed_sequence_available	assembly_available_qc_required	no	partial_context_metadata	Ricinus communis	India	Ricinus communis	India	1969	SAMN42178445	GCF_041461625.1	SRR29654664; SRR30041329	GCF_041461625.1	SRR29654664; SRR30041329	
NCPPB 2370	present_in_both	Xanthomonas euvesicatoria pv. heliotropii (Sabet et al.1969) Harrison et al. 2023	Xanthomonas	current_xanthomonas	P3	no_confirmed_public_sequence	no_genome_input	retain count=0; optional separate marker-gene/literature search	0	0	0	0	0	0	no_confirmed_ncbi_match	no_confirmed_public_sequence	no	missing_context_metadata	Heliotropium eichwaldi	India									
NCPPB 2371	present_in_both	Xanthomonas euvesicatoria pv. amorphophalli (Jindal et al. 1972) Constantin et al. 2016 comb. nov.	Xanthomonas	current_xanthomonas	P3	no_confirmed_public_sequence	no_genome_input	retain count=0; optional separate marker-gene/literature search	0	0	0	0	0	0	no_confirmed_ncbi_match	no_confirmed_public_sequence	no	missing_context_metadata	Amorphophallus campanulatus	India									
NCPPB 2372	present_in_both	Xanthomonas euvesicatoria pv. fici (Cavara 1905) Harrison et al. 2023	Xanthomonas	current_xanthomonas	P3	same_pathovar_historical_or_updated_species_name	conditional_release_for_genus_tree_qc_ani_only	calculate ANI/GTDB against suitable references; use NCPPB name as primary label and retain NCBI name as submitted/historical label	2	2	3	0	0	11	linked_sequence_blocked_pending_taxonomy_review	taxonomy_review_required_before_use	yes	partial_context_metadata	Ficus religiosa	India	Ficus religiosa	India	1968	SAMN42175581; SAMN19988979	GCF_019201375.1; GCF_041463625.1	SRR15305418; SRR29651791; SRR30037665			01_taxonomy_pathovar_audit_49.tsv
NCPPB 2373	present_in_both	Xanthomonas euvesicatoria pv. carissae (Moniz et al. 1964) Harrison et al. 2023	Xanthomonas	current_xanthomonas	P3	same_pathovar_historical_or_updated_species_name	conditional_release_for_genus_tree_qc_ani_only	calculate ANI/GTDB against suitable references; use NCPPB name as primary label and retain NCBI name as submitted/historical label	1	1	1	0	0	6	linked_sequence_blocked_pending_taxonomy_review	taxonomy_review_required_before_use	yes	partial_context_metadata	Carissa carandas	India	Carissa carandas	India		SAMN19988980	GCF_019201365.1	SRR15305433			01_taxonomy_pathovar_audit_49.tsv
NCPPB 2374	present_in_both	Xanthomonas euvesicatoria pv. carissae (Moniz et al. 1964) Harrison et al. 2023	Xanthomonas	current_xanthomonas	P3	no_confirmed_public_sequence	no_genome_input	retain count=0; optional separate marker-gene/literature search	0	0	0	0	0	0	no_confirmed_ncbi_match	no_confirmed_public_sequence	no	missing_context_metadata	Carissa carandas	India									
NCPPB 2375	present_in_both	Xanthomonas axonopodis pv. axonopodis Starr & Garces 1950	Xanthomonas	current_xanthomonas	P3	no_confirmed_public_sequence	no_genome_input	retain count=0; optional separate marker-gene/literature search	0	0	0	0	0	0	no_confirmed_ncbi_match	no_confirmed_public_sequence	no	missing_context_metadata	Axonopus scoparius	Colombia									
NCPPB 2376	present_in_both	Xanthomonas axonopodis pv. axonopodis Starr & Garces 1950	Xanthomonas	current_xanthomonas	P3	no_confirmed_public_sequence	no_genome_input	retain count=0; optional separate marker-gene/literature search	0	0	0	0	0	0	no_confirmed_ncbi_match	no_confirmed_public_sequence	no	missing_context_metadata	Axonopus scoparius	Colombia									
NCPPB 2387	present_in_both	Xanthomonas citri pv. mangiferaeindicae (Patel et al. 1948) Constantin et al. 2016 comb. nov.	Xanthomonas	current_xanthomonas	P3	no_confirmed_public_sequence	no_genome_input	retain count=0; optional separate marker-gene/literature search	0	0	0	0	0	0	no_confirmed_ncbi_match	no_confirmed_public_sequence	no	missing_context_metadata	Mangifera indica	India									
NCPPB 2388	present_in_both	Xanthomonas campestris pv. azadirachtae (Desai et al.1966) Dye 1978	Xanthomonas	current_xanthomonas	P3	no_confirmed_public_sequence	no_genome_input	retain count=0; optional separate marker-gene/literature search	0	0	0	0	0	0	no_confirmed_ncbi_match	no_confirmed_public_sequence	no	missing_context_metadata	Melia indica (Isolated from Azadirachta indica A. Juss)	India									
NCPPB 2389	present_in_both	Xanthomonas translucens pv. translucens (Jones et al. 1917) Vauterin et al. 1995	Xanthomonas	current_xanthomonas	P3	no_confirmed_public_sequence	no_genome_input	retain count=0; optional separate marker-gene/literature search	0	0	0	0	0	0	no_confirmed_ncbi_match	no_confirmed_public_sequence	no	missing_context_metadata	Hordeum vulgare	India									
NCPPB 2393	present_in_both	Xanthomonas euvesicatoria pv. alfalfae (ex Riker et al. 1935) Constantin et al. 2016 comb. nov.	Xanthomonas	current_xanthomonas	P3	no_confirmed_public_sequence	no_genome_input	retain count=0; optional separate marker-gene/literature search	0	0	0	0	0	0	no_confirmed_ncbi_match	no_confirmed_public_sequence	no	missing_context_metadata	Medicago sativa	Japan									
NCPPB 2417	present_in_both	Xanthomonas vasicola pv. holcicola (Elliott 1930) Vauterin et al. 1995	Xanthomonas	current_xanthomonas	P3	assembly_available_qc_required	automatic_candidate_after_genome_qc	download selected assembly; complete QC, contamination screening, ANI and deduplication	3	3	1	3	1	0	confirmed_sequence_available	assembly_available_qc_required	no	complete_host_geography_date_source	Sorghum vulgare	New Zealand	Sorghum bicolor	New Zealand	1969	SAMN36358005; SAMN03140148; SAMN05560344	GCF_000772705.2; GCF_002939925.1; GCF_030551335.2	SRR25194035	GCF_030551335.2; GCF_000772705.2; GCF_002939925.1	SRR25194035	
NCPPB 2436	present_in_both	Xanthomonas campestris pv. arracaciae (Pereira et al.1971) Dye 1978	Xanthomonas	current_xanthomonas	P3	no_confirmed_public_sequence	no_genome_input	retain count=0; optional separate marker-gene/literature search	0	0	0	0	0	0	no_confirmed_ncbi_match	no_confirmed_public_sequence	no	missing_context_metadata	Arracacia xanthorrhiza	Brazil									
NCPPB 2438	present_in_both	Xanthomonas citri pv. mangiferaeindicae (Patel et al. 1948) Constantin et al. 2016 comb. nov.	Xanthomonas	current_xanthomonas	P3	no_confirmed_public_sequence	no_genome_input	retain count=0; optional separate marker-gene/literature search	0	0	0	0	0	0	no_confirmed_ncbi_match	no_confirmed_public_sequence	no	missing_context_metadata	Mangifera indica	South Africa									
NCPPB 2439	present_in_both	Xanthomonas campestris pv. zinniae (Hopkins & Dowson 1949) Dye 1978	Xanthomonas	current_xanthomonas	P3	assembly_available_qc_required	automatic_candidate_after_genome_qc	download selected assembly; complete QC, contamination screening, ANI and deduplication	2	1	3	1	3	0	confirmed_sequence_available	assembly_available_qc_required	no	partial_context_metadata	Zinnia elegans	Australia	Zinnia elegans	Australia	1969	SAMN56511370; SAMN22555466	GCF_020783815.1	SRR22272569; SRR37629089; SRR37789906	GCF_020783815.1	SRR37629089; SRR37789906; SRR22272569	
NCPPB 2443	present_in_both	Xanthomonas phaseoli pv. manihotis (Bondar 1912) Constantin et al. 2016 comb. nov.	Xanthomonas	current_xanthomonas	P3	no_confirmed_public_sequence	no_genome_input	retain count=0; optional separate marker-gene/literature search	0	0	0	0	0	0	no_confirmed_ncbi_match	no_confirmed_public_sequence	no	missing_context_metadata	Manihot esculenta	Colombia									
NCPPB 2444	present_in_both	Xanthomonas phaseoli pv. manihotis (Bondar 1912) Constantin et al. 2016 comb. nov.	Xanthomonas	current_xanthomonas	P3	no_confirmed_public_sequence	no_genome_input	retain count=0; optional separate marker-gene/literature search	0	0	0	0	0	0	no_confirmed_ncbi_match	no_confirmed_public_sequence	no	missing_context_metadata	Manihot esculenta	Colombia									
NCPPB 2446	present_in_both	Xanthomonas oryzae pv. oryzae (Ishiyama 1922) Swings et al. 1990	Xanthomonas	current_xanthomonas	P3	no_confirmed_public_sequence	no_genome_input	retain count=0; optional separate marker-gene/literature search	0	0	0	0	0	0	no_confirmed_ncbi_match	no_confirmed_public_sequence	no	missing_context_metadata	Oryza sativa	Japan									
NCPPB 2475	present_in_both	Xanthomonas campestris pv. viticola (Nayudu 1972) Dye 1978	Xanthomonas	current_xanthomonas	P3	same_pathovar_historical_or_updated_species_name	conditional_release_for_genus_tree_qc_ani_only	calculate ANI/GTDB against suitable references; use NCPPB name as primary label and retain NCBI name as submitted/historical label	2	2	0	0	0	8	linked_sequence_blocked_pending_taxonomy_review	taxonomy_review_required_before_use	yes	partial_context_metadata	Vitis vinifera	India	Vitis vinifera	India	1972	SAMN26688428; SAMEA3139044	GCF_000723725.2; GCF_053538855.1				01_taxonomy_pathovar_audit_49.tsv
NCPPB 2490	present_in_both	Xanthomonas campestris pv. vitiswoodrowii (Patel & Kulkarni 1951) Dye 1978	Xanthomonas	current_xanthomonas	P3	no_confirmed_public_sequence	no_genome_input	retain count=0; optional separate marker-gene/literature search	0	0	0	0	0	0	no_confirmed_ncbi_match	no_confirmed_public_sequence	no	missing_context_metadata	Vitis vinifera	India									
NCPPB 2492	present_in_both	Xanthomonas euvesicatoria pv. clerodendri (Patel et al. 1952) Harrison et al. 2023	Xanthomonas	current_xanthomonas	P3	no_confirmed_public_sequence	no_genome_input	retain count=0; optional separate marker-gene/literature search	0	0	0	0	0	0	no_confirmed_ncbi_match	no_confirmed_public_sequence	no	missing_context_metadata	Clerodendron sp.	India									
NCPPB 2493	present_in_both	Sphingomonas paucimobilis (Holmes et al.1977) Yabuchi et al. 1990	Sphingomonas	reclassified_outside_xanthomonas	P2	reclassified_outside_xanthomonas_scope_decision	only_after_supervisor_scope_decision	decide whether retained as outgroup/historical record; do not assume ingroup membership	0	0	0	0	0	0	no_confirmed_ncbi_match	no_confirmed_public_sequence	no	missing_context_metadata	Cucurbita sp. (gourd)	Brunei									
NCPPB 2494	present_in_both	Xanthomonas axonopodis pv. cyamopsidis (Patel et al.1953) Vauterin et al. 1995	Xanthomonas	current_xanthomonas	P2	wgs_reads_require_assembly_and_qc	candidate_after_read_qc_and_assembly	download reads; trim, assemble, then complete genome QC and ANI	1	0	2	0	2	0	confirmed_sequence_available	raw_wgs_reads_require_assembly_and_qc	no	partial_context_metadata	Cyamopsis tetragonolobus	India	Cyamopsis tetragonoloba	India		SAMN42180197		SRR29655433; SRR30037606		SRR29655433; SRR30037606	
NCPPB 2495	present_in_both	Xanthomonas citri pv. malvacearum (Smith 1901) Constantin et al. 2016 comb. nov.	Xanthomonas	current_xanthomonas	P3	no_confirmed_public_sequence	no_genome_input	retain count=0; optional separate marker-gene/literature search	0	0	0	0	0	0	no_confirmed_ncbi_match	no_confirmed_public_sequence	no	missing_context_metadata	Gossypium hirsutum	USSR									
NCPPB 2496	present_in_both	Xanthomonas euvesicatoria pv. sesami (Sabet & Dowson 1960) Constantin et al. 2016 comb. nov.	Xanthomonas	current_xanthomonas	P3	no_confirmed_public_sequence	no_genome_input	retain count=0; optional separate marker-gene/literature search	0	0	0	0	0	0	no_confirmed_ncbi_match	no_confirmed_public_sequence	no	missing_context_metadata	Sesamum indicum	India									
NCPPB 2497	present_in_both	Xanthomonas sp. Dowson 1939	Xanthomonas	current_xanthomonas	P3	no_confirmed_public_sequence	no_genome_input	retain count=0; optional separate marker-gene/literature search	0	0	0	0	0	0	no_confirmed_ncbi_match	no_confirmed_public_sequence	no	missing_context_metadata	Alternathera philoxeroides	India									
NCPPB 2498	present_in_both	Xanthomonas euvesicatoria pv. convolvuli (Nagarkoti et al.1973) Harrison et al. 2023	Xanthomonas	current_xanthomonas	P3	same_pathovar_historical_or_updated_species_name	conditional_release_for_genus_tree_qc_ani_only	calculate ANI/GTDB against suitable references; use NCPPB name as primary label and retain NCBI name as submitted/historical label	1	1	1	0	0	6	linked_sequence_blocked_pending_taxonomy_review	taxonomy_review_required_before_use	yes	partial_context_metadata	Convolvulus arvensis	India	Convolvulus arvensis	India		SAMN19988981	GCF_019201245.1	SRR15305411			01_taxonomy_pathovar_audit_49.tsv
NCPPB 2499	present_in_both	Xanthomonas citri pv. aracearum (Berniac 1974) Constantin et al. 2016 comb. nov.	Xanthomonas	current_xanthomonas	P3	no_confirmed_public_sequence	no_genome_input	retain count=0; optional separate marker-gene/literature search	0	0	0	0	0	0	no_confirmed_ncbi_match	no_confirmed_public_sequence	no	missing_context_metadata	Xanthosoma sagittifolium	West Indies									
NCPPB 2503	present_in_both	Xanthomonas albilineans (Ashby 1929) Dowson 1943	Xanthomonas	current_xanthomonas	P3	no_confirmed_public_sequence	no_genome_input	retain count=0; optional separate marker-gene/literature search	0	0	0	0	0	0	no_confirmed_ncbi_match	no_confirmed_public_sequence	no	missing_context_metadata	Saccharum officinarum	Martinique									
NCPPB 2517	present_in_both	Xanthomonas campestris (Pammel 1895) Dowson 1939	Xanthomonas	current_xanthomonas	P3	assembly_available_qc_required	automatic_candidate_after_genome_qc	download selected assembly; complete QC, contamination screening, ANI and deduplication	1	1	1	1	1	0	confirmed_sequence_available	assembly_available_qc_required	no	partial_context_metadata	Cheiranthus cheiri	UK	Erysimum cheiri	United Kingdom	1973	SAMN36368330	GCA_035023345.1	SRR25205298	GCA_035023345.1	SRR25205298	
NCPPB 2550	present_in_both	Xanthomonas phaseoli pv. manihotis (Bondar 1912) Constantin et al. 2016 comb. nov.	Xanthomonas	current_xanthomonas	P3	no_confirmed_public_sequence	no_genome_input	retain count=0; optional separate marker-gene/literature search	0	0	0	0	0	0	no_confirmed_ncbi_match	no_confirmed_public_sequence	no	missing_context_metadata											
NCPPB 2567	present_in_both	Xanthomonas cucurbitae (ex Bryan 1926) Vauterin et al. 1995	Xanthomonas	current_xanthomonas	P3	assembly_available_qc_required	automatic_candidate_after_genome_qc	download selected assembly; complete QC, contamination screening, ANI and deduplication	1	1	8	1	8	0	confirmed_sequence_available	assembly_available_qc_required	no	partial_context_metadata	Cucumis sativus (cucumber)	USA	Cucurbita maxima	USA: New York	1926	SAMN10290145	GCF_009883735.1	SRR10176391; SRR10176392; SRR10200225; SRR10200226; SRR10200227; SRR10200228; SRR10200229; SRR10200230	GCF_009883735.1	SRR10176392; SRR10176391; SRR10200230; SRR10200229; SRR10200228; SRR10200227; SRR10200226; SRR10200225	
NCPPB 2572	present_in_both	Xanthomonas vesicatoria (ex Doidge 1920) Vauterin et al. 1995	Xanthomonas	current_xanthomonas	P3	no_confirmed_public_sequence	no_genome_input	retain count=0; optional separate marker-gene/literature search	0	0	0	0	0	0	no_confirmed_ncbi_match	no_confirmed_public_sequence	no	missing_context_metadata	Capsicum frutescens	USA									
NCPPB 2573	present_in_both	Xanthomonas euvesicatoria pv. euvesicatoria (Jones et al. 2006) Constantin et al. 2016 comb. nov.	Xanthomonas	current_xanthomonas	P3	no_confirmed_public_sequence	no_genome_input	retain count=0; optional separate marker-gene/literature search	0	0	0	0	0	0	no_confirmed_ncbi_match	no_confirmed_public_sequence	no	missing_context_metadata	Solanum lycopersicum	USA									
NCPPB 2574	present_in_both	Xanthomonas euvesicatoria pv. euvesicatoria (Jones et al. 2006) Constantin et al. 2016 comb. nov.	Xanthomonas	current_xanthomonas	P3	no_confirmed_public_sequence	no_genome_input	retain count=0; optional separate marker-gene/literature search	0	0	0	0	0	0	no_confirmed_ncbi_match	no_confirmed_public_sequence	no	missing_context_metadata	Capsicum frutescens	USA									
NCPPB 2575	present_in_both	Xanthomonas euvesicatoria pv. euvesicatoria (Jones et al. 2006) Constantin et al. 2016 comb. nov.	Xanthomonas	current_xanthomonas	P3	no_confirmed_public_sequence	no_genome_input	retain count=0; optional separate marker-gene/literature search	0	0	0	0	0	0	no_confirmed_ncbi_match	no_confirmed_public_sequence	no	missing_context_metadata	Solanum lycopersicum	USA									
NCPPB 2576	present_in_both	Xanthomonas vesicatoria (ex Doidge 1920) Vauterin et al. 1995	Xanthomonas	current_xanthomonas	P3	no_confirmed_public_sequence	no_genome_input	retain count=0; optional separate marker-gene/literature search	0	0	0	0	0	0	no_confirmed_ncbi_match	no_confirmed_public_sequence	no	missing_context_metadata	Solanum lycopersicum	USA									
NCPPB 2586	present_in_both	Xanthomonas sp. Dowson 1939	Xanthomonas	current_xanthomonas	P3	assembly_available_qc_required	automatic_candidate_after_genome_qc	download selected assembly; complete QC, contamination screening, ANI and deduplication	2	2	3	2	3	0	confirmed_sequence_available	assembly_available_qc_required	no	partial_context_metadata	Brassica juncea	India	Brassica juncea	India	1972	SAMN42161505; SAMN22552828	GCF_020813175.1; GCF_041475775.1	SRR29644170; SRR29823156; SRR30040119	GCF_041475775.1; GCF_020813175.1	SRR29644170; SRR30040119; SRR29823156	
NCPPB 2587	present_in_both	Xanthomonas arboricola pv. pruni (Smith 1903) Vauterin et al. 1995	Xanthomonas	current_xanthomonas	P3	no_confirmed_public_sequence	no_genome_input	retain count=0; optional separate marker-gene/literature search	0	0	0	0	0	0	no_confirmed_ncbi_match	no_confirmed_public_sequence	no	missing_context_metadata	Prunus armeniaca	South Africa									
NCPPB 2588	present_in_both	Xanthomonas arboricola pv. pruni (Smith 1903) Vauterin et al. 1995	Xanthomonas	current_xanthomonas	P3	no_confirmed_public_sequence	no_genome_input	retain count=0; optional separate marker-gene/literature search	0	0	0	0	0	0	no_confirmed_ncbi_match	no_confirmed_public_sequence	no	missing_context_metadata	Prunus persica	South Africa									
NCPPB 2592	present_in_both	Xanthomonas euvesicatoria pv. betae (Robbs et al. 1981) Constantin et al. 2016 comb. nov.	Xanthomonas	current_xanthomonas	P3	no_confirmed_public_sequence	no_genome_input	retain count=0; optional separate marker-gene/literature search	0	0	0	0	0	0	no_confirmed_ncbi_match	no_confirmed_public_sequence	no	missing_context_metadata	Beta vulgaris (red beet)	Brazil									
NCPPB 2593	present_in_both	Xanthomonas euvesicatoria pv. euvesicatoria (Jones et al. 2006) Constantin et al. 2016 comb. nov.	Xanthomonas	current_xanthomonas	P3	no_confirmed_public_sequence	no_genome_input	retain count=0; optional separate marker-gene/literature search	0	0	0	0	0	0	no_confirmed_ncbi_match	no_confirmed_public_sequence	no	missing_context_metadata	Capsicum frutescens	Brazil									
NCPPB 2594	present_in_both	Xanthomonas euvesicatoria pv. euvesicatoria (Jones et al. 2006) Constantin et al. 2016 comb. nov.	Xanthomonas	current_xanthomonas	P3	assembly_available_qc_required	automatic_candidate_after_genome_qc	download selected assembly; complete QC, contamination screening, ANI and deduplication	1	1	1	1	1	0	confirmed_sequence_available	assembly_available_qc_required	no	complete_host_geography_date_source	Capsicum frutescens	Brazil	Capsicum frutescens	Brazil		SAMN03177544	GCF_001691375.1	SRR4714149	GCF_001691375.1	SRR4714149	
NCPPB 2595	present_in_both	Xanthomonas vesicatoria (ex Doidge 1920) Vauterin et al. 1995	Xanthomonas	current_xanthomonas	P3	no_confirmed_public_sequence	no_genome_input	retain count=0; optional separate marker-gene/literature search	0	0	0	0	0	0	no_confirmed_ncbi_match	no_confirmed_public_sequence	no	missing_context_metadata	Solanum lycopersicum	Brazil									
NCPPB 2597	present_in_both	Xanthomonas cucurbitae (ex Bryan 1926) Vauterin et al. 1995	Xanthomonas	current_xanthomonas	P3	assembly_available_qc_required	automatic_candidate_after_genome_qc	download selected assembly; complete QC, contamination screening, ANI and deduplication	1	1	0	1	0	0	confirmed_sequence_available	assembly_available_qc_required	no	partial_context_metadata	Curcurbita maxima	New Zealand	Cucurbita maxima	New Zealand	1968	SAMN05560221	GCF_002939885.1		GCF_002939885.1		
NCPPB 2605	present_in_both	Xanthomonas axonopodis pv. begoniae (Takimoto 1934) Vauterin et al. 1995	Xanthomonas	current_xanthomonas	P3	no_confirmed_public_sequence	no_genome_input	retain count=0; optional separate marker-gene/literature search	0	0	0	0	0	0	no_confirmed_ncbi_match	no_confirmed_public_sequence	no	missing_context_metadata	Begonia sp.	UK (Channel Isles)									
NCPPB 2614	present_in_both	Xanthomonas campestris pv. viticola (Nayudu 1972) Dye 1978	Xanthomonas	current_xanthomonas	P3	no_confirmed_public_sequence	no_genome_input	retain count=0; optional separate marker-gene/literature search	0	0	0	0	0	0	no_confirmed_ncbi_match	no_confirmed_public_sequence	no	missing_context_metadata	Vitis vinifera	India									
NCPPB 2615	present_in_both	Xanthomonas campestris pv. viticola (Nayudu 1972) Dye 1978	Xanthomonas	current_xanthomonas	P3	no_confirmed_public_sequence	no_genome_input	retain count=0; optional separate marker-gene/literature search	0	0	0	0	0	0	no_confirmed_ncbi_match	no_confirmed_public_sequence	no	missing_context_metadata	Vitis vinifera	India									
NCPPB 2616	present_in_both	Xanthomonas campestris pv. viticola (Nayudu 1972) Dye 1978	Xanthomonas	current_xanthomonas	P3	no_confirmed_public_sequence	no_genome_input	retain count=0; optional separate marker-gene/literature search	0	0	0	0	0	0	no_confirmed_ncbi_match	no_confirmed_public_sequence	no	missing_context_metadata	Vitis vinifera	India									
NCPPB 2632	present_in_both	Xanthomonas sp. Dowson 1939	Xanthomonas	current_xanthomonas	P3	assembly_available_qc_required	automatic_candidate_after_genome_qc	download selected assembly; complete QC, contamination screening, ANI and deduplication	1	1	2	1	2	0	confirmed_sequence_available	assembly_available_qc_required	no	partial_context_metadata	Lolium perenne	UK	Lolium perenne	United Kingdom	1973	SAMN42161506	GCF_041228075.1	SRR29644169; SRR30016876	GCF_041228075.1	SRR29644169; SRR30016876	
NCPPB 2649	present_in_both	Xanthomonas vasicola pv. arecae (Rao & Mohan 1970) Dye 1978. emend. Studholme et al., 2020	Xanthomonas	current_xanthomonas	P3	assembly_available_qc_required	automatic_candidate_after_genome_qc	download selected assembly; complete QC, contamination screening, ANI and deduplication	1	1	0	1	0	0	confirmed_sequence_available	assembly_available_qc_required	no	complete_host_geography_date_source	Areca catechu	India	Areca catechu	India	1974	SAMN03140274	GCF_000770355.2		GCF_000770355.2		
NCPPB 2654	present_in_both	Xanthomonas sp. Dowson 1939	Xanthomonas	current_xanthomonas	P3	assembly_available_qc_required	automatic_candidate_after_genome_qc	download selected assembly; complete QC, contamination screening, ANI and deduplication	2	2	2	2	2	0	confirmed_sequence_available	assembly_available_qc_required	no	partial_context_metadata	Phaseolus vulgaris (navy bean)	UK	Phaseolus vulgaris; Phaseolus vulgaris (Navy bean)	United Kingdom	1974	SAMN42161507; SAMN35699823	GCF_030287385.1; GCF_056725245.1	SRR29644168; SRR30040118	GCF_056725245.1; GCF_030287385.1	SRR29644168; SRR30040118	
NCPPB 2665	present_in_both	Xanthomonas citri pv. fuscans (Schaad et al. 2007) Constantin et al. 2016 comb. nov.	Xanthomonas	current_xanthomonas	P3	assembly_available_qc_required	automatic_candidate_after_genome_qc	download selected assembly; complete QC, contamination screening, ANI and deduplication	1	1	1	1	1	0	confirmed_sequence_available	assembly_available_qc_required	no	complete_host_geography_date_source	Phaseolus vulgaris	Italy	Phaseolus vulgaris	Italy	1973	SAMN03142403	GCF_000775195.1	SRR2052428	GCF_000775195.1	SRR2052428	
NCPPB 2695	present_in_both	Xanthomonas graminis pv. graminis Tambong et al. 2024	Xanthomonas	current_xanthomonas	P3	no_confirmed_public_sequence	no_genome_input	retain count=0; optional separate marker-gene/literature search	0	0	0	0	0	0	no_confirmed_ncbi_match	no_confirmed_public_sequence	no	missing_context_metadata	Lolium multiflorum	Switzerland									
NCPPB 2696	present_in_both	Xanthomonas graminis pv. graminis Tambong et al. 2024	Xanthomonas	current_xanthomonas	P3	no_confirmed_public_sequence	no_genome_input	retain count=0; optional separate marker-gene/literature search	0	0	0	0	0	0	no_confirmed_ncbi_match	no_confirmed_public_sequence	no	missing_context_metadata	Dactylis glomerata	Switzerland									
NCPPB 2697	present_in_both	Xanthomonas graminis pv. graminis Tambong et al. 2024	Xanthomonas	current_xanthomonas	P3	no_confirmed_public_sequence	no_genome_input	retain count=0; optional separate marker-gene/literature search	0	0	0	0	0	0	no_confirmed_ncbi_match	no_confirmed_public_sequence	no	missing_context_metadata	Lolium multiflorum	Switzerland									
NCPPB 2698	present_in_both	Xanthomonas graminis pv. graminis Tambong et al. 2024	Xanthomonas	current_xanthomonas	P3	no_confirmed_public_sequence	no_genome_input	retain count=0; optional separate marker-gene/literature search	0	0	0	0	0	0	no_confirmed_ncbi_match	no_confirmed_public_sequence	no	missing_context_metadata	Lolium multiflorum	Switzerland									
NCPPB 2699	present_in_both	Xanthomonas graminis pv. arrhenatheri Tambong et al. 2024	Xanthomonas	current_xanthomonas	P3	no_confirmed_public_sequence	no_genome_input	retain count=0; optional separate marker-gene/literature search	0	0	0	0	0	0	no_confirmed_ncbi_match	no_confirmed_public_sequence	no	missing_context_metadata	Arrhenatherum elatius	Switzerland									
NCPPB 2700	present_in_both	Xanthomonas graminis pv. graminis Tambong et al. 2024	Xanthomonas	current_xanthomonas	P3	assembly_available_qc_required	automatic_candidate_after_genome_qc	download selected assembly; complete QC, contamination screening, ANI and deduplication	2	2	0	2	0	0	confirmed_sequence_available	assembly_available_qc_required	no	complete_host_geography_date_source	Dactylis glomerata	Switzerland	Dactylis glomerata	Switzerland	1973	SAMN03892232; SAMN18876882	GCF_001269865.1; GCF_021903375.1		GCF_001269865.1; GCF_021903375.1		
NCPPB 2701	present_in_both	Xanthomonas graminis pv. graminis Tambong et al. 2024	Xanthomonas	current_xanthomonas	P3	no_confirmed_public_sequence	no_genome_input	retain count=0; optional separate marker-gene/literature search	0	0	0	0	0	0	no_confirmed_ncbi_match	no_confirmed_public_sequence	no	missing_context_metadata	Festuca pratensis	Switzerland									
NCPPB 2817	present_in_both	Xanthomonas cerealis pv. cerealis Tambong et al. 2024	Xanthomonas	current_xanthomonas	P3	no_confirmed_public_sequence	no_genome_input	retain count=0; optional separate marker-gene/literature search	0	0	0	0	0	0	no_confirmed_ncbi_match	no_confirmed_public_sequence	no	missing_context_metadata	Hordeum vulgare	Canada									
NCPPB 2819	present_in_both	Xanthomonas cerealis pv. cerealis Tambong et al. 2024	Xanthomonas	current_xanthomonas	P3	no_confirmed_public_sequence	no_genome_input	retain count=0; optional separate marker-gene/literature search	0	0	0	0	0	0	no_confirmed_ncbi_match	no_confirmed_public_sequence	no	missing_context_metadata	Bromus inermis	Canada									
NCPPB 2820	present_in_both	Xanthomonas translucens pv. translucens (Jones et al. 1917) Vauterin et al. 1995	Xanthomonas	current_xanthomonas	P1	manual_review_required_non_audit	not_automatically_usable	review the remaining identity/taxonomy reason in manual_review_candidates.tsv; approve or reject before sequence use	0	0	0	0	0	0	provisional_match_requires_review	identity_review_required_before_use	yes	missing_context_metadata	Hordeum vulgare	Canada									
NCPPB 2821	present_in_both	Xanthomonas translucens pv. undulosa (Smith et al. 1919) Vauterin et al. 1995	Xanthomonas	current_xanthomonas	P3	assembly_available_qc_required	automatic_candidate_after_genome_qc	download selected assembly; complete QC, contamination screening, ANI and deduplication	1	1	0	1	0	0	confirmed_sequence_available	assembly_available_qc_required	no	partial_context_metadata	Triticum durum	Canada	Triticum turgidum subsp. durum	Canada	1966	SAMN18753780	GCF_021903275.1		GCF_021903275.1		
NCPPB 2822	present_in_both	Xanthomonas translucens pv. secalis (Reddy et al. 1924) Vauterin et al. 1995	Xanthomonas	current_xanthomonas	P3	assembly_available_qc_required	automatic_candidate_after_genome_qc	download selected assembly; complete QC, contamination screening, ANI and deduplication	1	1	0	1	0	0	confirmed_sequence_available	assembly_available_qc_required	no	partial_context_metadata	Secale cereale	Canada		Canada	1966	SAMN18753387	GCF_021903295.1		GCF_021903295.1		
NCPPB 2825	present_in_both	Xanthomonas translucens pv. undulosa (Smith et al. 1919) Vauterin et al. 1995	Xanthomonas	current_xanthomonas	P3	no_confirmed_public_sequence	no_genome_input	retain count=0; optional separate marker-gene/literature search	0	0	0	0	0	0	no_confirmed_ncbi_match	no_confirmed_public_sequence	no	missing_context_metadata	Triticum sp. x Secale sp. (triticale)	Canada									
NCPPB 2826	present_in_both	Xanthomonas translucens pv. undulosa (Smith et al. 1919) Vauterin et al. 1995	Xanthomonas	current_xanthomonas	P3	no_confirmed_public_sequence	no_genome_input	retain count=0; optional separate marker-gene/literature search	0	0	0	0	0	0	no_confirmed_ncbi_match	no_confirmed_public_sequence	no	missing_context_metadata	Triticum sp. x Secale sp. (triticale)	Canada									
NCPPB 2827	present_in_both	Xanthomonas cerealis pv. cerealis Tambong et al. 2024	Xanthomonas	current_xanthomonas	P1	manual_review_required_non_audit	not_automatically_usable	review the remaining identity/taxonomy reason in manual_review_candidates.tsv; approve or reject before sequence use	0	0	0	0	0	0	provisional_match_requires_review	identity_review_required_before_use	yes	missing_context_metadata	Agropyron repens	Canada									
NCPPB 2828	present_in_both	Xanthomonas translucens pv. undulosa (Smith et al. 1919) Vauterin et al. 1995	Xanthomonas	current_xanthomonas	P3	no_confirmed_public_sequence	no_genome_input	retain count=0; optional separate marker-gene/literature search	0	0	0	0	0	0	no_confirmed_ncbi_match	no_confirmed_public_sequence	no	missing_context_metadata	Triticum aestivum	Canada									
NCPPB 2829	present_in_both	Xanthomonas translucens pv. translucens (Jones et al. 1917) Vauterin et al. 1995	Xanthomonas	current_xanthomonas	P3	no_confirmed_public_sequence	no_genome_input	retain count=0; optional separate marker-gene/literature search	0	0	0	0	0	0	no_confirmed_ncbi_match	no_confirmed_public_sequence	no	missing_context_metadata	Hordeum vulgare	Canada									
NCPPB 2831	present_in_both	Xanthomonas cerealis pv. cerealis Tambong et al. 2024	Xanthomonas	current_xanthomonas	P3	no_confirmed_public_sequence	no_genome_input	retain count=0; optional separate marker-gene/literature search	0	0	0	0	0	0	no_confirmed_ncbi_match	no_confirmed_public_sequence	no	missing_context_metadata	Triticum durum.	Canada									
NCPPB 2832	present_in_both	Xanthomonas citri pv. aracearum (Berniac 1974) Constantin et al. 2016 comb. nov.	Xanthomonas	current_xanthomonas	P2	wgs_reads_require_assembly_and_qc	candidate_after_read_qc_and_assembly	download reads; trim, assemble, then complete genome QC and ANI	1	0	1	0	1	0	confirmed_sequence_available	raw_wgs_reads_require_assembly_and_qc	no	partial_context_metadata	Xanthosoma sagittifolium	Guadeloupe	Xanthosoma sagittifolium	Guadeloupe	1972	SAMN42278575		SRR29692760		SRR29692760	
NCPPB 2834	present_in_both	Xanthomonas citri pv. malvacearum (Smith 1901) Constantin et al. 2016 comb. nov.	Xanthomonas	current_xanthomonas	P3	no_confirmed_public_sequence	no_genome_input	retain count=0; optional separate marker-gene/literature search	0	0	0	0	0	0	no_confirmed_ncbi_match	no_confirmed_public_sequence	no	missing_context_metadata	Gossypium hirsutum	Tanzania									
NCPPB 2835	present_in_both	Xanthomonas citri pv. malvacearum (Smith 1901) Constantin et al. 2016 comb. nov.	Xanthomonas	current_xanthomonas	P3	no_confirmed_public_sequence	no_genome_input	retain count=0; optional separate marker-gene/literature search	0	0	0	0	0	0	no_confirmed_ncbi_match	no_confirmed_public_sequence	no	missing_context_metadata	Gossypium hirsutum	Tanzania									
NCPPB 2836	present_in_both	Xanthomonas citri pv. malvacearum (Smith 1901) Constantin et al. 2016 comb. nov.	Xanthomonas	current_xanthomonas	P3	no_confirmed_public_sequence	no_genome_input	retain count=0; optional separate marker-gene/literature search	0	0	0	0	0	0	no_confirmed_ncbi_match	no_confirmed_public_sequence	no	missing_context_metadata		Tanzania									
NCPPB 2837	present_in_both	Xanthomonas citri pv. malvacearum (Smith 1901) Constantin et al. 2016 comb. nov.	Xanthomonas	current_xanthomonas	P3	no_confirmed_public_sequence	no_genome_input	retain count=0; optional separate marker-gene/literature search	0	0	0	0	0	0	no_confirmed_ncbi_match	no_confirmed_public_sequence	no	missing_context_metadata	Gossypium hirsutum	Tanzania									
NCPPB 2838	present_in_both	Xanthomonas citri pv. malvacearum (Smith 1901) Constantin et al. 2016 comb. nov.	Xanthomonas	current_xanthomonas	P3	no_confirmed_public_sequence	no_genome_input	retain count=0; optional separate marker-gene/literature search	0	0	0	0	0	0	no_confirmed_ncbi_match	no_confirmed_public_sequence	no	missing_context_metadata	Gossypium hirsutum	Tanzania									
NCPPB 2839	present_in_both	Xanthomonas citri pv. malvacearum (Smith 1901) Constantin et al. 2016 comb. nov.	Xanthomonas	current_xanthomonas	P3	no_confirmed_public_sequence	no_genome_input	retain count=0; optional separate marker-gene/literature search	0	0	0	0	0	0	no_confirmed_ncbi_match	no_confirmed_public_sequence	no	missing_context_metadata	Gossypium hirsutum	Tanzania									
NCPPB 2840	present_in_both	Xanthomonas citri pv. malvacearum (Smith 1901) Constantin et al. 2016 comb. nov.	Xanthomonas	current_xanthomonas	P3	no_confirmed_public_sequence	no_genome_input	retain count=0; optional separate marker-gene/literature search	0	0	0	0	0	0	no_confirmed_ncbi_match	no_confirmed_public_sequence	no	missing_context_metadata	Gossypium hirsutum	Tanzania									
NCPPB 2856	present_in_both	Xanthomonas sp. Dowson 1939	Xanthomonas	current_xanthomonas	P3	assembly_available_qc_required	automatic_candidate_after_genome_qc	download selected assembly; complete QC, contamination screening, ANI and deduplication	1	1	1	1	1	0	confirmed_sequence_available	assembly_available_qc_required	no	partial_context_metadata	Chrysanthemum morifolium	Netherlands	Chrysanthemum x morifolium	Netherlands	1975	SAMN42161508	GCF_056675635.1	SRR29644167	GCF_056675635.1	SRR29644167	
NCPPB 2857	present_in_both	Xanthomonas campestris pv. campestris (Pammel 1895) Dowson 1939	Xanthomonas	current_xanthomonas	P3	assembly_available_qc_required	automatic_candidate_after_genome_qc	download selected assembly; complete QC, contamination screening, ANI and deduplication	1	1	1	1	1	0	confirmed_sequence_available	assembly_available_qc_required	no	partial_context_metadata	Brassica napus	UK	Brassica napus	not collected		SAMN36346974	GCA_035026865.1	SRR25183327	GCA_035026865.1	SRR25183327	
NCPPB 2859	present_in_both	Stenotrophomonas sp.	Stenotrophomonas	reclassified_outside_xanthomonas	P2	reclassified_outside_xanthomonas_scope_decision	only_after_supervisor_scope_decision	decide whether retained as outgroup/historical record; do not assume ingroup membership	0	0	0	0	0	0	no_confirmed_ncbi_match	no_confirmed_public_sequence	no	missing_context_metadata	Corylus maxima	Turkey									
NCPPB 2864	present_in_both	Xanthomonas sp. Dowson 1939	Xanthomonas	current_xanthomonas	P3	assembly_available_qc_required	automatic_candidate_after_genome_qc	download selected assembly; complete QC, contamination screening, ANI and deduplication	1	1	1	1	1	0	confirmed_sequence_available	assembly_available_qc_required	no	partial_context_metadata	Chrysanthemum morifolium	Netherlands	Chrysanthemum x morifolium	Netherlands	1975	SAMN42161509	GCF_056675615.1	SRR29644166	GCF_056675615.1	SRR29644166	
NCPPB 2865	present_in_both	Xanthomonas sp. Dowson 1939	Xanthomonas	current_xanthomonas	P3	assembly_available_qc_required	automatic_candidate_after_genome_qc	download selected assembly; complete QC, contamination screening, ANI and deduplication	1	1	2	1	2	0	confirmed_sequence_available	assembly_available_qc_required	no	partial_context_metadata	Chrysanthemum morifolium	Netherlands	Chrysanthemum x morifolium	Netherlands	1975	SAMN42161510	GCF_041475785.1	SRR29644165; SRR30040143	GCF_041475785.1	SRR29644165; SRR30040143	
NCPPB 2866	present_in_both	Xanthomonas sp. Dowson 1939	Xanthomonas	current_xanthomonas	P3	assembly_available_qc_required	automatic_candidate_after_genome_qc	download selected assembly; complete QC, contamination screening, ANI and deduplication	1	1	2	1	2	0	confirmed_sequence_available	assembly_available_qc_required	no	partial_context_metadata	Chrysanthemum morifolium	Netherlands	Chrysanthemum x morifolium	Netherlands	1975	SAMN42161511	GCF_041475745.1	SRR29644164; SRR30040142	GCF_041475745.1	SRR29644164; SRR30040142	
NCPPB 2876	present_in_both	Xanthomonas campestris pv. cannabis Severin 1978	Xanthomonas	current_xanthomonas	P3	no_confirmed_public_sequence	no_genome_input	retain count=0; optional separate marker-gene/literature search	0	0	0	0	0	0	no_confirmed_ncbi_match	no_confirmed_public_sequence	no	missing_context_metadata	Cannabis sativa	Romania									
NCPPB 2877	present_in_both	Xanthomonas campestris pv. cannabis Severin 1978	Xanthomonas	current_xanthomonas	P3	same_pathovar_historical_or_updated_species_name	conditional_release_for_genus_tree_qc_ani_only	calculate ANI/GTDB against suitable references; use NCPPB name as primary label and retain NCBI name as submitted/historical label	1	1	1	0	0	6	linked_sequence_blocked_pending_taxonomy_review	taxonomy_review_required_before_use	yes	complete_host_geography_date_source	Cannabis sativa	Romania	Cannabis sativa	Romania: Lovrin, Timis County	1974	SAMN03164131	GCF_000802365.1	SRR4718189			01_taxonomy_pathovar_audit_49.tsv
NCPPB 2879	present_in_both	Xanthomonas campestris pv. cannabis Severin 1978	Xanthomonas	current_xanthomonas	P3	no_confirmed_public_sequence	no_genome_input	retain count=0; optional separate marker-gene/literature search	0	0	0	0	0	0	no_confirmed_ncbi_match	no_confirmed_public_sequence	no	missing_context_metadata	Cannabis sativa	Romania									
NCPPB 2885	present_in_both	Xanthomonas citri pv. mangiferaeindicae (Patel et al. 1948) Constantin et al. 2016 comb. nov.	Xanthomonas	current_xanthomonas	P3	no_confirmed_public_sequence	no_genome_input	retain count=0; optional separate marker-gene/literature search	0	0	0	0	0	0	no_confirmed_ncbi_match	no_confirmed_public_sequence	no	missing_context_metadata	Mangifera indica	Reunion									
NCPPB 2894	present_in_both	Xanthomonas euvesicatoria pv. alfalfae (ex Riker et al. 1935) Constantin et al. 2016 comb. nov.	Xanthomonas	current_xanthomonas	P3	no_confirmed_public_sequence	no_genome_input	retain count=0; optional separate marker-gene/literature search	0	0	0	0	0	0	no_confirmed_ncbi_match	no_confirmed_public_sequence	no	missing_context_metadata	Medicago sativa	Australia									
NCPPB 2896	present_in_both	Xanthomonas arboricola pv. corylina (Miller et al. 1940) Vauterin et al. 1995	Xanthomonas	current_xanthomonas	P3	no_confirmed_public_sequence	no_genome_input	retain count=0; optional separate marker-gene/literature search	0	0	0	0	0	0	no_confirmed_ncbi_match	no_confirmed_public_sequence	no	missing_context_metadata	Corylus avellana	UK									
NCPPB 2898	present_in_both	Xanthomonas arboricola pv. corylina (Miller et al. 1940) Vauterin et al. 1995	Xanthomonas	current_xanthomonas	P3	no_confirmed_public_sequence	no_genome_input	retain count=0; optional separate marker-gene/literature search	0	0	0	0	0	0	no_confirmed_ncbi_match	no_confirmed_public_sequence	no	missing_context_metadata	Corylus avellana	UK									
NCPPB 2904	present_in_both	Xanthomonas translucens pv. translucens (Jones et al. 1917) Vauterin et al. 1995	Xanthomonas	current_xanthomonas	P3	no_confirmed_public_sequence	no_genome_input	retain count=0; optional separate marker-gene/literature search	0	0	0	0	0	0	no_confirmed_ncbi_match	no_confirmed_public_sequence	no	missing_context_metadata	Lolium multiflorum	UK									
NCPPB 2910	present_in_both	Xanthomonas phaseoli pv. manihotis (Bondar 1912) Constantin et al. 2016 comb. nov.	Xanthomonas	current_xanthomonas	P3	no_confirmed_public_sequence	no_genome_input	retain count=0; optional separate marker-gene/literature search	0	0	0	0	0	0	no_confirmed_ncbi_match	no_confirmed_public_sequence	no	missing_context_metadata	Manihot esculenta	Nigeria									
NCPPB 2914	present_in_both	Xanthomonas citri pv. rhynchosiae (Sabet et al. 1969) Constantin et al. 2016 comb. nov	Xanthomonas	current_xanthomonas	P3	assembly_available_qc_required	automatic_candidate_after_genome_qc	download selected assembly; complete QC, contamination screening, ANI and deduplication	1	1	2	1	2	0	confirmed_sequence_available	assembly_available_qc_required	no	partial_context_metadata	Rhynchosiae phaseoloides	Barbados	Rhynchosiae phaseoloides	Barbados	1972	SAMN42180190	GCF_053571525.1	SRR29655369; SRR30037967	GCF_053571525.1	SRR29655369; SRR30037967	
NCPPB 2918	present_in_both	Xanthomonas sp. Dowson 1939	Xanthomonas	current_xanthomonas	P3	assembly_available_qc_required	automatic_candidate_after_genome_qc	download selected assembly; complete QC, contamination screening, ANI and deduplication	2	2	2	2	2	0	confirmed_sequence_available	assembly_available_qc_required	no	partial_context_metadata	Crambe sp.	Malawi	Crambe; Crambe sp.	Malawi	1973	SAMN57360828; SAMN22552833	GCF_020813055.1; GCF_057218975.1	SRR29823155; SRR38178864	GCF_057218975.1; GCF_020813055.1	SRR38178864; SRR29823155	
NCPPB 2919	present_in_both	Xanthomonas phaseoli pv. manihotis (Bondar 1912) Constantin et al. 2016 comb. nov.	Xanthomonas	current_xanthomonas	P3	no_confirmed_public_sequence	no_genome_input	retain count=0; optional separate marker-gene/literature search	0	0	0	0	0	0	no_confirmed_ncbi_match	no_confirmed_public_sequence	no	missing_context_metadata	Manihot esculenta	Zaire									
NCPPB 2920	present_in_both	Xanthomonas translucens pv. translucens (Jones et al. 1917) Vauterin et al. 1995	Xanthomonas	current_xanthomonas	P3	no_confirmed_public_sequence	no_genome_input	retain count=0; optional separate marker-gene/literature search	0	0	0	0	0	0	no_confirmed_ncbi_match	no_confirmed_public_sequence	no	missing_context_metadata	Triticum durum x Secale cereale.	Mexico									
NCPPB 2921	present_in_both	Xanthomonas oryzae pv. oryzicola (Fang et al. 1957) Swings et al. 1990	Xanthomonas	current_xanthomonas	P3	no_confirmed_public_sequence	no_genome_input	retain count=0; optional separate marker-gene/literature search	0	0	0	0	0	0	no_confirmed_ncbi_match	no_confirmed_public_sequence	no	missing_context_metadata	Oryza sativa	Malaysia									
NCPPB 2922	present_in_both	Xanthomonas sp. Dowson 1939	Xanthomonas	current_xanthomonas	P1	manual_review_required_non_audit	not_automatically_usable	review the remaining identity/taxonomy reason in manual_review_candidates.tsv; approve or reject before sequence use	2	1	2	1	1	3	confirmed_sequence_available	assembly_available_qc_required	yes	partial_context_metadata	Matthiola incana, stock	Rhodesia	Matthiola incana	Zimbabwe	1977; 1973	SAMN43286070; SAMN42485110	GCF_041520885.1	SRR29821703; SRR30327310	GCF_041520885.1	SRR30327310	
NCPPB 2925	present_in_both	Xanthomonas sp. Dowson 1939	Xanthomonas	current_xanthomonas	P3	no_confirmed_public_sequence	no_genome_input	retain count=0; optional separate marker-gene/literature search	0	0	0	0	0	0	no_confirmed_ncbi_match	no_confirmed_public_sequence	no	missing_context_metadata	Oryza sativa	Denmark									
NCPPB 2927	present_in_both	Xanthomonas arboricola pv. juglandis (Pierce 1901) Vauterin et al. 1995	Xanthomonas	current_xanthomonas	P3	no_confirmed_public_sequence	no_genome_input	retain count=0; optional separate marker-gene/literature search	0	0	0	0	0	0	no_confirmed_ncbi_match	no_confirmed_public_sequence	no	missing_context_metadata	Juglans regia	Iran									
NCPPB 2928	present_in_both	Xanthomonas campestris pv. azadirachtae (Desai et al.1966) Dye 1978	Xanthomonas	current_xanthomonas	P3	no_confirmed_public_sequence	no_genome_input	retain count=0; optional separate marker-gene/literature search	0	0	0	0	0	0	no_confirmed_ncbi_match	no_confirmed_public_sequence	no	missing_context_metadata	Azadirachta indica	India									
NCPPB 2930	present_in_both	Xanthomonas vasicola pv. holcicola (Elliott 1930) Vauterin et al. 1995	Xanthomonas	current_xanthomonas	P1	cross_genus_conflict	exclude_from_xanthomonas_main_dataset	check original collection and sequencing provenance; independently re-identify or re-isolate before any inclusion	1	1	1	0	0	6	linked_sequence_blocked_pending_taxonomy_review	taxonomy_review_required_before_use	yes	partial_context_metadata	Sorghum vulgare	Solomon Isles	Sorghum bicolor	Solomon Islands	1977	SAMN41764005	GCF_042867205.1	SRR29357488			01_taxonomy_pathovar_audit_49.tsv
NCPPB 2931	present_in_both	Xanthomonas citri pv. glycines (Nakano 1919) Constantin et al. 2016 comb.nov.	Xanthomonas	current_xanthomonas	P3	no_confirmed_public_sequence	no_genome_input	retain count=0; optional separate marker-gene/literature search	0	0	0	0	0	0	no_confirmed_ncbi_match	no_confirmed_public_sequence	no	missing_context_metadata	Glycine max	Nepal									
NCPPB 2932	present_in_both	Xanthomonas euvesicatoria pv. daturae (Jain, Dange & Siradhana 1975) Harrison et al. 2023	Xanthomonas	current_xanthomonas	P3	same_pathovar_historical_or_updated_species_name	conditional_release_for_genus_tree_qc_ani_only	calculate ANI/GTDB against suitable references; use NCPPB name as primary label and retain NCBI name as submitted/historical label	1	1	1	0	0	6	linked_sequence_blocked_pending_taxonomy_review	taxonomy_review_required_before_use	yes	partial_context_metadata	Datura metel	India	Datura metel	India		SAMN19988982	GCF_019201325.1	SRR15305431			01_taxonomy_pathovar_audit_49.tsv
NCPPB 2933	present_in_both	Xanthomonas sp. Dowson 1939	Xanthomonas	current_xanthomonas	P3	assembly_available_qc_required	automatic_candidate_after_genome_qc	download selected assembly; complete QC, contamination screening, ANI and deduplication	1	1	2	1	2	0	confirmed_sequence_available	assembly_available_qc_required	no	partial_context_metadata	Calendula officinalis	UK	Calendula officinalis	United Kingdom	1974	SAMN42161512	GCF_056725225.1	SRR29644163; SRR30040141	GCF_056725225.1	SRR29644163; SRR30040141	
NCPPB 2934	present_in_both	Xanthomonas sp. Dowson 1939	Xanthomonas	current_xanthomonas	P3	no_confirmed_public_sequence	no_genome_input	retain count=0; optional separate marker-gene/literature search	0	0	0	0	0	0	no_confirmed_ncbi_match	no_confirmed_public_sequence	no	missing_context_metadata	Cayratia carnosa	India									
NCPPB 2935	present_in_both	Xanthomonas euvesicatoria pv. daturae (Jain, Dange & Siradhana 1975) Harrison et al. 2023	Xanthomonas	current_xanthomonas	P3	no_confirmed_public_sequence	no_genome_input	retain count=0; optional separate marker-gene/literature search	0	0	0	0	0	0	no_confirmed_ncbi_match	no_confirmed_public_sequence	no	missing_context_metadata	Datura stramonium	India									
NCPPB 2936	present_in_both	Xanthomonas euvesicatoria pv. argemones (Srinivasan et al. 1961) Constantin et al. 2016 comb. nov.	Xanthomonas	current_xanthomonas	P3	no_confirmed_public_sequence	no_genome_input	retain count=0; optional separate marker-gene/literature search	0	0	0	0	0	0	no_confirmed_ncbi_match	no_confirmed_public_sequence	no	missing_context_metadata	Argemone mexicana	India									
NCPPB 2938	present_in_both	Xanthomonas citri pv. glycines (Nakano 1919) Constantin et al. 2016 comb.nov.	Xanthomonas	current_xanthomonas	P3	no_confirmed_public_sequence	no_genome_input	retain count=0; optional separate marker-gene/literature search	0	0	0	0	0	0	no_confirmed_ncbi_match	no_confirmed_public_sequence	no	missing_context_metadata	Glycine max	Indonesia									
NCPPB 2949	present_in_both	Xanthomonas fragariae Kennedy and King 1962	Xanthomonas	current_xanthomonas	P2	wgs_reads_require_assembly_and_qc	candidate_after_read_qc_and_assembly	download reads; trim, assemble, then complete genome QC and ANI	1	0	1	0	1	0	confirmed_sequence_available	raw_wgs_reads_require_assembly_and_qc	no	partial_context_metadata	Fragaria ananassa	Australia	Fragaria x ananassa	Australia	1975	SAMN39942673		SRR27965829		SRR27965829	
NCPPB 2953	present_in_both	Xanthomonas populi (ex Ridé 1958) van den Mooter & Swings 1990	Xanthomonas	current_xanthomonas	P3	no_confirmed_public_sequence	no_genome_input	retain count=0; optional separate marker-gene/literature search	0	0	0	0	0	0	no_confirmed_ncbi_match	no_confirmed_public_sequence	no	missing_context_metadata	Populus trichocarpa	France									
NCPPB 2955	present_in_both	Xanthomonas populi (ex Ridé 1958) van den Mooter & Swings 1990	Xanthomonas	current_xanthomonas	P3	no_confirmed_public_sequence	no_genome_input	retain count=0; optional separate marker-gene/literature search	0	0	0	0	0	0	no_confirmed_ncbi_match	no_confirmed_public_sequence	no	missing_context_metadata	Populus canadensis cv. regenerat a	France									
NCPPB 2959	present_in_both	Xanthomonas populi (ex Ridé 1958) van den Mooter & Swings 1990	Xanthomonas	current_xanthomonas	P3	assembly_available_qc_required	automatic_candidate_after_genome_qc	download selected assembly; complete QC, contamination screening, ANI and deduplication	4	2	1	2	1	0	confirmed_sequence_available	assembly_available_qc_required	no	complete_host_geography_date_source	Populus canadensis cv. Regenerata	France	Populus x canadensis cv. Regenerata	France: Oise,Noyon; missing; not applicable	1957; 2024	SAMN05560300; SAMN43284582; SAMD00253073; SAMEA5613906	GCA_042665655.1; GCF_002940065.1	ERR3330981	GCF_002940065.1; GCA_042665655.1	ERR3330981	
NCPPB 2960	present_in_both	Xanthomonas populi (ex Ridé 1958) van den Mooter & Swings 1990	Xanthomonas	current_xanthomonas	P3	no_confirmed_public_sequence	no_genome_input	retain count=0; optional separate marker-gene/literature search	0	0	0	0	0	0	no_confirmed_ncbi_match	no_confirmed_public_sequence	no	missing_context_metadata	Populus canadensis cv. Brabantica	France									
NCPPB 2963	present_in_both	Xanthomonas populi subsp. populi (ex Ridé 1958) van den Mooter & Swings 1990	Xanthomonas	current_xanthomonas	P3	no_confirmed_public_sequence	no_genome_input	retain count=0; optional separate marker-gene/literature search	0	0	0	0	0	0	no_confirmed_ncbi_match	no_confirmed_public_sequence	no	missing_context_metadata	Populus trichocarpa x Populus deltoides	Belgium									
NCPPB 2965	present_in_both	Xanthomonas phaseoli pv. manihotis (Bondar 1912) Constantin et al. 2016 comb. nov.	Xanthomonas	current_xanthomonas	P3	no_confirmed_public_sequence	no_genome_input	retain count=0; optional separate marker-gene/literature search	0	0	0	0	0	0	no_confirmed_ncbi_match	no_confirmed_public_sequence	no	missing_context_metadata	Manihot esculenta	Brazil									
NCPPB 2967	present_in_both	Xanthomonas phaseoli pv. manihotis (Bondar 1912) Constantin et al. 2016 comb. nov.	Xanthomonas	current_xanthomonas	P3	no_confirmed_public_sequence	no_genome_input	retain count=0; optional separate marker-gene/literature search	0	0	0	0	0	0	no_confirmed_ncbi_match	no_confirmed_public_sequence	no	missing_context_metadata	Manihot esculenta	Brazil									
NCPPB 2968	present_in_both	Xanthomonas euvesicatoria pv. euvesicatoria (Jones et al. 2006) Constantin et al. 2016 comb. nov.	Xanthomonas	current_xanthomonas	P3	assembly_available_qc_required	automatic_candidate_after_genome_qc	download selected assembly; complete QC, contamination screening, ANI and deduplication	3	2	3	2	3	0	confirmed_sequence_available	assembly_available_qc_required	no	complete_host_geography_date_source	Capsicum frutescens	USA	pepper; Capsicum frutescens; pepper; tomato	USA: New Jersey; USA; Belgium: Merelbeke	1947; 2014	SAMN23026081; SAMN05003920; SAMN02903176	GCF_001401555.1; GCF_020880415.1	SRR1509955; SRR16936533; SRR3530404	GCF_020880415.1; GCF_001401555.1	SRR16936533; SRR3530404; SRR1509955	
NCPPB 2969	present_in_both	Xanthomonas albilineans (Ashby 1929) Dowson 1943	Xanthomonas	current_xanthomonas	P3	assembly_available_qc_required	automatic_candidate_after_genome_qc	download selected assembly; complete QC, contamination screening, ANI and deduplication	12	1	22	1	22	0	confirmed_sequence_available	assembly_available_qc_required	no	partial_context_metadata	Saccharum officinarum	Fiji	Saccharum officinarum	missing; Fiji	1961	SAMN37985479; SAMN37985478; SAMN37985477; SAMN37985476; SAMN37985475; SAMN37985474; SAMN37985473; SAMN37985472; SAMN37985471; SAMN37985470; SAMN37985469; SAMN05526486	GCF_002939705.1	SRR26525673; SRR26525674; SRR26525675; SRR26525676; SRR26525677; SRR26525678; SRR26525679; SRR26525680; SRR26525681; SRR26525682; SRR26525683; SRR26525684; SRR26525685; SRR26525686; SRR26525687; SRR26525688; SRR26525689; SRR26525690; SRR26525691; SRR26525692; SRR26525693; SRR26525694	GCF_002939705.1	SRR26525693; SRR26525694; SRR26525691; SRR26525692; SRR26525689; SRR26525690; SRR26525687; SRR26525688; SRR26525683; SRR26525684; SRR26525679; SRR26525680; SRR26525685; SRR26525686; SRR26525681; SRR26525682; SRR26525677; SRR26525678; SRR26525675; SRR26525676; SRR26525673; SRR26525674	
NCPPB 2970	present_in_both	Xanthomonas campestris pv. papavericola (Bryan and McWhorter 1930) Dye 1978	Xanthomonas	current_xanthomonas	P3	assembly_available_qc_required	automatic_candidate_after_genome_qc	download selected assembly; complete QC, contamination screening, ANI and deduplication	1	1	2	1	2	0	confirmed_sequence_available	assembly_available_qc_required	no	partial_context_metadata	Papaver rhoeas	USA	Papaver rhoeas	USA		SAMN22552843	GCF_020813015.2	SRR27397525; SRR29823154	GCF_020813015.2	SRR27397525; SRR29823154	
NCPPB 2973	present_in_both	Xanthomonas axonopodis pv. cassiae (Kulkarni et al. 1951) Vauterin et al. 1995	Xanthomonas	current_xanthomonas	P3	assembly_available_qc_required	automatic_candidate_after_genome_qc	download selected assembly; complete QC, contamination screening, ANI and deduplication	1	1	2	1	2	0	confirmed_sequence_available	assembly_available_qc_required	no	partial_context_metadata	Cassia tora	Unknown	Senna tora	India	1962	SAMN42178454	GCF_053646635.1	SRR29654627; SRR30037585	GCF_053646635.1	SRR29654627; SRR30037585	
NCPPB 2977	present_in_both	Xanthomonas citri pv. thirumalacharii (Padhya & Patel 1964) Constantin et al. 2016 comb. nov.	Xanthomonas	current_xanthomonas	P3	no_confirmed_public_sequence	no_genome_input	retain count=0; optional separate marker-gene/literature search	0	0	0	0	0	0	no_confirmed_ncbi_match	no_confirmed_public_sequence	no	missing_context_metadata	Triumfetta pilosa	India									
NCPPB 2978	present_in_both	Xanthomonas campestris pv. zantedeschiae (Joubert & Truter 1972) Dye 1978	Xanthomonas	current_xanthomonas	P3	no_confirmed_public_sequence	no_genome_input	retain count=0; optional separate marker-gene/literature search	0	0	0	0	0	0	no_confirmed_ncbi_match	no_confirmed_public_sequence	no	missing_context_metadata	Zantedeschia aethiopica	South Africa									
NCPPB 2982	present_in_both	Xanthomonas cissicola (Takimoto 1939) Rudra and Gupta 2021	Xanthomonas	current_xanthomonas	P3	no_confirmed_public_sequence	no_genome_input	retain count=0; optional separate marker-gene/literature search	0	0	0	0	0	0	no_confirmed_ncbi_match	no_confirmed_public_sequence	no	missing_context_metadata	Cissus japonica	Japan									
NCPPB 2983	present_in_both	Xanthomonas campestris pv. phormiicola (Takimoto 1933) Dye 1978	Xanthomonas	current_xanthomonas	P3	assembly_available_qc_required	automatic_candidate_after_genome_qc	download selected assembly; complete QC, contamination screening, ANI and deduplication	1	1	1	1	1	0	confirmed_sequence_available	assembly_available_qc_required	no	partial_context_metadata	Phormium tenax	Japan	Phormium tenax	Japan		SAMN22555472	GCF_020783715.1	SRR22272563	GCF_020783715.1	SRR22272563	
NCPPB 2985	present_in_both	Xanthomonas hortorum pv. pelargonii (Brown 1923) Vauterin et al. 1995	Xanthomonas	current_xanthomonas	P3	assembly_available_qc_required	automatic_candidate_after_genome_qc	download selected assembly; complete QC, contamination screening, ANI and deduplication	3	2	4	2	4	0	confirmed_sequence_available	assembly_available_qc_required	no	complete_host_geography_date_source	Pelargonium peltatum	New Zealand	Pelargonium peltatum; Pelargonium peltatum L. L'Hr.	New Zealand: Auckland; New Zealand	1974	SAMEA6962649; SAMN24251549; SAMN09704270	GCF_021353095.1; GCF_903978215.1	ERR4326261; ERR4327119; SRR17286018; SRR7628820	GCF_903978215.1; GCF_021353095.1	ERR4326261; ERR4327119; SRR17286018; SRR7628820	
NCPPB 2986	present_in_both	Xanthomonas campestris pv. aberrans (Knosel 1961) Dye 1978	Xanthomonas	current_xanthomonas	P1	manual_review_required_non_audit	not_automatically_usable	review the remaining identity/taxonomy reason in manual_review_candidates.tsv; approve or reject before sequence use	3	2	3	1	2	4	confirmed_sequence_available	assembly_available_qc_required	yes	complete_host_geography_date_source	Brassica oleracea var. capitata	Australia	Brassica oleracea var. capitata; Brassica oleracea	Australia; Australia: Queensland, Redland Bay	1975	SAMN22552830; SAMN17385948; SAMN36368323	GCA_035023805.1; GCF_020813115.1	SRR14648466; SRR25205306; SRR29823153	GCF_020813115.1	SRR29823153; SRR14648466	
NCPPB 2987	present_in_both	Xanthomonas populi (ex Ridé 1958) van den Mooter & Swings 1990	Xanthomonas	current_xanthomonas	P3	no_confirmed_public_sequence	no_genome_input	retain count=0; optional separate marker-gene/literature search	0	0	0	0	0	0	no_confirmed_ncbi_match	no_confirmed_public_sequence	no	missing_context_metadata	Populus koreana trichocarpa	UK									
NCPPB 2997	present_in_both	Xanthomonas axonopodis pv. cyamopsidis (Patel et al.1953) Vauterin et al. 1995	Xanthomonas	current_xanthomonas	P2	wgs_reads_require_assembly_and_qc	candidate_after_read_qc_and_assembly	download reads; trim, assemble, then complete genome QC and ANI	1	0	2	0	2	0	confirmed_sequence_available	raw_wgs_reads_require_assembly_and_qc	no	partial_context_metadata	Cyamopsis tetragonolobus	USA	Cyamopsis tetragonoloba	USA	1968	SAMN42180198		SRR29655432; SRR30037605		SRR29655432; SRR30037605	
NCPPB 2998	present_in_both	Xanthomonas axonopodis pv. cyamopsidis (Patel et al.1953) Vauterin et al. 1995	Xanthomonas	current_xanthomonas	P2	wgs_reads_require_assembly_and_qc	candidate_after_read_qc_and_assembly	download reads; trim, assemble, then complete genome QC and ANI	1	0	2	0	2	0	confirmed_sequence_available	raw_wgs_reads_require_assembly_and_qc	no	partial_context_metadata	Cyamopsis tetragonolobus	USA	Cyamopsis tetragonoloba	USA	1968	SAMN42180199		SRR29655431; SRR30037604		SRR29655431; SRR30037604	
NCPPB 3002	present_in_both	Xanthomonas oryzae pv. oryzae (Ishiyama 1922) Swings et al. 1990	Xanthomonas	current_xanthomonas	P3	assembly_available_qc_required	automatic_candidate_after_genome_qc	download selected assembly; complete QC, contamination screening, ANI and deduplication	2	2	4	2	4	0	confirmed_sequence_available	assembly_available_qc_required	no	partial_context_metadata	Oryza sativa	India	Oryza sativa	India	1977	SAMN40354541; SAMN02440720	GCF_000482445.1; GCF_040202795.2	SRR1592662; SRR1592663; SRR28281451; SRR30284785	GCF_040202795.2; GCF_000482445.1	SRR28281451; SRR30284785; SRR1592662; SRR1592663	
NCPPB 3003	present_in_both	Xanthomonas axonopodis pv. begoniae (Takimoto 1934) Vauterin et al. 1995	Xanthomonas	current_xanthomonas	P3	assembly_available_qc_required	automatic_candidate_after_genome_qc	download selected assembly; complete QC, contamination screening, ANI and deduplication	1	1	0	1	0	0	confirmed_sequence_available	assembly_available_qc_required	no	partial_context_metadata	Begonia sp.	New Zealand	Begonia sp.	New Zealand	1962	SAMN05559875	GCF_002940645.1		GCF_002940645.1		
NCPPB 3005	present_in_both	Xanthomonas marantae Zagatto & Pereira 1963	Xanthomonas	current_xanthomonas	P2	species_or_pathovar_unresolved	conditional_release_for_genus_tree_qc_ani_only	prioritize ANI/GTDB, original publication and host review; label tree tip species_assignment_under_review	1	1	2	0	0	7	linked_sequence_blocked_pending_taxonomy_review	taxonomy_review_required_before_use	yes	partial_context_metadata	Maranta arundinacea	Brazil	Maranta arundinacea	Brazil	1964	SAMN41997674	GCF_041228095.2	SRR29501315; SRR30016870			01_taxonomy_pathovar_audit_49.tsv
NCPPB 3020	present_in_both	Xanthomonas graminis pv. graminis Tambong et al. 2024	Xanthomonas	current_xanthomonas	P3	no_confirmed_public_sequence	no_genome_input	retain count=0; optional separate marker-gene/literature search	0	0	0	0	0	0	no_confirmed_ncbi_match	no_confirmed_public_sequence	no	missing_context_metadata	Lolium multiflorum	UK									
NCPPB 3022	present_in_both	Xanthomonas oryzae pv. oryzae (Ishiyama 1922) Swings et al. 1990	Xanthomonas	current_xanthomonas	P3	no_confirmed_public_sequence	no_genome_input	retain count=0; optional separate marker-gene/literature search	0	0	0	0	0	0	no_confirmed_ncbi_match	no_confirmed_public_sequence	no	missing_context_metadata	Oryza sativa	Colombia									
NCPPB 3024	present_in_both	Xanthomonas campestris pv. zinniae (Hopkins & Dowson 1949) Dye 1978	Xanthomonas	current_xanthomonas	P3	no_confirmed_public_sequence	no_genome_input	retain count=0; optional separate marker-gene/literature search	0	0	0	0	0	0	no_confirmed_ncbi_match	no_confirmed_public_sequence	no	missing_context_metadata	Zinnia sp.	USA									
NCPPB 3026	present_in_both	Xylophilus ampelinus (Panagopoulos 1969) Willems et al. 1987	Xylophilus	reclassified_outside_xanthomonas	P2	reclassified_outside_xanthomonas_scope_decision	only_after_supervisor_scope_decision	decide whether retained as outgroup/historical record; do not assume ingroup membership	0	0	0	0	0	0	no_confirmed_ncbi_match	no_confirmed_public_sequence	no	missing_context_metadata	Vitis vinifera	Italy									
NCPPB 3027	present_in_both	Xylophilus ampelinus (Panagopoulos 1969) Willems et al. 1987	Xylophilus	reclassified_outside_xanthomonas	P2	reclassified_outside_xanthomonas_scope_decision	only_after_supervisor_scope_decision	decide whether retained as outgroup/historical record; do not assume ingroup membership	0	0	0	0	0	0	no_confirmed_ncbi_match	no_confirmed_public_sequence	no	missing_context_metadata	Vitis vinifera	Italy									
NCPPB 3028	present_in_both	Xanthomonas fragariae Kennedy and King 1962	Xanthomonas	current_xanthomonas	P2	wgs_reads_require_assembly_and_qc	candidate_after_read_qc_and_assembly	download reads; trim, assemble, then complete genome QC and ANI	1	0	1	0	1	0	confirmed_sequence_available	raw_wgs_reads_require_assembly_and_qc	no	partial_context_metadata	Fragaria sp.	Brazil	Fragaria sp.	Brazil	1977	SAMN39942674		SRR27965828		SRR27965828	
NCPPB 3035	present_in_both	Xanthomonas phaseoli pv. phaseoli (Smith 1897) Constantin et al. 2016 comb. nov.	Xanthomonas	current_xanthomonas	P3	assembly_available_qc_required	automatic_candidate_after_genome_qc	download selected assembly; complete QC, contamination screening, ANI and deduplication	2	2	3	2	3	0	confirmed_sequence_available	assembly_available_qc_required	no	complete_host_geography_date_source	Phaseolus vulgaris	USA	Phaseolus vulgaris	USA	1978	SAMN41997685; SAMN03142817	GCF_000774035.1; GCF_041228065.2	SRR2052883; SRR29501375; SRR30037810	GCF_041228065.2; GCF_000774035.1	SRR29501375; SRR30037810; SRR2052883	
NCPPB 3040	present_in_both	Xanthomonas graminis pv. graminis Tambong et al. 2024	Xanthomonas	current_xanthomonas	P3	no_confirmed_public_sequence	no_genome_input	retain count=0; optional separate marker-gene/literature search	0	0	0	0	0	0	no_confirmed_ncbi_match	no_confirmed_public_sequence	no	missing_context_metadata	Lolium muliflorum cv. Italco	UK									
NCPPB 3041	present_in_both	Xanthomonas graminis pv. graminis Tambong et al. 2024	Xanthomonas	current_xanthomonas	P3	no_confirmed_public_sequence	no_genome_input	retain count=0; optional separate marker-gene/literature search	0	0	0	0	0	0	no_confirmed_ncbi_match	no_confirmed_public_sequence	no	missing_context_metadata	Festuca sp.	UK									
NCPPB 3058	present_in_both	Xanthomonas phaseoli pv. manihotis (Bondar 1912) Constantin et al. 2016 comb. nov.	Xanthomonas	current_xanthomonas	P3	no_confirmed_public_sequence	no_genome_input	retain count=0; optional separate marker-gene/literature search	0	0	0	0	0	0	no_confirmed_ncbi_match	no_confirmed_public_sequence	no	missing_context_metadata	Manihot esculenta	Zaire									
NCPPB 3059	present_in_both	Xanthomonas phaseoli pv. manihotis (Bondar 1912) Constantin et al. 2016 comb. nov.	Xanthomonas	current_xanthomonas	P1	manual_review_required_non_audit	not_automatically_usable	review the remaining identity/taxonomy reason in manual_review_candidates.tsv; approve or reject before sequence use	2	0	0	0	0	2	linked_sequence_blocked_pending_taxonomy_review	confirmed_biosample_metadata_only	yes	missing_context_metadata	Manihot esculenta	Zaire				SAMEA247356; SAMEA4156338					
NCPPB 3060	present_in_both	Xanthomonas phaseoli pv. manihotis (Bondar 1912) Constantin et al. 2016 comb. nov.	Xanthomonas	current_xanthomonas	P3	no_confirmed_public_sequence	no_genome_input	retain count=0; optional separate marker-gene/literature search	0	0	0	0	0	0	no_confirmed_ncbi_match	no_confirmed_public_sequence	no	missing_context_metadata	Manihot esculenta	Nigeria									
NCPPB 3061	present_in_both	Xanthomonas cassavae (ex Wiehe & Dowson 1953) Vauterin et al. 1995	Xanthomonas	current_xanthomonas	P3	no_confirmed_public_sequence	no_genome_input	retain count=0; optional separate marker-gene/literature search	0	0	0	0	0	0	no_confirmed_ncbi_match	no_confirmed_public_sequence	no	missing_context_metadata	Manihot esculenta	Rwanda									
NCPPB 3062	present_in_both	Xanthomonas cassavae (ex Wiehe & Dowson 1953) Vauterin et al. 1995	Xanthomonas	current_xanthomonas	P3	no_confirmed_public_sequence	no_genome_input	retain count=0; optional separate marker-gene/literature search	0	0	0	0	0	0	no_confirmed_ncbi_match	no_confirmed_public_sequence	no	missing_context_metadata	Manihot esculenta	Rwanda									
NCPPB 3066	present_in_both	Xanthomonas graminis pv. graminis Tambong et al. 2024	Xanthomonas	current_xanthomonas	P3	no_confirmed_public_sequence	no_genome_input	retain count=0; optional separate marker-gene/literature search	0	0	0	0	0	0	no_confirmed_ncbi_match	no_confirmed_public_sequence	no	missing_context_metadata	Lolium multiflorum cv. Italco	UK									
NCPPB 3078	present_in_both	Xanthomonas arboricola Vauterin et al. 1995	Xanthomonas	current_xanthomonas	P3	no_confirmed_public_sequence	no_genome_input	retain count=0; optional separate marker-gene/literature search	0	0	0	0	0	0	no_confirmed_ncbi_match	no_confirmed_public_sequence	no	missing_context_metadata	Mangifera indica	Brazil									
NCPPB 3079	present_in_both	Xanthomonas euvesicatoria pv. paulliniae (Robbs, Medieros & Kimura 1982) Harrison et al. 2023	Xanthomonas	current_xanthomonas	P3	same_pathovar_historical_or_updated_species_name	conditional_release_for_genus_tree_qc_ani_only	calculate ANI/GTDB against suitable references; use NCPPB name as primary label and retain NCBI name as submitted/historical label	1	1	1	0	0	6	linked_sequence_blocked_pending_taxonomy_review	taxonomy_review_required_before_use	yes	partial_context_metadata	Paullinia cupana	Brazil	Paullinia cupana	Brazil		SAMN19988983	GCF_019201285.1	SRR15305429			01_taxonomy_pathovar_audit_49.tsv
NCPPB 3082	present_in_both	Xanthomonas euvesicatoria pv. paulliniae (Robbs, Medieros & Kimura 1982) Harrison et al. 2023	Xanthomonas	current_xanthomonas	P3	no_confirmed_public_sequence	no_genome_input	retain count=0; optional separate marker-gene/literature search	0	0	0	0	0	0	no_confirmed_ncbi_match	no_confirmed_public_sequence	no	missing_context_metadata	Paullinia cupana	Brazil									
NCPPB 3086	present_in_both	Xanthomonas axonopodis pv. desmodiilaxiflori (Pant & Kulkarni 1977) Vauterin et al. 1995	Xanthomonas	current_xanthomonas	P3	assembly_available_qc_required	automatic_candidate_after_genome_qc	download selected assembly; complete QC, contamination screening, ANI and deduplication	1	1	2	1	2	0	confirmed_sequence_available	assembly_available_qc_required	no	partial_context_metadata	Desmodium laxiflorum	India	Sohmaea laxiflora	India	1971	SAMN42278568	GCF_041475625.1	SRR29692758; SRR30016546	GCF_041475625.1	SRR29692758; SRR30016546	
NCPPB 3092	present_in_both	Xanthomonas axonopodis pv. clitoriae (Pandit & Kulkarni 1979) Vauterin et al. 1995	Xanthomonas	current_xanthomonas	P3	no_confirmed_public_sequence	no_genome_input	retain count=0; optional separate marker-gene/literature search	0	0	0	0	0	0	no_confirmed_ncbi_match	no_confirmed_public_sequence	no	missing_context_metadata	Clitoria biflora	India									
NCPPB 3110	present_in_both	Xanthomonas citri pv. anacardii (Ah-You et al. 2007) Constantin et al. 2016 comb. nov.	Xanthomonas	current_xanthomonas	P3	no_confirmed_public_sequence	no_genome_input	retain count=0; optional separate marker-gene/literature search	0	0	0	0	0	0	no_confirmed_ncbi_match	no_confirmed_public_sequence	no	missing_context_metadata	Mangifera indica	Brazil									
NCPPB 3114	present_in_both	Xanthomonas citri pv. merremiae (Pant & Kulkarni 1976) Harrison et al. 2023	Xanthomonas	current_xanthomonas	P3	same_pathovar_historical_or_updated_species_name	conditional_release_for_genus_tree_qc_ani_only	calculate ANI/GTDB against suitable references; use NCPPB name as primary label and retain NCBI name as submitted/historical label	1	1	1	0	0	4	linked_sequence_blocked_pending_taxonomy_review	taxonomy_review_required_before_use	yes	partial_context_metadata	Merremia gangetica	India	Merremia gangetica	India		SAMN19988993	GCA_019201545.1	SRR15305415			01_taxonomy_pathovar_audit_49.tsv
NCPPB 3119	present_in_both	Xanthomonas hortorum pv. pelargonii (Brown 1923) Vauterin et al. 1995	Xanthomonas	current_xanthomonas	P3	no_confirmed_public_sequence	no_genome_input	retain count=0; optional separate marker-gene/literature search	0	0	0	0	0	0	no_confirmed_ncbi_match	no_confirmed_public_sequence	no	missing_context_metadata	Pelargonium hortorum	Belgium									
NCPPB 3125	present_in_both	Xanthomonas citri pv. mangiferaeindicae (Patel et al. 1948) Constantin et al. 2016 comb. nov.	Xanthomonas	current_xanthomonas	P3	no_confirmed_public_sequence	no_genome_input	retain count=0; optional separate marker-gene/literature search	0	0	0	0	0	0	no_confirmed_ncbi_match	no_confirmed_public_sequence	no	missing_context_metadata	Mangifera indica	Australia									
NCPPB 3135	present_in_both	Xanthomonas citri pv. citri (Hasse 1915) Constantin 2016 comb. nov.	Xanthomonas	current_xanthomonas	P3	no_confirmed_public_sequence	no_genome_input	retain count=0; optional separate marker-gene/literature search	0	0	0	0	0	0	no_confirmed_ncbi_match	no_confirmed_public_sequence	no	missing_context_metadata	Citrus reticulata	Brazil									
NCPPB 3136	present_in_both	Xanthomonas citri pv. citri (Hasse 1915) Constantin 2016 comb. nov.	Xanthomonas	current_xanthomonas	P3	no_confirmed_public_sequence	no_genome_input	retain count=0; optional separate marker-gene/literature search	0	0	0	0	0	0	no_confirmed_ncbi_match	no_confirmed_public_sequence	no	missing_context_metadata	Citrus latifolia	Brazil									
NCPPB 3140	present_in_both	Xanthomonas phaseoli pv. passiflorae (Pereira 1969) Harrison et al. 2023	Xanthomonas	current_xanthomonas	P3	no_confirmed_public_sequence	no_genome_input	retain count=0; optional separate marker-gene/literature search	0	0	0	0	0	0	no_confirmed_ncbi_match	no_confirmed_public_sequence	no	missing_context_metadata		Brazil									
NCPPB 3155	present_in_both	Xanthomonas arboricola pv. pruni (Smith 1903) Vauterin et al. 1995	Xanthomonas	current_xanthomonas	P3	no_confirmed_public_sequence	no_genome_input	retain count=0; optional separate marker-gene/literature search	0	0	0	0	0	0	no_confirmed_ncbi_match	no_confirmed_public_sequence	no	missing_context_metadata	Prunus salicina	Italy									
NCPPB 3156	present_in_both	Xanthomonas arboricola pv. pruni (Smith 1903) Vauterin et al. 1995	Xanthomonas	current_xanthomonas	P3	no_confirmed_public_sequence	no_genome_input	retain count=0; optional separate marker-gene/literature search	0	0	0	0	0	0	no_confirmed_ncbi_match	no_confirmed_public_sequence	no	missing_context_metadata	Prunus persica	Italy									
NCPPB 3161	present_in_both	Xanthomonas phaseoli pv. manihotis (Bondar 1912) Constantin et al. 2016 comb. nov.	Xanthomonas	current_xanthomonas	P3	no_confirmed_public_sequence	no_genome_input	retain count=0; optional separate marker-gene/literature search	0	0	0	0	0	0	no_confirmed_ncbi_match	no_confirmed_public_sequence	no	missing_context_metadata	Manihot esculenta	Cameroon									
NCPPB 3162	present_in_both	Xanthomonas vasicola pv. holcicola (Elliott 1930) Vauterin et al. 1995	Xanthomonas	current_xanthomonas	P2	species_or_pathovar_unresolved	conditional_release_for_genus_tree_qc_ani_only	prioritize ANI/GTDB, original publication and host review; label tree tip species_assignment_under_review	1	1	1	0	0	6	linked_sequence_blocked_pending_taxonomy_review	taxonomy_review_required_before_use	yes	partial_context_metadata	Sorghum sp.	India	Sorghum sp.	India		SAMN22555461	GCF_020783685.1	SRR22272560			01_taxonomy_pathovar_audit_49.tsv
NCPPB 3168	present_in_both	Xanthomonas cucurbitae (ex Bryan 1926) Vauterin et al. 1995	Xanthomonas	current_xanthomonas	P3	no_confirmed_public_sequence	no_genome_input	retain count=0; optional separate marker-gene/literature search	0	0	0	0	0	0	no_confirmed_ncbi_match	no_confirmed_public_sequence	no	missing_context_metadata	Cucumis sativus	Trinidad									
NCPPB 3169	present_in_both	Xanthomonas citri pv. vignicola (Burkholder 1944) Constantin et al. 2016 comb. nov.	Xanthomonas	current_xanthomonas	P3	no_confirmed_public_sequence	no_genome_input	retain count=0; optional separate marker-gene/literature search	0	0	0	0	0	0	no_confirmed_ncbi_match	no_confirmed_public_sequence	no	missing_context_metadata	Vigna argularis	Nigeria									
NCPPB 3170	present_in_both	Xanthomonas translucens pv. translucens (Jones et al. 1917) Vauterin et al. 1995	Xanthomonas	current_xanthomonas	P3	no_confirmed_public_sequence	no_genome_input	retain count=0; optional separate marker-gene/literature search	0	0	0	0	0	0	no_confirmed_ncbi_match	no_confirmed_public_sequence	no	missing_context_metadata	Triticum aestivum	Iran									
NCPPB 3172	present_in_both	Xanthomonas phaseoli pv. manihotis (Bondar 1912) Constantin et al. 2016 comb. nov.	Xanthomonas	current_xanthomonas	P3	no_confirmed_public_sequence	no_genome_input	retain count=0; optional separate marker-gene/literature search	0	0	0	0	0	0	no_confirmed_ncbi_match	no_confirmed_public_sequence	no	missing_context_metadata		Zaire									
NCPPB 3173	present_in_both	Xanthomonas euvesicatoria pv. coracanae (Desai et al. 1965) Constantin et al. 2016 comb. nov.	Xanthomonas	current_xanthomonas	P3	no_confirmed_public_sequence	no_genome_input	retain count=0; optional separate marker-gene/literature search	0	0	0	0	0	0	no_confirmed_ncbi_match	no_confirmed_public_sequence	no	missing_context_metadata	Eleusine coracana	Uganda									
NCPPB 3174	present_in_both	Xanthomonas sp. Dowson 1939	Xanthomonas	current_xanthomonas	P3	assembly_available_qc_required	automatic_candidate_after_genome_qc	download selected assembly; complete QC, contamination screening, ANI and deduplication	1	1	2	1	2	0	confirmed_sequence_available	assembly_available_qc_required	no	partial_context_metadata	Setaria italica	UK ex India	Setaria italica	India	1977	SAMN42161513	GCF_056725205.1	SRR29644162; SRR30040140	GCF_056725205.1	SRR29644162; SRR30040140	
NCPPB 3176	present_in_both	Xanthomonas translucens pv. translucens (Jones et al. 1917) Vauterin et al. 1995	Xanthomonas	current_xanthomonas	P3	no_confirmed_public_sequence	no_genome_input	retain count=0; optional separate marker-gene/literature search	0	0	0	0	0	0	no_confirmed_ncbi_match	no_confirmed_public_sequence	no	missing_context_metadata	Hordeum vulgare	Kenya									
NCPPB 3177	present_in_both	Xanthomonas oryzae pv. oryzae (Ishiyama 1922) Swings et al. 1990	Xanthomonas	current_xanthomonas	P3	no_confirmed_public_sequence	no_genome_input	retain count=0; optional separate marker-gene/literature search	0	0	0	0	0	0	no_confirmed_ncbi_match	no_confirmed_public_sequence	no	missing_context_metadata	Oryza sativa	India									
NCPPB 3178	present_in_both	Xanthomonas vesicatoria (ex Doidge 1920) Vauterin et al. 1995	Xanthomonas	current_xanthomonas	P3	no_confirmed_public_sequence	no_genome_input	retain count=0; optional separate marker-gene/literature search	0	0	0	0	0	0	no_confirmed_ncbi_match	no_confirmed_public_sequence	no	missing_context_metadata	Solanum lycopersicum	Senegal									
NCPPB 3182	present_in_both	Xanthomonas campestris pv. amaranthicola (Patel et al. 1952) Dye 1978	Xanthomonas	current_xanthomonas	P3	no_confirmed_public_sequence	no_genome_input	retain count=0; optional separate marker-gene/literature search	0	0	0	0	0	0	no_confirmed_ncbi_match	no_confirmed_public_sequence	no	missing_context_metadata	Amaranthus sp.	India									
NCPPB 3187	present_in_both	Xanthomonas citri pv. vignicola (Burkholder 1944) Constantin et al. 2016 comb. nov.	Xanthomonas	current_xanthomonas	P3	no_confirmed_public_sequence	no_genome_input	retain count=0; optional separate marker-gene/literature search	0	0	0	0	0	0	no_confirmed_ncbi_match	no_confirmed_public_sequence	no	missing_context_metadata	Vigna sinensis	Brazil									
NCPPB 3191	present_in_both	Xanthomonas phaseoli pv. manihotis (Bondar 1912) Constantin et al. 2016 comb. nov.	Xanthomonas	current_xanthomonas	P3	no_confirmed_public_sequence	no_genome_input	retain count=0; optional separate marker-gene/literature search	0	0	0	0	0	0	no_confirmed_ncbi_match	no_confirmed_public_sequence	no	missing_context_metadata	Manihot esculenta	Brazil									
NCPPB 3192	present_in_both	Xanthomonas cassavae (ex Wiehe & Dowson 1953) Vauterin et al. 1995	Xanthomonas	current_xanthomonas	P3	no_confirmed_public_sequence	no_genome_input	retain count=0; optional separate marker-gene/literature search	0	0	0	0	0	0	no_confirmed_ncbi_match	no_confirmed_public_sequence	no	missing_context_metadata	Manihot esculenta	Rwanda									
NCPPB 3194	present_in_both	Xanthomonas phaseoli pv. manihotis (Bondar 1912) Constantin et al. 2016 comb. nov.	Xanthomonas	current_xanthomonas	P3	no_confirmed_public_sequence	no_genome_input	retain count=0; optional separate marker-gene/literature search	0	0	0	0	0	0	no_confirmed_ncbi_match	no_confirmed_public_sequence	no	missing_context_metadata	Manihot esculenta	Niger									
NCPPB 3200	present_in_both	Xanthomonas sp. Dowson 1939	Xanthomonas	current_xanthomonas	P3	assembly_available_qc_required	automatic_candidate_after_genome_qc	download selected assembly; complete QC, contamination screening, ANI and deduplication	1	1	1	1	1	0	confirmed_sequence_available	assembly_available_qc_required	no	partial_context_metadata	Chrysanthemum morifolium	UK ex Kenya	Chrysanthemum x morifolium	Kenya	1979	SAMN42923733	GCF_056393585.1	SRR30041396	GCF_056393585.1	SRR30041396	
NCPPB 3204	present_in_both	Xanthomonas axonopodis pv. cyamopsidis (Patel et al.1953) Vauterin et al. 1995	Xanthomonas	current_xanthomonas	P2	wgs_reads_require_assembly_and_qc	candidate_after_read_qc_and_assembly	download reads; trim, assemble, then complete genome QC and ANI	1	0	2	0	2	0	confirmed_sequence_available	raw_wgs_reads_require_assembly_and_qc	no	partial_context_metadata	Cyamopsis tetragonolobus	Sudan	Cyamopsis tetragonoloba	Sudan	1979	SAMN42180200		SRR29655430; SRR30037603		SRR29655430; SRR30037603	
NCPPB 3207	present_in_both	Xanthomonas campestris pv. campestris (Pammel 1895) Dowson 1939	Xanthomonas	current_xanthomonas	P3	no_confirmed_public_sequence	no_genome_input	retain count=0; optional separate marker-gene/literature search	0	0	0	0	0	0	no_confirmed_ncbi_match	no_confirmed_public_sequence	no	missing_context_metadata	Brassica oleracea var. capitata	Zimbabwe									
NCPPB 3212	present_in_both	Xanthomonas cerealis pv. cerealis Tambong et al. 2024	Xanthomonas	current_xanthomonas	P3	no_confirmed_public_sequence	no_genome_input	retain count=0; optional separate marker-gene/literature search	0	0	0	0	0	0	no_confirmed_ncbi_match	no_confirmed_public_sequence	no	missing_context_metadata	Triticum aestivum.	Brazil									
NCPPB 3213	present_in_both	Xanthomonas campestris pv. bilvae Chakravarti et al. 1984	Xanthomonas	current_xanthomonas	P2	species_or_pathovar_unresolved	conditional_release_for_genus_tree_qc_ani_only	prioritize ANI/GTDB, original publication and host review; label tree tip species_assignment_under_review	3	3	1	0	0	12	linked_sequence_blocked_pending_taxonomy_review	taxonomy_review_required_before_use	yes	complete_host_geography_date_source	Aegle marmelos	India	Aegle marmelos	India	1982; 1980	SAMN49561543; SAMEA3121378; SAMEA114332029	GCF_001497855.1; GCF_052883735.1; GCF_963669635.1	ERR12095368			01_taxonomy_pathovar_audit_49.tsv
NCPPB 3215	present_in_both	Xanthomonas translucens pv. translucens (Jones et al. 1917) Vauterin et al. 1995	Xanthomonas	current_xanthomonas	P3	no_confirmed_public_sequence	no_genome_input	retain count=0; optional separate marker-gene/literature search	0	0	0	0	0	0	no_confirmed_ncbi_match	no_confirmed_public_sequence	no	missing_context_metadata	Triticum aestivum	Zambia									
NCPPB 3218	present_in_both	Xanthomonas sp. Dowson 1939	Xanthomonas	current_xanthomonas	P3	assembly_available_qc_required	automatic_candidate_after_genome_qc	download selected assembly; complete QC, contamination screening, ANI and deduplication	1	1	2	1	2	0	confirmed_sequence_available	assembly_available_qc_required	no	partial_context_metadata	Syzygium aromaticum (clove).	Indonesia	Syzygium aromaticum	Indonesia	1980	SAMN42161514	GCF_056725185.1	SRR29644161; SRR30040139	GCF_056725185.1	SRR29644161; SRR30040139	
NCPPB 3229	present_in_both	Xanthomonas graminis pv. arrhenatheri Tambong et al. 2024	Xanthomonas	current_xanthomonas	P3	assembly_available_qc_required	automatic_candidate_after_genome_qc	download selected assembly; complete QC, contamination screening, ANI and deduplication	2	2	0	2	0	0	confirmed_sequence_available	assembly_available_qc_required	no	partial_context_metadata	Arrhenatherum elatius	Switzerland	Arrhenatherum elatius	Switzerland	1978	SAMN19468000; SAMEA3486180	GCF_001282805.1; GCF_021919285.1		GCF_021919285.1; GCF_001282805.1		
NCPPB 3230	present_in_both	Xanthomonas graminis pv. poae Tambong et al. 2024	Xanthomonas	current_xanthomonas	P3	assembly_available_qc_required	automatic_candidate_after_genome_qc	download selected assembly; complete QC, contamination screening, ANI and deduplication	3	3	1	3	1	0	confirmed_sequence_available	assembly_available_qc_required	no	partial_context_metadata	Poa trivialis	Switzerland	Poa trivialis	Switzerland	1978	SAMN05258173; SAMN19467923; SAMEA3486272	GCF_001282765.1; GCF_001707435.1; GCF_021903515.1	SRR5110800	GCF_001707435.1; GCF_021903515.1; GCF_001282765.1	SRR5110800	
NCPPB 3231	present_in_both	Xanthomonas graminis pv. phlei Tambong et al. 2024	Xanthomonas	current_xanthomonas	P3	assembly_available_qc_required	automatic_candidate_after_genome_qc	download selected assembly; complete QC, contamination screening, ANI and deduplication	2	2	0	2	0	0	confirmed_sequence_available	assembly_available_qc_required	no	partial_context_metadata	Phleum pratense	Switzerland	Phleum pratense	Norway	1978	SAMN19467924; SAMEA3486273	GCF_001282885.1; GCF_021906975.1		GCF_021906975.1; GCF_001282885.1		
NCPPB 3232	present_in_both	Xanthomonas citri pv. citri (Hasse 1915) Constantin 2016 comb. nov.	Xanthomonas	current_xanthomonas	P3	no_confirmed_public_sequence	no_genome_input	retain count=0; optional separate marker-gene/literature search	0	0	0	0	0	0	no_confirmed_ncbi_match	no_confirmed_public_sequence	no	missing_context_metadata	Citrus aurantifolia	Brazil									
NCPPB 3233	present_in_both	Xanthomonas citri pv. aurantifolii (Schaad et al. 2007) Constantin et al. 2016 comb. nov.	Xanthomonas	current_xanthomonas	P3	no_confirmed_public_sequence	no_genome_input	retain count=0; optional separate marker-gene/literature search	0	0	0	0	0	0	no_confirmed_ncbi_match	no_confirmed_public_sequence	no	missing_context_metadata	Citrus aurantifolia	Brazil									
NCPPB 3234	present_in_both	Xanthomonas citri pv. citri (Hasse 1915) Constantin 2016 comb. nov.	Xanthomonas	current_xanthomonas	P1	manual_review_required_non_audit	not_automatically_usable	review the remaining identity/taxonomy reason in manual_review_candidates.tsv; approve or reject before sequence use	0	0	0	0	0	0	provisional_match_requires_review	identity_review_required_before_use	yes	missing_context_metadata	Citrus sp.	Japan									
NCPPB 3235	present_in_both	Xanthomonas citri pv. citri (Hasse 1915) Constantin 2016 comb. nov.	Xanthomonas	current_xanthomonas	P3	no_confirmed_public_sequence	no_genome_input	retain count=0; optional separate marker-gene/literature search	0	0	0	0	0	0	no_confirmed_ncbi_match	no_confirmed_public_sequence	no	missing_context_metadata	Citrus sp.	Japan									
NCPPB 3236	present_in_both	Xanthomonas citri pv. aurantifolii (Schaad et al. 2007) Constantin et al. 2016 comb. nov.	Xanthomonas	current_xanthomonas	P3	assembly_available_qc_required	automatic_candidate_after_genome_qc	download selected assembly; complete QC, contamination screening, ANI and deduplication	2	1	1	1	1	0	confirmed_sequence_available	assembly_available_qc_required	no	complete_host_geography_date_source	Citrus sp.	Argentina	Citrus x limon	not applicable	1982	SAMD00253039; SAMEA114331996	GCF_963669675.1	ERR12095335	GCF_963669675.1	ERR12095335	
NCPPB 3237	present_in_both	Xanthomonas citri pv. aurantifolii (Schaad et al. 2007) Constantin et al. 2016 comb. nov.	Xanthomonas	current_xanthomonas	P1	manual_review_required_non_audit	not_automatically_usable	review the remaining identity/taxonomy reason in manual_review_candidates.tsv; approve or reject before sequence use	0	0	0	0	0	0	provisional_match_requires_review	identity_review_required_before_use	yes	missing_context_metadata	Citrus sp.	Argentina									
NCPPB 3240	present_in_both	Xanthomonas vesicatoria (ex Doidge 1920) Vauterin et al. 1995	Xanthomonas	current_xanthomonas	P3	no_confirmed_public_sequence	no_genome_input	retain count=0; optional separate marker-gene/literature search	0	0	0	0	0	0	no_confirmed_ncbi_match	no_confirmed_public_sequence	no	missing_context_metadata	Solanum lycopersicum	Spain									
NCPPB 3241	present_in_both	Xylophilus ampelinus (Panagopoulos 1969) Willems et al. 1987	Xylophilus	reclassified_outside_xanthomonas	P2	reclassified_outside_xanthomonas_scope_decision	only_after_supervisor_scope_decision	decide whether retained as outgroup/historical record; do not assume ingroup membership	0	0	0	0	0	0	no_confirmed_ncbi_match	no_confirmed_public_sequence	no	missing_context_metadata	Vitis vinifera	Spain									
NCPPB 3242	present_in_both	Xanthomonas hyacinthi (Wakker 1883) Vauterin et al. 1995	Xanthomonas	current_xanthomonas	P3	no_confirmed_public_sequence	no_genome_input	retain count=0; optional separate marker-gene/literature search	0	0	0	0	0	0	no_confirmed_ncbi_match	no_confirmed_public_sequence	no	missing_context_metadata	Scilla tubergeniana	Netherlands									
NCPPB 3245	present_in_both	Xanthomonas campestris pv. centellae Basnyat & Kulkarni 1979	Xanthomonas	current_xanthomonas	P3	no_confirmed_public_sequence	no_genome_input	retain count=0; optional separate marker-gene/literature search	0	0	0	0	0	0	no_confirmed_ncbi_match	no_confirmed_public_sequence	no	missing_context_metadata	Centella asiatica	India									
NCPPB 3290	present_in_both	Xanthomonas campestris pv. campestris (Pammel 1895) Dowson 1939	Xanthomonas	current_xanthomonas	P3	no_confirmed_public_sequence	no_genome_input	retain count=0; optional separate marker-gene/literature search	0	0	0	0	0	0	no_confirmed_ncbi_match	no_confirmed_public_sequence	no	missing_context_metadata	Brassica oleracea var. capitata	Hungary									
NCPPB 3291	present_in_both	Xanthomonas campestris pv. campestris (Pammel 1895) Dowson 1939	Xanthomonas	current_xanthomonas	P3	no_confirmed_public_sequence	no_genome_input	retain count=0; optional separate marker-gene/literature search	0	0	0	0	0	0	no_confirmed_ncbi_match	no_confirmed_public_sequence	no	missing_context_metadata	Brassica oleracea var. gongylodes	Hungary									
NCPPB 3292	present_in_both	Xanthomonas campestris pv. campestris (Pammel 1895) Dowson 1939	Xanthomonas	current_xanthomonas	P3	no_confirmed_public_sequence	no_genome_input	retain count=0; optional separate marker-gene/literature search	0	0	0	0	0	0	no_confirmed_ncbi_match	no_confirmed_public_sequence	no	missing_context_metadata	Brassica oleracea var. botrytis	Hungary									
NCPPB 3301	present_in_both	Xanthomonas oryzae pv. oryzae (Ishiyama 1922) Swings et al. 1990	Xanthomonas	current_xanthomonas	P3	no_confirmed_public_sequence	no_genome_input	retain count=0; optional separate marker-gene/literature search	0	0	0	0	0	0	no_confirmed_ncbi_match	no_confirmed_public_sequence	no	missing_context_metadata	Oryza sativa	Philippines									
NCPPB 3303	present_in_both	Xanthomonas oryzae pv. oryzae (Ishiyama 1922) Swings et al. 1990	Xanthomonas	current_xanthomonas	P3	no_confirmed_public_sequence	no_genome_input	retain count=0; optional separate marker-gene/literature search	0	0	0	0	0	0	no_confirmed_ncbi_match	no_confirmed_public_sequence	no	missing_context_metadata	Oryza sativa	Philippines									
NCPPB 3304	present_in_both	Xanthomonas oryzae pv. oryzae (Ishiyama 1922) Swings et al. 1990	Xanthomonas	current_xanthomonas	P1	manual_review_required_non_audit	not_automatically_usable	review the remaining identity/taxonomy reason in manual_review_candidates.tsv; approve or reject before sequence use	0	0	0	0	0	0	provisional_match_requires_review	identity_review_required_before_use	yes	missing_context_metadata	Oryza sativa	Philippines									
NCPPB 3311	present_in_both	Xanthomonas vesicatoria (ex Doidge 1920) Vauterin et al. 1995	Xanthomonas	current_xanthomonas	P3	no_confirmed_public_sequence	no_genome_input	retain count=0; optional separate marker-gene/literature search	0	0	0	0	0	0	no_confirmed_ncbi_match	no_confirmed_public_sequence	no	missing_context_metadata	Solanum lycopersicum	Italy									
NCPPB 3312	present_in_both	Xanthomonas vesicatoria (ex Doidge 1920) Vauterin et al. 1995	Xanthomonas	current_xanthomonas	P3	no_confirmed_public_sequence	no_genome_input	retain count=0; optional separate marker-gene/literature search	0	0	0	0	0	0	no_confirmed_ncbi_match	no_confirmed_public_sequence	no	missing_context_metadata		Hungary									
NCPPB 3313	present_in_both	Xanthomonas campestris pv. campestris (Pammel 1895) Dowson 1939	Xanthomonas	current_xanthomonas	P3	no_confirmed_public_sequence	no_genome_input	retain count=0; optional separate marker-gene/literature search	0	0	0	0	0	0	no_confirmed_ncbi_match	no_confirmed_public_sequence	no	missing_context_metadata	Brassica oleracea var. capitata	Hungary									
NCPPB 3314	present_in_both	Xanthomonas vesicatoria (ex Doidge 1920) Vauterin et al. 1995	Xanthomonas	current_xanthomonas	P3	no_confirmed_public_sequence	no_genome_input	retain count=0; optional separate marker-gene/literature search	0	0	0	0	0	0	no_confirmed_ncbi_match	no_confirmed_public_sequence	no	missing_context_metadata		Hungary									
NCPPB 3315	present_in_both	Xanthomonas vesicatoria (ex Doidge 1920) Vauterin et al. 1995	Xanthomonas	current_xanthomonas	P3	no_confirmed_public_sequence	no_genome_input	retain count=0; optional separate marker-gene/literature search	0	0	0	0	0	0	no_confirmed_ncbi_match	no_confirmed_public_sequence	no	missing_context_metadata		Hungary									
NCPPB 3329	present_in_both	Xanthomonas hortorum pv. pelargonii (Brown 1923) Vauterin et al. 1995	Xanthomonas	current_xanthomonas	P3	no_confirmed_public_sequence	no_genome_input	retain count=0; optional separate marker-gene/literature search	0	0	0	0	0	0	no_confirmed_ncbi_match	no_confirmed_public_sequence	no	missing_context_metadata	Pelargonium zonale	UK									
NCPPB 3330	present_in_both	Xanthomonas hortorum pv. pelargonii (Brown 1923) Vauterin et al. 1995	Xanthomonas	current_xanthomonas	P3	no_confirmed_public_sequence	no_genome_input	retain count=0; optional separate marker-gene/literature search	0	0	0	0	0	0	no_confirmed_ncbi_match	no_confirmed_public_sequence	no	missing_context_metadata	Pelargonium zonale	UK									
NCPPB 3361	present_in_both	Xanthomonas oryzae pv. oryzicola (Fang et al. 1957) Swings et al. 1990	Xanthomonas	current_xanthomonas	P3	no_confirmed_public_sequence	no_genome_input	retain count=0; optional separate marker-gene/literature search	0	0	0	0	0	0	no_confirmed_ncbi_match	no_confirmed_public_sequence	no	missing_context_metadata	Oryza sativa	China									
NCPPB 3363	present_in_both	Xanthomonas oryzae pv. oryzae (Ishiyama 1922) Swings et al. 1990	Xanthomonas	current_xanthomonas	P3	no_confirmed_public_sequence	no_genome_input	retain count=0; optional separate marker-gene/literature search	0	0	0	0	0	0	no_confirmed_ncbi_match	no_confirmed_public_sequence	no	missing_context_metadata	Oryza sativa	China									
NCPPB 3380	present_in_both	Xanthomonas phaseoli pv. dieffenbachiae (McCulloch & Pirone 1939) Constantin et al. 2016 comb. nov.	Xanthomonas	current_xanthomonas	P3	no_confirmed_public_sequence	no_genome_input	retain count=0; optional separate marker-gene/literature search	0	0	0	0	0	0	no_confirmed_ncbi_match	no_confirmed_public_sequence	no	missing_context_metadata	Anthurium sp.	Jamaica									
NCPPB 3381	present_in_both	Xanthomonas hortorum pv. pelargonii (Brown 1923) Vauterin et al. 1995	Xanthomonas	current_xanthomonas	P3	no_confirmed_public_sequence	no_genome_input	retain count=0; optional separate marker-gene/literature search	0	0	0	0	0	0	no_confirmed_ncbi_match	no_confirmed_public_sequence	no	missing_context_metadata	Pelargonium sp.	UK									
NCPPB 3382	present_in_both	Xanthomonas hyacinthi (Wakker 1883) Vauterin et al. 1995	Xanthomonas	current_xanthomonas	P3	no_confirmed_public_sequence	no_genome_input	retain count=0; optional separate marker-gene/literature search	0	0	0	0	0	0	no_confirmed_ncbi_match	no_confirmed_public_sequence	no	missing_context_metadata	Hyacinthus orientalis	Netherlands									
NCPPB 3426	present_in_both	Xanthomonas populi (ex Ridé 1958) van den Mooter & Swings 1990	Xanthomonas	current_xanthomonas	P3	no_confirmed_public_sequence	no_genome_input	retain count=0; optional separate marker-gene/literature search	0	0	0	0	0	0	no_confirmed_ncbi_match	no_confirmed_public_sequence	no	missing_context_metadata	Salix dasyclada	Netherlands									
NCPPB 3434	present_in_both	Xanthomonas melonis Vauterin et al. 1995	Xanthomonas	current_xanthomonas	P3	assembly_available_qc_required	automatic_candidate_after_genome_qc	download selected assembly; complete QC, contamination screening, ANI and deduplication	1	1	1	1	1	0	confirmed_sequence_available	assembly_available_qc_required	no	partial_context_metadata	Cucumis melo	Brazil	Cucumis melo	Brazil		SAMN22555469	GCF_020783655.1	SRR22272568	GCF_020783655.1	SRR22272568	
NCPPB 3435	present_in_both	Xanthomonas melonis Vauterin et al. 1995	Xanthomonas	current_xanthomonas	P3	no_confirmed_public_sequence	no_genome_input	retain count=0; optional separate marker-gene/literature search	0	0	0	0	0	0	no_confirmed_ncbi_match	no_confirmed_public_sequence	no	missing_context_metadata	Cucumis melo	Brazil									
NCPPB 3437	present_in_both	Xanthomonas phaseoli pv. passiflorae (Pereira 1969) Harrison et al. 2023	Xanthomonas	current_xanthomonas	P3	no_confirmed_public_sequence	no_genome_input	retain count=0; optional separate marker-gene/literature search	0	0	0	0	0	0	no_confirmed_ncbi_match	no_confirmed_public_sequence	no	missing_context_metadata	Passiflora alata	Brazil									
NCPPB 3438	present_in_both	Xanthomonas phaseoli pv. passiflorae (Pereira 1969) Harrison et al. 2023	Xanthomonas	current_xanthomonas	P3	no_confirmed_public_sequence	no_genome_input	retain count=0; optional separate marker-gene/literature search	0	0	0	0	0	0	no_confirmed_ncbi_match	no_confirmed_public_sequence	no	missing_context_metadata	Passiflora alata	Brazil									
NCPPB 3440	present_in_both	Xanthomonas hortorum pv. carotae (Kendrick 1934) Vauterin et al. 1995	Xanthomonas	current_xanthomonas	P2	species_or_pathovar_unresolved	conditional_release_for_genus_tree_qc_ani_only	prioritize ANI/GTDB, original publication and host review; label tree tip species_assignment_under_review	1	1	2	0	0	7	linked_sequence_blocked_pending_taxonomy_review	taxonomy_review_required_before_use	yes	partial_context_metadata	Daucus carota	Brazil	Daucus carota	Brazil	1985	SAMN40354570	GCF_040203315.1	SRR28281419; SRR30293563			01_taxonomy_pathovar_audit_49.tsv
NCPPB 3441	present_in_both	Xanthomonas sp. Dowson 1939	Xanthomonas	current_xanthomonas	P3	assembly_available_qc_required	automatic_candidate_after_genome_qc	download selected assembly; complete QC, contamination screening, ANI and deduplication	1	1	2	1	2	0	confirmed_sequence_available	assembly_available_qc_required	no	partial_context_metadata	Cordia goeldiana	Brazil	Cordia goeldiana	Brazil	1985	SAMN42161515	GCF_056725165.1	SRR29644159; SRR30040138	GCF_056725165.1	SRR29644159; SRR30040138	
NCPPB 3442	present_in_both	Xanthomonas sp. Dowson 1939	Xanthomonas	current_xanthomonas	P3	assembly_available_qc_required	automatic_candidate_after_genome_qc	download selected assembly; complete QC, contamination screening, ANI and deduplication	1	1	2	1	2	0	confirmed_sequence_available	assembly_available_qc_required	no	partial_context_metadata	Cordia goeldiana	Brazil	Cordia goeldiana	Brazil	1982	SAMN42161516	GCF_056725145.1	SRR29644158; SRR30040137	GCF_056725145.1	SRR29644158; SRR30040137	
NCPPB 3443	present_in_both	Xanthomonas sp. Dowson 1939	Xanthomonas	current_xanthomonas	P3	assembly_available_qc_required	automatic_candidate_after_genome_qc	download selected assembly; complete QC, contamination screening, ANI and deduplication	1	1	2	1	2	0	confirmed_sequence_available	assembly_available_qc_required	no	partial_context_metadata	Cordia goeldiana	Brazil	Cordia goeldiana	Brazil	1981	SAMN42161485	GCF_041475685.1	SRR29644183; SRR30040136	GCF_041475685.1	SRR29644183; SRR30040136	
NCPPB 3456	present_in_both	Xanthomonas hortorum pv. pelargonii (Brown 1923) Vauterin et al. 1995	Xanthomonas	current_xanthomonas	P3	no_confirmed_public_sequence	no_genome_input	retain count=0; optional separate marker-gene/literature search	0	0	0	0	0	0	no_confirmed_ncbi_match	no_confirmed_public_sequence	no	missing_context_metadata	Pelargonium zonale	Hungary									
NCPPB 3457	present_in_both	Xanthomonas hortorum pv. pelargonii (Brown 1923) Vauterin et al. 1995	Xanthomonas	current_xanthomonas	P3	no_confirmed_public_sequence	no_genome_input	retain count=0; optional separate marker-gene/literature search	0	0	0	0	0	0	no_confirmed_ncbi_match	no_confirmed_public_sequence	no	missing_context_metadata	Pelargonium zonale	Hungary									
NCPPB 3479	present_in_both	Xanthomonas citri pv. aracearum (Berniac 1974) Constantin et al. 2016 comb. nov.	Xanthomonas	current_xanthomonas	P3	no_confirmed_public_sequence	no_genome_input	retain count=0; optional separate marker-gene/literature search	0	0	0	0	0	0	no_confirmed_ncbi_match	no_confirmed_public_sequence	no	missing_context_metadata	Colocasia esculenta	Papua New Guinea									
NCPPB 3484	present_in_both	Xylophilus ampelinus (Panagopoulos 1969) Willems et al. 1987	Xylophilus	reclassified_outside_xanthomonas	P2	reclassified_outside_xanthomonas_scope_decision	only_after_supervisor_scope_decision	decide whether retained as outgroup/historical record; do not assume ingroup membership	0	0	0	0	0	0	no_confirmed_ncbi_match	no_confirmed_public_sequence	no	missing_context_metadata	Vitis vinifera	Sardinia									
NCPPB 3559	present_in_both	Xanthomonas euvesicatoria pv. paulliniae (Robbs, Medieros & Kimura 1982) Harrison et al. 2023	Xanthomonas	current_xanthomonas	P3	no_confirmed_public_sequence	no_genome_input	retain count=0; optional separate marker-gene/literature search	0	0	0	0	0	0	no_confirmed_ncbi_match	no_confirmed_public_sequence	no	missing_context_metadata	Paullinia cupana var. Sorbilis	Brazil									
NCPPB 3560	present_in_both	Xanthomonas euvesicatoria pv. viegasii (Robbs et al. 1989) Harrison et al. 2023	Xanthomonas	current_xanthomonas	P3	no_confirmed_public_sequence	no_genome_input	retain count=0; optional separate marker-gene/literature search	0	0	0	0	0	0	no_confirmed_ncbi_match	no_confirmed_public_sequence	no	missing_context_metadata	Pachystachys lutea	Brazil									
NCPPB 3561	present_in_both	Xanthomonas euvesicatoria pv. viegasii (Robbs et al. 1989) Harrison et al. 2023	Xanthomonas	current_xanthomonas	P3	no_confirmed_public_sequence	no_genome_input	retain count=0; optional separate marker-gene/literature search	0	0	0	0	0	0	no_confirmed_ncbi_match	no_confirmed_public_sequence	no	missing_context_metadata	Pachystachys lutea	Brazil									
NCPPB 3562	present_in_both	Xanthomonas citri pv. citri (Hasse 1915) Constantin 2016 comb. nov.	Xanthomonas	current_xanthomonas	P2	wgs_reads_require_assembly_and_qc	candidate_after_read_qc_and_assembly	download reads; trim, assemble, then complete genome QC and ANI	1	0	2	0	2	0	confirmed_sequence_available	raw_wgs_reads_require_assembly_and_qc	no	complete_host_geography_date_source	Citrus limon (Pant lemon)	India	Citrus x limon	India	1988	SAMN13783129		SRR11234643; SRR11234662		SRR11234662; SRR11234643	
NCPPB 3563	present_in_both	Xanthomonas citri pv. punicae (Hingorani & Singh 1959) Constantin et al. 2016 comb. nov.	Xanthomonas	current_xanthomonas	P2	confirmed_biosample_no_sequence	no_genome_input_yet	do not enter tree; optionally search literature/single-gene records separately	1	0	0	0	0	0	confirmed_biosample_metadata_only	confirmed_biosample_metadata_only	no	partial_context_metadata	Punica granatum	India	Punica granatum	India	1986	SAMN06853998					
NCPPB 3566	present_in_both	Xanthomonas campestris pv. campestris (Pammel 1895) Dowson 1939	Xanthomonas	current_xanthomonas	P3	assembly_available_qc_required	automatic_candidate_after_genome_qc	download selected assembly; complete QC, contamination screening, ANI and deduplication	1	1	1	1	1	0	confirmed_sequence_available	assembly_available_qc_required	no	partial_context_metadata	Raphanus sativus	India	Raphanus raphanistrum subsp. sativus	India		SAMN36346322	GCA_035060515.1	SRR25181712	GCA_035060515.1	SRR25181712	
NCPPB 3567	present_in_both	Xanthomonas campestris pv. campestris (Pammel 1895) Dowson 1939	Xanthomonas	current_xanthomonas	P3	no_confirmed_public_sequence	no_genome_input	retain count=0; optional separate marker-gene/literature search	0	0	0	0	0	0	no_confirmed_ncbi_match	no_confirmed_public_sequence	no	missing_context_metadata	Brassica oleracea var. botrytis	India									
NCPPB 3568	present_in_both	Xanthomonas campestris pv. centellae Basnyat & Kulkarni 1979	Xanthomonas	current_xanthomonas	P3	no_confirmed_public_sequence	no_genome_input	retain count=0; optional separate marker-gene/literature search	0	0	0	0	0	0	no_confirmed_ncbi_match	no_confirmed_public_sequence	no	missing_context_metadata	Cantella asiatica	India									
NCPPB 3569	present_in_both	Xanthomonas sp. Dowson 1939	Xanthomonas	current_xanthomonas	P3	assembly_available_qc_required	automatic_candidate_after_genome_qc	download selected assembly; complete QC, contamination screening, ANI and deduplication	1	1	2	1	2	0	confirmed_sequence_available	assembly_available_qc_required	no	partial_context_metadata	Ipomoea batatas	Maracay	Ipomoea batatas	Venezuela:Maracay		SAMN42161486	GCF_041475645.1	SRR29644182; SRR30040135	GCF_041475645.1	SRR29644182; SRR30040135	
NCPPB 3570	present_in_both	Xanthomonas sp. Dowson 1939	Xanthomonas	current_xanthomonas	P3	assembly_available_qc_required	automatic_candidate_after_genome_qc	download selected assembly; complete QC, contamination screening, ANI and deduplication	1	1	2	1	2	0	confirmed_sequence_available	assembly_available_qc_required	no	partial_context_metadata	Xanthosoma sagittifolium	Maracay	Xanthosoma sagittifolium	Venezuela:Maracay		SAMN42161487	GCF_056725115.1	SRR29644171; SRR30040134	GCF_056725115.1	SRR29644171; SRR30040134	
NCPPB 3573	present_in_both	Xanthomonas phaseoli pv. dieffenbachiae (McCulloch & Pirone 1939) Constantin et al. 2016 comb. nov.	Xanthomonas	current_xanthomonas	P3	no_confirmed_public_sequence	no_genome_input	retain count=0; optional separate marker-gene/literature search	0	0	0	0	0	0	no_confirmed_ncbi_match	no_confirmed_public_sequence	no	missing_context_metadata	Anthurium sp.	Guadeloupe									
NCPPB 3582	present_in_both	Xanthomonas sp. Dowson 1939	Xanthomonas	current_xanthomonas	P3	assembly_available_qc_required	automatic_candidate_after_genome_qc	download selected assembly; complete QC, contamination screening, ANI and deduplication	1	1	2	1	2	0	confirmed_sequence_available	assembly_available_qc_required	no	partial_context_metadata	Strelitzia reginae	USA	Strelitzia reginae	USA		SAMN42161488	GCF_041475735.1	SRR29644160; SRR30040132	GCF_041475735.1	SRR29644160; SRR30040132	
NCPPB 3583	present_in_both	Xanthomonas sp. Dowson 1939	Xanthomonas	current_xanthomonas	P3	assembly_available_qc_required	automatic_candidate_after_genome_qc	download selected assembly; complete QC, contamination screening, ANI and deduplication	1	1	2	1	2	0	confirmed_sequence_available	assembly_available_qc_required	no	partial_context_metadata	Strelitzia reginae	USA	Strelitzia reginae	USA		SAMN42161489	GCF_041475715.1	SRR29644157; SRR30040131	GCF_041475715.1	SRR29644157; SRR30040131	
NCPPB 3586	present_in_both	Xanthomonas phaseoli pv. syngonii (Dickey & Zumoff 1987) Constantin et al. 2016 comb. nov.	Xanthomonas	current_xanthomonas	P3	assembly_available_qc_required	automatic_candidate_after_genome_qc	download selected assembly; complete QC, contamination screening, ANI and deduplication	2	2	4	2	4	0	confirmed_sequence_available	assembly_available_qc_required	no	complete_host_geography_date_source	Syngonium podophyllum cv. White Butterfly	USA	Syngonium podophyllum; syngonium	USA; Belgium: Merelbeke	1984; 2014	SAMN04481177; SAMN02903174	GCA_001412025.2; GCF_001640215.1	SRR1509959; SRR1522064; SRR2182153; SRR3715269	GCF_001640215.1; GCA_001412025.2	SRR1509959; SRR1522064; SRR2182153; SRR3715269	
NCPPB 3587	present_in_both	Xanthomonas phaseoli pv. syngonii (Dickey & Zumoff 1987) Constantin et al. 2016 comb. nov.	Xanthomonas	current_xanthomonas	P3	no_confirmed_public_sequence	no_genome_input	retain count=0; optional separate marker-gene/literature search	0	0	0	0	0	0	no_confirmed_ncbi_match	no_confirmed_public_sequence	no	missing_context_metadata	Syngonium podophyllum cv. Cream	USA									
NCPPB 3588	present_in_both	Xanthomonas hortorum pv. hederae (Arnaud 1920) Vauterin et al. 1995	Xanthomonas	current_xanthomonas	P3	no_confirmed_public_sequence	no_genome_input	retain count=0; optional separate marker-gene/literature search	0	0	0	0	0	0	no_confirmed_ncbi_match	no_confirmed_public_sequence	no	missing_context_metadata	Schefflera arbricola	USA									
NCPPB 3589	present_in_both	Xanthomonas hortorum pv. hederae (Arnaud 1920) Vauterin et al. 1995	Xanthomonas	current_xanthomonas	P3	no_confirmed_public_sequence	no_genome_input	retain count=0; optional separate marker-gene/literature search	0	0	0	0	0	0	no_confirmed_ncbi_match	no_confirmed_public_sequence	no	missing_context_metadata	Brassaia actinophylla	USA									
NCPPB 3592	present_in_both	Xanthomonas hortorum Vauterin et al. 1995	Xanthomonas	current_xanthomonas	P3	no_confirmed_public_sequence	no_genome_input	retain count=0; optional separate marker-gene/literature search	0	0	0	0	0	0	no_confirmed_ncbi_match	no_confirmed_public_sequence	no	missing_context_metadata	Rosemary	UK									
NCPPB 3593	present_in_both	Xanthomonas hortorum Vauterin et al. 1995	Xanthomonas	current_xanthomonas	P3	no_confirmed_public_sequence	no_genome_input	retain count=0; optional separate marker-gene/literature search	0	0	0	0	0	0	no_confirmed_ncbi_match	no_confirmed_public_sequence	no	missing_context_metadata	Rosemary	UK									
NCPPB 3595	present_in_both	Xanthomonas phaseoli pv. phaseoli (Smith 1897) Constantin et al. 2016 comb. nov.	Xanthomonas	current_xanthomonas	P1	manual_review_required_non_audit	not_automatically_usable	review the remaining identity/taxonomy reason in manual_review_candidates.tsv; approve or reject before sequence use	0	0	0	0	0	0	provisional_match_requires_review	identity_review_required_before_use	yes	missing_context_metadata	Phaseolus vulgaris	India									
NCPPB 3596	present_in_both	Xanthomonas citri pv. mangiferaeindicae (Patel et al. 1948) Constantin et al. 2016 comb. nov.	Xanthomonas	current_xanthomonas	P3	no_confirmed_public_sequence	no_genome_input	retain count=0; optional separate marker-gene/literature search	0	0	0	0	0	0	no_confirmed_ncbi_match	no_confirmed_public_sequence	no	missing_context_metadata	Mangifera indica	India									
NCPPB 3607	present_in_both	Xanthomonas citri pv. citri (Hasse 1915) Constantin 2016 comb. nov.	Xanthomonas	current_xanthomonas	P3	assembly_available_qc_required	automatic_candidate_after_genome_qc	download selected assembly; complete QC, contamination screening, ANI and deduplication	1	1	0	1	0	0	confirmed_sequence_available	assembly_available_qc_required	no	partial_context_metadata	Citrus aurantifolia	India	C. aurantifolia		1988	SAMEA2827559	GCF_000825345.2		GCF_000825345.2		
NCPPB 3608	present_in_both	Xanthomonas citri pv. citri (Hasse 1915) Constantin 2016 comb. nov.	Xanthomonas	current_xanthomonas	P3	no_confirmed_public_sequence	no_genome_input	retain count=0; optional separate marker-gene/literature search	0	0	0	0	0	0	no_confirmed_ncbi_match	no_confirmed_public_sequence	no	missing_context_metadata	Citrus aurantifolia	India									
NCPPB 3609	present_in_both	Xanthomonas citri pv. aurantifolii Schaad et al. 2007	Xanthomonas	current_xanthomonas	P3	no_confirmed_public_sequence	no_genome_input	retain count=0; optional separate marker-gene/literature search	0	0	0	0	0	0	no_confirmed_ncbi_match	no_confirmed_public_sequence	no	missing_context_metadata	Citrus aurantifolia	India									
NCPPB 3611	present_in_both	Xanthomonas campestris pv. viticola (Nayudu 1972) Dye 1978	Xanthomonas	current_xanthomonas	P3	no_confirmed_public_sequence	no_genome_input	retain count=0; optional separate marker-gene/literature search	0	0	0	0	0	0	no_confirmed_ncbi_match	no_confirmed_public_sequence	no	missing_context_metadata	Vitis vinifera	India									
NCPPB 3612	present_in_both	Xanthomonas citri pv. citri (Hasse 1915) Constantin 2016 comb. nov.	Xanthomonas	current_xanthomonas	P3	assembly_available_qc_required	automatic_candidate_after_genome_qc	download selected assembly; complete QC, contamination screening, ANI and deduplication	2	1	1	1	1	0	confirmed_sequence_available	assembly_available_qc_required	no	complete_host_geography_date_source	Citrus aurantifolia	India	C. aurantifolia; Citrus x aurantiifolia	India	1988	SAMEA2827237; SAMN13783131	GCF_000825385.2	SRR11234640	GCF_000825385.2	SRR11234640	
NCPPB 3614	present_in_both	Xanthomonas vesicatoria (ex Doidge 1920) Vauterin et al. 1995	Xanthomonas	current_xanthomonas	P3	no_confirmed_public_sequence	no_genome_input	retain count=0; optional separate marker-gene/literature search	0	0	0	0	0	0	no_confirmed_ncbi_match	no_confirmed_public_sequence	no	missing_context_metadata	Solanum lycopersicum	India									
NCPPB 3615	present_in_both	Xanthomonas citri pv. citri (Hasse 1915) Constantin 2016 comb. nov.	Xanthomonas	current_xanthomonas	P3	assembly_available_qc_required	automatic_candidate_after_genome_qc	download selected assembly; complete QC, contamination screening, ANI and deduplication	2	2	0	2	0	0	confirmed_sequence_available	assembly_available_qc_required	no	partial_context_metadata	Citrus aurantifolia	India	C. aurantifolia		1989	SAMEA2827229; SAMEA2827227	GCF_000825565.2; GCF_000825585.2		GCF_000825585.2; GCF_000825565.2		
NCPPB 3638	present_in_both	Xanthomonas campestris pv. parthenii Chand et al. 1995	Xanthomonas	current_xanthomonas	P3	no_confirmed_public_sequence	no_genome_input	retain count=0; optional separate marker-gene/literature search	0	0	0	0	0	0	no_confirmed_ncbi_match	no_confirmed_public_sequence	no	missing_context_metadata	Parthnium hysterophorus	India									
NCPPB 3639	present_in_both	Xanthomonas campestris pv. parthenii Chand et al. 1995	Xanthomonas	current_xanthomonas	P3	no_confirmed_public_sequence	no_genome_input	retain count=0; optional separate marker-gene/literature search	0	0	0	0	0	0	no_confirmed_ncbi_match	no_confirmed_public_sequence	no	missing_context_metadata	Parthnium hysterophorus	India									
NCPPB 3640	present_in_both	Xanthomonas campestris pv. parthenii Chand et al. 1995	Xanthomonas	current_xanthomonas	P1	manual_review_required_non_audit	not_automatically_usable	review the remaining identity/taxonomy reason in manual_review_candidates.tsv; approve or reject before sequence use	0	0	0	0	0	0	provisional_match_requires_review	identity_review_required_before_use	yes	missing_context_metadata	Parthnium hysterophorus	India									
NCPPB 3641	present_in_both	Xanthomonas campestris pv. parthenii Chand et al. 1995	Xanthomonas	current_xanthomonas	P1	manual_review_required_non_audit	not_automatically_usable	review the remaining identity/taxonomy reason in manual_review_candidates.tsv; approve or reject before sequence use	0	0	0	0	0	0	provisional_match_requires_review	identity_review_required_before_use	yes	missing_context_metadata	Parthnium hysterophorus	India									
NCPPB 3642	present_in_both	Xanthomonas campestris pv. viticola (Nayudu 1972) Dye 1978	Xanthomonas	current_xanthomonas	P3	no_confirmed_public_sequence	no_genome_input	retain count=0; optional separate marker-gene/literature search	0	0	0	0	0	0	no_confirmed_ncbi_match	no_confirmed_public_sequence	no	missing_context_metadata	Vitis vinifera	India									
NCPPB 3646	present_in_both	Xanthomonas cassavae (ex Wiehe & Dowson 1953) Vauterin et al. 1995	Xanthomonas	current_xanthomonas	P3	no_confirmed_public_sequence	no_genome_input	retain count=0; optional separate marker-gene/literature search	0	0	0	0	0	0	no_confirmed_ncbi_match	no_confirmed_public_sequence	no	missing_context_metadata	Manihot esculenta										
NCPPB 3647	present_in_both	Xanthomonas cassavae (ex Wiehe & Dowson 1953) Vauterin et al. 1995	Xanthomonas	current_xanthomonas	P3	no_confirmed_public_sequence	no_genome_input	retain count=0; optional separate marker-gene/literature search	0	0	0	0	0	0	no_confirmed_ncbi_match	no_confirmed_public_sequence	no	missing_context_metadata	Manihot esculenta										
NCPPB 3651	present_in_both	Xanthomonas hortorum pv. carotae (Kendrick 1934) Vauterin et al. 1995	Xanthomonas	current_xanthomonas	P3	no_confirmed_public_sequence	no_genome_input	retain count=0; optional separate marker-gene/literature search	0	0	0	0	0	0	no_confirmed_ncbi_match	no_confirmed_public_sequence	no	missing_context_metadata	Daucus carota	Brazil									
NCPPB 3652	present_in_both	Xanthomonas hortorum pv. carotae (Kendrick 1934) Vauterin et al. 1995	Xanthomonas	current_xanthomonas	P3	no_confirmed_public_sequence	no_genome_input	retain count=0; optional separate marker-gene/literature search	0	0	0	0	0	0	no_confirmed_ncbi_match	no_confirmed_public_sequence	no	missing_context_metadata	Daucus carota	Brazil									
NCPPB 3653	present_in_both	Xanthomonas citri pv. citri (Hasse 1915) Constantin 2016 comb. nov.	Xanthomonas	current_xanthomonas	P3	no_confirmed_public_sequence	no_genome_input	retain count=0; optional separate marker-gene/literature search	0	0	0	0	0	0	no_confirmed_ncbi_match	no_confirmed_public_sequence	no	missing_context_metadata	Citrus medica	Brazil									
NCPPB 3654	present_in_both	Xanthomonas citri pv. aurantifolii (Schaad et al. 2007) Constantin et al. 2016 comb. nov.	Xanthomonas	current_xanthomonas	P3	no_confirmed_public_sequence	no_genome_input	retain count=0; optional separate marker-gene/literature search	0	0	0	0	0	0	no_confirmed_ncbi_match	no_confirmed_public_sequence	no	missing_context_metadata	Citrus aurantifolia	Brazil									
NCPPB 3655	present_in_both	Xanthomonas citri pv. aurantifolii (Schaad et al. 2007) Constantin et al. 2016 comb. nov.	Xanthomonas	current_xanthomonas	P3	no_confirmed_public_sequence	no_genome_input	retain count=0; optional separate marker-gene/literature search	0	0	0	0	0	0	no_confirmed_ncbi_match	no_confirmed_public_sequence	no	missing_context_metadata	Citrus aurantifolia	Brazil									
NCPPB 3656	present_in_both	Xanthomonas phaseoli pv. dieffenbachiae (McCulloch & Pirone 1939) Constantin et al. 2016 comb. nov.	Xanthomonas	current_xanthomonas	P3	no_confirmed_public_sequence	no_genome_input	retain count=0; optional separate marker-gene/literature search	0	0	0	0	0	0	no_confirmed_ncbi_match	no_confirmed_public_sequence	no	missing_context_metadata	Anthurium hib	Brazil									
NCPPB 3657	present_in_both	Xanthomonas phaseoli pv. dieffenbachiae (McCulloch & Pirone 1939) Constantin et al. 2016 comb. nov.	Xanthomonas	current_xanthomonas	P3	no_confirmed_public_sequence	no_genome_input	retain count=0; optional separate marker-gene/literature search	0	0	0	0	0	0	no_confirmed_ncbi_match	no_confirmed_public_sequence	no	missing_context_metadata	Anthurium hib	Brazil									
NCPPB 3658	present_in_both	Xanthomonas citri pv. glycines (Nakano 1919) Constantin et al. 2016 comb.nov.	Xanthomonas	current_xanthomonas	P3	assembly_available_qc_required	automatic_candidate_after_genome_qc	download selected assembly; complete QC, contamination screening, ANI and deduplication	1	1	1	1	1	0	confirmed_sequence_available	assembly_available_qc_required	no	partial_context_metadata	Glycine max	Brazil	Glycine max	Brazil	1981	SAMN02469937	GCF_000488895.1	SRR14027991	GCF_000488895.1	SRR14027991	
NCPPB 3659	present_in_both	Xanthomonas citri pv. glycines (Nakano 1919) Constantin et al. 2016 comb.nov.	Xanthomonas	current_xanthomonas	P3	no_confirmed_public_sequence	no_genome_input	retain count=0; optional separate marker-gene/literature search	0	0	0	0	0	0	no_confirmed_ncbi_match	no_confirmed_public_sequence	no	missing_context_metadata	Glycine max										
NCPPB 3660	present_in_both	Xanthomonas citri pv. fuscans (Schaad et al. 2007) Constantin et al. 2016 comb. nov.	Xanthomonas	current_xanthomonas	P3	assembly_available_qc_required	automatic_candidate_after_genome_qc	download selected assembly; complete QC, contamination screening, ANI and deduplication	1	1	1	1	1	0	confirmed_sequence_available	assembly_available_qc_required	no	complete_host_geography_date_source	Phaseolus vulgaris	Brazil	Phaseolus vulgaris	Brazil	1975	SAMN03142811	GCF_000786925.1	SRR2052643	GCF_000786925.1	SRR2052643	
NCPPB 3661	present_in_both	Xanthomonas arboricola pv. pruni (Smith 1903) Vauterin et al. 1995	Xanthomonas	current_xanthomonas	P3	no_confirmed_public_sequence	no_genome_input	retain count=0; optional separate marker-gene/literature search	0	0	0	0	0	0	no_confirmed_ncbi_match	no_confirmed_public_sequence	no	missing_context_metadata	Prunus sp.	Brazil									
NCPPB 3662	present_in_both	Xanthomonas axonopodis pv. ricini (Yoshi & Takimoto 1928) Vauterin et al. 1995	Xanthomonas	current_xanthomonas	P3	assembly_available_qc_required	automatic_candidate_after_genome_qc	download selected assembly; complete QC, contamination screening, ANI and deduplication	1	1	2	1	2	0	confirmed_sequence_available	assembly_available_qc_required	no	partial_context_metadata	Ricinus communis	Brazil	Ricinus communis	Brazil	1978	SAMN42178438	GCF_053571425.1	SRR29654671; SRR30041328	GCF_053571425.1	SRR29654671; SRR30041328	
NCPPB 3663	present_in_both	Xanthomonas hortorum pv. vitians Morinière et al. 2020	Xanthomonas	current_xanthomonas	P3	no_confirmed_public_sequence	no_genome_input	retain count=0; optional separate marker-gene/literature search	0	0	0	0	0	0	no_confirmed_ncbi_match	no_confirmed_public_sequence	no	missing_context_metadata	Lactuca sativa										
NCPPB 3705	present_in_both	Xanthomonas campestris pv. campestris (Pammel 1895) Dowson 1939	Xanthomonas	current_xanthomonas	P3	no_confirmed_public_sequence	no_genome_input	retain count=0; optional separate marker-gene/literature search	0	0	0	0	0	0	no_confirmed_ncbi_match	no_confirmed_public_sequence	no	missing_context_metadata	Brassica oleracea var. capitata	Norway									
NCPPB 3706	present_in_both	Xanthomonas hortorum pv. pelargonii (Brown 1923) Vauterin et al. 1995	Xanthomonas	current_xanthomonas	P3	no_confirmed_public_sequence	no_genome_input	retain count=0; optional separate marker-gene/literature search	0	0	0	0	0	0	no_confirmed_ncbi_match	no_confirmed_public_sequence	no	missing_context_metadata	Pelargonium x hortorum	Norway									
NCPPB 3709	present_in_both	Xanthomonas graminis pv. graminis Tambong et al. 2024	Xanthomonas	current_xanthomonas	P3	assembly_available_qc_required	automatic_candidate_after_genome_qc	download selected assembly; complete QC, contamination screening, ANI and deduplication	2	2	0	2	0	0	confirmed_sequence_available	assembly_available_qc_required	no	partial_context_metadata	Lolium perenne	Norway	Lolium multiflorum	Norway	1990; 2011	SAMN19468006; SAMEA4072397	GCF_055476535.1; GCF_900092565.1		GCF_055476535.1; GCF_900092565.1		
NCPPB 3711	present_in_both	Xanthomonas graminis pv. graminis Tambong et al. 2024	Xanthomonas	current_xanthomonas	P3	assembly_available_qc_required	automatic_candidate_after_genome_qc	download selected assembly; complete QC, contamination screening, ANI and deduplication	1	1	0	1	0	0	confirmed_sequence_available	assembly_available_qc_required	no	partial_context_metadata	Phalaris arundinacea	Norway	Phalaris arundinacea	Norway	1990	SAMN19021786	GCF_030168915.1		GCF_030168915.1		
NCPPB 3712	present_in_both	Xanthomonas graminis pv. phlei Tambong et al. 2024	Xanthomonas	current_xanthomonas	P3	no_confirmed_public_sequence	no_genome_input	retain count=0; optional separate marker-gene/literature search	0	0	0	0	0	0	no_confirmed_ncbi_match	no_confirmed_public_sequence	no	missing_context_metadata	Phleum pratense	Norway									
NCPPB 3713	present_in_both	Xanthomonas graminis pv. phlei Tambong et al. 2024	Xanthomonas	current_xanthomonas	P3	no_confirmed_public_sequence	no_genome_input	retain count=0; optional separate marker-gene/literature search	0	0	0	0	0	0	no_confirmed_ncbi_match	no_confirmed_public_sequence	no	missing_context_metadata	Agropyron repens	Norway									
NCPPB 3714	present_in_both	Xanthomonas graminis pv. phlei Tambong et al. 2024	Xanthomonas	current_xanthomonas	P3	no_confirmed_public_sequence	no_genome_input	retain count=0; optional separate marker-gene/literature search	0	0	0	0	0	0	no_confirmed_ncbi_match	no_confirmed_public_sequence	no	missing_context_metadata	Phleum pratense	Norway									
NCPPB 3716	present_in_both	Xanthomonas graminis pv. phlei Tambong et al. 2024	Xanthomonas	current_xanthomonas	P3	no_confirmed_public_sequence	no_genome_input	retain count=0; optional separate marker-gene/literature search	0	0	0	0	0	0	no_confirmed_ncbi_match	no_confirmed_public_sequence	no	missing_context_metadata	Phleum pratense	Norway									
NCPPB 3717	present_in_both	Xanthomonas graminis pv. phlei Tambong et al. 2024	Xanthomonas	current_xanthomonas	P3	no_confirmed_public_sequence	no_genome_input	retain count=0; optional separate marker-gene/literature search	0	0	0	0	0	0	no_confirmed_ncbi_match	no_confirmed_public_sequence	no	missing_context_metadata	Phleum pratense	Norway									
NCPPB 3718	present_in_both	Xanthomonas graminis pv. phlei Tambong et al. 2024	Xanthomonas	current_xanthomonas	P3	no_confirmed_public_sequence	no_genome_input	retain count=0; optional separate marker-gene/literature search	0	0	0	0	0	0	no_confirmed_ncbi_match	no_confirmed_public_sequence	no	missing_context_metadata	Phleum pratense	Norway									
NCPPB 3719	present_in_both	Xanthomonas graminis pv. phlei Tambong et al. 2024	Xanthomonas	current_xanthomonas	P3	no_confirmed_public_sequence	no_genome_input	retain count=0; optional separate marker-gene/literature search	0	0	0	0	0	0	no_confirmed_ncbi_match	no_confirmed_public_sequence	no	missing_context_metadata	Phleum pratense	Norway									
NCPPB 3720	present_in_both	Xanthomonas graminis pv. phlei Tambong et al. 2024	Xanthomonas	current_xanthomonas	P3	no_confirmed_public_sequence	no_genome_input	retain count=0; optional separate marker-gene/literature search	0	0	0	0	0	0	no_confirmed_ncbi_match	no_confirmed_public_sequence	no	missing_context_metadata	Phleum pratense	Norway									
NCPPB 3722	present_in_both	Xanthomonas axonopodis pv. begoniae (Takimoto 1934) Vauterin et al. 1995	Xanthomonas	current_xanthomonas	P3	no_confirmed_public_sequence	no_genome_input	retain count=0; optional separate marker-gene/literature search	0	0	0	0	0	0	no_confirmed_ncbi_match	no_confirmed_public_sequence	no	missing_context_metadata	Begonia x 'Hiemalis'	Norway									
NCPPB 3742	present_in_both	Xanthomonas citri pv. aurantifolii (Schaad et al. 2007) Constantin et al. 2016 comb. nov.	Xanthomonas	current_xanthomonas	P3	no_confirmed_public_sequence	no_genome_input	retain count=0; optional separate marker-gene/literature search	0	0	0	0	0	0	no_confirmed_ncbi_match	no_confirmed_public_sequence	no	missing_context_metadata	Citrus limon	Argentina									
NCPPB 3743	present_in_both	Xanthomonas fragariae Kennedy and King 1962	Xanthomonas	current_xanthomonas	P3	assembly_available_qc_required	automatic_candidate_after_genome_qc	download selected assembly; complete QC, contamination screening, ANI and deduplication	2	1	2	1	2	0	confirmed_sequence_available	assembly_available_qc_required	no	complete_host_geography_date_source	Fragaria hybrid cv. Campinas	Brazil	Fragaria sp.; Fragaria hybrid cv. Campinas	Brazil	1990	SAMN39942675; SAMEA4590056	GCF_900380055.1	ERR2528887; SRR27965827	GCF_900380055.1	SRR27965827; ERR2528887	
NCPPB 3744	present_in_both	Xanthomonas arboricola pv. pruni (Smith 1903) Vauterin et al. 1995	Xanthomonas	current_xanthomonas	P3	no_confirmed_public_sequence	no_genome_input	retain count=0; optional separate marker-gene/literature search	0	0	0	0	0	0	no_confirmed_ncbi_match	no_confirmed_public_sequence	no	missing_context_metadata	Prunus persica	Brazil									
NCPPB 3753	present_in_both	Xanthomonas campestris pv. cannabis Severin 1978	Xanthomonas	current_xanthomonas	P3	same_pathovar_historical_or_updated_species_name	conditional_release_for_genus_tree_qc_ani_only	calculate ANI/GTDB against suitable references; use NCPPB name as primary label and retain NCBI name as submitted/historical label	1	1	1	0	0	6	linked_sequence_blocked_pending_taxonomy_review	taxonomy_review_required_before_use	yes	complete_host_geography_date_source	Cannabis sativa L. Hemp.	Japan (Tochigi)	Cannabis sativa	Japan: Tochigi	1982	SAMN03164132	GCF_000802405.1	SRR4718190			01_taxonomy_pathovar_audit_49.tsv
NCPPB 3754	present_in_both	Xanthomonas campestris pv. cannabis Severin 1978	Xanthomonas	current_xanthomonas	P3	no_confirmed_public_sequence	no_genome_input	retain count=0; optional separate marker-gene/literature search	0	0	0	0	0	0	no_confirmed_ncbi_match	no_confirmed_public_sequence	no	missing_context_metadata	Cannabis sativa L. Hemp.	Japan (Tochigi)									
NCPPB 3758	present_in_both	Xanthomonas axonopodis pv. cyamopsidis (Patel et al.1953) Vauterin et al. 1995	Xanthomonas	current_xanthomonas	P3	assembly_available_qc_required	automatic_candidate_after_genome_qc	download selected assembly; complete QC, contamination screening, ANI and deduplication	1	1	2	1	2	0	confirmed_sequence_available	assembly_available_qc_required	no	partial_context_metadata	Cyamopsis tetragonolobus	Brazil	Cyamopsis tetragonoloba	Brazil	1990	SAMN42180201	GCF_041462925.1	SRR29655429; SRR30037602	GCF_041462925.1	SRR29655429; SRR30037602	
NCPPB 3759	present_in_both	Xanthomonas euvesicatoria pv. obscurae (Chand & Singh 1994) Harrison et al. 2023	Xanthomonas	current_xanthomonas	P3	same_pathovar_historical_or_updated_species_name	conditional_release_for_genus_tree_qc_ani_only	calculate ANI/GTDB against suitable references; use NCPPB name as primary label and retain NCBI name as submitted/historical label	1	1	1	0	0	6	linked_sequence_blocked_pending_taxonomy_review	taxonomy_review_required_before_use	yes	partial_context_metadata	Ipomea obscura	India	Ipomea obscura	India		SAMN19988984	GCF_019201105.1	SRR15305426			01_taxonomy_pathovar_audit_49.tsv
NCPPB 3761	present_in_both	Xanthomonas sp. Dowson 1939	Xanthomonas	current_xanthomonas	P3	assembly_available_qc_required	automatic_candidate_after_genome_qc	download selected assembly; complete QC, contamination screening, ANI and deduplication	1	1	2	1	2	0	confirmed_sequence_available	assembly_available_qc_required	no	partial_context_metadata	Pisum sativum	India	Lathyrus oleraceus	India	1991	SAMN42161490	GCF_041475705.1	SRR29644156; SRR30040130	GCF_041475705.1	SRR29644156; SRR30040130	
NCPPB 3776	present_in_both	Xanthomonas arboricola pv. corylina (Miller et al. 1940) Vauterin et al. 1995	Xanthomonas	current_xanthomonas	P3	no_confirmed_public_sequence	no_genome_input	retain count=0; optional separate marker-gene/literature search	0	0	0	0	0	0	no_confirmed_ncbi_match	no_confirmed_public_sequence	no	missing_context_metadata		Italy									
NCPPB 3786	present_in_both	Xanthomonas vesicatoria (ex Doidge 1920) Vauterin et al. 1995	Xanthomonas	current_xanthomonas	P3	no_confirmed_public_sequence	no_genome_input	retain count=0; optional separate marker-gene/literature search	0	0	0	0	0	0	no_confirmed_ncbi_match	no_confirmed_public_sequence	no	missing_context_metadata	Solanum lycopersicum	Ukraine									
NCPPB 3795	present_in_both	Xanthomonas euvesicatoria pv. fici (Cavara 1905) Harrison et al. 2023	Xanthomonas	current_xanthomonas	P3	same_pathovar_historical_or_updated_species_name	conditional_release_for_genus_tree_qc_ani_only	calculate ANI/GTDB against suitable references; use NCPPB name as primary label and retain NCBI name as submitted/historical label	1	1	2	0	0	7	linked_sequence_blocked_pending_taxonomy_review	taxonomy_review_required_before_use	yes	partial_context_metadata	Ficus microcarpa var. hillii (Weeping Fig)	Australia	Ficus microcarpa var. hillii	Australia	1991	SAMN42175582	GCF_041463615.1	SRR29651790; SRR30037664			01_taxonomy_pathovar_audit_49.tsv
NCPPB 3796	present_in_both	Xanthomonas euvesicatoria pv. fici (Cavara 1905) Harrison et al. 2023	Xanthomonas	current_xanthomonas	P3	same_pathovar_historical_or_updated_species_name	conditional_release_for_genus_tree_qc_ani_only	calculate ANI/GTDB against suitable references; use NCPPB name as primary label and retain NCBI name as submitted/historical label	1	1	2	0	0	7	linked_sequence_blocked_pending_taxonomy_review	taxonomy_review_required_before_use	yes	partial_context_metadata	Ficus sp. (as F. oinkenowenensis)	Australia	Unknown	Australia	1991	SAMN42175583	GCF_041463605.1	SRR29651789; SRR30037663			01_taxonomy_pathovar_audit_49.tsv
NCPPB 3797	present_in_both	Xanthomonas euvesicatoria pv. fici (Cavara 1905) Harrison et al. 2023	Xanthomonas	current_xanthomonas	P3	same_pathovar_historical_or_updated_species_name	conditional_release_for_genus_tree_qc_ani_only	calculate ANI/GTDB against suitable references; use NCPPB name as primary label and retain NCBI name as submitted/historical label	1	1	2	0	0	7	linked_sequence_blocked_pending_taxonomy_review	taxonomy_review_required_before_use	yes	partial_context_metadata	Ficus sp. (as F. oinkenowenensis)	UK	Unknown	Australia	1991	SAMN42175584	GCF_041463635.1	SRR29651788; SRR30037662			01_taxonomy_pathovar_audit_49.tsv
NCPPB 3799	present_in_both	Xanthomonas citri pv. citri (Hasse 1915) Constantin 2016 comb. nov.	Xanthomonas	current_xanthomonas	P3	no_confirmed_public_sequence	no_genome_input	retain count=0; optional separate marker-gene/literature search	0	0	0	0	0	0	no_confirmed_ncbi_match	no_confirmed_public_sequence	no	missing_context_metadata	Citrus (Lime)	Thailand									
NCPPB 3800	present_in_both	Xanthomonas vesicatoria (ex Doidge 1920) Vauterin et al. 1995	Xanthomonas	current_xanthomonas	P3	no_confirmed_public_sequence	no_genome_input	retain count=0; optional separate marker-gene/literature search	0	0	0	0	0	0	no_confirmed_ncbi_match	no_confirmed_public_sequence	no	missing_context_metadata	Solanum lycopersicum	India									
NCPPB 3801	present_in_both	Xanthomonas vesicatoria (ex Doidge 1920) Vauterin et al. 1995	Xanthomonas	current_xanthomonas	P3	no_confirmed_public_sequence	no_genome_input	retain count=0; optional separate marker-gene/literature search	0	0	0	0	0	0	no_confirmed_ncbi_match	no_confirmed_public_sequence	no	missing_context_metadata	Solanum lycopersicum	India									
NCPPB 3829	present_in_both	Xanthomonas graminis pv. phlei Tambong et al. 2024	Xanthomonas	current_xanthomonas	P3	no_confirmed_public_sequence	no_genome_input	retain count=0; optional separate marker-gene/literature search	0	0	0	0	0	0	no_confirmed_ncbi_match	no_confirmed_public_sequence	no	missing_context_metadata	Phleum pratensis	Norway									
NCPPB 3830	present_in_both	Xanthomonas graminis pv. phlei Tambong et al. 2024	Xanthomonas	current_xanthomonas	P3	no_confirmed_public_sequence	no_genome_input	retain count=0; optional separate marker-gene/literature search	0	0	0	0	0	0	no_confirmed_ncbi_match	no_confirmed_public_sequence	no	missing_context_metadata	Phleum pratensis	Norway									
NCPPB 3831	present_in_both	Xanthomonas graminis pv. phlei Tambong et al. 2024	Xanthomonas	current_xanthomonas	P3	no_confirmed_public_sequence	no_genome_input	retain count=0; optional separate marker-gene/literature search	0	0	0	0	0	0	no_confirmed_ncbi_match	no_confirmed_public_sequence	no	missing_context_metadata	Phleum pratensis	Norway									
NCPPB 3832	present_in_both	Xanthomonas citri pv. citri (Hasse 1915) Constantin 2016 comb. nov.	Xanthomonas	current_xanthomonas	P3	no_confirmed_public_sequence	no_genome_input	retain count=0; optional separate marker-gene/literature search	0	0	0	0	0	0	no_confirmed_ncbi_match	no_confirmed_public_sequence	no	missing_context_metadata	Citrus (Sweet Orange)	Zimbabwe									
NCPPB 3870	present_in_both	Xanthomonas arboricola pv. corylina (Miller et al. 1940) Vauterin et al. 1995	Xanthomonas	current_xanthomonas	P3	no_confirmed_public_sequence	no_genome_input	retain count=0; optional separate marker-gene/literature search	0	0	0	0	0	0	no_confirmed_ncbi_match	no_confirmed_public_sequence	no	missing_context_metadata	Corylus avellana	Italy									
NCPPB 3875	present_in_both	Xanthomonas arboricola pv. corylina (Miller et al. 1940) Vauterin et al. 1995	Xanthomonas	current_xanthomonas	P3	no_confirmed_public_sequence	no_genome_input	retain count=0; optional separate marker-gene/literature search	0	0	0	0	0	0	no_confirmed_ncbi_match	no_confirmed_public_sequence	no	missing_context_metadata	Corylus avellana	Italy									
NCPPB 3876	present_in_both	Xanthomonas arboricola pv. corylina (Miller et al. 1940) Vauterin et al. 1995	Xanthomonas	current_xanthomonas	P3	no_confirmed_public_sequence	no_genome_input	retain count=0; optional separate marker-gene/literature search	0	0	0	0	0	0	no_confirmed_ncbi_match	no_confirmed_public_sequence	no	missing_context_metadata	Corylus avellana	Italy									
NCPPB 3877	present_in_both	Xanthomonas arboricola pv. pruni (Smith 1903) Vauterin et al. 1995	Xanthomonas	current_xanthomonas	P3	no_confirmed_public_sequence	no_genome_input	retain count=0; optional separate marker-gene/literature search	0	0	0	0	0	0	no_confirmed_ncbi_match	no_confirmed_public_sequence	no	missing_context_metadata	Prunus salicina cv. Simka	Italy									
NCPPB 3878	present_in_both	Xanthomonas arboricola pv. pruni (Smith 1903) Vauterin et al. 1995	Xanthomonas	current_xanthomonas	P3	no_confirmed_public_sequence	no_genome_input	retain count=0; optional separate marker-gene/literature search	0	0	0	0	0	0	no_confirmed_ncbi_match	no_confirmed_public_sequence	no	missing_context_metadata	Prunus salicina cv. Black Diamond	Italy									
NCPPB 3880	present_in_both	Pseudomonas syringae pv. pisi (Sacket 1916) Young, Dye & Wilkie 1978	Pseudomonas	reclassified_outside_xanthomonas	P2	reclassified_outside_xanthomonas_scope_decision	only_after_supervisor_scope_decision	decide whether retained as outgroup/historical record; do not assume ingroup membership	0	0	0	0	0	0	no_confirmed_ncbi_match	no_confirmed_public_sequence	no	missing_context_metadata	Pisum sativum	UK									
NCPPB 3883	present_in_both	Xanthomonas sp. Dowson 1939	Xanthomonas	current_xanthomonas	P3	assembly_available_qc_required	automatic_candidate_after_genome_qc	download selected assembly; complete QC, contamination screening, ANI and deduplication	2	1	2	1	2	0	confirmed_sequence_available	assembly_available_qc_required	no	partial_context_metadata	Crambe abyssinica	USA	Crambe hispanica subsp. abyssinica	USA	1990	SAMN57360827; SAMN22552831	GCF_020813155.1	SRR29823151; SRR38178865	GCF_020813155.1	SRR38178865; SRR29823151	
NCPPB 3884	present_in_both	Xanthomonas sp. Dowson 1939	Xanthomonas	current_xanthomonas	P3	assembly_available_qc_required	automatic_candidate_after_genome_qc	download selected assembly; complete QC, contamination screening, ANI and deduplication	2	1	2	1	2	0	confirmed_sequence_available	assembly_available_qc_required	no	partial_context_metadata	Crambe abyssinica	USA	Crambe hispanica subsp. abyssinica	USA	1990	SAMN57360826; SAMN22552832	GCF_020813085.1	SRR29823150; SRR38178866	GCF_020813085.1	SRR38178866; SRR29823150	
NCPPB 3885	present_in_both	Xanthomonas citri pv. vignicola (Burkholder 1944) Constantin et al. 2016 comb. nov.	Xanthomonas	current_xanthomonas	P3	no_confirmed_public_sequence	no_genome_input	retain count=0; optional separate marker-gene/literature search	0	0	0	0	0	0	no_confirmed_ncbi_match	no_confirmed_public_sequence	no	missing_context_metadata	Vigna unguiculata	India									
NCPPB 3886	present_in_both	Xanthomonas euvesicatoria pv. fici (Cavara 1905) Harrison et al. 2023	Xanthomonas	current_xanthomonas	P3	same_pathovar_historical_or_updated_species_name	conditional_release_for_genus_tree_qc_ani_only	calculate ANI/GTDB against suitable references; use NCPPB name as primary label and retain NCBI name as submitted/historical label	1	1	2	0	0	7	linked_sequence_blocked_pending_taxonomy_review	taxonomy_review_required_before_use	yes	partial_context_metadata	Ficus religiosa	India	Ficus religiosa	India	1993	SAMN42175585	GCF_041463755.1	SRR29651787; SRR30037661			01_taxonomy_pathovar_audit_49.tsv
NCPPB 3887	present_in_both	Xanthomonas euvesicatoria pv. fici (Cavara 1905) Harrison et al. 2023	Xanthomonas	current_xanthomonas	P3	same_pathovar_historical_or_updated_species_name	conditional_release_for_genus_tree_qc_ani_only	calculate ANI/GTDB against suitable references; use NCPPB name as primary label and retain NCBI name as submitted/historical label	1	1	2	0	0	7	linked_sequence_blocked_pending_taxonomy_review	taxonomy_review_required_before_use	yes	partial_context_metadata	Ficus religiosa	India	Unknown	India	1993	SAMN42175586	GCF_041463645.1	SRR29651786; SRR30037660			01_taxonomy_pathovar_audit_49.tsv
NCPPB 3888	present_in_both	Xanthomonas campestris pv. parthenii Chand et al. 1995	Xanthomonas	current_xanthomonas	P3	assembly_available_qc_required	automatic_candidate_after_genome_qc	download selected assembly; complete QC, contamination screening, ANI and deduplication	1	1	1	1	1	0	confirmed_sequence_available	assembly_available_qc_required	no	partial_context_metadata	Parthenium hysterophorus	India	Parthenium hysterophorus	India		SAMN22555468	GCF_020783765.1	SRR22272566	GCF_020783765.1	SRR22272566	
NCPPB 3890	present_in_both	Xanthomonas campestris pv. campestris (Pammel 1895) Dowson 1939	Xanthomonas	current_xanthomonas	P3	no_confirmed_public_sequence	no_genome_input	retain count=0; optional separate marker-gene/literature search	0	0	0	0	0	0	no_confirmed_ncbi_match	no_confirmed_public_sequence	no	missing_context_metadata		Malta									
NCPPB 3925	present_in_both	Xanthomonas citri pv. vignicola (Burkholder 1944) Constantin et al. 2016 comb. nov.	Xanthomonas	current_xanthomonas	P3	no_confirmed_public_sequence	no_genome_input	retain count=0; optional separate marker-gene/literature search	0	0	0	0	0	0	no_confirmed_ncbi_match	no_confirmed_public_sequence	no	missing_context_metadata											
NCPPB 3926	present_in_both	Xanthomonas citri pv. vignicola (Burkholder 1944) Constantin et al. 2016 comb. nov.	Xanthomonas	current_xanthomonas	P3	no_confirmed_public_sequence	no_genome_input	retain count=0; optional separate marker-gene/literature search	0	0	0	0	0	0	no_confirmed_ncbi_match	no_confirmed_public_sequence	no	missing_context_metadata											
NCPPB 3927	present_in_both	Xanthomonas campestris pv. campestris (Pammel 1895) Dowson 1939	Xanthomonas	current_xanthomonas	P3	assembly_available_qc_required	automatic_candidate_after_genome_qc	download selected assembly; complete QC, contamination screening, ANI and deduplication	1	1	1	1	1	0	confirmed_sequence_available	assembly_available_qc_required	no	partial_context_metadata	Brassica napus var. olerfera	Brazil	Brassica napus var. olerfera	Brazil	1994	SAMN43286079	GCF_041521265.1	SRR30327315	GCF_041521265.1	SRR30327315	
NCPPB 3931	present_in_both	Xanthomonas hortorum pv. vitians Morinière et al. 2020	Xanthomonas	current_xanthomonas	P3	no_confirmed_public_sequence	no_genome_input	retain count=0; optional separate marker-gene/literature search	0	0	0	0	0	0	no_confirmed_ncbi_match	no_confirmed_public_sequence	no	missing_context_metadata	Lactuca sativa	UK									
NCPPB 3932	present_in_both	Xanthomonas hortorum pv. vitians Morinière et al. 2020	Xanthomonas	current_xanthomonas	P3	no_confirmed_public_sequence	no_genome_input	retain count=0; optional separate marker-gene/literature search	0	0	0	0	0	0	no_confirmed_ncbi_match	no_confirmed_public_sequence	no	missing_context_metadata	Lactuca sativa	UK									
NCPPB 3942	present_in_both	Xanthomonas sp. Dowson 1939	Xanthomonas	current_xanthomonas	P3	no_confirmed_public_sequence	no_genome_input	retain count=0; optional separate marker-gene/literature search	0	0	0	0	0	0	no_confirmed_ncbi_match	no_confirmed_public_sequence	no	missing_context_metadata	Allium cepa	Barbados									
NCPPB 3943	present_in_both	Xanthomonas sp. Dowson 1939	Xanthomonas	current_xanthomonas	P3	no_confirmed_public_sequence	no_genome_input	retain count=0; optional separate marker-gene/literature search	0	0	0	0	0	0	no_confirmed_ncbi_match	no_confirmed_public_sequence	no	missing_context_metadata	Allium cepa	Barbados									
NCPPB 3944	present_in_both	Xanthomonas sp. Dowson 1939	Xanthomonas	current_xanthomonas	P3	no_confirmed_public_sequence	no_genome_input	retain count=0; optional separate marker-gene/literature search	0	0	0	0	0	0	no_confirmed_ncbi_match	no_confirmed_public_sequence	no	missing_context_metadata	Allium cepa	Barbados									
NCPPB 3947	present_in_both	Xanthomonas citri pv. glycines (Nakano 1919) Constantin et al. 2016 comb.nov.	Xanthomonas	current_xanthomonas	P3	no_confirmed_public_sequence	no_genome_input	retain count=0; optional separate marker-gene/literature search	0	0	0	0	0	0	no_confirmed_ncbi_match	no_confirmed_public_sequence	no	missing_context_metadata	Glycine max	Brunei									
NCPPB 3948	present_in_both	Xanthomonas axonopodis pv. poinsettiicola (Patel et al. 1951) Vauterin et al. 1995	Xanthomonas	current_xanthomonas	P3	assembly_available_qc_required	automatic_candidate_after_genome_qc	download selected assembly; complete QC, contamination screening, ANI and deduplication	1	1	2	1	2	0	confirmed_sequence_available	assembly_available_qc_required	no	partial_context_metadata	Euphorbia cyathophora	Australia	Euphorbia cyathophora	Australia		SAMN42178462	GCF_041489455.1	SRR29654625; SRR30037950	GCF_041489455.1	SRR29654625; SRR30037950	
NCPPB 3949	present_in_both	Xanthomonas oryzae pv. oryzicola (Fang et al. 1957) Swings et al. 1990	Xanthomonas	current_xanthomonas	P3	no_confirmed_public_sequence	no_genome_input	retain count=0; optional separate marker-gene/literature search	0	0	0	0	0	0	no_confirmed_ncbi_match	no_confirmed_public_sequence	no	missing_context_metadata	Oryza sativa	Malaysia									
NCPPB 3950	present_in_both	Xanthomonas arboricola pv. corylina (Miller et al. 1940) Vauterin et al. 1995	Xanthomonas	current_xanthomonas	P3	no_confirmed_public_sequence	no_genome_input	retain count=0; optional separate marker-gene/literature search	0	0	0	0	0	0	no_confirmed_ncbi_match	no_confirmed_public_sequence	no	missing_context_metadata	Corylus avellana	Chile									
NCPPB 3951	present_in_both	Xanthomonas oryzae pv. oryzae (Ishiyama 1922) Swings et al. 1990	Xanthomonas	current_xanthomonas	P3	no_confirmed_public_sequence	no_genome_input	retain count=0; optional separate marker-gene/literature search	0	0	0	0	0	0	no_confirmed_ncbi_match	no_confirmed_public_sequence	no	missing_context_metadata	Oryza sativa	Malaysia									
NCPPB 3953	present_in_both	Xanthomonas translucens pv. translucens (Jones et al. 1917) Vauterin et al. 1995	Xanthomonas	current_xanthomonas	P3	no_confirmed_public_sequence	no_genome_input	retain count=0; optional separate marker-gene/literature search	0	0	0	0	0	0	no_confirmed_ncbi_match	no_confirmed_public_sequence	no	missing_context_metadata	Triticum aestivum	Zambia									
NCPPB 3954	present_in_both	Xanthomonas vesicatoria (ex Doidge 1920) Vauterin et al. 1995	Xanthomonas	current_xanthomonas	P3	no_confirmed_public_sequence	no_genome_input	retain count=0; optional separate marker-gene/literature search	0	0	0	0	0	0	no_confirmed_ncbi_match	no_confirmed_public_sequence	no	missing_context_metadata	Solanum lycopersicum	Trinidad & Tobago									
NCPPB 3955	present_in_both	Xanthomonas translucens pv. undulosa (Smith et al. 1919) Vauterin et al. 1995	Xanthomonas	current_xanthomonas	P3	no_confirmed_public_sequence	no_genome_input	retain count=0; optional separate marker-gene/literature search	0	0	0	0	0	0	no_confirmed_ncbi_match	no_confirmed_public_sequence	no	missing_context_metadata	Triticum aestivum	Zambia									
NCPPB 3956	present_in_both	Xanthomonas sp. Dowson 1939	Xanthomonas	current_xanthomonas	P3	no_confirmed_public_sequence	no_genome_input	retain count=0; optional separate marker-gene/literature search	0	0	0	0	0	0	no_confirmed_ncbi_match	no_confirmed_public_sequence	no	missing_context_metadata	Triticum aestivum (Bread Wheat)	Pakistan									
NCPPB 3957	present_in_both	Xanthomonas sp. Dowson 1939	Xanthomonas	current_xanthomonas	P3	no_confirmed_public_sequence	no_genome_input	retain count=0; optional separate marker-gene/literature search	0	0	0	0	0	0	no_confirmed_ncbi_match	no_confirmed_public_sequence	no	missing_context_metadata	Hordeum vulgare	Zambia									
NCPPB 3959	present_in_both	Xanthomonas sp. Dowson 1939	Xanthomonas	current_xanthomonas	P3	assembly_available_qc_required	automatic_candidate_after_genome_qc	download selected assembly; complete QC, contamination screening, ANI and deduplication	1	1	1	1	1	0	confirmed_sequence_available	assembly_available_qc_required	no	partial_context_metadata	Persea americana	New Zealand	Persea americana	New Zealand		SAMN42161491	GCF_056675575.1	SRR29644155	GCF_056675575.1	SRR29644155	
NCPPB 3960	present_in_both	Xanthomonas hortorum pv. pelargonii (Brown 1923) Vauterin et al. 1995	Xanthomonas	current_xanthomonas	P3	no_confirmed_public_sequence	no_genome_input	retain count=0; optional separate marker-gene/literature search	0	0	0	0	0	0	no_confirmed_ncbi_match	no_confirmed_public_sequence	no	missing_context_metadata	Pelargonium sp.	UK									
NCPPB 4013	present_in_both	Xanthomonas campestris pv. asclepiadis Flynn & Vidaver 1995	Xanthomonas	current_xanthomonas	P3	assembly_available_qc_required	automatic_candidate_after_genome_qc	download selected assembly; complete QC, contamination screening, ANI and deduplication	2	1	3	1	3	0	confirmed_sequence_available	assembly_available_qc_required	no	partial_context_metadata	Asclepias syriaca	USA	Asclepias syriaca	USA		SAMN56511371; SAMN22555464	GCF_020784175.1	SRR22272570; SRR37629088; SRR37789905	GCF_020784175.1	SRR37629088; SRR37789905; SRR22272570	
NCPPB 4014	present_in_both	Xanthomonas campestris pv. asclepiadis Flynn & Vidaver 1995	Xanthomonas	current_xanthomonas	P3	no_confirmed_public_sequence	no_genome_input	retain count=0; optional separate marker-gene/literature search	0	0	0	0	0	0	no_confirmed_ncbi_match	no_confirmed_public_sequence	no	missing_context_metadata	Asclepias syriaca	USA									
NCPPB 4015	present_in_both	Xanthomonas campestris pv. asclepiadis Flynn & Vidaver 1995	Xanthomonas	current_xanthomonas	P3	no_confirmed_public_sequence	no_genome_input	retain count=0; optional separate marker-gene/literature search	0	0	0	0	0	0	no_confirmed_ncbi_match	no_confirmed_public_sequence	no	missing_context_metadata	Asclepias syriaca	USA									
NCPPB 4031	present_in_both	Xanthomonas hortorum pv. pelargonii (Brown 1923) Vauterin et al. 1995	Xanthomonas	current_xanthomonas	P3	no_confirmed_public_sequence	no_genome_input	retain count=0; optional separate marker-gene/literature search	0	0	0	0	0	0	no_confirmed_ncbi_match	no_confirmed_public_sequence	no	missing_context_metadata	Pelargonium x hortorum	UK									
NCPPB 4032	present_in_both	Xanthomonas hortorum pv. pelargonii (Brown 1923) Vauterin et al. 1995	Xanthomonas	current_xanthomonas	P3	no_confirmed_public_sequence	no_genome_input	retain count=0; optional separate marker-gene/literature search	0	0	0	0	0	0	no_confirmed_ncbi_match	no_confirmed_public_sequence	no	missing_context_metadata	Pelargonium x hortorum	UK									
NCPPB 4033	present_in_both	Xanthomonas hortorum pv. vitians Morinière et al. 2020	Xanthomonas	current_xanthomonas	P3	no_confirmed_public_sequence	no_genome_input	retain count=0; optional separate marker-gene/literature search	0	0	0	0	0	0	no_confirmed_ncbi_match	no_confirmed_public_sequence	no	missing_context_metadata	Lactuca sativa	USA									
NCPPB 4034	present_in_both	Xanthomonas hortorum pv. vitians Morinière et al. 2020	Xanthomonas	current_xanthomonas	P3	no_confirmed_public_sequence	no_genome_input	retain count=0; optional separate marker-gene/literature search	0	0	0	0	0	0	no_confirmed_ncbi_match	no_confirmed_public_sequence	no	missing_context_metadata	Lactuca sativa	USA									
NCPPB 4037	present_in_both	Xanthomonas sp. Dowson 1939	Xanthomonas	current_xanthomonas	P3	assembly_available_qc_required	automatic_candidate_after_genome_qc	download selected assembly; complete QC, contamination screening, ANI and deduplication	2	2	3	2	3	0	confirmed_sequence_available	assembly_available_qc_required	no	partial_context_metadata	Nemesia sp.	UK	Nemesia sp.	United Kingdom	1998	SAMN42161492; SAMN22552836	GCF_020812955.1; GCF_041475695.1	SRR29644154; SRR29823163; SRR30040129	GCF_041475695.1; GCF_020812955.1	SRR29644154; SRR30040129; SRR29823163	
NCPPB 4058	present_in_both	Xanthomonas hortorum pv. vitians Morinière et al. 2020	Xanthomonas	current_xanthomonas	P3	assembly_available_qc_required	automatic_candidate_after_genome_qc	download selected assembly; complete QC, contamination screening, ANI and deduplication	1	1	1	1	1	0	confirmed_sequence_available	assembly_available_qc_required	no	complete_host_geography_date_source	Lactuca sativa	UK	Lactuca sativa	United Kingdom		SAMN24251536	GCF_021352915.1	SRR17286009	GCF_021352915.1	SRR17286009	
NCPPB 4181	present_in_both	Xanthomonas fragariae Kennedy and King 1962	Xanthomonas	current_xanthomonas	P2	wgs_reads_require_assembly_and_qc	candidate_after_read_qc_and_assembly	download reads; trim, assemble, then complete genome QC and ANI	1	0	1	0	1	0	confirmed_sequence_available	raw_wgs_reads_require_assembly_and_qc	no	partial_context_metadata			Not collected	Not collected		SAMN39942677		SRR27965825		SRR27965825	
NCPPB 4183	present_in_both	Xanthomonas arboricola pv. fragariae Janse et al 2001	Xanthomonas	current_xanthomonas	P3	no_confirmed_public_sequence	no_genome_input	retain count=0; optional separate marker-gene/literature search	0	0	0	0	0	0	no_confirmed_ncbi_match	no_confirmed_public_sequence	no	missing_context_metadata	Fragaria (x)ananassa	Italy									
NCPPB 4210	present_in_both	Xanthomonas sp. Dowson 1939	Xanthomonas	current_xanthomonas	P3	no_confirmed_public_sequence	no_genome_input	retain count=0; optional separate marker-gene/literature search	0	0	0	0	0	0	no_confirmed_ncbi_match	no_confirmed_public_sequence	no	missing_context_metadata	Cardiocrinum giganteum	India									
NCPPB 4231	present_in_both	Xanthomonas sp. Dowson 1939	Xanthomonas	current_xanthomonas	P2	species_or_pathovar_unresolved	conditional_release_for_genus_tree_qc_ani_only	prioritize ANI/GTDB, original publication and host review; label tree tip species_assignment_under_review	1	1	1	0	0	6	linked_sequence_blocked_pending_taxonomy_review	taxonomy_review_required_before_use	yes	partial_context_metadata	Beta vulgaris var. Cicla (Chard) Seed	UK	Beta vulgaris var. Cicla	United Kingdom		SAMN22552841	GCF_020812995.1	SRR29823162			01_taxonomy_pathovar_audit_49.tsv
NCPPB 4232	present_in_both	Xanthomonas sp. Dowson 1939	Xanthomonas	current_xanthomonas	P2	species_or_pathovar_unresolved	conditional_release_for_genus_tree_qc_ani_only	prioritize ANI/GTDB, original publication and host review; label tree tip species_assignment_under_review	1	1	1	0	0	6	linked_sequence_blocked_pending_taxonomy_review	taxonomy_review_required_before_use	yes	partial_context_metadata	Beta vulgaris var. Cicla (Chard) Seed	UK	Beta vulgaris var. Cicla	United Kingdom		SAMN22552842	GCF_020813195.1	SRR29823161			01_taxonomy_pathovar_audit_49.tsv
NCPPB 4321	present_in_both	Xanthomonas euvesicatoria pv. perforans (Jones et al. 2006) Constantin et al. 2016 comb. nov.	Xanthomonas	current_xanthomonas	P3	assembly_available_qc_required	automatic_candidate_after_genome_qc	download selected assembly; complete QC, contamination screening, ANI and deduplication	1	1	1	1	1	0	confirmed_sequence_available	assembly_available_qc_required	no	partial_context_metadata	Solanum lycopersicum	USA	Solanum lycopersicum	USA	2006	SAMN14837221	GCF_013112235.1	SRR11788032	GCF_013112235.1	SRR11788032	
NCPPB 4322	present_in_both	Xanthomonas euvesicatoria pv. perforans (Jones et al. 2006) Constantin et al. 2016 comb. nov.	Xanthomonas	current_xanthomonas	P1	manual_review_required_non_audit	not_automatically_usable	review the remaining identity/taxonomy reason in manual_review_candidates.tsv; approve or reject before sequence use	0	0	0	0	0	0	provisional_match_requires_review	identity_review_required_before_use	yes	missing_context_metadata	Solanum lycopersicum	USA									
NCPPB 4323	present_in_both	Xanthomonas hortorum pv. gardneri Morinière et al. (2020)	Xanthomonas	current_xanthomonas	P3	no_confirmed_public_sequence	no_genome_input	retain count=0; optional separate marker-gene/literature search	0	0	0	0	0	0	no_confirmed_ncbi_match	no_confirmed_public_sequence	no	missing_context_metadata	Solanum lycopersicum	Costa Rica									
NCPPB 4324	present_in_both	Xanthomonas hortorum pv. gardneri Morinière et al. (2020)	Xanthomonas	current_xanthomonas	P3	no_confirmed_public_sequence	no_genome_input	retain count=0; optional separate marker-gene/literature search	0	0	0	0	0	0	no_confirmed_ncbi_match	no_confirmed_public_sequence	no	missing_context_metadata	Solanum lycopersicum	Costa Rica									
NCPPB 4326	present_in_both	Xanthomonas campestris pv. zantedeschiae (Joubert & Truter 1972) Dye 1978	Xanthomonas	current_xanthomonas	P3	no_confirmed_public_sequence	no_genome_input	retain count=0; optional separate marker-gene/literature search	0	0	0	0	0	0	no_confirmed_ncbi_match	no_confirmed_public_sequence	no	missing_context_metadata	Zantedeschia aethiopica (White flowered calla lily).	Taiwan, Republic of China									
NCPPB 4340	present_in_both	Xanthomonas campestris pv. zinniae (Hopkins & Dowson 1949) Dye 1978	Xanthomonas	current_xanthomonas	P3	no_confirmed_public_sequence	no_genome_input	retain count=0; optional separate marker-gene/literature search	0	0	0	0	0	0	no_confirmed_ncbi_match	no_confirmed_public_sequence	no	missing_context_metadata	Zinnia sp.	UK									
NCPPB 4341	present_in_both	Xanthomonas sacchari Vauterin et al. 1995	Xanthomonas	current_xanthomonas	P3	no_confirmed_public_sequence	no_genome_input	retain count=0; optional separate marker-gene/literature search	0	0	0	0	0	0	no_confirmed_ncbi_match	no_confirmed_public_sequence	no	missing_context_metadata		Guadaloupe									
NCPPB 4342	present_in_both	Xanthomonas arboricola pv. populi (ex de Kam 1984) Vauterin et al. 1995	Xanthomonas	current_xanthomonas	P3	no_confirmed_public_sequence	no_genome_input	retain count=0; optional separate marker-gene/literature search	0	0	0	0	0	0	no_confirmed_ncbi_match	no_confirmed_public_sequence	no	missing_context_metadata	Populus X euramericana (Canadian poplar)	Netherlands									
NCPPB 4343	present_in_both	Xanthomonas bromi Vauterin et al. 1995	Xanthomonas	current_xanthomonas	P3	no_confirmed_public_sequence	no_genome_input	retain count=0; optional separate marker-gene/literature search	0	0	0	0	0	0	no_confirmed_ncbi_match	no_confirmed_public_sequence	no	missing_context_metadata	Bromus fonkii Philippi (Chilean brome )	France									
NCPPB 4344	present_in_both	Xanthomonas campestris pv. brunneivaginae (Luo et al. 1988)Young et al. 1996	Xanthomonas	current_xanthomonas	P3	no_confirmed_public_sequence	no_genome_input	retain count=0; optional separate marker-gene/literature search	0	0	0	0	0	0	no_confirmed_ncbi_match	no_confirmed_public_sequence	no	missing_context_metadata	Oryza sativa	China									
NCPPB 4345	present_in_both	Xanthomonas campestris pv. cannae Easwaramurthy et al. 1984	Xanthomonas	current_xanthomonas	P3	assembly_available_qc_required	automatic_candidate_after_genome_qc	download selected assembly; complete QC, contamination screening, ANI and deduplication	1	1	1	1	1	0	confirmed_sequence_available	assembly_available_qc_required	no	partial_context_metadata	Canna × generalis	India	Canna x generalis	India		SAMN22555471	GCA_020783755.1	SRR22272565	GCA_020783755.1	SRR22272565	
NCPPB 4346	present_in_both	Xanthomonas campestris pv. leersiae (ex Fang et al. 1957) Young et al. 1991	Xanthomonas	current_xanthomonas	P2	species_or_pathovar_unresolved	conditional_release_for_genus_tree_qc_ani_only	prioritize ANI/GTDB, original publication and host review; label tree tip species_assignment_under_review	2	1	2	0	0	10	linked_sequence_blocked_pending_taxonomy_review	taxonomy_review_required_before_use	yes	complete_host_geography_date_source	Leersia hexandra Swartz (southern cutgrass)	China	Leersia hexandra	China	1980	SAMN10956069; SAMN03862116	GCF_001276975.2	SRR2133447; SRR8618953			01_taxonomy_pathovar_audit_49.tsv
NCPPB 4347	present_in_both	Xanthomonas campestris pv. malloti Goto 1993	Xanthomonas	current_xanthomonas	P2	wgs_reads_require_assembly_and_qc	candidate_after_read_qc_and_assembly	download reads; trim, assemble, then complete genome QC and ANI	1	0	1	0	1	0	confirmed_sequence_available	raw_wgs_reads_require_assembly_and_qc	no	partial_context_metadata	Mallotus japonicus (Thunb.) Muell.-Arg (East Asian mallotus)	Japan	Mallotus japonicus	Japan		SAMN42488056		SRR29823102		SRR29823102	
NCPPB 4348	present_in_both	Xanthomonas euvesicatoria pv. mirabilis (ex Durgapal & Trivedi 1976) Harrison et al. 2023	Xanthomonas	current_xanthomonas	P3	assembly_available_qc_required	automatic_candidate_after_genome_qc	download selected assembly; complete QC, contamination screening, ANI and deduplication	1	1	1	1	1	0	confirmed_sequence_available	assembly_available_qc_required	no	partial_context_metadata	Mirabilis jalapa L. (Marvel-of-peru)	India	Mirabilis jalapa	India		SAMN19988985	GCF_019201145.1	SRR15305428	GCF_019201145.1	SRR15305428	
NCPPB 4349	present_in_both	Xanthomonas euvesicatoria pv. pennamericanum (Qhobela & Claflin 1988) Harrison et al. 2023	Xanthomonas	current_xanthomonas	P3	assembly_available_qc_required	automatic_candidate_after_genome_qc	download selected assembly; complete QC, contamination screening, ANI and deduplication	1	1	1	1	1	0	confirmed_sequence_available	assembly_available_qc_required	no	partial_context_metadata	Pennisetum americanum (L.) K. Schum. (pearl millet)	Nigeria	Cenchrus americanus	Nigeria		SAMN19988986	GCF_019201165.1	SRR15305416	GCF_019201165.1	SRR15305416	
NCPPB 4350	present_in_both	Xanthomonas codiaei Vauterin et al. 1995	Xanthomonas	current_xanthomonas	P3	assembly_available_qc_required	automatic_candidate_after_genome_qc	download selected assembly; complete QC, contamination screening, ANI and deduplication	3	1	3	1	3	0	confirmed_sequence_available	assembly_available_qc_required	no	partial_context_metadata	Euphorbia pulcherrima	USA	Euphorbia pulcherrima	USA; not applicable	1987	SAMN56511372; SAMN44672901; SAMD00253079	GCF_046365405.1	SRR31305555; SRR37629087; SRR37789904	GCF_046365405.1	SRR37629087; SRR37789904; SRR31305555	
NCPPB 4351	present_in_both	Xanthomonas euvesicatoria pv. viegasii (Robbs et al. 1989) Harrison et al. 2023	Xanthomonas	current_xanthomonas	P3	assembly_available_qc_required	automatic_candidate_after_genome_qc	download selected assembly; complete QC, contamination screening, ANI and deduplication	1	1	1	1	1	0	confirmed_sequence_available	assembly_available_qc_required	no	partial_context_metadata	Pachystachys lutea Nees. (lollipop plant)	Brazil	Pachystachys lutea	Brazil		SAMN19988987	GCF_019201265.1	SRR15305410	GCF_019201265.1	SRR15305410	
NCPPB 4352	present_in_both	Xanthomonas euvesicatoria pv. zingibericola (Ren & Fang 1981) Harrison et al. 2023	Xanthomonas	current_xanthomonas	P3	assembly_available_qc_required	automatic_candidate_after_genome_qc	download selected assembly; complete QC, contamination screening, ANI and deduplication	1	1	1	1	1	0	confirmed_sequence_available	assembly_available_qc_required	no	partial_context_metadata	Zingiber officinale Rosc. (ginger)	China	Ginger	China		SAMN19988988	GCF_019201205.1	SRR15305413	GCF_019201205.1	SRR15305413	
NCPPB 4353	present_in_both	Xanthomonas theicola (Uehara et al. 1980) Vauterin et al. 1995	Xanthomonas	current_xanthomonas	P3	no_confirmed_public_sequence	no_genome_input	retain count=0; optional separate marker-gene/literature search	0	0	0	0	0	0	no_confirmed_ncbi_match	no_confirmed_public_sequence	no	missing_context_metadata	Camellia sinensis	Japan									
NCPPB 4355	present_in_both	Xanthomonas euvesicatoria pv. allii (Kadota et al. 2000) Constantin et al. 2016 comb. nov.	Xanthomonas	current_xanthomonas	P3	assembly_available_qc_required	automatic_candidate_after_genome_qc	download selected assembly; complete QC, contamination screening, ANI and deduplication	1	1	0	1	0	0	confirmed_sequence_available	assembly_available_qc_required	no	complete_host_geography_date_source		Reunion - France	Allium cepa	Reunion	1996	SAMN02646549	GCF_000730305.1		GCF_000730305.1		
NCPPB 4356	present_in_both	Xanthomonas hortorum pv. cynarae Morinière et al. (2020)	Xanthomonas	current_xanthomonas	P3	assembly_available_qc_required	automatic_candidate_after_genome_qc	download selected assembly; complete QC, contamination screening, ANI and deduplication	4	2	2	2	2	0	confirmed_sequence_available	assembly_available_qc_required	no	complete_host_geography_date_source	Cynara scolymus (artichoke)	France - Brittainy	Cynara cardunculus var. scolymus	France; France:Bretagne; not applicable	1996	SAMN09704276; SAMN24251551; SAMN05560222; SAMD00253043	GCF_002939985.1; GCF_021352995.1	SRR17286016; SRR7628813	GCF_021352995.1; GCF_002939985.1	SRR7628813; SRR17286016	
NCPPB 4363	present_in_both	Xanthomonas dyei pv. dysoxyli (Hutchinson 1949) Young et al. 2010	Xanthomonas	current_xanthomonas	P2	wgs_reads_require_assembly_and_qc	candidate_after_read_qc_and_assembly	download reads; trim, assemble, then complete genome QC and ANI	1	0	2	0	2	0	confirmed_sequence_available	raw_wgs_reads_require_assembly_and_qc	no	partial_context_metadata	Dysoxylum spectabile	New Zealand	Didymocheton spectabilis	New Zealand	1968	SAMN56511373		SRR37629086; SRR37789903		SRR37629086; SRR37789903	
NCPPB 4364	present_in_both	Xanthomonas dyei pv. dysoxyli (Hutchinson 1949) Young et al. 2010	Xanthomonas	current_xanthomonas	P2	wgs_reads_require_assembly_and_qc	candidate_after_read_qc_and_assembly	download reads; trim, assemble, then complete genome QC and ANI	1	0	2	0	2	0	confirmed_sequence_available	raw_wgs_reads_require_assembly_and_qc	no	partial_context_metadata	Dysoxylum spectabile	New Zealand	Didymocheton spectabilis	New Zealand	1979	SAMN56511374		SRR37629085; SRR37789902		SRR37629085; SRR37789902	
NCPPB 4367	present_in_both	Xanthomonas dyei pv. dysoxyli (Hutchinson 1949) Young et al. 2010	Xanthomonas	current_xanthomonas	P2	wgs_reads_require_assembly_and_qc	candidate_after_read_qc_and_assembly	download reads; trim, assemble, then complete genome QC and ANI	1	0	2	0	2	0	confirmed_sequence_available	raw_wgs_reads_require_assembly_and_qc	no	partial_context_metadata	Dysoxylum spectabile	New Zealand	Didymocheton spectabilis	New Zealand	2006	SAMN56511375		SRR37629084; SRR37789901		SRR37629084; SRR37789901	
NCPPB 4372	present_in_both	Xanthomonas euvesicatoria pv. allii (Kadota et al. 2000) Constantin et al. 2016 comb. nov.	Xanthomonas	current_xanthomonas	P3	no_confirmed_public_sequence	no_genome_input	retain count=0; optional separate marker-gene/literature search	0	0	0	0	0	0	no_confirmed_ncbi_match	no_confirmed_public_sequence	no	missing_context_metadata	Allium cepa	Brazil									
NCPPB 4373	present_in_both	Xanthomonas citri pv. aurantifolii (Schaad et al. 2007) Constantin et al. 2016 comb. nov.	Xanthomonas	current_xanthomonas	P3	no_confirmed_public_sequence	no_genome_input	retain count=0; optional separate marker-gene/literature search	0	0	0	0	0	0	no_confirmed_ncbi_match	no_confirmed_public_sequence	no	missing_context_metadata	Citrus aurantifolia	Brazil									
NCPPB 4374	present_in_both	Xanthomonas citri pv. aurantifolii (Schaad et al. 2007) Constantin et al. 2016 comb. nov.	Xanthomonas	current_xanthomonas	P3	no_confirmed_public_sequence	no_genome_input	retain count=0; optional separate marker-gene/literature search	0	0	0	0	0	0	no_confirmed_ncbi_match	no_confirmed_public_sequence	no	missing_context_metadata	Citrus aurantifolia	Brazil									
NCPPB 4375	present_in_both	Xanthomonas citri pv. citri (Hasse 1915) Constantin 2016 comb. nov.	Xanthomonas	current_xanthomonas	P1	manual_review_required_non_audit	not_automatically_usable	review the remaining identity/taxonomy reason in manual_review_candidates.tsv; approve or reject before sequence use	0	0	0	0	0	0	provisional_match_requires_review	identity_review_required_before_use	yes	missing_context_metadata	Citrus sinensis - common sweet orange	Brazil (Parana).									
NCPPB 4376	present_in_both	Xanthomonas euvesicatoria pv. citrumelonis (Schaad et al. 2007) Constantin et al. 2016 comb. nov.	Xanthomonas	current_xanthomonas	P3	assembly_available_qc_required	automatic_candidate_after_genome_qc	download selected assembly; complete QC, contamination screening, ANI and deduplication	1	1	1	1	1	0	confirmed_sequence_available	assembly_available_qc_required	no	partial_context_metadata	Citrus paradisi x Poncirus trifoliata	USA	Citrus sp.			SAMEA114332027	GCF_963669575.1	ERR12095366	GCF_963669575.1	ERR12095366	
NCPPB 4377	present_in_both	Xanthomonas citri pv. aurantifolii (Schaad et al. 2007) Constantin et al. 2016 comb. nov.	Xanthomonas	current_xanthomonas	P3	no_confirmed_public_sequence	no_genome_input	retain count=0; optional separate marker-gene/literature search	0	0	0	0	0	0	no_confirmed_ncbi_match	no_confirmed_public_sequence	no	missing_context_metadata	Citrus - lemon	Argentina									
NCPPB 4378	present_in_both	Xanthomonas vasicola pv. musacearum (Yirgou & Bradbury 1968) Dye 1978	Xanthomonas	current_xanthomonas	P3	assembly_available_qc_required	automatic_candidate_after_genome_qc	download selected assembly; complete QC, contamination screening, ANI and deduplication	1	1	1	1	1	0	confirmed_sequence_available	assembly_available_qc_required	no	partial_context_metadata	Musa	Uganda	Musa sp.	Uganda	2005	SAMN20034692	GCF_019209705.1	SRR29823136	GCF_019209705.1	SRR29823136	
NCPPB 4379	present_in_both	Xanthomonas vasicola pv. musacearum (Yirgou & Bradbury 1968) Dye 1978	Xanthomonas	current_xanthomonas	P3	assembly_available_qc_required	automatic_candidate_after_genome_qc	download selected assembly; complete QC, contamination screening, ANI and deduplication	2	2	3	2	3	0	confirmed_sequence_available	assembly_available_qc_required	no	partial_context_metadata	Musa	Uganda	Musa sp.	Uganda:Kayunga	2005	SAMN49535423; SAMN00991242	GCF_000277895.2; GCF_055597685.1	SRR34103838; SRR34105446; SRR494484	GCF_055597685.1; GCF_000277895.2	SRR34103838; SRR34105446; SRR494484	
NCPPB 4380	present_in_both	Xanthomonas vasicola pv. musacearum (Yirgou & Bradbury 1968) Dye 1978	Xanthomonas	current_xanthomonas	P3	assembly_available_qc_required	automatic_candidate_after_genome_qc	download selected assembly; complete QC, contamination screening, ANI and deduplication	1	1	1	1	1	0	confirmed_sequence_available	assembly_available_qc_required	no	missing_context_metadata	Musa	Uganda				SAMN00991243	GCF_000277915.1	SRR494485	GCF_000277915.1	SRR494485	
NCPPB 4381	present_in_both	Xanthomonas vasicola pv. musacearum (Yirgou & Bradbury 1968) Dye 1978	Xanthomonas	current_xanthomonas	P3	assembly_available_qc_required	automatic_candidate_after_genome_qc	download selected assembly; complete QC, contamination screening, ANI and deduplication	2	2	3	2	3	0	confirmed_sequence_available	assembly_available_qc_required	no	partial_context_metadata	Musa	Uganda	Musa sp.	Uganda:Luwero	2005	SAMN49535422; SAMN00002877	GCF_000159815.1; GCF_055598165.1	SRR020203; SRR34103839; SRR34105447	GCF_055598165.1; GCF_000159815.1	SRR34103839; SRR34105447; SRR020203	
NCPPB 4383	present_in_both	Xanthomonas vasicola pv. musacearum (Yirgou & Bradbury 1968) Dye 1978	Xanthomonas	current_xanthomonas	P2	wgs_reads_require_assembly_and_qc	candidate_after_read_qc_and_assembly	download reads; trim, assemble, then complete genome QC and ANI	1	0	1	0	1	0	confirmed_sequence_available	raw_wgs_reads_require_assembly_and_qc	no	missing_context_metadata	Musa	Uganda				SAMN00991249		SRR494493		SRR494493	
NCPPB 4384	present_in_both	Xanthomonas vasicola pv. musacearum (Yirgou & Bradbury 1968) Dye 1978	Xanthomonas	current_xanthomonas	P3	assembly_available_qc_required	automatic_candidate_after_genome_qc	download selected assembly; complete QC, contamination screening, ANI and deduplication	1	1	1	1	1	0	confirmed_sequence_available	assembly_available_qc_required	no	missing_context_metadata	Musa	Uganda				SAMN00991244	GCF_000277935.1	SRR494488	GCF_000277935.1	SRR494488	
NCPPB 4385	present_in_both	Xanthomonas vasicola pv. musacearum (Yirgou & Bradbury 1968) Dye 1978	Xanthomonas	current_xanthomonas	P3	no_confirmed_public_sequence	no_genome_input	retain count=0; optional separate marker-gene/literature search	0	0	0	0	0	0	no_confirmed_ncbi_match	no_confirmed_public_sequence	no	missing_context_metadata	Musa	Uganda									
NCPPB 4386	present_in_both	Xanthomonas vasicola pv. musacearum (Yirgou & Bradbury 1968) Dye 1978	Xanthomonas	current_xanthomonas	P3	no_confirmed_public_sequence	no_genome_input	retain count=0; optional separate marker-gene/literature search	0	0	0	0	0	0	no_confirmed_ncbi_match	no_confirmed_public_sequence	no	missing_context_metadata	Musa	Uganda									
NCPPB 4387	present_in_both	Xanthomonas vasicola pv. musacearum (Yirgou & Bradbury 1968) Dye 1978	Xanthomonas	current_xanthomonas	P2	wgs_reads_require_assembly_and_qc	candidate_after_read_qc_and_assembly	download reads; trim, assemble, then complete genome QC and ANI	1	0	1	0	1	0	confirmed_sequence_available	raw_wgs_reads_require_assembly_and_qc	no	missing_context_metadata	Musa	D.R.Congo				SAMN00991250		SRR494494		SRR494494	
NCPPB 4388	present_in_both	Xanthomonas vasicola pv. musacearum (Yirgou & Bradbury 1968) Dye 1978	Xanthomonas	current_xanthomonas	P3	no_confirmed_public_sequence	no_genome_input	retain count=0; optional separate marker-gene/literature search	0	0	0	0	0	0	no_confirmed_ncbi_match	no_confirmed_public_sequence	no	missing_context_metadata	Musa	D.R.Congo									
NCPPB 4389	present_in_both	Xanthomonas vasicola pv. musacearum (Yirgou & Bradbury 1968) Dye 1978	Xanthomonas	current_xanthomonas	P2	wgs_reads_require_assembly_and_qc	candidate_after_read_qc_and_assembly	download reads; trim, assemble, then complete genome QC and ANI	1	0	1	0	1	0	confirmed_sequence_available	raw_wgs_reads_require_assembly_and_qc	no	missing_context_metadata	Musa	Rwanda				SAMN00991251		SRR494495		SRR494495	
NCPPB 4390	present_in_both	Xanthomonas vasicola pv. musacearum (Yirgou & Bradbury 1968) Dye 1978	Xanthomonas	current_xanthomonas	P3	assembly_available_qc_required	automatic_candidate_after_genome_qc	download selected assembly; complete QC, contamination screening, ANI and deduplication	1	1	1	1	1	0	confirmed_sequence_available	assembly_available_qc_required	no	partial_context_metadata	Musa	Rwanda	Musa sp.	Rwanda	2005	SAMN20034693	GCF_019209735.1	SRR29823135	GCF_019209735.1	SRR29823135	
NCPPB 4391	present_in_both	Xanthomonas vasicola pv. musacearum (Yirgou & Bradbury 1968) Dye 1978	Xanthomonas	current_xanthomonas	P2	wgs_reads_require_assembly_and_qc	candidate_after_read_qc_and_assembly	download reads; trim, assemble, then complete genome QC and ANI	1	0	1	0	1	0	confirmed_sequence_available	raw_wgs_reads_require_assembly_and_qc	no	partial_context_metadata	Musa	Rwanda	Musa sp.	Rwanda	2005	SAMN41763921		SRR29334731		SRR29334731	
NCPPB 4392	present_in_both	Xanthomonas vasicola pv. musacearum (Yirgou & Bradbury 1968) Dye 1978	Xanthomonas	current_xanthomonas	P3	assembly_available_qc_required	automatic_candidate_after_genome_qc	download selected assembly; complete QC, contamination screening, ANI and deduplication	2	1	1	1	1	0	confirmed_sequence_available	assembly_available_qc_required	no	partial_context_metadata	Musa	Tanzania	banana			SAMN02471739; SAMN00991254	GCF_000277955.1	SRR494498	GCF_000277955.1	SRR494498	
NCPPB 4393	present_in_both	Xanthomonas vasicola pv. musacearum (Yirgou & Bradbury 1968) Dye 1978	Xanthomonas	current_xanthomonas	P1	manual_review_required_non_audit	not_automatically_usable	review the remaining identity/taxonomy reason in manual_review_candidates.tsv; approve or reject before sequence use	3	1	2	0	1	7	confirmed_sequence_available	raw_wgs_reads_require_assembly_and_qc	yes	complete_host_geography_date_source	Musa	Tanzania	Musa; insect	Tanzania	2007	SAMN42486834; SAMN02471171; SAMN00752561	GCF_000225975.1	SRR29823053; SRR364088		SRR29823053	
NCPPB 4394	present_in_both	Xanthomonas vasicola pv. musacearum (Yirgou & Bradbury 1968) Dye 1978	Xanthomonas	current_xanthomonas	P3	assembly_available_qc_required	automatic_candidate_after_genome_qc	download selected assembly; complete QC, contamination screening, ANI and deduplication	1	1	1	1	1	0	confirmed_sequence_available	assembly_available_qc_required	no	missing_context_metadata	Musa	Tanzania				SAMN00991245	GCF_000277975.1	SRR494489	GCF_000277975.1	SRR494489	
NCPPB 4395	present_in_both	Xanthomonas vasicola pv. musacearum (Yirgou & Bradbury 1968) Dye 1978	Xanthomonas	current_xanthomonas	P3	assembly_available_qc_required	automatic_candidate_after_genome_qc	download selected assembly; complete QC, contamination screening, ANI and deduplication	2	1	3	1	3	0	confirmed_sequence_available	assembly_available_qc_required	no	partial_context_metadata	Musa	Tanzania	Musa sp.	Tanzania:Kagera	2007	SAMN49535421; SAMN00991246	GCF_055597605.1	SRR34103840; SRR34105448; SRR494490	GCF_055597605.1	SRR34103840; SRR34105448; SRR494490	
NCPPB 4397	present_in_both	Xanthomonas euvesicatoria pv. allii (Kadota et al. 2000) Constantin et al. 2016 comb. nov.	Xanthomonas	current_xanthomonas	P3	no_confirmed_public_sequence	no_genome_input	retain count=0; optional separate marker-gene/literature search	0	0	0	0	0	0	no_confirmed_ncbi_match	no_confirmed_public_sequence	no	missing_context_metadata	Allium cepa	Brazil									
NCPPB 4398	present_in_both	Xanthomonas euvesicatoria pv. allii (Kadota et al. 2000) Constantin et al. 2016 comb. nov.	Xanthomonas	current_xanthomonas	P3	no_confirmed_public_sequence	no_genome_input	retain count=0; optional separate marker-gene/literature search	0	0	0	0	0	0	no_confirmed_ncbi_match	no_confirmed_public_sequence	no	missing_context_metadata	Allium cepa	Brazil									
NCPPB 4399	present_in_both	Xanthomonas campestris pv. tardicrescens (McCulloch 1937) Dye 1978	Xanthomonas	current_xanthomonas	P3	no_confirmed_public_sequence	no_genome_input	retain count=0; optional separate marker-gene/literature search	0	0	0	0	0	0	no_confirmed_ncbi_match	no_confirmed_public_sequence	no	missing_context_metadata	Iris germanica	New Zealand									
NCPPB 4402	present_in_both	Xanthomonas axonopodis	Xanthomonas	current_xanthomonas	P3	no_confirmed_public_sequence	no_genome_input	retain count=0; optional separate marker-gene/literature search	0	0	0	0	0	0	no_confirmed_ncbi_match	no_confirmed_public_sequence	no	missing_context_metadata	Manihot esculenta	Niger									
NCPPB 4403	present_in_both	Xanthomonas citri pv. malvacearum (Smith 1901) Constantin et al. 2016 comb. nov.	Xanthomonas	current_xanthomonas	P3	assembly_available_qc_required	automatic_candidate_after_genome_qc	download selected assembly; complete QC, contamination screening, ANI and deduplication	3	1	0	1	0	0	confirmed_sequence_available	assembly_available_qc_required	no	partial_context_metadata	Gossypium sp. (cotton)	USA		missing; not applicable	2021; 2020	SAMN43282785; SAMN43281686; SAMD00253057	GCF_042431565.1		GCF_042431565.1		
NCPPB 4404	present_in_both	Xanthomonas campestris pv. thespesiae Patil & Kulkarni 1981	Xanthomonas	current_xanthomonas	P3	no_confirmed_public_sequence	no_genome_input	retain count=0; optional separate marker-gene/literature search	0	0	0	0	0	0	no_confirmed_ncbi_match	no_confirmed_public_sequence	no	missing_context_metadata	Thespesia populnea, leaf spot	India									
NCPPB 4405	present_in_both	Xanthomonas bromi Vauterin et al. 1995	Xanthomonas	current_xanthomonas	P3	no_confirmed_public_sequence	no_genome_input	retain count=0; optional separate marker-gene/literature search	0	0	0	0	0	0	no_confirmed_ncbi_match	no_confirmed_public_sequence	no	missing_context_metadata	Bromus willdenowii	New Zealand									
NCPPB 4407	present_in_both	Xanthomonas sacchari Vauterin et al. 1995	Xanthomonas	current_xanthomonas	P3	assembly_available_qc_required	automatic_candidate_after_genome_qc	download selected assembly; complete QC, contamination screening, ANI and deduplication	1	1	0	1	0	0	confirmed_sequence_available	assembly_available_qc_required	no	partial_context_metadata	Saccharum officinarus	Guadaloupe	Saccharum officinarum	Guadeloupe	1980	SAMN03265443	GCF_000831625.1		GCF_000831625.1		
NCPPB 4409	present_in_both	Xanthomonas arboricola pv. fragariae Janse et al 2001	Xanthomonas	current_xanthomonas	P3	assembly_available_qc_required	automatic_candidate_after_genome_qc	download selected assembly; complete QC, contamination screening, ANI and deduplication	1	1	0	1	0	0	confirmed_sequence_available	assembly_available_qc_required	no	missing_context_metadata	Fragariae ananassa	Italy (Cesena)				SAMEA104393682	GCF_900240435.1		GCF_900240435.1		
NCPPB 4410	present_in_both	Xanthomonas hortorum pv. carotae (Kendrick 1934) Vauterin et al. 1995	Xanthomonas	current_xanthomonas	P1	manual_review_required_non_audit	not_automatically_usable	review the remaining identity/taxonomy reason in manual_review_candidates.tsv; approve or reject before sequence use	0	0	0	0	0	0	provisional_match_requires_review	identity_review_required_before_use	yes	missing_context_metadata	Daucus carota										
NCPPB 4411	present_in_both	Xanthomonas hortorum pv. carotae (Kendrick 1934) Vauterin et al. 1995	Xanthomonas	current_xanthomonas	P3	no_confirmed_public_sequence	no_genome_input	retain count=0; optional separate marker-gene/literature search	0	0	0	0	0	0	no_confirmed_ncbi_match	no_confirmed_public_sequence	no	missing_context_metadata	Daucus carota										
NCPPB 4412	present_in_both	Xanthomonas euvesicatoria pv. alfalfae (ex Riker et al. 1935) Constantin et al. 2016 comb. nov.	Xanthomonas	current_xanthomonas	P3	assembly_available_qc_required	automatic_candidate_after_genome_qc	download selected assembly; complete QC, contamination screening, ANI and deduplication	2	1	2	1	2	0	confirmed_sequence_available	assembly_available_qc_required	no	complete_host_geography_date_source	Medicago sativa	India	Medicago sativa	India; Belgium: Merelbeke	1954; 2014	SAMN05003921; SAMN02903171	GCF_001401625.1	SRR1510075; SRR3530426	GCF_001401625.1	SRR3530426; SRR1510075	
NCPPB 4413	present_in_both	Xanthomonas campestris (Pammel 1895) Dowson 1939	Xanthomonas	current_xanthomonas	P3	no_confirmed_public_sequence	no_genome_input	retain count=0; optional separate marker-gene/literature search	0	0	0	0	0	0	no_confirmed_ncbi_match	no_confirmed_public_sequence	no	missing_context_metadata	Wallflower	UK									
NCPPB 4414	present_in_both	Xanthomonas campestris (Pammel 1895) Dowson 1939	Xanthomonas	current_xanthomonas	P3	no_confirmed_public_sequence	no_genome_input	retain count=0; optional separate marker-gene/literature search	0	0	0	0	0	0	no_confirmed_ncbi_match	no_confirmed_public_sequence	no	missing_context_metadata	Wallflower										
NCPPB 4415	present_in_both	Xanthomonas campestris (Pammel 1895) Dowson 1939	Xanthomonas	current_xanthomonas	P3	no_confirmed_public_sequence	no_genome_input	retain count=0; optional separate marker-gene/literature search	0	0	0	0	0	0	no_confirmed_ncbi_match	no_confirmed_public_sequence	no	missing_context_metadata	Wallflower										
NCPPB 4416	missing_from_v2_snapshot	Xanthomonas campestris (Pammel 1895) Dowson 1939		historical_missing_from_current_snapshot	P2	historical_row_missing_from_current_snapshot	no_current_ncbi_data_claim	retain as historical baseline row with counts=0; do not treat as current catalogue strain	0	0	0	0	0	0	no_confirmed_ncbi_match	not_in_current_snapshot	no												
NCPPB 4418	present_in_both	Xanthomonas campestris (Pammel 1895) Dowson 1939	Xanthomonas	current_xanthomonas	P3	no_confirmed_public_sequence	no_genome_input	retain count=0; optional separate marker-gene/literature search	0	0	0	0	0	0	no_confirmed_ncbi_match	no_confirmed_public_sequence	no	missing_context_metadata											
NCPPB 4433	present_in_both	Xanthomonas vasicola pv. musacearum (Yirgou & Bradbury 1968) Dye 1978	Xanthomonas	current_xanthomonas	P2	wgs_reads_require_assembly_and_qc	candidate_after_read_qc_and_assembly	download reads; trim, assemble, then complete genome QC and ANI	1	0	1	0	1	0	confirmed_sequence_available	raw_wgs_reads_require_assembly_and_qc	no	missing_context_metadata	Musa - Banana	Burundi				SAMN00991252		SRR494496		SRR494496	
NCPPB 4434	present_in_both	Xanthomonas vasicola pv. musacearum (Yirgou & Bradbury 1968) Dye 1978	Xanthomonas	current_xanthomonas	P2	wgs_reads_require_assembly_and_qc	candidate_after_read_qc_and_assembly	download reads; trim, assemble, then complete genome QC and ANI	1	0	1	0	1	0	confirmed_sequence_available	raw_wgs_reads_require_assembly_and_qc	no	missing_context_metadata	Musa - Banana	Kenya				SAMN00991253		SRR494497		SRR494497	
NCPPB 4435	present_in_both	Xanthomonas hortorum Vauterin et al. 1995	Xanthomonas	current_xanthomonas	P3	no_confirmed_public_sequence	no_genome_input	retain count=0; optional separate marker-gene/literature search	0	0	0	0	0	0	no_confirmed_ncbi_match	no_confirmed_public_sequence	no	missing_context_metadata	Artemesia annua	Uganda									
NCPPB 4446	present_in_both	Xanthomonas dyei Young et al. 2010	Xanthomonas	current_xanthomonas	P3	assembly_available_qc_required	automatic_candidate_after_genome_qc	download selected assembly; complete QC, contamination screening, ANI and deduplication	6	4	2	4	2	0	confirmed_sequence_available	assembly_available_qc_required	no	complete_host_geography_date_source	Metrosideros excelsa	New Zealand	Metrosideros excelsa	New Zealand; New Zealand:Bay of Plenty Omahanui; missing; not applicable	2017; 1993; 2020; 2019	SAMN56511376; SAMN05560230; SAMN43282364; SAMN43282128; SAMN43281663; SAMD00253031	GCF_002939865.1; GCF_042432045.1; GCF_042648245.1; GCF_042685705.1	SRR37629082; SRR37789899	GCF_002939865.1; GCF_042685705.1; GCF_042648245.1; GCF_042432045.1	SRR37629082; SRR37789899	
NCPPB 4448	present_in_both	Xanthomonas translucens pv. pistaciae Giblot-Ducray et al 2009	Xanthomonas	current_xanthomonas	P3	no_confirmed_public_sequence	no_genome_input	retain count=0; optional separate marker-gene/literature search	0	0	0	0	0	0	no_confirmed_ncbi_match	no_confirmed_public_sequence	no	missing_context_metadata	Pistachio	Australia									
NCPPB 4449	present_in_both	Xanthomonas cerealis pv. pistaciae Tambong et al. 2024	Xanthomonas	current_xanthomonas	P1	explicit_pathovar_conflict	conditional_release_for_genus_tree_qc_ani_only	check original culture/publication and host; calculate ANI/GTDB; require independent evidence before using any pathovar label	1	1	0	0	0	5	linked_sequence_blocked_pending_taxonomy_review	taxonomy_review_required_before_use	yes	partial_context_metadata	Pistachio	Australia	Pistacia vera	Australia:Victoria	2000	SAMN21172023	GCF_021906995.1				01_taxonomy_pathovar_audit_49.tsv
NCPPB 4450	present_in_both	Xanthomonas campestris (Pammel 1895) Dowson 1939	Xanthomonas	current_xanthomonas	P3	no_confirmed_public_sequence	no_genome_input	retain count=0; optional separate marker-gene/literature search	0	0	0	0	0	0	no_confirmed_ncbi_match	no_confirmed_public_sequence	no	missing_context_metadata	Cheiranthus (wallflower)	UK									
NCPPB 4451	present_in_both	Xanthomonas campestris pv. raphani (White 1930) Dye 1978	Xanthomonas	current_xanthomonas	P3	no_confirmed_public_sequence	no_genome_input	retain count=0; optional separate marker-gene/literature search	0	0	0	0	0	0	no_confirmed_ncbi_match	no_confirmed_public_sequence	no	missing_context_metadata	Cheiranthus	UK									
NCPPB 4466	present_in_both	Xanthomonas sp. Dowson 1939	Xanthomonas	current_xanthomonas	P3	assembly_available_qc_required	automatic_candidate_after_genome_qc	download selected assembly; complete QC, contamination screening, ANI and deduplication	2	2	4	2	4	0	confirmed_sequence_available	assembly_available_qc_required	no	partial_context_metadata	Lobelia erinus	UK	Lobelia erinus	Not collected; United Kingdom	1967	SAMN42161493; SAMN40354561	GCF_040203125.2; GCF_056725105.1	SRR28281429; SRR29644153; SRR30040128; SRR30293598	GCF_056725105.1; GCF_040203125.2	SRR29644153; SRR30040128; SRR28281429; SRR30293598	
NCPPB 4468	present_in_both	Xanthomonas sp. Dowson 1939	Xanthomonas	current_xanthomonas	P3	assembly_available_qc_required	automatic_candidate_after_genome_qc	download selected assembly; complete QC, contamination screening, ANI and deduplication	1	1	2	1	2	0	confirmed_sequence_available	assembly_available_qc_required	no	partial_context_metadata	Lobelia erinus	UK	Lobelia erinus	Not collected		SAMN42161495	GCF_041475675.1	SRR29644181; SRR30040126	GCF_041475675.1	SRR29644181; SRR30040126	
NCPPB 4584	present_in_both	Xanthomonas graminis pv. arrhenatheri Tambong et al. 2024	Xanthomonas	current_xanthomonas	P3	no_confirmed_public_sequence	no_genome_input	retain count=0; optional separate marker-gene/literature search	0	0	0	0	0	0	no_confirmed_ncbi_match	no_confirmed_public_sequence	no	missing_context_metadata	Arrenatherum elatius	SWITZERLAND									
NCPPB 4590	present_in_both	Xanthomonas citri pv. citri (Hasse 1915) Constantin 2016 comb. nov.	Xanthomonas	current_xanthomonas	P3	assembly_available_qc_required	automatic_candidate_after_genome_qc	download selected assembly; complete QC, contamination screening, ANI and deduplication	5	4	6	4	6	0	confirmed_sequence_available	assembly_available_qc_required	no	complete_host_geography_date_source	Citrus aurantifolia	USA	Citrus x aurantiifolia; Citrus	USA; USA: Florida; Belgium: Merelbeke	2015; 1989; 2014	SAMN40354539; SAMN47254572; SAMEA114332011; SAMN05003919; SAMN02903175	GCF_001401655.1; GCF_040202855.1; GCF_056846615.1; GCF_963669775.1	ERR12095350; SRR1509921; SRR28281414; SRR30293561; SRR32606474; SRR3530231	GCF_040202855.1; GCF_056846615.1; GCF_963669775.1; GCF_001401655.1	SRR28281414; SRR30293561; SRR32606474; ERR12095350; SRR3530231; SRR1509921	
NCPPB 4594	present_in_both	Xanthomonas sp. Dowson 1939	Xanthomonas	current_xanthomonas	P2	species_or_pathovar_unresolved	conditional_release_for_genus_tree_qc_ani_only	prioritize ANI/GTDB, original publication and host review; label tree tip species_assignment_under_review	1	0	2	0	0	4	linked_sequence_blocked_pending_taxonomy_review	taxonomy_review_required_before_use	yes	partial_context_metadata	Phaseolus vulgaris	Rwanda	Phaseolus vulgaris	Rwanda	2013	SAMN56511377		SRR37629081; SRR37789898			01_taxonomy_pathovar_audit_49.tsv
NCPPB 4600	present_in_both	Xanthomonas nasturtii Vicente et al. 2017	Xanthomonas	current_xanthomonas	P3	assembly_available_qc_required	automatic_candidate_after_genome_qc	download selected assembly; complete QC, contamination screening, ANI and deduplication	2	2	3	2	3	0	confirmed_sequence_available	assembly_available_qc_required	no	complete_host_geography_date_source	Nasturtium officinale	Florida, USA	Nasturtium officinale	USA; USA:Florida	2014	SAMN27412262; SAMN04922375	GCF_001660815.1; GCF_023337295.3	SRR25378124; SRR27397231; SRR6131963	GCF_023337295.3; GCF_001660815.1	SRR25378124; SRR27397231; SRR6131963	
NCPPB 4601	present_in_both	Xanthomonas floridensis Vicente et al. 2017	Xanthomonas	current_xanthomonas	P3	assembly_available_qc_required	automatic_candidate_after_genome_qc	download selected assembly; complete QC, contamination screening, ANI and deduplication	2	2	2	2	2	0	confirmed_sequence_available	assembly_available_qc_required	no	complete_host_geography_date_source	Nasturtium officinale	Florida, USA	Nasturtium officinale	USA; USA:Florida	2014	SAMN36318506; SAMN04922374	GCF_001642575.1; GCF_034929335.1	SRR25160157; SRR6130696	GCF_034929335.1; GCF_001642575.1	SRR25160157; SRR6130696	
NCPPB 4613	present_in_both	Xanthomonas vasicola pv. vasculorum (Cobb 1894) Lang et al. 2017	Xanthomonas	current_xanthomonas	P3	assembly_available_qc_required	automatic_candidate_after_genome_qc	download selected assembly; complete QC, contamination screening, ANI and deduplication	1	1	1	1	1	0	confirmed_sequence_available	assembly_available_qc_required	no	partial_context_metadata	Zea mays	USA	Zea mays	USA	2015	SAMN36357967	GCF_030551435.2	SRR25194058	GCF_030551435.2	SRR25194058	
NCPPB 4614	present_in_both	Xanthomonas vasicola pv. vasculorum (Cobb 1894) Lang et al. 2017	Xanthomonas	current_xanthomonas	P1	manual_review_required_non_audit	not_automatically_usable	review the remaining identity/taxonomy reason in manual_review_candidates.tsv; approve or reject before sequence use	1	1	1	1	1	0	confirmed_sequence_available	assembly_available_qc_required	yes	partial_context_metadata	Zea mays	South Africa	Zea mays	South Africa	1988	SAMN36357968	GCF_030551355.2	SRR25194047	GCF_030551355.2	SRR25194047	
NCPPB 4615	present_in_both	Xanthomonas campestris pv. campestris (Pammel 1895) Dowson 1939	Xanthomonas	current_xanthomonas	P1	manual_review_required_non_audit	not_automatically_usable	review the remaining identity/taxonomy reason in manual_review_candidates.tsv; approve or reject before sequence use	0	0	0	0	0	0	provisional_match_requires_review	identity_review_required_before_use	yes	missing_context_metadata	Unknown	Germany									
NCPPB 4618	present_in_both	Xanthomonas phaseoli (ex Smith) Gabriel et al. 1989 VP	Xanthomonas	current_xanthomonas	P3	assembly_available_qc_required	automatic_candidate_after_genome_qc	download selected assembly; complete QC, contamination screening, ANI and deduplication	1	1	0	1	0	0	confirmed_sequence_available	assembly_available_qc_required	no	partial_context_metadata	Phaeolus vulgaris	USA	Common bean	USA	1989	SAMN26806290	GCA_022749655.1		GCA_022749655.1		
NCPPB 4622	present_in_both	Xanthomonas nasturtii	Xanthomonas	current_xanthomonas	P3	no_confirmed_public_sequence	no_genome_input	retain count=0; optional separate marker-gene/literature search	0	0	0	0	0	0	no_confirmed_ncbi_match	no_confirmed_public_sequence	no	missing_context_metadata	Nasturtium officinale	Spain									
NCPPB 4623	present_in_both	Xanthomonas arboricola pv. pruni (Smith) Vauterin et al.	Xanthomonas	current_xanthomonas	P3	no_confirmed_public_sequence	no_genome_input	retain count=0; optional separate marker-gene/literature search	0	0	0	0	0	0	no_confirmed_ncbi_match	no_confirmed_public_sequence	no	missing_context_metadata	Prunus laurocerasus	UK									
NCPPB 4625	present_in_both	Xanthomonas campestris pv. armoraciae	Xanthomonas	current_xanthomonas	P3	no_confirmed_public_sequence	no_genome_input	retain count=0; optional separate marker-gene/literature search	0	0	0	0	0	0	no_confirmed_ncbi_match	no_confirmed_public_sequence	no	missing_context_metadata	Iberis sp.	UK									
NCPPB 4629	present_in_both	Xanthomonas dyei Young et al. 2010	Xanthomonas	current_xanthomonas	P2	wgs_reads_require_assembly_and_qc	candidate_after_read_qc_and_assembly	download reads; trim, assemble, then complete genome QC and ANI	1	0	2	0	2	0	confirmed_sequence_available	raw_wgs_reads_require_assembly_and_qc	no	partial_context_metadata	Eriostemon myoporoides	New Zealand	Philotheca myoporoides	New Zealand	1967	SAMN56511378		SRR37629080; SRR37789897		SRR37629080; SRR37789897	
NCPPB 4630	present_in_both	Xanthomonas dyei Young et al. 2010	Xanthomonas	current_xanthomonas	P2	wgs_reads_require_assembly_and_qc	candidate_after_read_qc_and_assembly	download reads; trim, assemble, then complete genome QC and ANI	1	0	2	0	2	0	confirmed_sequence_available	raw_wgs_reads_require_assembly_and_qc	no	partial_context_metadata	Aralia sp.	New Zealand	Aralia sp.	New Zealand		SAMN56511379		SRR37629079; SRR37789896		SRR37629079; SRR37789896	
NCPPB 4631	present_in_both	Xanthomonas campestris	Xanthomonas	current_xanthomonas	P3	assembly_available_qc_required	automatic_candidate_after_genome_qc	download selected assembly; complete QC, contamination screening, ANI and deduplication	1	1	2	1	2	0	confirmed_sequence_available	assembly_available_qc_required	no	partial_context_metadata	Erysimum cheiri	UK	Cheiranthus	Not collected		SAMN40354518	GCF_040194495.1	SRR28281129; SRR30295612	GCF_040194495.1	SRR28281129; SRR30295612	
NCPPB 4632	present_in_both	Xanthomonas dyei pv. eucalypti Young et al. 2010	Xanthomonas	current_xanthomonas	P2	wgs_reads_require_assembly_and_qc	candidate_after_read_qc_and_assembly	download reads; trim, assemble, then complete genome QC and ANI	1	0	2	0	2	0	confirmed_sequence_available	raw_wgs_reads_require_assembly_and_qc	no	partial_context_metadata	Eucalyptus sp. (Gum Tree)	New Zealand	Eucalyptus sp.	New Zealand	1978	SAMN56511380		SRR37629078; SRR37789895		SRR37629078; SRR37789895	
NCPPB 4633	present_in_both	Xanthomonas dyei Young et al. 2010	Xanthomonas	current_xanthomonas	P2	wgs_reads_require_assembly_and_qc	candidate_after_read_qc_and_assembly	download reads; trim, assemble, then complete genome QC and ANI	1	0	2	0	2	0	confirmed_sequence_available	raw_wgs_reads_require_assembly_and_qc	no	partial_context_metadata	Diospyros kaki	New Zealand	Diospyros kaki	New Zealand	1979	SAMN56511381		SRR37629077; SRR37789894		SRR37629077; SRR37789894	
NCPPB 4634	present_in_both	Xanthomonas dyei Young et al. 2010	Xanthomonas	current_xanthomonas	P2	wgs_reads_require_assembly_and_qc	candidate_after_read_qc_and_assembly	download reads; trim, assemble, then complete genome QC and ANI	1	0	2	0	2	0	confirmed_sequence_available	raw_wgs_reads_require_assembly_and_qc	no	partial_context_metadata	Olea europaea cv. Barnea	New Zealand	Olea europaea cv. Barnea	New Zealand	1997	SAMN56511382		SRR37629076; SRR37789893		SRR37629076; SRR37789893	
NCPPB 4635	present_in_both	Xanthomonas campestris pv. tardicrescens	Xanthomonas	current_xanthomonas	P3	no_confirmed_public_sequence	no_genome_input	retain count=0; optional separate marker-gene/literature search	0	0	0	0	0	0	no_confirmed_ncbi_match	no_confirmed_public_sequence	no	missing_context_metadata	Iris tectorum	Japan									
NCPPB 4660	present_in_both	Xanthomonas campestris pv. campestris (Pammel 1895) Dowson 1939	Xanthomonas	current_xanthomonas	P3	assembly_available_qc_required	automatic_candidate_after_genome_qc	download selected assembly; complete QC, contamination screening, ANI and deduplication	1	1	1	1	1	0	confirmed_sequence_available	assembly_available_qc_required	no	partial_context_metadata	Brassica oleracea	UK	Brassica oleracea	United Kingdom	2014	SAMN36001536	GCF_034553975.1	SRR25039487	GCF_034553975.1	SRR25039487	
NCPPB 4661	present_in_both	Xanthomonas campestris pv. campestris (Pammel 1895) Dowson 1939	Xanthomonas	current_xanthomonas	P3	assembly_available_qc_required	automatic_candidate_after_genome_qc	download selected assembly; complete QC, contamination screening, ANI and deduplication	2	2	1	2	1	0	confirmed_sequence_available	assembly_available_qc_required	no	partial_context_metadata	Crucifer	USA	Brassica oleracea	USA		SAMN36368309; SAMN10440464	GCA_035023425.1; GCF_047458975.1	SRR25205302	GCA_035023425.1; GCF_047458975.1	SRR25205302	
NCPPB 4662	present_in_both	Xanthomonas campestris pv. campestris (Pammel 1895) Dowson 1939	Xanthomonas	current_xanthomonas	P3	assembly_available_qc_required	automatic_candidate_after_genome_qc	download selected assembly; complete QC, contamination screening, ANI and deduplication	1	1	1	1	1	0	confirmed_sequence_available	assembly_available_qc_required	no	partial_context_metadata	Brassica napus (cv Magres) (Swede)	UK	Brassica napus	United Kingdom	2015	SAMN36001539	GCF_034554015.1	SRR25039484	GCF_034554015.1	SRR25039484	
NCPPB 4663	present_in_both	Xanthomonas campestris pv. campestris (Pammel 1895) Dowson 1939	Xanthomonas	current_xanthomonas	P3	assembly_available_qc_required	automatic_candidate_after_genome_qc	download selected assembly; complete QC, contamination screening, ANI and deduplication	1	1	1	1	1	0	confirmed_sequence_available	assembly_available_qc_required	no	partial_context_metadata	Erysimum (Bowles mauve) Wallflower	UK	Erysimum sp.	United Kingdom	2016	SAMN36293677	GCF_035011845.1	SRR25133474	GCF_035011845.1	SRR25133474	
NCPPB 4664	present_in_both	Xanthomonas campestris pv. campestris (Pammel 1895) Dowson 1939	Xanthomonas	current_xanthomonas	P3	assembly_available_qc_required	automatic_candidate_after_genome_qc	download selected assembly; complete QC, contamination screening, ANI and deduplication	1	1	1	1	1	0	confirmed_sequence_available	assembly_available_qc_required	no	partial_context_metadata	Brassica napus (cv Magres) (Swede)	UK	Brassica napus	United Kingdom	2016	SAMN36001541	GCF_034554075.1	SRR25039482	GCF_034554075.1	SRR25039482	
NCPPB 4665	present_in_both	Xanthomonas campestris pv. campestris (Pammel 1895) Dowson 1939	Xanthomonas	current_xanthomonas	P3	assembly_available_qc_required	automatic_candidate_after_genome_qc	download selected assembly; complete QC, contamination screening, ANI and deduplication	1	1	1	1	1	0	confirmed_sequence_available	assembly_available_qc_required	no	partial_context_metadata	Brassica oleracea, Savoy cabbage	UK	Brassica oleracea	United Kingdom	2016	SAMN36001542	GCF_034554095.1	SRR25039481	GCF_034554095.1	SRR25039481	
NCPPB 4666	present_in_both	Xanthomonas nasturtii Vicente et al., 2017	Xanthomonas	current_xanthomonas	P3	assembly_available_qc_required	automatic_candidate_after_genome_qc	download selected assembly; complete QC, contamination screening, ANI and deduplication	2	2	1	2	1	0	confirmed_sequence_available	assembly_available_qc_required	no	complete_host_geography_date_source	Nasturtium officinale	USA (Hawaii)	Nasturtium officinale; Watercress	USA; USA:Hawaii		SAMN27412261; SAMN09828208	GCF_003409975.1; GCF_023337315.1	SRR25378123	GCF_023337315.1; GCF_003409975.1	SRR25378123	
NCPPB 4668	present_in_both	Xanthomonas campestris pv. campestris (Pammel 1895) Dowson 1939	Xanthomonas	current_xanthomonas	P3	assembly_available_qc_required	automatic_candidate_after_genome_qc	download selected assembly; complete QC, contamination screening, ANI and deduplication	2	2	2	2	2	0	confirmed_sequence_available	assembly_available_qc_required	no	partial_context_metadata	Brassica oleracea	Portugal	Brassica rapa	Portugal; Portugal: Sardoal	1996	SAMN36346923; SAMN10440477	GCA_035023305.1; GCF_047458755.1	SRR25183344; SRR25183374	GCA_035023305.1; GCF_047458755.1	SRR25183374; SRR25183344	
NCPPB 4669	present_in_both	Xanthomonas campestris pv. campestris (Pammel 1895) Dowson 1939	Xanthomonas	current_xanthomonas	P3	assembly_available_qc_required	automatic_candidate_after_genome_qc	download selected assembly; complete QC, contamination screening, ANI and deduplication	2	2	1	2	1	0	confirmed_sequence_available	assembly_available_qc_required	no	partial_context_metadata	Brassica oleracea	Nepal	Brassica oleracea; Brassica oleracea var. capitata	Nepal; Nepal: Dhankuta	2001	SAMN36368340; SAMN10440482	GCA_035025925.1; GCA_056578565.1	SRR25205287	GCA_035025925.1; GCA_056578565.1	SRR25205287	
NCPPB 4670	present_in_both	Xanthomonas campestris pv. campestris (Pammel 1895) Dowson 1939	Xanthomonas	current_xanthomonas	P3	assembly_available_qc_required	automatic_candidate_after_genome_qc	download selected assembly; complete QC, contamination screening, ANI and deduplication	2	1	1	1	1	0	confirmed_sequence_available	assembly_available_qc_required	no	partial_context_metadata		USA	Brassica oleracea; Brassica oleracea var. botrytis	USA		SAMN36368317; SAMN10440467	GCF_047458875.1	SRR25205312	GCF_047458875.1	SRR25205312	
NCPPB 4671	present_in_both	Xanthomonas campestris pv. campestris (Pammel 1895) Dowson 1939	Xanthomonas	current_xanthomonas	P3	assembly_available_qc_required	automatic_candidate_after_genome_qc	download selected assembly; complete QC, contamination screening, ANI and deduplication	2	1	1	1	1	0	confirmed_sequence_available	assembly_available_qc_required	no	partial_context_metadata	Brassica oleracea	UK (Cornwall)	Brassica oleracea; Brassica oleracea var. capitata	United Kingdom; United Kingdom: Cornwall	1984	SAMN36368308; SAMN10440469	GCF_047458835.1	SRR25205313	GCF_047458835.1	SRR25205313	
NCPPB 4675	present_in_both	Xanthomonas euroxanthea Martins et al. 2020	Xanthomonas	current_xanthomonas	P3	assembly_available_qc_required	automatic_candidate_after_genome_qc	download selected assembly; complete QC, contamination screening, ANI and deduplication	2	2	2	2	2	0	confirmed_sequence_available	assembly_available_qc_required	no	partial_context_metadata	Juglans regia	Portugal	Juglans regia		2016	SAMEA4722874; SAMEA7742038	GCF_900476395.1; GCF_905187425.1	ERR2767969; ERR5106569	GCF_900476395.1; GCF_905187425.1	ERR2767969; ERR5106569	
NCPPB 4676	present_in_both	Xanthomonas arboricola pv. juglandis	Xanthomonas	current_xanthomonas	P3	assembly_available_qc_required	automatic_candidate_after_genome_qc	download selected assembly; complete QC, contamination screening, ANI and deduplication	1	1	1	1	1	0	confirmed_sequence_available	assembly_available_qc_required	no	partial_context_metadata	Juglans regia	Portugal	Juglans regia		2014	SAMEA4722873	GCF_900476315.1	ERR2767972	GCF_900476315.1	ERR2767972	
NCPPB 4678	present_in_both	Xanthomonas campestris pv. campestris (Pammel 1895) Dowson 1939	Xanthomonas	current_xanthomonas	P1	manual_review_required_non_audit	not_automatically_usable	review the remaining identity/taxonomy reason in manual_review_candidates.tsv; approve or reject before sequence use	2	1	3	1	3	0	confirmed_sequence_available	assembly_available_qc_required	yes	partial_context_metadata	Brassica napus L.	Serbia	Brassica napus	Serbia	2014	SAMN56511383; SAMN43286080	GCF_041521225.1	SRR30327314; SRR37629075; SRR37789892	GCF_041521225.1	SRR37629075; SRR37789892; SRR30327314	
NCPPB 4679	present_in_both	Xanthomonas campestris pv. campestris (Pammel 1895) Dowson 1939	Xanthomonas	current_xanthomonas	P1	manual_review_required_non_audit	not_automatically_usable	review the remaining identity/taxonomy reason in manual_review_candidates.tsv; approve or reject before sequence use	1	0	2	0	2	0	confirmed_sequence_available	raw_wgs_reads_require_assembly_and_qc	yes	partial_context_metadata	Brassica napus L.	Serbia	Brassica napus	Serbia	2014	SAMN56511384		SRR37629074; SRR37789891		SRR37629074; SRR37789891	
NCPPB 4680	present_in_both	Xanthomonas campestris pv. campestris (Pammel 1895) Dowson 1939	Xanthomonas	current_xanthomonas	P3	assembly_available_qc_required	automatic_candidate_after_genome_qc	download selected assembly; complete QC, contamination screening, ANI and deduplication	2	1	3	1	3	0	confirmed_sequence_available	assembly_available_qc_required	no	partial_context_metadata	Brassica napus L.	Serbia	Brassica napus	Serbia	2014	SAMN56511385; SAMN43286081	GCF_041521275.1	SRR30327313; SRR37629073; SRR37789890	GCF_041521275.1	SRR37629073; SRR37789890; SRR30327313	
NCPPB 4681	present_in_both	Xanthomonas campestris pv. campestris (Pammel 1895) Dowson 1939	Xanthomonas	current_xanthomonas	P1	manual_review_required_non_audit	not_automatically_usable	review the remaining identity/taxonomy reason in manual_review_candidates.tsv; approve or reject before sequence use	1	0	2	0	2	0	confirmed_sequence_available	raw_wgs_reads_require_assembly_and_qc	yes	partial_context_metadata	Brassica napus L.	Serbia	Brassica napus	Serbia	2014	SAMN56511386		SRR37629071; SRR37789888		SRR37629071; SRR37789888	
NCPPB 4682	present_in_both	Xanthomonas campestris pv. campestris (Pammel 1895) Dowson 1939	Xanthomonas	current_xanthomonas	P3	assembly_available_qc_required	automatic_candidate_after_genome_qc	download selected assembly; complete QC, contamination screening, ANI and deduplication	2	1	3	1	3	0	confirmed_sequence_available	assembly_available_qc_required	no	partial_context_metadata	Brassica napus L.	Serbia	Brassica napus	Serbia	2014	SAMN56511387; SAMN43286082	GCF_041519825.1	SRR30327312; SRR37629070; SRR37789887	GCF_041519825.1	SRR37629070; SRR37789887; SRR30327312	
NCPPB 4692	present_in_both	Xanthomonas hydrangeae Dia et al. 2021	Xanthomonas	current_xanthomonas	P3	assembly_available_qc_required	automatic_candidate_after_genome_qc	download selected assembly; complete QC, contamination screening, ANI and deduplication	2	2	4	2	4	0	confirmed_sequence_available	assembly_available_qc_required	no	complete_host_geography_date_source	Hydrangea arborescens cv Bella Anna	Belgium	Hydrangea arborescens cv Bella Anna; Hydrangea arborescens	Belgium	2011	SAMN41996498; SAMEA7356589	GCA_905142475.1; GCF_041228055.1	ERR4656966; ERR4656970; SRR29500230; SRR30016869	GCF_041228055.1; GCA_905142475.1	SRR29500230; SRR30016869; ERR4656966; ERR4656970	
NCPPB 4693	present_in_both	Xanthomonas hydrangeae Dia et al. 2021	Xanthomonas	current_xanthomonas	P3	assembly_available_qc_required	automatic_candidate_after_genome_qc	download selected assembly; complete QC, contamination screening, ANI and deduplication	1	1	2	1	2	0	confirmed_sequence_available	assembly_available_qc_required	no	partial_context_metadata	Hydrangea arborescens cv Invincibelle	Belgium	Hydrangea arborescens		2012	SAMEA7356591	GCF_905142465.1	ERR4656968; ERR4656972	GCF_905142465.1	ERR4656968; ERR4656972	
NCPPB 4698	present_in_both	Xanthomonas hortorum Vauterin et al. 1995	Xanthomonas	current_xanthomonas	P3	no_confirmed_public_sequence	no_genome_input	retain count=0; optional separate marker-gene/literature search	0	0	0	0	0	0	no_confirmed_ncbi_match	no_confirmed_public_sequence	no	missing_context_metadata	Lavandula stoechas (French Lavendar Plant)	USA									
NCPPB 4699	present_in_both	Xanthomonas hortorum Vauterin et al. 1995	Xanthomonas	current_xanthomonas	P3	no_confirmed_public_sequence	no_genome_input	retain count=0; optional separate marker-gene/literature search	0	0	0	0	0	0	no_confirmed_ncbi_match	no_confirmed_public_sequence	no	missing_context_metadata	Lavandula	USA									
NCPPB 4700	present_in_both	Xanthomonas hortorum Vauterin et al. 1995	Xanthomonas	current_xanthomonas	P3	no_confirmed_public_sequence	no_genome_input	retain count=0; optional separate marker-gene/literature search	0	0	0	0	0	0	no_confirmed_ncbi_match	no_confirmed_public_sequence	no	missing_context_metadata	Lavandula angustifolia (English Lavendar Plant)	USA									
NCPPB 4701	present_in_both	Xanthomonas campestris pv. incanae (Kendrick & Baker 1942) Dye 1978	Xanthomonas	current_xanthomonas	P3	no_confirmed_public_sequence	no_genome_input	retain count=0; optional separate marker-gene/literature search	0	0	0	0	0	0	no_confirmed_ncbi_match	no_confirmed_public_sequence	no	missing_context_metadata	Matthiola incana	France									
NCPPB 4702	present_in_both	Xanthomonas campestris pv. incanae (Kendrick & Baker 1942) Dye 1978	Xanthomonas	current_xanthomonas	P3	no_confirmed_public_sequence	no_genome_input	retain count=0; optional separate marker-gene/literature search	0	0	0	0	0	0	no_confirmed_ncbi_match	no_confirmed_public_sequence	no	missing_context_metadata	Matthiola incana	France - Alpes-Maritimes - Antibes									
NCPPB 4703	present_in_both	Xanthomonas campestris pv. incanae (Kendrick & Baker 1942) Dye 1978	Xanthomonas	current_xanthomonas	P3	no_confirmed_public_sequence	no_genome_input	retain count=0; optional separate marker-gene/literature search	0	0	0	0	0	0	no_confirmed_ncbi_match	no_confirmed_public_sequence	no	missing_context_metadata	Matthiola incana	France									
NCPPB 4704	present_in_both	Xanthomonas vasicola pv. vasculorum (Cobb 1894) Lang et al. 2017	Xanthomonas	current_xanthomonas	P1	manual_review_required_non_audit	not_automatically_usable	review the remaining identity/taxonomy reason in manual_review_candidates.tsv; approve or reject before sequence use	0	0	0	0	0	0	provisional_match_requires_review	identity_review_required_before_use	yes	missing_context_metadata	Zea mays	Colorado, USA									
NCPPB 4705	present_in_both	Xanthomonas vasicola pv. vasculorum (Cobb 1894) Lang et al. 2017	Xanthomonas	current_xanthomonas	P1	manual_review_required_non_audit	not_automatically_usable	review the remaining identity/taxonomy reason in manual_review_candidates.tsv; approve or reject before sequence use	0	0	0	0	0	0	provisional_match_requires_review	identity_review_required_before_use	yes	missing_context_metadata	Zea mays	Illinois, USA									
NCPPB 4706	present_in_both	Xanthomonas vasicola pv. vasculorum (Cobb 1894) Lang et al. 2017	Xanthomonas	current_xanthomonas	P3	no_confirmed_public_sequence	no_genome_input	retain count=0; optional separate marker-gene/literature search	0	0	0	0	0	0	no_confirmed_ncbi_match	no_confirmed_public_sequence	no	missing_context_metadata	Zea mays	Colorado, USA									
NCPPB 4707	present_in_both	Xanthomonas vasicola pv. vasculorum (Cobb 1894) Lang et al. 2017	Xanthomonas	current_xanthomonas	P1	manual_review_required_non_audit	not_automatically_usable	review the remaining identity/taxonomy reason in manual_review_candidates.tsv; approve or reject before sequence use	0	0	0	0	0	0	provisional_match_requires_review	identity_review_required_before_use	yes	missing_context_metadata	Zea mays	Argentina									
NCPPB 4708	present_in_both	Xanthomonas vasicola pv. vasculorum (Cobb 1894) Lang et al. 2017	Xanthomonas	current_xanthomonas	P3	no_confirmed_public_sequence	no_genome_input	retain count=0; optional separate marker-gene/literature search	0	0	0	0	0	0	no_confirmed_ncbi_match	no_confirmed_public_sequence	no	missing_context_metadata	Zea mays	Illinois, USA									
NCPPB 4709	present_in_both	Xanthomonas vasicola pv. holcicola (Elliott 1930) Vauterin et al. 1995	Xanthomonas	current_xanthomonas	P1	manual_review_required_non_audit	not_automatically_usable	review the remaining identity/taxonomy reason in manual_review_candidates.tsv; approve or reject before sequence use	0	0	0	0	0	0	provisional_match_requires_review	identity_review_required_before_use	yes	missing_context_metadata	Unknown	Nebraska, USA									
NCPPB 4710	present_in_both	Xanthomonas vasicola pv. vasculorum (Cobb 1894) Lang et al. 2017	Xanthomonas	current_xanthomonas	P1	manual_review_required_non_audit	not_automatically_usable	review the remaining identity/taxonomy reason in manual_review_candidates.tsv; approve or reject before sequence use	0	0	0	0	0	0	provisional_match_requires_review	identity_review_required_before_use	yes	missing_context_metadata	Zea mays	Argentina									
NCPPB 4711	present_in_both	Xanthomonas vasicola pv. vasculorum (Cobb 1894) Lang et al. 2017	Xanthomonas	current_xanthomonas	P3	no_confirmed_public_sequence	no_genome_input	retain count=0; optional separate marker-gene/literature search	0	0	0	0	0	0	no_confirmed_ncbi_match	no_confirmed_public_sequence	no	missing_context_metadata	Zea mays	Nebraska, USA									
NCPPB 4712	present_in_both	Xanthomonas vasicola pv. vasculorum (Cobb 1894) Lang et al. 2017	Xanthomonas	current_xanthomonas	P1	manual_review_required_non_audit	not_automatically_usable	review the remaining identity/taxonomy reason in manual_review_candidates.tsv; approve or reject before sequence use	0	0	0	0	0	0	provisional_match_requires_review	identity_review_required_before_use	yes	missing_context_metadata	Zea mays	Argentina									
NCPPB 4713	present_in_both	Xanthomonas vasicola pv. vasculorum (Cobb 1894) Lang et al. 2017	Xanthomonas	current_xanthomonas	P3	no_confirmed_public_sequence	no_genome_input	retain count=0; optional separate marker-gene/literature search	0	0	0	0	0	0	no_confirmed_ncbi_match	no_confirmed_public_sequence	no	missing_context_metadata	Zea mays	Illinois, USA									
NCPPB 4714	present_in_both	Xanthomonas vasicola pv. vasculorum (Cobb 1894) Lang et al. 2017	Xanthomonas	current_xanthomonas	P1	manual_review_required_non_audit	not_automatically_usable	review the remaining identity/taxonomy reason in manual_review_candidates.tsv; approve or reject before sequence use	0	0	0	0	0	0	provisional_match_requires_review	identity_review_required_before_use	yes	missing_context_metadata	Zea mays	Argentina									
NCPPB 4715	present_in_both	Xanthomonas vasicola pv. vasculorum (Cobb 1894) Lang et al. 2017	Xanthomonas	current_xanthomonas	P3	no_confirmed_public_sequence	no_genome_input	retain count=0; optional separate marker-gene/literature search	0	0	0	0	0	0	no_confirmed_ncbi_match	no_confirmed_public_sequence	no	missing_context_metadata	Zea mays	Iowa, USA									
NCPPB 4716	present_in_both	Xanthomonas vasicola pv. vasculorum (Cobb 1894) Lang et al. 2017	Xanthomonas	current_xanthomonas	P1	manual_review_required_non_audit	not_automatically_usable	review the remaining identity/taxonomy reason in manual_review_candidates.tsv; approve or reject before sequence use	0	0	0	0	0	0	provisional_match_requires_review	identity_review_required_before_use	yes	missing_context_metadata	Zea mays	Nebraska, USA									
NCPPB 4717	present_in_both	Xanthomonas campestris pv. asclepiadis Flynn & Vidaver	Xanthomonas	current_xanthomonas	P3	no_confirmed_public_sequence	no_genome_input	retain count=0; optional separate marker-gene/literature search	0	0	0	0	0	0	no_confirmed_ncbi_match	no_confirmed_public_sequence	no	missing_context_metadata	Asclepias syriaca L. (Common Milkweed)	United States, Nebraska									
NCPPB 4718	present_in_both	Xanthomonas campestris pv. asclepiadis Flynn & Vidaver	Xanthomonas	current_xanthomonas	P3	no_confirmed_public_sequence	no_genome_input	retain count=0; optional separate marker-gene/literature search	0	0	0	0	0	0	no_confirmed_ncbi_match	no_confirmed_public_sequence	no	missing_context_metadata	Asclepias syriaca (Common Milkweed)	USA (Nebraska)									
NCPPB 4719	present_in_both	Xanthomonas campestris pv. asclepiadis Flynn & Vidaver	Xanthomonas	current_xanthomonas	P3	no_confirmed_public_sequence	no_genome_input	retain count=0; optional separate marker-gene/literature search	0	0	0	0	0	0	no_confirmed_ncbi_match	no_confirmed_public_sequence	no	missing_context_metadata	Asclepias syriaca (Common Milkweed)	USA (Nebraska)									
NCPPB 4720	present_in_both	Xanthomonas campestris pv. cannae Easwaramurthy et al.	Xanthomonas	current_xanthomonas	P3	no_confirmed_public_sequence	no_genome_input	retain count=0; optional separate marker-gene/literature search	0	0	0	0	0	0	no_confirmed_ncbi_match	no_confirmed_public_sequence	no	missing_context_metadata	Canna X generalis (canna lily)	India									
NCPPB 4721	present_in_both	Xanthomonas euvesicatoria pv. viegasii (Robbs et al. 1989) Harrison et al. 2023	Xanthomonas	current_xanthomonas	P3	no_confirmed_public_sequence	no_genome_input	retain count=0; optional separate marker-gene/literature search	0	0	0	0	0	0	no_confirmed_ncbi_match	no_confirmed_public_sequence	no	missing_context_metadata	Pachystachys lutea (Golden candle)	Brazil									
NCPPB 4722	present_in_both	Xanthomonas euvesicatoria pv. viegasii (Robbs et al. 1989) Harrison et al. 2023	Xanthomonas	current_xanthomonas	P3	no_confirmed_public_sequence	no_genome_input	retain count=0; optional separate marker-gene/literature search	0	0	0	0	0	0	no_confirmed_ncbi_match	no_confirmed_public_sequence	no	missing_context_metadata	Pachystachys lutea (Golden candle)	Brazil									
NCPPB 4727	present_in_both	Xanthomonas euvesicatoria pv. zingibericola (Ren and Fang 1981) Harrison et al. 2023	Xanthomonas	current_xanthomonas	P3	no_confirmed_public_sequence	no_genome_input	retain count=0; optional separate marker-gene/literature search	0	0	0	0	0	0	no_confirmed_ncbi_match	no_confirmed_public_sequence	no	missing_context_metadata	Zingiber officinale (Ginger)	China									
NCPPB 4728	present_in_both	Xanthomonas euvesicatoria pv. zingibericola (Ren and Fang 1981) Harrison et al. 2023	Xanthomonas	current_xanthomonas	P3	no_confirmed_public_sequence	no_genome_input	retain count=0; optional separate marker-gene/literature search	0	0	0	0	0	0	no_confirmed_ncbi_match	no_confirmed_public_sequence	no	missing_context_metadata	Zingiber officinale (Ginger)	China									
NCPPB 4729	present_in_both	Xanthomonas euvesicatoria pv. viegasii (Robbs et al. 1989) Harrison et al. 2023	Xanthomonas	current_xanthomonas	P3	no_confirmed_public_sequence	no_genome_input	retain count=0; optional separate marker-gene/literature search	0	0	0	0	0	0	no_confirmed_ncbi_match	no_confirmed_public_sequence	no	missing_context_metadata	Pachystachys lutea	Brazil									
NCPPB 4730	present_in_both	Xanthomonas euvesicatoria pv. zingibericola (Ren & Fang 1981) Harrison et al. 2023	Xanthomonas	current_xanthomonas	P3	no_confirmed_public_sequence	no_genome_input	retain count=0; optional separate marker-gene/literature search	0	0	0	0	0	0	no_confirmed_ncbi_match	no_confirmed_public_sequence	no	missing_context_metadata	Zingiber mioga Rosc.	China									
NCPPB 4731	present_in_both	Xanthomonas campestris pv. leersiae (ex Fang et al. 1957) Young et al. 1991	Xanthomonas	current_xanthomonas	P3	no_confirmed_public_sequence	no_genome_input	retain count=0; optional separate marker-gene/literature search	0	0	0	0	0	0	no_confirmed_ncbi_match	no_confirmed_public_sequence	no	missing_context_metadata	Leersia hexandra	China									
NCPPB 4732	present_in_both	Xanthomonas campestris pv. leersiae (ex Fang et al. 1957) Young et al. 1991	Xanthomonas	current_xanthomonas	P3	no_confirmed_public_sequence	no_genome_input	retain count=0; optional separate marker-gene/literature search	0	0	0	0	0	0	no_confirmed_ncbi_match	no_confirmed_public_sequence	no	missing_context_metadata	Leersia hexandra	China									
NCPPB 4733	present_in_both	Xanthomonas campestris pv. cannae Easwaramurthy et al. 1984	Xanthomonas	current_xanthomonas	P3	no_confirmed_public_sequence	no_genome_input	retain count=0; optional separate marker-gene/literature search	0	0	0	0	0	0	no_confirmed_ncbi_match	no_confirmed_public_sequence	no	missing_context_metadata	Canna X generalis (canna lily)	India									
NCPPB 4753	present_in_both	Xanthomonas prunicola Lopez et al	Xanthomonas	current_xanthomonas	P3	assembly_available_qc_required	automatic_candidate_after_genome_qc	download selected assembly; complete QC, contamination screening, ANI and deduplication	1	1	0	1	0	0	confirmed_sequence_available	assembly_available_qc_required	no	complete_host_geography_date_source	Prunus persica var. nectarina	Spain	Prunus persica var.nectarina	Spain: Murcia, Abaran	2015	SAMN08031359	GCF_002846205.1		GCF_002846205.1		
NCPPB 4754	present_in_both	Xanthomonas prunicola Lopez et al. 2018	Xanthomonas	current_xanthomonas	P3	assembly_available_qc_required	automatic_candidate_after_genome_qc	download selected assembly; complete QC, contamination screening, ANI and deduplication	1	1	0	1	0	0	confirmed_sequence_available	assembly_available_qc_required	no	complete_host_geography_date_source	Prunus persica var. nectarina	Spain	Prunus persica var.nectarina	Spain: Murcia, Abaran	2015	SAMN08031988	GCF_002846225.1		GCF_002846225.1		
NCPPB 4755	present_in_both	Xanthomonas prunicola Lopez et al. 2018	Xanthomonas	current_xanthomonas	P3	assembly_available_qc_required	automatic_candidate_after_genome_qc	download selected assembly; complete QC, contamination screening, ANI and deduplication	1	1	0	1	0	0	confirmed_sequence_available	assembly_available_qc_required	no	complete_host_geography_date_source	Prunus persica var. nectarina, Prunus persica	Spain	Prunus persica var.nectarina	Spain: Murcia, Abaran	2015	SAMN08032457	GCF_002846195.1		GCF_002846195.1		
NCPPB 4763	present_in_both	Xanthomonas hortorum Vauterin et al. 1995	Xanthomonas	current_xanthomonas	P3	no_confirmed_public_sequence	no_genome_input	retain count=0; optional separate marker-gene/literature search	0	0	0	0	0	0	no_confirmed_ncbi_match	no_confirmed_public_sequence	no	missing_context_metadata	Solanum lycopersicum	Netherlands									
NCPPB 4770	present_in_both	Xanthomonas campestris pv. campestris (Pammel 1895) Dowson 1939	Xanthomonas	current_xanthomonas	P3	no_confirmed_public_sequence	no_genome_input	retain count=0; optional separate marker-gene/literature search	0	0	0	0	0	0	no_confirmed_ncbi_match	no_confirmed_public_sequence	no	missing_context_metadata	Brassica oleracea	UK									
NCPPB 4771	present_in_both	Xanthomonas campestris pv. campestris (Pammel 1895) Dowson 1939	Xanthomonas	current_xanthomonas	P1	manual_review_required_non_audit	not_automatically_usable	review the remaining identity/taxonomy reason in manual_review_candidates.tsv; approve or reject before sequence use	0	0	0	0	0	0	provisional_match_requires_review	identity_review_required_before_use	yes	missing_context_metadata	Erysimum (Bowles mauve)	UK									
NCPPB 4772	present_in_both	Xanthomonas fragariae Kennedy and King 1962	Xanthomonas	current_xanthomonas	P2	wgs_reads_require_assembly_and_qc	candidate_after_read_qc_and_assembly	download reads; trim, assemble, then complete genome QC and ANI	1	0	1	0	1	0	confirmed_sequence_available	raw_wgs_reads_require_assembly_and_qc	no	partial_context_metadata	Fragaria ananassa	Bulgaria	Not collected	Not collected		SAMN39942678		SRR27965824		SRR27965824	
