ncppb_number	other_references	script_included_identifiers	llm_expected_identifiers	missing_from_script	extra_in_script	comparison_verdict	llm_notes
NCPPB 45	This isolate was isolated by W.J. Dowson					match	
NCPPB 101	This isolate is also in the collections; ICMP 204, LMG 673, DSM 18958	DSM 18958; ICMP 204; LMG 673	DSM 18958; ICMP 204; LMG 673			match	
NCPPB 109						match	
NCPPB 113						match	
NCPPB 151						match	
NCPPB 174						match	
NCPPB 181						match	
NCPPB 182	This isolate is also in the collections; ATCC 13901, ICMP 305, LMG 896 The source of this isolate was ex M.T. Cook	ATCC 13901; ICMP 305; LMG 896	ATCC 13901; ICMP 305; LMG 896			match	
NCPPB 184	This isolate is also in the collections; ATCC 13902, ICPB XV101	ATCC 13902; ICPB XV101; XV 101	ATCC 13902; XV 101		ICPB XV101	mismatch	
NCPPB 185						match	
NCPPB 186						match	
NCPPB 187						match	
NCPPB 195						match	
NCPPB 196						match	
NCPPB 200						match	
NCPPB 205						match	
NCPPB 206	This isolate is also in the collections; ICMP 326, LMG 8284, CFBP 7162	CFBP 7162; ICMP 326; LMG 8284	CFBP 7162; ICMP 326; LMG 8284			match	
NCPPB 208	This isolate was isolated by G. Orian PC5	PC 5	PC 5			match	
NCPPB 210	This isolate was isolated by M.K. Patel					match	
NCPPB 211						match	
NCPPB 212						match	
NCPPB 220	The source of this isolate was ex C. Elliott					match	
NCPPB 226						match	
NCPPB 230						match	
NCPPB 232						match	
NCPPB 240	This isolate was isolated by W.J. Dowson The source of this isolate was .					match	
NCPPB 241	The source of this isolate was ex W.J. Dowson					match	
NCPPB 243						match	
NCPPB 273	The source of this isolate was ex A.C. Brown B67	B 67	B 67			match	Includes one-letter local strain code(s).
NCPPB 279	This isolate was isolated by P.O. Wiehe					match	
NCPPB 290	The donor reference is 38/2					needs_llm_review	Script identifier is not a supported prefix+number code in the free text.
NCPPB 293	This isolate was isolated by R.A. Lelliott					match	
NCPPB 301						match	
NCPPB 302	The donor reference is XP 8 The source of this isolate was .	XP 8	XP 8			match	
NCPPB 305						match	
NCPPB 315	The donor reference is XS52/5	XS 52/5	XS 52/5			match	Script also includes unsupported identifier(s).
NCPPB 347	This isolate is also in the collections; ICMP 7, LMG 535 This isolate was isolated by G.B. Wallace	ICMP 7; LMG 535	ICMP 7; LMG 535			match	
NCPPB 348						match	
NCPPB 362						match	
NCPPB 381	The donor reference is ZK4 This isolate is also in the collections; ATCC 19315, LMG 826, ICMP 239, CFBP 6165 The source of this isolate was ex W.A.F. Hagborg	ATCC 19315; CFBP 6165; ICMP 239; LMG 826; ZK 4	ATCC 19315; CFBP 6165; ICMP 239; LMG 826; ZK 4			match	
NCPPB 400	This isolate was isolated by E. Hellmers 69	HELLMERS 69			HELLMERS 69	mismatch	Script identifier is not a supported prefix+number code in the free text.
NCPPB 403	This isolate was isolated by D.W. Dye Ql					match	
NCPPB 404	This isolate was isolated by D.W. Dye Q2	Q 2	Q 2			match	Includes one-letter local strain code(s).
NCPPB 405	This isolate was isolated by D.W. Dye R1	R 1	R 1			match	Includes one-letter local strain code(s).
NCPPB 406	The donor reference is R This isolate was isolated by D.W. Dye R2	R 2	R 2			match	Includes one-letter local strain code(s).
NCPPB 407	This isolate was isolated by D.W. Dye R3	R 3	R 3			match	Includes one-letter local strain code(s).
NCPPB 408	This isolate was isolated by D.W. Dye R4	R 4	R 4			match	Includes one-letter local strain code(s).
NCPPB 409	This isolate is also in the collections; ICMP 24, LMG 682, CFBP 2525 This isolate was isolated by D.W. Dye R5	CFBP 2525; ICMP 24; LMG 682; R 5	CFBP 2525; ICMP 24; LMG 682; R 5			match	Includes one-letter local strain code(s).
NCPPB 410	This isolate was isolated by D.W. Dye R6	R 6	R 6			match	Includes one-letter local strain code(s).
NCPPB 411	The donor reference is S3 This isolate is also in the collections; ICMP 35, CFBP 2528, LMG 747, ATCC 49083	ATCC 49083; CFBP 2528; ICMP 35; LMG 747; S 3	ATCC 49083; CFBP 2528; ICMP 35; LMG 747; S 3			match	Includes one-letter local strain code(s).
NCPPB 412	This isolate was isolated by D.W. Dye S6	S 6	S 6			match	Includes one-letter local strain code(s).
NCPPB 414	This isolate was isolated by D.W. Dye S10	S 10	S 10			match	Includes one-letter local strain code(s).
NCPPB 415	This isolate was isolated by D.W. Dye S12	S 12	S 12			match	Includes one-letter local strain code(s).
NCPPB 416	This isolate is also in the collections; ATCC 19316, ICMP 51, LMG 852, CFBP 2535 This isolate was isolated by D.W. Dye Tl	ATCC 19316; CFBP 2535; ICMP 51; LMG 852	ATCC 19316; CFBP 2535; ICMP 51; LMG 852			match	
NCPPB 418	This isolate was isolated by D.W. Dye T6	T 6	T 6			match	Includes one-letter local strain code(s).
NCPPB 419	This isolate was isolated by D.W. Dye T7	T 7	T 7			match	Includes one-letter local strain code(s).
NCPPB 420	This isolate was isolated by D.W. Dye T8	T 8	T 8			match	Includes one-letter local strain code(s).
NCPPB 421	This isolate was isolated by D.W. Dye T9	T 9	T 9			match	Includes one-letter local strain code(s).
NCPPB 422	This isolate is also in the collections; ICMP 63, LMG 911, ATCC 35937 This isolate was isolated by D.W. Dye X1	ATCC 35937; ICMP 63; LMG 911; X 1	ATCC 35937; ICMP 63; LMG 911; X 1			match	Includes one-letter local strain code(s).
NCPPB 423	This isolate is also in the collections; ICMP 65, LMG 916 This isolate was isolated by D.W. Dye X3	ICMP 65; LMG 916; X 3	ICMP 65; LMG 916; X 3			match	Includes one-letter local strain code(s).
NCPPB 424	This isolate is also in the collections; ICMP 66, LMG 917 This isolate was isolated by D.W. Dye X4	ICMP 66; LMG 917; X 4	ICMP 66; LMG 917; X 4			match	Includes one-letter local strain code(s).
NCPPB 425	The donor reference is ZC1 The source of this isolate was ex B. Paine	ZC 1	ZC 1			match	
NCPPB 457	This isolate is also in the collections; ATCC 19312, ICMP 50, LMG 982, DSMZ 3585 This isolate was isolated by M.P. Starr XA103	ATCC 19312; DSMZ 3585; ICMP 50; LMG 982; XA 103	ATCC 19312; DSMZ 3585; ICMP 50; LMG 982; XA 103			match	
NCPPB 464	This isolate is also in the collections; ICMP 359, LMG 9052 This isolate was isolated by K.A. Sabet Cor 9	COR 9; ICMP 359; LMG 9052	COR 9; ICMP 359; LMG 9052			match	
NCPPB 465	This isolate was isolated by K.A. Sabet Cor 5	COR 5	COR 5			match	
NCPPB 466	This isolate is also in the collections; ICMP 360, LMG 859 The source of this isolate was ex M.K. Hingorani	ICMP 360; LMG 859	ICMP 360; LMG 859			match	
NCPPB 473	The source of this isolate was ex M.K. Hingorani					match	
NCPPB 476	The source of this isolate was ex M.K. Desai					match	
NCPPB 477	The source of this isolate was ex M.K. Desai					match	
NCPPB 478	The source of this isolate was ex M.K. Desai					match	
NCPPB 479	This isolate was isolated by ex M.K. Desai					match	
NCPPB 480	This isolate is also in the collections; CFBP 7121 The source of this isolate was ex M.K. Desai	CFBP 7121	CFBP 7121			match	
NCPPB 481	This isolate is also in the collections; ATCC 11640, ICMP 315, LMG 692 This isolate was isolated by ICPB XD105 The source of this isolate was ex ICPB XD105 ex ICPB XD105	ATCC 11640; ICMP 315; ICPB XD105; LMG 692; XD 105	ATCC 11640; ICMP 315; LMG 692; XD 105		ICPB XD105	mismatch	
NCPPB 485	The donor reference is XB109 The source of this isolate was ex ICPB XB109	ICPB XB109; XB 109	XB 109		ICPB XB109	mismatch	
NCPPB 488	This isolate is also in the collections; ICPB XR101, ATCC 11767, LMG 7441, ICMP 248 The source of this isolate was ex M.K. Patel	ATCC 11767; ICMP 248; ICPB XR101; LMG 7441; XR 101	ATCC 11767; ICMP 248; LMG 7441; XR 101		ICPB XR101	mismatch	
NCPPB 490	The donor reference is 18 This isolate is also in the collections; ATCC 11637, ICMP 5740, LMG 941, CFBP 1716 This isolate was isolated by M.K. Patel The source of this isolate was ex ICPB PM114 ex M.K. Patel	ATCC 11637; CFBP 1716; ICMP 5740; ICPB PM114; LMG 941; PM 114	ATCC 11637; CFBP 1716; ICMP 5740; LMG 941; PM 114		ICPB PM114	mismatch	Script identifier is not a supported prefix+number code in the free text.
NCPPB 509	The donor reference is 391 This isolate is also in the collections; LMG 919 This isolate was isolated by ex A. Rothwell	LMG 919	LMG 919			match	Script identifier is not a supported prefix+number code in the free text.
NCPPB 510	The donor reference is 392 This isolate was isolated by ex G. Orian					needs_llm_review	Script identifier is not a supported prefix+number code in the free text.
NCPPB 526	The donor reference is 412 This isolate was isolated by ex J.A. Spence XAS/L					needs_llm_review	Script identifier is not a supported prefix+number code in the free text.
NCPPB 528	This isolate is also in the collections; ICMP 13, ATCC 33913, LMG 568, CIP 100069 This isolate was isolated by E. Billing P25	ATCC 33913; CIP 100069; ICMP 13; LMG 568; P 25	ATCC 33913; CIP 100069; ICMP 13; LMG 568; P 25			match	Includes one-letter local strain code(s).
NCPPB 529	This isolate was isolated by E. Billing P33/1	P 33/1	P 33/1			match	Includes one-letter local strain code(s).
NCPPB 535	This isolate was isolated by K.A. Sabet Ric 3	RIC 3	RIC 3			match	
NCPPB 536	This isolate is also in the collections; ICMP 671, LMG 753 This isolate was isolated by K.A. Sabet Khl	ICMP 671; LMG 753	ICMP 671; LMG 753			match	
NCPPB 554	This isolate is also in the collections; ICMP 5732, LMG 712, CFBP 2526. ATCC 43911 This isolate was isolated by K.A. Sabet Soy 1	ATCC 43911; CFBP 2526; ICMP 5732; LMG 712; SOY 1	ATCC 43911; CFBP 2526; ICMP 5732; LMG 712; SOY 1			match	
NCPPB 555	This isolate was isolated by K.A. Sabet Vig 5	VIG 5	VIG 5			match	
NCPPB 556	This isolate was isolated by K.A. Sabet Dol S					match	
NCPPB 557	This isolate was isolated by K.A. Sabet Dol W					match	
NCPPB 570	This isolate is also in the collections; ATCC 11645, ICMP 441, LMG 498 The source of this isolate was ex M.K. Patel 16	ATCC 11645; ICMP 441; LMG 498; PATEL 16	ATCC 11645; ICMP 441; LMG 498		PATEL 16	mismatch	Script identifier is not a supported prefix+number code in the free text.
NCPPB 571	This isolate is also in the collections; ATCC 11672, ICMP 571, LMG 546 This isolate was isolated by M.K. Patel 4	ATCC 11672; ICMP 571; LMG 546; PATEL 4	ATCC 11672; ICMP 571; LMG 546		PATEL 4	mismatch	Script identifier is not a supported prefix+number code in the free text.
NCPPB 573	This isolate is also in the collections; ATCC 11639, ICMP 444, LMG 558 The source of this isolate was ex M.K. Patel 5	ATCC 11639; ICMP 444; LMG 558; PATEL 5	ATCC 11639; ICMP 444; LMG 558		PATEL 5	mismatch	Script identifier is not a supported prefix+number code in the free text.
NCPPB 575	This isolate is also in the collections; ATCC 11676, ICMP 445, CIP 106789, LMG 684, DSMZ 13067, CCUG 43811 The source of this isolate was ex M.K. Patel 10	ATCC 11676; CCUG 43811; CIP 106789; DSMZ 13067; ICMP 445; LMG 684; PATEL 10	ATCC 11676; CCUG 43811; CIP 106789; DSMZ 13067; ICMP 445; LMG 684		PATEL 10	mismatch	Script identifier is not a supported prefix+number code in the free text.
NCPPB 577	This isolate is also in the collections; ATCC 11671, ICMP 577, LMG 693 The source of this isolate was ex M.K. Patel 3	ATCC 11671; ICMP 577; LMG 693; PATEL 3	ATCC 11671; ICMP 577; LMG 693		PATEL 3	mismatch	Script identifier is not a supported prefix+number code in the free text.
NCPPB 578	This isolate is also in the collections; ATCC 11679, ICMP 446, LMG 698 The source of this isolate was ex M.K. Patel 17	ATCC 11679; ICMP 446; LMG 698; PATEL 17	ATCC 11679; ICMP 446; LMG 698		PATEL 17	mismatch	Script identifier is not a supported prefix+number code in the free text.
NCPPB 579	This isolate is also in the collections; ATCC 11674, ICMP 319, LMG 756 The source of this isolate was ex M.K. Patel 8	ATCC 11674; ICMP 319; LMG 756; PATEL 8	ATCC 11674; ICMP 319; LMG 756		PATEL 8	mismatch	Script identifier is not a supported prefix+number code in the free text.
NCPPB 581	This isolate is also in the collections; ATCC 11643, ICMP 5779, LMG 849, CFBP 7277 The source of this isolate was ex M.K. Patel 12	ATCC 11643; CFBP 7277; ICMP 5779; LMG 849; PATEL 12	ATCC 11643; CFBP 7277; ICMP 5779; LMG 849		PATEL 12	mismatch	Script identifier is not a supported prefix+number code in the free text.
NCPPB 582	This isolate is also in the collections; ATCC 11675, ICMP 367, LMG 867 This isolate was isolated by M.K. Patel The source of this isolate was ex M.K. Patel 9	ATCC 11675; ICMP 367; LMG 867; PATEL 9	ATCC 11675; ICMP 367; LMG 867		PATEL 9	mismatch	Script identifier is not a supported prefix+number code in the free text.
NCPPB 584	This isolate is also in the collections; ATCC 11673, ICMP 572, LMG 995, CCUG 15850 The source of this isolate was ex M.K. Patel 7	ATCC 11673; CCUG 15850; ICMP 572; LMG 995; PATEL 7	ATCC 11673; CCUG 15850; ICMP 572; LMG 995		PATEL 7	mismatch	Script identifier is not a supported prefix+number code in the free text.
NCPPB 585	This isolate is also in the collections; ATCC 11678, ICMP 5754, LMG 874 This isolate was isolated by ex M.K. Patel 15	ATCC 11678; ICMP 5754; LMG 874; PATEL 15	ATCC 11678; ICMP 5754; LMG 874		PATEL 15	mismatch	Script identifier is not a supported prefix+number code in the free text.
NCPPB 586	This isolate is also in the collections; ATCC 11641, ICMP 5756, LMG 893 The source of this isolate was ex M.K. Patel 2	ATCC 11641; ICMP 5756; LMG 893; PATEL 2	ATCC 11641; ICMP 5756; LMG 893		PATEL 2	mismatch	Script identifier is not a supported prefix+number code in the free text.
NCPPB 599	The donor reference is Y6 This isolate is also in the collections; ATCC 193314, ICMP 189, DSM 19077, CFBP 1156, LMG 739 The source of this isolate was ex E. van Slogteren	ATCC 193314; CFBP 1156; DSM 19077; ICMP 189; LMG 739; Y 6	ATCC 193314; CFBP 1156; DSM 19077; ICMP 189; LMG 739; Y 6			match	Includes one-letter local strain code(s).
NCPPB 614	The source of this isolate was ex L.S. Bird 52-3	BIRD 52-3			BIRD 52-3	mismatch	Script identifier is not a supported prefix+number code in the free text.
NCPPB 631	This isolate is also in the collections; ICMP 621, LMG 865 This isolate was isolated by ex K.A. Sabet	ICMP 621; LMG 865	ICMP 621; LMG 865			match	
NCPPB 633	The donor reference is 222M This isolate is also in the collections; ICMP 5739, LMG 761, CFBP 2530 This isolate was isolated by ex F.T. Last M2519	CFBP 2530; ICMP 5739; LMG 761; M 2519	CFBP 2530; ICMP 5739; LMG 761; M 2519			match	Includes one-letter local strain code(s). Script also includes unsupported identifier(s).
NCPPB 634	The donor reference is 223S This isolate was isolated by ex F. T. Last S2519	S 2519	S 2519			match	Includes one-letter local strain code(s). Script also includes unsupported identifier(s).
NCPPB 637	The donor reference is 76200 This isolate is also in the collections; ICMP 616, LMG 691 This isolate was isolated by ex M.K. Patel The source of this isolate was ex M.V. Desai	ICMP 616; LMG 691	ICMP 616; LMG 691			match	Script identifier is not a supported prefix+number code in the free text.
NCPPB 638	The donor reference is 76537 This isolate is also in the collections; CFBP 7110 This isolate was isolated by ex A. Rothwell	CFBP 7110	CFBP 7110			match	Script identifier is not a supported prefix+number code in the free text.
NCPPB 642	The donor reference is 423 This isolate was isolated by ex E. Hellmers					needs_llm_review	Script identifier is not a supported prefix+number code in the free text.
NCPPB 645	This isolate was isolated by K.A. Sabet Cas 2	CAS 2	CAS 2			match	
NCPPB 646	This isolate was isolated by K.A. Sabet Kh2	KH 2	KH 2			match	
NCPPB 647	This isolate was isolated by K.A. Sabet Ses 9	SES 9	SES 9			match	
NCPPB 648	This isolate was isolated by K.A. Sabet Med. 3	MED 3			MED 3	mismatch	
NCPPB 670	The donor reference is 77421 This isolate was isolated by ex C. Logan					needs_llm_review	Script identifier is not a supported prefix+number code in the free text.
NCPPB 701	The donor reference is 77833 This isolate is also in the collections; LMG 920 This isolate was isolated by ex G. Goidanich	LMG 920	LMG 920			match	Script identifier is not a supported prefix+number code in the free text.
NCPPB 702	The donor reference is 77860 This isolate is also in the collections; ICPB XV168, LMG 8710, CFBP 7163 This isolate was isolated by ex A. Rothwell	CFBP 7163; ICPB XV168; LMG 8710; XV 168	CFBP 7163; LMG 8710; XV 168		ICPB XV168	mismatch	Script identifier is not a supported prefix+number code in the free text.
NCPPB 761	The donor reference is Yzl This isolate is also in the collections; ICMP 586, LMG 845, ATCC 49077 This isolate was isolated by N. Okabe The source of this isolate was ex N. Okabe	ATCC 49077; ICMP 586; LMG 845	ATCC 49077; ICMP 586; LMG 845			match	
NCPPB 762	The donor reference is XAl This isolate is also in the collections; ICMP 570, LMG 847, DSM 18956, ATCC 35936 This isolate was isolated by N. Okabe The source of this isolate was ex N. Okabe	ATCC 35936; DSM 18956; ICMP 570; LMG 847	ATCC 35936; DSM 18956; ICMP 570; LMG 847			match	
NCPPB 793	The donor reference is 78017 This isolate was isolated by ex T.N. Kaul					needs_llm_review	Script identifier is not a supported prefix+number code in the free text.
NCPPB 795	The donor reference is 81587 This isolate is also in the collections; LMG 900 This isolate was isolated by ex P. Baudin	LMG 900	LMG 900			match	Script identifier is not a supported prefix+number code in the free text.
NCPPB 840	This isolate is also in the collections; ICMP 167, LMG 811 The source of this isolate was ex M.K. Desai	ICMP 167; LMG 811	ICMP 167; LMG 811			match	
NCPPB 875						match	
NCPPB 881	The donor reference is Strain sombor This isolate is also in the collections; ATCC 19865, DSM 19127 This isolate was isolated by D. Sutic	ATCC 19865; DSM 19127	ATCC 19865; DSM 19127			match	
NCPPB 884	The donor reference is B400 The source of this isolate was ex R.M. Patel	B 400	B 400			match	Includes one-letter local strain code(s).
NCPPB 885	The donor reference is B401 This isolate is also in the collections; ICMP 168, LMG 694 This isolate was isolated by ex R.M. Patel	B 401; ICMP 168; LMG 694	B 401; ICMP 168; LMG 694			match	Includes one-letter local strain code(s).
NCPPB 887	This isolate is also in the collections; ATCC 33195 This isolate was isolated by A.C. Hayward B315	ATCC 33195; B 315	ATCC 33195; B 315			match	Includes one-letter local strain code(s).
NCPPB 888	This isolate was isolated by A.C. Hayward B325	B 325	B 325			match	Includes one-letter local strain code(s).
NCPPB 889	This isolate is also in the collections; LMG 902, CFBP 5831 This isolate was isolated by A.C. Hayward B323	B 323; CFBP 5831; LMG 902	B 323; CFBP 5831; LMG 902			match	Includes one-letter local strain code(s).
NCPPB 891	This isolate was isolated by A.C. Hayward B337	B 337	B 337			match	Includes one-letter local strain code(s).
NCPPB 892	This isolate was isolated by A.C. Hayward B349	B 349	B 349			match	Includes one-letter local strain code(s).
NCPPB 893	This isolate was isolated by A.C. Hayward B343	B 343	B 343			match	Includes one-letter local strain code(s).
NCPPB 895	This isolate is also in the collections; LMG 8714 This isolate was isolated by A.C. Hayward B370	B 370; LMG 8714	B 370; LMG 8714			match	Includes one-letter local strain code(s).
NCPPB 896	The donor reference is B462 This isolate is also in the collections; ATCC 33196, LMG 483 This isolate was isolated by ex P. Baudin	ATCC 33196; B 462; LMG 483	ATCC 33196; B 462; LMG 483			match	Includes one-letter local strain code(s).
NCPPB 897	The donor reference is B463 This isolate was isolated by ex P. Baudin	B 463	B 463			match	Includes one-letter local strain code(s).
NCPPB 899	This isolate was isolated by A.C. Hayward B377	B 377	B 377			match	Includes one-letter local strain code(s).
NCPPB 900	This isolate was isolated by A.C. Hayward B386	B 386	B 386			match	Includes one-letter local strain code(s).
NCPPB 901	The donor reference is B406 The source of this isolate was ex N.B. Kulkarni	B 406	B 406			match	Includes one-letter local strain code(s).
NCPPB 902	The donor reference is B454 The source of this isolate was ex N. Shanmuganathan	B 454	B 454			match	Includes one-letter local strain code(s).
NCPPB 916	The donor reference is B136	B 136	B 136			match	Includes one-letter local strain code(s).
NCPPB 917	This isolate was isolated by A.C. Hayward B130	B 130	B 130			match	Includes one-letter local strain code(s).
NCPPB 918	This isolate was isolated by A.C. Hayward B373	B 373	B 373			match	Includes one-letter local strain code(s).
NCPPB 922	The donor reference is B499 This isolate was isolated by ex P. Baudin 1213A	B 499; BAUDIN 1213A	B 499		BAUDIN 1213A	mismatch	Includes one-letter local strain code(s). Script also includes unsupported identifier(s).
NCPPB 923	The donor reference is B495 This isolate was isolated by ex H.T. Brodrick A13a	A 13A; B 495	A 13A; B 495			match	Includes one-letter local strain code(s).
NCPPB 924	The donor reference is B497 This isolate was isolated by ex H.T. Brodrick A26	A 26; B 497	A 26; B 497			match	Includes one-letter local strain code(s).
NCPPB 926	The donor reference is B494 This isolate was isolated by ex H.T. Brodrick A12	A 12; B 494	A 12; B 494			match	Includes one-letter local strain code(s).
NCPPB 935	This isolate is also in the collections; ATCC 19313, ICMP 5726, ICPB XC 12, LMG 689, CFBP 1159 The source of this isolate was ex P.W. Miller 5262	ATCC 19313; CFBP 1159; ICMP 5726; LMG 689; MILLER 5262; XC 12	ATCC 19313; CFBP 1159; ICMP 5726; LMG 689; XC 12		MILLER 5262	mismatch	Script identifier is not a supported prefix+number code in the free text.
NCPPB 936	This isolate was isolated by ex W.H. Burkholder					match	
NCPPB 937	This isolate is also in the collections; ATCC 13462, ICMP 574 This isolate was isolated by ex C.E. Williamson The source of this isolate was ex Netherlands	ATCC 13462; ICMP 574	ATCC 13462; ICMP 574			match	
NCPPB 938	This isolate was isolated by ex W.H. Burkholder					match	
NCPPB 939	This isolate is also in the collections; ICMP 453, LMG 733, DSM 19143 This isolate was isolated by ex W.H. Burkholder XH5	DSM 19143; ICMP 453; LMG 733; XH 5	DSM 19143; ICMP 453; LMG 733; XH 5			match	
NCPPB 940	This isolate is also in the collections; ATCC 19318, ICMP 579 This isolate was isolated by ex J. Niederhauser	ATCC 19318; ICMP 579	ATCC 19318; ICMP 579			match	
NCPPB 941	This isolate is also in the collections; ICMP 102, LMG 922 This isolate was isolated by ex W.H. Burkholder	ICMP 102; LMG 922	ICMP 102; LMG 922			match	
NCPPB 942	This isolate was isolated by ex W.H. Burkholder					match	
NCPPB 969	This isolate was isolated by ex W.H. Burkholder					match	
NCPPB 970	This isolate was isolated by ex H.H. Thornberry 1-49	THORNBERRY 1-49			THORNBERRY 1-49	mismatch	Script identifier is not a supported prefix+number code in the free text.
NCPPB 971	This isolate is also in the collections; ICMP 318, LMG 758 This isolate was isolated by ex P.A. Ark 1	ARK 1; ICMP 318; LMG 758	ICMP 318; LMG 758		ARK 1	mismatch	Script identifier is not a supported prefix+number code in the free text.
NCPPB 972	This isolate was isolated by ex P.A. Ark 2	ARK 2			ARK 2	mismatch	Script identifier is not a supported prefix+number code in the free text.
NCPPB 973	This isolate is also in the collections; ATCC 19319, ICMP 5752, LMG 876, DSM 18974, CFBP 1155 This isolate was isolated by ex C.S. Reddy	ATCC 19319; CFBP 1155; DSM 18974; ICMP 5752; LMG 876	ATCC 19319; CFBP 1155; DSM 18974; ICMP 5752; LMG 876			match	
NCPPB 974	This isolate was isolated by ex Z. Patrick The source of this isolate was ex W.H. Burkholder					match	
NCPPB 975	This isolate was isolated by ex W.H. Burkholder					match	
NCPPB 976	This isolate is also in the collections; ATCC 19320, ICMP 336, LMG 937, CFBP 2538 This isolate was isolated by ex N.A. Brown The source of this isolate was ex W.H. Burkholder	ATCC 19320; CFBP 2538; ICMP 336; LMG 937	ATCC 19320; CFBP 2538; ICMP 336; LMG 937			match	
NCPPB 983	This isolate is also in the collections; ATCC 13460, ICMP 437 This isolate was isolated by ex W.H. Burkholder	ATCC 13460; ICMP 437	ATCC 13460; ICMP 437			match	
NCPPB 984	This isolate was isolated by ex S. Dombroff Oregan 5401	OREGAN 5401			OREGAN 5401	mismatch	Script identifier is not a supported prefix+number code in the free text.
NCPPB 985	This isolate is also in the collections; ATCC 23379, LMG 7399, CFBP 7666 This isolate was isolated by P.A. Ark	ATCC 23379; CFBP 7666; LMG 7399	ATCC 23379; CFBP 7666; LMG 7399			match	
NCPPB 986	This isolate was isolated by ex P.A. Ark Cardona 2	CARDONA 2			CARDONA 2	mismatch	Script identifier is not a supported prefix+number code in the free text.
NCPPB 987	This isolate is also in the collections; ATCC 9653, LMG 7411, ICMP 454 This isolate was isolated by ex W.H. Burkholder XH6	ATCC 9653; ICMP 454; LMG 7411; XH 6	ATCC 9653; ICMP 454; LMG 7411; XH 6			match	
NCPPB 989	This isolate is also in the collections; ATCC 13461, VKM B-618, ICMP 451, LMG 7416, This isolate was isolated by ex W.H. Burkholder	ATCC 13461; B 618; ICMP 451; LMG 7416; VKM B-618	ATCC 13461; ICMP 451; LMG 7416; VKM B-618		B 618	mismatch	
NCPPB 990	This isolate was isolated by ex W.H. Burkholder St3	ST 3	ST 3			match	
NCPPB 993	This isolate is also in the collections; ATCC 13463, ICMP 439, LMG 757 This isolate was isolated by ex C. Lefebvre	ATCC 13463; ICMP 439; LMG 757	ATCC 13463; ICMP 439; LMG 757			match	
NCPPB 994	This isolate is also in the collections; ATCC 11644, ICMP 619, LMG 9050 The source of this isolate was ex M.K. Patel 14	ATCC 11644; ICMP 619; LMG 9050; PATEL 14	ATCC 11644; ICMP 619; LMG 9050		PATEL 14	mismatch	Script identifier is not a supported prefix+number code in the free text.
NCPPB 1009	This isolate is also in the collections; ICMP 1623 The source of this isolate was ex W.J. Dowson	ICMP 1623	ICMP 1623			match	
NCPPB 1014	This isolate is also in the collections; ATCC 11636, ICMP 3965, LMG 954 The source of this isolate was ex M.K. Patel 19	ATCC 11636; ICMP 3965; LMG 954; PATEL 19	ATCC 11636; ICMP 3965; LMG 954		PATEL 19	mismatch	Script identifier is not a supported prefix+number code in the free text.
NCPPB 1025	The donor reference is B565 This isolate was isolated by ex C. Polhill	B 565	B 565			match	Includes one-letter local strain code(s).
NCPPB 1043	This isolate was isolated by A.C. Hayward B621	B 621	B 621			match	Includes one-letter local strain code(s).
NCPPB 1046	The donor reference is B589 This isolate was isolated by ex G. Rangaswami	B 589	B 589			match	Includes one-letter local strain code(s).
NCPPB 1048	This isolate was isolated by A.C. Hayward B639	B 639	B 639			match	Includes one-letter local strain code(s).
NCPPB 1050	The donor reference is B672 This isolate was isolated by ex S. Bisessar	B 672	B 672			match	Includes one-letter local strain code(s).
NCPPB 1056	This isolate is also in the collections; LMG 7457 This isolate was isolated by A.C. Hayward B665B	B 665B; LMG 7457	B 665B; LMG 7457			match	Includes one-letter local strain code(s).
NCPPB 1058	This isolate was isolated by A.C. Hayward B659	B 659	B 659			match	Includes one-letter local strain code(s).
NCPPB 1059	This isolate is also in the collections; ICPB XP198 This isolate was isolated by A.C. Hayward B658	B 658; ICPB XP198; XP 198	B 658; XP 198		ICPB XP198	mismatch	Includes one-letter local strain code(s).
NCPPB 1060	This isolate was isolated by A.C. Hayward B657	B 657	B 657			match	Includes one-letter local strain code(s).
NCPPB 1061	This isolate is also in the collections; ATCC 23382, ICPB XP195, ICMP 1028, LMG 848 This isolate was isolated by A.C. Hayward B652	ATCC 23382; B 652; ICMP 1028; ICPB XP195; LMG 848; XP 195	ATCC 23382; B 652; ICMP 1028; LMG 848; XP 195		ICPB XP195	mismatch	Includes one-letter local strain code(s).
NCPPB 1062	This isolate was isolated by A.C. Hayward B644	B 644	B 644			match	Includes one-letter local strain code(s).
NCPPB 1063	This isolate is also in the collections; ATCC 19317, LMG 861, ICMP 5747 This isolate was isolated by A.C. Hayward B651	ATCC 19317; B 651; ICMP 5747; LMG 861	ATCC 19317; B 651; ICMP 5747; LMG 861			match	Includes one-letter local strain code(s).
NCPPB 1067	This isolate was isolated by A.C. Hayward B707A	B 707A	B 707A			match	Includes one-letter local strain code(s).
NCPPB 1068	This isolate is also in the collections; ICMP 18269 This isolate was isolated by A.C. Hayward B689A	B 689A; ICMP 18269	B 689A; ICMP 18269			match	Includes one-letter local strain code(s).
NCPPB 1117	The donor reference is B828 This isolate was isolated by ex G. Rangaswami	B 828	B 828			match	Includes one-letter local strain code(s).
NCPPB 1124	This isolate was isolated by A.C. Hayward B724A	B 724A	B 724A			match	Includes one-letter local strain code(s).
NCPPB 1128	This isolate was isolated by A.C. Hayward B791	B 791	B 791			match	Includes one-letter local strain code(s).
NCPPB 1129	This isolate was isolated by A.C. Hayward B784	B 784	B 784			match	Includes one-letter local strain code(s).
NCPPB 1131	This isolate was isolated by A.C. Hayward B720	B 720	B 720			match	Includes one-letter local strain code(s).
NCPPB 1132	This isolate was isolated by A.C. Hayward B719	B 719	B 719			match	Includes one-letter local strain code(s).
NCPPB 1135	This isolate was isolated by A.C. Hayward B740B	B 740B	B 740B			match	Includes one-letter local strain code(s).
NCPPB 1136	This isolate was isolated by A.C. Hayward B809A	B 809A	B 809A			match	Includes one-letter local strain code(s).
NCPPB 1138	This isolate was isolated by A.C. Hayward B727	B 727	B 727			match	Includes one-letter local strain code(s).
NCPPB 1141	This isolate is also in the collections; ICPB XP202 This isolate was isolated by A.C. Hayward B745	B 745; ICPB XP202; XP 202	B 745; XP 202		ICPB XP202	mismatch	Includes one-letter local strain code(s).
NCPPB 1143	This isolate was isolated by L.A.E. Baker X3	X 3	X 3			match	Includes one-letter local strain code(s).
NCPPB 1144	This isolate was isolated by L.A.E. Baker X9	X 9	X 9			match	Includes one-letter local strain code(s).
NCPPB 1145	This isolate was isolated by L.A.E. Baker X10	X 10	X 10			match	Includes one-letter local strain code(s).
NCPPB 1146	This isolate was isolated by L.A.E. Baker XII					match	
NCPPB 1147	This isolate was isolated by L.A.E. Baker X13	X 13	X 13			match	Includes one-letter local strain code(s).
NCPPB 1148	The donor reference is XGl This isolate is also in the collections; ICMP 82, LMG 9049 This isolate was isolated by ex D.P. Bhide	ICMP 82; LMG 9049	ICMP 82; LMG 9049			match	
NCPPB 1149	The donor reference is XHl This isolate is also in the collections; ICMP 90, LMG 939 The source of this isolate was ex D.P. Bhide	ICMP 90; LMG 939	ICMP 90; LMG 939			match	
NCPPB 1150	The donor reference is Ykl The source of this isolate was ex Orillo					match	
NCPPB 1151	The donor reference is YK2 The source of this isolate was ex Orillo	YK 2	YK 2			match	
NCPPB 1152	The donor reference is YK3 The source of this isolate was ex N. Okabe	YK 3	YK 3			match	
NCPPB 1153	The donor reference is YK4 The source of this isolate was ex H. Muko	YK 4	YK 4			match	
NCPPB 1154						match	
NCPPB 1155	This isolate is also in the collections; ICPB XL104, ICMP 84, CFBP 7258, LMG 1158 This isolate was isolated by D.W. Dye Pukatea 3	CFBP 7258; ICMP 84; ICPB XL104; LMG 1158; PUKATEA 3; XL 104	CFBP 7258; ICMP 84; LMG 1158; XL 104		ICPB XL104; PUKATEA 3	mismatch	Script identifier is not a supported prefix+number code in the free text.
NCPPB 1158	This isolate is also in the collections; LMG 7458 This isolate was isolated by D.C. Graham	LMG 7458	LMG 7458			match	
NCPPB 1159	This isolate is also in the collections; ATCC 23380, LMG 5274, ICMP 6934 This isolate was isolated by ex W.H. Burkholder SMl	ATCC 23380; ICMP 6934; LMG 5274	ATCC 23380; ICMP 6934; LMG 5274			match	
NCPPB 1160	This isolate was isolated by ex O.A. Drummon & O. Hipolite					match	
NCPPB 1161	This isolate was isolated by ex G. Orian M3	M 3	M 3			match	Includes one-letter local strain code(s).
NCPPB 1235	This isolate was isolated by A.C. Hayward B922	B 922	B 922			match	Includes one-letter local strain code(s).
NCPPB 1241	This isolate is also in the collections; ICPB XH112 This isolate was isolated by A.C. Hayward B996	B 996; ICPB XH112; XH 112	B 996; XH 112		ICPB XH112	mismatch	Includes one-letter local strain code(s).
NCPPB 1244	This isolate was isolated by A.C. Hayward B1021	B 1021	B 1021			match	Includes one-letter local strain code(s).
NCPPB 1324	This isolate was isolated by A.C. Hayward B1167	B 1167	B 1167			match	Includes one-letter local strain code(s).
NCPPB 1325	The donor reference is B1160 This isolate is also in the collections; ICMP 18270 This isolate was isolated by ex C.L.A. Leakey	B 1160; ICMP 18270	B 1160; ICMP 18270			match	Includes one-letter local strain code(s).
NCPPB 1326	This isolate is also in the collections; LMG 8717 This isolate was isolated by A.C. Hayward B1116	B 1116; LMG 8717	B 1116; LMG 8717			match	Includes one-letter local strain code(s).
NCPPB 1332	This isolate was isolated by A.C. Hayward B1198	B 1198	B 1198			match	Includes one-letter local strain code(s).
NCPPB 1334	This isolate is also in the collections; ICMP 5736, LMG 744 This isolate was isolated by ex A.C. Padhya	ICMP 5736; LMG 744	ICMP 5736; LMG 744			match	
NCPPB 1336	This isolate is also in the collections; ICMP 5717, LMG 470 This isolate was isolated by A.C. Padhya	ICMP 5717; LMG 470	ICMP 5717; LMG 470			match	
NCPPB 1337	This isolate is also in the collections; ICMP 5742, LMG 786 This isolate was isolated by ex A.C. Padhya	ICMP 5742; LMG 786	ICMP 5742; LMG 786			match	
NCPPB 1381	This isolate is also in the collections; LMG 8718 This isolate was isolated by A.C. Hayward B1350	B 1350; LMG 8718	B 1350; LMG 8718			match	Includes one-letter local strain code(s).
NCPPB 1393	The donor reference is B1432 The source of this isolate was ex ITCC SF62	B 1432; ITCC SF62; SF 62	B 1432; ITCC SF62		SF 62	mismatch	Includes one-letter local strain code(s). Script also includes unsupported identifier(s).
NCPPB 1394	The donor reference is B1446 This isolate was isolated by ex N. Shanmuganathan	B 1446	B 1446			match	Includes one-letter local strain code(s).
NCPPB 1395	The donor reference is B1444 This isolate was isolated by ex N. Shanmuganathan	B 1444	B 1444			match	Includes one-letter local strain code(s).
NCPPB 1396	The donor reference is B1443 This isolate was isolated by ex N. Shanmuganathan	B 1443	B 1443			match	Includes one-letter local strain code(s).
NCPPB 1402	This isolate is also in the collections; LMG 7459 This isolate was isolated by A.C. Hayward B1374	B 1374; LMG 7459	B 1374; LMG 7459			match	Includes one-letter local strain code(s).
NCPPB 1420	This isolate was isolated by Z. Klement E1388	E 1388	E 1388			match	Includes one-letter local strain code(s).
NCPPB 1421	This isolate was isolated by Z. Klement S. 20	S 20			S 20	mismatch	
NCPPB 1422	This isolate is also in the collections; ICMP 5723, LMG 8646 This isolate was isolated by ex Z. Klement N.066	ICMP 5723; LMG 8646; N 066	ICMP 5723; LMG 8646		N 066	mismatch	
NCPPB 1423	This isolate is also in the collections; ICMP 114, LMG 923 This isolate was isolated by Z. Klement S. 07	ICMP 114; LMG 923; S 07	ICMP 114; LMG 923		S 07	mismatch	
NCPPB 1426	This isolate is also in the collections; ICMP 173, LMG 924 This isolate was isolated by Z. Klement S. 10	ICMP 173; LMG 924; S 10	ICMP 173; LMG 924		S 10	mismatch	
NCPPB 1431	This isolate is also in the collections; ICMP 112, LMG 925 This isolate was isolated by Z. Klement S. 04	ICMP 112; LMG 925; S 04	ICMP 112; LMG 925		S 04	mismatch	
NCPPB 1433	This isolate is also in the collections; LMG 8016 This isolate was isolated by Z. Klement E1309	E 1309; LMG 8016	E 1309; LMG 8016			match	Includes one-letter local strain code(s).
NCPPB 1438	This isolate is also in the collections; ICMP 172, LMG 926, CFBP 7955 This isolate was isolated by Z. Klement I. 608	CFBP 7955; I 608; ICMP 172; LMG 926	CFBP 7955; ICMP 172; LMG 926		I 608	mismatch	
NCPPB 1439	This isolate was isolated by Z. Klement E1299	E 1299	E 1299			match	Includes one-letter local strain code(s).
NCPPB 1447	The donor reference is 19 This isolate was isolated by ex I. Lazar					needs_llm_review	Script identifier is not a supported prefix+number code in the free text.
NCPPB 1451	This isolate is also in the collections; ICMP 5761, LMG 940 This isolate was isolated by ex A.C. Padhya	ICMP 5761; LMG 940	ICMP 5761; LMG 940			match	
NCPPB 1452	This isolate is also in the collections; ICMP 5852, LMG 872, ATCC 23577 This isolate was isolated by ex A.C. Padhya	ATCC 23577; ICMP 5852; LMG 872	ATCC 23577; ICMP 5852; LMG 872			match	
NCPPB 1453	This isolate was isolated by ex M.C. Srinivasan					match	
NCPPB 1454	This isolate is also in the collections; ICMP 5753, LMG 873 This isolate was isolated by ex M.C. Srinivasan	ICMP 5753; LMG 873	ICMP 5753; LMG 873			match	
NCPPB 1455	This isolate is also in the collections; ICMP 5737, LMG 754 This isolate was isolated by ex M.C. Srinivasan	ICMP 5737; LMG 754	ICMP 5737; LMG 754			match	
NCPPB 1457	This isolate was isolated by ex M.C. Srinivasan					match	
NCPPB 1469	This isolate is also in the collections; ICMP 5715, ATTCC 33239, VKM B-2165, DSMZ 3587, LMG 708, CFBP 2157 This isolate was isolated by B.W. Kennedy	ATTCC 33239; B 2165; CFBP 2157; DSMZ 3587; ICMP 5715; LMG 708; VKM B-2165	ATTCC 33239; CFBP 2157; DSMZ 3587; ICMP 5715; LMG 708; VKM B-2165		B 2165	mismatch	
NCPPB 1471	This isolate was isolated by A.C. Hayward B1603	B 1603	B 1603			match	Includes one-letter local strain code(s).
NCPPB 1472	This isolate was isolated by A.C. Hayward B1601	B 1601	B 1601			match	Includes one-letter local strain code(s).
NCPPB 1473	This isolate was isolated by A.C. Hayward B1559	B 1559	B 1559			match	Includes one-letter local strain code(s).
NCPPB 1475	This isolate was isolated by A.C. Hayward B1479	B 1479	B 1479			match	Includes one-letter local strain code(s).
NCPPB 1482	This isolate was isolated by A.C. Hayward B1741	B 1741	B 1741			match	Includes one-letter local strain code(s).
NCPPB 1495	This isolate is also in the collections; LMG 8017 This isolate was isolated by G.E. Jones C398	C 398; LMG 8017	LMG 8017		C 398	mismatch	
NCPPB 1560	This isolate was isolated by R.A. Lelliott 479	LELLIOTT 479			LELLIOTT 479	mismatch	Script identifier is not a supported prefix+number code in the free text.
NCPPB 1568	The donor reference is 1 This isolate was isolated by ex K.S.S. Eswaran					needs_llm_review	Script identifier is not a supported prefix+number code in the free text.
NCPPB 1585	This isolate is also in the collections; ICPB XOlll, ICMP 5743, LMG 797, CFBP 2286, ATCC 49072 This isolate was isolated by A.C. Hayward B2115	ATCC 49072; B 2115; CFBP 2286; ICMP 5743; LMG 797	ATCC 49072; B 2115; CFBP 2286; ICMP 5743; LMG 797			match	Includes one-letter local strain code(s).
NCPPB 1593	This isolate is also in the collections; ICMP 1617, LMG 534 This isolate was isolated by ex M.C. Srinivasan	ICMP 1617; LMG 534	ICMP 1617; LMG 534			match	
NCPPB 1594	This isolate was isolated by ex A.C. Padhya The source of this isolate was ex M.K. Patel					match	
NCPPB 1595	The source of this isolate was ex M.C. Srinivasan					match	
NCPPB 1596	The source of this isolate was ex M.C. Srinivasan					match	
NCPPB 1607	The donor reference is B2165 This isolate was isolated by ex R.D. Pares	B 2165	B 2165			match	Includes one-letter local strain code(s).
NCPPB 1610	This isolate was isolated by R.A. Lelliott					match	
NCPPB 1612	This isolate was isolated by A.C. Hayward B2175	B 2175	B 2175			match	Includes one-letter local strain code(s).
NCPPB 1615	This isolate is also in the collections; ICPB XPl99 This isolate was isolated by R.A. Lelliott	ICPB XPL99; XPL 99	XPL 99		ICPB XPL99	mismatch	
NCPPB 1616	This isolate was isolated by A.C. Hayward B2249F	B 2249F	B 2249F			match	Includes one-letter local strain code(s).
NCPPB 1622	This isolate was isolated by D.C. Graham					match	
NCPPB 1628	This isolate is also in the collections; ICPB XA132 This isolate was isolated by A.C. Padhya	ICPB XA132; XA 132	XA 132		ICPB XA132	mismatch	
NCPPB 1629	This isolate was isolated by ex A.C. Padhya					match	
NCPPB 1630	This isolate was isolated by ex D.W. Dye ZZ24 The source of this isolate was .	ZZ 24	ZZ 24			match	
NCPPB 1632	The source of this isolate was ex M. Goto B50	B 50	B 50			match	Includes one-letter local strain code(s).
NCPPB 1633	This isolate is also in the collections; ICPB XSl, CFBP 7111 This isolate was isolated by ex W.H. Burkholder The source of this isolate was ex R.S. Dickey	CFBP 7111	CFBP 7111			match	
NCPPB 1638	This isolate was isolated by A.C. Hayward B2290	B 2290	B 2290			match	Includes one-letter local strain code(s).
NCPPB 1645	The donor reference is B2340 This isolate was isolated by ex A.H. Ramos SAL/163/B	B 2340; SAL 163/B	B 2340; SAL 163/B			match	Includes one-letter local strain code(s).
NCPPB 1646	The donor reference is B2324A This isolate was isolated by ex W.S. Sutton	B 2324A	B 2324A			match	Includes one-letter local strain code(s).
NCPPB 1648	This isolate was isolated by A.C. Hayward B2305	B 2305	B 2305			match	Includes one-letter local strain code(s).
NCPPB 1654	The donor reference is B2330 This isolate is also in the collections; LMG 837 This isolate was isolated by ex B.H. Boelema F6	B 2330; F 6; LMG 837	B 2330; LMG 837		F 6	mismatch	Includes one-letter local strain code(s).
NCPPB 1659	This isolate was isolated by A.C. Hayward B2404	B 2404	B 2404			match	Includes one-letter local strain code(s).
NCPPB 1668	The donor reference is CS56-27	CS 56-27	CS 56-27			match	
NCPPB 1671	This isolate was isolated by A.C. Hayward B2536	B 2536	B 2536			match	Includes one-letter local strain code(s).
NCPPB 1672	This isolate was isolated by A.C. Hayward B2540B	B 2540B	B 2540B			match	Includes one-letter local strain code(s).
NCPPB 1680	This isolate is also in the collections; ICPB XP200 This isolate was isolated by D.C. Graham	ICPB XP200; XP 200	XP 200		ICPB XP200	mismatch	
NCPPB 1683	This isolate is also in the collections; ATCC 19867, ICMP 3945	ATCC 19867; ICMP 3945	ATCC 19867; ICMP 3945			match	
NCPPB 1684	This isolate is also in the collections; ICPB XR117 This isolate was isolated by A.C. Hayward B2602	B 2602; ICPB XR117; XR 117	B 2602; XR 117		ICPB XR117	mismatch	Includes one-letter local strain code(s).
NCPPB 1685	The donor reference is B2631 This isolate was isolated by ex H.L. Harvey WA134	B 2631; WA 134	B 2631; WA 134			match	Includes one-letter local strain code(s).
NCPPB 1697	This isolate was isolated by A.C. Hayward B2024	B 2024	B 2024			match	Includes one-letter local strain code(s).
NCPPB 1698	The donor reference is B650 This isolate is also in the collections; ATCC 14985, LMG 7429 This isolate was isolated by ex C. Logan XL59/10	ATCC 14985; B 650; LMG 7429; XL 59/10	ATCC 14985; B 650; LMG 7429; XL 59/10			match	Includes one-letter local strain code(s). Script also includes unsupported identifier(s).
NCPPB 1699	This isolate was isolated by A.C. Hayward B2019	B 2019	B 2019			match	Includes one-letter local strain code(s).
NCPPB 1700	The donor reference is B648 This isolate is also in the collections; ATCC 14982 This isolate was isolated by ex C. Logan XL 59/6	ATCC 14982; B 648; XL 59/6	ATCC 14982; B 648; XL 59/6			match	Includes one-letter local strain code(s). Script also includes unsupported identifier(s).
NCPPB 1701	This isolate is also in the collections; ATCC 14983 This isolate was isolated by A.C. Hayward B649 ex C. Logan XL59/9	ATCC 14983; B 649; XL 59/9	ATCC 14983; B 649; XL 59/9			match	Includes one-letter local strain code(s). Script also includes unsupported identifier(s).
NCPPB 1711	The donor reference is B1548 This isolate was isolated by ex M.D. Sutton P125	B 1548; P 125	B 1548; P 125			match	Includes one-letter local strain code(s).
NCPPB 1712	This isolate was isolated by A.C. Hayward B1334	B 1334	B 1334			match	Includes one-letter local strain code(s).
NCPPB 1713	This isolate was isolated by A.C. Hayward B912	B 912	B 912			match	Includes one-letter local strain code(s).
NCPPB 1714	This isolate was isolated by A.C. Hayward B744	B 744	B 744			match	Includes one-letter local strain code(s).
NCPPB 1715	This isolate was isolated by A.C. Hayward B1853	B 1853	B 1853			match	Includes one-letter local strain code(s).
NCPPB 1717	The donor reference is B913	B 913	B 913			match	Includes one-letter local strain code(s).
NCPPB 1737	This isolate was isolated by R.A. Lelliott X.a.7a	A 7A			A 7A	mismatch	
NCPPB 1738	This isolate was isolated by R.A. Lelliott X.a.5	A 5			A 5	mismatch	
NCPPB 1754	The donor reference is HACC-179 This isolate is also in the collections; ATCC 17992 This isolate was isolated by ex M.C. Srinivasan	ATCC 17992; HACC 179	ATCC 17992; HACC 179			match	
NCPPB 1755	The donor reference is HACC-180 This isolate is also in the collections; ATCC 17993	ATCC 17993; HACC 180	ATCC 17993; HACC 180			match	
NCPPB 1756	The donor reference is HACC-181 This isolate is also in the collections; ATCC 17994, ICMP 5746, LMG 846	ATCC 17994; HACC 181; ICMP 5746; LMG 846	ATCC 17994; HACC 181; ICMP 5746; LMG 846			match	
NCPPB 1757	The donor reference is HACC-182 This isolate is also in the collections; ATCC 17995, PDDCC 57 22, LMG 557, ICMP 5722	ATCC 17995; HACC 182; ICMP 5722; LMG 557; PDDCC 57	ATCC 17995; HACC 182; ICMP 5722; LMG 557; PDDCC 57			match	
NCPPB 1758	The donor reference is HACC-183 This isolate is also in the collections; ATCC 17996, ICMP 5725, LMG 867	ATCC 17996; HACC 183; ICMP 5725; LMG 867	ATCC 17996; HACC 183; ICMP 5725; LMG 867			match	
NCPPB 1759	This isolate was isolated by ex M.C. Srinivasan 1871 The source of this isolate was ex M.J. Thirumalachar HACC-184	HACC 184; SRINIVASAN 1871	HACC 184		SRINIVASAN 1871	mismatch	Script identifier is not a supported prefix+number code in the free text.
NCPPB 1760	The donor reference is HACC-185 This isolate is also in the collections; ATCC 17998, ICMP 5751, LMG 868	ATCC 17998; HACC 185; ICMP 5751; LMG 868	ATCC 17998; HACC 185; ICMP 5751; LMG 868			match	
NCPPB 1765	This isolate was isolated by R.A. Skipp					match	
NCPPB 1774	The donor reference is Pt3	PT 3	PT 3			match	
NCPPB 1785	This isolate was isolated by M. K. Patel					match	
NCPPB 1786	This isolate is also in the collections; ICMP 5724, LMG 686 This isolate was isolated by ex S.G. Desai	ICMP 5724; LMG 686	ICMP 5724; LMG 686			match	
NCPPB 1787	This isolate is also in the collections; ICMP 5758, LMG 9058 This isolate was isolated by M.K. Patel	ICMP 5758; LMG 9058	ICMP 5758; LMG 9058			match	
NCPPB 1811	This isolate was isolated by D.C. Graham					match	
NCPPB 1821	This isolate is also in the collections; CFBP 7120 This isolate was isolated by T. Tominaga	CFBP 7120	CFBP 7120			match	
NCPPB 1822	This isolate is also in the collections; ICPB XF105 This isolate was isolated by R.A. Lelliott	ICPB XF105; XF 105	XF 105		ICPB XF105	mismatch	
NCPPB 1826	This isolate was isolated by G.E. Jones C555	C 555			C 555	mismatch	
NCPPB 1827	This isolate is also in the collections; ICMP 5748, LMG 8021 This isolate was isolated by K.A. Sabet Rhyn 1	ICMP 5748; LMG 8021; RHYN 1	ICMP 5748; LMG 8021		RHYN 1	mismatch	Script identifier is not a supported prefix+number code in the free text.
NCPPB 1828	This isolate is also in the collections; ICMP 5730, LMG 863 This isolate was isolated by K.A. Sabet Euph 1	EUPH 1; ICMP 5730; LMG 863	ICMP 5730; LMG 863		EUPH 1	mismatch	Script identifier is not a supported prefix+number code in the free text.
NCPPB 1829	This isolate was isolated by K.A. Sabet Jat 100	JAT 100	JAT 100			match	
NCPPB 1830	The source of this isolate was ex H. Koike 310	KOIKE 310			KOIKE 310	mismatch	Script identifier is not a supported prefix+number code in the free text.
NCPPB 1832	This isolate is also in the collections; ATCC 19045, ICMP 1488, LMG 677 This isolate was isolated by ex D.W. Dye ZZ28	ATCC 19045; ICMP 1488; LMG 677; ZZ 28	ATCC 19045; ICMP 1488; LMG 677; ZZ 28			match	
NCPPB 1833	This isolate is also in the collections; ICMP 5727, LMG 695 This isolate was isolated by ex C.F. Robbs ENA-350	ENA 350; ICMP 5727; LMG 695	ENA 350; ICMP 5727; LMG 695			match	
NCPPB 1834	This isolate is also in the collections; ICMP 5741, LMG 773, CFBP 7153, ATCC 49073 This isolate was isolated by ex C.F. Robbs ENA-300	ATCC 49073; CFBP 7153; ENA 300; ICMP 5741; LMG 773	ATCC 49073; CFBP 7153; ENA 300; ICMP 5741; LMG 773			match	
NCPPB 1836	The source of this isolate was ex J.R. Wallin 10b	WALLIN 10B			WALLIN 10B	mismatch	Script identifier is not a supported prefix+number code in the free text.
NCPPB 1837	This isolate is also in the collections; ICMP 5744, LMG 843, CFBP 2540 The source of this isolate was ex J.R. Wallin 3	CFBP 2540; ICMP 5744; LMG 843; WALLIN 3	CFBP 2540; ICMP 5744; LMG 843		WALLIN 3	mismatch	Script identifier is not a supported prefix+number code in the free text.
NCPPB 1838	This isolate is also in the collections; ICMP 333, ATCC 11648, CFBP 7112, LMG 8752 This isolate was isolated by ex W.H. Burkholder XV18	ATCC 11648; CFBP 7112; ICMP 333; LMG 8752; XV 18	ATCC 11648; CFBP 7112; ICMP 333; LMG 8752; XV 18			match	
NCPPB 1839	This isolate was isolated by ex A.P. Viegas The source of this isolate was ex C.F. Robbs ENA-250	ENA 250	ENA 250			match	
NCPPB 1841	This isolate was isolated by ex C.F. Robbs ENA-265	ENA 265	ENA 265			match	
NCPPB 1925	This isolate was isolated by ex E. Hellmers The source of this isolate was ex ATCC 11726 ex W.H. Burkholder XB10	ATCC 11726; XB 10	ATCC 11726; XB 10			match	
NCPPB 1929	This isolate is also in the collections; ITCC B47 The source of this isolate was ex M.K. Patel	B 47; ITCC B47	ITCC B47		B 47	mismatch	
NCPPB 1930	This isolate was isolated by ex W.H.Burkholder HI					match	
NCPPB 1932	This isolate is also in the collections; ICMP 5743, LMG 731, ATCC 49072 This isolate was isolated by ex D. Yirgou I-l	ATCC 49072; ICMP 5743; LMG 731	ATCC 49072; ICMP 5743; LMG 731			match	
NCPPB 1933	This isolate was isolated by ex D. Yirgou I-2	I 2			I 2	mismatch	
NCPPB 1934	This isolate was isolated by ex K.F. Baker					match	
NCPPB 1935	This isolate is also in the collections; ATCC 23390, ICMP 80, LMG 787 This isolate was isolated by N. Okabe The source of this isolate was ex D.W. Dye ZT2 ex N. Okabe	ATCC 23390; ICMP 80; LMG 787; ZT 2	ATCC 23390; ICMP 80; LMG 787; ZT 2			match	
NCPPB 1936	The source of this isolate was ex D.N. Srivastava					match	
NCPPB 1938	The source of this isolate was ex P.A. Ark PA					match	
NCPPB 1939	The source of this isolate was ex L.A. McFadden XP6	XP 6	XP 6			match	
NCPPB 1942	The source of this isolate was ex D.W. Dye ZQ1 ex W.J. Dowson 175 ex R.M, Natrass	DOWSON 175; ZQ 1	ZQ 1		DOWSON 175	mismatch	Script identifier is not a supported prefix+number code in the free text.
NCPPB 1943	This isolate is also in the collections; ICMP1409 The source of this isolate was ex J.R. Wallin 20	ICMP 1409; WALLIN 20	ICMP 1409		WALLIN 20	mismatch	Script identifier is not a supported prefix+number code in the free text.
NCPPB 1944	The donor reference is ICPB XT15 This isolate is also in the collections; ICMP 1409, LMG 679, CFBP 2541 The source of this isolate was ex J.R. Wallin 60-1	CFBP 2541; ICMP 1409; ICPB XT15; LMG 679; WALLIN 60-1; XT 15	CFBP 2541; ICMP 1409; LMG 679; XT 15		ICPB XT15; WALLIN 60-1	mismatch	Script identifier is not a supported prefix+number code in the free text.
NCPPB 1945	The source of this isolate was ex W.A.F. Hagborg 1910	HAGBORG 1910			HAGBORG 1910	mismatch	Script identifier is not a supported prefix+number code in the free text.
NCPPB 1946	This isolate is also in the collections; ICMP 1404, LMG 860, ATCC 49079 The source of this isolate was ex R. Lincoln Lll	ATCC 49079; ICMP 1404; LMG 860	ATCC 49079; ICMP 1404; LMG 860			match	
NCPPB 1974	This isolate is also in the collections; ATCC 13637; CCM 1640; NCTC 10275; NCIMB 9203; NCIMB 9203; DSM 50170; NCPPB 1974;	ATCC 13637; CCM 1640; DSM 50170; NCIMB 9203; NCPPB 1974; NCTC 10275	ATCC 13637; CCM 1640; DSM 50170; NCIMB 9203; NCPPB 1974; NCTC 10275			match	
NCPPB 1975						match	
NCPPB 1981	The donor reference is 332 This isolate was isolated by ex E. Billing W135	W 135			W 135	mismatch	Script identifier is not a supported prefix+number code in the free text.
NCPPB 2005	The donor reference is B3100 This isolate is also in the collections; ICPB XM130, ICMP 2870, CFBP 7123, DSM 24447, LMG 785, ATCC 49084 This isolate was isolated by ex D. Yirgou	ATCC 49084; B 3100; CFBP 7123; DSM 24447; ICMP 2870; ICPB XM130; LMG 785; XM 130	ATCC 49084; B 3100; CFBP 7123; DSM 24447; ICMP 2870; LMG 785; XM 130		ICPB XM130	mismatch	Includes one-letter local strain code(s).
NCPPB 2011	This isolate was isolated by F.W. Catton C596	C 596			C 596	mismatch	
NCPPB 2016	This isolate was isolated by J. Oxtoby X.H.l					match	
NCPPB 2031	The donor reference is XCB-2	XCB 2	XCB 2			match	
NCPPB 2044	The donor reference is 15984					needs_llm_review	Script identifier is not a supported prefix+number code in the free text.
NCPPB 2057	The donor reference is Hel 1 This isolate is also in the collections; ICMP 5778, LMG 735	HEL 1; ICMP 5778; LMG 735	HEL 1; ICMP 5778; LMG 735			match	
NCPPB 2058	This isolate is also in the collections; ICMP 5159 This isolate was isolated by K.A. Sabet Phas 2	ICMP 5159; PHAS 2	ICMP 5159; PHAS 2			match	
NCPPB 2059	This isolate was isolated by K.A. Sabet Vig 1	VIG 1	VIG 1			match	
NCPPB 2060	This isolate was isolated by K.A. Sabet Rhyn 2	RHYN 2			RHYN 2	mismatch	Script identifier is not a supported prefix+number code in the free text.
NCPPB 2061	This isolate is also in the collections; CFBP 7113 This isolate was isolated by K.A. Sabet Vig 3	CFBP 7113; VIG 3	CFBP 7113; VIG 3			match	
NCPPB 2062	This isolate is also in the collections; ICMP 5718, LMG 497 This isolate was isolated by K.A. Sabet Alf 1	ALF 1; ICMP 5718; LMG 497	ALF 1; ICMP 5718; LMG 497			match	
NCPPB 2063	This isolate was isolated by K.A. Sabet Caj 1	CAJ 1	CAJ 1			match	
NCPPB 2064	This isolate was isolated by K.A. Sabet Dol 3	DOL 3	DOL 3			match	
NCPPB 2066	This isolate is also in the collections; ICMP 5745, LMG 844 This isolate was isolated by K.A. Sabet Phyl 1	ICMP 5745; LMG 844; PHYL 1	ICMP 5745; LMG 844; PHYL 1			match	
NCPPB 2067	This isolate was isolated by K.A. Sabet Euph 3	EUPH 3			EUPH 3	mismatch	Script identifier is not a supported prefix+number code in the free text.
NCPPB 2095	This isolate was isolated by D.C. Graham					match	
NCPPB 2097						match	
NCPPB 2099						match	
NCPPB 2147	This isolate was isolated by L. Behr 1	BEHR 1	BEHR 1			match	
NCPPB 2181	This isolate was isolated by T. Tominaga X1-11-2	X 1-11-2	X 1-11-2			match	Includes one-letter local strain code(s).
NCPPB 2182	This isolate is also in the collections; ICMP 5780, LMG 732 This isolate was isolated by ex W. Kamerman S131-84	ICMP 5780; LMG 732; S 131-84	ICMP 5780; LMG 732; S 131-84			match	Includes one-letter local strain code(s).
NCPPB 2183	This isolate was isolated by ex W. Kamerman S148-81	S 148-81	S 148-81			match	Includes one-letter local strain code(s).
NCPPB 2190	This isolate is also in the collections; ICMP 5729, LMG 699 This isolate was isolated by C. F. Robbs ENA-568	ENA 568; ICMP 5729; LMG 699	ENA 568; ICMP 5729; LMG 699			match	
NCPPB 2217	This isolate is also in the collections; ATCC 33914;CECT 7646;CNBP 1192;DSM 7250;ICMP 4298;ICPB XA138;LMG 5856 This isolate was isolated by C.G. Panagopoulos 48	ATCC 33914; CECT 7646; CNBP 1192; DSM 7250; ICMP 4298; ICPB XA138; LMG 5856; XA 138	ATCC 33914; CECT 7646; CNBP 1192; DSM 7250; ICMP 4298; LMG 5856; XA 138		ICPB XA138	mismatch	
NCPPB 2218	This isolate is also in the collections; ICPB XA139 This isolate was isolated by C.G. Panagopoulos 75	ICPB XA139; XA 139	XA 139		ICPB XA139	mismatch	
NCPPB 2226	This isolate was isolated by D.C. Graham					match	
NCPPB 2228	This isolate is also in the collections; ICPB XB117, ICMP 2780, LMG 556 This isolate was isolated by A.M. Patel	ICMP 2780; ICPB XB117; LMG 556; XB 117	ICMP 2780; LMG 556; XB 117		ICPB XB117	mismatch	
NCPPB 2229	This isolate is also in the collections; ICPB XL107, ICMP 5738, LMG 9048 This isolate was isolated by A.M. Patel	ICMP 5738; ICPB XL107; LMG 9048; XL 107	ICMP 5738; LMG 9048; XL 107		ICPB XL107	mismatch	
NCPPB 2230	This isolate is also in the collections; ICPB XN105, ICMP 5731, LMG 9047 This isolate was isolated by A.M. Patel	ICMP 5731; ICPB XN105; LMG 9047; XN 105	ICMP 5731; LMG 9047; XN 105		ICPB XN105	mismatch	
NCPPB 2247	This isolate was isolated by J.F. Bradbury B3596	B 3596	B 3596			match	Includes one-letter local strain code(s).
NCPPB 2248	The donor reference is B3005 This isolate was isolated by ex R.A. Bailey MR20213	B 3005; MR 20213	B 3005; MR 20213			match	Includes one-letter local strain code(s).
NCPPB 2249	This isolate was isolated by J.F. Bradbury B3891	B 3891	B 3891			match	Includes one-letter local strain code(s).
NCPPB 2250	The donor reference is Dowson 1939 This isolate was isolated by J.F. Bradbury B3516a	B 3516A; DOWSON 1939	B 3516A		DOWSON 1939	mismatch	Includes one-letter local strain code(s). Script also includes unsupported identifier(s).
NCPPB 2251	The donor reference is B3645 This isolate is also in the collections; CFBP 7122 This isolate was isolated by ex D. Yirgou	B 3645; CFBP 7122	B 3645; CFBP 7122			match	Includes one-letter local strain code(s).
NCPPB 2255	The donor reference is 068-1406					needs_llm_review	Script identifier is not a supported prefix+number code in the free text.
NCPPB 2257	The donor reference is X32	X 32	X 32			match	Includes one-letter local strain code(s).
NCPPB 2258	The donor reference is X42	X 42	X 42			match	Includes one-letter local strain code(s).
NCPPB 2269	This isolate was isolated by M.J. Dervish 1356/2	DERVISH 1356/2			DERVISH 1356/2	mismatch	Script identifier is not a supported prefix+number code in the free text.
NCPPB 2297	This isolate was isolated by F.W. Catton 85/68	CATTON 85/68			CATTON 85/68	mismatch	Script identifier is not a supported prefix+number code in the free text.
NCPPB 2336	This isolate was isolated by F.W. Catton C721	C 721			C 721	mismatch	
NCPPB 2337	The donor reference is B63 This isolate is also in the collections; ICPB XE104, ICMP 5382, CFBP 7270, LMG 700	B 63; CFBP 7270; ICMP 5382; ICPB XE104; LMG 700; XE 104	B 63; CFBP 7270; ICMP 5382; LMG 700; XE 104		ICPB XE104	mismatch	Includes one-letter local strain code(s).
NCPPB 2338	The donor reference is B99 This isolate is also in the collections; ICPB XE105	B 99; ICPB XE105; XE 105	B 99; XE 105		ICPB XE105	mismatch	Includes one-letter local strain code(s).
NCPPB 2345	This isolate was isolated by J. Oxtoby A218	A 218	A 218			match	Includes one-letter local strain code(s).
NCPPB 2346	This isolate is also in the collections; ICMP 3151, LMG 810 This isolate was isolated by A.L.G. Pereira SBF-813	ICMP 3151; LMG 810; SBF 813	ICMP 3151; LMG 810; SBF 813			match	
NCPPB 2352	This isolate was isolated by J.W. Miller 069-3050	MILLER 069-3050			MILLER 069-3050	mismatch	Script identifier is not a supported prefix+number code in the free text.
NCPPB 2368	The donor reference is XPEl This isolate is also in the collections; ICMP 3030, LMG 812 This isolate was isolated by ex J.K. Jindal	ICMP 3030; LMG 812	ICMP 3030; LMG 812			match	
NCPPB 2369	The donor reference is XRI This isolate was isolated by ex J.K. Jindal					match	
NCPPB 2370	The donor reference is XH1 This isolate was isolated by ex J.K. Jindal	XH 1	XH 1			match	
NCPPB 2371	The donor reference is Xal This isolate is also in the collections; ICMP 3033, LMG 499 This isolate was isolated by ex J.K. Jindal	ICMP 3033; LMG 499	ICMP 3033; LMG 499			match	
NCPPB 2372	The donor reference is XFl This isolate is also in the collections; ICMP 3036, LMG 701 This isolate was isolated by ex J.K. Jindal	ICMP 3036; LMG 701	ICMP 3036; LMG 701			match	
NCPPB 2373	The donor reference is XCl This isolate is also in the collections; ICMP 3034, LMG 669 This isolate was isolated by ex J.K. Jindal	ICMP 3034; LMG 669	ICMP 3034; LMG 669			match	
NCPPB 2374	The donor reference is XC2 This isolate was isolated by ex J.K. Jindal	XC 2	XC 2			match	
NCPPB 2375	This isolate is also in the collections; W.J. Dowson 265 This isolate was isolated by ex M.P. Starr XA113	DOWSON 265; XA 113	XA 113		DOWSON 265	mismatch	Script identifier is not a supported prefix+number code in the free text.
NCPPB 2376	This isolate is also in the collections; W.J. Dowson 266 This isolate was isolated by ex M.P. Starr XA115	DOWSON 266; XA 115	XA 115		DOWSON 266	mismatch	Script identifier is not a supported prefix+number code in the free text.
NCPPB 2387	The donor reference is PM This isolate was isolated by ex G.S. Shekhawat					match	
NCPPB 2388	The donor reference is PA This isolate is also in the collections; ICMP 3102, LMG 543 This isolate was isolated by ex J.K. Jindal	ICMP 3102; LMG 543	ICMP 3102; LMG 543			match	
NCPPB 2389	The donor reference is B5 This isolate is also in the collections; ICMP 5735 This isolate was isolated by ex G.S. Shekhawat	B 5; ICMP 5735	B 5; ICMP 5735			match	Includes one-letter local strain code(s).
NCPPB 2393	This isolate was isolated by T. Tominaga Xl-6-1	XL 6-1	XL 6-1			match	
NCPPB 2417	The donor reference is YW5 This isolate is also in the collections; ICMP 3103, LMG 736, CFBP 2543 This isolate was isolated by ex D.R.W. Watson	CFBP 2543; ICMP 3103; LMG 736; YW 5	CFBP 2543; ICMP 3103; LMG 736; YW 5			match	
NCPPB 2436	The donor reference is VMl This isolate is also in the collections; ICMP 3518, LMG 536 This isolate was isolated by ex A.L.G. Pereira SBF-913	ICMP 3518; LMG 536; SBF 913	ICMP 3518; LMG 536; SBF 913			match	
NCPPB 2438	This isolate was isolated by N.M. Viljoen 2UP87	VILJOEN 2UP87			VILJOEN 2UP87	mismatch	Script identifier is not a supported prefix+number code in the free text.
NCPPB 2439	This isolate is also in the collections; ICMP 5762, LMG 8692 This isolate was isolated by A.C. Hayward 0365	HAYWARD 0365; ICMP 5762; LMG 8692	ICMP 5762; LMG 8692		HAYWARD 0365	mismatch	Script identifier is not a supported prefix+number code in the free text.
NCPPB 2443	This isolate was isolated by J.C. Lozano 23L	LOZANO 23L			LOZANO 23L	mismatch	Script identifier is not a supported prefix+number code in the free text.
NCPPB 2444	This isolate was isolated by J.C. Lozano 30L	LOZANO 30L			LOZANO 30L	mismatch	Script identifier is not a supported prefix+number code in the free text.
NCPPB 2446	The donor reference is B5000 This isolate was isolated by ex S. Yoshimura The source of this isolate was ex R.T.V. Fox ex Mizukami H5809	B 5000; H 5809	B 5000		H 5809	mismatch	Includes one-letter local strain code(s).
NCPPB 2475	This isolate is also in the collections; ICMP 3867, LMG 965 This isolate was isolated by M.V. Nayudu 0307	ICMP 3867; LMG 965; NAYUDU 0307	ICMP 3867; LMG 965		NAYUDU 0307	mismatch	Script identifier is not a supported prefix+number code in the free text.
NCPPB 2490	The donor reference is B4929 This isolate was isolated by ex J. Subbayya	B 4929	B 4929			match	Includes one-letter local strain code(s).
NCPPB 2492	This isolate was isolated by J.F. Bradbury B4568b	B 4568B	B 4568B			match	Includes one-letter local strain code(s).
NCPPB 2493	This isolate was isolated by J.F. Bradbury B4487	B 4487	B 4487			match	Includes one-letter local strain code(s).
NCPPB 2494	The donor reference is B5017 The source of this isolate was ex S.V. Hegde Guar 1	B 5017; GUAR 1	B 5017		GUAR 1	mismatch	Includes one-letter local strain code(s). Script also includes unsupported identifier(s).
NCPPB 2495	This isolate was isolated by J.F. Bradbury B4687	B 4687	B 4687			match	Includes one-letter local strain code(s).
NCPPB 2496	The donor reference is B5078 The source of this isolate was ex H.K. Saksena	B 5078	B 5078			match	Includes one-letter local strain code(s).
NCPPB 2497	The donor reference is B4539 The source of this isolate was ex V.P. Rao ex M.J. Chacko	B 4539	B 4539			match	Includes one-letter local strain code(s).
NCPPB 2498	This isolate is also in the collections; ICMP 5380, LMG 685 This isolate was isolated by J.F. Bradbury B5081	B 5081; ICMP 5380; LMG 685	B 5081; ICMP 5380; LMG 685			match	Includes one-letter local strain code(s).
NCPPB 2499	This isolate was isolated by J.F. Bradbury B4542	B 4542	B 4542			match	Includes one-letter local strain code(s).
NCPPB 2503	This isolate was isolated by ex J.A. Spence The source of this isolate was ex A. Hayward					match	
NCPPB 2517	This isolate was isolated by L.A.E. Baker 507	BAKER 507			BAKER 507	mismatch	Script identifier is not a supported prefix+number code in the free text.
NCPPB 2550	The donor reference is IBSP-124	IBSP 124	IBSP 124			match	
NCPPB 2567	This isolate is also in the collections; ICMP 203, LMG 7479, ATCC 23378 This isolate was isolated by M. K. Bryan The source of this isolate was ex ICPB XC6 ex P.R. Burkholder ex M.K. Bryan 46	ATCC 23378; BRYAN 46; ICMP 203; ICPB XC6; LMG 7479; XC 6	ATCC 23378; ICMP 203; LMG 7479; XC 6		BRYAN 46; ICPB XC6	mismatch	Script identifier is not a supported prefix+number code in the free text.
NCPPB 2572	The donor reference is 555 This isolate was isolated by ex R.E. Stall XV-69-1 The source of this isolate was ex T. Egli	XV 69-1	XV 69-1			match	Script identifier is not a supported prefix+number code in the free text.
NCPPB 2573	The donor reference is 557 This isolate is also in the collections; LMG 929 This isolate was isolated by ex R.E. Stall XV-69-10 The source of this isolate was ex T. Egli	LMG 929; XV 69-10	LMG 929; XV 69-10			match	Script identifier is not a supported prefix+number code in the free text.
NCPPB 2574	The donor reference is 558 This isolate is also in the collections; LMG 930 This isolate was isolated by ex R.E. Stall XV-69-23 The source of this isolate was ex T. Egli	LMG 930; XV 69-23	LMG 930; XV 69-23			match	Script identifier is not a supported prefix+number code in the free text.
NCPPB 2575	The donor reference is 560 This isolate is also in the collections; LMG 931 This isolate was isolated by ex R.E. Stall XV-69-13 The source of this isolate was ex T. Egli	LMG 931; XV 69-13	LMG 931; XV 69-13			match	Script identifier is not a supported prefix+number code in the free text.
NCPPB 2576	The donor reference is 561 This isolate was isolated by ex R.E. Stall XV-E-3 The source of this isolate was ex T. Egli	E 3; XV-E 3	E 3		XV-E 3	mismatch	Includes one-letter local strain code(s). Script also includes unsupported identifier(s).
NCPPB 2586	This isolate was isolated by S. Vir					match	
NCPPB 2587	This isolate was isolated by F.N. Matthee;					match	
NCPPB 2588	This isolate was isolated by F.N. Matthee					match	
NCPPB 2592	The donor reference is ENA-2078 This isolate is also in the collections; ICMP 8917, LMG 9040	ENA 2078; ICMP 8917; LMG 9040	ENA 2078; ICMP 8917; LMG 9040			match	
NCPPB 2593	This isolate is also in the collections; LMG 932 This isolate was isolated by C.F. Robbs ENA-804 The source of this isolate was ex O. Kimura	ENA 804; LMG 932	ENA 804; LMG 932			match	
NCPPB 2594	This isolate is also in the collections; LMG 933 This isolate was isolated by C.F. Robbs ENA-734 The source of this isolate was ex O. Kimura	ENA 734; LMG 933	ENA 734; LMG 933			match	
NCPPB 2595	This isolate was isolated by C.F. Robbs ENA-76	ENA 76	ENA 76			match	
NCPPB 2597	This isolate is also in the collections; ICMP 2299, LMG 690, DSM 18957, CFBP 2542 This isolate was isolated by D.R.W. Watson E78	CFBP 2542; DSM 18957; E 78; ICMP 2299; LMG 690	CFBP 2542; DSM 18957; E 78; ICMP 2299; LMG 690			match	Includes one-letter local strain code(s).
NCPPB 2605	This isolate was isolated by P. Roberts A493	A 493	A 493			match	Includes one-letter local strain code(s).
NCPPB 2614	The donor reference is NU2 This isolate was isolated by ex M.V. Nayudu 0302 The source of this isolate was ex ICMP 3865	ICMP 3865; NAYUDU 0302; NU 2	ICMP 3865; NU 2		NAYUDU 0302	mismatch	Script identifier is not a supported prefix+number code in the free text.
NCPPB 2615	The donor reference is NU3 This isolate was isolated by ex M.V. Nyaudu 0305	NU 3; NYAUDU 0305	NU 3		NYAUDU 0305	mismatch	Script identifier is not a supported prefix+number code in the free text.
NCPPB 2616	The donor reference is NU5 This isolate was isolated by ex M.V. Nayaudu 0309	NAYAUDU 0309; NU 5	NU 5		NAYAUDU 0309	mismatch	Script identifier is not a supported prefix+number code in the free text.
NCPPB 2632	This isolate was isolated by B. Austin D119	D 119	D 119			match	Includes one-letter local strain code(s).
NCPPB 2649	This isolate is also in the collections; ICMP 5719, LMG 533 This isolate was isolated by S.K. Mohan	ICMP 5719; LMG 533	ICMP 5719; LMG 533			match	
NCPPB 2654	This isolate was isolated by F.W. Catton C783	C 783			C 783	mismatch	
NCPPB 2665	The donor reference is IPV-BO 193 This isolate is also in the collections; LMG 841 The source of this isolate was ex D. Alberto IPV BO 193	BO 193; IPV-BO 193; LMG 841	BO 193; LMG 841		IPV-BO 193	mismatch	
NCPPB 2695	This isolate was isolated by ex D. Schmidt					match	
NCPPB 2696	This isolate was isolated by T. Egli 702	EGLI 702			EGLI 702	mismatch	Script identifier is not a supported prefix+number code in the free text.
NCPPB 2697	This isolate was isolated by T. Egli 703	EGLI 703			EGLI 703	mismatch	Script identifier is not a supported prefix+number code in the free text.
NCPPB 2698	This isolate was isolated by T. Egli 704	EGLI 704			EGLI 704	mismatch	Script identifier is not a supported prefix+number code in the free text.
NCPPB 2699	This isolate was isolated by T. Egli 705	EGLI 705			EGLI 705	mismatch	Script identifier is not a supported prefix+number code in the free text.
NCPPB 2700	This isolate is also in the collections; ICMP 5733, LMG 726, ATCC 29091, CFBP 2053 This isolate was isolated by T. Egli 706	ATCC 29091; CFBP 2053; EGLI 706; ICMP 5733; LMG 726	ATCC 29091; CFBP 2053; ICMP 5733; LMG 726		EGLI 706	mismatch	Script identifier is not a supported prefix+number code in the free text.
NCPPB 2701	This isolate was isolated by T. Egli 707	EGLI 707			EGLI 707	mismatch	Script identifier is not a supported prefix+number code in the free text.
NCPPB 2817	The donor reference is 4081					needs_llm_review	Script identifier is not a supported prefix+number code in the free text.
NCPPB 2819	The donor reference is 4230					needs_llm_review	Script identifier is not a supported prefix+number code in the free text.
NCPPB 2820	The donor reference is 5262					needs_llm_review	Script identifier is not a supported prefix+number code in the free text.
NCPPB 2821	The donor reference is 5523 This isolate is also in the collections; ICMP 5755, LMG 892, ATCC 35935, CFBP 2055	ATCC 35935; CFBP 2055; ICMP 5755; LMG 892	ATCC 35935; CFBP 2055; ICMP 5755; LMG 892			match	Script identifier is not a supported prefix+number code in the free text.
NCPPB 2822	The donor reference is 5558 This isolate is also in the collections; ICMP 5749, LMG 883, CFBP 2539	CFBP 2539; ICMP 5749; LMG 883	CFBP 2539; ICMP 5749; LMG 883			match	Script identifier is not a supported prefix+number code in the free text.
NCPPB 2825	The donor reference is 5670					needs_llm_review	Script identifier is not a supported prefix+number code in the free text.
NCPPB 2826	The donor reference is 5673					needs_llm_review	Script identifier is not a supported prefix+number code in the free text.
NCPPB 2827	The donor reference is 5690					needs_llm_review	Script identifier is not a supported prefix+number code in the free text.
NCPPB 2828	The donor reference is 5777					needs_llm_review	Script identifier is not a supported prefix+number code in the free text.
NCPPB 2829	The donor reference is 5781					needs_llm_review	Script identifier is not a supported prefix+number code in the free text.
NCPPB 2831	The donor reference is 5897					needs_llm_review	Script identifier is not a supported prefix+number code in the free text.
NCPPB 2832	This isolate is also in the collections; ICMP 5381, LMG 532 This isolate was isolated by ex M. Beramis	ICMP 5381; LMG 532	ICMP 5381; LMG 532			match	
NCPPB 2834	The donor reference is UKP 33 The source of this isolate was ex S.J. Brown	UKP 33	UKP 33			match	
NCPPB 2835	The donor reference is UKP 37 The source of this isolate was ex S.J. Brown	UKP 37	UKP 37			match	
NCPPB 2836						match	
NCPPB 2837	The donor reference is UKP 783 This isolate was isolated by ex D.L. Ebbels	UKP 783	UKP 783			match	
NCPPB 2838	The donor reference is UKP 765 This isolate was isolated by ex D.L. Ebbels	UKP 765	UKP 765			match	
NCPPB 2839	The donor reference is UKP 784 This isolate was isolated by ex D.L. Ebbels	UKP 784	UKP 784			match	
NCPPB 2840	The donor reference is UKP 852	UKP 852	UKP 852			match	
NCPPB 2856	This isolate was isolated by F.W. Catton C798	C 798			C 798	mismatch	
NCPPB 2857	This isolate was isolated by W.F. Catton C799	C 799			C 799	mismatch	
NCPPB 2859	The source of this isolate was ex D. Massfeller ex R. Hazneci					match	
NCPPB 2864	This isolate was isolated by F.W. Catton 211/75/2	CATTON 211/75/2			CATTON 211/75/2	mismatch	Script identifier is not a supported prefix+number code in the free text.
NCPPB 2865	This isolate was isolated by F.W. Catton 212/75/1	CATTON 212/75/1			CATTON 212/75/1	mismatch	Script identifier is not a supported prefix+number code in the free text.
NCPPB 2866	This isolate was isolated by F.W. Catton 212/75/6	CATTON 212/75/6			CATTON 212/75/6	mismatch	Script identifier is not a supported prefix+number code in the free text.
NCPPB 2876	This isolate was isolated by V. Severin XC7	XC 7	XC 7			match	
NCPPB 2877	This isolate is also in the collections; ICMP 6570, LMG 9042, CCUG 28779, DSMZ 44278, ATCC 49725 This isolate was isolated by V. Severin XC8	ATCC 49725; CCUG 28779; DSMZ 44278; ICMP 6570; LMG 9042; XC 8	ATCC 49725; CCUG 28779; DSMZ 44278; ICMP 6570; LMG 9042; XC 8			match	
NCPPB 2879	This isolate was isolated by V. Severin XC12	XC 12	XC 12			match	
NCPPB 2885	This isolate was isolated by ex J.G. Luisetti G21.5	G 21.5	G 21.5			match	Includes one-letter local strain code(s).
NCPPB 2894	This isolate was isolated by M.L. Moffett 0238	MOFFETT 0238			MOFFETT 0238	mismatch	Script identifier is not a supported prefix+number code in the free text.
NCPPB 2896	The donor reference is 164/7					needs_llm_review	Script identifier is not a supported prefix+number code in the free text.
NCPPB 2898	This isolate is also in the collections; ICMP 7080 This isolate was isolated by P. Roberts A724A	A 724A; ICMP 7080	A 724A; ICMP 7080			match	Includes one-letter local strain code(s).
NCPPB 2904	This isolate was isolated by P. Roberts A736	A 736	A 736			match	Includes one-letter local strain code(s).
NCPPB 2910	The donor reference is B5271 This isolate was isolated by ex R.W. Schneider 1186	B 5271; SCHNEIDER 1186	B 5271		SCHNEIDER 1186	mismatch	Includes one-letter local strain code(s). Script also includes unsupported identifier(s).
NCPPB 2914	The donor reference is B5300 The source of this isolate was ex D. Norse 507	B 5300; NORSE 507	B 5300		NORSE 507	mismatch	Includes one-letter local strain code(s). Script also includes unsupported identifier(s).
NCPPB 2918	The donor reference is BS469 This isolate was isolated by J.F. Bradbury BS469	BS 469	BS 469			match	
NCPPB 2919	The donor reference is B5530 This isolate was isolated by ex R.J. Williams CBZII 5972	B 5530; CBZII 5972	B 5530		CBZII 5972	mismatch	Includes one-letter local strain code(s). Script also includes unsupported identifier(s).
NCPPB 2920	This isolate was isolated by J.F. Bradbury B5562	B 5562	B 5562			match	Includes one-letter local strain code(s).
NCPPB 2921	The donor reference is B5566 This isolate was isolated by ex P.S.W. Lin PP1312/60	B 5566; PP 1312/60	B 5566; PP 1312/60			match	Includes one-letter local strain code(s). Script also includes unsupported identifier(s).
NCPPB 2922	The donor reference is B5577 This isolate was isolated by J.F. Bradbury	B 5577	B 5577			match	Includes one-letter local strain code(s).
NCPPB 2925	The donor reference is B5582 This isolate was isolated by ex C. Nwigwe YI	B 5582	B 5582			match	Includes one-letter local strain code(s).
NCPPB 2927	This isolate was isolated by J.F. Bradbury B5632	B 5632	B 5632			match	Includes one-letter local strain code(s).
NCPPB 2928	The donor reference is B5643 This isolate was isolated by ex B.P.Chakravarti N318	B 5643; N 318	B 5643; N 318			match	Includes one-letter local strain code(s).
NCPPB 2930	The donor reference is B5806 This isolate was isolated by ex G. Jackson PP223	B 5806; PP 223	B 5806; PP 223			match	Includes one-letter local strain code(s).
NCPPB 2931	This isolate was isolated by J.F. Bradbury B5830	B 5830	B 5830			match	Includes one-letter local strain code(s).
NCPPB 2932	The donor reference is B5480 This isolate was isolated by ex B.S. Siradhana	B 5480	B 5480			match	Includes one-letter local strain code(s).
NCPPB 2933	The donor reference is B6132 This isolate was isolated by J.F. Bradbury B6132	B 6132	B 6132			match	Includes one-letter local strain code(s).
NCPPB 2934	The donor reference is B6141 This isolate was isolated by ex P.S. Shekhawat XWl	B 6141	B 6141			match	Includes one-letter local strain code(s).
NCPPB 2935	The donor reference is B6144 This isolate was isolated by ex P.S. Shekhawat D42	B 6144; D 42	B 6144; D 42			match	Includes one-letter local strain code(s).
NCPPB 2936	The donor reference is B 6149 This isolate was isolated by ex P.S. Shekhawat XA1	B 6149; XA 1	B 6149; XA 1			match	Includes one-letter local strain code(s).
NCPPB 2938	The donor reference is B6617 This isolate was isolated by ex Hasanuddin	B 6617	B 6617			match	Includes one-letter local strain code(s).
NCPPB 2949	The donor reference is DAR 26146 This isolate was isolated by ex J. McGeghan The source of this isolate was ex N.S.W. Dept. of Agri.	DAR 26146	DAR 26146			match	
NCPPB 2953	The donor reference is Tri lb This isolate is also in the collections; ICPB XP228	ICPB XP228; XP 228	XP 228		ICPB XP228	mismatch	
NCPPB 2955	The donor reference is Bt3 This isolate is also in the collections; ICPB XP230	BT 3; ICPB XP230; XP 230	BT 3; XP 230		ICPB XP230	mismatch	
NCPPB 2959	The donor reference is Reg This isolate is also in the collections; ICMP 5816, ICPB XP231, ATCC 51165, CFBP 1817, LMG 5743	ATCC 51165; CFBP 1817; ICMP 5816; ICPB XP231; LMG 5743; XP 231	ATCC 51165; CFBP 1817; ICMP 5816; LMG 5743; XP 231		ICPB XP231	mismatch	
NCPPB 2960	The donor reference is BII This isolate is also in the collections; ICPB XP232	ICPB XP232; XP 232	XP 232		ICPB XP232	mismatch	
NCPPB 2963	The donor reference is S62b This isolate is also in the collections; ICPB XP235	ICPB XP235; S 62B; XP 235	S 62B; XP 235		ICPB XP235	mismatch	Includes one-letter local strain code(s).
NCPPB 2965	The donor reference is IBBF-105 This isolate was isolated by ex J.R. Neto	IBBF 105	IBBF 105			match	
NCPPB 2967	The donor reference is IBBF-165 This isolate was isolated by ex A.G. Zagatto	IBBF 165	IBBF 165			match	
NCPPB 2968	This isolate is also in the collections; ATCC 11633, DSM 19128, CFBP 6864, LMG 27970 This isolate was isolated by ex W.H. Burkholder XV25 The source of this isolate was ex D.W. Dye X12	ATCC 11633; CFBP 6864; DSM 19128; LMG 27970; X 12; XV 25	ATCC 11633; CFBP 6864; DSM 19128; LMG 27970; X 12; XV 25			match	Includes one-letter local strain code(s).
NCPPB 2969	This isolate is also in the collections; ATCC 33915, CFBP 2523, ICMP 196, LMG 494, DSMZ 3583 This isolate was isolated by ex D.W. Dye ZA6	ATCC 33915; CFBP 2523; DSMZ 3583; ICMP 196; LMG 494; ZA 6	ATCC 33915; CFBP 2523; DSMZ 3583; ICMP 196; LMG 494; ZA 6			match	
NCPPB 2970	This isolate is also in the collections; ATCC 14179, ICMP 220, LMG 809 This isolate was isolated by ex M.K. Bryan 47 The source of this isolate was ex D.W. Dye ZI 2 ex ICPB XP5	ATCC 14179; BRYAN 47; ICMP 220; ICPB XP5; LMG 809; XP 5; ZI 2	ATCC 14179; ICMP 220; LMG 809; XP 5; ZI 2		BRYAN 47; ICPB XP5	mismatch	Script identifier is not a supported prefix+number code in the free text.
NCPPB 2973	This isolate is also in the collections; ATCC 11638, ICPB XC112, M.K. Patel 6, ICMP 358, LMG 675, CFBP 2973 This isolate was isolated by M.K. Patel The source of this isolate was ex D.W. Dye YD2 ex W.H. Burkholder XC18	ATCC 11638; CFBP 2973; ICMP 358; ICPB XC112; LMG 675; PATEL 6; XC 112; XC 18; YD 2	ATCC 11638; CFBP 2973; ICMP 358; LMG 675; XC 112; XC 18; YD 2		ICPB XC112; PATEL 6	mismatch	Script identifier is not a supported prefix+number code in the free text.
NCPPB 2977	This isolate is also in the collections; ATCC 23577, LMG 872, ICMP 5852 This isolate was isolated by M.K. Patel The source of this isolate was ex D.W. Dye WK2 ex M.J. Thirumalachar	ATCC 23577; ICMP 5852; LMG 872; WK 2	ATCC 23577; ICMP 5852; LMG 872; WK 2			match	
NCPPB 2978	This isolate is also in the collections; ICMP 2372, LMG 9059 The source of this isolate was ex D.W. Dye VNI ex J.J. Joubert Arum 3	ARUM 3; ICMP 2372; LMG 9059	ARUM 3; ICMP 2372; LMG 9059			match	
NCPPB 2982	This isolate is also in the collections; ICMP 8561, LMG 2167, ATCC 33616, CFBP 2432 This isolate was isolated by ex M. Goto PC1	ATCC 33616; CFBP 2432; ICMP 8561; LMG 2167; PC 1	ATCC 33616; CFBP 2432; ICMP 8561; LMG 2167; PC 1			match	
NCPPB 2983	This isolate is also in the collections; ICMP 4294, LMG 702 This isolate was isolated by ex M. Goto XPl	ICMP 4294; LMG 702	ICMP 4294; LMG 702			match	
NCPPB 2985	This isolate is also in the collections; CFBP 2533, ICMP 4321, LMG 7314 The source of this isolate was ex D.W. Dye ZJ12 ex W.J. Kemp 41	CFBP 2533; ICMP 4321; KEMP 41; LMG 7314; ZJ 12	CFBP 2533; ICMP 4321; LMG 7314; ZJ 12		KEMP 41	mismatch	Script identifier is not a supported prefix+number code in the free text.
NCPPB 2986	This isolate is also in the collections; ICMP 4805, LMG 9037 This isolate was isolated by ex M.L. Moffett 0406	ICMP 4805; LMG 9037; MOFFETT 0406	ICMP 4805; LMG 9037		MOFFETT 0406	mismatch	Script identifier is not a supported prefix+number code in the free text.
NCPPB 2987	This isolate is also in the collections; ICPB XP 237 This isolate was isolated by ex D.A. Burdekin	XP 237	XP 237			match	
NCPPB 2997	This isolate was isolated by ex R.G. Orellana 14	ORELLANA 14			ORELLANA 14	mismatch	Script identifier is not a supported prefix+number code in the free text.
NCPPB 2998	This isolate was isolated by ex R.G. Orellana 19	ORELLANA 19			ORELLANA 19	mismatch	Script identifier is not a supported prefix+number code in the free text.
NCPPB 3002	This isolate is also in the collections; ATCC 35933, ICMP 3125, LMG 5047, CFBP 2532 This isolate was isolated by ex Y.P. Rao	ATCC 35933; CFBP 2532; ICMP 3125; LMG 5047	ATCC 35933; CFBP 2532; ICMP 3125; LMG 5047			match	
NCPPB 3003	This isolate is also in the collections; ICPB XB110, NZRCC 10031, CFBP 2524, ICMP 194, ATCC 49082, LMG 7303 This isolate was isolated by ex D.W. Dye Z4	ATCC 49082; CFBP 2524; ICMP 194; ICPB XB110; LMG 7303; NZRCC 10031; XB 110; Z 4	ATCC 49082; CFBP 2524; ICMP 194; LMG 7303; NZRCC 10031; XB 110; Z 4		ICPB XB110	mismatch	Includes one-letter local strain code(s).
NCPPB 3005	This isolate was isolated by ex C.F. Robbs IBSP XM1	IBSP XM1; XM 1	IBSP XM1		XM 1	mismatch	Script also includes unsupported identifier(s).
NCPPB 3020	The donor reference is 426 & 427					needs_llm_review	Script identifier is not a supported prefix+number code in the free text.
NCPPB 3022	This isolate was isolated by J.C. Lozano CIAT 1185	CIAT 1185	CIAT 1185			match	
NCPPB 3024	This isolate was isolated by D.L. Strider NC334	NC 334	NC 334			match	
NCPPB 3026	This isolate was isolated by S. Grasso 3	GRASSO 3			GRASSO 3	mismatch	Script identifier is not a supported prefix+number code in the free text.
NCPPB 3027	This isolate was isolated by S. Grasso 6	GRASSO 6			GRASSO 6	mismatch	Script identifier is not a supported prefix+number code in the free text.
NCPPB 3028	This isolate was isolated by J.R. Neto X-84	X 84	X 84			match	Includes one-letter local strain code(s).
NCPPB 3035	This isolate is also in the collections; CFBP 2534, ICMP 5834, ATCC 9563, The source of this isolate was ex ATCC 9563 ex W.H. Burkholder XP20	ATCC 9563; CFBP 2534; ICMP 5834; XP 20	ATCC 9563; CFBP 2534; ICMP 5834; XP 20			match	
NCPPB 3040	This isolate was isolated by J.E. Sellwood A895	A 895	A 895			match	Includes one-letter local strain code(s).
NCPPB 3041	This isolate was isolated by P. Roberts A905	A 905	A 905			match	Includes one-letter local strain code(s).
NCPPB 3058						match	
NCPPB 3059	This isolate was isolated by H. Maraite Z291	Z 291	Z 291			match	Includes one-letter local strain code(s).
NCPPB 3060	This isolate was isolated by H. Maraite N578	N 578	N 578			match	Includes one-letter local strain code(s).
NCPPB 3061	This isolate is also in the collections; ICMP 8816, LMG 671 This isolate was isolated by M. Maraite R662	ICMP 8816; LMG 671; R 662	ICMP 8816; LMG 671; R 662			match	Includes one-letter local strain code(s).
NCPPB 3062	This isolate is also in the collections; LMG 672 This isolate was isolated by M. Maraite R704	LMG 672; R 704	LMG 672; R 704			match	Includes one-letter local strain code(s).
NCPPB 3066	This isolate was isolated by J.E. Sellwood A960	A 960	A 960			match	Includes one-letter local strain code(s).
NCPPB 3078	The donor reference is ENA503 This isolate was isolated by ex A. Frenhani	ENA 503	ENA 503			match	
NCPPB 3079	This isolate is also in the collections; ICMP 8919, LMG 9053 This isolate was isolated by C.F. Robbs ENA 2154	ENA 2154; ICMP 8919; LMG 9053	ENA 2154; ICMP 8919; LMG 9053			match	
NCPPB 3082	This isolate was isolated by C.F. Robbs ENA 2564	ENA 2564	ENA 2564			match	
NCPPB 3086	This isolate is also in the collections; ICMP 6502, LMG 9046 The source of this isolate was ex ITCC 29 ex N.M. Pant	ICMP 6502; ITCC 29; LMG 9046	ICMP 6502; ITCC 29; LMG 9046			match	
NCPPB 3092	The donor reference is B7090 This isolate is also in the collections; ICMP 6574, LMG 9045 This isolate was isolated by ex Y.S. Kulkarni	B 7090; ICMP 6574; LMG 9045	B 7090; ICMP 6574; LMG 9045			match	Includes one-letter local strain code(s).
NCPPB 3110	This isolate was isolated by C.F. Robbs ENA 2530	ENA 2530	ENA 2530			match	
NCPPB 3114	This isolate is also in the collections; ICMP 6747, LMG 9051 This isolate was isolated by ex N.M. Pant P30 The source of this isolate was ex ITCC	ICMP 6747; LMG 9051; P 30	ICMP 6747; LMG 9051; P 30			match	Includes one-letter local strain code(s).
NCPPB 3119	This isolate was isolated by ex J. Mahillon					match	
NCPPB 3125	This isolate was isolated by M.L. Moffett 0839	MOFFETT 0839			MOFFETT 0839	mismatch	Script identifier is not a supported prefix+number code in the free text.
NCPPB 3135						match	
NCPPB 3136	This isolate was isolated by J.R. Neto 246	NETO 246			NETO 246	mismatch	Script identifier is not a supported prefix+number code in the free text.
NCPPB 3140	The donor reference is 120					needs_llm_review	Script identifier is not a supported prefix+number code in the free text.
NCPPB 3155	This isolate was isolated by C. Bazzi 1192-IPV-BO	BAZZI 1192-IPV-BO			BAZZI 1192-IPV-BO	mismatch	Script identifier is not a supported prefix+number code in the free text.
NCPPB 3156	This isolate was isolated by U. Mazzucchi 1236 IPV-BO	MAZZUCCHI 1236			MAZZUCCHI 1236	mismatch	Script identifier is not a supported prefix+number code in the free text.
NCPPB 3161	The donor reference is B6812 This isolate was isolated by ex G. Persley C6	B 6812; C 6	B 6812		C 6	mismatch	Includes one-letter local strain code(s).
NCPPB 3162	This isolate was isolated by J.F. Bradbury B6892b	B 6892B	B 6892B			match	Includes one-letter local strain code(s).
NCPPB 3168	The donor reference is B7147	B 7147	B 7147			match	Includes one-letter local strain code(s).
NCPPB 3169	This isolate is also in the collections; CFBP 7114 This isolate was isolated by J.F. Bradbury B 7166	B 7166; CFBP 7114	B 7166; CFBP 7114			match	Includes one-letter local strain code(s).
NCPPB 3170	This isolate was isolated by J.F. Bradbury B7205	B 7205	B 7205			match	Includes one-letter local strain code(s).
NCPPB 3172	The donor reference is B7299 This isolate was isolated by ex G. Persley 1	B 7299; PERSLEY 1	B 7299		PERSLEY 1	mismatch	Includes one-letter local strain code(s). Script also includes unsupported identifier(s).
NCPPB 3173	This isolate was isolated by J.F. Bradbury B7343	B 7343	B 7343			match	Includes one-letter local strain code(s).
NCPPB 3174	The donor reference is B7344b This isolate was isolated by J.f. Bradbury	B 7344B	B 7344B			match	Includes one-letter local strain code(s).
NCPPB 3176	This isolate was isolated by J.F. Bradbury B7380	B 7380	B 7380			match	Includes one-letter local strain code(s).
NCPPB 3177	The donor reference is B7385 This isolate was isolated by ex N.M. Kalyni No3	B 7385; NO 3	B 7385; NO 3			match	Includes one-letter local strain code(s).
NCPPB 3178	This isolate was isolated by J.F. Bradbury B7440a	B 7440A	B 7440A			match	Includes one-letter local strain code(s).
NCPPB 3182	This isolate was isolated by J.F. Bradbury B 7567	B 7567	B 7567			match	Includes one-letter local strain code(s).
NCPPB 3187	This isolate is also in the collections; CFBP 7115 This isolate was isolated by J.F. Bradbury B 7613a	B 7613A; CFBP 7115	B 7613A; CFBP 7115			match	Includes one-letter local strain code(s).
NCPPB 3191	The donor reference is B7790 This isolate was isolated by ex A.L.G. Pereira BM12 The source of this isolate was ex H. Maraite	B 7790; BM 12	B 7790; BM 12			match	Includes one-letter local strain code(s).
NCPPB 3192	The donor reference is B7791 This isolate is also in the collections; NCPPB 3061 This isolate was isolated by ex M. Maraite R662	B 7791; NCPPB 3061; R 662	B 7791; NCPPB 3061; R 662			match	Includes one-letter local strain code(s).
NCPPB 3194	This isolate was isolated by J.F. Bradbury B7797	B 7797	B 7797			match	Includes one-letter local strain code(s).
NCPPB 3200	The donor reference is B8059 This isolate was isolated by J.F. Bradbury	B 8059	B 8059			match	Includes one-letter local strain code(s).
NCPPB 3204	The donor reference is B8327 This isolate was isolated by ex R. Billington	B 8327	B 8327			match	Includes one-letter local strain code(s).
NCPPB 3207	This isolate was isolated by J.F. Bradbury B8511	B 8511	B 8511			match	Includes one-letter local strain code(s).
NCPPB 3212	This isolate was isolated by J.F. Bradbury B 8597	B 8597	B 8597			match	Includes one-letter local strain code(s).
NCPPB 3213	The donor reference is B 8600 This isolate is also in the collections; ICMP 8918 This isolate was isolated by ex B.P. Chakravarti BlP	B 8600; ICMP 8918	B 8600; ICMP 8918			match	Includes one-letter local strain code(s).
NCPPB 3215	The donor reference is B8613 This isolate was isolated by ex R. Raemakers 4	B 8613; RAEMAKERS 4	B 8613		RAEMAKERS 4	mismatch	Includes one-letter local strain code(s). Script also includes unsupported identifier(s).
NCPPB 3218	The donor reference is B8718 This isolate was isolated by C.P. Bennett Y3	B 8718; Y 3	B 8718; Y 3			match	Includes one-letter local strain code(s).
NCPPB 3229	The donor reference is Xg 719 This isolate is also in the collections; ICMP 7727, LMG 727, CFBP 2056, ATCC 33803 This isolate was isolated by ex J. Herzog Xg 102	ATCC 33803; CFBP 2056; ICMP 7727; LMG 727; XG 102; XG 719	ATCC 33803; CFBP 2056; ICMP 7727; LMG 727; XG 102; XG 719			match	
NCPPB 3230	The donor reference is 724 This isolate is also in the collections; ICMP 7726, LMG 728, CFBP 2057, ATCC 33804 This isolate was isolated by ex J. Herzog Xg 122	ATCC 33804; CFBP 2057; ICMP 7726; LMG 728; XG 122	ATCC 33804; CFBP 2057; ICMP 7726; LMG 728; XG 122			match	Script identifier is not a supported prefix+number code in the free text.
NCPPB 3231	The donor reference is Xg 729 This isolate is also in the collections; ICMP 7725, LMG 730, CFBP 2062, ATCC 33805 This isolate was isolated by ex D. Schmidt Xg 135	ATCC 33805; CFBP 2062; ICMP 7725; LMG 730; XG 135; XG 729	ATCC 33805; CFBP 2062; ICMP 7725; LMG 730; XG 135; XG 729			match	
NCPPB 3232	The donor reference is XC59 This isolate was isolated by ex V. Rossetti IBSP-164	IBSP 164; XC 59	IBSP 164; XC 59			match	
NCPPB 3233	The donor reference is XC70 This isolate is also in the collections; LMG 9181, CIVEROLO XC70 This isolate was isolated by ex V. Rossetti The source of this isolate was ex J.W. Miller IBSF 512 'C' type 1	IBSF 512; LMG 9181; TYPE 1; XC 70	IBSF 512; LMG 9181; XC 70		TYPE 1	mismatch	Script identifier is not a supported prefix+number code in the free text.
NCPPB 3234	The donor reference is XC62 This isolate was isolated by ex M. Koizumi 6501S	KOIZUMI 6501S; XC 62	XC 62		KOIZUMI 6501S	mismatch	Script identifier is not a supported prefix+number code in the free text.
NCPPB 3235	The donor reference is XC63 This isolate was isolated by ex M. Koizumi 7801	KOIZUMI 7801; XC 63	XC 63		KOIZUMI 7801	mismatch	Script identifier is not a supported prefix+number code in the free text.
NCPPB 3236	The donor reference is XC64 This isolate is also in the collections; ICMP 15806, LMG 9179, CFBP 2901, CIVEROLO XC64 The source of this isolate was ex M. Goto B-4	B 4; CFBP 2901; ICMP 15806; LMG 9179; XC 64	B 4; CFBP 2901; ICMP 15806; LMG 9179; XC 64			match	Includes one-letter local strain code(s).
NCPPB 3237	The donor reference is XC69 The source of this isolate was ex J.W. Miller XCll 'B' type 4	TYPE 4; XC 69	XC 69		TYPE 4	mismatch	Script identifier is not a supported prefix+number code in the free text.
NCPPB 3240	This isolate was isolated by M. Lopez 42-11	LOPEZ 42-11			LOPEZ 42-11	mismatch	Script identifier is not a supported prefix+number code in the free text.
NCPPB 3241	This isolate was isolated by M. Lopez 67-2a	LOPEZ 67-2A			LOPEZ 67-2A	mismatch	Script identifier is not a supported prefix+number code in the free text.
NCPPB 3242	This isolate was isolated by J.D. Janse PD28	PD 28	PD 28			match	
NCPPB 3245	This isolate was isolated by ex S.R. Basnyat; The source of this isolate was ex ITCC P32	ITCC P32; P 32	ITCC P32		P 32	mismatch	
NCPPB 3290	This isolate was isolated by M. Pesti 0103	PESTI 0103			PESTI 0103	mismatch	Script identifier is not a supported prefix+number code in the free text.
NCPPB 3291						match	
NCPPB 3292	This isolate was isolated by M. Pesti 0105	PESTI 0105			PESTI 0105	mismatch	Script identifier is not a supported prefix+number code in the free text.
NCPPB 3301	The donor reference is PX061 The source of this isolate was ex T.W. Mew PX061	PX 061	PX 061			match	
NCPPB 3303	The donor reference is PX079 The source of this isolate was ex T.W. Mew	PX 079	PX 079			match	
NCPPB 3304	The donor reference is PXO86 The source of this isolate was ex T.W. Mew	PXO 86	PXO 86			match	
NCPPB 3311	The source of this isolate was .					match	
NCPPB 3312	The donor reference is 100					needs_llm_review	Script identifier is not a supported prefix+number code in the free text.
NCPPB 3313	This isolate was isolated by M. Pesti 0102	PESTI 0102			PESTI 0102	mismatch	Script identifier is not a supported prefix+number code in the free text.
NCPPB 3314	The donor reference is 109					needs_llm_review	Script identifier is not a supported prefix+number code in the free text.
NCPPB 3315	The donor reference is 100					needs_llm_review	Script identifier is not a supported prefix+number code in the free text.
NCPPB 3329	The donor reference is A2087B This isolate was isolated by ex M. Fenton 3315 lB	A 2087B; FENTON 3315	A 2087B		FENTON 3315	mismatch	Includes one-letter local strain code(s). Script also includes unsupported identifier(s).
NCPPB 3330	The donor reference is A2087C This isolate was isolated by ex M. Fenton 3315 lC	A 2087C; FENTON 3315	A 2087C		FENTON 3315	mismatch	Includes one-letter local strain code(s). Script also includes unsupported identifier(s).
NCPPB 3361	The donor reference is OS-901	OS 901	OS 901			match	
NCPPB 3363	The donor reference is OS-14	OS 14	OS 14			match	
NCPPB 3380	This isolate was isolated by D. Stead A2192	A 2192	A 2192			match	Includes one-letter local strain code(s).
NCPPB 3381	This isolate was isolated by J.E. Sellwood A2222	A 2222	A 2222			match	Includes one-letter local strain code(s).
NCPPB 3382	This isolate was isolated by J.E. Sellwood A2184	A 2184	A 2184			match	Includes one-letter local strain code(s).
NCPPB 3426	The source of this isolate was ex M. de Kam 90	KAM 90	KAM 90			match	
NCPPB 3434	This isolate is also in the collections; ICMP 8682, LMG 8670, NETO 68 This isolate was isolated by J.R. Neto IBSBF 68	IBSBF 68; ICMP 8682; LMG 8670; NETO 68	IBSBF 68; ICMP 8682; LMG 8670		NETO 68	mismatch	Script identifier is not a supported prefix+number code in the free text.
NCPPB 3435	This isolate is also in the collections; ICMP 8688, LMG 8673, NETO 250 This isolate was isolated by J.R. Neto IBSBF 250	IBSBF 250; ICMP 8688; LMG 8673; NETO 250	IBSBF 250; ICMP 8688; LMG 8673		NETO 250	mismatch	Script identifier is not a supported prefix+number code in the free text.
NCPPB 3437	This isolate is also in the collections; ICMP 8046	ICMP 8046	ICMP 8046			match	
NCPPB 3438	This isolate is also in the collections; ICMP 8045 This isolate was isolated by J.R. Neto IBSBF 444	IBSBF 444; ICMP 8045	IBSBF 444; ICMP 8045			match	
NCPPB 3440	The donor reference is IBSBF 368 This isolate is also in the collections; ICMP 7499 This isolate was isolated by ex A. Takatsu UnB 46	IBSBF 368; ICMP 7499; UNB 46	IBSBF 368; ICMP 7499; UNB 46			match	
NCPPB 3441	This isolate was isolated by J.R. Neto IBSBF 511	IBSBF 511	IBSBF 511			match	
NCPPB 3442	The donor reference is IBSBF 506 This isolate is also in the collections; ICMP 8925 This isolate was isolated by ex C.F. Robbs ENA 3123	ENA 3123; IBSBF 506; ICMP 8925	ENA 3123; IBSBF 506; ICMP 8925			match	
NCPPB 3443	The donor reference is IBSBF 505 This isolate was isolated by ex C.F. Robbs ENA 3045	ENA 3045; IBSBF 505	ENA 3045; IBSBF 505			match	
NCPPB 3456	This isolate was isolated by J. Nemeth M192;	M 192	M 192			match	Includes one-letter local strain code(s).
NCPPB 3457	This isolate was isolated by J. Nemeth M21	M 21	M 21			match	Includes one-letter local strain code(s).
NCPPB 3479	This isolate was isolated by D.L. Tomlinson PNG11779	PNG 11779	PNG 11779			match	
NCPPB 3484	This isolate was isolated by M. Cugnsi 2	CUGNSI 2			CUGNSI 2	mismatch	Script identifier is not a supported prefix+number code in the free text.
NCPPB 3559	The donor reference is 507					needs_llm_review	Script identifier is not a supported prefix+number code in the free text.
NCPPB 3560	The donor reference is IBSBF 575 This isolate is also in the collections; ICMP 9261	IBSBF 575; ICMP 9261	IBSBF 575; ICMP 9261			match	
NCPPB 3561	The donor reference is IBSBF 576	IBSBF 576	IBSBF 576			match	
NCPPB 3562	This isolate was isolated by Ramesh Chand IIH-Xcc5	IIH-XCC 5; XCC 5	XCC 5		IIH-XCC 5	mismatch	
NCPPB 3563	This isolate was isolated by Ramesh Chand IIH-Xcp1	IIH-XCP 1; XCP 1	XCP 1		IIH-XCP 1	mismatch	
NCPPB 3566	The donor reference is IIHXCCRI					match	
NCPPB 3567	The donor reference is IIHXCCL					match	
NCPPB 3568	The donor reference is IIHXCCCN					match	
NCPPB 3569	The donor reference is 1					needs_llm_review	Script identifier is not a supported prefix+number code in the free text.
NCPPB 3570	The donor reference is 2					needs_llm_review	Script identifier is not a supported prefix+number code in the free text.
NCPPB 3573	The donor reference is X2G2	X 2G2	X 2G2			match	Includes one-letter local strain code(s).
NCPPB 3582	This isolate was isolated by A.R. Chase X144	X 144	X 144			match	Includes one-letter local strain code(s).
NCPPB 3583	This isolate was isolated by A R. Chase X 154	X 154	X 154			match	Includes one-letter local strain code(s).
NCPPB 3586	This isolate is also in the collections; CVCPB 1806, ICMP 9154, LMG 9055 This isolate was isolated by C.H. Zumoff L-212	CVCPB 1806; ICMP 9154; L 212; LMG 9055	CVCPB 1806; ICMP 9154; LMG 9055		L 212	mismatch	
NCPPB 3587	This isolate is also in the collections; CVCPB 1696 This isolate was isolated by C H. Zumoff LX105	CVCPB 1696; LX 105	CVCPB 1696; LX 105			match	
NCPPB 3588	The donor reference is X24 This isolate was isolated by ex D.D. Brunk PDD-659-82	PD D-659-82; PDD 659-82; X 24	PDD 659-82; X 24		PD D-659-82	mismatch	Includes one-letter local strain code(s).
NCPPB 3589	The donor reference is X37 This isolate was isolated by ex J.W. Miller	X 37	X 37			match	Includes one-letter local strain code(s).
NCPPB 3592	The donor reference is A4102a The source of this isolate was ex J. Cooper 2132A	A 4102A; COOPER 2132A	A 4102A		COOPER 2132A	mismatch	Includes one-letter local strain code(s). Script also includes unsupported identifier(s).
NCPPB 3593	The donor reference is A4102b The source of this isolate was ex J. Cooper 2132B	A 4102B; COOPER 2132B	A 4102B		COOPER 2132B	mismatch	Includes one-letter local strain code(s). Script also includes unsupported identifier(s).
NCPPB 3595	This isolate was isolated by R. Kishun 11H XCP1	KISHUN 11H; XCP 1	XCP 1		KISHUN 11H	mismatch	Script identifier is not a supported prefix+number code in the free text.
NCPPB 3596	This isolate was isolated by R. Kishun 11HXCM1	KISHUN 11HXCM1			KISHUN 11HXCM1	mismatch	Script identifier is not a supported prefix+number code in the free text.
NCPPB 3607	This isolate was isolated by R. Chand IIH XCCI					match	
NCPPB 3608	This isolate was isolated by R. Chand IIHXCC2	IIHXCC 2	IIHXCC 2			match	
NCPPB 3609	This isolate was isolated by R. Chand IIHXCC4	IIHXCC 4	IIHXCC 4			match	
NCPPB 3611	This isolate was isolated by R. Chand IIH Xcgla					match	
NCPPB 3612	The donor reference is IIH XCC7	XCC 7	XCC 7			match	
NCPPB 3614	The donor reference is 11H XCVe1	XCVE 1	XCVE 1			match	Script identifier is not a supported prefix+number code in the free text.
NCPPB 3615	The donor reference is 11H XCC3	XCC 3	XCC 3			match	Script identifier is not a supported prefix+number code in the free text.
NCPPB 3638	The donor reference is RCIIHXCP1 This isolate was isolated by R. Chand	RCIIHXCP 1	RCIIHXCP 1			match	
NCPPB 3639	The donor reference is RCIIHXCP2 This isolate was isolated by R. Chand	RCIIHXCP 2	RCIIHXCP 2			match	
NCPPB 3640	The donor reference is XCP3 This isolate was isolated by R. Chand	XCP 3	XCP 3			match	
NCPPB 3641	The donor reference is XCP4 This isolate was isolated by R. Chand	XCP 4	XCP 4			match	
NCPPB 3642	The donor reference is IIHXCg3 This isolate was isolated by R. Chand	IIHXCG 3	IIHXCG 3			match	
NCPPB 3646	The donor reference is ISBF 272 The source of this isolate was ex O. Kimura ex J.C. Lozano CIAT 1164	CIAT 1164; ISBF 272	CIAT 1164; ISBF 272			match	
NCPPB 3647	The donor reference is ISBF 273 The source of this isolate was ex O. Kimura ex J.C. Lozano CIAT 1195	CIAT 1195; ISBF 273	CIAT 1195; ISBF 273			match	
NCPPB 3651	The donor reference is ISBF 366 This isolate is also in the collections; ICMP 7497 The source of this isolate was ex A. Takatsu UnB-45	ICMP 7497; ISBF 366; UNB 45	ICMP 7497; ISBF 366; UNB 45			match	
NCPPB 3652	The donor reference is ISBF 367 This isolate is also in the collections; ICMP 7498 The source of this isolate was ex A. Takatsu UnB-47	ICMP 7498; ISBF 367; UNB 47	ICMP 7498; ISBF 367; UNB 47			match	
NCPPB 3653	The donor reference is ISBF 353	ISBF 353	ISBF 353			match	
NCPPB 3654	The donor reference is ISBF 380	ISBF 380	ISBF 380			match	
NCPPB 3655	The donor reference is ISBF 381 This isolate is also in the collections; ICMP 8432	ICMP 8432; ISBF 381	ICMP 8432; ISBF 381			match	
NCPPB 3656	The donor reference is ISBF 255 The source of this isolate was ex M.H. Sugimori Fito CIA 2836	CIA 2836; ISBF 255	CIA 2836; ISBF 255			match	
NCPPB 3657	The donor reference is ISBF 269	ISBF 269	ISBF 269			match	
NCPPB 3658	The donor reference is ISBF 327 This isolate is also in the collections; CFBP 7119	CFBP 7119; ISBF 327	CFBP 7119; ISBF 327			match	
NCPPB 3659	The donor reference is ISBF 333	ISBF 333	ISBF 333			match	
NCPPB 3660	The donor reference is ISBF 253	ISBF 253	ISBF 253			match	
NCPPB 3661	The donor reference is ISBF 443	ISBF 443	ISBF 443			match	
NCPPB 3662	The donor reference is ISBF 159 This isolate is also in the collections; ICMP 7462	ICMP 7462; ISBF 159	ICMP 7462; ISBF 159			match	
NCPPB 3663	The donor reference is ISBF 473	ISBF 473	ISBF 473			match	
NCPPB 3705	This isolate was isolated by A. Sletten 80-27	SLETTEN 80-27			SLETTEN 80-27	mismatch	Script identifier is not a supported prefix+number code in the free text.
NCPPB 3706	This isolate was isolated by A. Sletten 85-37	SLETTEN 85-37			SLETTEN 85-37	mismatch	Script identifier is not a supported prefix+number code in the free text.
NCPPB 3709	This isolate was isolated by A. Sletten 78-37	SLETTEN 78-37			SLETTEN 78-37	mismatch	Script identifier is not a supported prefix+number code in the free text.
NCPPB 3711	This isolate was isolated by A. Sletten 78-41	SLETTEN 78-41			SLETTEN 78-41	mismatch	Script identifier is not a supported prefix+number code in the free text.
NCPPB 3712	This isolate was isolated by A. Sletten 78-44	SLETTEN 78-44			SLETTEN 78-44	mismatch	Script identifier is not a supported prefix+number code in the free text.
NCPPB 3713	This isolate was isolated by A. Sletten 78-46	SLETTEN 78-46			SLETTEN 78-46	mismatch	Script identifier is not a supported prefix+number code in the free text.
NCPPB 3714	This isolate was isolated by A. Sletten 78-47	SLETTEN 78-47			SLETTEN 78-47	mismatch	Script identifier is not a supported prefix+number code in the free text.
NCPPB 3716	This isolate was isolated by A. Sletten 80-9	SLETTEN 80-9			SLETTEN 80-9	mismatch	Script identifier is not a supported prefix+number code in the free text.
NCPPB 3717	This isolate was isolated by A. Sletten 80-10	SLETTEN 80-10			SLETTEN 80-10	mismatch	Script identifier is not a supported prefix+number code in the free text.
NCPPB 3718	This isolate was isolated by A. Sletten 80-18	SLETTEN 80-18			SLETTEN 80-18	mismatch	Script identifier is not a supported prefix+number code in the free text.
NCPPB 3719	This isolate was isolated by A. Sletten 80-23	SLETTEN 80-23			SLETTEN 80-23	mismatch	Script identifier is not a supported prefix+number code in the free text.
NCPPB 3720	This isolate was isolated by A. Sletten 87-16	SLETTEN 87-16			SLETTEN 87-16	mismatch	Script identifier is not a supported prefix+number code in the free text.
NCPPB 3722	This isolate was isolated by A. Sletten 84-20	SLETTEN 84-20			SLETTEN 84-20	mismatch	Script identifier is not a supported prefix+number code in the free text.
NCPPB 3742	The donor reference is IBSBF 392 The source of this isolate was ex D. Zagoty XC-8	IBSBF 392; XC 8	IBSBF 392; XC 8			match	
NCPPB 3743	This isolate was isolated by J.R. Neto IBSBF 90	IBSBF 90	IBSBF 90			match	
NCPPB 3744	This isolate is also in the collections; ICMP 7492 This isolate was isolated by J.R. Neto IBSBF 341	IBSBF 341; ICMP 7492	IBSBF 341; ICMP 7492			match	
NCPPB 3753	This isolate is also in the collections; ICMP 9854 This isolate was isolated by Y. Takiwawa XCN 8201 (546)	ICMP 9854; XCN 8201	ICMP 9854; XCN 8201			match	
NCPPB 3754	This isolate is also in the collections; ICMP 9857 This isolate was isolated by Y. Takiwawa XCN 8203 (548)	ICMP 9857; XCN 8203	ICMP 9857; XCN 8203			match	
NCPPB 3758	The donor reference is IBSBF 771 The source of this isolate was ex I.M.G. Almeida	IBSBF 771	IBSBF 771			match	
NCPPB 3759	This isolate is also in the collections; ICMP 12547 This isolate was isolated by R. Chand 1	CHAND 1; ICMP 12547	ICMP 12547		CHAND 1	mismatch	Script identifier is not a supported prefix+number code in the free text.
NCPPB 3761	This isolate was isolated by R. Chand 4	CHAND 4			CHAND 4	mismatch	Script identifier is not a supported prefix+number code in the free text.
NCPPB 3776	This isolate was isolated by D.E. Stead					match	
NCPPB 3786	The donor reference is 9 This isolate was isolated by ex K.I. Beltyukova 9	BELTYUKOVA 9			BELTYUKOVA 9	mismatch	Script identifier is not a supported prefix+number code in the free text.
NCPPB 3795	This isolate is also in the collections; ICMP 11060 This isolate was isolated by J. Duff 19207	DUFF 19207; ICMP 11060	ICMP 11060		DUFF 19207	mismatch	Script identifier is not a supported prefix+number code in the free text.
NCPPB 3796	This isolate is also in the collections; ICMP 11059 This isolate was isolated by J. Duff 19206	DUFF 19206; ICMP 11059	ICMP 11059		DUFF 19206	mismatch	Script identifier is not a supported prefix+number code in the free text.
NCPPB 3797	This isolate was isolated by J.E. Sellwood A5125/	A 5125	A 5125			match	Includes one-letter local strain code(s).
NCPPB 3799	This isolate was isolated by J.E. Sellwood A5128/1	A 5128/1	A 5128/1			match	Includes one-letter local strain code(s).
NCPPB 3800	The donor reference is 13					needs_llm_review	Script identifier is not a supported prefix+number code in the free text.
NCPPB 3801	The donor reference is 14					needs_llm_review	Script identifier is not a supported prefix+number code in the free text.
NCPPB 3829	This isolate was isolated by A. Sletten 78-38	SLETTEN 78-38			SLETTEN 78-38	mismatch	Script identifier is not a supported prefix+number code in the free text.
NCPPB 3830	This isolate was isolated by A. Sletten 80-20	SLETTEN 80-20			SLETTEN 80-20	mismatch	Script identifier is not a supported prefix+number code in the free text.
NCPPB 3831	This isolate was isolated by A. Sletten 80-22	SLETTEN 80-22			SLETTEN 80-22	mismatch	Script identifier is not a supported prefix+number code in the free text.
NCPPB 3832	This isolate was isolated by J.E. Sellwood A6340	A 6340	A 6340			match	Includes one-letter local strain code(s).
NCPPB 3870	This isolate was isolated by M Scortichini ISPAVE-B-018	B 018; ISPAVE-B 018	ISPAVE-B 018		B 018	mismatch	
NCPPB 3875	This isolate was isolated by M Scortichini ISPAVE-B- 016	ISPAVE-B 016	ISPAVE-B 016			match	
NCPPB 3876	This isolate was isolated by M Scortichini ISPAVE-B-017	B 017; ISPAVE-B 017	ISPAVE-B 017		B 017	mismatch	
NCPPB 3877	This isolate was isolated by M Scortichini ISPAVE-B-004	B 004; ISPAVE-B 004	ISPAVE-B 004		B 004	mismatch	
NCPPB 3878	This isolate was isolated by M Scortichini ISPAVE-B-006	B 006; ISPAVE-B 006	ISPAVE-B 006		B 006	mismatch	
NCPPB 3880	The donor reference is A5922	A 5922	A 5922			match	Includes one-letter local strain code(s).
NCPPB 3883	This isolate was isolated by J.D. Mihail 90-101 The source of this isolate was ex C.N. Hodge	MIHAIL 90-101			MIHAIL 90-101	mismatch	Script identifier is not a supported prefix+number code in the free text.
NCPPB 3884	This isolate was isolated by J.D. Mihail 90-101 The source of this isolate was ex C.N. Hodge	MIHAIL 90-101			MIHAIL 90-101	mismatch	Script identifier is not a supported prefix+number code in the free text.
NCPPB 3885	This isolate was isolated by R. Chand BHV RCI					match	
NCPPB 3886	This isolate was isolated by R. Chand RC2A	RC 2A	RC 2A			match	
NCPPB 3887	This isolate was isolated by R. Chand RC2B	RC 2B	RC 2B			match	
NCPPB 3888	This isolate is also in the collections; ICMP 12476 This isolate was isolated by R. Chand RC4B	ICMP 12476; RC 4B	ICMP 12476; RC 4B			match	
NCPPB 3890	This isolate was isolated by A. Aspin A6220	A 6220	A 6220			match	Includes one-letter local strain code(s).
NCPPB 3925	The donor reference is RCCP					match	
NCPPB 3926	The donor reference is RCIPO					match	
NCPPB 3927	The donor reference is IBSBF 1080 This isolate was isolated by ex V.A. Malarotta Jr. The source of this isolate was ex IBSBF	IBSBF 1080	IBSBF 1080			match	
NCPPB 3931	This isolate was isolated by J.E. Sellwood & J.K. Wilson A6520/1	A 6520/1	A 6520/1			match	Includes one-letter local strain code(s).
NCPPB 3932	This isolate was isolated by J.E. Sellwood & J.K. Wilson A5420/2	A 5420/2	A 5420/2			match	Includes one-letter local strain code(s).
NCPPB 3942	This isolate was isolated by L. O'Garro W4	W 4			W 4	mismatch	
NCPPB 3943	This isolate was isolated by L. O'Garro G6	G 6	G 6			match	Includes one-letter local strain code(s).
NCPPB 3944	This isolate was isolated by L. O'Garro Fr 58B	FR 58B	FR 58B			match	
NCPPB 3947	The donor reference is IMI B9313 This isolate was isolated by J.Bradbury	B 9313; IMI B9313	IMI B9313		B 9313	mismatch	
NCPPB 3948	The donor reference is IMI B9336 This isolate was isolated by J.Bradbury	B 9336; IMI B9336	IMI B9336		B 9336	mismatch	
NCPPB 3949	The donor reference is IMI B11542 This isolate was isolated by J.Bradbury	B 11542; IMI B11542	IMI B11542		B 11542	mismatch	
NCPPB 3950	The donor reference is IMI B11688 This isolate was isolated by J.Bradbury	B 11688; IMI B11688	IMI B11688		B 11688	mismatch	
NCPPB 3951	The donor reference is IMI B9658 This isolate was isolated by J.Bradbury	B 9658; IMI B9658	IMI B9658		B 9658	mismatch	
NCPPB 3953	The donor reference is IMI B9124 This isolate was isolated by J.Bradbury	B 9124; IMI B9124	IMI B9124		B 9124	mismatch	
NCPPB 3954	The donor reference is IMI B11393 This isolate was isolated by J.Bradbury	B 11393; IMI B11393	IMI B11393		B 11393	mismatch	
NCPPB 3955	The donor reference is IMI B11426 This isolate was isolated by J.Bradbury	B 11426; IMI B11426	IMI B11426		B 11426	mismatch	
NCPPB 3956	The donor reference is IMI B11680b This isolate was isolated by J. Bradbury	B 11680B; IMI B11680B	IMI B11680B		B 11680B	mismatch	
NCPPB 3957	The donor reference is IMI B11059 This isolate was isolated by J.Bradbury	B 11059; IMI B11059	IMI B11059		B 11059	mismatch	
NCPPB 3959	The donor reference is IMI B102166 This isolate was isolated by J.Bradbury	B 102166; IMI B102166	IMI B102166		B 102166	mismatch	
NCPPB 3960	This isolate was isolated by A. Aspin CSL962462	CSL 962462	CSL 962462			match	
NCPPB 4013	The donor reference is 6 This isolate is also in the collections; ICMP 10007	ICMP 10007	ICMP 10007			match	Script identifier is not a supported prefix+number code in the free text.
NCPPB 4014	The donor reference is SB-K					match	
NCPPB 4015	The donor reference is M-9	M 9	M 9			match	Includes one-letter local strain code(s).
NCPPB 4031	The donor reference is 972200 This isolate was isolated by A. Aspin The source of this isolate was ADAS 97001669	ADAS 97001669	ADAS 97001669			match	Script identifier is not a supported prefix+number code in the free text.
NCPPB 4032	The donor reference is 972270 This isolate was isolated by A. Aspin					needs_llm_review	Script identifier is not a supported prefix+number code in the free text.
NCPPB 4033	The donor reference is 700a This isolate was isolated by ex. F. Sahin					needs_llm_review	Script identifier is not a supported prefix+number code in the free text.
NCPPB 4034	The donor reference is 701a This isolate was isolated by ex. F. Sahin					needs_llm_review	Script identifier is not a supported prefix+number code in the free text.
NCPPB 4037	The donor reference is 981703 This isolate was isolated by A Aspin					needs_llm_review	Script identifier is not a supported prefix+number code in the free text.
NCPPB 4058	The donor reference is 985855 This isolate was isolated by H. Stanford					needs_llm_review	Script identifier is not a supported prefix+number code in the free text.
NCPPB 4181	The donor reference is 463					needs_llm_review	Script identifier is not a supported prefix+number code in the free text.
NCPPB 4183	The donor reference is PD2806 This isolate is also in the collections; 17065 This isolate was isolated by JD Janse	PD 2806	PD 2806			match	
NCPPB 4210	This isolate was isolated by Helena Stanford					match	
NCPPB 4231	The donor reference is 2011627 This isolate was isolated by H. Stanford					needs_llm_review	Script identifier is not a supported prefix+number code in the free text.
NCPPB 4232	The donor reference is 2011626 This isolate was isolated by H. Stanford					needs_llm_review	Script identifier is not a supported prefix+number code in the free text.
NCPPB 4321	The donor reference is XV938 This isolate is also in the collections; DSM 18975	DSM 18975; XV 938	DSM 18975; XV 938			match	
NCPPB 4322	The donor reference is XV1220	XV 1220	XV 1220			match	
NCPPB 4323	The donor reference is XV444	XV 444	XV 444			match	
NCPPB 4324	The donor reference is XV448	XV 448	XV 448			match	
NCPPB 4326	The donor reference is Xcz A5	A 5	A 5			match	Includes one-letter local strain code(s).
NCPPB 4340	The donor reference is UN-20506424 This isolate was isolated by Helena Stanford The source of this isolate was Diagnosis lab. Ex Zinnia material	UN 20506424	UN 20506424			match	
NCPPB 4341	The donor reference is VdM4 This isolate is also in the collections; LMG 471 This isolate was isolated by M.Beramis The source of this isolate was LMG	LMG 471; VDM 4	LMG 471; VDM 4			match	
NCPPB 4342	The donor reference is Dsk 129 This isolate is also in the collections; ICMP 8923, LMG 12141 This isolate was isolated by M. de Kam The source of this isolate was ICMP	DSK 129; ICMP 8923; LMG 12141	DSK 129; ICMP 8923; LMG 12141			match	
NCPPB 4343	The donor reference is 1601-1 This isolate is also in the collections; ICMP 12545, CFBP 1976,Samson 1601.1, LMG 947 This isolate was isolated by R.Sampson The source of this isolate was ICMP	CFBP 1976; ICMP 12545; LMG 947; SAMSON 1601.1	CFBP 1976; ICMP 12545; LMG 947		SAMSON 1601.1	mismatch	Script identifier is not a supported prefix+number code in the free text.
NCPPB 4344	The donor reference is 03-29991 This isolate is also in the collections; ICMP 9991 This isolate was isolated by K.Luo The source of this isolate was ICMP	ICMP 9991	ICMP 9991			match	Script identifier is not a supported prefix+number code in the free text.
NCPPB 4345	The donor reference is 1 This isolate is also in the collections; ICMP 8306. LMG 9043 This isolate was isolated by R. Easwaramurthy The source of this isolate was ICMP	ICMP 8306; LMG 9043	ICMP 8306; LMG 9043			match	Script identifier is not a supported prefix+number code in the free text.
NCPPB 4346	The donor reference is G2 This isolate is also in the collections; ICMP 8788 This isolate was isolated by Z. Fang The source of this isolate was ICMP	G 2; ICMP 8788	G 2; ICMP 8788			match	Includes one-letter local strain code(s).
NCPPB 4347	The donor reference is Ma 2 This isolate is also in the collections; ICMP 11536, ATCC 51262 This isolate was isolated by M. Goto The source of this isolate was ICMP	ATCC 51262; ICMP 11536; MA 2	ATCC 51262; ICMP 11536; MA 2			match	
NCPPB 4348	This isolate is also in the collections; ICMP 8949, ITCC This isolate was isolated by Durgapal. J.C. The source of this isolate was ICMP	ICMP 8949	ICMP 8949			match	
NCPPB 4349	The donor reference is B6 This isolate is also in the collections; ICMP 9627, ATCC 49152 This isolate was isolated by L.E.Claflin The source of this isolate was ICMP	ATCC 49152; B 6; ICMP 9627	ATCC 49152; B 6; ICMP 9627			match	Includes one-letter local strain code(s).
NCPPB 4350	The donor reference is X259 (87-56A) This isolate is also in the collections; LMG 8678, ICMP 9513, ATCC 700187 This isolate was isolated by A.R. Chase The source of this isolate was ICMP	ATCC 700187; ICMP 9513; LMG 8678; X 259	ATCC 700187; ICMP 9513; LMG 8678; X 259			match	Includes one-letter local strain code(s).
NCPPB 4351	The donor reference is FC1 This isolate is also in the collections; ICMP 9261, IBSF 575 This isolate was isolated by J.R.Neto The source of this isolate was ICMP	FC 1; IBSF 575; ICMP 9261	FC 1; IBSF 575; ICMP 9261			match	
NCPPB 4352	The donor reference is Zo2 This isolate is also in the collections; ICMP 8787, LMG 9060 This isolate was isolated by X.Z.Ren The source of this isolate was ICMP	ICMP 8787; LMG 9060; ZO 2	ICMP 8787; LMG 9060; ZO 2			match	
NCPPB 4353	The donor reference is TC1 This isolate is also in the collections; ICMP 6774, LMG 8684, NZRCC 10488 This isolate was isolated by K.Uehara The source of this isolate was ICMP	ICMP 6774; LMG 8684; NZRCC 10488; TC 1	ICMP 6774; LMG 8684; NZRCC 10488; TC 1			match	
NCPPB 4355	The donor reference is CFBP 6369 This isolate is also in the collections; CFBP 6369 The source of this isolate was CFBP	CFBP 6369	CFBP 6369			match	
NCPPB 4356	The donor reference is CFBP 4188 This isolate is also in the collections; CFBP 4188, ICMP 16775 The source of this isolate was CFBP	CFBP 4188; ICMP 16775	CFBP 4188; ICMP 16775			match	
NCPPB 4363	The donor reference is ICMP 2415 This isolate is also in the collections; ICMP 2415, CFBP 7260 This isolate was isolated by J.YOUNG	CFBP 7260; ICMP 2415	CFBP 7260; ICMP 2415			match	
NCPPB 4364	The donor reference is ICMP 6465 This isolate is also in the collections; ICMP 6465, CFBP 7262 This isolate was isolated by J.YOUNG	CFBP 7262; ICMP 6465	CFBP 7262; ICMP 6465			match	
NCPPB 4367	The donor reference is ICMP 16473 This isolate is also in the collections; ICMP 16473 This isolate was isolated by J.YOUNG	ICMP 16473	ICMP 16473			match	
NCPPB 4372	The donor reference is 618 This isolate is also in the collections; IBSBF 618 This isolate was isolated by J.Neto The source of this isolate was IBSBF	IBSBF 618	IBSBF 618			match	Script identifier is not a supported prefix+number code in the free text.
NCPPB 4373	The donor reference is 1472 This isolate is also in the collections; IBSBF 1472 This isolate was isolated by V.A.Malavolta The source of this isolate was IBSBF	IBSBF 1472	IBSBF 1472			match	Script identifier is not a supported prefix+number code in the free text.
NCPPB 4374	The donor reference is 1497 This isolate is also in the collections; IBSBF 1497 This isolate was isolated by J.Neto The source of this isolate was IBSBF	IBSBF 1497	IBSBF 1497			match	Script identifier is not a supported prefix+number code in the free text.
NCPPB 4375	The donor reference is 1594 This isolate is also in the collections; IBSBF 1594, FDC 012 This isolate was isolated by R.P.Leite Jr. The source of this isolate was IBSBF	FDC 012; IBSBF 1594	FDC 012; IBSBF 1594			match	Script identifier is not a supported prefix+number code in the free text.
NCPPB 4376	The donor reference is 1925 This isolate is also in the collections; IBSBF 1925, LMG 9325 This isolate was isolated by D.W.Gabriel The source of this isolate was IBSBF	IBSBF 1925; LMG 9325	IBSBF 1925; LMG 9325			match	Script identifier is not a supported prefix+number code in the free text.
NCPPB 4377	The donor reference is 1583 This isolate is also in the collections; IBSBF 1583, Xc 90-78-4-3 This isolate was isolated by B.I.Canteros The source of this isolate was IBSBF	IBSBF 1583; XC 90-78-4-3	IBSBF 1583; XC 90-78-4-3			match	Script identifier is not a supported prefix+number code in the free text.
NCPPB 4378	The donor reference is 034/LRA/05 This isolate is also in the collections; CFBP 7166 The source of this isolate was Valentine Aritua	CFBP 7166; LRA 05	CFBP 7166; LRA 05			match	Script also includes unsupported identifier(s).
NCPPB 4379	The donor reference is KY44 The source of this isolate was Valentine Aritua	KY 44	KY 44			match	
NCPPB 4380	The donor reference is 038/KBA/05 The source of this isolate was Valentine Aritua	KBA 05	KBA 05			match	Script also includes unsupported identifier(s).
NCPPB 4381	The donor reference is 014/LUW/05 The source of this isolate was Valentine Aritua	LUW 05	LUW 05			match	Script also includes unsupported identifier(s).
NCPPB 4383	The donor reference is 071/WSK/05 The source of this isolate was Valentine Aritua	WSK 05	WSK 05			match	Script also includes unsupported identifier(s).
NCPPB 4384	The donor reference is 041/NSG/05 The source of this isolate was Valentine Aritua	NSG 05	NSG 05			match	Script also includes unsupported identifier(s).
NCPPB 4385	The donor reference is 031/KIB/05 The source of this isolate was Valentine Aritua	KIB 05	KIB 05			match	Script also includes unsupported identifier(s).
NCPPB 4386	The donor reference is 005/WKS/05 This isolate is also in the collections; CFBP 7167 The source of this isolate was Valentine Aritua	CFBP 7167; WKS 05	CFBP 7167; WKS 05			match	Script also includes unsupported identifier(s).
NCPPB 4387	The donor reference is IMI 392223 This isolate is also in the collections; CFBP 7168 The source of this isolate was Valentine Aritua	CFBP 7168; IMI 392223	CFBP 7168; IMI 392223			match	
NCPPB 4388	The donor reference is IMI 392224 This isolate is also in the collections; CFBP 7169 The source of this isolate was Valentine Aritua	CFBP 7169; IMI 392224	CFBP 7169; IMI 392224			match	
NCPPB 4389	The donor reference is IMI 393640 This isolate is also in the collections; CFBP 7170 The source of this isolate was Valentine Aritua	CFBP 7170; IMI 393640	CFBP 7170; IMI 393640			match	
NCPPB 4390	The donor reference is IMI 393641 This isolate is also in the collections; CFBP 7171 The source of this isolate was Valentine Aritua	CFBP 7171; IMI 393641	CFBP 7171; IMI 393641			match	
NCPPB 4391	The donor reference is IMI 393646 This isolate is also in the collections; CFBP 7172 The source of this isolate was Valentine Aritua	CFBP 7172; IMI 393646	CFBP 7172; IMI 393646			match	
NCPPB 4392	The donor reference is 394051 This isolate is also in the collections; CFBP 7173 The source of this isolate was Valentine Aritua	CFBP 7173	CFBP 7173			match	Script identifier is not a supported prefix+number code in the free text.
NCPPB 4393	The donor reference is 394052 This isolate is also in the collections; CFBP 7174 The source of this isolate was Valentine Aritua	CFBP 7174	CFBP 7174			match	Script identifier is not a supported prefix+number code in the free text.
NCPPB 4394	The donor reference is 354053 This isolate is also in the collections; CFBP 7175 The source of this isolate was Valentine Aritua	CFBP 7175	CFBP 7175			match	Script identifier is not a supported prefix+number code in the free text.
NCPPB 4395	This isolate is also in the collections; CFBP 7176 The source of this isolate was Valentine Aritua	CFBP 7176	CFBP 7176			match	
NCPPB 4397	The donor reference is ISBF 594 This isolate is also in the collections; ICMP 9278 This isolate was isolated by R.Neto The source of this isolate was ISBF	ICMP 9278; ISBF 594	ICMP 9278; ISBF 594			match	
NCPPB 4398	The donor reference is ISBF 595 This isolate is also in the collections; ICMP 9279 This isolate was isolated by R.Neto The source of this isolate was ISBF	ICMP 9279; ISBF 595	ICMP 9279; ISBF 595			match	
NCPPB 4399	The donor reference is ICMP 15863 This isolate is also in the collections; ICMP 15863 This isolate was isolated by I.Harvey The source of this isolate was ICMP	ICMP 15863	ICMP 15863			match	
NCPPB 4402	The donor reference is LMG 8237 This isolate is also in the collections; PD 772, LMG 8237 This isolate was isolated by P.D.Jaanse The source of this isolate was LMG	LMG 8237; PD 772	LMG 8237; PD 772			match	
NCPPB 4403	The donor reference is ICMP 217-62 This isolate is also in the collections; ICMP 217, ATCC 9924 This isolate was isolated by R. Weindling The source of this isolate was ICMP	ATCC 9924; ICMP 217; ICMP 217-62	ATCC 9924; ICMP 217; ICMP 217-62			match	
NCPPB 4404	The donor reference is LMG 9057 This isolate is also in the collections; ICMP 7466; ITCC P33, LMG 9057 This isolate was isolated by Y.Kulkani The source of this isolate was LMG	ICMP 7466; ITCC P33; LMG 9057; P 33	ICMP 7466; ITCC P33; LMG 9057		P 33	mismatch	
NCPPB 4405	The donor reference is LMG 8273 This isolate is also in the collections; ICMP 6482, Latch PRGRQ This isolate was isolated by G.Latch The source of this isolate was LMG	ICMP 6482; LMG 8273	ICMP 6482; LMG 8273			match	
NCPPB 4407	The donor reference is LMG 476 This isolate is also in the collections; Beramis 6, VdM9 The source of this isolate was LMG	BERAMIS 6; LMG 476; VDM 9	LMG 476; VDM 9		BERAMIS 6	mismatch	Script identifier is not a supported prefix+number code in the free text.
NCPPB 4409	The donor reference is LMG 19145 This isolate is also in the collections; LMG 19145, ISPAVE-B-641, PD 2780,SWINGS R-5214 The source of this isolate was LMG	B 641; ISPAVE-B 641; LMG 19145; PD 2780; R 5214	ISPAVE-B 641; LMG 19145; PD 2780; R 5214		B 641	mismatch	Includes one-letter local strain code(s).
NCPPB 4410	The donor reference is 8356 The source of this isolate was S.J.Roberts					needs_llm_review	Script identifier is not a supported prefix+number code in the free text.
NCPPB 4411	The donor reference is 8394 The source of this isolate was S.J.Roberts					needs_llm_review	Script identifier is not a supported prefix+number code in the free text.
NCPPB 4412	The donor reference is LMG 495 This isolate is also in the collections; LMG 495, ATCC 11765, CFBP 7686 This isolate was isolated by MK Patel	ATCC 11765; CFBP 7686; LMG 495	ATCC 11765; CFBP 7686; LMG 495			match	
NCPPB 4413	This isolate was isolated by h.stanford The source of this isolate was Diagnosis					match	
NCPPB 4414	The donor reference is Protect 1599 This isolate is also in the collections; B950367 The source of this isolate was Protect	B 950367; PROTECT 1599	B 950367; PROTECT 1599			match	Includes one-letter local strain code(s).
NCPPB 4415	The donor reference is Protect 766 This isolate is also in the collections; A4833/B The source of this isolate was Protect	A 4833/B; PROTECT 766	A 4833/B; PROTECT 766			match	Includes one-letter local strain code(s).
NCPPB 4416	The donor reference is Protect 765 This isolate is also in the collections; A4833/A The source of this isolate was Protect	A 4833/A; PROTECT 765	A 4833/A; PROTECT 765			match	Includes one-letter local strain code(s).
NCPPB 4418						match	
NCPPB 4433	The donor reference is 20709953 This isolate is also in the collections; Cabi 395428 This isolate was isolated by Cabi The source of this isolate was Cabi	CABI 395428	CABI 395428			match	Script identifier is not a supported prefix+number code in the free text.
NCPPB 4434	The donor reference is 20702295 This isolate is also in the collections; BXWK1	BXWK 1	BXWK 1			match	Script identifier is not a supported prefix+number code in the free text.
NCPPB 4435	The donor reference is 20722939					needs_llm_review	Script identifier is not a supported prefix+number code in the free text.
NCPPB 4446	The donor reference is ICMP 12167 This isolate is also in the collections; ICMP 12167, CFBP 7245 The source of this isolate was ICMP	CFBP 7245; ICMP 12167	CFBP 7245; ICMP 12167			match	
NCPPB 4448	The donor reference is CS283 This isolate is also in the collections; ICMP 16316	CS 283; ICMP 16316	CS 283; ICMP 16316			match	
NCPPB 4449	The donor reference is CS284 This isolate is also in the collections; ICMP 16317	CS 284; ICMP 16317	CS 284; ICMP 16317			match	
NCPPB 4450	The donor reference is A4832/1 This isolate is also in the collections; Protect 763 The source of this isolate was CSL	A 4832/1; PROTECT 763	A 4832/1; PROTECT 763			match	Includes one-letter local strain code(s).
NCPPB 4451	The donor reference is A4832/1 This isolate is also in the collections; Protect 764 The source of this isolate was CSL	A 4832/1; PROTECT 764	A 4832/1; PROTECT 764			match	Includes one-letter local strain code(s).
NCPPB 4466	The donor reference is 64A This isolate is also in the collections; WHRI 64A This isolate was isolated by John D. Taylor	WHRI 64A	WHRI 64A			match	Script identifier is not a supported prefix+number code in the free text.
NCPPB 4468	The donor reference is CSL972199 This isolate is also in the collections; P2431 This isolate was isolated by A. Aspin	CSL 972199; P 2431	CSL 972199; P 2431			match	Includes one-letter local strain code(s).
NCPPB 4584	The donor reference is NCPPB 2699 This isolate is also in the collections; LMG 588, 7384, ATCC 29090 This isolate was isolated by Dr Thomas Egli - 705	ATCC 29090; EGLI 705; LMG 588; NCPPB 2699	ATCC 29090; LMG 588; NCPPB 2699		EGLI 705	mismatch	Script also includes unsupported identifier(s).
NCPPB 4590	The donor reference is CFBP 3369 This isolate is also in the collections; CFBP 3369, LMG 9322, ICMP 15804, ATCC 49118, ICPB 10518 This isolate was isolated by Gabriel D. 3213 The source of this isolate was CFBP	ATCC 49118; CFBP 3369; D 3213; ICMP 15804; ICPB 10518; LMG 9322	ATCC 49118; CFBP 3369; ICMP 15804; ICPB 10518; LMG 9322		D 3213	mismatch	
NCPPB 4594	The donor reference is NYAGA S This isolate was isolated by Fred Kato					match	
NCPPB 4600	The donor reference is WHRI 8853 This isolate was isolated by Joana M. G. N. Vicente	WHRI 8853	WHRI 8853			match	
NCPPB 4601	The donor reference is WHRI 8848 This isolate was isolated by Joana M. G. N. Vicente	WHRI 8848	WHRI 8848			match	
NCPPB 4613	The donor reference is NE744 This isolate was isolated by Jillian M. Lang	NE 744	NE 744			match	
NCPPB 4614	The donor reference is SAM119 This isolate was isolated by Jillian M. Lang	SAM 119	SAM 119			match	
NCPPB 4615	The donor reference is B100 This isolate is also in the collections; CFBP 7306, ATCC 29497, DSMZ 1526 This isolate was isolated by Unknown	ATCC 29497; B 100; CFBP 7306; DSMZ 1526	ATCC 29497; B 100; CFBP 7306; DSMZ 1526			match	Includes one-letter local strain code(s).
NCPPB 4618	The donor reference is LMG 29033 This isolate is also in the collections; LMG 29033, ATCC 49119 This isolate was isolated by A. Vidaver	ATCC 49119; LMG 29033	ATCC 49119; LMG 29033			match	
NCPPB 4622	The donor reference is Protect 13 E6 This isolate was isolated by A. Aspin (21723449)	E 6; PROTECT 13	E 6; PROTECT 13			match	Includes one-letter local strain code(s).
NCPPB 4623	The donor reference is Protect OB Box 3 A6 This isolate was isolated by A. Aspin (21616370)	A 6; BOX 3	A 6; BOX 3			match	Includes one-letter local strain code(s).
NCPPB 4625	The donor reference is WHRI 8481, CSL 20313511 This isolate was isolated by H. Standford	CSL 20313511; WHRI 8481	CSL 20313511; WHRI 8481			match	
NCPPB 4629	The donor reference is ICMP 1921 This isolate is also in the collections; ICMP 1921,CFBP 7268, NZRCC 10647, PDDCC 1921 This isolate was isolated by Douglas W. Dye The source of this isolate was ICMP	CFBP 7268; ICMP 1921; NZRCC 10647; PDDCC 1921	CFBP 7268; ICMP 1921; NZRCC 10647; PDDCC 1921			match	
NCPPB 4630	The donor reference is ICMP 2374 This isolate is also in the collections; CFBP 7269, ICMP 2374, PDDCC 2374 This isolate was isolated by Douglas W. Dye ZZ22 The source of this isolate was ICMP	CFBP 7269; ICMP 2374; PDDCC 2374; ZZ 22	CFBP 7269; ICMP 2374; PDDCC 2374; ZZ 22			match	
NCPPB 4631	The donor reference is WHRI 8482, CSL 20313251 This isolate is also in the collections; WHRI 8482 This isolate was isolated by H. Stanford	CSL 20313251; WHRI 8482	CSL 20313251; WHRI 8482			match	
NCPPB 4632	The donor reference is ICMP 6041 This isolate is also in the collections; ICMP 6041, CFBP 7261 This isolate was isolated by D.R.W. Watson The source of this isolate was ICMP	CFBP 7261; ICMP 6041	CFBP 7261; ICMP 6041			match	
NCPPB 4633	The donor reference is ICMP 6759 This isolate is also in the collections; ICMP 6759, CFPB 7263 NZRCC 10646 PDDCC 6759 This isolate was isolated by J.M. Young The source of this isolate was ICMP	CFPB 7263; ICMP 6759; NZRCC 10646; PDDCC 6759	CFPB 7263; ICMP 6759; NZRCC 10646; PDDCC 6759			match	
NCPPB 4634	The donor reference is ICMP 13401 This isolate is also in the collections; ICMP 13401, CFBP 7271 This isolate was isolated by Robert K. Taylor The source of this isolate was ICMP	CFBP 7271; ICMP 13401	CFBP 7271; ICMP 13401			match	
NCPPB 4635	The donor reference is ICMP 4292 This isolate is also in the collections; ICMP 4292 This isolate was isolated by M. Goto (XT3)	ICMP 4292; XT 3	ICMP 4292; XT 3			match	
NCPPB 4660	The donor reference is WHRI 8891A This isolate was isolated by J G Vicente	WHRI 8891A	WHRI 8891A			match	
NCPPB 4661	The donor reference is WHRI 3811	WHRI 3811	WHRI 3811			match	
NCPPB 4662	The donor reference is WHRI 8909A This isolate was isolated by J G Vicente	WHRI 8909A	WHRI 8909A			match	
NCPPB 4663	The donor reference is WHRI 8960 This isolate was isolated by J G Vicente	WHRI 8960	WHRI 8960			match	
NCPPB 4664	The donor reference is WHRI 8959A This isolate was isolated by J G Vicente	WHRI 8959A	WHRI 8959A			match	
NCPPB 4665	The donor reference is WHRI 8964 This isolate was isolated by J G Vicente	WHRI 8964	WHRI 8964			match	
NCPPB 4666	The donor reference is WHRI 8984 This isolate was isolated by J G Vicente	WHRI 8984	WHRI 8984			match	
NCPPB 4668	The donor reference is WHRI 6181 This isolate was isolated by J G Vicente The source of this isolate was FERA	WHRI 6181	WHRI 6181			match	
NCPPB 4669	The donor reference is WHRI 8450A This isolate was isolated by B D Jensen The source of this isolate was FERA	WHRI 8450A	WHRI 8450A			match	
NCPPB 4670	The donor reference is WHRI 3849A This isolate was isolated by C I Kado The source of this isolate was FERA	WHRI 3849A	WHRI 3849A			match	
NCPPB 4671	The donor reference is WHRI 1279A This isolate was isolated by J D Taylor The source of this isolate was FERA	WHRI 1279A	WHRI 1279A			match	
NCPPB 4675	The donor reference is CPBF 424 This isolate is also in the collections; CPBF 424, LMG 31037, CCOS 1891 This isolate was isolated by C.Fernandes	CCOS 1891; CPBF 424; LMG 31037	CCOS 1891; CPBF 424; LMG 31037			match	
NCPPB 4676	The donor reference is CPBF 1521 This isolate is also in the collections; CBPF 1521, LMG 31040, CCOS 1894 This isolate was isolated by C.Fernandes	CBPF 1521; CCOS 1894; CPBF 1521; LMG 31040	CBPF 1521; CCOS 1894; CPBF 1521; LMG 31040			match	
NCPPB 4678	The donor reference is Xc6 This isolate was isolated by Tatjana Popović	XC 6	XC 6			match	
NCPPB 4679	The donor reference is Xc9 This isolate was isolated by Tatjana Popović	XC 9	XC 9			match	
NCPPB 4680	The donor reference is Xc23 This isolate was isolated by Tatjana Popović	XC 23	XC 23			match	
NCPPB 4681	The donor reference is Xc27 This isolate was isolated by Tatjana Popović	XC 27	XC 27			match	
NCPPB 4682	The donor reference is Xc318 This isolate was isolated by Tatjana Popović	XC 318	XC 318			match	
NCPPB 4692	The donor reference is GBBC 2123 This isolate is also in the collections; LMG 31884, CCOS 1956 This isolate was isolated by Johan Van Vaerenbergh	CCOS 1956; GBBC 2123; LMG 31884	CCOS 1956; GBBC 2123; LMG 31884			match	
NCPPB 4693	The donor reference is GBBC 2199 This isolate is also in the collections; LMG 31886, CCOS 1957 This isolate was isolated by Johan Van Vaerenbergh	CCOS 1957; GBBC 2199; LMG 31886	CCOS 1957; GBBC 2199; LMG 31886			match	
NCPPB 4698	The donor reference is 1294-6 This isolate was isolated by Steven T. Koike					needs_llm_review	Script identifier is not a supported prefix+number code in the free text.
NCPPB 4699	The donor reference is 0894-4 This isolate was isolated by Hamid Azad					needs_llm_review	Script identifier is not a supported prefix+number code in the free text.
NCPPB 4700	The donor reference is 1294-9 This isolate was isolated by Steven T. Koike					needs_llm_review	Script identifier is not a supported prefix+number code in the free text.
NCPPB 4701	This isolate is also in the collections; CFBP 5686-20	CFBP 5686-20	CFBP 5686-20			match	
NCPPB 4702	This isolate is also in the collections; CFBP 1371-04 This isolate was isolated by Bonnet P.	CFBP 1371-04	CFBP 1371-04			match	
NCPPB 4703	This isolate is also in the collections; CFBP 1606-13 This isolate was isolated by Paulin J.P.	CFBP 1606-13	CFBP 1606-13			match	
NCPPB 4704	The donor reference is Co-126-2	CO 126-2	CO 126-2			match	
NCPPB 4705	The donor reference is Arg-1A	ARG 1A	ARG 1A			match	
NCPPB 4706	The donor reference is CO-8	CO 8	CO 8			match	
NCPPB 4707	The donor reference is ARG-3A	ARG 3A	ARG 3A			match	
NCPPB 4708	The donor reference is IL02(1)YDC	IL 02	IL 02			match	
NCPPB 4709	The donor reference is NE-18 Xvh	NE 18	NE 18			match	
NCPPB 4710	The donor reference is Arg-2B	ARG 2B	ARG 2B			match	
NCPPB 4711	The donor reference is NE-7	NE 7	NE 7			match	
NCPPB 4712	The donor reference is ARG-6B	ARG 6B	ARG 6B			match	
NCPPB 4713	The donor reference is IL-1(1)YDC	IL 1	IL 1			match	
NCPPB 4714	The donor reference is ARG 4B	ARG 4B	ARG 4B			match	
NCPPB 4715	The donor reference is IAO2	IAO 2	IAO 2			match	
NCPPB 4716	The donor reference is NE-16	NE 16	NE 16			match	
NCPPB 4717	The donor reference is 10197-90 This isolate is also in the collections; ICMP 10197 This isolate was isolated by P. Heise The source of this isolate was ICMP	ICMP 10197	ICMP 10197			match	Script identifier is not a supported prefix+number code in the free text.
NCPPB 4718	The donor reference is 10194-90 This isolate is also in the collections; ICMP 10194 This isolate was isolated by P. Heise The source of this isolate was ICMP	ICMP 10194	ICMP 10194			match	Script identifier is not a supported prefix+number code in the free text.
NCPPB 4719	The donor reference is ICMP 10195 This isolate was isolated by P. Heise The source of this isolate was ICMP	ICMP 10195	ICMP 10195			match	
NCPPB 4720	The donor reference is ICMP 8410-83 This isolate is also in the collections; ICMP 8410 This isolate was isolated by R. Easwaramurthy The source of this isolate was ICMP	ICMP 8410; ICMP 8410-83	ICMP 8410; ICMP 8410-83			match	
NCPPB 4721	The donor reference is 13093-96 This isolate is also in the collections; ICMP 13093 This isolate was isolated by J.R. Neto The source of this isolate was ICMP	ICMP 13093	ICMP 13093			match	Script identifier is not a supported prefix+number code in the free text.
NCPPB 4722	The donor reference is 9262-87 This isolate is also in the collections; ICMP 9262 This isolate was isolated by J.R. Neto The source of this isolate was ICMP	ICMP 9262	ICMP 9262			match	Script identifier is not a supported prefix+number code in the free text.
NCPPB 4727	The donor reference is ICMP 8883 This isolate is also in the collections; ICMP 8883 The source of this isolate was ICMP	ICMP 8883	ICMP 8883			match	
NCPPB 4728	The donor reference is ICMP 8884 This isolate is also in the collections; ICMP 8884 The source of this isolate was ICMP	ICMP 8884	ICMP 8884			match	
NCPPB 4729	The donor reference is ICMP 13091 This isolate was isolated by J.R. Neto The source of this isolate was ICMP	ICMP 13091	ICMP 13091			match	
NCPPB 4730	The donor reference is ICMP 11134 This isolate is also in the collections; ICMP 11134 The source of this isolate was ICMP	ICMP 11134	ICMP 11134			match	
NCPPB 4731	The donor reference is ICMP 12321 This isolate is also in the collections; ICMP 12321 The source of this isolate was ICMP	ICMP 12321	ICMP 12321			match	
NCPPB 4732	The donor reference is ICMP 8789 This isolate is also in the collections; ICMP 8789, PDDCC 8789 This isolate was isolated by Z. Fang The source of this isolate was ICMP	ICMP 8789; PDDCC 8789	ICMP 8789; PDDCC 8789			match	
NCPPB 4733	The donor reference is ICMP 8412 This isolate is also in the collections; ICMP 8412, PDDCC 8412 This isolate was isolated by R. Easwaramurthy The source of this isolate was ICMP	ICMP 8412; PDDCC 8412	ICMP 8412; PDDCC 8412			match	
NCPPB 4753	The donor reference is CFBP 8353 This isolate is also in the collections; CFBP 8353, CECT 9404, IVIA 3287.1 This isolate was isolated by Lopez et al The source of this isolate was CFBP	CECT 9404; CFBP 8353; IVIA 3287.1	CECT 9404; CFBP 8353; IVIA 3287.1			match	
NCPPB 4754	The donor reference is CFBP 8354 This isolate is also in the collections; CFBP 8354, CECT 9405, IVIA 3287.2 This isolate was isolated by Maria M. Lopez The source of this isolate was CFBP	CECT 9405; CFBP 8354; IVIA 3287.2	CECT 9405; CFBP 8354; IVIA 3287.2			match	
NCPPB 4755	The donor reference is CFBP 8355 This isolate is also in the collections; CFBP 8355, CECT 9406, IVIA 3287.3 This isolate was isolated by Maria M. Lopez The source of this isolate was CFBP	CECT 9406; CFBP 8355; IVIA 3287.3	CECT 9406; CFBP 8355; IVIA 3287.3			match	
NCPPB 4763	The donor reference is NBC5720 This isolate is also in the collections; LMG 33367 This isolate was isolated by Harrie Koenraadt The source of this isolate was University of Florida, North Florida Research and Education Center Plant Disease	LMG 33367; NBC 5720	LMG 33367; NBC 5720			match	
NCPPB 4770	The donor reference is 2023024626 This isolate was isolated by Sam Oxspring The source of this isolate was FERA					needs_llm_review	Script identifier is not a supported prefix+number code in the free text.
NCPPB 4771	The donor reference is 2023027163 This isolate was isolated by Sarah Carroll, Sam Oxspring The source of this isolate was FERA					needs_llm_review	Script identifier is not a supported prefix+number code in the free text.
NCPPB 4772	The donor reference is 2023027127 This isolate was isolated by Sarah Carroll The source of this isolate was FERA					needs_llm_review	Script identifier is not a supported prefix+number code in the free text.
