ncppb_number	current_name	name_as_received	other_references	other_collection_numbers	identifier_candidates	current_search_identifiers	high_confidence_identifiers	manual_only_identifiers	has_confirmed_biosample	accepted_biosample_count	accepted_biosample_accessions	accepted_biosample_organisms	accepted_biosample_titles	matched_identifiers	matched_identifier_types	review_candidate_count	non_xanthomonas_review_rows	no_hit_rows	conflict_rows	conflicting_accessions	taxon_only_rows	taxon_only_accessions	rescue_candidate_count	rescue_candidate_accessions	accepted_needs_review_count	accepted_needs_review_accessions	top_reject_reasons	search_result_review_status	review_priority	review_note
NCPPB 45	Xanthomonas campestris pv. campestris (Pammel 1895) Dowson 1939	Xanthomonas campestris (Pammel 1895) Dowson 1939	This isolate was isolated by W.J. Dowson						yes	1	SAMN36346970	Xanthomonas campestris pv. campestris	Genome sequencing of Xcc WHRI 6379 (NCPPB 45)	NCPPB 45	ncppb_number	2	1	0	1	SAMEA4072397	0		1	SAMEA4072397	0		conflicting_ncppb_number:3709:1; non_xanthomonas_organism:1	manual_review_required	P2_conflicting_identifier_review	Rejected/review candidates include conflicting NCPPB numbers.
NCPPB 101	Xanthomonas cassavae (ex Wiehe & Dowson 1953) Vauterin et al. 1995	Xanthomonas cassavae	This isolate is also in the collections; ICMP 204, LMG 673, DSM 18958	ICMP 204; LMG 673; DSM 18958	ICMP 204; LMG 673; DSM 18958	ICMP 204; LMG 673; DSM 18958	ICMP 204; LMG 673; DSM 18958		yes	1	SAMN22555467	Xanthomonas cassavae CFBP 4642	Microbe sample from Xanthomonas cassavae CFBP 4642	NCPPB 101	ncppb_number	4	2	2	0		0		0		0		non_xanthomonas_organism:2; query_returned_no_biosample_records:2	confirmed_biosample_match	confirmed_current_algorithmic_match	At least one accepted BioSample match and no current high-priority review flag.
NCPPB 109	Xanthomonas axonopodis pv. begoniae (Takimoto 1934) Vauterin et al. 1995	Xanthomonas begoniae Takimoto 1934							no	0						1	0	1	0		0		0		0		query_returned_no_biosample_records:1	no_confirmed_match_yet	no_confirmed_biosample_match	No accepted BioSample match in the current local-evidence filter output.
NCPPB 113	Xanthomonas axonopodis pv. ricini (Yoshi & Takimoto 1928) Vauterin et al. 1995	X. ricinicola.							yes	1	SAMN42178446	Xanthomonas axonopodis pv. ricini	Genome sequencing of Xanthomonas campestris pv. ricini NCPPB 113	NCPPB 113	ncppb_number	0	0	0	0		0		0		0			confirmed_biosample_match	confirmed_current_algorithmic_match	At least one accepted BioSample match and no current high-priority review flag.
NCPPB 151	Xanthomonas campestris pv. papavericola (Bryan and McWhorter 1930) Dye 1978								yes	1	SAMN56511362	Xanthomonas campestris pv. papavericola	Genome sequencing of Xanthomonas NCPPB 151	NCPPB 151	ncppb_number	1	1	0	0		0		0		0		non_xanthomonas_organism:1	confirmed_biosample_match	confirmed_current_algorithmic_match	At least one accepted BioSample match and no current high-priority review flag.
NCPPB 174	Xanthomonas axonopodis pv. vasculorum (Cobb 1893) Vauterin et al. 1995	Xanthomonas vasculorum (Cobb 1893) Dowson 1939							no	0						1	0	1	0		0		0		0		query_returned_no_biosample_records:1	no_confirmed_match_yet	no_confirmed_biosample_match	No accepted BioSample match in the current local-evidence filter output.
NCPPB 181	Xanthomonas axonopodis pv. vasculorum (Cobb 1893) Vauterin et al. 1995	Xanthomonas vasculorum (Cobb 1893) Dowson 1939							no	0						1	1	0	0		0		0		0		non_xanthomonas_organism:1	no_confirmed_match_yet	no_confirmed_biosample_match	No accepted BioSample match in the current local-evidence filter output.
NCPPB 182	Xanthomonas sp. (Cobb 1893) Vauterin et al. 1995	Xanthomonas vasculorum (Cobb 1893) Dowson 1939	This isolate is also in the collections; ATCC 13901, ICMP 305, LMG 896 The source of this isolate was ex M.T. Cook	ATCC 13901; ICMP 305; LMG 896	ATCC 13901; ICMP 305; LMG 896	ATCC 13901; ICMP 305; LMG 896	ATCC 13901; ICMP 305; LMG 896		no	0						5	4	1	0		0		0		0		non_xanthomonas_organism:4; query_returned_no_biosample_records:1	no_confirmed_match_yet	no_confirmed_biosample_match	No accepted BioSample match in the current local-evidence filter output.
NCPPB 184	Xanthomonas axonopodis pv. vasculorum (Cobb 1893) Vauterin et al. 1995	Xanthomonas vasculorum (Cobb 1893) Dowson 1939	This isolate is also in the collections; ATCC 13902, ICPB XV101	ATCC 13902	ATCC 13902; ICPB XV101; XV 101	ATCC 13902; ICPB XV101; XV 101	ATCC 13902; ICPB XV101		no	0						5	4	1	0		0		0		0		non_xanthomonas_organism:4; query_returned_no_biosample_records:1	no_confirmed_match_yet	no_confirmed_biosample_match	No accepted BioSample match in the current local-evidence filter output.
NCPPB 185	Xanthomonas axonopodis pv. vasculorum (Cobb 1893) Vauterin et al. 1995	Xanthomonas vasculorum (Cobb 1893) Dowson 1939							no	0						1	1	0	0		0		0		0		non_xanthomonas_organism:1	no_confirmed_match_yet	no_confirmed_biosample_match	No accepted BioSample match in the current local-evidence filter output.
NCPPB 186	Xanthomonas axonopodis pv. vasculorum (Cobb 1893) Vauterin et al. 1995	Xanthomonas vasculorum (Cobb 1893) Dowson 1939							no	0						1	1	0	0		0		0		0		non_xanthomonas_organism:1	no_confirmed_match_yet	no_confirmed_biosample_match	No accepted BioSample match in the current local-evidence filter output.
NCPPB 187	Xanthomonas axonopodis pv. vasculorum (Cobb 1893) Vauterin et al. 1995	Xanthomonas vasculorum (Cobb 1893) Dowson 1939							no	0						1	1	0	0		0		0		0		non_xanthomonas_organism:1	no_confirmed_match_yet	no_confirmed_biosample_match	No accepted BioSample match in the current local-evidence filter output.
NCPPB 195	Xanthomonas vesicatoria (ex Doidge 1920) Vauterin et al. 1995	Xanthomonas vesicatoria (Doidge 1920) Dowson 1939							no	0						1	0	1	0		0		0		0		query_returned_no_biosample_records:1	no_confirmed_match_yet	no_confirmed_biosample_match	No accepted BioSample match in the current local-evidence filter output.
NCPPB 196	Xanthomonas campestris pv. campestris (Pammel 1895) Dowson 1939	Xanthomonas campestris (Pammel 1895) Dowson 1939							no	0						1	0	1	0		0		0		0		query_returned_no_biosample_records:1	no_confirmed_match_yet	no_confirmed_biosample_match	No accepted BioSample match in the current local-evidence filter output.
NCPPB 200	Xanthomonas citri pv. malvacearum (Smith 1901) Constantin et al. 2016 comb. nov.	Xanthomonas malvacearum (Smith 1901) Dowson 1939							no	0						1	1	0	0		0		0		0		non_xanthomonas_organism:1	no_confirmed_match_yet	no_confirmed_biosample_match	No accepted BioSample match in the current local-evidence filter output.
NCPPB 205	Xanthomonas hyacinthi (Wakker 1883) Vauterin et al. 1995	Xanthomonas hyacinthi							no	0						1	0	1	0		0		0		0		query_returned_no_biosample_records:1	no_confirmed_match_yet	no_confirmed_biosample_match	No accepted BioSample match in the current local-evidence filter output.
NCPPB 206	Xanthomonas vasicola pv. vasculorum (Cobb 1894) Lang et al. 2017	Xanthomonas vasculorum (Cobb 1893) Dowson 1939	This isolate is also in the collections; ICMP 326, LMG 8284, CFBP 7162	ICMP 326; LMG 8284; CFBP 7162	ICMP 326; LMG 8284; CFBP 7162	ICMP 326; LMG 8284; CFBP 7162	ICMP 326; LMG 8284; CFBP 7162		yes	2	SAMN36357966; SAMN00991256	Xanthomonas vasicola; Xanthomonas vasicola pv. vasculorum NCPPB 206	NCPPB 206; Xvv NCPPB206	NCPPB 206	ncppb_number	3	0	3	0		0		0		0		query_returned_no_biosample_records:3	confirmed_biosample_match	confirmed_current_algorithmic_match	At least one accepted BioSample match and no current high-priority review flag.
NCPPB 208	Xanthomonas albilineans (Ashby 1929) Dowson 1943	X. albilineans var. paspali. See Orian (1962)	This isolate was isolated by G. Orian PC5		PC 5	PC 5			no	0						101	100	1	0		0		0		0		non_xanthomonas_organism:100; query_returned_no_biosample_records:1	no_confirmed_match_yet	no_confirmed_biosample_match	No accepted BioSample match in the current local-evidence filter output.
NCPPB 210	Xanthomonas citri pv. malvacearum (Smith 1901) Constantin et al. 2016 comb. nov.	Xanthomonas malvacearum (Smith 1901) Dowson 1939	This isolate was isolated by M.K. Patel						no	0						1	0	1	0		0		0		0		query_returned_no_biosample_records:1	no_confirmed_match_yet	no_confirmed_biosample_match	No accepted BioSample match in the current local-evidence filter output.
NCPPB 211	Xanthomonas citri pv. citri (Hasse 1915) Constantin 2016 comb. nov.	Xanthomonas citri (Hasse 1915) Dowson							yes	1	SAMN13783128	Xanthomonas citri pv. citri	Microbe sample from Xanthomonas citri pv. citri	NCPPB 211	ncppb_number	1	0	0	1	SAMN42161509	0		1	SAMN42161509	0		conflicting_ncppb_number:2864:1	manual_review_required	P2_conflicting_identifier_review	Rejected/review candidates include conflicting NCPPB numbers.
NCPPB 212	Xanthomonas citri pv. mangiferaeindicae (Patel et al. 1948) Constantin et al. 2016 comb. nov.								no	0						2	0	0	2	SAMN42161511; SAMN42161510	0		2	SAMN42161510; SAMN42161511	0		conflicting_ncppb_number:2866:1; conflicting_ncppb_number:2865:1	manual_review_required	P2_conflicting_identifier_review	Rejected/review candidates include conflicting NCPPB numbers.
NCPPB 220	Xanthomonas phaseoli pv. phaseoli (Smith 1897) Constantin et al. 2016 comb. nov.	Xanthomonas phaseoli (Smith 1897) Dowson 1939	The source of this isolate was ex C. Elliott						yes	1	SAMN03262509	Xanthomonas phaseoli pv. phaseoli	Microbe sample from Xanthomonas phaseoli pv. phaseoli	NCPPB 220	ncppb_number	0	0	0	0		0		0		0			confirmed_biosample_match	confirmed_current_algorithmic_match	At least one accepted BioSample match and no current high-priority review flag.
NCPPB 226	Xanthomonas citri pv. citri (Hasse 1915) Constantin 2016 comb. nov.	Xanthomonas citri (Hasse 1915) Dowson							yes	1	SAMN13783184	Xanthomonas citri pv. citri	Microbe sample from Xanthomonas citri pv. citri	NCPPB 226	ncppb_number	0	0	0	0		0		0		0			confirmed_biosample_match	confirmed_current_algorithmic_match	At least one accepted BioSample match and no current high-priority review flag.
NCPPB 230	Xanthomonas hortorum pv. carotae (Kendrick 1934) Vauterin et al. 1995	Xanthomonas carotae Kendrick 1934							yes	1	SAMN40354569	Xanthomonas sp. WHRI 8391	Microbe sample from Xanthomonas sp. WHRI 8391	NCPPB 230	ncppb_number	0	0	0	0		0		0		0			confirmed_biosample_match	confirmed_current_algorithmic_match	At least one accepted BioSample match and no current high-priority review flag.
NCPPB 232	Xanthomonas hortorum pv. vitians Morinière et al. 2020	X. lactucaescariolae							yes	1	SAMEA6962647	Xanthomonas hortorum pv. vitians	Xanthomonas hortorum pv. vitians CFBP 498	NCPPB 232	ncppb_number	0	0	0	0		0		0		0			confirmed_biosample_match	confirmed_current_algorithmic_match	At least one accepted BioSample match and no current high-priority review flag.
NCPPB 240	Xanthomonas campestris pv. campestris (Pammel 1895) Dowson 1939	Xanthomonas campestris (Pammel 1895) Dowson 1939	This isolate was isolated by W.J. Dowson The source of this isolate was .						no	0						1	0	1	0		0		0		0		query_returned_no_biosample_records:1	no_confirmed_match_yet	no_confirmed_biosample_match	No accepted BioSample match in the current local-evidence filter output.
NCPPB 241	Xanthomonas axonopodis pv. begoniae (Takimoto 1934) Vauterin et al. 1995	Xanthomonas begoniae Takimoto 1934	The source of this isolate was ex W.J. Dowson						no	0						1	0	1	0		0		0		0		query_returned_no_biosample_records:1	no_confirmed_match_yet	no_confirmed_biosample_match	No accepted BioSample match in the current local-evidence filter output.
NCPPB 243	Xanthomonas euvesicatoria pv. uppalii (Patel 1948) Harrison et al. 2023								no	0						1	0	1	0		0		0		0		query_returned_no_biosample_records:1	no_confirmed_match_yet	no_confirmed_biosample_match	No accepted BioSample match in the current local-evidence filter output.
NCPPB 273	Xanthomonas arboricola pv. pruni (Smith 1903) Vauterin et al. 1995	Xanthomonas pruni	The source of this isolate was ex A.C. Brown B67		B 67	B 67		B 67	no	0						101	100	1	0		0		0		0		non_xanthomonas_organism:100; query_returned_no_biosample_records:1	no_confirmed_match_yet	no_confirmed_biosample_match	No accepted BioSample match in the current local-evidence filter output.
NCPPB 279	Xanthomonas campestris pv. campestris (Pammel 1895) Dowson 1939	Xanthomonas campestris (Pammel 1895) Dowson 1939	This isolate was isolated by P.O. Wiehe						no	0						1	0	1	0		0		0		0		query_returned_no_biosample_records:1	no_confirmed_match_yet	no_confirmed_biosample_match	No accepted BioSample match in the current local-evidence filter output.
NCPPB 290	Xanthomonas albilineans (Ashby 1929) Dowson 1943	Xanthomonas albilineans	The donor reference is 38/2		IS 38/2			IS 38/2	no	0						1	0	1	0		0		0		0		query_returned_no_biosample_records:1	no_confirmed_match_yet	no_confirmed_biosample_match	No accepted BioSample match in the current local-evidence filter output.
NCPPB 293	Xanthomonas citri pv. malvacearum (Smith 1901) Constantin et al. 2016 comb. nov.	Xanthomonas malvacearum (Smith 1901) Dowson 1939	This isolate was isolated by R.A. Lelliott						no	0						1	0	1	0		0		0		0		query_returned_no_biosample_records:1	no_confirmed_match_yet	no_confirmed_biosample_match	No accepted BioSample match in the current local-evidence filter output.
NCPPB 301	Xanthomonas phaseoli pv. phaseoli (Smith 1897) Constantin et al. 2016 comb. nov.	Xanthomonas phaseoli (Smith 1897) Dowson 1939							yes	1	SAMN03175018	Xanthomonas phaseoli pv. phaseoli	Microbe sample from Xanthomonas phaseoli pv. phaseoli	NCPPB 301	ncppb_number	0	0	0	0		0		0		0			confirmed_biosample_match	confirmed_current_algorithmic_match	At least one accepted BioSample match and no current high-priority review flag.
NCPPB 302	Xanthomonas phaseoli pv. phaseoli (Smith 1897) Constantin et al. 2016 comb. nov.	Xanthomonas phaseoli (Smith 1897) Dowson 1939	The donor reference is XP 8 The source of this isolate was .		XP 8	XP 8			no	0						101	100	1	0		0		0		0		non_xanthomonas_organism:100; query_returned_no_biosample_records:1	no_confirmed_match_yet	no_confirmed_biosample_match	No accepted BioSample match in the current local-evidence filter output.
NCPPB 305	Xanthomonas hortorum pv. pelargonii (Brown 1923) Vauterin et al. 1995	Xanthomonas pelargonii							no	0						1	0	1	0		0		0		0		query_returned_no_biosample_records:1	no_confirmed_match_yet	no_confirmed_biosample_match	No accepted BioSample match in the current local-evidence filter output.
NCPPB 315	Xanthomonas citri pv. malvacearum (Smith 1901) Constantin et al. 2016 comb. nov.	Xanthomonas malvacearum (Smith 1901) Dowson 1939	The donor reference is XS52/5		XS 52/5	XS 52/5			no	0						17	16	1	0		0		0		0		non_xanthomonas_organism:16; query_returned_no_biosample_records:1	no_confirmed_match_yet	no_confirmed_biosample_match	No accepted BioSample match in the current local-evidence filter output.
NCPPB 347	Xanthomonas campestris pv. armoraciae (McCulloch 1929) Dye 1978	Pseudomonas campestris var. armoraciae (McCulloch 1929) Krasilnikov 1949	This isolate is also in the collections; ICMP 7, LMG 535 This isolate was isolated by G.B. Wallace	ICMP 7; LMG 535	ICMP 7; LMG 535	ICMP 7; LMG 535	ICMP 7; LMG 535		yes	4	SAMN22552829; SAMN17385947	Xanthomonas campestris pv. armoraciae; Xanthomonas campestris	Microbe sample from Xanthomonas campestris pv. armoraciae; MIGS Cultured Bacterial/Archaeal sample from Xanthomonas campestris	NCPPB 347	ncppb_number	4	4	0	0		0		0		0		non_xanthomonas_organism:4	confirmed_biosample_match	confirmed_current_algorithmic_match	At least one accepted BioSample match and no current high-priority review flag.
NCPPB 348	Xanthomonas phaseoli pv. manihotis (Bondar 1912) Constantin et al. 2016 comb. nov.	Xanthomonas manihotis (Berthet & Bondar 1915) Starr 1946							no	0						1	0	1	0		0		0		0		query_returned_no_biosample_records:1	no_confirmed_match_yet	no_confirmed_biosample_match	No accepted BioSample match in the current local-evidence filter output.
NCPPB 362	Xanthomonas arboricola pv. juglandis (Pierce 1901) Vauterin et al. 1995	Xanthomonas juglandis							no	0						1	0	1	0		0		0		0		query_returned_no_biosample_records:1	no_confirmed_match_yet	no_confirmed_biosample_match	No accepted BioSample match in the current local-evidence filter output.
NCPPB 381	Xanthomonas citri pv. fuscans (Schaad et al. 2007) Constantin et al. 2016 comb. nov.	Xanthomonas phaseoli (Smith 1897) Dowson 1939	The donor reference is ZK4 This isolate is also in the collections; ATCC 19315, LMG 826, ICMP 239, CFBP 6165 The source of this isolate was ex W.A.F. Hagborg	ATCC 19315; LMG 826; ICMP 239; CFBP 6165	ATCC 19315; LMG 826; ICMP 239; CFBP 6165; ZK 4	ATCC 19315; LMG 826; ICMP 239; CFBP 6165; ZK 4	ATCC 19315; LMG 826; ICMP 239; CFBP 6165		yes	4	SAMN40354536; SAMN03142398; SAMN02903172; SAMN06829306	Xanthomonas citri pv. fuscans; Xanthomonas citri pv. phaseoli var. fuscans	Microbe sample from Xanthomonas citri pv. fuscans; Xanthomonas citri pv. fuscans Genome sequencing and assembly	NCPPB 381; LMG 826; CFBP 6165	ncppb_number; other_reference_identifier	32	31	1	0		0		0		0		non_xanthomonas_organism:31; query_returned_no_biosample_records:1	confirmed_biosample_match	confirmed_current_algorithmic_match	At least one accepted BioSample match and no current high-priority review flag.
NCPPB 400	Xanthomonas hortorum pv. pelargonii (Brown 1923) Vauterin et al. 1995	Xanthomonas pelargonii	This isolate was isolated by E. Hellmers 69		HELLMERS 69	HELLMERS 69		HELLMERS 69	no	0						2	0	2	0		0		0		0		query_returned_no_biosample_records:2	no_confirmed_match_yet	no_confirmed_biosample_match	No accepted BioSample match in the current local-evidence filter output.
NCPPB 403	Xanthomonas campestris pv. campestris (Pammel 1895) Dowson 1939	Xanthomonas campestris (Pammel 1895) Dowson 1939	This isolate was isolated by D.W. Dye Ql						no	0						1	1	0	0		0		0		0		non_xanthomonas_organism:1	no_confirmed_match_yet	no_confirmed_biosample_match	No accepted BioSample match in the current local-evidence filter output.
NCPPB 404	Xanthomonas campestris pv. campestris (Pammel 1895) Dowson 1939	Xanthomonas campestris (Pammel 1895) Dowson 1939	This isolate was isolated by D.W. Dye Q2		Q 2	Q 2		Q 2	yes	1	SAMN36346971	Xanthomonas campestris pv. campestris	Genome sequencing of Xcc WHRI 6380 (NCPPB 404)	NCPPB 404	ncppb_number	100	100	0	0		0		0		0		non_xanthomonas_organism:100	confirmed_biosample_match	confirmed_current_algorithmic_match	At least one accepted BioSample match and no current high-priority review flag.
NCPPB 405	Xanthomonas citri pv. citri (Hasse 1915) Constantin 2016 comb. nov.	Xanthomonas citri (Hasse 1915) Dowson	This isolate was isolated by D.W. Dye R1		R 1	R 1		R 1	no	0						101	100	1	0		0		0		0		non_xanthomonas_organism:100; query_returned_no_biosample_records:1	no_confirmed_match_yet	no_confirmed_biosample_match	No accepted BioSample match in the current local-evidence filter output.
NCPPB 406	Xanthomonas citri pv. citri (Hasse 1915) Constantin 2016 comb. nov.	Xanthomonas citri (Hasse 1915) Dowson	The donor reference is R This isolate was isolated by D.W. Dye R2		R 2	R 2		R 2	no	0						101	100	1	0		0		0		0		non_xanthomonas_organism:100; query_returned_no_biosample_records:1	no_confirmed_match_yet	no_confirmed_biosample_match	No accepted BioSample match in the current local-evidence filter output.
NCPPB 407	Xanthomonas citri pv. citri (Hasse 1915) Constantin 2016 comb. nov.	Xanthomonas citri (Hasse 1915) Dowson	This isolate was isolated by D.W. Dye R3		R 3	R 3		R 3	no	0						101	100	1	0		0		0		0		non_xanthomonas_organism:100; query_returned_no_biosample_records:1	no_confirmed_match_yet	no_confirmed_biosample_match	No accepted BioSample match in the current local-evidence filter output.
NCPPB 408	Xanthomonas citri pv. citri (Hasse 1915) Constantin 2016 comb. nov.	Xanthomonas citri (Hasse 1915) Dowson	This isolate was isolated by D.W. Dye R4		R 4	R 4		R 4	no	0						101	100	1	0		0		0		0		non_xanthomonas_organism:100; query_returned_no_biosample_records:1	no_confirmed_match_yet	no_confirmed_biosample_match	No accepted BioSample match in the current local-evidence filter output.
NCPPB 409	Xanthomonas citri (Hasse 1915) Gabriel et al. 1989	Xanthomonas citri (Hasse 1915) Dowson	This isolate is also in the collections; ICMP 24, LMG 682, CFBP 2525 This isolate was isolated by D.W. Dye R5	ICMP 24; LMG 682; CFBP 2525	ICMP 24; LMG 682; CFBP 2525; R 5	ICMP 24; LMG 682; CFBP 2525; R 5	ICMP 24; LMG 682; CFBP 2525	R 5	yes	2	SAMEA114331998; SAMN13783182	Xanthomonas citri pv. citri	Xanthomonas citri pv. citri NCPPB 409; Microbe sample from Xanthomonas citri pv. citri	NCPPB 409; CFBP 2525	ncppb_number; other_reference_identifier	118	118	0	0		0		0		0		non_xanthomonas_organism:118	confirmed_biosample_match	confirmed_current_algorithmic_match	At least one accepted BioSample match and no current high-priority review flag.
NCPPB 410	Xanthomonas citri pv. citri (Hasse 1915) Constantin 2016 comb. nov.	Xanthomonas citri (Hasse 1915) Dowson	This isolate was isolated by D.W. Dye R6		R 6	R 6		R 6	no	0						101	100	0	1	SAMEA6962652	0		1	SAMEA6962652	0		non_xanthomonas_organism:100; conflicting_ncppb_number:940:1	manual_review_required	P2_conflicting_identifier_review	Rejected/review candidates include conflicting NCPPB numbers.
NCPPB 411	Xanthomonas arboricola pv. juglandis (Pierce 1901) Vauterin et al. 1995	Xanthomonas juglandis	The donor reference is S3 This isolate is also in the collections; ICMP 35, CFBP 2528, LMG 747, ATCC 49083	ICMP 35; CFBP 2528; LMG 747; ATCC 49083	ICMP 35; CFBP 2528; LMG 747; ATCC 49083; S 3	ICMP 35; CFBP 2528; LMG 747; ATCC 49083; S 3	ICMP 35; CFBP 2528; LMG 747; ATCC 49083	S 3	yes	2	SAMN03352151; SAMN43400626	Xanthomonas arboricola pv. juglandis	Microbe sample from Xanthomonas arboricola pv. juglandis; MIGS Cultured Bacterial/Archaeal sample from Xanthomonas arboricola pv. juglandis	CFBP 2528; ATCC 49083	other_reference_identifier	105	104	1	0		0		0		0		non_xanthomonas_organism:104; query_returned_no_biosample_records:1	confirmed_biosample_match	confirmed_current_algorithmic_match	At least one accepted BioSample match and no current high-priority review flag.
NCPPB 412	Xanthomonas arboricola pv. juglandis (Pierce 1901) Vauterin et al. 1995	Xanthomonas juglandis	This isolate was isolated by D.W. Dye S6		S 6	S 6		S 6	no	0						101	100	1	0		0		0		0		non_xanthomonas_organism:100; query_returned_no_biosample_records:1	no_confirmed_match_yet	no_confirmed_biosample_match	No accepted BioSample match in the current local-evidence filter output.
NCPPB 414	Xanthomonas arboricola pv. juglandis (Pierce 1901) Vauterin et al. 1995	Xanthomonas juglandis	This isolate was isolated by D.W. Dye S10		S 10	S 10		S 10	no	0						101	100	1	0		0		0		0		non_xanthomonas_organism:100; query_returned_no_biosample_records:1	no_confirmed_match_yet	no_confirmed_biosample_match	No accepted BioSample match in the current local-evidence filter output.
NCPPB 415	Xanthomonas arboricola pv. juglandis (Pierce 1901) Vauterin et al. 1995	Xanthomonas juglandis	This isolate was isolated by D.W. Dye S12		S 12	S 12		S 12	no	0						101	100	1	0		0		0		0		non_xanthomonas_organism:100; query_returned_no_biosample_records:1	no_confirmed_match_yet	no_confirmed_biosample_match	No accepted BioSample match in the current local-evidence filter output.
NCPPB 416	Xanthomonas arboricola pv. pruni (Smith 1903) Vauterin et al. 1995	Xanthomonas pruni	This isolate is also in the collections; ATCC 19316, ICMP 51, LMG 852, CFBP 2535 This isolate was isolated by D.W. Dye Tl	ATCC 19316; ICMP 51; LMG 852; CFBP 2535	ATCC 19316; ICMP 51; LMG 852; CFBP 2535	ATCC 19316; ICMP 51; LMG 852; CFBP 2535	ATCC 19316; ICMP 51; LMG 852; CFBP 2535		yes	3	SAMN41996497; SAMN39942831; SAMN00188641	Xanthomonas arboricola pv. pruni	Microbe sample from Xanthomonas arboricola pv. pruni; Xanthomonas arboricola pv. pruni SSH DNA fragments	NCPPB 416; ICMP 51	ncppb_number; other_reference_identifier	9	8	1	0		0		0		0		non_xanthomonas_organism:8; query_returned_no_biosample_records:1	confirmed_biosample_match	confirmed_current_algorithmic_match	At least one accepted BioSample match and no current high-priority review flag.
NCPPB 418	Xanthomonas arboricola pv. pruni (Smith 1903) Vauterin et al. 1995	Xanthomonas pruni	This isolate was isolated by D.W. Dye T6		T 6	T 6		T 6	no	0						101	100	1	0		0		0		0		non_xanthomonas_organism:100; query_returned_no_biosample_records:1	no_confirmed_match_yet	no_confirmed_biosample_match	No accepted BioSample match in the current local-evidence filter output.
NCPPB 419	Xanthomonas arboricola pv. pruni (Smith 1903) Vauterin et al. 1995	Xanthomonas pruni	This isolate was isolated by D.W. Dye T7		T 7	T 7		T 7	no	0						101	100	1	0		0		0		0		non_xanthomonas_organism:100; query_returned_no_biosample_records:1	no_confirmed_match_yet	no_confirmed_biosample_match	No accepted BioSample match in the current local-evidence filter output.
NCPPB 420	Xanthomonas arboricola pv. pruni (Smith 1903) Vauterin et al. 1995	Xanthomonas pruni	This isolate was isolated by D.W. Dye T8		T 8	T 8		T 8	no	0						101	100	1	0		0		0		0		non_xanthomonas_organism:100; query_returned_no_biosample_records:1	no_confirmed_match_yet	no_confirmed_biosample_match	No accepted BioSample match in the current local-evidence filter output.
NCPPB 421	Xanthomonas arboricola pv. pruni (Smith 1903) Vauterin et al. 1995	Xanthomonas pruni	This isolate was isolated by D.W. Dye T9		T 9	T 9		T 9	no	0						101	100	1	0		0		0		0		non_xanthomonas_organism:100; query_returned_no_biosample_records:1	no_confirmed_match_yet	no_confirmed_biosample_match	No accepted BioSample match in the current local-evidence filter output.
NCPPB 422	Xanthomonas vesicatoria (ex Doidge 1920) Vauterin et al. 1995	Xanthomonas vesicatoria (Doidge 1920) Dowson 1939	This isolate is also in the collections; ICMP 63, LMG 911, ATCC 35937 This isolate was isolated by D.W. Dye X1	ICMP 63; LMG 911; ATCC 35937	ICMP 63; LMG 911; ATCC 35937; X 1	ICMP 63; LMG 911; ATCC 35937; X 1	ICMP 63; LMG 911; ATCC 35937	X 1	yes	2	SAMN05823154; SAMN02471773	Xanthomonas vesicatoria; Xanthomonas vesicatoria ATCC 35937	Copper-resistant Xanthomonas vesicatoria LMG911; Sample from Xanthomonas vesicatoria ATCC 35937	LMG 911; ATCC 35937	other_reference_identifier	104	103	1	0		0		0		0		non_xanthomonas_organism:103; query_returned_no_biosample_records:1	confirmed_biosample_match	confirmed_current_algorithmic_match	At least one accepted BioSample match and no current high-priority review flag.
NCPPB 423	Xanthomonas vesicatoria (ex Doidge 1920) Vauterin et al. 1995	Xanthomonas vesicatoria (Doidge 1920) Dowson 1939	This isolate is also in the collections; ICMP 65, LMG 916 This isolate was isolated by D.W. Dye X3	ICMP 65; LMG 916	ICMP 65; LMG 916; X 3	ICMP 65; LMG 916; X 3	ICMP 65; LMG 916	X 3	no	0						104	102	2	0		0		0		0		non_xanthomonas_organism:102; query_returned_no_biosample_records:2	no_confirmed_match_yet	no_confirmed_biosample_match	No accepted BioSample match in the current local-evidence filter output.
NCPPB 424	Xanthomonas vesicatoria (ex Doidge 1920) Vauterin et al. 1995	Xanthomonas vesicatoria (Doidge 1920) Dowson 1939	This isolate is also in the collections; ICMP 66, LMG 917 This isolate was isolated by D.W. Dye X4	ICMP 66; LMG 917	ICMP 66; LMG 917; X 4	ICMP 66; LMG 917; X 4	ICMP 66; LMG 917	X 4	no	0						107	105	1	1	SAMEA4722874	0		1	SAMEA4722874	0		non_xanthomonas_organism:105; conflicting_ncppb_number:4675:1; query_returned_no_biosample_records:1	manual_review_required	P2_conflicting_identifier_review	Rejected/review candidates include conflicting NCPPB numbers.
NCPPB 425	Xanthomonas hortorum pv. carotae (Kendrick 1934) Vauterin et al. 1995	Xanthomonas carotae Kendrick 1934	The donor reference is ZC1 The source of this isolate was ex B. Paine		ZC 1	ZC 1			yes	1	SAMN40354566	Xanthomonas sp. WHRI 8338	Microbe sample from Xanthomonas sp. WHRI 8338	NCPPB 425	ncppb_number	100	100	0	0		0		0		0		non_xanthomonas_organism:100	confirmed_biosample_match	confirmed_current_algorithmic_match	At least one accepted BioSample match and no current high-priority review flag.
NCPPB 457	Xanthomonas axonopodis pv. axonopodis Starr & Garces 1950	Xanthomonas axonopodis Starr & Garces 1950	This isolate is also in the collections; ATCC 19312, ICMP 50, LMG 982, DSMZ 3585 This isolate was isolated by M.P. Starr XA103	ATCC 19312; ICMP 50; LMG 982; DSMZ 3585	ATCC 19312; ICMP 50; LMG 982; DSMZ 3585; XA 103	ATCC 19312; ICMP 50; LMG 982; DSMZ 3585; XA 103	ATCC 19312; ICMP 50; LMG 982; DSMZ 3585		yes	1	SAMN02903173	Xanthomonas axonopodis pv. axonopodis	Microbe sample from Xanthomonas axonopodis pv. axonopodis	LMG 982	other_reference_identifier	8	7	1	0		0		0		0		non_xanthomonas_organism:7; query_returned_no_biosample_records:1	confirmed_biosample_match	confirmed_current_algorithmic_match	At least one accepted BioSample match and no current high-priority review flag.
NCPPB 464	Xanthomonas campestris pv. olitorii (Sabet 1957) Dye 1978		This isolate is also in the collections; ICMP 359, LMG 9052 This isolate was isolated by K.A. Sabet Cor 9	ICMP 359; LMG 9052	ICMP 359; LMG 9052; COR 9	ICMP 359; LMG 9052; COR 9	ICMP 359; LMG 9052		yes	2	SAMN41997686; SAMN19988989	Xanthomonas campestris pv. olitorii	Microbe sample from Xanthomonas campestris pv. olitorii	NCPPB 464	ncppb_number	102	100	2	0		0		0		0		non_xanthomonas_organism:100; query_returned_no_biosample_records:2	confirmed_biosample_match	confirmed_current_algorithmic_match	At least one accepted BioSample match and no current high-priority review flag.
NCPPB 465	Xanthomonas campestris pv. olitorii (Sabet 1957) Dye 1978		This isolate was isolated by K.A. Sabet Cor 5		COR 5	COR 5		COR 5	yes	1	SAMN41997687	Xanthomonas campestris pv. olitorii	Microbe sample from Xanthomonas campestris pv. olitorii	NCPPB 465	ncppb_number	100	100	0	0		0		0		0		non_xanthomonas_organism:100	confirmed_biosample_match	confirmed_current_algorithmic_match	At least one accepted BioSample match and no current high-priority review flag.
NCPPB 466	Xanthomonas citri pv. punicae (Hingorani & Singh 1959) Constantin et al. 2016 comb. nov.	Xanthomonas punicae Hingorani & Singh 1959	This isolate is also in the collections; ICMP 360, LMG 859 The source of this isolate was ex M.K. Hingorani	ICMP 360; LMG 859	ICMP 360; LMG 859	ICMP 360; LMG 859	ICMP 360; LMG 859		yes	2	SAMN09425328; SAMEA3138416	Xanthomonas citri pv. punicae; Xanthomonas citri pv. punicae str. LMG 859	Microbe sample from Xanthomonas citri pv. punicae; GCA_000285775	LMG 859	other_reference_identifier	2	0	2	0		0		0		0		query_returned_no_biosample_records:2	confirmed_biosample_match	confirmed_current_algorithmic_match	At least one accepted BioSample match and no current high-priority review flag.
NCPPB 473	Xanthomonas citri pv. punicae (Hingorani & Singh 1959) Constantin et al. 2016 comb. nov.	Xanthomonas punicae Hingorani & Singh 1959	The source of this isolate was ex M.K. Hingorani						no	0						1	0	1	0		0		0		0		query_returned_no_biosample_records:1	no_confirmed_match_yet	no_confirmed_biosample_match	No accepted BioSample match in the current local-evidence filter output.
NCPPB 476	Xanthomonas vesicatoria (ex Doidge 1920) Vauterin et al. 1995	Xanthomonas vesicatoria (Doidge 1920) Dowson 1939	The source of this isolate was ex M.K. Desai						no	0						1	0	1	0		0		0		0		query_returned_no_biosample_records:1	no_confirmed_match_yet	no_confirmed_biosample_match	No accepted BioSample match in the current local-evidence filter output.
NCPPB 477	Xanthomonas citri pv. trichodesmae (Patel et al.1952) Harrison et al. 2023		The source of this isolate was ex M.K. Desai						no	0						1	0	1	0		0		0		0		query_returned_no_biosample_records:1	no_confirmed_match_yet	no_confirmed_biosample_match	No accepted BioSample match in the current local-evidence filter output.
NCPPB 478	Xanthomonas axonopodis pv. cassiae (Kulkarni et al. 1951) Vauterin et al. 1995	Xanthomonas cassiae	The source of this isolate was ex M.K. Desai						yes	1	SAMN42178451	Xanthomonas axonopodis pv. cassiae	Genome sequencing of Xanthomonas campestris pv. cassiae NCPPB 478	NCPPB 478	ncppb_number	0	0	0	0		0		0		0			confirmed_biosample_match	confirmed_current_algorithmic_match	At least one accepted BioSample match and no current high-priority review flag.
NCPPB 479	Xanthomonas axonopodis pv. melhusii (Patel et al. 1952) Vauterin et al. 1995	Xanthomonas melhusii Patel et al. 1952	This isolate was isolated by ex M.K. Desai						no	0						1	0	0	1	SAMN42161500	0		1	SAMN42161500	0		conflicting_ncppb_number:1560:1	manual_review_required	P2_conflicting_identifier_review	Rejected/review candidates include conflicting NCPPB numbers.
NCPPB 480	Xanthomonas euvesicatoria pv. alfalfae (ex Riker et al. 1935) Constantin et al. 2016 comb. nov.	Xanthomonas alfalfae	This isolate is also in the collections; CFBP 7121 The source of this isolate was ex M.K. Desai	CFBP 7121	CFBP 7121	CFBP 7121	CFBP 7121		no	0						2	0	2	0		0		0		0		query_returned_no_biosample_records:2	no_confirmed_match_yet	no_confirmed_biosample_match	No accepted BioSample match in the current local-evidence filter output.
NCPPB 481	Xanthomonas axonopodis pv. desmodii (Patel 1949) Vauterin et al. 1995	Xanthomonas desmodii Patel 1949	This isolate is also in the collections; ATCC 11640, ICMP 315, LMG 692 This isolate was isolated by ICPB XD105 The source of this isolate was ex ICPB XD105 ex ICPB XD105	ATCC 11640; ICMP 315; LMG 692	ATCC 11640; ICMP 315; LMG 692; ICPB XD105; XD 105	ATCC 11640; ICMP 315; LMG 692; ICPB XD105; XD 105	ATCC 11640; ICMP 315; LMG 692; ICPB XD105		yes	1	SAMN42278566	Xanthomonas axonopodis pv. biophyti	Genome sequencing of Xanthomonas axonopodis pv. biophyti (Patel et al.1969) Vauterin et al. 1995 NCPPB 481	NCPPB 481	ncppb_number	5	3	2	0		0		0		0		non_xanthomonas_organism:3; query_returned_no_biosample_records:2	confirmed_biosample_match	confirmed_current_algorithmic_match	At least one accepted BioSample match and no current high-priority review flag.
NCPPB 485	Xanthomonas axonopodis pv. betlicola (Patel et al. 1951) Vauterin et al. 1995	Xanthomonas betlicola	The donor reference is XB109 The source of this isolate was ex ICPB XB109		ICPB XB109; XB 109	ICPB XB109; XB 109	ICPB XB109		yes	1	SAMN42284446	Xanthomonas axonopodis pv. betlicola	Genome sequencing of Xanthomonas axonopodis pv. betlicola (Patel et al. 1951) Vauterin et al. 1995 NCPPB 485	NCPPB 485	ncppb_number	12	11	1	0		0		0		0		non_xanthomonas_organism:11; query_returned_no_biosample_records:1	confirmed_biosample_match	confirmed_current_algorithmic_match	At least one accepted BioSample match and no current high-priority review flag.
NCPPB 488	Xanthomonas axonopodis pv. ricini (Yoshi & Takimoto 1928) Vauterin et al. 1995	X. ricinicola.	This isolate is also in the collections; ICPB XR101, ATCC 11767, LMG 7441, ICMP 248 The source of this isolate was ex M.K. Patel	ATCC 11767; LMG 7441; ICMP 248	ICPB XR101; ATCC 11767; LMG 7441; ICMP 248; XR 101	ICPB XR101; ATCC 11767; LMG 7441; ICMP 248; XR 101	ICPB XR101; ATCC 11767; LMG 7441; ICMP 248		yes	1	SAMN42178439	Xanthomonas axonopodis pv. ricini	Genome sequencing of Xanthomonas campestris pv. ricini NCPPB 488	NCPPB 488	ncppb_number	5	1	4	0		0		0		0		query_returned_no_biosample_records:4; non_xanthomonas_organism:1	confirmed_biosample_match	confirmed_current_algorithmic_match	At least one accepted BioSample match and no current high-priority review flag.
NCPPB 490	Xanthomonas citri pv. mangiferaeindicae (Patel et al. 1948) Constantin et al. 2016 comb. nov.		The donor reference is 18 This isolate is also in the collections; ATCC 11637, ICMP 5740, LMG 941, CFBP 1716 This isolate was isolated by M.K. Patel The source of this isolate was ex ICPB PM114 ex M.K. Patel	ATCC 11637; ICMP 5740; LMG 941; CFBP 1716	ATCC 11637; ICMP 5740; LMG 941; CFBP 1716; ICPB PM114; IS 18; PM 114	ATCC 11637; ICMP 5740; LMG 941; CFBP 1716; ICPB PM114; PM 114	ATCC 11637; ICMP 5740; LMG 941; CFBP 1716; ICPB PM114	IS 18	yes	2	SAMEA2272013; SAMN41471108	Xanthomonas citri pv. mangiferaeindicae LMG 941; Xanthomonas citri pv. mangiferaeindicae	BioSample entry for genome collection GCA_000263335; MIGS Cultured Bacterial/Archaeal sample from Xanthomonas citri pv. mangiferaeindicae	LMG 941; CFBP 1716	other_reference_identifier	113	110	3	0		0		0		0		non_xanthomonas_organism:110; query_returned_no_biosample_records:3	confirmed_biosample_match	confirmed_current_algorithmic_match	At least one accepted BioSample match and no current high-priority review flag.
NCPPB 509	Xanthomonas vesicatoria (ex Doidge 1920) Vauterin et al. 1995	Xanthomonas vesicatoria (Doidge 1920) Dowson 1939	The donor reference is 391 This isolate is also in the collections; LMG 919 This isolate was isolated by ex A. Rothwell	LMG 919	LMG 919; IS 391	LMG 919	LMG 919	IS 391	yes	1	SAMN03175433	Xanthomonas vesicatoria	Xanthomonas vesicatoria str. LMG 919	LMG 919	other_reference_identifier	1	0	1	0		0		0		0		query_returned_no_biosample_records:1	confirmed_biosample_match	confirmed_current_algorithmic_match	At least one accepted BioSample match and no current high-priority review flag.
NCPPB 510	Xanthomonas albilineans (Ashby 1929) Dowson 1943	Xanthomonas albilineans	The donor reference is 392 This isolate was isolated by ex G. Orian		IS 392			IS 392	no	0						1	0	1	0		0		0		0		query_returned_no_biosample_records:1	no_confirmed_match_yet	no_confirmed_biosample_match	No accepted BioSample match in the current local-evidence filter output.
NCPPB 526	Xanthomonas albilineans (Ashby 1929) Dowson 1943	Xanthomonas albilineans	The donor reference is 412 This isolate was isolated by ex J.A. Spence XAS/L		IS 412			IS 412	no	0						1	0	1	0		0		0		0		query_returned_no_biosample_records:1	no_confirmed_match_yet	no_confirmed_biosample_match	No accepted BioSample match in the current local-evidence filter output.
NCPPB 528	Xanthomonas campestris pv. campestris (Pammel 1895) Dowson 1939	Xanthomonas campestris (Pammel 1895) Dowson 1939	This isolate is also in the collections; ICMP 13, ATCC 33913, LMG 568, CIP 100069 This isolate was isolated by E. Billing P25	ICMP 13; ATCC 33913; LMG 568; CIP 100069	ICMP 13; ATCC 33913; LMG 568; CIP 100069; P 25	ICMP 13; ATCC 33913; LMG 568; CIP 100069; P 25	ICMP 13; ATCC 33913; LMG 568; CIP 100069	P 25	yes	3	SAMN22552834; SAMN36368329; SAMN02603845	Xanthomonas campestris pv. campestris; Xanthomonas campestris pv. campestris str. ATCC 33913	Microbe sample from Xanthomonas campestris pv. campestris; Genome sequencing of Xcc WHRI5212 (NCPPB 528); Sample from Xanthomonas campestris pv. campestris str. ATCC 33913	NCPPB 528; ATCC 33913	ncppb_number; other_reference_identifier	105	104	1	0		0		0		0		non_xanthomonas_organism:104; query_returned_no_biosample_records:1	confirmed_biosample_match	confirmed_current_algorithmic_match	At least one accepted BioSample match and no current high-priority review flag.
NCPPB 529	Xanthomonas campestris pv. campestris (Pammel 1895) Dowson 1939	Xanthomonas campestris (Pammel 1895) Dowson 1939	This isolate was isolated by E. Billing P33/1		P 33/1	P 33/1		P 33/1	yes	1	SAMN36346972	Xanthomonas campestris pv. campestris	Genome sequencing of Xcc WHRI 6381 (NCPPB 529)	NCPPB 529	ncppb_number	100	100	0	0		0		0		0		non_xanthomonas_organism:100	confirmed_biosample_match	confirmed_current_algorithmic_match	At least one accepted BioSample match and no current high-priority review flag.
NCPPB 535	Xanthomonas axonopodis pv. ricini (Yoshi & Takimoto 1928) Vauterin et al. 1995	Xanthomonas ricini (Yoshi & T akimoto 1928) Dowson 1939	This isolate was isolated by K.A. Sabet Ric 3		RIC 3	RIC 3		RIC 3	yes	2	SAMN42178440	Xanthomonas axonopodis pv. ricini	Genome sequencing of Xanthomonas campestris pv. ricini NCPPB 535	NCPPB 535	ncppb_number	17	16	0	1	SAMN17385947	0		1	SAMN17385947	0		non_xanthomonas_organism:16; conflicting_ncppb_number:347:1	manual_review_required	P2_conflicting_identifier_review	Rejected/review candidates include conflicting NCPPB numbers.
NCPPB 536	Xanthomonas axonopodis pv. khayae (Sabet 1959) Vauterin et al. 1995	Xanthomonas khayae Sabet 1959	This isolate is also in the collections; ICMP 671, LMG 753 This isolate was isolated by K.A. Sabet Khl	ICMP 671; LMG 753	ICMP 671; LMG 753	ICMP 671; LMG 753	ICMP 671; LMG 753		yes	1	SAMN42284536	Xanthomonas axonopodis pv. khayae	Genome sequencing of Xanthomonas axonopodis pv. khayae (Sabet 1959) Vauterin et al. 1995 NCPPB 536	NCPPB 536	ncppb_number	2	1	1	0		0		0		0		query_returned_no_biosample_records:1; non_xanthomonas_organism:1	confirmed_biosample_match	confirmed_current_algorithmic_match	At least one accepted BioSample match and no current high-priority review flag.
NCPPB 554	Xanthomonas citri pv. glycines (Nakano 1919) Constantin et al. 2016 comb. nov.	X. phaseoli var. sojense	This isolate is also in the collections; ICMP 5732, LMG 712, CFBP 2526. ATCC 43911 This isolate was isolated by K.A. Sabet Soy 1	ICMP 5732; LMG 712; CFBP 2526; ATCC 43911	ICMP 5732; LMG 712; CFBP 2526; ATCC 43911; SOY 1	ICMP 5732; LMG 712; CFBP 2526; ATCC 43911; SOY 1	ICMP 5732; LMG 712; CFBP 2526; ATCC 43911	SOY 1	yes	2	SAMN02469936; SAMN18397212	Xanthomonas citri pv. glycines CFBP 2526	Sample from Xanthomonas citri pv. glycines CFBP 2526; Microbe sample from Xanthomonas citri pv. glycines CFBP2526	CFBP 2526	other_reference_identifier	104	101	3	0		0		0		0		non_xanthomonas_organism:101; query_returned_no_biosample_records:3	confirmed_biosample_match	confirmed_current_algorithmic_match	At least one accepted BioSample match and no current high-priority review flag.
NCPPB 555	Xanthomonas citri pv. vignicola (Burkholder 1944) Constantin et al. 2016 comb. nov.	X. vignicola Burkholder 1944	This isolate was isolated by K.A. Sabet Vig 5		VIG 5	VIG 5		VIG 5	no	0						4	3	1	0		0		0		0		non_xanthomonas_organism:3; query_returned_no_biosample_records:1	no_confirmed_match_yet	no_confirmed_biosample_match	No accepted BioSample match in the current local-evidence filter output.
NCPPB 556	Xanthomonas axonopodis Starr & Garcés 1950	Xanthomonas phaseoli (Smith 1897) Dowson 1939	This isolate was isolated by K.A. Sabet Dol S						yes	2	SAMN56511388; SAMN03203484	Xanthomonas citri; Xanthomonas phaseoli pv. phaseoli	Genome sequencing of Xanthomonas NCPPB 556; Microbe sample from Xanthomonas phaseoli pv. phaseoli	NCPPB 556	ncppb_number	0	0	0	0		0		0		0			confirmed_biosample_match	confirmed_current_algorithmic_match	At least one accepted BioSample match and no current high-priority review flag.
NCPPB 557	Xanthomonas axonopodis (Smith 1897) Vauterin et al.1995	Xanthomonas phaseoli (Smith 1897) Dowson 1939	This isolate was isolated by K.A. Sabet Dol W						yes	2	SAMN56511389; SAMN03257620	Xanthomonas citri; Xanthomonas phaseoli pv. phaseoli	Genome sequencing of Xanthomonas NCPPB 557; Microbe sample from Xanthomonas phaseoli pv. phaseoli	NCPPB 557	ncppb_number	0	0	0	0		0		0		0			confirmed_biosample_match	confirmed_current_algorithmic_match	At least one accepted BioSample match and no current high-priority review flag.
NCPPB 570	Xanthomonas campestris pv. amaranthicola (Patel et al. 1952) Dye 1978		This isolate is also in the collections; ATCC 11645, ICMP 441, LMG 498 The source of this isolate was ex M.K. Patel 16	ATCC 11645; ICMP 441; LMG 498	ATCC 11645; ICMP 441; LMG 498; PATEL 16	ATCC 11645; ICMP 441; LMG 498; PATEL 16	ATCC 11645; ICMP 441; LMG 498	PATEL 16	yes	2	SAMN42488058	Xanthomonas campestris pv. amaranthicola	Genome sequencing of Xanthomonas campestris pv. amaranthicola (Patel et al. 1952) Dye 1978	NCPPB 570	ncppb_number	102	99	3	0		0		0		0		non_xanthomonas_organism:99; query_returned_no_biosample_records:3	confirmed_biosample_match	confirmed_current_algorithmic_match	At least one accepted BioSample match and no current high-priority review flag.
NCPPB 571	Xanthomonas campestris pv. badrii (Patel et al.1950) Dye 1978		This isolate is also in the collections; ATCC 11672, ICMP 571, LMG 546 This isolate was isolated by M.K. Patel 4	ATCC 11672; ICMP 571; LMG 546	ATCC 11672; ICMP 571; LMG 546; PATEL 4	ATCC 11672; ICMP 571; LMG 546; PATEL 4	ATCC 11672; ICMP 571; LMG 546	PATEL 4	yes	1	SAMN14601050	Xanthomonas campestris pv. badrii	Microbe sample from Xanthomonas campestris pv. badrii	ATCC 11672	other_reference_identifier	59	57	2	0		0		0		0		non_xanthomonas_organism:57; query_returned_no_biosample_records:2	confirmed_biosample_match	confirmed_current_algorithmic_match	At least one accepted BioSample match and no current high-priority review flag.
NCPPB 573	Xanthomonas axonopodis pv. cajani (Kulkarni et al. 1950) Vauterin et al. 1995	Xanthomonas cajani	This isolate is also in the collections; ATCC 11639, ICMP 444, LMG 558 The source of this isolate was ex M.K. Patel 5	ATCC 11639; ICMP 444; LMG 558	ATCC 11639; ICMP 444; LMG 558; PATEL 5	ATCC 11639; ICMP 444; LMG 558; PATEL 5	ATCC 11639; ICMP 444; LMG 558	PATEL 5	yes	2	SAMN42284473	Xanthomonas axonopodis pv. cajani	Genome sequencing of Xanthomonas axonopodis pv. cajani (Kulkarni et al. 1950) Vauterin et al. 1995 NCPPB 573	NCPPB 573	ncppb_number	48	46	2	0		0		0		0		non_xanthomonas_organism:46; query_returned_no_biosample_records:2	confirmed_biosample_match	confirmed_current_algorithmic_match	At least one accepted BioSample match and no current high-priority review flag.
NCPPB 575	Xanthomonas euvesicatoria pv. clerodendri (Patel et al. 1952) Harrison et al. 2023		This isolate is also in the collections; ATCC 11676, ICMP 445, CIP 106789, LMG 684, DSMZ 13067, CCUG 43811 The source of this isolate was ex M.K. Patel 10	ATCC 11676; ICMP 445; CIP 106789; LMG 684; DSMZ 13067; CCUG 43811	ATCC 11676; ICMP 445; CIP 106789; LMG 684; DSMZ 13067; CCUG 43811; PATEL 10	ATCC 11676; ICMP 445; CIP 106789; LMG 684; DSMZ 13067; CCUG 43811; PATEL 10	ATCC 11676; ICMP 445; CIP 106789; LMG 684; DSMZ 13067; CCUG 43811	PATEL 10	yes	1	SAMN19988990	Xanthomonas campestris pv. clerodendri	Microbe sample from Xanthomonas campestris pv. clerodendri	NCPPB 575	ncppb_number	110	109	1	0		0		0		0		non_xanthomonas_organism:109; query_returned_no_biosample_records:1	confirmed_biosample_match	confirmed_current_algorithmic_match	At least one accepted BioSample match and no current high-priority review flag.
NCPPB 577	Xanthomonas axonopodis pv. desmodiigangetici (Patel & Moniz 1948) Vauterin et al. 1995	Xanthomonas desmodiigangetici Patel & Moniz 1948	This isolate is also in the collections; ATCC 11671, ICMP 577, LMG 693 The source of this isolate was ex M.K. Patel 3	ATCC 11671; ICMP 577; LMG 693	ATCC 11671; ICMP 577; LMG 693; PATEL 3	ATCC 11671; ICMP 577; LMG 693; PATEL 3	ATCC 11671; ICMP 577; LMG 693	PATEL 3	yes	2	SAMN42278567	Xanthomonas axonopodis pv. desmodiigangetici	Genome sequencing of Xanthomonas axonopodis pv. desmodiigangetici (Patel & Moniz 1948) Vauterin et al. 1995 NCPPB 577	NCPPB 577	ncppb_number	102	99	3	0		0		0		0		non_xanthomonas_organism:99; query_returned_no_biosample_records:3	confirmed_biosample_match	confirmed_current_algorithmic_match	At least one accepted BioSample match and no current high-priority review flag.
NCPPB 578	Xanthomonas euvesicatoria pv. erythrinae (Patel et al. 1952) Constantin et al. 2016 comb. nov.	Xanthomonas erythrinae	This isolate is also in the collections; ATCC 11679, ICMP 446, LMG 698 The source of this isolate was ex M.K. Patel 17	ATCC 11679; ICMP 446; LMG 698	ATCC 11679; ICMP 446; LMG 698; PATEL 17	ATCC 11679; ICMP 446; LMG 698; PATEL 17	ATCC 11679; ICMP 446; LMG 698	PATEL 17	no	0						104	101	3	0		0		0		0		non_xanthomonas_organism:101; query_returned_no_biosample_records:3	no_confirmed_match_yet	no_confirmed_biosample_match	No accepted BioSample match in the current local-evidence filter output.
NCPPB 579	Xanthomonas euvesicatoria pv. lawsoniae (Patel et al. 1951) Harrison et al. 2023		This isolate is also in the collections; ATCC 11674, ICMP 319, LMG 756 The source of this isolate was ex M.K. Patel 8	ATCC 11674; ICMP 319; LMG 756	ATCC 11674; ICMP 319; LMG 756; PATEL 8	ATCC 11674; ICMP 319; LMG 756; PATEL 8	ATCC 11674; ICMP 319; LMG 756	PATEL 8	yes	1	SAMN19988991	Xanthomonas campestris pv. lawsoniae	Microbe sample from Xanthomonas campestris pv. lawsoniae	NCPPB 579	ncppb_number	27	24	2	1	SAMEA6962652	0		1	SAMEA6962652	0		non_xanthomonas_organism:24; query_returned_no_biosample_records:2; conflicting_ncppb_number:940:1	manual_review_required	P2_conflicting_identifier_review	Rejected/review candidates include conflicting NCPPB numbers.
NCPPB 581	Xanthomonas axonopodis pv. poinsettiicola (Patel et al. 1951) Vauterin et al. 1995	Xanthomonas poinsettiicola Patel et al. 1951	This isolate is also in the collections; ATCC 11643, ICMP 5779, LMG 849, CFBP 7277 The source of this isolate was ex M.K. Patel 12	ATCC 11643; ICMP 5779; LMG 849; CFBP 7277	ATCC 11643; ICMP 5779; LMG 849; CFBP 7277; PATEL 12	ATCC 11643; ICMP 5779; LMG 849; CFBP 7277; PATEL 12	ATCC 11643; ICMP 5779; LMG 849; CFBP 7277	PATEL 12	yes	1	SAMN42178463	Xanthomonas axonopodis pv. poinsettiicola	Genome sequencing of Xanthomonas campestris pv. poinsettiicola NCPPB 581	NCPPB 581	ncppb_number	117	114	3	0		0		0		0		non_xanthomonas_organism:114; query_returned_no_biosample_records:3	confirmed_biosample_match	confirmed_current_algorithmic_match	At least one accepted BioSample match and no current high-priority review flag.
NCPPB 582	Xanthomonas citri pv. sesbaniae (Patel et al. 1952) Constantin et al. 2016 comb. nov.	Xanthomonas sesbaniae Patel et al. 1952	This isolate is also in the collections; ATCC 11675, ICMP 367, LMG 867 This isolate was isolated by M.K. Patel The source of this isolate was ex M.K. Patel 9	ATCC 11675; ICMP 367; LMG 867	ATCC 11675; ICMP 367; LMG 867; PATEL 9	ATCC 11675; ICMP 367; LMG 867; PATEL 9	ATCC 11675; ICMP 367; LMG 867	PATEL 9	no	0						26	22	4	0		0		0		0		non_xanthomonas_organism:22; query_returned_no_biosample_records:4	no_confirmed_match_yet	no_confirmed_biosample_match	No accepted BioSample match in the current local-evidence filter output.
NCPPB 584	Xanthomonas axonopodis pv. tamarindi (Patel et al. 1951) Vauterin et al. 1995	Xanthomonas tamarindi Patel et al. 1951	This isolate is also in the collections; ATCC 11673, ICMP 572, LMG 995, CCUG 15850 The source of this isolate was ex M.K. Patel 7	ATCC 11673; ICMP 572; LMG 995; CCUG 15850	ATCC 11673; ICMP 572; LMG 995; CCUG 15850; PATEL 7	ATCC 11673; ICMP 572; LMG 995; CCUG 15850; PATEL 7	ATCC 11673; ICMP 572; LMG 995; CCUG 15850	PATEL 7	yes	2	SAMN42278574	Xanthomonas axonopodis pv. tamarindi	Genome sequencing ofXanthomonas axonopodis pv. tamarindi (Patel et al. 1951) Vauterin et al. 1995 NCPPB 584	NCPPB 584	ncppb_number	27	24	3	0		0		0		0		non_xanthomonas_organism:24; query_returned_no_biosample_records:3	confirmed_biosample_match	confirmed_current_algorithmic_match	At least one accepted BioSample match and no current high-priority review flag.
NCPPB 585	Xanthomonas citri pv. trichodesmae (Patel et al.1952) Harrison et al. 2023		This isolate is also in the collections; ATCC 11678, ICMP 5754, LMG 874 This isolate was isolated by ex M.K. Patel 15	ATCC 11678; ICMP 5754; LMG 874	ATCC 11678; ICMP 5754; LMG 874; PATEL 15	ATCC 11678; ICMP 5754; LMG 874; PATEL 15	ATCC 11678; ICMP 5754; LMG 874	PATEL 15	yes	1	SAMN19988994	Xanthomonas campestris pv. trichodesmae	Microbe sample from Xanthomonas campestris pv. trichodesmae	NCPPB 585	ncppb_number	75	72	3	0		0		0		0		non_xanthomonas_organism:72; query_returned_no_biosample_records:3	confirmed_biosample_match	confirmed_current_algorithmic_match	At least one accepted BioSample match and no current high-priority review flag.
NCPPB 586	Xanthomonas euvesicatoria pv. uppalii (Patel 1948) Harrison et al. 2023		This isolate is also in the collections; ATCC 11641, ICMP 5756, LMG 893 The source of this isolate was ex M.K. Patel 2	ATCC 11641; ICMP 5756; LMG 893	ATCC 11641; ICMP 5756; LMG 893; PATEL 2	ATCC 11641; ICMP 5756; LMG 893; PATEL 2	ATCC 11641; ICMP 5756; LMG 893	PATEL 2	yes	1	SAMN19988992	Xanthomonas campestris pv. uppalii	Microbe sample from Xanthomonas campestris pv. uppalii	NCPPB 586	ncppb_number	103	101	2	0		0		0		0		non_xanthomonas_organism:101; query_returned_no_biosample_records:2	confirmed_biosample_match	confirmed_current_algorithmic_match	At least one accepted BioSample match and no current high-priority review flag.
NCPPB 599	Xanthomonas hyacinthi (Wakker 1883) Vauterin et al. 1995	Xanthomonas hyacinthi	The donor reference is Y6 This isolate is also in the collections; ATCC 193314, ICMP 189, DSM 19077, CFBP 1156, LMG 739 The source of this isolate was ex E. van Slogteren	ATCC 193314; ICMP 189; DSM 19077; CFBP 1156; LMG 739	ATCC 193314; ICMP 189; DSM 19077; CFBP 1156; LMG 739; Y 6	ATCC 193314; ICMP 189; DSM 19077; CFBP 1156; LMG 739; Y 6	ATCC 193314; ICMP 189; DSM 19077; CFBP 1156; LMG 739	Y 6	yes	5	SAMN43282147; SAMD00253046; SAMN02894432; SAMN12660098; SAMN05560286	Xanthomonas hyacinthi; Xanthomonas hyacinthi DSM 19077	Microbe sample from Xanthomonas hyacinthi; strain ICMP 189 of Xanthomonas hyacinthi; Microbe sample from Xanthomonas hyacinthi DSM 19077; Pathogen: clinical or host-associated sample from Xanthomonas hyacinthi; Microbe sample from Xanthomonas hyacinthi CFBP1156	ICMP 189; DSM 19077; CFBP 1156	other_reference_identifier	105	103	2	0		0		0		0		non_xanthomonas_organism:103; query_returned_no_biosample_records:2	confirmed_biosample_match	confirmed_current_algorithmic_match	At least one accepted BioSample match and no current high-priority review flag.
NCPPB 614	Xanthomonas citri pv. malvacearum (Smith 1901) Schaad et al. 2007	Xanthomonas malvacearum (Smith 1901) Dowson 1939	The source of this isolate was ex L.S. Bird 52-3		BIRD 52-3	BIRD 52-3		BIRD 52-3	no	0						101	100	1	0		0		0		0		non_xanthomonas_organism:100; query_returned_no_biosample_records:1	no_confirmed_match_yet	no_confirmed_biosample_match	No accepted BioSample match in the current local-evidence filter output.
NCPPB 631	Xanthomonas euvesicatoria pv. sesami (Sabet & Dowson 1960) Constantin et al. 2016 comb. nov.		This isolate is also in the collections; ICMP 621, LMG 865 This isolate was isolated by ex K.A. Sabet	ICMP 621; LMG 865	ICMP 621; LMG 865	ICMP 621; LMG 865	ICMP 621; LMG 865		no	0						3	1	2	0		0		0		0		query_returned_no_biosample_records:2; non_xanthomonas_organism:1	no_confirmed_match_yet	no_confirmed_biosample_match	No accepted BioSample match in the current local-evidence filter output.
NCPPB 633	Xanthomonas citri pv. malvacearum (Smith 1901) Constantin et al. 2016 comb. nov.	Xanthomonas malvacearum (Smith 1901) Dowson 1939	The donor reference is 222M This isolate is also in the collections; ICMP 5739, LMG 761, CFBP 2530 This isolate was isolated by ex F.T. Last M2519	ICMP 5739; LMG 761; CFBP 2530	ICMP 5739; LMG 761; CFBP 2530; IS 222M; M 2519	ICMP 5739; LMG 761; CFBP 2530; M 2519	ICMP 5739; LMG 761; CFBP 2530	IS 222M; M 2519	yes	5	SAMN40354537; SAMN40354530; SAMN08729580; SAMN22082069; SAMN07418358	Xanthomonas citri pv. malvacearum	Microbe sample from Xanthomonas citri pv. malvacearum; Xanthomonas citri pv. malvacearum str. CFBP 2530	NCPPB 633; CFBP 2530	ncppb_number; other_reference_identifier	51	50	1	0		0		0		0		non_xanthomonas_organism:50; query_returned_no_biosample_records:1	confirmed_biosample_match	confirmed_current_algorithmic_match	At least one accepted BioSample match and no current high-priority review flag.
NCPPB 634	Xanthomonas citri pv. malvacearum (Smith 1901) Constantin et al. 2016 comb. nov.	Xanthomonas malvacearum (Smith 1901) Dowson 1939	The donor reference is 223S This isolate was isolated by ex F. T. Last S2519		IS 223S; S 2519	S 2519		IS 223S; S 2519	no	0						89	88	1	0		0		0		0		non_xanthomonas_organism:88; query_returned_no_biosample_records:1	no_confirmed_match_yet	no_confirmed_biosample_match	No accepted BioSample match in the current local-evidence filter output.
NCPPB 637	Xanthomonas axonopodis pv. cyamopsidis (Patel et al.1953) Vauterin et al. 1995	X. cyamophagus	The donor reference is 76200 This isolate is also in the collections; ICMP 616, LMG 691 This isolate was isolated by ex M.K. Patel The source of this isolate was ex M.V. Desai	ICMP 616; LMG 691	ICMP 616; LMG 691; IS 76200	ICMP 616; LMG 691	ICMP 616; LMG 691	IS 76200	yes	1	SAMN42180202	Xanthomonas axonopodis pv. cyamopsidis	Genome sequencing of Xanthomonas axonopodis pv. cyamopsidis NCPPB 637	NCPPB 637	ncppb_number	2	1	1	0		0		0		0		query_returned_no_biosample_records:1; non_xanthomonas_organism:1	confirmed_biosample_match	confirmed_current_algorithmic_match	At least one accepted BioSample match and no current high-priority review flag.
NCPPB 638	Xanthomonas citri pv. vignicola (Burkholder 1944) Constantin et al. 2016 comb. nov.	X. vignicola. Burkholder 1944	The donor reference is 76537 This isolate is also in the collections; CFBP 7110 This isolate was isolated by ex A. Rothwell	CFBP 7110	CFBP 7110; IS 76537	CFBP 7110	CFBP 7110	IS 76537	no	0						2	0	2	0		0		0		0		query_returned_no_biosample_records:2	no_confirmed_match_yet	no_confirmed_biosample_match	No accepted BioSample match in the current local-evidence filter output.
NCPPB 642	Xanthomonas hortorum pv. hederae (Arnaud 1920) Vauterin et al. 1995	Xanthomonas hederae	The donor reference is 423 This isolate was isolated by ex E. Hellmers		IS 423			IS 423	no	0						1	0	1	0		0		0		0		query_returned_no_biosample_records:1	no_confirmed_match_yet	no_confirmed_biosample_match	No accepted BioSample match in the current local-evidence filter output.
NCPPB 645	Xanthomonas axonopodis pv. cassiae (Kulkarni et al. 1951) Vauterin et al. 1995	Xanthomonas cassiae	This isolate was isolated by K.A. Sabet Cas 2		CAS 2	CAS 2		CAS 2	yes	1	SAMN42178452	Xanthomonas axonopodis pv. cassiae	Genome sequencing of Xanthomonas campestris pv. cassiae NCPPB 645	NCPPB 645	ncppb_number	100	100	0	0		0		0		0		non_xanthomonas_organism:100	confirmed_biosample_match	confirmed_current_algorithmic_match	At least one accepted BioSample match and no current high-priority review flag.
NCPPB 646	Xanthomonas axonopodis pv. khayae (Sabet 1959) Vauterin et al. 1995	Xanthomonas khayae Sabet 1959	This isolate was isolated by K.A. Sabet Kh2		KH 2	KH 2		KH 2	yes	2	SAMN42284537; SAMN03175008	Xanthomonas axonopodis pv. khayae; Xanthomonas phaseoli pv. phaseoli	Genome sequencing of Xanthomonas axonopodis pv. khayae (Sabet 1959) Vauterin et al. 1995 NCPPB 646; Microbe sample from Xanthomonas phaseoli pv. phaseoli	NCPPB 646	ncppb_number	100	100	0	0		0		0		1	SAMN03175008	non_xanthomonas_organism:100	manual_review_required	P1_conflicting_accepted_match	At least one currently accepted BioSample has a conflict or audit warning.
NCPPB 647	Xanthomonas euvesicatoria pv. sesami (Sabet & Dowson 1960) Constantin et al. 2016 comb. nov.		This isolate was isolated by K.A. Sabet Ses 9		SES 9	SES 9		SES 9	no	0						65	64	1	0		0		0		0		non_xanthomonas_organism:64; query_returned_no_biosample_records:1	no_confirmed_match_yet	no_confirmed_biosample_match	No accepted BioSample match in the current local-evidence filter output.
NCPPB 648	Xanthomonas euvesicatoria pv. alfalfae (ex Riker et al. 1935) Constantin et al. 2016 comb. nov.	Xanthomonas alfalfae	This isolate was isolated by K.A. Sabet Med. 3		MED 3	MED 3		MED 3	no	0						101	100	1	0		0		0		0		non_xanthomonas_organism:100; query_returned_no_biosample_records:1	no_confirmed_match_yet	no_confirmed_biosample_match	No accepted BioSample match in the current local-evidence filter output.
NCPPB 670	Xanthomonas citri pv. fuscans (Schaad et al. 2007) Constantin et al. 2016 comb. nov.	Xanthomonas phaseoli (Smith 1897) Dowson 1939	The donor reference is 77421 This isolate was isolated by ex C. Logan		IS 77421			IS 77421	yes	1	SAMN03097370	Xanthomonas citri pv. fuscans	Microbe sample from Xanthomonas citri pv. fuscans	NCPPB 670	ncppb_number	0	0	0	0		0		0		0			confirmed_biosample_match	confirmed_current_algorithmic_match	At least one accepted BioSample match and no current high-priority review flag.
NCPPB 701	Xanthomonas vesicatoria (ex Doidge 1920) Vauterin et al. 1995	Xanthomonas vesicatoria (Doidge 1920) Dowson 1939	The donor reference is 77833 This isolate is also in the collections; LMG 920 This isolate was isolated by ex G. Goidanich	LMG 920	LMG 920; IS 77833	LMG 920	LMG 920	IS 77833	yes	1	SAMN03175440	Xanthomonas vesicatoria	Xanthomonas vesicatoria str. LMG 920	LMG 920	other_reference_identifier	2	1	1	0		0		0		0		query_returned_no_biosample_records:1; non_xanthomonas_organism:1	confirmed_biosample_match	confirmed_current_algorithmic_match	At least one accepted BioSample match and no current high-priority review flag.
NCPPB 702	Xanthomonas vasicola pv. vasculorum (Cobb 1894) Lang et al. 2017	Xanthomonas vasculorum (Cobb 1893) Dowson 1939	The donor reference is 77860 This isolate is also in the collections; ICPB XV168, LMG 8710, CFBP 7163 This isolate was isolated by ex A. Rothwell	LMG 8710; CFBP 7163	ICPB XV168; LMG 8710; CFBP 7163; IS 77860; XV 168	ICPB XV168; LMG 8710; CFBP 7163; XV 168	ICPB XV168; LMG 8710; CFBP 7163	IS 77860	yes	2	SAMN36357969; SAMN00002876	Xanthomonas vasicola; Xanthomonas vasicola pv. vasculorum NCPPB 702	NCPPB 702; Generic sample from Xanthomonas vasicola pv. vasculorum	NCPPB 702	ncppb_number	26	21	3	2	SAMD00537715; SAMD00537713	0		2	SAMD00537713; SAMD00537715	0		non_xanthomonas_organism:21; query_returned_no_biosample_records:3; conflicting_ncppb_number:2181:1; conflicting_ncppb_number:762:1	manual_review_required	P2_conflicting_identifier_review	Rejected/review candidates include conflicting NCPPB numbers.
NCPPB 761	Xanthomonas euvesicatoria pv. physalidicola (Goto & Okabe 1958) Constantin et al. 2016 comb. nov.	Xanthomonas physalidicola Goto & Okabe 1958	The donor reference is Yzl This isolate is also in the collections; ICMP 586, LMG 845, ATCC 49077 This isolate was isolated by N. Okabe The source of this isolate was ex N. Okabe	ICMP 586; LMG 845; ATCC 49077	ICMP 586; LMG 845; ATCC 49077	ICMP 586; LMG 845; ATCC 49077	ICMP 586; LMG 845; ATCC 49077		no	0						4	0	4	0		0		0		0		query_returned_no_biosample_records:4	no_confirmed_match_yet	no_confirmed_biosample_match	No accepted BioSample match in the current local-evidence filter output.
NCPPB 762	Xanthomonas pisi (ex Goto & Okabe 1958) Vauterin et al. 1995	Xanthomonas pisi Goto & Okabe 1958	The donor reference is XAl This isolate is also in the collections; ICMP 570, LMG 847, DSM 18956, ATCC 35936 This isolate was isolated by N. Okabe The source of this isolate was ex N. Okabe	ICMP 570; LMG 847; DSM 18956; ATCC 35936	ICMP 570; LMG 847; DSM 18956; ATCC 35936	ICMP 570; LMG 847; DSM 18956; ATCC 35936	ICMP 570; LMG 847; DSM 18956; ATCC 35936		yes	3	SAMD00537713; SAMD00253068; SAMN02894433	Xanthomonas pisi; Xanthomonas pisi DSM 18956	Xanthomonas pisi NBRC 13556; strain ICMP 570 of Xanthomonas pisi; Microbe sample from Xanthomonas pisi DSM 18956	NCPPB 762; ICMP 570; DSM 18956	ncppb_number; other_reference_identifier	2	0	2	0		0		0		0		query_returned_no_biosample_records:2	confirmed_biosample_match	confirmed_current_algorithmic_match	At least one accepted BioSample match and no current high-priority review flag.
NCPPB 793	Xanthomonas oryzae pv. oryzae (Ishiyama 1922) Swings et al. 1990	Xanthomonas oryzae	The donor reference is 78017 This isolate was isolated by ex T.N. Kaul		IS 78017			IS 78017	no	0						2	2	0	0		0		0		0		non_xanthomonas_organism:2	no_confirmed_match_yet	no_confirmed_biosample_match	No accepted BioSample match in the current local-evidence filter output.
NCPPB 795	Xanthomonas vasicola pv. vasculorum (Cobb 1894) Lang et al. 2017	Xanthomonas vasculorum (Cobb 1893) Dowson 1939	The donor reference is 81587 This isolate is also in the collections; LMG 900 This isolate was isolated by ex P. Baudin	LMG 900	LMG 900; IS 81587	LMG 900	LMG 900	IS 81587	yes	2	SAMN20034691; SAMN36357970	Xanthomonas vasicola pv. vasculorum; Xanthomonas vasicola	Microbe sample from Xanthomonas vasicola pv. vasculorum; NCPPB 795	NCPPB 795	ncppb_number	1	1	0	0		0		0		0		non_xanthomonas_organism:1	confirmed_biosample_match	confirmed_current_algorithmic_match	At least one accepted BioSample match and no current high-priority review flag.
NCPPB 840	Xanthomonas axonopodis pv. patelii (Desai & Shah 1959) Vauterin et al. 1995	Xanthomonas patelii Desai & Shah 1959	This isolate is also in the collections; ICMP 167, LMG 811 The source of this isolate was ex M.K. Desai	ICMP 167; LMG 811	ICMP 167; LMG 811	ICMP 167; LMG 811	ICMP 167; LMG 811		yes	1	SAMN42280122	Xanthomonas axonopodis pv. patelii	Genome sequencing of Xanthomonas axonopodis pv. patelii (Desai & Shah 1959) Vauterin et al. 1995 NCPPB 840	NCPPB 840	ncppb_number	17	17	0	0		0		0		0		non_xanthomonas_organism:17	confirmed_biosample_match	confirmed_current_algorithmic_match	At least one accepted BioSample match and no current high-priority review flag.
NCPPB 875	Xanthomonas campestris pv. aberrans (Knosel 1961) Dye 1978	Xanthomonas campestris var. aberrans Knosel 1961							no	0						1	0	1	0		0		0		0		query_returned_no_biosample_records:1	no_confirmed_match_yet	no_confirmed_biosample_match	No accepted BioSample match in the current local-evidence filter output.
NCPPB 881	Xanthomonas hortorum pv. gardneri Morinière et al. (2020)	Pseudomonas gardneri Sutic 1957	The donor reference is Strain sombor This isolate is also in the collections; ATCC 19865, DSM 19127 This isolate was isolated by D. Sutic	ATCC 19865; DSM 19127	ATCC 19865; DSM 19127	ATCC 19865; DSM 19127	ATCC 19865; DSM 19127		yes	5	SAMN56511390; SAMN09704275; SAMN33574910; SAMN02471772	Xanthomonas hortorum ATCC 19865	Genome sequencing of Xanthomonas NCPPB 881; Microbe sample from Xanthomonas hortorum ATCC 19865; Sample from Xanthomonas hortorum ATCC 19865	NCPPB 881; ATCC 19865	ncppb_number; other_reference_identifier	1	0	1	0		0		0		0		query_returned_no_biosample_records:1	confirmed_biosample_match	confirmed_current_algorithmic_match	At least one accepted BioSample match and no current high-priority review flag.
NCPPB 884	Xanthomonas axonopodis pv. patelii (Desai & Shah 1959) Vauterin et al. 1995	Xanthomonas patelii Desai & Shah 1959	The donor reference is B400 The source of this isolate was ex R.M. Patel		B 400	B 400		B 400	no	0						101	100	1	0		0		0		0		non_xanthomonas_organism:100; query_returned_no_biosample_records:1	no_confirmed_match_yet	no_confirmed_biosample_match	No accepted BioSample match in the current local-evidence filter output.
NCPPB 885	Xanthomonas axonopodis pv. desmodiirotundifolii (Desai & Shah 1960) Vauterin et al. 1995	Xanthomonas desmodiirotundifolii Desai & Shah 1960	The donor reference is B401 This isolate is also in the collections; ICMP 168, LMG 694 This isolate was isolated by ex R.M. Patel	ICMP 168; LMG 694	ICMP 168; LMG 694; B 401	ICMP 168; LMG 694; B 401	ICMP 168; LMG 694	B 401	yes	1	SAMN42278569	Xanthomonas axonopodis pv. desmodiirotundifolii	Genome sequencing of Xanthomonas axonopodis pv. desmodiirotundifolii (Desai & Shah 1960) Vauterin et al. 1995 NCPPB 885	NCPPB 885	ncppb_number	102	102	0	0		0		0		0		non_xanthomonas_organism:102	confirmed_biosample_match	confirmed_current_algorithmic_match	At least one accepted BioSample match and no current high-priority review flag.
NCPPB 887	Xanthomonas albilineans (Ashby 1929) Dowson 1943	Xanthomonas albilineans	This isolate is also in the collections; ATCC 33195 This isolate was isolated by A.C. Hayward B315	ATCC 33195	ATCC 33195; B 315	ATCC 33195; B 315	ATCC 33195	B 315	no	0						102	100	2	0		0		0		0		non_xanthomonas_organism:100; query_returned_no_biosample_records:2	no_confirmed_match_yet	no_confirmed_biosample_match	No accepted BioSample match in the current local-evidence filter output.
NCPPB 888	Xanthomonas sp. Dowson 1939		This isolate was isolated by A.C. Hayward B325		B 325	B 325		B 325	no	0						101	100	1	0		0		0		0		non_xanthomonas_organism:100; query_returned_no_biosample_records:1	no_confirmed_match_yet	no_confirmed_biosample_match	No accepted BioSample match in the current local-evidence filter output.
NCPPB 889	Xanthomonas vasicola pv. vasculorum (Cobb 1894) Lang et al. 2017	Xanthomonas vasculorum (Cobb 1893) Dowson 1939	This isolate is also in the collections; LMG 902, CFBP 5831 This isolate was isolated by A.C. Hayward B323	LMG 902; CFBP 5831	LMG 902; CFBP 5831; B 323	LMG 902; CFBP 5831; B 323	LMG 902; CFBP 5831	B 323	yes	2	SAMN20080225; SAMN36357971	Xanthomonas vasicola pv. vasculorum; Xanthomonas vasicola	Pathogen: environmental/food/other sample from Xanthomonas vasicola pv. vasculorum; NCPPB 889	NCPPB 889	ncppb_number	112	111	1	0		0		0		0		non_xanthomonas_organism:111; query_returned_no_biosample_records:1	confirmed_biosample_match	confirmed_current_algorithmic_match	At least one accepted BioSample match and no current high-priority review flag.
NCPPB 891	Xanthomonas axonopodis pv. vasculorum (Cobb 1893) Vauterin et al. 1995	Xanthomonas vasculorum (Cobb 1893) Dowson 1939	This isolate was isolated by A.C. Hayward B337		B 337	B 337		B 337	no	0						101	100	1	0		0		0		0		non_xanthomonas_organism:100; query_returned_no_biosample_records:1	no_confirmed_match_yet	no_confirmed_biosample_match	No accepted BioSample match in the current local-evidence filter output.
NCPPB 892	Xanthomonas axonopodis pv. vasculorum (Cobb 1893) Vauterin et al. 1995	Xanthomonas vasculorum (Cobb 1893) Dowson 1939	This isolate was isolated by A.C. Hayward B349		B 349	B 349		B 349	no	0						101	100	1	0		0		0		0		non_xanthomonas_organism:100; query_returned_no_biosample_records:1	no_confirmed_match_yet	no_confirmed_biosample_match	No accepted BioSample match in the current local-evidence filter output.
NCPPB 893	Xanthomonas axonopodis pv. vasculorum (Cobb 1893) Vauterin et al. 1995	Xanthomonas vasculorum (Cobb 1893) Dowson 1939	This isolate was isolated by A.C. Hayward B343		B 343	B 343		B 343	no	0						101	100	1	0		0		0		0		non_xanthomonas_organism:100; query_returned_no_biosample_records:1	no_confirmed_match_yet	no_confirmed_biosample_match	No accepted BioSample match in the current local-evidence filter output.
NCPPB 895	Xanthomonas vasicola pv. vasculorum (Cobb 1894) Lang et al. 2017	Xanthomonas vasculorum (Cobb 1893) Dowson 1939	This isolate is also in the collections; LMG 8714 This isolate was isolated by A.C. Hayward B370	LMG 8714	LMG 8714; B 370	LMG 8714; B 370	LMG 8714	B 370	yes	2	SAMN36357973; SAMN02439007	Xanthomonas vasicola; Xanthomonas vasicola pv. vasculorum NCPPB 895	NCPPB 895; General Sample for Xanthomonas vasicola pv. vasculorum NCPPB 895	NCPPB 895	ncppb_number	101	100	1	0		0		0		0		non_xanthomonas_organism:100; query_returned_no_biosample_records:1	confirmed_biosample_match	confirmed_current_algorithmic_match	At least one accepted BioSample match and no current high-priority review flag.
NCPPB 896	Xanthomonas albilineans (Ashby 1929) Dowson 1943	Xanthomonas albilineans	The donor reference is B462 This isolate is also in the collections; ATCC 33196, LMG 483 This isolate was isolated by ex P. Baudin	ATCC 33196; LMG 483	ATCC 33196; LMG 483; B 462	ATCC 33196; LMG 483; B 462	ATCC 33196; LMG 483	B 462	no	0						103	100	3	0		0		0		0		non_xanthomonas_organism:100; query_returned_no_biosample_records:3	no_confirmed_match_yet	no_confirmed_biosample_match	No accepted BioSample match in the current local-evidence filter output.
NCPPB 897	Xanthomonas albilineans (Ashby 1929) Dowson 1943	Xanthomonas albilineans	The donor reference is B463 This isolate was isolated by ex P. Baudin		B 463	B 463		B 463	no	0						101	100	1	0		0		0		0		non_xanthomonas_organism:100; query_returned_no_biosample_records:1	no_confirmed_match_yet	no_confirmed_biosample_match	No accepted BioSample match in the current local-evidence filter output.
NCPPB 899	Xanthomonas axonopodis pv. vasculorum (Cobb 1893) Vauterin et al. 1995	Xanthomonas vasculorum (Cobb 1893) Dowson 1939	This isolate was isolated by A.C. Hayward B377		B 377	B 377		B 377	no	0						101	100	1	0		0		0		0		non_xanthomonas_organism:100; query_returned_no_biosample_records:1	no_confirmed_match_yet	no_confirmed_biosample_match	No accepted BioSample match in the current local-evidence filter output.
NCPPB 900	Xanthomonas axonopodis pv. vasculorum (Cobb 1893) Vauterin et al. 1995	Xanthomonas vasculorum (Cobb 1893) Dowson 1939	This isolate was isolated by A.C. Hayward B386		B 386	B 386		B 386	yes	2	SAMN56511391; SAMN02854335	Xanthomonas axonopodis pv. vasculorum	Genome sequencing of Xanthomonas NCPPB 900; Microbe sample from Xanthomonas axonopodis pv. vasculorum	NCPPB 900	ncppb_number	100	100	0	0		0		0		0		non_xanthomonas_organism:100	confirmed_biosample_match	confirmed_current_algorithmic_match	At least one accepted BioSample match and no current high-priority review flag.
NCPPB 901	Xanthomonas sp. Dowson 1939	Xanthomonas malvacearum (Smith 1901) Dowson 1939	The donor reference is B406 The source of this isolate was ex N.B. Kulkarni		B 406	B 406		B 406	yes	1	SAMN42161496	Xanthomonas sp. NCPPB 901	Genome sequencing of Xanthomonas sp. NCPPB 901	NCPPB 901	ncppb_number	100	100	0	0		0		0		0		non_xanthomonas_organism:100	confirmed_biosample_match	confirmed_current_algorithmic_match	At least one accepted BioSample match and no current high-priority review flag.
NCPPB 902	Xanthomonas vasicola Vauterin et al. 1995		The donor reference is B454 The source of this isolate was ex N. Shanmuganathan		B 454	B 454		B 454	yes	1	SAMN03140174	Xanthomonas vasicola	Microbe sample from Xanthomonas vasicola	NCPPB 902	ncppb_number	100	100	0	0		0		0		0		non_xanthomonas_organism:100	confirmed_biosample_match	confirmed_current_algorithmic_match	At least one accepted BioSample match and no current high-priority review flag.
NCPPB 916	Xanthomonas sp. Dowson 1939		The donor reference is B136		B 136	B 136		B 136	no	0						101	100	1	0		0		0		0		non_xanthomonas_organism:100; query_returned_no_biosample_records:1	no_confirmed_match_yet	no_confirmed_biosample_match	No accepted BioSample match in the current local-evidence filter output.
NCPPB 917	Xanthomonas sp. Dowson 1939		This isolate was isolated by A.C. Hayward B130		B 130	B 130		B 130	no	0						101	100	1	0		0		0		0		non_xanthomonas_organism:100; query_returned_no_biosample_records:1	no_confirmed_match_yet	no_confirmed_biosample_match	No accepted BioSample match in the current local-evidence filter output.
NCPPB 918	Xanthomonas albilineans (Ashby 1929) Dowson 1943	Xanthomonas albilineans	This isolate was isolated by A.C. Hayward B373		B 373	B 373		B 373	no	0						101	100	1	0		0		0		0		non_xanthomonas_organism:100; query_returned_no_biosample_records:1	no_confirmed_match_yet	no_confirmed_biosample_match	No accepted BioSample match in the current local-evidence filter output.
NCPPB 922	Xanthomonas albilineans (Ashby 1929) Dowson 1943	Xanthomonas albilineans	The donor reference is B499 This isolate was isolated by ex P. Baudin 1213A		B 499; BAUDIN 1213A	B 499; BAUDIN 1213A		B 499; BAUDIN 1213A	no	0						102	100	2	0		0		0		0		non_xanthomonas_organism:100; query_returned_no_biosample_records:2	no_confirmed_match_yet	no_confirmed_biosample_match	No accepted BioSample match in the current local-evidence filter output.
NCPPB 923	Xanthomonas arboricola pv. pruni (Smith 1903) Vauterin et al. 1995	Xanthomonas pruni	The donor reference is B495 This isolate was isolated by ex H.T. Brodrick A13a		B 495; A 13A	B 495; A 13A		B 495; A 13A	no	0						105	104	1	0		0		0		0		non_xanthomonas_organism:104; query_returned_no_biosample_records:1	no_confirmed_match_yet	no_confirmed_biosample_match	No accepted BioSample match in the current local-evidence filter output.
NCPPB 924	Xanthomonas arboricola pv. pruni (Smith 1903) Vauterin et al. 1995	Xanthomonas pruni	The donor reference is B497 This isolate was isolated by ex H.T. Brodrick A26		B 497; A 26	B 497; A 26		B 497; A 26	no	0						201	200	1	0		0		0		0		non_xanthomonas_organism:200; query_returned_no_biosample_records:1	no_confirmed_match_yet	no_confirmed_biosample_match	No accepted BioSample match in the current local-evidence filter output.
NCPPB 926	Xanthomonas arboricola pv. pruni (Smith 1903) Vauterin et al. 1995	Xanthomonas pruni	The donor reference is B494 This isolate was isolated by ex H.T. Brodrick A12		B 494; A 12	B 494; A 12		B 494; A 12	no	0						201	200	1	0		0		0		0		non_xanthomonas_organism:200; query_returned_no_biosample_records:1	no_confirmed_match_yet	no_confirmed_biosample_match	No accepted BioSample match in the current local-evidence filter output.
NCPPB 935	Xanthomonas arboricola pv. corylina (Miller et al. 1940) Vauterin et al. 1995	Xanthomonas corylina	This isolate is also in the collections; ATCC 19313, ICMP 5726, ICPB XC 12, LMG 689, CFBP 1159 The source of this isolate was ex P.W. Miller 5262	ATCC 19313; ICMP 5726; LMG 689; CFBP 1159	ATCC 19313; ICMP 5726; LMG 689; CFBP 1159; XC 12; MILLER 5262	ATCC 19313; ICMP 5726; LMG 689; CFBP 1159; XC 12; MILLER 5262	ATCC 19313; ICMP 5726; LMG 689; CFBP 1159	MILLER 5262	yes	8	SAMN41996496; SAMEA7984667; SAMN05559866	Xanthomonas arboricola pv. corylina	Microbe sample from Xanthomonas arboricola pv. corylina; Xanthomonas arboricola pv. corylina CFBP 1159; Microbe sample from Xanthomonas arboricola pv. corylina CFBP1159	NCPPB 935; CFBP 1159	ncppb_number; other_reference_identifier	104	104	0	0		0		0		0		non_xanthomonas_organism:104	confirmed_biosample_match	confirmed_current_algorithmic_match	At least one accepted BioSample match and no current high-priority review flag.
NCPPB 936	Xanthomonas vesicatoria (ex Doidge 1920) Vauterin et al. 1995	Xanthomonas vesicatoria (Doidge 1920) Dowson 1939	This isolate was isolated by ex W.H. Burkholder						no	0						1	0	1	0		0		0		0		query_returned_no_biosample_records:1	no_confirmed_match_yet	no_confirmed_biosample_match	No accepted BioSample match in the current local-evidence filter output.
NCPPB 937	Xanthomonas campestris pv. incanae (Kendrick & Baker 1942) Dye 1978	Xanthomonas incanae (Kendrick & Baker 1942) Starr & Weiss 1943	This isolate is also in the collections; ATCC 13462, ICMP 574 This isolate was isolated by ex C.E. Williamson The source of this isolate was ex Netherlands	ATCC 13462; ICMP 574	ATCC 13462; ICMP 574	ATCC 13462; ICMP 574	ATCC 13462; ICMP 574		yes	1	SAMN22552838	Xanthomonas campestris pv. incanae	Microbe sample from Xanthomonas campestris pv. incanae	NCPPB 937	ncppb_number	2	1	1	0		0		0		0		non_xanthomonas_organism:1; query_returned_no_biosample_records:1	confirmed_biosample_match	confirmed_current_algorithmic_match	At least one accepted BioSample match and no current high-priority review flag.
NCPPB 938	Xanthomonas axonopodis pv. lespedezae (Ayers et al. 1939) Vauterin et al. 1995	Xanthomonas lespedezae Ayers et al. 1939	This isolate was isolated by ex W.H. Burkholder						no	0						1	0	1	0		0		0		0		query_returned_no_biosample_records:1	no_confirmed_match_yet	no_confirmed_biosample_match	No accepted BioSample match in the current local-evidence filter output.
NCPPB 939	Xanthomonas hortorum pv. hederae (Arnaud 1920) Vauterin et al. 1995	Xanthomonas hederae	This isolate is also in the collections; ICMP 453, LMG 733, DSM 19143 This isolate was isolated by ex W.H. Burkholder XH5	ICMP 453; LMG 733; DSM 19143	ICMP 453; LMG 733; DSM 19143; XH 5	ICMP 453; LMG 733; DSM 19143; XH 5	ICMP 453; LMG 733; DSM 19143		yes	4	SAMN08729581; SAMN43284563; SAMN43281910; SAMD00253066	Xanthomonas hortorum pv. hederae; Xanthomonas hortorum	Microbe sample from Xanthomonas hortorum pv. hederae; Microbe sample from Xanthomonas hortorum; strain ICMP 453 of Xanthomonas hortorum	NCPPB 939; ICMP 453	ncppb_number; other_reference_identifier	47	47	0	0		0		0		0		non_xanthomonas_organism:47	confirmed_biosample_match	confirmed_current_algorithmic_match	At least one accepted BioSample match and no current high-priority review flag.
NCPPB 940	Xanthomonas hortorum pv. taraxaci (Niederhauser 1943)Vauterin et al.1995	Xanthomonas taraxaci	This isolate is also in the collections; ATCC 19318, ICMP 579 This isolate was isolated by ex J. Niederhauser	ATCC 19318; ICMP 579	ATCC 19318; ICMP 579	ATCC 19318; ICMP 579	ATCC 19318; ICMP 579		yes	2	SAMEA6962652	Xanthomonas hortorum pv. taraxaci	Xanthomonas hortorum pv. taraxaci NCPPB 940	NCPPB 940	ncppb_number	2	1	1	0		0		0		0		query_returned_no_biosample_records:1; non_xanthomonas_organism:1	confirmed_biosample_match	confirmed_current_algorithmic_match	At least one accepted BioSample match and no current high-priority review flag.
NCPPB 941	Xanthomonas euvesicatoria pv. euvesicatoria (Jones et al. 2006) Constantin et al. 2016 comb. nov.	Xanthomonas vesicatoria (Doidge 1920) Dowson 1939	This isolate is also in the collections; ICMP 102, LMG 922 This isolate was isolated by ex W.H. Burkholder	ICMP 102; LMG 922	ICMP 102; LMG 922	ICMP 102; LMG 922	ICMP 102; LMG 922		no	0						3	1	2	0		0		0		0		query_returned_no_biosample_records:2; non_xanthomonas_organism:1	no_confirmed_match_yet	no_confirmed_biosample_match	No accepted BioSample match in the current local-evidence filter output.
NCPPB 942	Xanthomonas campestris pv. barbareae (Burkholder 1941) Dye 1978	Xanthomonas barbareae Burkholder 1941	This isolate was isolated by ex W.H. Burkholder						yes	1	SAMN57360824	Xanthomonas campestris pv. barbareae	Microbe sample from Xanthomonas campestris pv. barbareae	NCPPB 942	ncppb_number	0	0	0	0		0		0		0			confirmed_biosample_match	confirmed_current_algorithmic_match	At least one accepted BioSample match and no current high-priority review flag.
NCPPB 969	Xanthomonas hortorum pv. vitians Morinière et al. 2020	X. lactucae.	This isolate was isolated by ex W.H. Burkholder						no	0						1	0	1	0		0		0		0		query_returned_no_biosample_records:1	no_confirmed_match_yet	no_confirmed_biosample_match	No accepted BioSample match in the current local-evidence filter output.
NCPPB 970	Xanthomonas hortorum pv. vitians Morinière et al. 2020	X. lactucaescariolae	This isolate was isolated by ex H.H. Thornberry 1-49		THORNBERRY 1-49	THORNBERRY 1-49		THORNBERRY 1-49	no	0						2	0	2	0		0		0		0		query_returned_no_biosample_records:2	no_confirmed_match_yet	no_confirmed_biosample_match	No accepted BioSample match in the current local-evidence filter output.
NCPPB 971	Xanthomonas axonopodis pv. maculifoliigardeniae (Ark & Barrett 1946) Vauterin et al. 1995	Xanthomonas maculifoliigardeniae Ark & Barrett 1946	This isolate is also in the collections; ICMP 318, LMG 758 This isolate was isolated by ex P.A. Ark 1	ICMP 318; LMG 758	ICMP 318; LMG 758; ARK 1	ICMP 318; LMG 758; ARK 1	ICMP 318; LMG 758	ARK 1	yes	1	SAMN42284547	Xanthomonas axonopodis pv. maculifoliigardeniae	Genome sequencing of Xanthomonas axonopodis pv. maculifoliigardeniae (Ark & Barrett 1946) Vauterin et al. 1995 NCPPB 971	NCPPB 971	ncppb_number	102	100	2	0		0		0		0		non_xanthomonas_organism:100; query_returned_no_biosample_records:2	confirmed_biosample_match	confirmed_current_algorithmic_match	At least one accepted BioSample match and no current high-priority review flag.
NCPPB 972	Xanthomonas axonopodis pv. maculifoliigardeniae (Ark & Barrett 1946) Vauterin et al. 1995	Xanthomonas maculifoliigardeniae Ark & Barrett 1946	This isolate was isolated by ex P.A. Ark 2		ARK 2	ARK 2		ARK 2	yes	1	SAMN42284548	Xanthomonas axonopodis pv. maculifoliigardeniae	Genome sequencing of Xanthomonas axonopodis pv. maculifoliigardeniae (Ark & Barrett 1946) Vauterin et al. 1995 NCPPB 972	NCPPB 972	ncppb_number	100	100	0	0		0		0		0		non_xanthomonas_organism:100	confirmed_biosample_match	confirmed_current_algorithmic_match	At least one accepted BioSample match and no current high-priority review flag.
NCPPB 973	Xanthomonas translucens pv. translucens (Jones et al. 1917) Vauterin et al. 1995	Xanthomonas translucens Jones et al. 1917	This isolate is also in the collections; ATCC 19319, ICMP 5752, LMG 876, DSM 18974, CFBP 1155 This isolate was isolated by ex C.S. Reddy	ATCC 19319; ICMP 5752; LMG 876; DSM 18974; CFBP 1155	ATCC 19319; ICMP 5752; LMG 876; DSM 18974; CFBP 1155	ATCC 19319; ICMP 5752; LMG 876; DSM 18974; CFBP 1155	ATCC 19319; ICMP 5752; LMG 876; DSM 18974; CFBP 1155		yes	5	SAMN23026111; SAMN43281667; SAMD00253072; SAMEA2271958; SAMEA4358958	Xanthomonas translucens pv. translucens; Xanthomonas translucens; Xanthomonas translucens pv. translucens DSM 18974	Microbe sample from Xanthomonas translucens pv. translucens; Microbe sample from Xanthomonas translucens; strain ICMP 5752 of Xanthomonas translucens; BioSample entry for genome collection GCA_000331775; Xanthomonas translucens pv. translucens DSM 18974	ATCC 19319; ICMP 5752; DSM 18974	other_reference_identifier	4	2	2	0		0		0		0		query_returned_no_biosample_records:2; non_xanthomonas_organism:2	confirmed_biosample_match	confirmed_current_algorithmic_match	At least one accepted BioSample match and no current high-priority review flag.
NCPPB 974	Xanthomonas translucens pv. translucens (Jones et al. 1917) Vauterin et al. 1995	Xanthomonas translucens Jones et al. 1917	This isolate was isolated by ex Z. Patrick The source of this isolate was ex W.H. Burkholder						no	0						1	0	1	0		0		0		0		query_returned_no_biosample_records:1	no_confirmed_match_yet	no_confirmed_biosample_match	No accepted BioSample match in the current local-evidence filter output.
NCPPB 975	Xanthomonas vesicatoria (ex Doidge 1920) Vauterin et al. 1995	Xanthomonas vesicatoria (Doidge 1920) Dowson 1939	This isolate was isolated by ex W.H. Burkholder						no	0						1	0	1	0		0		0		0		query_returned_no_biosample_records:1	no_confirmed_match_yet	no_confirmed_biosample_match	No accepted BioSample match in the current local-evidence filter output.
NCPPB 976	Xanthomonas citri (ex Hasse 1915) Gabriel et al. 1989	Xanthomonas vitians (Brown 1918) Dowson 1943	This isolate is also in the collections; ATCC 19320, ICMP 336, LMG 937, CFBP 2538 This isolate was isolated by ex N.A. Brown The source of this isolate was ex W.H. Burkholder	ATCC 19320; ICMP 336; LMG 937; CFBP 2538	ATCC 19320; ICMP 336; LMG 937; CFBP 2538	ATCC 19320; ICMP 336; LMG 937; CFBP 2538	ATCC 19320; ICMP 336; LMG 937; CFBP 2538		yes	2	SAMN09704274; SAMN11047482	Xanthomonas axonopodis pv. vitians	Microbe sample from Xanthomonas axonopodis pv. vitians; MIGS Cultured Bacterial/Archaeal sample from Xanthomonas axonopodis pv. vitians	NCPPB 976; CFBP 2538	ncppb_number; other_reference_identifier	4	3	1	0		0		0		0		non_xanthomonas_organism:3; query_returned_no_biosample_records:1	confirmed_biosample_match	confirmed_current_algorithmic_match	At least one accepted BioSample match and no current high-priority review flag.
NCPPB 983	Xanthomonas campestris pv. barbareae (Burkholder 1941) Dye 1978	Xanthomonas barbareae Burkholder 1941	This isolate is also in the collections; ATCC 13460, ICMP 437 This isolate was isolated by ex W.H. Burkholder	ATCC 13460; ICMP 437	ATCC 13460; ICMP 437	ATCC 13460; ICMP 437	ATCC 13460; ICMP 437		yes	1	SAMN22552839	Xanthomonas campestris pv. barbareae	Microbe sample from Xanthomonas campestris pv. barbareae	NCPPB 983	ncppb_number	2	1	1	0		0		0		0		non_xanthomonas_organism:1; query_returned_no_biosample_records:1	confirmed_biosample_match	confirmed_current_algorithmic_match	At least one accepted BioSample match and no current high-priority review flag.
NCPPB 984	Xanthomonas arboricola pv. corylina (Miller et al. 1940) Vauterin et al. 1995	Xanthomonas corylina	This isolate was isolated by ex S. Dombroff Oregan 5401		OREGAN 5401	OREGAN 5401		OREGAN 5401	no	0						2	0	2	0		0		0		0		query_returned_no_biosample_records:2	no_confirmed_match_yet	no_confirmed_biosample_match	No accepted BioSample match in the current local-evidence filter output.
NCPPB 985	Xanthomonas phaseoli pv. dieffenbachiae (McCulloch & Pirone 1939) Constantin et al. 2016 comb. nov.	Xanthomonas dieffenbachiae McCulloch & Pirone 1939	This isolate is also in the collections; ATCC 23379, LMG 7399, CFBP 7666 This isolate was isolated by P.A. Ark	ATCC 23379; LMG 7399; CFBP 7666	ATCC 23379; LMG 7399; CFBP 7666	ATCC 23379; LMG 7399; CFBP 7666	ATCC 23379; LMG 7399; CFBP 7666		yes	1	SAMN02903999	Xanthomonas citri	Microbe sample from Xanthomonas citri	LMG 7399	other_reference_identifier	3	0	3	0		0		0		0		query_returned_no_biosample_records:3	confirmed_biosample_match	confirmed_current_algorithmic_match	At least one accepted BioSample match and no current high-priority review flag.
NCPPB 986	Xanthomonas phaseoli pv. dieffenbachiae (McCulloch & Pirone 1939) Constantin et al. 2016 comb. nov.	Xanthomonas dieffenbachiae McCulloch & Pirone 1939	This isolate was isolated by ex P.A. Ark Cardona 2		CARDONA 2	CARDONA 2		CARDONA 2	no	0						101	100	1	0		0		0		0		non_xanthomonas_organism:100; query_returned_no_biosample_records:1	no_confirmed_match_yet	no_confirmed_biosample_match	No accepted BioSample match in the current local-evidence filter output.
NCPPB 987	Xanthomonas hortorum pv. hederae (Arnaud 1920) Vauterin et al. 1995	Xanthomonas hederae	This isolate is also in the collections; ATCC 9653, LMG 7411, ICMP 454 This isolate was isolated by ex W.H. Burkholder XH6	ATCC 9653; LMG 7411; ICMP 454	ATCC 9653; LMG 7411; ICMP 454; XH 6	ATCC 9653; LMG 7411; ICMP 454; XH 6	ATCC 9653; LMG 7411; ICMP 454		no	0						104	103	1	0		0		0		0		non_xanthomonas_organism:103; query_returned_no_biosample_records:1	no_confirmed_match_yet	no_confirmed_biosample_match	No accepted BioSample match in the current local-evidence filter output.
NCPPB 989	Xanthomonas vasicola pv. holcicola (Elliott 1930) Vauterin et al. 1995	Xanthomonas holcicola Elliott 1930	This isolate is also in the collections; ATCC 13461, VKM B-618, ICMP 451, LMG 7416, This isolate was isolated by ex W.H. Burkholder	ATCC 13461; ICMP 451; LMG 7416	ATCC 13461; VKM B-618; ICMP 451; LMG 7416; B 618	ATCC 13461; VKM B-618; ICMP 451; LMG 7416; B 618	ATCC 13461; VKM B-618; ICMP 451; LMG 7416	B 618	yes	1	SAMN03140188	Xanthomonas vasicola	Microbe sample from Xanthomonas vasicola	NCPPB 989	ncppb_number	105	104	1	0		0		0		0		non_xanthomonas_organism:104; query_returned_no_biosample_records:1	confirmed_biosample_match	confirmed_current_algorithmic_match	At least one accepted BioSample match and no current high-priority review flag.
NCPPB 990	Xanthomonas campestris pv. incanae (Kendrick & Baker 1942) Dye 1978	Xanthomonas incanae (Kendrick & Baker 1942) Starr & Weiss 1943	This isolate was isolated by ex W.H. Burkholder St3		ST 3	ST 3		ST 3	no	0						101	100	1	0		0		0		0		non_xanthomonas_organism:100; query_returned_no_biosample_records:1	no_confirmed_match_yet	no_confirmed_biosample_match	No accepted BioSample match in the current local-evidence filter output.
NCPPB 993	Xanthomonas axonopodis pv. lespedezae (Ayers et al. 1939) Vauterin et al. 1995	Xanthomonas lespedezae Ayers et al. 1939	This isolate is also in the collections; ATCC 13463, ICMP 439, LMG 757 This isolate was isolated by ex C. Lefebvre	ATCC 13463; ICMP 439; LMG 757	ATCC 13463; ICMP 439; LMG 757	ATCC 13463; ICMP 439; LMG 757	ATCC 13463; ICMP 439; LMG 757		yes	1	SAMN42278571	Xanthomonas axonopodis pv. lespedezae	Genome sequencing of Xanthomonas axonopodis pv. lespedezae (Ayers et al. 1939) Vauterin et al. 1995 NCPPB 993	NCPPB 993	ncppb_number	5	3	2	0		0		0		0		non_xanthomonas_organism:3; query_returned_no_biosample_records:2	confirmed_biosample_match	confirmed_current_algorithmic_match	At least one accepted BioSample match and no current high-priority review flag.
NCPPB 994	Xanthomonas axonopodis pv. melhusii (Patel et al. 1952) Vauterin et al. 1995	Xanthomonas melhusii Patel et al. 1952	This isolate is also in the collections; ATCC 11644, ICMP 619, LMG 9050 The source of this isolate was ex M.K. Patel 14	ATCC 11644; ICMP 619; LMG 9050	ATCC 11644; ICMP 619; LMG 9050; PATEL 14	ATCC 11644; ICMP 619; LMG 9050; PATEL 14	ATCC 11644; ICMP 619; LMG 9050	PATEL 14	no	0						50	46	4	0		0		0		0		non_xanthomonas_organism:46; query_returned_no_biosample_records:4	no_confirmed_match_yet	no_confirmed_biosample_match	No accepted BioSample match in the current local-evidence filter output.
NCPPB 1009	Xanthomonas campestris pv. zinniae (Hopkins & Dowson 1949) Dye 1978		This isolate is also in the collections; ICMP 1623 The source of this isolate was ex W.J. Dowson	ICMP 1623	ICMP 1623	ICMP 1623	ICMP 1623		no	0						2	1	1	0		0		0		0		query_returned_no_biosample_records:1; non_xanthomonas_organism:1	no_confirmed_match_yet	no_confirmed_biosample_match	No accepted BioSample match in the current local-evidence filter output.
NCPPB 1014	Xanthomonas campestris pv. vitiswoodrowii (Patel & Kulkarni 1951) Dye 1978		This isolate is also in the collections; ATCC 11636, ICMP 3965, LMG 954 The source of this isolate was ex M.K. Patel 19	ATCC 11636; ICMP 3965; LMG 954	ATCC 11636; ICMP 3965; LMG 954; PATEL 19	ATCC 11636; ICMP 3965; LMG 954; PATEL 19	ATCC 11636; ICMP 3965; LMG 954	PATEL 19	no	0						125	122	3	0		0		0		0		non_xanthomonas_organism:122; query_returned_no_biosample_records:3	no_confirmed_match_yet	no_confirmed_biosample_match	No accepted BioSample match in the current local-evidence filter output.
NCPPB 1025	Xanthomonas campestris pv. campestris (Pammel 1895) Dowson 1939	Xanthomonas campestris (Pammel 1895) Dowson 1939	The donor reference is B565 This isolate was isolated by ex C. Polhill		B 565	B 565		B 565	no	0						101	100	1	0		0		0		0		non_xanthomonas_organism:100; query_returned_no_biosample_records:1	no_confirmed_match_yet	no_confirmed_biosample_match	No accepted BioSample match in the current local-evidence filter output.
NCPPB 1043	Xanthomonas campestris pv. campestris (Pammel 1895) Dowson 1939	Xanthomonas campestris (Pammel 1895) Dowson 1939	This isolate was isolated by A.C. Hayward B621		B 621	B 621		B 621	yes	1	SAMN36368321	Xanthomonas campestris pv. campestris	Genome sequencing of Xcc WHRI3876 (NCPPB 1043)	NCPPB 1043	ncppb_number	100	100	0	0		0		0		0		non_xanthomonas_organism:100	confirmed_biosample_match	confirmed_current_algorithmic_match	At least one accepted BioSample match and no current high-priority review flag.
NCPPB 1046	Xanthomonas sp. Dowson 1939		The donor reference is B589 This isolate was isolated by ex G. Rangaswami		B 589	B 589		B 589	no	0						101	100	1	0		0		0		0		non_xanthomonas_organism:100; query_returned_no_biosample_records:1	no_confirmed_match_yet	no_confirmed_biosample_match	No accepted BioSample match in the current local-evidence filter output.
NCPPB 1048	Xanthomonas citri pv. malvacearum (Smith 1901) Constantin et al. 2016 comb. nov.	Xanthomonas malvacearum (Smith 1901) Dowson 1939	This isolate was isolated by A.C. Hayward B639		B 639	B 639		B 639	no	0						101	100	1	0		0		0		0		non_xanthomonas_organism:100; query_returned_no_biosample_records:1	no_confirmed_match_yet	no_confirmed_biosample_match	No accepted BioSample match in the current local-evidence filter output.
NCPPB 1050	Xanthomonas albilineans (Ashby 1929) Dowson 1943	Xanthomonas albilineans	The donor reference is B672 This isolate was isolated by ex S. Bisessar		B 672	B 672		B 672	no	0						101	100	1	0		0		0		0		non_xanthomonas_organism:100; query_returned_no_biosample_records:1	no_confirmed_match_yet	no_confirmed_biosample_match	No accepted BioSample match in the current local-evidence filter output.
NCPPB 1056	Xanthomonas citri pv. fuscans (Schaad et al. 2007) Constantin et al. 2016 comb. nov.	Xanthomonas phaseoli (Smith 1897) Dowson 1939	This isolate is also in the collections; LMG 7457 This isolate was isolated by A.C. Hayward B665B	LMG 7457	LMG 7457; B 665B	LMG 7457; B 665B	LMG 7457	B 665B	yes	1	SAMN03142809	Xanthomonas citri pv. fuscans	Microbe sample from Xanthomonas citri pv. fuscans	NCPPB 1056	ncppb_number	2	2	0	0		0		0		0		non_xanthomonas_organism:2	confirmed_biosample_match	confirmed_current_algorithmic_match	At least one accepted BioSample match and no current high-priority review flag.
NCPPB 1058	Xanthomonas citri pv. fuscans (Schaad et al. 2007) Constantin et al. 2016 comb. nov.	Xanthomonas phaseoli (Smith 1897) Dowson 1939	This isolate was isolated by A.C. Hayward B659		B 659	B 659		B 659	yes	1	SAMN03142815	Xanthomonas citri pv. fuscans	Microbe sample from Xanthomonas citri pv. fuscans	NCPPB 1058	ncppb_number	100	100	0	0		0		0		0		non_xanthomonas_organism:100	confirmed_biosample_match	confirmed_current_algorithmic_match	At least one accepted BioSample match and no current high-priority review flag.
NCPPB 1059	Xanthomonas campestris pv. papavericola (Bryan and McWhorter 1930) Dye 1978		This isolate is also in the collections; ICPB XP198 This isolate was isolated by A.C. Hayward B658		ICPB XP198; XP 198; B 658	ICPB XP198; XP 198; B 658	ICPB XP198	B 658	yes	1	SAMN56511356	Xanthomonas campestris pv. papavericola	Genome sequencing of Xanthomonas NCPPB 1059	NCPPB 1059	ncppb_number	201	200	1	0		0		0		0		non_xanthomonas_organism:200; query_returned_no_biosample_records:1	confirmed_biosample_match	confirmed_current_algorithmic_match	At least one accepted BioSample match and no current high-priority review flag.
NCPPB 1060	Xanthomonas vasicola pv. holcicola (Elliott 1930) Vauterin et al. 1995	Xanthomonas holcicola Elliott 1930	This isolate was isolated by A.C. Hayward B657		B 657	B 657		B 657	yes	1	SAMN03140122	Xanthomonas vasicola	Microbe sample from Xanthomonas vasicola	NCPPB 1060	ncppb_number	100	100	0	0		0		0		0		non_xanthomonas_organism:100	confirmed_biosample_match	confirmed_current_algorithmic_match	At least one accepted BioSample match and no current high-priority review flag.
NCPPB 1061	Xanthomonas campestris pv. plantaginis (Thornberry & Anderson 1937) Dye 1978	Xanthomonas plantaginis (Thornberry & Anderson 1937) Burkholder 1948	This isolate is also in the collections; ATCC 23382, ICPB XP195, ICMP 1028, LMG 848 This isolate was isolated by A.C. Hayward B652	ATCC 23382; ICMP 1028; LMG 848	ATCC 23382; ICPB XP195; ICMP 1028; LMG 848; XP 195; B 652	ATCC 23382; ICPB XP195; ICMP 1028; LMG 848; XP 195; B 652	ATCC 23382; ICPB XP195; ICMP 1028; LMG 848	B 652	yes	2	SAMN56511357; SAMN22552840	Xanthomonas campestris pv. plantaginis	Genome sequencing of Xanthomonas NCPPB 1061; Microbe sample from Xanthomonas campestris pv. plantaginis	NCPPB 1061	ncppb_number	210	207	3	0		0		0		0		non_xanthomonas_organism:207; query_returned_no_biosample_records:3	confirmed_biosample_match	confirmed_current_algorithmic_match	At least one accepted BioSample match and no current high-priority review flag.
NCPPB 1062	Xanthomonas sp. Dowson 1939	Xanthomonas sp.	This isolate was isolated by A.C. Hayward B644		B 644	B 644		B 644	yes	1	SAMN42161497	Xanthomonas sp. NCPPB 1062	Genome sequencing of Xanthomonas sp. NCPPB 1062	NCPPB 1062	ncppb_number	100	100	0	0		0		0		0		non_xanthomonas_organism:100	confirmed_biosample_match	confirmed_current_algorithmic_match	At least one accepted BioSample match and no current high-priority review flag.
NCPPB 1063	Xanthomonas axonopodis pv. ricini (Yoshi & Takimoto 1928) Vauterin et al. 1995	Xanthomonas ricini (Yoshi & T akimoto 1928) Dowson 1939	This isolate is also in the collections; ATCC 19317, LMG 861, ICMP 5747 This isolate was isolated by A.C. Hayward B651	ATCC 19317; LMG 861; ICMP 5747	ATCC 19317; LMG 861; ICMP 5747; B 651	ATCC 19317; LMG 861; ICMP 5747; B 651	ATCC 19317; LMG 861; ICMP 5747	B 651	yes	2	SAMN42178441; SAMN26561900	Xanthomonas axonopodis pv. ricini; Xanthomonas euvesicatoria	Genome sequencing of Xanthomonas campestris pv. ricini NCPPB 1063; MIGS Cultured Bacterial/Archaeal sample from Xanthomonas euvesicatoria	NCPPB 1063; ICMP 5747	ncppb_number; other_reference_identifier	102	102	0	0		0		0		0		non_xanthomonas_organism:102	confirmed_biosample_match	confirmed_current_algorithmic_match	At least one accepted BioSample match and no current high-priority review flag.
NCPPB 1067	Xanthomonas sp. Dowson 1939		This isolate was isolated by A.C. Hayward B707A		B 707A	B 707A		B 707A	yes	1	SAMN22555470	Xanthomonas sp. NCPPB 1067	Microbe sample from Xanthomonas sp. NCPPB 1067	NCPPB 1067	ncppb_number	1	0	1	0		0		0		0		query_returned_no_biosample_records:1	confirmed_biosample_match	confirmed_current_algorithmic_match	At least one accepted BioSample match and no current high-priority review flag.
NCPPB 1068	Xanthomonas sp. Dowson 1939		This isolate is also in the collections; ICMP 18269 This isolate was isolated by A.C. Hayward B689A	ICMP 18269	ICMP 18269; B 689A	ICMP 18269; B 689A	ICMP 18269	B 689A	yes	1	SAMN42161498	Xanthomonas sp. NCPPB 1068	Genome sequencing of Xanthomonas sp. NCPPB 1068	NCPPB 1068	ncppb_number	2	0	2	0		0		0		0		query_returned_no_biosample_records:2	confirmed_biosample_match	confirmed_current_algorithmic_match	At least one accepted BioSample match and no current high-priority review flag.
NCPPB 1117	Xanthomonas sp. Dowson 1939		The donor reference is B828 This isolate was isolated by ex G. Rangaswami		B 828	B 828		B 828	no	0						101	100	1	0		0		0		0		non_xanthomonas_organism:100; query_returned_no_biosample_records:1	no_confirmed_match_yet	no_confirmed_biosample_match	No accepted BioSample match in the current local-evidence filter output.
NCPPB 1124	Xanthomonas citri pv. glycines (Nakano 1919) Constantin et al. 2016 comb.nov.	X. phaseoli f.sp . sojense	This isolate was isolated by A.C. Hayward B724A		B 724A	B 724A		B 724A	no	0						2	0	2	0		0		0		0		query_returned_no_biosample_records:2	no_confirmed_match_yet	no_confirmed_biosample_match	No accepted BioSample match in the current local-evidence filter output.
NCPPB 1128	Xanthomonas sp. Dowson 1939	Xanthomonas phaseoli (Smith 1897) Dowson 1939	This isolate was isolated by A.C. Hayward B791		B 791	B 791		B 791	yes	1	SAMN03777426	Xanthomonas sp. NCPPB 1128	Microbe sample from Xanthomonas sp. NCPPB 1128	NCPPB 1128	ncppb_number	100	100	0	0		0		0		0		non_xanthomonas_organism:100	confirmed_biosample_match	confirmed_current_algorithmic_match	At least one accepted BioSample match and no current high-priority review flag.
NCPPB 1129	Xanthomonas campestris pv. campestris (Pammel 1895) Dowson 1939	Xanthomonas campestris (Pammel 1895) Dowson 1939	This isolate was isolated by A.C. Hayward B784		B 784	B 784		B 784	no	0						101	100	1	0		0		0		0		non_xanthomonas_organism:100; query_returned_no_biosample_records:1	no_confirmed_match_yet	no_confirmed_biosample_match	No accepted BioSample match in the current local-evidence filter output.
NCPPB 1131	Xanthomonas sp. Dowson 1939		This isolate was isolated by A.C. Hayward B720		B 720	B 720		B 720	yes	2	SAMN56511358; SAMN00752559	Xanthomonas sp. NCPPB 1131	Genome sequencing of Xanthomonas NCPPB 1131; Xanthomonas species NCPPB1131	NCPPB 1131	ncppb_number	100	100	0	0		0		0		0		non_xanthomonas_organism:100	confirmed_biosample_match	confirmed_current_algorithmic_match	At least one accepted BioSample match and no current high-priority review flag.
NCPPB 1132	Xanthomonas sp. Dowson 1939		This isolate was isolated by A.C. Hayward B719		B 719	B 719		B 719	yes	2	SAMN56511359; SAMN00752560	Xanthomonas sp. NCPPB 1132	Genome sequencing of Xanthomonas NCPPB 1132; Xanthomonas species NCPPB1132	NCPPB 1132	ncppb_number	100	100	0	0		0		0		0		non_xanthomonas_organism:100	confirmed_biosample_match	confirmed_current_algorithmic_match	At least one accepted BioSample match and no current high-priority review flag.
NCPPB 1135	Xanthomonas citri pv. glycines (Nakano 1919) Constantin et al. 2016 comb.nov.	X. phaseoli f.sp . sojense	This isolate was isolated by A.C. Hayward B740B		B 740B	B 740B		B 740B	no	0						2	1	1	0		0		0		0		query_returned_no_biosample_records:1; non_xanthomonas_organism:1	no_confirmed_match_yet	no_confirmed_biosample_match	No accepted BioSample match in the current local-evidence filter output.
NCPPB 1136	Xanthomonas citri pv. glycines (Nakano 1919) Constantin et al. 2016 comb.nov.	X. phaseoli f.sp . sojense	This isolate was isolated by A.C. Hayward B809A		B 809A	B 809A		B 809A	no	0						2	1	1	0		0		0		0		query_returned_no_biosample_records:1; non_xanthomonas_organism:1	no_confirmed_match_yet	no_confirmed_biosample_match	No accepted BioSample match in the current local-evidence filter output.
NCPPB 1138	Xanthomonas phaseoli pv. phaseoli (Smith 1897) Constantin et al. 2016 comb. nov.	Xanthomonas phaseoli (Smith 1897) Dowson 1939	This isolate was isolated by A.C. Hayward B727		B 727	B 727		B 727	yes	1	SAMN03262510	Xanthomonas phaseoli pv. phaseoli	Microbe sample from Xanthomonas phaseoli pv. phaseoli	NCPPB 1138	ncppb_number	100	100	0	0		0		0		0		non_xanthomonas_organism:100	confirmed_biosample_match	confirmed_current_algorithmic_match	At least one accepted BioSample match and no current high-priority review flag.
NCPPB 1141	Xanthomonas citri pv. glycines (Nakano 1919) Constantin et al. 2016 comb.nov.	X. phaseoli f.sp . sojense	This isolate is also in the collections; ICPB XP202 This isolate was isolated by A.C. Hayward B745		ICPB XP202; XP 202; B 745	ICPB XP202; XP 202; B 745	ICPB XP202	B 745	no	0						151	149	2	0		0		0		0		non_xanthomonas_organism:149; query_returned_no_biosample_records:2	no_confirmed_match_yet	no_confirmed_biosample_match	No accepted BioSample match in the current local-evidence filter output.
NCPPB 1143	Xanthomonas campestris pv. campestris (Pammel 1895) Dowson 1939	Xanthomonas campestris (Pammel 1895) Dowson 1939	This isolate was isolated by L.A.E. Baker X3		X 3	X 3		X 3	no	0						101	100	1	0		0		0		0		non_xanthomonas_organism:100; query_returned_no_biosample_records:1	no_confirmed_match_yet	no_confirmed_biosample_match	No accepted BioSample match in the current local-evidence filter output.
NCPPB 1144	Xanthomonas campestris pv. campestris (Pammel 1895) Dowson 1939	Xanthomonas campestris (Pammel 1895) Dowson 1939	This isolate was isolated by L.A.E. Baker X9		X 9	X 9		X 9	yes	1	SAMN43286083	Xanthomonas campestris pv. campestris	Genome sequencing of Xanthomonas campestris NCPPB 1144 at Fera	NCPPB 1144	ncppb_number	100	100	0	0		0		0		0		non_xanthomonas_organism:100	confirmed_biosample_match	confirmed_current_algorithmic_match	At least one accepted BioSample match and no current high-priority review flag.
NCPPB 1145	Xanthomonas campestris pv. campestris (Pammel 1895) Dowson 1939	Xanthomonas campestris (Pammel 1895) Dowson 1939	This isolate was isolated by L.A.E. Baker X10		X 10	X 10		X 10	no	0						101	100	1	0		0		0		0		non_xanthomonas_organism:100; query_returned_no_biosample_records:1	no_confirmed_match_yet	no_confirmed_biosample_match	No accepted BioSample match in the current local-evidence filter output.
NCPPB 1146	Xanthomonas campestris pv. campestris (Pammel 1895) Dowson 1939	Xanthomonas campestris (Pammel 1895) Dowson 1939	This isolate was isolated by L.A.E. Baker XII						no	0						1	0	1	0		0		0		0		query_returned_no_biosample_records:1	no_confirmed_match_yet	no_confirmed_biosample_match	No accepted BioSample match in the current local-evidence filter output.
NCPPB 1147	Xanthomonas campestris pv. campestris (Pammel 1895) Dowson 1939	Xanthomonas campestris (Pammel 1895) Dowson 1939	This isolate was isolated by L.A.E. Baker X13		X 13	X 13		X 13	no	0						101	100	1	0		0		0		0		non_xanthomonas_organism:100; query_returned_no_biosample_records:1	no_confirmed_match_yet	no_confirmed_biosample_match	No accepted BioSample match in the current local-evidence filter output.
NCPPB 1148	Xanthomonas axonopodis pv. martyniicola (Moniz & Patel 1958) Vauterin et al. 1995	Xanthomonas martyniicola Moniz & Patel 1958	The donor reference is XGl This isolate is also in the collections; ICMP 82, LMG 9049 This isolate was isolated by ex D.P. Bhide	ICMP 82; LMG 9049	ICMP 82; LMG 9049	ICMP 82; LMG 9049	ICMP 82; LMG 9049		no	0						5	3	2	0		0		0		0		non_xanthomonas_organism:3; query_returned_no_biosample_records:2	no_confirmed_match_yet	no_confirmed_biosample_match	No accepted BioSample match in the current local-evidence filter output.
NCPPB 1149	Xanthomonas campestris pv. vitiscarnosae (Moniz and Patel 1958) Dye 1978		The donor reference is XHl This isolate is also in the collections; ICMP 90, LMG 939 The source of this isolate was ex D.P. Bhide	ICMP 90; LMG 939	ICMP 90; LMG 939	ICMP 90; LMG 939	ICMP 90; LMG 939		no	0						10	9	1	0		0		0		0		non_xanthomonas_organism:9; query_returned_no_biosample_records:1	no_confirmed_match_yet	no_confirmed_biosample_match	No accepted BioSample match in the current local-evidence filter output.
NCPPB 1150	Xanthomonas oryzae pv. oryzicola (Fang et al. 1957) Swings et al. 1990	Xanthomonas oryzae	The donor reference is Ykl The source of this isolate was ex Orillo						no	0						1	0	1	0		0		0		0		query_returned_no_biosample_records:1	no_confirmed_match_yet	no_confirmed_biosample_match	No accepted BioSample match in the current local-evidence filter output.
NCPPB 1151	Xanthomonas oryzae pv. oryzicola (Fang et al. 1957) Swings et al. 1990	X. oryzae Ishyama 1922	The donor reference is YK2 The source of this isolate was ex Orillo		YK 2	YK 2			no	0						101	100	1	0		0		0		0		non_xanthomonas_organism:100; query_returned_no_biosample_records:1	no_confirmed_match_yet	no_confirmed_biosample_match	No accepted BioSample match in the current local-evidence filter output.
NCPPB 1152	Xanthomonas oryzae pv. oryzae (Ishiyama 1922) Swings et al. 1990	Xanthomonas oryzae	The donor reference is YK3 The source of this isolate was ex N. Okabe		YK 3	YK 3			no	0						101	100	1	0		0		0		0		non_xanthomonas_organism:100; query_returned_no_biosample_records:1	no_confirmed_match_yet	no_confirmed_biosample_match	No accepted BioSample match in the current local-evidence filter output.
NCPPB 1153	Xanthomonas oryzae pv. oryzae (Ishiyama 1922) Swings et al. 1990	Xanthomonas oryzae	The donor reference is YK4 The source of this isolate was ex H. Muko		YK 4	YK 4			no	0						101	100	1	0		0		0		0		non_xanthomonas_organism:100; query_returned_no_biosample_records:1	no_confirmed_match_yet	no_confirmed_biosample_match	No accepted BioSample match in the current local-evidence filter output.
NCPPB 1154	Xanthomonas oryzae pv. oryzae (Ishiyama 1922) Swings et al. 1990	Xanthomonas campestris pv. oryzae(Ishiyama 1922) Dye 1978							no	0						1	0	1	0		0		0		0		query_returned_no_biosample_records:1	no_confirmed_match_yet	no_confirmed_biosample_match	No accepted BioSample match in the current local-evidence filter output.
NCPPB 1155	Xanthomonas dyei pv. laureliae (Dye 1963) Young et al. 2010		This isolate is also in the collections; ICPB XL104, ICMP 84, CFBP 7258, LMG 1158 This isolate was isolated by D.W. Dye Pukatea 3	ICMP 84; CFBP 7258; LMG 1158	ICPB XL104; ICMP 84; CFBP 7258; LMG 1158; XL 104; PUKATEA 3	ICPB XL104; ICMP 84; CFBP 7258; LMG 1158; XL 104; PUKATEA 3	ICPB XL104; ICMP 84; CFBP 7258; LMG 1158	PUKATEA 3	yes	1	SAMN56511360	Xanthomonas dyei pv. laureliae	Genome sequencing of Xanthomonas NCPPB 1155	NCPPB 1155	ncppb_number	106	103	3	0		0		0		0		non_xanthomonas_organism:103; query_returned_no_biosample_records:3	confirmed_biosample_match	confirmed_current_algorithmic_match	At least one accepted BioSample match and no current high-priority review flag.
NCPPB 1158	Xanthomonas citri pv. fuscans (Schaad et al. 2007) Constantin et al. 2016 comb. nov.	Xanthomonas phaseoli (Smith 1897) Dowson 1939	This isolate is also in the collections; LMG 7458 This isolate was isolated by D.C. Graham	LMG 7458	LMG 7458	LMG 7458	LMG 7458		yes	1	SAMN03142401	Xanthomonas phaseoli pv. phaseoli	Microbe sample from Xanthomonas phaseoli pv. phaseoli	NCPPB 1158	ncppb_number	1	1	0	0		0		0		0		non_xanthomonas_organism:1	confirmed_biosample_match	confirmed_current_algorithmic_match	At least one accepted BioSample match and no current high-priority review flag.
NCPPB 1159	Xanthomonas phaseoli pv. manihotis (Bondar 1912) Constantin et al. 2016 comb. nov.	Xanthomonas manihotis (Berthet & Bondar 1915) Starr 1946	This isolate is also in the collections; ATCC 23380, LMG 5274, ICMP 6934 This isolate was isolated by ex W.H. Burkholder SMl	ATCC 23380; LMG 5274; ICMP 6934	ATCC 23380; LMG 5274; ICMP 6934	ATCC 23380; LMG 5274; ICMP 6934	ATCC 23380; LMG 5274; ICMP 6934		yes	1	SAMN01090336	Xanthomonas phaseoli pv. manihotis str. NCPPB 1159	Xanthomonas axonopodis pv. manihotis str. NCPPB 1159	NCPPB 1159	ncppb_number	4	1	2	1	SAMEA7984667	0		1	SAMEA7984667	0		query_returned_no_biosample_records:2; conflicting_ncppb_number:935:1; non_xanthomonas_organism:1	manual_review_required	P2_conflicting_identifier_review	Rejected/review candidates include conflicting NCPPB numbers.
NCPPB 1160	Xanthomonas phaseoli pv. manihotis (Bondar 1912) Constantin et al. 2016 comb. nov.	Xanthomonas manihotis (Berthet & Bondar 1915) Starr 1946	This isolate was isolated by ex O.A. Drummon & O. Hipolite						no	0						1	0	1	0		0		0		0		query_returned_no_biosample_records:1	no_confirmed_match_yet	no_confirmed_biosample_match	No accepted BioSample match in the current local-evidence filter output.
NCPPB 1161	Xanthomonas phaseoli pv. manihotis (Bondar 1912) Constantin et al. 2016 comb. nov.	Xanthomonas manihotis (Berthet & Bondar 1915) Starr 1946	This isolate was isolated by ex G. Orian M3		M 3	M 3		M 3	no	0						101	100	1	0		0		0		0		non_xanthomonas_organism:100; query_returned_no_biosample_records:1	no_confirmed_match_yet	no_confirmed_biosample_match	No accepted BioSample match in the current local-evidence filter output.
NCPPB 1235	Xanthomonas axonopodis pv. ricini (Yoshi & Takimoto 1928) Vauterin et al. 1995	Xanthomonas ricini (Yoshi & T akimoto 1928) Dowson 1939	This isolate was isolated by A.C. Hayward B922		B 922	B 922		B 922	no	0						101	100	1	0		0		0		0		non_xanthomonas_organism:100; query_returned_no_biosample_records:1	no_confirmed_match_yet	no_confirmed_biosample_match	No accepted BioSample match in the current local-evidence filter output.
NCPPB 1241	Xanthomonas vasicola pv. holcicola (Elliott 1930) Vauterin et al. 1995	Xanthomonas holcicola Elliott 1930	This isolate is also in the collections; ICPB XH112 This isolate was isolated by A.C. Hayward B996		ICPB XH112; XH 112; B 996	ICPB XH112; XH 112; B 996	ICPB XH112	B 996	yes	1	SAMN03140147	Xanthomonas vasicola	Microbe sample from Xanthomonas vasicola	NCPPB 1241	ncppb_number	105	104	1	0		0		0		0		non_xanthomonas_organism:104; query_returned_no_biosample_records:1	confirmed_biosample_match	confirmed_current_algorithmic_match	At least one accepted BioSample match and no current high-priority review flag.
NCPPB 1244	Xanthomonas albilineans (Ashby 1929) Dowson 1943	Xanthomonas albilineans	This isolate was isolated by A.C. Hayward B1021		B 1021	B 1021		B 1021	no	0						101	100	1	0		0		0		0		non_xanthomonas_organism:100; query_returned_no_biosample_records:1	no_confirmed_match_yet	no_confirmed_biosample_match	No accepted BioSample match in the current local-evidence filter output.
NCPPB 1324	Xanthomonas axonopodis pv. ricini (Yoshi & Takimoto 1928) Vauterin et al. 1995	Xanthomonas ricini (Yoshi & T akimoto 1928) Dowson 1939	This isolate was isolated by A.C. Hayward B1167		B 1167	B 1167		B 1167	yes	1	SAMN42178442	Xanthomonas axonopodis pv. ricini	Genome sequencing of Xanthomonas campestris pv. ricini NCPPB 1324	NCPPB 1324	ncppb_number	73	73	0	0		0		0		0		non_xanthomonas_organism:73	confirmed_biosample_match	confirmed_current_algorithmic_match	At least one accepted BioSample match and no current high-priority review flag.
NCPPB 1325	Xanthomonas sp. Dowson 1939		The donor reference is B1160 This isolate is also in the collections; ICMP 18270 This isolate was isolated by ex C.L.A. Leakey	ICMP 18270	ICMP 18270; B 1160	ICMP 18270; B 1160	ICMP 18270	B 1160	yes	1	SAMN42161499	Xanthomonas sp. NCPPB 1325	Genome sequencing of Xanthomonas sp. NCPPB 1325	NCPPB 1325	ncppb_number	101	100	1	0		0		0		0		non_xanthomonas_organism:100; query_returned_no_biosample_records:1	confirmed_biosample_match	confirmed_current_algorithmic_match	At least one accepted BioSample match and no current high-priority review flag.
NCPPB 1326	Xanthomonas vasicola pv. vasculorum (Cobb 1894) Lang et al. 2017	Xanthomonas vasculorum (Cobb 1893) Dowson 1939	This isolate is also in the collections; LMG 8717 This isolate was isolated by A.C. Hayward B1116	LMG 8717	LMG 8717; B 1116	LMG 8717; B 1116	LMG 8717	B 1116	yes	4	SAMN36701288; SAMN36357974; SAMN02471728; SAMN00991247	Xanthomonas vasicola pv. vasculorum; Xanthomonas vasicola; Xanthomonas vasicola pv. vasculorum NCPPB 1326	Genome sequencing of Xanthomonas vasicola NCPPB 1326; NCPPB 1326; Sample from Xanthomonas vasicola pv. vasculorum NCPPB 1326; Xvv NCPPB 1326	NCPPB 1326	ncppb_number	59	58	1	0		0		0		0		non_xanthomonas_organism:58; query_returned_no_biosample_records:1	confirmed_biosample_match	confirmed_current_algorithmic_match	At least one accepted BioSample match and no current high-priority review flag.
NCPPB 1332	Xanthomonas vesicatoria (ex Doidge 1920) Vauterin et al. 1995	Xanthomonas vesicatoria (Doidge 1920) Dowson 1939	This isolate was isolated by A.C. Hayward B1198		B 1198	B 1198		B 1198	no	0						101	100	1	0		0		0		0		non_xanthomonas_organism:100; query_returned_no_biosample_records:1	no_confirmed_match_yet	no_confirmed_biosample_match	No accepted BioSample match in the current local-evidence filter output.
NCPPB 1334	Xanthomonas euvesicatoria pv. ionidii (Padhya & Patel 1963) Harrison et al. 2023		This isolate is also in the collections; ICMP 5736, LMG 744 This isolate was isolated by ex A.C. Padhya	ICMP 5736; LMG 744	ICMP 5736; LMG 744	ICMP 5736; LMG 744	ICMP 5736; LMG 744		yes	1	SAMN19988970	Xanthomonas campestris pv. ionidii	Microbe sample from Xanthomonas campestris pv. ionidii	NCPPB 1334	ncppb_number	3	2	1	0		0		0		0		non_xanthomonas_organism:2; query_returned_no_biosample_records:1	confirmed_biosample_match	confirmed_current_algorithmic_match	At least one accepted BioSample match and no current high-priority review flag.
NCPPB 1336	Xanthomonas euvesicatoria pv. alangii (Padhya & Patel 1962) Constantin et al. 2016 comb. nov.		This isolate is also in the collections; ICMP 5717, LMG 470 This isolate was isolated by A.C. Padhya	ICMP 5717; LMG 470	ICMP 5717; LMG 470	ICMP 5717; LMG 470	ICMP 5717; LMG 470		yes	1	SAMN19988971	Xanthomonas euvesicatoria pv. alangii	Microbe sample from Xanthomonas euvesicatoria pv. alangii	NCPPB 1336	ncppb_number	2	0	2	0		0		0		0		query_returned_no_biosample_records:2	confirmed_biosample_match	confirmed_current_algorithmic_match	At least one accepted BioSample match and no current high-priority review flag.
NCPPB 1337	Xanthomonas axonopodis pv. nakataecorchorii (Padhya & Patel 1963) Vauterin et al. 1995	Xanthomonas nakataecorchorii Padhya & Patel 1963	This isolate is also in the collections; ICMP 5742, LMG 786 This isolate was isolated by ex A.C. Padhya	ICMP 5742; LMG 786	ICMP 5742; LMG 786	ICMP 5742; LMG 786	ICMP 5742; LMG 786		yes	2	SAMN56511361; SAMN42278572	Xanthomonas axonopodis pv. nakataecorchori	Genome sequencing of Xanthomonas NCPPB 1337; Genome sequencing ofXanthomonas axonopodis pv. nakataecorchori (Padhya & Patel 1963) Vauterin et al. 1995 NCPPB 1337	NCPPB 1337	ncppb_number	2	1	1	0		0		0		0		query_returned_no_biosample_records:1; non_xanthomonas_organism:1	confirmed_biosample_match	confirmed_current_algorithmic_match	At least one accepted BioSample match and no current high-priority review flag.
NCPPB 1381	Xanthomonas vasicola pv. vasculorum (Cobb 1894) Lang et al. 2017	Xanthomonas vasculorum (Cobb 1893) Dowson 1939	This isolate is also in the collections; LMG 8718 This isolate was isolated by A.C. Hayward B1350	LMG 8718	LMG 8718; B 1350	LMG 8718; B 1350	LMG 8718	B 1350	yes	3	SAMN36701289; SAMN36357975; SAMN00991255	Xanthomonas vasicola pv. vasculorum; Xanthomonas vasicola; Xanthomonas vasicola pv. vasculorum NCPPB 1381	Genome sequencing of Xanthomonas vasicola NCPPB 1381; NCPPB 1381; Xvv NCPPB 1381	NCPPB 1381	ncppb_number	101	101	0	0		0		0		0		non_xanthomonas_organism:101	confirmed_biosample_match	confirmed_current_algorithmic_match	At least one accepted BioSample match and no current high-priority review flag.
NCPPB 1393	Xanthomonas euvesicatoria pv. sesami (Sabet & Dowson 1960) Constantin et al. 2016 comb. nov.		The donor reference is B1432 The source of this isolate was ex ITCC SF62		ITCC SF62; B 1432; SF 62	ITCC SF62; B 1432; SF 62	ITCC SF62	B 1432	no	0						160	158	2	0		0		0		0		non_xanthomonas_organism:158; query_returned_no_biosample_records:2	no_confirmed_match_yet	no_confirmed_biosample_match	No accepted BioSample match in the current local-evidence filter output.
NCPPB 1394	Xanthomonas vasicola Vauterin et al. 1995		The donor reference is B1446 This isolate was isolated by ex N. Shanmuganathan		B 1446	B 1446		B 1446	yes	2	SAMN03145753; SAMN03140149	Xanthomonas vasicola	Microbe sample from Xanthomonas vasicola	NCPPB 1394	ncppb_number	39	39	0	0		0		0		0		non_xanthomonas_organism:39	confirmed_biosample_match	confirmed_current_algorithmic_match	At least one accepted BioSample match and no current high-priority review flag.
NCPPB 1395	Xanthomonas vasicola Vauterin et al. 1995		The donor reference is B1444 This isolate was isolated by ex N. Shanmuganathan		B 1444	B 1444		B 1444	yes	1	SAMN03140175	Xanthomonas vasicola	Microbe sample from Xanthomonas vasicola	NCPPB 1395	ncppb_number	100	100	0	0		0		0		0		non_xanthomonas_organism:100	confirmed_biosample_match	confirmed_current_algorithmic_match	At least one accepted BioSample match and no current high-priority review flag.
NCPPB 1396	Xanthomonas vasicola Vauterin et al. 1995		The donor reference is B1443 This isolate was isolated by ex N. Shanmuganathan		B 1443	B 1443		B 1443	yes	1	SAMN03140173	Xanthomonas vasicola	Microbe sample from Xanthomonas vasicola	NCPPB 1396	ncppb_number	91	91	0	0		0		0		0		non_xanthomonas_organism:91	confirmed_biosample_match	confirmed_current_algorithmic_match	At least one accepted BioSample match and no current high-priority review flag.
NCPPB 1402	Xanthomonas citri pv. fuscans (Schaad et al. 2007) Constantin et al. 2016 comb. nov.	Xanthomonas phaseoli (Smith 1897) Dowson 1939	This isolate is also in the collections; LMG 7459 This isolate was isolated by A.C. Hayward B1374	LMG 7459	LMG 7459; B 1374	LMG 7459; B 1374	LMG 7459	B 1374	yes	1	SAMN03142810	Xanthomonas citri pv. fuscans	Microbe sample from Xanthomonas citri pv. fuscans	NCPPB 1402	ncppb_number	45	44	1	0		0		0		0		non_xanthomonas_organism:44; query_returned_no_biosample_records:1	confirmed_biosample_match	confirmed_current_algorithmic_match	At least one accepted BioSample match and no current high-priority review flag.
NCPPB 1420	Xanthomonas phaseoli pv. phaseoli (Smith 1897) Constantin et al. 2016 comb. nov.	Xanthomonas phaseoli (Smith 1897) Dowson 1939	This isolate was isolated by Z. Klement E1388		E 1388	E 1388		E 1388	yes	1	SAMN03175025	Xanthomonas phaseoli pv. phaseoli	Microbe sample from Xanthomonas phaseoli pv. phaseoli	NCPPB 1420	ncppb_number	100	100	0	0		0		0		0		non_xanthomonas_organism:100	confirmed_biosample_match	confirmed_current_algorithmic_match	At least one accepted BioSample match and no current high-priority review flag.
NCPPB 1421	Xanthomonas vesicatoria (ex Doidge 1920) Vauterin et al. 1995	Xanthomonas vesicatoria (Doidge 1920) Dowson 1939	This isolate was isolated by Z. Klement S. 20		S 20	S 20		S 20	no	0						101	100	1	0		0		0		0		non_xanthomonas_organism:100; query_returned_no_biosample_records:1	no_confirmed_match_yet	no_confirmed_biosample_match	No accepted BioSample match in the current local-evidence filter output.
NCPPB 1422	Xanthomonas hortorum pv. carotae (Kendrick 1934) Vauterin et al. 1995	Xanthomonas carotae Kendrick 1934	This isolate is also in the collections; ICMP 5723, LMG 8646 This isolate was isolated by ex Z. Klement N.066	ICMP 5723; LMG 8646	ICMP 5723; LMG 8646; N 066	ICMP 5723; LMG 8646; N 066	ICMP 5723; LMG 8646	N 066	no	0						103	100	3	0		0		0		0		non_xanthomonas_organism:100; query_returned_no_biosample_records:3	no_confirmed_match_yet	no_confirmed_biosample_match	No accepted BioSample match in the current local-evidence filter output.
NCPPB 1423	Xanthomonas vesicatoria (ex Doidge 1920) Vauterin et al. 1995	Xanthomonas vesicatoria (Doidge 1920) Dowson 1939	This isolate is also in the collections; ICMP 114, LMG 923 This isolate was isolated by Z. Klement S. 07	ICMP 114; LMG 923	ICMP 114; LMG 923; S 07	ICMP 114; LMG 923; S 07	ICMP 114; LMG 923	S 07	no	0						103	101	2	0		0		0		0		non_xanthomonas_organism:101; query_returned_no_biosample_records:2	no_confirmed_match_yet	no_confirmed_biosample_match	No accepted BioSample match in the current local-evidence filter output.
NCPPB 1426	Xanthomonas vesicatoria (ex Doidge 1920) Vauterin et al. 1995	Xanthomonas vesicatoria (Doidge 1920) Dowson 1939	This isolate is also in the collections; ICMP 173, LMG 924 This isolate was isolated by Z. Klement S. 10	ICMP 173; LMG 924	ICMP 173; LMG 924; S 10	ICMP 173; LMG 924; S 10	ICMP 173; LMG 924	S 10	no	0						105	105	0	0		0		0		0		non_xanthomonas_organism:105	no_confirmed_match_yet	no_confirmed_biosample_match	No accepted BioSample match in the current local-evidence filter output.
NCPPB 1431	Xanthomonas vesicatoria (ex Doidge 1920) Vauterin et al. 1995	Xanthomonas vesicatoria (Doidge 1920) Dowson 1939	This isolate is also in the collections; ICMP 112, LMG 925 This isolate was isolated by Z. Klement S. 04	ICMP 112; LMG 925	ICMP 112; LMG 925; S 04	ICMP 112; LMG 925; S 04	ICMP 112; LMG 925	S 04	no	0						104	103	1	0		0		0		0		non_xanthomonas_organism:103; query_returned_no_biosample_records:1	no_confirmed_match_yet	no_confirmed_biosample_match	No accepted BioSample match in the current local-evidence filter output.
NCPPB 1433	Xanthomonas citri pv. fuscans (Schaad et al. 2007) Constantin et al. 2016 comb. nov.	Xanthomonas phaseoli (Smith 1897) Dowson 1939	This isolate is also in the collections; LMG 8016 This isolate was isolated by Z. Klement E1309	LMG 8016	LMG 8016; E 1309	LMG 8016; E 1309	LMG 8016	E 1309	yes	1	SAMN03142399	Xanthomonas citri pv. fuscans	Microbe sample from Xanthomonas citri pv. fuscans	NCPPB 1433	ncppb_number	101	101	0	0		0		0		0		non_xanthomonas_organism:101	confirmed_biosample_match	confirmed_current_algorithmic_match	At least one accepted BioSample match and no current high-priority review flag.
NCPPB 1438	Xanthomonas euvesicatoria Vauterin et al. 1995 (Invalid name)	Xanthomonas vesicatoria (Doidge 1920) Dowson 1939	This isolate is also in the collections; ICMP 172, LMG 926, CFBP 7955 This isolate was isolated by Z. Klement I. 608	ICMP 172; LMG 926; CFBP 7955	ICMP 172; LMG 926; CFBP 7955; I 608	ICMP 172; LMG 926; CFBP 7955; I 608	ICMP 172; LMG 926; CFBP 7955	I 608	no	0						16	13	3	0		0		0		0		non_xanthomonas_organism:13; query_returned_no_biosample_records:3	no_confirmed_match_yet	no_confirmed_biosample_match	No accepted BioSample match in the current local-evidence filter output.
NCPPB 1439	Xanthomonas citri pv. fuscans (Schaad et al. 2007) Constantin et al. 2016 comb. nov.	Xanthomonas phaseoli (Smith 1897) Dowson 1939	This isolate was isolated by Z. Klement E1299		E 1299	E 1299		E 1299	no	0						101	100	1	0		0		0		0		non_xanthomonas_organism:100; query_returned_no_biosample_records:1	no_confirmed_match_yet	no_confirmed_biosample_match	No accepted BioSample match in the current local-evidence filter output.
NCPPB 1447	Xanthomonas arboricola pv. juglandis (Pierce 1901) Vauterin et al. 1995	Xanthomonas juglandis	The donor reference is 19 This isolate was isolated by ex I. Lazar		IS 19			IS 19	yes	1	SAMN02469596	Xanthomonas arboricola pv. juglandis str. NCPPB 1447	Sample from Xanthomonas arboricola pv. juglandis str. NCPPB 1447	NCPPB 1447	ncppb_number	0	0	0	0		0		0		0			confirmed_biosample_match	confirmed_current_algorithmic_match	At least one accepted BioSample match and no current high-priority review flag.
NCPPB 1451	Xanthomonas campestris pv. vitistrifoliae (Padhya et al. 1965) Dye 1978		This isolate is also in the collections; ICMP 5761, LMG 940 This isolate was isolated by ex A.C. Padhya	ICMP 5761; LMG 940	ICMP 5761; LMG 940	ICMP 5761; LMG 940	ICMP 5761; LMG 940		no	0						5	2	2	1	SAMEA6962652	0		1	SAMEA6962652	0		query_returned_no_biosample_records:2; non_xanthomonas_organism:2; conflicting_ncppb_number:940:1	manual_review_required	P2_conflicting_identifier_review	Rejected/review candidates include conflicting NCPPB numbers.
NCPPB 1452	Xanthomonas citri pv. thirumalacharii (Padhya & Patel 1964) Constantin et al. 2016 comb. nov.	X. triumfettae	This isolate is also in the collections; ICMP 5852, LMG 872, ATCC 23577 This isolate was isolated by ex A.C. Padhya	ICMP 5852; LMG 872; ATCC 23577	ICMP 5852; LMG 872; ATCC 23577	ICMP 5852; LMG 872; ATCC 23577	ICMP 5852; LMG 872; ATCC 23577		no	0						8	5	3	0		0		0		0		non_xanthomonas_organism:5; query_returned_no_biosample_records:3	no_confirmed_match_yet	no_confirmed_biosample_match	No accepted BioSample match in the current local-evidence filter output.
NCPPB 1453	Xanthomonas euvesicatoria pv. spermacoces (Srinivasan & Patel 1956) Harrison et al. 2023		This isolate was isolated by ex M.C. Srinivasan						no	0						1	0	1	0		0		0		0		query_returned_no_biosample_records:1	no_confirmed_match_yet	no_confirmed_biosample_match	No accepted BioSample match in the current local-evidence filter output.
NCPPB 1454	Xanthomonas euvesicatoria pv. tribuli (Srinivasan and Patel 1956) Constantin et al. 2016 comb. nov.		This isolate is also in the collections; ICMP 5753, LMG 873 This isolate was isolated by ex M.C. Srinivasan	ICMP 5753; LMG 873	ICMP 5753; LMG 873	ICMP 5753; LMG 873	ICMP 5753; LMG 873		no	0						3	0	3	0		0		0		0		query_returned_no_biosample_records:3	no_confirmed_match_yet	no_confirmed_biosample_match	No accepted BioSample match in the current local-evidence filter output.
NCPPB 1455	Xanthomonas campestris pv. lantanae (Srinivasan & Patel 1957) Dye 1978		This isolate is also in the collections; ICMP 5737, LMG 754 This isolate was isolated by ex M.C. Srinivasan	ICMP 5737; LMG 754	ICMP 5737; LMG 754	ICMP 5737; LMG 754	ICMP 5737; LMG 754		yes	1	SAMN41763920	Xanthomonas campestris pv. lantanae	Genome sequencing of Xanthomonas campestris pv. lantanae NCPPB 1455 (contaminated)	NCPPB 1455	ncppb_number	2	0	2	0		0		0		0		query_returned_no_biosample_records:2	confirmed_biosample_match	confirmed_current_algorithmic_match	At least one accepted BioSample match and no current high-priority review flag.
NCPPB 1457	Xanthomonas euvesicatoria pv. coriandri (Srinivasan et al. 1961) Harrison et al. 2023		This isolate was isolated by ex M.C. Srinivasan						no	0						1	0	1	0		0		0		0		query_returned_no_biosample_records:1	no_confirmed_match_yet	no_confirmed_biosample_match	No accepted BioSample match in the current local-evidence filter output.
NCPPB 1469	Xanthomonas fragariae Kennedy and King 1962	Xanthomonas fragariae Kennedy and King 1962	This isolate is also in the collections; ICMP 5715, ATTCC 33239, VKM B-2165, DSMZ 3587, LMG 708, CFBP 2157 This isolate was isolated by B.W. Kennedy	ICMP 5715; DSMZ 3587; LMG 708; CFBP 2157	ICMP 5715; ATTCC 33239; VKM B-2165; DSMZ 3587; LMG 708; CFBP 2157; B 2165	ICMP 5715; ATTCC 33239; VKM B-2165; DSMZ 3587; LMG 708; CFBP 2157; B 2165	ICMP 5715; ATTCC 33239; VKM B-2165; DSMZ 3587; LMG 708; CFBP 2157	B 2165	yes	12	SAMN39942670; SAMEA104068692; SAMN43284562; SAMN43282235; SAMN43282231; SAMN43282199; SAMD00253071	Xanthomonas fragariae	Microbe sample from Xanthomonas fragariae; Xanthomonas fragariae PD885; strain ICMP 5715 of Xanthomonas fragariae	NCPPB 1469; ICMP 5715	ncppb_number; other_reference_identifier	60	58	2	0		0		0		0		non_xanthomonas_organism:58; query_returned_no_biosample_records:2	confirmed_biosample_match	confirmed_current_algorithmic_match	At least one accepted BioSample match and no current high-priority review flag.
NCPPB 1471	Xanthomonas citri pv. citri (Hasse 1915) Constantin 2016 comb. nov.	Xanthomonas citri (Hasse 1915) Dowson	This isolate was isolated by A.C. Hayward B1603		B 1603	B 1603		B 1603	yes	1	SAMN30973815	Xanthomonas citri pv. citri	MIGS Cultured Bacterial/Archaeal sample from Xanthomonas citri pv. citri	NCPPB 1471	ncppb_number	100	100	0	0		0		0		0		non_xanthomonas_organism:100	confirmed_biosample_match	confirmed_current_algorithmic_match	At least one accepted BioSample match and no current high-priority review flag.
NCPPB 1472	Xanthomonas citri pv. citri (Hasse 1915) Constantin 2016 comb. nov.	Xanthomonas citri (Hasse 1915) Dowson	This isolate was isolated by A.C. Hayward B1601		B 1601	B 1601		B 1601	no	0						53	50	0	3	SAMN17385960; SAMN17385948; SAMN17385947	0		3	SAMN17385947; SAMN17385948; SAMN17385960	0		non_xanthomonas_organism:50; conflicting_ncppb_number:1946:1; conflicting_ncppb_number:2986:1; conflicting_ncppb_number:347:1	manual_review_required	P2_conflicting_identifier_review	Rejected/review candidates include conflicting NCPPB numbers.
NCPPB 1473	Xanthomonas axonopodis pv. ricini (Yoshi & Takimoto 1928) Vauterin et al. 1995	Xanthomonas ricini (Yoshi & T akimoto 1928) Dowson 1939	This isolate was isolated by A.C. Hayward B1559		B 1559	B 1559		B 1559	yes	1	SAMN42178443	Xanthomonas axonopodis pv. ricini	Genome sequencing of Xanthomonas campestris pv. ricini NCPPB 1473	NCPPB 1473	ncppb_number	83	83	0	0		0		0		0		non_xanthomonas_organism:83	confirmed_biosample_match	confirmed_current_algorithmic_match	At least one accepted BioSample match and no current high-priority review flag.
NCPPB 1475	Xanthomonas axonopodis pv. cassiae (Kulkarni et al. 1951) Vauterin et al. 1995	Xanthomonas phaseoli f.sp . cassiae	This isolate was isolated by A.C. Hayward B1479		B 1479	B 1479		B 1479	yes	1	SAMN42178453	Xanthomonas axonopodis pv. cassiae	Genome sequencing of Xanthomonas campestris pv. cassiae NCPPB 1475	NCPPB 1475	ncppb_number	53	53	0	0		0		0		0		non_xanthomonas_organism:53	confirmed_biosample_match	confirmed_current_algorithmic_match	At least one accepted BioSample match and no current high-priority review flag.
NCPPB 1482	Xanthomonas citri pv. malvacearum (Smith 1901) Constantin et al. 2016 comb. nov.	Xanthomonas malvacearum (Smith 1901) Dowson 1939	This isolate was isolated by A.C. Hayward B1741		B 1741	B 1741		B 1741	no	0						76	75	1	0		0		0		0		non_xanthomonas_organism:75; query_returned_no_biosample_records:1	no_confirmed_match_yet	no_confirmed_biosample_match	No accepted BioSample match in the current local-evidence filter output.
NCPPB 1495	Xanthomonas citri pv. fuscans (Schaad et al. 2007) Constantin et al. 2016 comb. nov.	Xanthomonas phaseoli (Smith 1897) Dowson 1939	This isolate is also in the collections; LMG 8017 This isolate was isolated by G.E. Jones C398	LMG 8017	LMG 8017; C 398	LMG 8017; C 398	LMG 8017	C 398	yes	1	SAMN03142808	Xanthomonas phaseoli pv. phaseoli	Microbe sample from Xanthomonas phaseoli pv. phaseoli	NCPPB 1495	ncppb_number	101	100	1	0		0		0		0		non_xanthomonas_organism:100; query_returned_no_biosample_records:1	confirmed_biosample_match	confirmed_current_algorithmic_match	At least one accepted BioSample match and no current high-priority review flag.
NCPPB 1560	Xanthomonas sp. Dowson 1939		This isolate was isolated by R.A. Lelliott 479		LELLIOTT 479	LELLIOTT 479		LELLIOTT 479	yes	2	SAMN42161500	Xanthomonas sp. NCPPB 1560	Genome sequencing of Xanthomonas sp. NCPPB 1560	NCPPB 1560	ncppb_number	0	0	0	0		0		0		0			confirmed_biosample_match	confirmed_current_algorithmic_match	At least one accepted BioSample match and no current high-priority review flag.
NCPPB 1568	Xanthomonas sp. Dowson 1939		The donor reference is 1 This isolate was isolated by ex K.S.S. Eswaran		IS 1			IS 1	no	0						1	0	1	0		0		0		0		query_returned_no_biosample_records:1	no_confirmed_match_yet	no_confirmed_biosample_match	No accepted BioSample match in the current local-evidence filter output.
NCPPB 1585	Xanthomonas oryzae pv. oryzicola (Fang et al. 1957) Swings et al. 1990	X. oryzae Ishyama 1922	This isolate is also in the collections; ICPB XOlll, ICMP 5743, LMG 797, CFBP 2286, ATCC 49072 This isolate was isolated by A.C. Hayward B2115	ICMP 5743; LMG 797; CFBP 2286; ATCC 49072	ICMP 5743; LMG 797; CFBP 2286; ATCC 49072; B 2115	ICMP 5743; LMG 797; CFBP 2286; ATCC 49072; B 2115	ICMP 5743; LMG 797; CFBP 2286; ATCC 49072	B 2115	yes	2	SAMN40354542; SAMN08729510	Xanthomonas oryzae pv. oryzicola	Microbe sample from Xanthomonas oryzae pv. oryzicola	NCPPB 1585	ncppb_number	32	29	3	0		0		0		0		non_xanthomonas_organism:29; query_returned_no_biosample_records:3	confirmed_biosample_match	confirmed_current_algorithmic_match	At least one accepted BioSample match and no current high-priority review flag.
NCPPB 1593	Xanthomonas euvesicatoria pv. argemones (Srinivasan et al. 1961) Constantin et al. 2016 comb. nov.		This isolate is also in the collections; ICMP 1617, LMG 534 This isolate was isolated by ex M.C. Srinivasan	ICMP 1617; LMG 534	ICMP 1617; LMG 534	ICMP 1617; LMG 534	ICMP 1617; LMG 534		no	0						5	3	2	0		0		0		0		non_xanthomonas_organism:3; query_returned_no_biosample_records:2	no_confirmed_match_yet	no_confirmed_biosample_match	No accepted BioSample match in the current local-evidence filter output.
NCPPB 1594	Xanthomonas axonopodis pv. nakataecorchorii (Padhya & Patel 1963) Vauterin et al. 1995	Xanthomonas nakataecorchorii Padhya & Patel 1963	This isolate was isolated by ex A.C. Padhya The source of this isolate was ex M.K. Patel						yes	1	SAMN56511363	Xanthomonas axonopodis pv. nakataecorchori	Genome sequencing of Xanthomonas NCPPB 1594	NCPPB 1594	ncppb_number	0	0	0	0		0		0		0			confirmed_biosample_match	confirmed_current_algorithmic_match	At least one accepted BioSample match and no current high-priority review flag.
NCPPB 1595	Xanthomonas euvesicatoria pv. physalidis (Srinivasan et al. 1962) Constantin et al. 2016 comb. nov.		The source of this isolate was ex M.C. Srinivasan						no	0						1	0	1	0		0		0		0		query_returned_no_biosample_records:1	no_confirmed_match_yet	no_confirmed_biosample_match	No accepted BioSample match in the current local-evidence filter output.
NCPPB 1596	Xanthomonas euvesicatoria pv. spermacoces (Srinivasan & Patel 1956) Harrison et al. 2023		The source of this isolate was ex M.C. Srinivasan						no	0						1	0	1	0		0		0		0		query_returned_no_biosample_records:1	no_confirmed_match_yet	no_confirmed_biosample_match	No accepted BioSample match in the current local-evidence filter output.
NCPPB 1607	Xanthomonas arboricola pv. pruni (Smith 1903) Vauterin et al. 1995	Xanthomonas pruni	The donor reference is B2165 This isolate was isolated by ex R.D. Pares		B 2165	B 2165		B 2165	yes	1	SAMEA104068692	Xanthomonas fragariae	Xanthomonas fragariae PD885	B 2165	other_reference_identifier	26	25	1	0		0		0		1	SAMEA104068692	non_xanthomonas_organism:25; query_returned_no_biosample_records:1	manual_review_required	P1_conflicting_accepted_match	At least one currently accepted BioSample has a conflict or audit warning.
NCPPB 1610	Xanthomonas hortorum pv. pelargonii (Brown 1923) Vauterin et al. 1995	Xanthomonas pelargonii	This isolate was isolated by R.A. Lelliott						no	0						1	0	1	0		0		0		0		query_returned_no_biosample_records:1	no_confirmed_match_yet	no_confirmed_biosample_match	No accepted BioSample match in the current local-evidence filter output.
NCPPB 1612	Xanthomonas euvesicatoria pv. blepharidis (Srinivasan & Patel 1956) Harrison et al. 2023		This isolate was isolated by A.C. Hayward B2175		B 2175	B 2175		B 2175	no	0						37	36	1	0		0		0		0		non_xanthomonas_organism:36; query_returned_no_biosample_records:1	no_confirmed_match_yet	no_confirmed_biosample_match	No accepted BioSample match in the current local-evidence filter output.
NCPPB 1615	Xanthomonas hortorum pv. pelargonii (Brown 1923) Vauterin et al. 1995	Xanthomonas pelargonii	This isolate is also in the collections; ICPB XPl99 This isolate was isolated by R.A. Lelliott		ICPB XPL99; XPL 99	ICPB XPL99; XPL 99	ICPB XPL99		no	0						3	0	3	0		0		0		0		query_returned_no_biosample_records:3	no_confirmed_match_yet	no_confirmed_biosample_match	No accepted BioSample match in the current local-evidence filter output.
NCPPB 1616	Xanthomonas vesicatoria (ex Doidge 1920) Vauterin et al. 1995	Xanthomonas vesicatoria (Doidge 1920) Dowson 1939	This isolate was isolated by A.C. Hayward B2249F		B 2249F	B 2249F		B 2249F	no	0						2	0	2	0		0		0		0		query_returned_no_biosample_records:2	no_confirmed_match_yet	no_confirmed_biosample_match	No accepted BioSample match in the current local-evidence filter output.
NCPPB 1622	Xanthomonas hyacinthi (Wakker 1883) Vauterin et al. 1995	Xanthomonas hyacinthi	This isolate was isolated by D.C. Graham						no	0						1	0	1	0		0		0		0		query_returned_no_biosample_records:1	no_confirmed_match_yet	no_confirmed_biosample_match	No accepted BioSample match in the current local-evidence filter output.
NCPPB 1628	Xanthomonas euvesicatoria pv. alangii (Padhya & Patel 1962) Constantin et al. 2016 comb. nov.		This isolate is also in the collections; ICPB XA132 This isolate was isolated by A.C. Padhya		ICPB XA132; XA 132	ICPB XA132; XA 132	ICPB XA132		no	0						3	0	3	0		0		0		0		query_returned_no_biosample_records:3	no_confirmed_match_yet	no_confirmed_biosample_match	No accepted BioSample match in the current local-evidence filter output.
NCPPB 1629	Xanthomonas axonopodis pv. bauhiniae (Padhya et al. 1965) Vauterin et al. 1995	Xanthomonas bauhiniae Padhya et al. 1965	This isolate was isolated by ex A.C. Padhya						yes	1	SAMN42283062	Xanthomonas axonopodis pv. bauhiniae	Genome sequencing of Xanthomonas axonopodis pv. bauhiniae (Padhya et al. 1965) Vauterin et al. 1995 NCPPB 1629	NCPPB 1629	ncppb_number	0	0	0	0		0		0		0			confirmed_biosample_match	confirmed_current_algorithmic_match	At least one accepted BioSample match and no current high-priority review flag.
NCPPB 1630	Xanthomonas arboricola pv. celebensis (Gaumann 1923) Vauterin et al. 1995	Xanthomonas celebensis	This isolate was isolated by ex D.W. Dye ZZ24 The source of this isolate was .		ZZ 24	ZZ 24			yes	1	SAMN02854337	Xanthomonas arboricola pv. celebensis	Microbe sample from Xanthomonas arboricola pv. celebensis	NCPPB 1630	ncppb_number	44	44	0	0		0		0		0		non_xanthomonas_organism:44	confirmed_biosample_match	confirmed_current_algorithmic_match	At least one accepted BioSample match and no current high-priority review flag.
NCPPB 1632	Xanthomonas oryzae pv. oryzicola (Fang et al. 1957) Swings et al. 1990	X. oryzicola Fang et al. 1957	The source of this isolate was ex M. Goto B50		B 50	B 50		B 50	no	0						101	100	1	0		0		0		0		non_xanthomonas_organism:100; query_returned_no_biosample_records:1	no_confirmed_match_yet	no_confirmed_biosample_match	No accepted BioSample match in the current local-evidence filter output.
NCPPB 1633	Xanthomonas citri pv. vignicola (Burkholder 1944) Constantin et al. 2016 comb. nov.	X. sinensis	This isolate is also in the collections; ICPB XSl, CFBP 7111 This isolate was isolated by ex W.H. Burkholder The source of this isolate was ex R.S. Dickey	CFBP 7111	CFBP 7111	CFBP 7111	CFBP 7111		yes	1	SAMN07252112	Xanthomonas citri pv. vignicola	Microbe sample from Xanthomonas citri pv. vignicola	CFBP 7111	other_reference_identifier	1	0	1	0		0		0		0		query_returned_no_biosample_records:1	confirmed_biosample_match	confirmed_current_algorithmic_match	At least one accepted BioSample match and no current high-priority review flag.
NCPPB 1638	Xanthomonas sp. Dowson 1939		This isolate was isolated by A.C. Hayward B2290		B 2290	B 2290		B 2290	yes	1	SAMN42161501	Xanthomonas sp. NCPPB 1638	Genome sequencing of Xanthomonas sp. NCPPB 1638	NCPPB 1638	ncppb_number	36	36	0	0		0		0		0		non_xanthomonas_organism:36	confirmed_biosample_match	confirmed_current_algorithmic_match	At least one accepted BioSample match and no current high-priority review flag.
NCPPB 1645	Xanthomonas campestris pv. campestris (Pammel 1895) Dowson 1939	Xanthomonas campestris (Pammel 1895) Dowson 1939	The donor reference is B2340 This isolate was isolated by ex A.H. Ramos SAL/163/B		B 2340; SAL 163/B	B 2340; SAL 163/B		B 2340	yes	1	SAMN36368322	Xanthomonas campestris pv. campestris	Genome sequencing of Xcc WHRI3877 (NCPPB 1645)	NCPPB 1645	ncppb_number	101	100	1	0		0		0		0		non_xanthomonas_organism:100; query_returned_no_biosample_records:1	confirmed_biosample_match	confirmed_current_algorithmic_match	At least one accepted BioSample match and no current high-priority review flag.
NCPPB 1646	Xanthomonas phaseoli pv. phaseoli (Smith 1897) Constantin et al. 2016 comb. nov.	Xanthomonas phaseoli (Smith 1897) Dowson 1939	The donor reference is B2324A This isolate was isolated by ex W.S. Sutton		B 2324A	B 2324A		B 2324A	yes	1	SAMN03175008	Xanthomonas phaseoli pv. phaseoli	Microbe sample from Xanthomonas phaseoli pv. phaseoli	NCPPB 1646	ncppb_number	1	0	1	0		0		0		1	SAMN03175008	query_returned_no_biosample_records:1	manual_review_required	P1_conflicting_accepted_match	At least one currently accepted BioSample has a conflict or audit warning.
NCPPB 1648	Xanthomonas campestris pv. campestris (Pammel 1895) Dowson 1939	Xanthomonas campestris (Pammel 1895) Dowson 1939	This isolate was isolated by A.C. Hayward B2305		B 2305	B 2305		B 2305	no	0						26	25	1	0		0		0		0		non_xanthomonas_organism:25; query_returned_no_biosample_records:1	no_confirmed_match_yet	no_confirmed_biosample_match	No accepted BioSample match in the current local-evidence filter output.
NCPPB 1654	Xanthomonas citri pv. fuscans (Schaad et al. 2007) Constantin et al. 2016 comb. nov.	Xanthomonas phaseoli (Smith 1897) Dowson 1939	The donor reference is B2330 This isolate is also in the collections; LMG 837 This isolate was isolated by ex B.H. Boelema F6	LMG 837	LMG 837; B 2330; F 6	LMG 837; B 2330; F 6	LMG 837	B 2330; F 6	yes	1	SAMN03142402	Xanthomonas citri pv. fuscans	Microbe sample from Xanthomonas citri pv. fuscans	NCPPB 1654	ncppb_number	201	201	0	0		0		0		0		non_xanthomonas_organism:201	confirmed_biosample_match	confirmed_current_algorithmic_match	At least one accepted BioSample match and no current high-priority review flag.
NCPPB 1659	Xanthomonas arboricola pv. juglandis (Pierce 1901) Vauterin et al. 1995	Xanthomonas juglandis	This isolate was isolated by A.C. Hayward B2404		B 2404	B 2404		B 2404	no	0						101	100	1	0		0		0		0		non_xanthomonas_organism:100; query_returned_no_biosample_records:1	no_confirmed_match_yet	no_confirmed_biosample_match	No accepted BioSample match in the current local-evidence filter output.
NCPPB 1668	Xanthomonas hortorum pv. cynarae Morinière et al. (2020)	Xanthomonas sp.	The donor reference is CS56-27		CS 56-27	CS 56-27			no	0						6	5	1	0		0		0		0		non_xanthomonas_organism:5; query_returned_no_biosample_records:1	no_confirmed_match_yet	no_confirmed_biosample_match	No accepted BioSample match in the current local-evidence filter output.
NCPPB 1671	Xanthomonas citri pv. sesbaniae (Patel et al. 1952) Constantin et al. 2016 comb. nov.	Xanthomonas sesbaniae Patel et al. 1952	This isolate was isolated by A.C. Hayward B2536		B 2536	B 2536		B 2536	no	0						27	26	1	0		0		0		0		non_xanthomonas_organism:26; query_returned_no_biosample_records:1	no_confirmed_match_yet	no_confirmed_biosample_match	No accepted BioSample match in the current local-evidence filter output.
NCPPB 1672	Xanthomonas sp. Dowson 1939		This isolate was isolated by A.C. Hayward B2540B		B 2540B	B 2540B		B 2540B	no	0						2	0	2	0		0		0		0		query_returned_no_biosample_records:2	no_confirmed_match_yet	no_confirmed_biosample_match	No accepted BioSample match in the current local-evidence filter output.
NCPPB 1680	Xanthomonas phaseoli pv. phaseoli (Smith 1897) Constantin et al. 2016 comb. nov.	Xanthomonas phaseoli (Smith 1897) Dowson 1939	This isolate is also in the collections; ICPB XP200 This isolate was isolated by D.C. Graham		ICPB XP200; XP 200	ICPB XP200; XP 200	ICPB XP200		yes	1	SAMN03257737	Xanthomonas phaseoli pv. phaseoli	Microbe sample from Xanthomonas phaseoli pv. phaseoli	NCPPB 1680	ncppb_number	101	100	1	0		0		0		0		non_xanthomonas_organism:100; query_returned_no_biosample_records:1	confirmed_biosample_match	confirmed_current_algorithmic_match	At least one accepted BioSample match and no current high-priority review flag.
NCPPB 1683	Stenotrophomonas hibiscicola (Moniz 1963) Nguyen et al. 2024	Pseudomonas hibisicola	This isolate is also in the collections; ATCC 19867, ICMP 3945	ATCC 19867; ICMP 3945	ATCC 19867; ICMP 3945	ATCC 19867; ICMP 3945	ATCC 19867; ICMP 3945		no	0						6	4	2	0		0		0		0		non_xanthomonas_organism:4; query_returned_no_biosample_records:2	no_confirmed_match_yet	no_confirmed_biosample_match	No accepted BioSample match in the current local-evidence filter output.
NCPPB 1684	Xanthomonas axonopodis pv. ricini (Yoshi & Takimoto 1928) Vauterin et al. 1995	Xanthomonas ricini (Yoshi & T akimoto 1928) Dowson 1939	This isolate is also in the collections; ICPB XR117 This isolate was isolated by A.C. Hayward B2602		ICPB XR117; XR 117; B 2602	ICPB XR117; XR 117; B 2602	ICPB XR117	B 2602	yes	1	SAMN42178444	Xanthomonas axonopodis pv. ricini	Genome sequencing of Xanthomonas campestris pv. ricini NCPPB 1684	NCPPB 1684	ncppb_number	103	102	1	0		0		0		0		non_xanthomonas_organism:102; query_returned_no_biosample_records:1	confirmed_biosample_match	confirmed_current_algorithmic_match	At least one accepted BioSample match and no current high-priority review flag.
NCPPB 1685	Xanthomonas campestris pv. campestris (Pammel 1895) Dowson 1939	Xanthomonas campestris (Pammel 1895) Dowson 1939	The donor reference is B2631 This isolate was isolated by ex H.L. Harvey WA134		B 2631; WA 134	B 2631; WA 134		B 2631	no	0						135	134	1	0		0		0		0		non_xanthomonas_organism:134; query_returned_no_biosample_records:1	no_confirmed_match_yet	no_confirmed_biosample_match	No accepted BioSample match in the current local-evidence filter output.
NCPPB 1697	Xanthomonas citri pv. malvacearum (Smith 1901) Constantin et al. 2016 comb. nov.	Xanthomonas malvacearum (Smith 1901) Dowson 1939	This isolate was isolated by A.C. Hayward B2024		B 2024	B 2024		B 2024	no	0						101	100	1	0		0		0		0		non_xanthomonas_organism:100; query_returned_no_biosample_records:1	no_confirmed_match_yet	no_confirmed_biosample_match	No accepted BioSample match in the current local-evidence filter output.
NCPPB 1698	Xanthomonas citri pv. malvacearum (Smith 1901) Constantin et al. 2016 comb. nov.	Xanthomonas malvacearum (Smith 1901) Dowson 1939	The donor reference is B650 This isolate is also in the collections; ATCC 14985, LMG 7429 This isolate was isolated by ex C. Logan XL59/10	ATCC 14985; LMG 7429	ATCC 14985; LMG 7429; B 650; XL 59/10	ATCC 14985; LMG 7429; B 650; XL 59/10	ATCC 14985; LMG 7429	B 650	no	0						118	116	2	0		0		0		0		non_xanthomonas_organism:116; query_returned_no_biosample_records:2	no_confirmed_match_yet	no_confirmed_biosample_match	No accepted BioSample match in the current local-evidence filter output.
NCPPB 1699	Xanthomonas citri pv. malvacearum (Smith 1901) Constantin et al. 2016 comb. nov.	Xanthomonas malvacearum (Smith 1901) Dowson 1939	This isolate was isolated by A.C. Hayward B2019		B 2019	B 2019		B 2019	no	0						101	100	1	0		0		0		0		non_xanthomonas_organism:100; query_returned_no_biosample_records:1	no_confirmed_match_yet	no_confirmed_biosample_match	No accepted BioSample match in the current local-evidence filter output.
NCPPB 1700	Xanthomonas citri pv. malvacearum (Smith 1901) Constantin et al. 2016 comb. nov.	Xanthomonas malvacearum (Smith 1901) Dowson 1939	The donor reference is B648 This isolate is also in the collections; ATCC 14982 This isolate was isolated by ex C. Logan XL 59/6	ATCC 14982	ATCC 14982; B 648; XL 59/6	ATCC 14982; B 648; XL 59/6	ATCC 14982	B 648	no	0						104	102	2	0		0		0		0		non_xanthomonas_organism:102; query_returned_no_biosample_records:2	no_confirmed_match_yet	no_confirmed_biosample_match	No accepted BioSample match in the current local-evidence filter output.
NCPPB 1701	Xanthomonas citri pv. malvacearum (Smith 1901) Constantin et al. 2016 comb. nov.	Xanthomonas malvacearum (Smith 1901) Dowson 1939	This isolate is also in the collections; ATCC 14983 This isolate was isolated by A.C. Hayward B649 ex C. Logan XL59/9	ATCC 14983	ATCC 14983; B 649; XL 59/9	ATCC 14983; B 649; XL 59/9	ATCC 14983	B 649	no	0						103	100	3	0		0		0		0		non_xanthomonas_organism:100; query_returned_no_biosample_records:3	no_confirmed_match_yet	no_confirmed_biosample_match	No accepted BioSample match in the current local-evidence filter output.
NCPPB 1711	Xanthomonas campestris pv. campestris (Pammel 1895) Dowson 1939	Xanthomonas campestris (Pammel 1895) Dowson 1939	The donor reference is B1548 This isolate was isolated by ex M.D. Sutton P125		B 1548; P 125	B 1548; P 125		B 1548; P 125	yes	1	SAMN36346973	Xanthomonas campestris pv. campestris	Genome sequencing of Xcc WHRI 6382 (NCPPB 1711)	NCPPB 1711	ncppb_number	200	200	0	0		0		0		0		non_xanthomonas_organism:200	confirmed_biosample_match	confirmed_current_algorithmic_match	At least one accepted BioSample match and no current high-priority review flag.
NCPPB 1712	Xanthomonas citri pv. malvacearum (Smith 1901) Constantin et al. 2016 comb. nov.	Xanthomonas malvacearum (Smith 1901) Dowson 1939	This isolate was isolated by A.C. Hayward B1334		B 1334	B 1334		B 1334	no	0						58	57	1	0		0		0		0		non_xanthomonas_organism:57; query_returned_no_biosample_records:1	no_confirmed_match_yet	no_confirmed_biosample_match	No accepted BioSample match in the current local-evidence filter output.
NCPPB 1713	Xanthomonas citri (ex Hasse 1915) Gabriel et al. 1989	Xanthomonas phaseoli (Smith 1897) Dowson 1939	This isolate was isolated by A.C. Hayward B912		B 912	B 912		B 912	yes	2	SAMN56511364; SAMN03257621	Xanthomonas citri; Xanthomonas phaseoli pv. phaseoli	Genome sequencing of Xanthomonas NCPPB 1713; Microbe sample from Xanthomonas phaseoli pv. phaseoli	NCPPB 1713	ncppb_number	100	100	0	0		0		0		0		non_xanthomonas_organism:100	confirmed_biosample_match	confirmed_current_algorithmic_match	At least one accepted BioSample match and no current high-priority review flag.
NCPPB 1714	Xanthomonas citri pv. glycines (Nakano 1919) Constantin et al. 2016 comb.nov.	X. phaseoli var. sojense.	This isolate was isolated by A.C. Hayward B744		B 744	B 744		B 744	no	0						101	100	1	0		0		0		0		non_xanthomonas_organism:100; query_returned_no_biosample_records:1	no_confirmed_match_yet	no_confirmed_biosample_match	No accepted BioSample match in the current local-evidence filter output.
NCPPB 1715	Xanthomonas campestris pv. zinniae (Hopkins & Dowson 1949) Dye 1978		This isolate was isolated by A.C. Hayward B1853		B 1853	B 1853		B 1853	no	0						42	41	1	0		0		0		0		non_xanthomonas_organism:41; query_returned_no_biosample_records:1	no_confirmed_match_yet	no_confirmed_biosample_match	No accepted BioSample match in the current local-evidence filter output.
NCPPB 1717	Xanthomonas citri pv. glycines (Nakano 1919) Constantin et al. 2016 comb.nov.	X. phaseoli f.sp . sojense	The donor reference is B913		B 913	B 913		B 913	no	0						101	100	1	0		0		0		0		non_xanthomonas_organism:100; query_returned_no_biosample_records:1	no_confirmed_match_yet	no_confirmed_biosample_match	No accepted BioSample match in the current local-evidence filter output.
NCPPB 1737	Xanthomonas albilineans (Ashby 1929) Dowson 1943	Xanthomonas albilineans	This isolate was isolated by R.A. Lelliott X.a.7a		A 7A	A 7A		A 7A	no	0						2	0	2	0		0		0		0		query_returned_no_biosample_records:2	no_confirmed_match_yet	no_confirmed_biosample_match	No accepted BioSample match in the current local-evidence filter output.
NCPPB 1738	Xanthomonas albilineans (Ashby 1929) Dowson 1943	Xanthomonas albilineans	This isolate was isolated by R.A. Lelliott X.a.5		A 5	A 5		A 5	no	0						101	100	1	0		0		0		0		non_xanthomonas_organism:100; query_returned_no_biosample_records:1	no_confirmed_match_yet	no_confirmed_biosample_match	No accepted BioSample match in the current local-evidence filter output.
NCPPB 1754	Xanthomonas sp. Dowson 1939		The donor reference is HACC-179 This isolate is also in the collections; ATCC 17992 This isolate was isolated by ex M.C. Srinivasan	ATCC 17992	ATCC 17992; HACC 179	ATCC 17992; HACC 179	ATCC 17992		yes	1	SAMN42161502	Xanthomonas sp. NCPPB 1754	Genome sequencing of Xanthomonas sp. NCPPB 1754	NCPPB 1754	ncppb_number	4	3	1	0		0		0		0		non_xanthomonas_organism:3; query_returned_no_biosample_records:1	confirmed_biosample_match	confirmed_current_algorithmic_match	At least one accepted BioSample match and no current high-priority review flag.
NCPPB 1755	Xanthomonas euvesicatoria pv. ionidii (Padhya & Patel 1963) Harrison et al. 2023		The donor reference is HACC-180 This isolate is also in the collections; ATCC 17993	ATCC 17993	ATCC 17993; HACC 180	ATCC 17993; HACC 180	ATCC 17993		no	0						5	3	2	0		0		0		0		non_xanthomonas_organism:3; query_returned_no_biosample_records:2	no_confirmed_match_yet	no_confirmed_biosample_match	No accepted BioSample match in the current local-evidence filter output.
NCPPB 1756	Xanthomonas euvesicatoria pv. physalidis (Srinivasan et al. 1962) Constantin et al. 2016 comb. nov.		The donor reference is HACC-181 This isolate is also in the collections; ATCC 17994, ICMP 5746, LMG 846	ATCC 17994; ICMP 5746; LMG 846	ATCC 17994; ICMP 5746; LMG 846; HACC 181	ATCC 17994; ICMP 5746; LMG 846; HACC 181	ATCC 17994; ICMP 5746; LMG 846		yes	1	SAMN19988972	Xanthomonas euvesicatoria pv. physalidis	Microbe sample from Xanthomonas euvesicatoria pv. physalidis	NCPPB 1756	ncppb_number	5	3	2	0		0		0		0		non_xanthomonas_organism:3; query_returned_no_biosample_records:2	confirmed_biosample_match	confirmed_current_algorithmic_match	At least one accepted BioSample match and no current high-priority review flag.
NCPPB 1757	Xanthomonas euvesicatoria pv. blepharidis (Srinivasan & Patel 1956) Harrison et al. 2023		The donor reference is HACC-182 This isolate is also in the collections; ATCC 17995, PDDCC 57 22, LMG 557, ICMP 5722	ATCC 17995; PDDCC 57; LMG 557; ICMP 5722	ATCC 17995; PDDCC 57; LMG 557; ICMP 5722; HACC 182	ATCC 17995; PDDCC 57; LMG 557; ICMP 5722; HACC 182	ATCC 17995; PDDCC 57; LMG 557; ICMP 5722		yes	1	SAMN19988973	Xanthomonas campestris pv. blepharidis	Microbe sample from Xanthomonas campestris pv. blepharidis	NCPPB 1757	ncppb_number	7	4	3	0		0		0		0		non_xanthomonas_organism:4; query_returned_no_biosample_records:3	confirmed_biosample_match	confirmed_current_algorithmic_match	At least one accepted BioSample match and no current high-priority review flag.
NCPPB 1758	Xanthomonas euvesicatoria pv. coriandri (Srinivasan et al. 1961) Harrison et al. 2023		The donor reference is HACC-183 This isolate is also in the collections; ATCC 17996, ICMP 5725, LMG 867	ATCC 17996; ICMP 5725; LMG 867	ATCC 17996; ICMP 5725; LMG 867; HACC 183	ATCC 17996; ICMP 5725; LMG 867; HACC 183	ATCC 17996; ICMP 5725; LMG 867		yes	1	SAMN19988974	Xanthomonas campestris pv. coriandri	Microbe sample from Xanthomonas campestris pv. coriandri	NCPPB 1758	ncppb_number	5	2	3	0		0		0		0		query_returned_no_biosample_records:3; non_xanthomonas_organism:2	confirmed_biosample_match	confirmed_current_algorithmic_match	At least one accepted BioSample match and no current high-priority review flag.
NCPPB 1759	Xanthomonas campestris pv. bilvae Chakravarti et al. 1984	X. feroniae.	This isolate was isolated by ex M.C. Srinivasan 1871 The source of this isolate was ex M.J. Thirumalachar HACC-184		SRINIVASAN 1871; HACC 184	SRINIVASAN 1871; HACC 184		SRINIVASAN 1871	yes	2	SAMN49561544; SAMEA114332028	Xanthomonas citri pv. bilvae; Xanthomonas citri	Microbe sample from Xanthomonas citri pv. bilvae; Xanthomonas citri NCPPB 1759	NCPPB 1759	ncppb_number	2	0	2	0		0		0		0		query_returned_no_biosample_records:2	confirmed_biosample_match	confirmed_current_algorithmic_match	At least one accepted BioSample match and no current high-priority review flag.
NCPPB 1760	Xanthomonas euvesicatoria pv. spermacoces (Srinivasan & Patel 1956) Harrison et al. 2023		The donor reference is HACC-185 This isolate is also in the collections; ATCC 17998, ICMP 5751, LMG 868	ATCC 17998; ICMP 5751; LMG 868	ATCC 17998; ICMP 5751; LMG 868; HACC 185	ATCC 17998; ICMP 5751; LMG 868; HACC 185	ATCC 17998; ICMP 5751; LMG 868		yes	1	SAMN19988975	Xanthomonas campestris pv. spermacoces	Microbe sample from Xanthomonas campestris pv. spermacoces	NCPPB 1760	ncppb_number	6	4	2	0		0		0		0		non_xanthomonas_organism:4; query_returned_no_biosample_records:2	confirmed_biosample_match	confirmed_current_algorithmic_match	At least one accepted BioSample match and no current high-priority review flag.
NCPPB 1765	Xanthomonas hortorum pv. pelargonii (Brown 1923) Vauterin et al. 1995	Xanthomonas pelargonii	This isolate was isolated by R.A. Skipp						no	0						1	0	1	0		0		0		0		query_returned_no_biosample_records:1	no_confirmed_match_yet	no_confirmed_biosample_match	No accepted BioSample match in the current local-evidence filter output.
NCPPB 1774	Xanthomonas sp. Dowson 1939		The donor reference is Pt3		PT 3	PT 3			no	0						101	100	1	0		0		0		0		non_xanthomonas_organism:100; query_returned_no_biosample_records:1	no_confirmed_match_yet	no_confirmed_biosample_match	No accepted BioSample match in the current local-evidence filter output.
NCPPB 1785	Xanthomonas citri pv. malvacearum (Smith 1901) Constantin et al. 2016 comb. nov.	Xanthomonas malvacearum (Smith 1901) Dowson 1939	This isolate was isolated by M. K. Patel						no	0						1	0	1	0		0		0		0		query_returned_no_biosample_records:1	no_confirmed_match_yet	no_confirmed_biosample_match	No accepted BioSample match in the current local-evidence filter output.
NCPPB 1786	Xanthomonas euvesicatoria pv. coracanae (Desai et al. 1965) Constantin et al. 2016 comb. nov.	Xanthomonas coracanae Desai et al. 1965	This isolate is also in the collections; ICMP 5724, LMG 686 This isolate was isolated by ex S.G. Desai	ICMP 5724; LMG 686	ICMP 5724; LMG 686	ICMP 5724; LMG 686	ICMP 5724; LMG 686		no	0						3	1	2	0		0		0		0		query_returned_no_biosample_records:2; non_xanthomonas_organism:1	no_confirmed_match_yet	no_confirmed_biosample_match	No accepted BioSample match in the current local-evidence filter output.
NCPPB 1787	Xanthomonas euvesicatoria pv. vernoniae (Patel et al. 1968) Harrison et al. 2023		This isolate is also in the collections; ICMP 5758, LMG 9058 This isolate was isolated by M.K. Patel	ICMP 5758; LMG 9058	ICMP 5758; LMG 9058	ICMP 5758; LMG 9058	ICMP 5758; LMG 9058		yes	1	SAMN19988976	Xanthomonas campestris pv. veroniae	Microbe sample from Xanthomonas campestris pv. veroniae	NCPPB 1787	ncppb_number	2	0	2	0		0		0		0		query_returned_no_biosample_records:2	confirmed_biosample_match	confirmed_current_algorithmic_match	At least one accepted BioSample match and no current high-priority review flag.
NCPPB 1811	Xanthomonas phaseoli pv. phaseoli (Smith 1897) Constantin et al. 2016 comb. nov.	Xanthomonas phaseoli (Smith 1897) Dowson 1939	This isolate was isolated by D.C. Graham						yes	1	SAMN03257682	Xanthomonas phaseoli pv. phaseoli	Microbe sample from Xanthomonas phaseoli pv. phaseoli	NCPPB 1811	ncppb_number	0	0	0	0		0		0		0			confirmed_biosample_match	confirmed_current_algorithmic_match	At least one accepted BioSample match and no current high-priority review flag.
NCPPB 1821	Xanthomonas euvesicatoria pv. alfalfae (ex Riker et al. 1935) Constantin et al. 2016 comb. nov.	X. phaseoli f. sp. alfalfae.	This isolate is also in the collections; CFBP 7120 This isolate was isolated by T. Tominaga	CFBP 7120	CFBP 7120	CFBP 7120	CFBP 7120		no	0						2	0	2	0		0		0		0		query_returned_no_biosample_records:2	no_confirmed_match_yet	no_confirmed_biosample_match	No accepted BioSample match in the current local-evidence filter output.
NCPPB 1822	Xanthomonas fragariae Kennedy and King 1962	Xanthomonas fragariae Kennedy and King 1962	This isolate is also in the collections; ICPB XF105 This isolate was isolated by R.A. Lelliott		ICPB XF105; XF 105	ICPB XF105; XF 105	ICPB XF105		yes	2	SAMN39942671; SAMEA4590042	Xanthomonas fragariae	Microbe sample from Xanthomonas fragariae; Xanthomonas fragariae NCPPB 1822	NCPPB 1822	ncppb_number	8	7	1	0		0		0		0		non_xanthomonas_organism:7; query_returned_no_biosample_records:1	confirmed_biosample_match	confirmed_current_algorithmic_match	At least one accepted BioSample match and no current high-priority review flag.
NCPPB 1826	Xanthomonas sp. Dowson 1939		This isolate was isolated by G.E. Jones C555		C 555	C 555		C 555	yes	1	SAMN42161503	Xanthomonas sp. NCPPB 1826	Genome sequencing of Xanthomonas sp. NCPPB 1826	NCPPB 1826	ncppb_number	100	100	0	0		0		0		0		non_xanthomonas_organism:100	confirmed_biosample_match	confirmed_current_algorithmic_match	At least one accepted BioSample match and no current high-priority review flag.
NCPPB 1827	Xanthomonas citri pv. rhynchosiae (Sabet et al. 1969) Constantin et al. 2016 comb. nov	Xanthomonas phaseoli f.sp .rhynchosiae Sabet et al. 1969	This isolate is also in the collections; ICMP 5748, LMG 8021 This isolate was isolated by K.A. Sabet Rhyn 1	ICMP 5748; LMG 8021	ICMP 5748; LMG 8021; RHYN 1	ICMP 5748; LMG 8021; RHYN 1	ICMP 5748; LMG 8021		yes	2	SAMN42180188	Xanthomonas citri pv. rhynchosiae	Genome sequencing of Xanthomonas citri pv. rhynchosiae (Sabet et al. 1969) Constantin et al. 2016 comb. nov., NCPPB 1827	NCPPB 1827	ncppb_number	2	0	2	0		0		0		0		query_returned_no_biosample_records:2	confirmed_biosample_match	confirmed_current_algorithmic_match	At least one accepted BioSample match and no current high-priority review flag.
NCPPB 1828	Xanthomonas euvesicatoria pv. euphorbiae (Sabet et al.1969) Harrison et al. 2023		This isolate is also in the collections; ICMP 5730, LMG 863 This isolate was isolated by K.A. Sabet Euph 1	ICMP 5730; LMG 863	ICMP 5730; LMG 863; EUPH 1	ICMP 5730; LMG 863; EUPH 1	ICMP 5730; LMG 863		yes	1	SAMN19988977	Xanthomonas campestris pv. euphorbiae	Microbe sample from Xanthomonas campestris pv. euphorbiae	NCPPB 1828	ncppb_number	4	2	2	0		0		0		0		query_returned_no_biosample_records:2; non_xanthomonas_organism:2	confirmed_biosample_match	confirmed_current_algorithmic_match	At least one accepted BioSample match and no current high-priority review flag.
NCPPB 1829	Xanthomonas sp. Dowson 1939		This isolate was isolated by K.A. Sabet Jat 100		JAT 100	JAT 100		JAT 100	no	0						2	0	2	0		0		0		0		query_returned_no_biosample_records:2	no_confirmed_match_yet	no_confirmed_biosample_match	No accepted BioSample match in the current local-evidence filter output.
NCPPB 1830	Xanthomonas albilineans (Ashby 1929) Dowson 1943	Xanthomonas albilineans	The source of this isolate was ex H. Koike 310		KOIKE 310	KOIKE 310		KOIKE 310	no	0						2	0	2	0		0		0		0		query_returned_no_biosample_records:2	no_confirmed_match_yet	no_confirmed_biosample_match	No accepted BioSample match in the current local-evidence filter output.
NCPPB 1832	Xanthomonas arboricola pv. celebensis (Gaumann 1923) Vauterin et al. 1995	Xanthomonas celebensis	This isolate is also in the collections; ATCC 19045, ICMP 1488, LMG 677 This isolate was isolated by ex D.W. Dye ZZ28	ATCC 19045; ICMP 1488; LMG 677	ATCC 19045; ICMP 1488; LMG 677; ZZ 28	ATCC 19045; ICMP 1488; LMG 677; ZZ 28	ATCC 19045; ICMP 1488; LMG 677		yes	1	SAMN02903333	Xanthomonas arboricola pv. celebensis	Microbe sample from Xanthomonas arboricola pv. celebensis	NCPPB 1832	ncppb_number	103	101	2	0		0		0		0		non_xanthomonas_organism:101; query_returned_no_biosample_records:2	confirmed_biosample_match	confirmed_current_algorithmic_match	At least one accepted BioSample match and no current high-priority review flag.
NCPPB 1833	Xanthomonas phaseoli pv. dieffenbachiae (McCulloch & Pirone 1939) Constantin et al. 2016 comb. nov.	Xanthomonas dieffenbachiae McCulloch & Pirone 1939	This isolate is also in the collections; ICMP 5727, LMG 695 This isolate was isolated by ex C.F. Robbs ENA-350	ICMP 5727; LMG 695	ICMP 5727; LMG 695; ENA 350	ICMP 5727; LMG 695; ENA 350	ICMP 5727; LMG 695		yes	3	SAMN18440024; SAMN04481176; SAMN02903992	Xanthomonas phaseoli pv. dieffenbachiae; Xanthomonas phaseoli pv. dieffenbachiae LMG 695	Xanth_NCPPB1833; Pathogen: environmental/food/other sample from Xanthomonas phaseoli pv. dieffenbachiae LMG 695; Microbe sample from Xanthomonas phaseoli pv. dieffenbachiae LMG 695	NCPPB 1833; LMG 695	ncppb_number; other_reference_identifier	101	100	1	0		0		0		0		non_xanthomonas_organism:100; query_returned_no_biosample_records:1	confirmed_biosample_match	confirmed_current_algorithmic_match	At least one accepted BioSample match and no current high-priority review flag.
NCPPB 1834	Xanthomonas phaseoli pv. manihotis (Bondar 1912) Constantin et al. 2016 comb. nov.	Xanthomonas manihotis (Berthet & Bondar 1915) Starr 1946	This isolate is also in the collections; ICMP 5741, LMG 773, CFBP 7153, ATCC 49073 This isolate was isolated by ex C.F. Robbs ENA-300	ICMP 5741; LMG 773; CFBP 7153; ATCC 49073	ICMP 5741; LMG 773; CFBP 7153; ATCC 49073; ENA 300	ICMP 5741; LMG 773; CFBP 7153; ATCC 49073; ENA 300	ICMP 5741; LMG 773; CFBP 7153; ATCC 49073		no	0						105	101	4	0		0		0		0		non_xanthomonas_organism:101; query_returned_no_biosample_records:4	no_confirmed_match_yet	no_confirmed_biosample_match	No accepted BioSample match in the current local-evidence filter output.
NCPPB 1836	Xanthomonas cerealis pv. cerealis Tambong et al. 2024	Xanthomonas translucens f.sp cerealis Hagborg 1942	The source of this isolate was ex J.R. Wallin 10b		WALLIN 10B	WALLIN 10B		WALLIN 10B	no	0						2	0	2	0		0		0		0		query_returned_no_biosample_records:2	no_confirmed_match_yet	no_confirmed_biosample_match	No accepted BioSample match in the current local-evidence filter output.
NCPPB 1837	Xanthomonas graminis pv. phlei Tambong et al. 2024	Xanthomonas translucens f.sp . phleipratensis Wallin & reddt 1945	This isolate is also in the collections; ICMP 5744, LMG 843, CFBP 2540 The source of this isolate was ex J.R. Wallin 3	ICMP 5744; LMG 843; CFBP 2540	ICMP 5744; LMG 843; CFBP 2540; WALLIN 3	ICMP 5744; LMG 843; CFBP 2540; WALLIN 3	ICMP 5744; LMG 843; CFBP 2540	WALLIN 3	yes	1	SAMN18876900	Xanthomonas graminis pv. phlei	Xanthomonas translucens pv. phleipratensis LMG 843	LMG 843	other_reference_identifier	4	0	4	0		0		0		0		query_returned_no_biosample_records:4	confirmed_biosample_match	confirmed_current_algorithmic_match	At least one accepted BioSample match and no current high-priority review flag.
NCPPB 1838	Xanthomonas citri pv. vignicola (Burkholder 1944) Constantin et al. 2016 comb. nov.	X. vignicola Burkholder 1944	This isolate is also in the collections; ICMP 333, ATCC 11648, CFBP 7112, LMG 8752 This isolate was isolated by ex W.H. Burkholder XV18	ICMP 333; ATCC 11648; CFBP 7112; LMG 8752	ICMP 333; ATCC 11648; CFBP 7112; LMG 8752; XV 18	ICMP 333; ATCC 11648; CFBP 7112; LMG 8752; XV 18	ICMP 333; ATCC 11648; CFBP 7112; LMG 8752		yes	2	SAMN40354538; SAMN07252091	Xanthomonas citri pv. fuscans; Xanthomonas citri pv. vignicola	Microbe sample from Xanthomonas citri pv. fuscans; Microbe sample from Xanthomonas citri pv. vignicola	NCPPB 1838; CFBP 7112	ncppb_number; other_reference_identifier	58	57	1	0		0		0		0		non_xanthomonas_organism:57; query_returned_no_biosample_records:1	confirmed_biosample_match	confirmed_current_algorithmic_match	At least one accepted BioSample match and no current high-priority review flag.
NCPPB 1839	Xanthomonas hortorum pv. vitians Morinière et al. 2020	Xanthomonas vitians (Brown 1918) Dowson 1943	This isolate was isolated by ex A.P. Viegas The source of this isolate was ex C.F. Robbs ENA-250		ENA 250	ENA 250			no	0						101	100	1	0		0		0		0		non_xanthomonas_organism:100; query_returned_no_biosample_records:1	no_confirmed_match_yet	no_confirmed_biosample_match	No accepted BioSample match in the current local-evidence filter output.
NCPPB 1841	Xanthomonas hortorum pv. vitians Morinière et al. 2020	Xanthomonas vitians (Brown 1918) Dowson 1943	This isolate was isolated by ex C.F. Robbs ENA-265		ENA 265	ENA 265			no	0						101	100	1	0		0		0		0		non_xanthomonas_organism:100; query_returned_no_biosample_records:1	no_confirmed_match_yet	no_confirmed_biosample_match	No accepted BioSample match in the current local-evidence filter output.
NCPPB 1925	Xanthomonas axonopodis pv. begoniae (Takimoto 1934) Vauterin et al. 1995	Xanthomonas begoniae Takimoto 1934	This isolate was isolated by ex E. Hellmers The source of this isolate was ex ATCC 11726 ex W.H. Burkholder XB10	ATCC 11726	ATCC 11726; XB 10	ATCC 11726; XB 10	ATCC 11726		no	0						34	32	1	0		1	SAMN28167367	1	SAMN28167367	0		non_xanthomonas_organism:32; query_returned_no_biosample_records:1; no_exact_strain_identifier_match:1	manual_review_required	P3_taxon_only_review	Target-taxon BioSample candidates exist but no exact strain identifier was found.
NCPPB 1929	Xanthomonas campestris pv. campestris (Pammel 1895) Dowson 1939	Xanthomonas campestris (Pammel 1895) Dowson 1939	This isolate is also in the collections; ITCC B47 The source of this isolate was ex M.K. Patel		ITCC B47; B 47	ITCC B47; B 47	ITCC B47	B 47	no	0						102	100	2	0		0		0		0		non_xanthomonas_organism:100; query_returned_no_biosample_records:2	no_confirmed_match_yet	no_confirmed_biosample_match	No accepted BioSample match in the current local-evidence filter output.
NCPPB 1930	Xanthomonas campestris pv. armoraciae (McCulloch 1929) Dye 1978	Xanthomonas campestris var. armoraciae (McCulloch 1929) Starr & Burkholder 1942	This isolate was isolated by ex W.H.Burkholder HI						no	0						1	0	1	0		0		0		0		query_returned_no_biosample_records:1	no_confirmed_match_yet	no_confirmed_biosample_match	No accepted BioSample match in the current local-evidence filter output.
NCPPB 1932	Xanthomonas campestris pv. guizotiae (Yirgou 1964) Dye 1978		This isolate is also in the collections; ICMP 5743, LMG 731, ATCC 49072 This isolate was isolated by ex D. Yirgou I-l	ICMP 5743; LMG 731; ATCC 49072	ICMP 5743; LMG 731; ATCC 49072	ICMP 5743; LMG 731; ATCC 49072	ICMP 5743; LMG 731; ATCC 49072		yes	1	SAMN56511365	Xanthomonas arboricola pv. guizotiae	Genome sequencing of Xanthomonas NCPPB 1932	NCPPB 1932	ncppb_number	3	1	2	0		0		0		0		query_returned_no_biosample_records:2; non_xanthomonas_organism:1	confirmed_biosample_match	confirmed_current_algorithmic_match	At least one accepted BioSample match and no current high-priority review flag.
NCPPB 1933	Xanthomonas campestris pv. guizotiae (Yirgou 1964) Dye 1978		This isolate was isolated by ex D. Yirgou I-2		I 2	I 2		I 2	yes	1	SAMN56511366	Xanthomonas arboricola pv. guizotiae	Genome sequencing of Xanthomonas NCPPB 1933	NCPPB 1933	ncppb_number	88	88	0	0		0		0		0		non_xanthomonas_organism:88	confirmed_biosample_match	confirmed_current_algorithmic_match	At least one accepted BioSample match and no current high-priority review flag.
NCPPB 1934	Xanthomonas campestris pv. incanae (Kendrick & Baker 1942) Dye 1978	Xanthomonas incanae (Kendrick & Baker 1942) Starr & Weiss 1943	This isolate was isolated by ex K.F. Baker						yes	1	SAMN36318705	Xanthomonas campestris pv. incanae	Genome sequencing of Xanthomonas campestris pv. incanae WHRI 6378 (NCPPB 1934)	NCPPB 1934	ncppb_number	0	0	0	0		0		0		0			confirmed_biosample_match	confirmed_current_algorithmic_match	At least one accepted BioSample match and no current high-priority review flag.
NCPPB 1935	Xanthomonas campestris pv. nigromaculans (Takimoto 1927) Dye 1978		This isolate is also in the collections; ATCC 23390, ICMP 80, LMG 787 This isolate was isolated by N. Okabe The source of this isolate was ex D.W. Dye ZT2 ex N. Okabe	ATCC 23390; ICMP 80; LMG 787	ATCC 23390; ICMP 80; LMG 787; ZT 2	ATCC 23390; ICMP 80; LMG 787; ZT 2	ATCC 23390; ICMP 80; LMG 787		yes	5	SAMN22555463; SAMEA14107389	Xanthomonas campestris pv. nigromaculans	Microbe sample from Xanthomonas campestris pv. nigromaculans; Xanthomonas campestris pv. nigromaculans NCPPB 1935	NCPPB 1935	ncppb_number	109	109	0	0		0		0		0		non_xanthomonas_organism:109	confirmed_biosample_match	confirmed_current_algorithmic_match	At least one accepted BioSample match and no current high-priority review flag.
NCPPB 1936	Xanthomonas oryzae pv. oryzae (Ishiyama 1922) Swings et al. 1990	Xanthomonas oryzae	The source of this isolate was ex D.N. Srivastava						no	0						1	0	1	0		0		0		0		query_returned_no_biosample_records:1	no_confirmed_match_yet	no_confirmed_biosample_match	No accepted BioSample match in the current local-evidence filter output.
NCPPB 1938	Xanthomonas campestris pv. plantaginis (Thornberry & Anderson 1937) Dye 1978	Xanthomonas plantaginis (Thornberry & Anderson 1937) Burkholder 1948	The source of this isolate was ex P.A. Ark PA						yes	1	SAMN36318706	Xanthomonas campestris pv. plantaginis	Genome sequencing of Xanthomonas campestris pv. plantaginis WHRI 8522 (NCPPB 1938)	NCPPB 1938	ncppb_number	0	0	0	0		0		0		0			confirmed_biosample_match	confirmed_current_algorithmic_match	At least one accepted BioSample match and no current high-priority review flag.
NCPPB 1939	Xanthomonas axonopodis pv. poinsettiicola (Patel et al. 1951) Vauterin et al. 1995	Xanthomonas poinsettiicola Patel et al. 1951	The source of this isolate was ex L.A. McFadden XP6		XP 6	XP 6			yes	1	SAMN42178461	Xanthomonas axonopodis pv. poinsettiicola	Genome sequencing of Xanthomonas campestris pv. poinsettiicola NCPPB 1939	NCPPB 1939	ncppb_number	104	100	0	4	SAMN57360824; SAMN42278571; SAMN41996496; SAMEA7984667	0		4	SAMEA7984667; SAMN41996496; SAMN42278571; SAMN57360824	0		non_xanthomonas_organism:100; conflicting_ncppb_number:935:2; conflicting_ncppb_number:942:1; conflicting_ncppb_number:993:1	manual_review_required	P2_conflicting_identifier_review	Rejected/review candidates include conflicting NCPPB numbers.
NCPPB 1942	Xanthomonas translucens pv. translucens (Jones et al. 1917) Vauterin et al. 1995	Xanthomonas translucens Jones et al. 1917	The source of this isolate was ex D.W. Dye ZQ1 ex W.J. Dowson 175 ex R.M, Natrass		ZQ 1; DOWSON 175	ZQ 1; DOWSON 175		DOWSON 175	no	0						104	100	1	3	SAMN05258070; SAMEA6962652; SAMN03140188	0		3	SAMEA6962652; SAMN03140188; SAMN05258070	0		non_xanthomonas_organism:100; conflicting_ncppb_number:1943:1; conflicting_ncppb_number:940:1; conflicting_ncppb_number:989:1; query_returned_no_biosample_records:1	manual_review_required	P2_conflicting_identifier_review	Rejected/review candidates include conflicting NCPPB numbers.
NCPPB 1943	Xanthomonas cerealis pv. cerealis Tambong et al. 2024	Xanthomonas translucens f.sp cerealis Hagborg 1942	This isolate is also in the collections; ICMP1409 The source of this isolate was ex J.R. Wallin 20	ICMP1409	ICMP 1409; WALLIN 20	ICMP 1409; WALLIN 20	ICMP 1409	WALLIN 20	yes	1	SAMN05258070	Xanthomonas cerealis pv. cerealis	Microbe sample from Xanthomonas cerealis pv. cerealis	NCPPB 1943	ncppb_number	3	0	2	1	SAMN42278567	0		1	SAMN42278567	0		query_returned_no_biosample_records:2; conflicting_ncppb_number:577:1	manual_review_required	P2_conflicting_identifier_review	Rejected/review candidates include conflicting NCPPB numbers.
NCPPB 1944	Xanthomonas cerealis pv. cerealis Tambong et al. 2024	Xanthomonas translucens f.sp cerealis Hagborg 1942	The donor reference is ICPB XT15 This isolate is also in the collections; ICMP 1409, LMG 679, CFBP 2541 The source of this isolate was ex J.R. Wallin 60-1	ICMP 1409; LMG 679; CFBP 2541	ICPB XT15; ICMP 1409; LMG 679; CFBP 2541; XT 15; WALLIN 60-1	ICPB XT15; ICMP 1409; LMG 679; CFBP 2541; XT 15; WALLIN 60-1	ICPB XT15; ICMP 1409; LMG 679; CFBP 2541	WALLIN 60-1	yes	1	SAMN03246830	Xanthomonas cerealis pv. cerealis	Xanthomonas translucens pv. cerealis str. CFBP 2541	CFBP 2541	other_reference_identifier	105	101	3	1	SAMN42278571	0		1	SAMN42278571	0		non_xanthomonas_organism:101; query_returned_no_biosample_records:3; conflicting_ncppb_number:993:1	manual_review_required	P2_conflicting_identifier_review	Rejected/review candidates include conflicting NCPPB numbers.
NCPPB 1945	Xanthomonas translucens pv. undulosa (Smith et al. 1919) Vauterin et al. 1995	Xanthomonas translucens f.sp . undulosa Smith et al. 1919	The source of this isolate was ex W.A.F. Hagborg 1910		HAGBORG 1910	HAGBORG 1910		HAGBORG 1910	no	0						2	1	1	0		0		0		0		non_xanthomonas_organism:1; query_returned_no_biosample_records:1	no_confirmed_match_yet	no_confirmed_biosample_match	No accepted BioSample match in the current local-evidence filter output.
NCPPB 1946	Xanthomonas campestris pv. raphani (White 1930) Dye 1978	Xanthomonas vesicatoria f.sp . raphani White) Starr & Burkholder 1942	This isolate is also in the collections; ICMP 1404, LMG 860, ATCC 49079 The source of this isolate was ex R. Lincoln Lll	ICMP 1404; LMG 860; ATCC 49079	ICMP 1404; LMG 860; ATCC 49079	ICMP 1404; LMG 860; ATCC 49079	ICMP 1404; LMG 860; ATCC 49079		yes	7	SAMN36368324; SAMN22552835; SAMN17385960; SAMN36315929	Xanthomonas campestris pv. campestris; Xanthomonas campestris pv. raphani; Xanthomonas campestris	Genome sequencing of Xcc WHRI3883 (NCPPB 1946); Microbe sample from Xanthomonas campestris pv. raphani; MIGS Cultured Bacterial/Archaeal sample from Xanthomonas campestris; Genome sequencing of X. campestris pv. raphani WHRI 8303 (NCPPB 1946)	NCPPB 1946	ncppb_number	5	2	0	3	SAMN42284549; SAMN42284548; SAMN42284547	0		3	SAMN42284547; SAMN42284548; SAMN42284549	0		non_xanthomonas_organism:2; conflicting_ncppb_number:2352:1; conflicting_ncppb_number:972:1; conflicting_ncppb_number:971:1	manual_review_required	P2_conflicting_identifier_review	Rejected/review candidates include conflicting NCPPB numbers.
NCPPB 1974	Stenotrophomonas maltophilia (Hugh 1981) Palleroni and Bradbury 1993	Pseudomonas maltophilia	This isolate is also in the collections; ATCC 13637; CCM 1640; NCTC 10275; NCIMB 9203; NCIMB 9203; DSM 50170; NCPPB 1974;	ATCC 13637; NCTC 10275; DSM 50170	ATCC 13637; NCTC 10275; DSM 50170; CCM 1640; NCIMB 9203; NCPPB 1974	ATCC 13637; NCTC 10275; DSM 50170; CCM 1640; NCIMB 9203; NCPPB 1974	ATCC 13637; NCTC 10275; DSM 50170		no	0						23	17	0	6	SAMN03164131; SAMN42161512; SAMN42161507; SAMN42278575; SAMN03140274; SAMEA6962649	0		6	SAMEA6962649; SAMN03140274; SAMN03164131; SAMN42161507; SAMN42161512; SAMN42278575	0		non_xanthomonas_organism:17; conflicting_ncppb_number:2877:1; conflicting_ncppb_number:2933:1; conflicting_ncppb_number:2654:1; conflicting_ncppb_number:2832:1; conflicting_ncppb_number:2649:1	manual_review_required	P2_conflicting_identifier_review	Rejected/review candidates include conflicting NCPPB numbers.
NCPPB 1975	Stenotrophomonas maltophilia (Hugh 1981) Palleroni and Bradbury 1993	Pseudomonas maltophilia							no	0						13	5	0	8	SAMN42161511; SAMN42161510; SAMN42161509; SAMN42161508; SAMN17385948; SAMN39942673; SAMN36368323; SAMN03142811	0		8	SAMN03142811; SAMN17385948; SAMN36368323; SAMN39942673; SAMN42161508; SAMN42161509; SAMN42161510; SAMN42161511	0		non_xanthomonas_organism:5; conflicting_ncppb_number:2986:2; conflicting_ncppb_number:2866:1; conflicting_ncppb_number:2865:1; conflicting_ncppb_number:2864:1; conflicting_ncppb_number:2856:1	manual_review_required	P2_conflicting_identifier_review	Rejected/review candidates include conflicting NCPPB numbers.
NCPPB 1981	Xanthomonas sp. Dowson 1939		The donor reference is 332 This isolate was isolated by ex E. Billing W135		IS 332; W 135	W 135		IS 332; W 135	no	0						103	102	0	1	SAMN42161485	0		1	SAMN42161485	0		non_xanthomonas_organism:102; conflicting_ncppb_number:3443:1	manual_review_required	P2_conflicting_identifier_review	Rejected/review candidates include conflicting NCPPB numbers.
NCPPB 2005	Xanthomonas vasicola pv. musacearum (Yirgou & Bradbury 1968) Dye 1978		The donor reference is B3100 This isolate is also in the collections; ICPB XM130, ICMP 2870, CFBP 7123, DSM 24447, LMG 785, ATCC 49084 This isolate was isolated by ex D. Yirgou	ICMP 2870; CFBP 7123; DSM 24447; LMG 785; ATCC 49084	ICPB XM130; ICMP 2870; CFBP 7123; DSM 24447; LMG 785; ATCC 49084; B 3100; XM 130	ICPB XM130; ICMP 2870; CFBP 7123; DSM 24447; LMG 785; ATCC 49084; B 3100; XM 130	ICPB XM130; ICMP 2870; CFBP 7123; DSM 24447; LMG 785; ATCC 49084	B 3100	yes	3	SAMN49535419; SAMN02471727; SAMN00860199	Xanthomonas vasicola pv. musacearum; Xanthomonas vasicola pv. musacearum NCPPB 2005	Microbe sample from Xanthomonas vasicola pv. musacearum; Sample from Xanthomonas vasicola pv. musacearum NCPPB 2005; Draft genome sequence of Xanthomonas campestris pv. musacearum NCPPB2005	NCPPB 2005	ncppb_number	58	44	6	8	SAMN49535423; SAMN49535422; SAMN20034693; SAMN20034692; SAMN17385960; SAMN17385948; SAMN17385947; SAMN41763921	0		8	SAMN17385947; SAMN17385948; SAMN17385960; SAMN20034692; SAMN20034693; SAMN41763921; SAMN49535422; SAMN49535423	0		non_xanthomonas_organism:44; query_returned_no_biosample_records:6; conflicting_ncppb_number:4379:1; conflicting_ncppb_number:4381:1; conflicting_ncppb_number:4390:1; conflicting_ncppb_number:4378:1	manual_review_required	P2_conflicting_identifier_review	Rejected/review candidates include conflicting NCPPB numbers.
NCPPB 2011	Xanthomonas hortorum pv. hederae (Arnaud 1920) Vauterin et al. 1995	Xanthomonas hederae	This isolate was isolated by F.W. Catton C596		C 596	C 596		C 596	no	0						103	101	0	2	SAMEA4072397; SAMN41996498	0		2	SAMEA4072397; SAMN41996498	0		non_xanthomonas_organism:101; conflicting_ncppb_number:3709:1; conflicting_ncppb_number:4692:1	manual_review_required	P2_conflicting_identifier_review	Rejected/review candidates include conflicting NCPPB numbers.
NCPPB 2016	Xanthomonas hortorum pv. hederae (Arnaud 1920) Vauterin et al. 1995	Xanthomonas hederae	This isolate was isolated by J. Oxtoby X.H.l						no	0						25	12	0	13	SAMEA4072397; SAMN05258070; SAMN42278575; SAMN42278565; SAMN42180190; SAMN42180189; SAMN42180188; SAMEA4722874; SAMEA2827559; SAMEA2827237; SAMEA2827231; SAMEA2827229; SAMEA2827227	0		13	SAMEA2827227; SAMEA2827229; SAMEA2827231; SAMEA2827237; SAMEA2827559; SAMEA4072397; SAMEA4722874; SAMN05258070; SAMN42180188; SAMN42180189; SAMN42180190; SAMN42278565; SAMN42278575	0		non_xanthomonas_organism:12; conflicting_ncppb_number:3615:2; conflicting_ncppb_number:3709:1; conflicting_ncppb_number:1943:1; conflicting_ncppb_number:2832:1; conflicting_ncppb_number:2058:1	manual_review_required	P2_conflicting_identifier_review	Rejected/review candidates include conflicting NCPPB numbers.
NCPPB 2031	Xanthomonas campestris pv. campestris (Pammel 1895) Dowson 1939	Xanthomonas campestris (Pammel 1895) Dowson 1939	The donor reference is XCB-2		XCB 2	XCB 2			no	0						17	16	1	0		0		0		0		non_xanthomonas_organism:16; query_returned_no_biosample_records:1	no_confirmed_match_yet	no_confirmed_biosample_match	No accepted BioSample match in the current local-evidence filter output.
NCPPB 2044	Xanthomonas vesicatoria (ex Doidge 1920) Vauterin et al. 1995	Xanthomonas vesicatoria (Doidge 1920) Dowson 1939	The donor reference is 15984		IS 15984			IS 15984	no	0						1	0	1	0		0		0		0		query_returned_no_biosample_records:1	no_confirmed_match_yet	no_confirmed_biosample_match	No accepted BioSample match in the current local-evidence filter output.
NCPPB 2057	Xanthomonas euvesicatoria pv. heliotropii (Sabet et al.1969) Harrison et al. 2023		The donor reference is Hel 1 This isolate is also in the collections; ICMP 5778, LMG 735	ICMP 5778; LMG 735	ICMP 5778; LMG 735; HEL 1	ICMP 5778; LMG 735; HEL 1	ICMP 5778; LMG 735		yes	1	SAMN19988978	Xanthomonas campestris pv. heliotropii	Microbe sample from Xanthomonas campestris pv. heliotropii	NCPPB 2057	ncppb_number	105	104	1	0		0		0		0		non_xanthomonas_organism:104; query_returned_no_biosample_records:1	confirmed_biosample_match	confirmed_current_algorithmic_match	At least one accepted BioSample match and no current high-priority review flag.
NCPPB 2058	Xanthomonas citri pv. vignaeradiatae (Sabet et al. 1969) Constantin et al. 2016 comb. nov	Xanthomonas phaseoli f.sp .. vignaeradiatae Sabet et al. 1969	This isolate is also in the collections; ICMP 5159 This isolate was isolated by K.A. Sabet Phas 2	ICMP 5159	ICMP 5159; PHAS 2	ICMP 5159; PHAS 2	ICMP 5159		yes	2	SAMN42278565	Xanthomonas citri pv. vignaeradiatae	Genome sequencing of Xanthomonas citri pv. vignaeradiatae (Sabet et al. 1969) Constantin et al. 2016 comb. nov. NCPPB 2058	NCPPB 2058	ncppb_number	7	6	1	0		0		0		0		non_xanthomonas_organism:6; query_returned_no_biosample_records:1	confirmed_biosample_match	confirmed_current_algorithmic_match	At least one accepted BioSample match and no current high-priority review flag.
NCPPB 2059	Xanthomonas citri pv. vignicola (Burkholder 1944) Constantin et al. 2016 comb. nov.	Xanthomonas vignicola Burkholder 1944	This isolate was isolated by K.A. Sabet Vig 1		VIG 1	VIG 1		VIG 1	no	0						101	100	1	0		0		0		0		non_xanthomonas_organism:100; query_returned_no_biosample_records:1	no_confirmed_match_yet	no_confirmed_biosample_match	No accepted BioSample match in the current local-evidence filter output.
NCPPB 2060	Xanthomonas citri pv. rhynchosiae (Sabet et al. 1969) Constantin et al. 2016 comb. nov	Xanthomonas phaseoli f.sp .rhynchosiae Sabet et al. 1969	This isolate was isolated by K.A. Sabet Rhyn 2		RHYN 2	RHYN 2		RHYN 2	yes	2	SAMN42180189	Xanthomonas citri pv. rhynchosiae	Genome sequencing of Xanthomonas citri pv. rhynchosiae (Sabet et al. 1969) Constantin et al. 2016 comb. nov., NCPPB 2060	NCPPB 2060	ncppb_number	0	0	0	0		0		0		0			confirmed_biosample_match	confirmed_current_algorithmic_match	At least one accepted BioSample match and no current high-priority review flag.
NCPPB 2061	Xanthomonas citri pv. vignicola (Burkholder 1944) Constantin et al. 2016 comb. nov.	Xanthomonas vignicola Burkholder 1944	This isolate is also in the collections; CFBP 7113 This isolate was isolated by K.A. Sabet Vig 3	CFBP 7113	CFBP 7113; VIG 3	CFBP 7113; VIG 3	CFBP 7113		yes	1	SAMN07251989	Xanthomonas citri pv. vignicola	Microbe sample from Xanthomonas citri pv. vignicola	CFBP 7113	other_reference_identifier	37	36	1	0		0		0		0		non_xanthomonas_organism:36; query_returned_no_biosample_records:1	confirmed_biosample_match	confirmed_current_algorithmic_match	At least one accepted BioSample match and no current high-priority review flag.
NCPPB 2062	Xanthomonas euvesicatoria pv. alfalfae (ex Riker et al. 1935) Constantin et al. 2016 comb. nov.	X. phaseoli f. sp. alfalfae	This isolate is also in the collections; ICMP 5718, LMG 497 This isolate was isolated by K.A. Sabet Alf 1	ICMP 5718; LMG 497	ICMP 5718; LMG 497; ALF 1	ICMP 5718; LMG 497; ALF 1	ICMP 5718; LMG 497		no	0						103	100	3	0		0		0		0		non_xanthomonas_organism:100; query_returned_no_biosample_records:3	no_confirmed_match_yet	no_confirmed_biosample_match	No accepted BioSample match in the current local-evidence filter output.
NCPPB 2063	Xanthomonas axonopodis pv. cajani (Kulkarni et al. 1950) Vauterin et al. 1995	X. phaseoli f. sp. cajani.	This isolate was isolated by K.A. Sabet Caj 1		CAJ 1	CAJ 1		CAJ 1	yes	2	SAMN42284474	Xanthomonas axonopodis pv. cajani	Genome sequencing of Xanthomonas axonopodis pv. cajani (Kulkarni et al. 1950) Vauterin et al. 1995 NCPPB 2063	NCPPB 2063	ncppb_number	40	40	0	0		0		0		0		non_xanthomonas_organism:40	confirmed_biosample_match	confirmed_current_algorithmic_match	At least one accepted BioSample match and no current high-priority review flag.
NCPPB 2064	Xanthomonas citri (ex Hasse 1915) Gabriel et al. 1989	Xanthomonas phaseoli (Smith 1897) Dowson 1939	This isolate was isolated by K.A. Sabet Dol 3		DOL 3	DOL 3		DOL 3	yes	2	SAMN56511367; SAMN03142816	Xanthomonas citri; Xanthomonas phaseoli pv. phaseoli	Genome sequencing of Xanthomonas NCPPB 2064; Microbe sample from Xanthomonas phaseoli pv. phaseoli	NCPPB 2064	ncppb_number	100	100	0	0		0		0		0		non_xanthomonas_organism:100	confirmed_biosample_match	confirmed_current_algorithmic_match	At least one accepted BioSample match and no current high-priority review flag.
NCPPB 2066	Xanthomonas axonopodis pv. phyllanthi (Sabet et al. 1969) Vauterin et al 1995	Xanthomonas ricini f.sp . phyllanthi Sabet et al. 1969	This isolate is also in the collections; ICMP 5745, LMG 844 This isolate was isolated by K.A. Sabet Phyl 1	ICMP 5745; LMG 844	ICMP 5745; LMG 844; PHYL 1	ICMP 5745; LMG 844; PHYL 1	ICMP 5745; LMG 844		yes	2	SAMN42278573	Xanthomonas axonopodis pv. phyllanthi	Genome sequencing of Xanthomonas axonopodis pv. phyllanthi (Sabet et al. 1969) Vauterin et al 1995 NCPPB 2066	NCPPB 2066	ncppb_number	4	2	2	0		0		0		0		query_returned_no_biosample_records:2; non_xanthomonas_organism:2	confirmed_biosample_match	confirmed_current_algorithmic_match	At least one accepted BioSample match and no current high-priority review flag.
NCPPB 2067	Xanthomonas euvesicatoria pv. euphorbiae (Sabet et al.1969) Harrison et al. 2023		This isolate was isolated by K.A. Sabet Euph 3		EUPH 3	EUPH 3		EUPH 3	no	0						2	0	2	0		0		0		0		query_returned_no_biosample_records:2	no_confirmed_match_yet	no_confirmed_biosample_match	No accepted BioSample match in the current local-evidence filter output.
NCPPB 2095	Xanthomonas hyacinthi (Wakker 1883) Vauterin et al. 1995	Xanthomonas hyacinthi	This isolate was isolated by D.C. Graham						no	0						1	0	1	0		0		0		0		query_returned_no_biosample_records:1	no_confirmed_match_yet	no_confirmed_biosample_match	No accepted BioSample match in the current local-evidence filter output.
NCPPB 2097	Xanthomonas euvesicatoria pv. vernoniae (Patel et al. 1968) Harrison et al. 2023								no	0						1	0	1	0		0		0		0		query_returned_no_biosample_records:1	no_confirmed_match_yet	no_confirmed_biosample_match	No accepted BioSample match in the current local-evidence filter output.
NCPPB 2099	Xanthomonas campestris pv. zantedeschiae (Joubert & Truter 1972) Dye 1978								no	0						1	0	1	0		0		0		0		query_returned_no_biosample_records:1	no_confirmed_match_yet	no_confirmed_biosample_match	No accepted BioSample match in the current local-evidence filter output.
NCPPB 2147	Pseudomonas sp. Migula 1894	Xanthomonas type	This isolate was isolated by L. Behr 1		BEHR 1	BEHR 1		BEHR 1	no	0						26	25	1	0		0		0		0		non_xanthomonas_organism:25; query_returned_no_biosample_records:1	no_confirmed_match_yet	no_confirmed_biosample_match	No accepted BioSample match in the current local-evidence filter output.
NCPPB 2181	Xanthomonas translucens pv. translucens (Jones et al. 1917) Vauterin et al. 1995	X. translucens f. sp. hordei	This isolate was isolated by T. Tominaga X1-11-2		X 1-11-2	X 1-11-2		X 1-11-2	yes	1	SAMD00537715	Xanthomonas translucens	Xanthomonas translucens NBRC 13559	NCPPB 2181	ncppb_number	100	100	0	0		0		0		0		non_xanthomonas_organism:100	confirmed_biosample_match	confirmed_current_algorithmic_match	At least one accepted BioSample match and no current high-priority review flag.
NCPPB 2182	Xanthomonas campestris pv. gummisudans (McCulloch 1924) Dye 1978		This isolate is also in the collections; ICMP 5780, LMG 732 This isolate was isolated by ex W. Kamerman S131-84	ICMP 5780; LMG 732	ICMP 5780; LMG 732; S 131-84	ICMP 5780; LMG 732; S 131-84	ICMP 5780; LMG 732	S 131-84	yes	1	SAMN42488057	Xanthomonas campestris pv. gummisudans	Genome sequencing of Xanthomonas campestris pv. gummisudans (McCulloch 1924) Dye 1978	NCPPB 2182	ncppb_number	106	105	1	0		0		0		0		non_xanthomonas_organism:105; query_returned_no_biosample_records:1	confirmed_biosample_match	confirmed_current_algorithmic_match	At least one accepted BioSample match and no current high-priority review flag.
NCPPB 2183	Xanthomonas hyacinthi (Wakker 1883) Vauterin et al. 1995	Xanthomonas hyacinthi	This isolate was isolated by ex W. Kamerman S148-81		S 148-81	S 148-81		S 148-81	no	0						101	100	1	0		0		0		0		non_xanthomonas_organism:100; query_returned_no_biosample_records:1	no_confirmed_match_yet	no_confirmed_biosample_match	No accepted BioSample match in the current local-evidence filter output.
NCPPB 2190	Xanthomonas campestris pv. esculenti (Rangasami & Eswaran 1962) Dye 1978		This isolate is also in the collections; ICMP 5729, LMG 699 This isolate was isolated by C. F. Robbs ENA-568	ICMP 5729; LMG 699	ICMP 5729; LMG 699; ENA 568	ICMP 5729; LMG 699; ENA 568	ICMP 5729; LMG 699		yes	2	SAMN56511368; SAMN22555465	Xanthomonas campestris pv. esculenti	Genome sequencing of Xanthomonas NCPPB 2190; Microbe sample from Xanthomonas campestris pv. esculenti	NCPPB 2190	ncppb_number	102	100	2	0		0		0		0		non_xanthomonas_organism:100; query_returned_no_biosample_records:2	confirmed_biosample_match	confirmed_current_algorithmic_match	At least one accepted BioSample match and no current high-priority review flag.
NCPPB 2217	Xylophilus ampelinus (Panagopoulos 1969) Willems et al. 1987		This isolate is also in the collections; ATCC 33914;CECT 7646;CNBP 1192;DSM 7250;ICMP 4298;ICPB XA138;LMG 5856 This isolate was isolated by C.G. Panagopoulos 48	ATCC 33914; DSM 7250; ICMP 4298; LMG 5856	ATCC 33914; DSM 7250; ICMP 4298; ICPB XA138; LMG 5856; CECT 7646; CNBP 1192; XA 138	ATCC 33914; DSM 7250; ICMP 4298; ICPB XA138; LMG 5856; CECT 7646; CNBP 1192; XA 138	ATCC 33914; DSM 7250; ICMP 4298; ICPB XA138; LMG 5856		no	0						9	4	5	0		0		0		0		query_returned_no_biosample_records:5; non_xanthomonas_organism:4	no_confirmed_match_yet	no_confirmed_biosample_match	No accepted BioSample match in the current local-evidence filter output.
NCPPB 2218	Xylophilus ampelinus (Panagopoulos 1969) Willems et al. 1987		This isolate is also in the collections; ICPB XA139 This isolate was isolated by C.G. Panagopoulos 75		ICPB XA139; XA 139	ICPB XA139; XA 139	ICPB XA139		no	0						3	0	3	0		0		0		0		query_returned_no_biosample_records:3	no_confirmed_match_yet	no_confirmed_biosample_match	No accepted BioSample match in the current local-evidence filter output.
NCPPB 2226	Xanthomonas axonopodis pv. begoniae (Takimoto 1934) Vauterin et al. 1995	Xanthomonas begoniae Takimoto 1934	This isolate was isolated by D.C. Graham						no	0						1	0	1	0		0		0		0		query_returned_no_biosample_records:1	no_confirmed_match_yet	no_confirmed_biosample_match	No accepted BioSample match in the current local-evidence filter output.
NCPPB 2228	Xanthomonas axonopodis pv. biophyti (Patel et al.1969) Vauterin et al. 1995	Xanthomonas biophyti	This isolate is also in the collections; ICPB XB117, ICMP 2780, LMG 556 This isolate was isolated by A.M. Patel	ICMP 2780; LMG 556	ICPB XB117; ICMP 2780; LMG 556; XB 117	ICPB XB117; ICMP 2780; LMG 556; XB 117	ICPB XB117; ICMP 2780; LMG 556		yes	1	SAMN42280121	Xanthomonas axonopodis pv. biophyti	Genome sequencing of Xanthomonas axonopodis pv. biophyti (Patel et al.1969) Vauterin et al. 1995 NCPPB 2228	NCPPB 2228	ncppb_number	62	60	2	0		0		0		0		non_xanthomonas_organism:60; query_returned_no_biosample_records:2	confirmed_biosample_match	confirmed_current_algorithmic_match	At least one accepted BioSample match and no current high-priority review flag.
NCPPB 2229	Xanthomonas campestris pv. leeana (Patel & Kofasthane 1969) Dye 1978		This isolate is also in the collections; ICPB XL107, ICMP 5738, LMG 9048 This isolate was isolated by A.M. Patel	ICMP 5738; LMG 9048	ICPB XL107; ICMP 5738; LMG 9048; XL 107	ICPB XL107; ICMP 5738; LMG 9048; XL 107	ICPB XL107; ICMP 5738; LMG 9048		no	0						5	1	4	0		0		0		0		query_returned_no_biosample_records:4; non_xanthomonas_organism:1	no_confirmed_match_yet	no_confirmed_biosample_match	No accepted BioSample match in the current local-evidence filter output.
NCPPB 2230	Xanthomonas axonopodis pv. fascicularis (Patel & Kotasthane 1969) Vauterin et al. 1995	Xanthomonas nakatae var. fascicularis Patel & Kotasthane 1969	This isolate is also in the collections; ICPB XN105, ICMP 5731, LMG 9047 This isolate was isolated by A.M. Patel	ICMP 5731; LMG 9047	ICPB XN105; ICMP 5731; LMG 9047; XN 105	ICPB XN105; ICMP 5731; LMG 9047; XN 105	ICPB XN105; ICMP 5731; LMG 9047		yes	1	SAMN42278570	Xanthomonas axonopodis pv. fascicularis	Genome sequencing of Xanthomonas axonopodis pv. fascicularis (Patel & Kotasthane 1969) Vauterin et al. 1995 NCPPB 2230	NCPPB 2230	ncppb_number	4	0	4	0		0		0		0		query_returned_no_biosample_records:4	confirmed_biosample_match	confirmed_current_algorithmic_match	At least one accepted BioSample match and no current high-priority review flag.
NCPPB 2247	Xanthomonas albilineans (Ashby 1929) Dowson 1943	Xanthomonas albilineans	This isolate was isolated by J.F. Bradbury B3596		B 3596	B 3596		B 3596	no	0						14	13	1	0		0		0		0		non_xanthomonas_organism:13; query_returned_no_biosample_records:1	no_confirmed_match_yet	no_confirmed_biosample_match	No accepted BioSample match in the current local-evidence filter output.
NCPPB 2248	Xanthomonas hortorum pv. vitians Morinière et al. 2020	Xanthomonas vitians (Brown 1918) Dowson 1943	The donor reference is B3005 This isolate was isolated by ex R.A. Bailey MR20213		B 3005; MR 20213	B 3005; MR 20213		B 3005	yes	1	SAMN09704264	Xanthomonas hortorum pv. vitians	Microbe sample from Xanthomonas hortorum pv. vitians	NCPPB 2248	ncppb_number	39	38	1	0		0		0		0		non_xanthomonas_organism:38; query_returned_no_biosample_records:1	confirmed_biosample_match	confirmed_current_algorithmic_match	At least one accepted BioSample match and no current high-priority review flag.
NCPPB 2249	Xanthomonas albilineans (Ashby 1929) Dowson 1943	Xanthomonas albilineans	This isolate was isolated by J.F. Bradbury B3891		B 3891	B 3891		B 3891	no	0						14	13	1	0		0		0		0		non_xanthomonas_organism:13; query_returned_no_biosample_records:1	no_confirmed_match_yet	no_confirmed_biosample_match	No accepted BioSample match in the current local-evidence filter output.
NCPPB 2250	Xanthomonas sp.		The donor reference is Dowson 1939 This isolate was isolated by J.F. Bradbury B3516a		DOWSON 1939; B 3516A	DOWSON 1939; B 3516A		B 3516A	yes	1	SAMN42161504	Xanthomonas sp. NCPPB 2250	Genome sequencing of Xanthomonas sp. NCPPB 2250	NCPPB 2250	ncppb_number	2	0	2	0		0		0		0		query_returned_no_biosample_records:2	confirmed_biosample_match	confirmed_current_algorithmic_match	At least one accepted BioSample match and no current high-priority review flag.
NCPPB 2251	Xanthomonas vasicola pv. musacearum (Yirgou & Bradbury 1968) Dye 1978	Xanthomonas campestris pv. musacearum	The donor reference is B3645 This isolate is also in the collections; CFBP 7122 This isolate was isolated by ex D. Yirgou	CFBP 7122	CFBP 7122; B 3645	CFBP 7122; B 3645	CFBP 7122	B 3645	yes	3	SAMN49535420; SAMN42486836; SAMN00991248	Xanthomonas vasicola pv. musacearum; Xanthomonas vasicola pv. musacearum NCPPB 2251	Microbe sample from Xanthomonas vasicola pv. musacearum; Genome sequencing of X. vasicola pv. musacearum NCPPB 2251; Xcm NCPPB 2251	NCPPB 2251	ncppb_number	10	9	1	0		0		0		0		non_xanthomonas_organism:9; query_returned_no_biosample_records:1	confirmed_biosample_match	confirmed_current_algorithmic_match	At least one accepted BioSample match and no current high-priority review flag.
NCPPB 2255	Xanthomonas phaseoli pv. syngonii (Dickey & Zumoff 1987) Constantin et al. 2016 comb. nov.	X. campestris pv. vitians	The donor reference is 068-1406		IS 068-1406			IS 068-1406	no	0						1	0	1	0		0		0		0		query_returned_no_biosample_records:1	no_confirmed_match_yet	no_confirmed_biosample_match	No accepted BioSample match in the current local-evidence filter output.
NCPPB 2257	Xanthomonas albilineans (Ashby 1929) Dowson 1943	Xanthomonas albilineans	The donor reference is X32		X 32	X 32		X 32	no	0						101	100	1	0		0		0		0		non_xanthomonas_organism:100; query_returned_no_biosample_records:1	no_confirmed_match_yet	no_confirmed_biosample_match	No accepted BioSample match in the current local-evidence filter output.
NCPPB 2258	Xanthomonas albilineans (Ashby 1929) Dowson 1943	Xanthomonas albilineans	The donor reference is X42		X 42	X 42		X 42	no	0						101	100	1	0		0		0		0		non_xanthomonas_organism:100; query_returned_no_biosample_records:1	no_confirmed_match_yet	no_confirmed_biosample_match	No accepted BioSample match in the current local-evidence filter output.
NCPPB 2269	Xanthomonas hortorum pv. pelargonii (Brown 1923) Vauterin et al. 1995	Xanthomonas pelargonii	This isolate was isolated by M.J. Dervish 1356/2		DERVISH 1356/2	DERVISH 1356/2		DERVISH 1356/2	no	0						2	0	2	0		0		0		0		query_returned_no_biosample_records:2	no_confirmed_match_yet	no_confirmed_biosample_match	No accepted BioSample match in the current local-evidence filter output.
NCPPB 2297	Xanthomonas sp. Dowson 1939	Flavobacterium sp.	This isolate was isolated by F.W. Catton 85/68		CATTON 85/68	CATTON 85/68		CATTON 85/68	no	0						2	0	2	0		0		0		0		query_returned_no_biosample_records:2	no_confirmed_match_yet	no_confirmed_biosample_match	No accepted BioSample match in the current local-evidence filter output.
NCPPB 2336	Xanthomonas hortorum pv. hederae (Arnaud 1920) Vauterin et al. 1995	Xanthomonas hederae	This isolate was isolated by F.W. Catton C721		C 721	C 721		C 721	no	0						101	100	1	0		0		0		0		non_xanthomonas_organism:100; query_returned_no_biosample_records:1	no_confirmed_match_yet	no_confirmed_biosample_match	No accepted BioSample match in the current local-evidence filter output.
NCPPB 2337	Xanthomonas dyei pv. eucalypti (Truman 1974) Young et al. 2010		The donor reference is B63 This isolate is also in the collections; ICPB XE104, ICMP 5382, CFBP 7270, LMG 700	ICMP 5382; CFBP 7270; LMG 700	ICPB XE104; ICMP 5382; CFBP 7270; LMG 700; B 63; XE 104	ICPB XE104; ICMP 5382; CFBP 7270; LMG 700; B 63; XE 104	ICPB XE104; ICMP 5382; CFBP 7270; LMG 700	B 63	yes	1	SAMN22555462	Xanthomonas dyei pv. eucalypti	Microbe sample from Xanthomonas dyei pv. eucalypti	NCPPB 2337	ncppb_number	105	101	4	0		0		0		0		non_xanthomonas_organism:101; query_returned_no_biosample_records:4	confirmed_biosample_match	confirmed_current_algorithmic_match	At least one accepted BioSample match and no current high-priority review flag.
NCPPB 2338	Xanthomonas dyei pv. eucalypti (Truman 1974) Young et al. 2010		The donor reference is B99 This isolate is also in the collections; ICPB XE105		ICPB XE105; B 99; XE 105	ICPB XE105; B 99; XE 105	ICPB XE105	B 99	yes	1	SAMN56511369	Xanthomonas dyei pv. eucalypti	Genome sequencing of Xanthomonas NCPPB 2338	NCPPB 2338	ncppb_number	102	101	1	0		0		0		0		non_xanthomonas_organism:101; query_returned_no_biosample_records:1	confirmed_biosample_match	confirmed_current_algorithmic_match	At least one accepted BioSample match and no current high-priority review flag.
NCPPB 2345	Xanthomonas campestris (Pammel 1895) Dowson 1939	Xanthomonas sp.	This isolate was isolated by J. Oxtoby A218		A 218	A 218		A 218	yes	1	SAMN22552837	Xanthomonas campestris	Microbe sample from Xanthomonas campestris	NCPPB 2345	ncppb_number	14	14	0	0		0		0		0		non_xanthomonas_organism:14	confirmed_biosample_match	confirmed_current_algorithmic_match	At least one accepted BioSample match and no current high-priority review flag.
NCPPB 2346	Xanthomonas phaseoli pv. passiflorae (Pereira 1969) Harrison et al. 2023		This isolate is also in the collections; ICMP 3151, LMG 810 This isolate was isolated by A.L.G. Pereira SBF-813	ICMP 3151; LMG 810	ICMP 3151; LMG 810; SBF 813	ICMP 3151; LMG 810; SBF 813	ICMP 3151; LMG 810		yes	1	SAMN19988995	Xanthomonas campestris pv. passiflorae	Microbe sample from Xanthomonas campestris pv. passiflorae	NCPPB 2346	ncppb_number	3	0	3	0		0		0		0		query_returned_no_biosample_records:3	confirmed_biosample_match	confirmed_current_algorithmic_match	At least one accepted BioSample match and no current high-priority review flag.
NCPPB 2352	Xanthomonas axonopodis pv. maculifoliigardeniae (Ark & Barrett 1946) Vauterin et al. 1995	Xanthomonas maculifoliigardeniae Ark & Barrett 1946	This isolate was isolated by J.W. Miller 069-3050		MILLER 069-3050	MILLER 069-3050		MILLER 069-3050	yes	2	SAMN42284549	Xanthomonas axonopodis pv. maculifoliigardeniae	Genome sequencing of Xanthomonas axonopodis pv. maculifoliigardeniae (Ark & Barrett 1946) Vauterin et al. 1995 NCPPB 2352	NCPPB 2352	ncppb_number	0	0	0	0		0		0		0			confirmed_biosample_match	confirmed_current_algorithmic_match	At least one accepted BioSample match and no current high-priority review flag.
NCPPB 2368	Xanthomonas axonopodis pv. pedalii (Patel & Jindal 1972) Vauterin et al. 1995	Xanthomonas pedalii Patel & Jindal 1972	The donor reference is XPEl This isolate is also in the collections; ICMP 3030, LMG 812 This isolate was isolated by ex J.K. Jindal	ICMP 3030; LMG 812	ICMP 3030; LMG 812	ICMP 3030; LMG 812	ICMP 3030; LMG 812		yes	1	SAMN42280123	Xanthomonas axonopodis pv. pedalii	Genome sequencing of Xanthomonas axonopodis pv. pedalii (Patel & Jindal 1972) Vauterin et al. 1995 NCPPB 2368	NCPPB 2368	ncppb_number	2	0	2	0		0		0		0		query_returned_no_biosample_records:2	confirmed_biosample_match	confirmed_current_algorithmic_match	At least one accepted BioSample match and no current high-priority review flag.
NCPPB 2369	Xanthomonas axonopodis pv. ricini (Yoshi & Takimoto 1928) Vauterin et al. 1995	X. ricinicola	The donor reference is XRI This isolate was isolated by ex J.K. Jindal						yes	1	SAMN42178445	Xanthomonas axonopodis pv. ricini	Genome sequencing of Xanthomonas campestris pv. ricini NCPPB 2369	NCPPB 2369	ncppb_number	0	0	0	0		0		0		0			confirmed_biosample_match	confirmed_current_algorithmic_match	At least one accepted BioSample match and no current high-priority review flag.
NCPPB 2370	Xanthomonas euvesicatoria pv. heliotropii (Sabet et al.1969) Harrison et al. 2023	X. heliotropii Jindal & Patel, probably a later homonym.	The donor reference is XH1 This isolate was isolated by ex J.K. Jindal		XH 1	XH 1			no	0						101	100	1	0		0		0		0		non_xanthomonas_organism:100; query_returned_no_biosample_records:1	no_confirmed_match_yet	no_confirmed_biosample_match	No accepted BioSample match in the current local-evidence filter output.
NCPPB 2371	Xanthomonas euvesicatoria pv. amorphophalli (Jindal et al. 1972) Constantin et al. 2016 comb. nov.		The donor reference is Xal This isolate is also in the collections; ICMP 3033, LMG 499 This isolate was isolated by ex J.K. Jindal	ICMP 3033; LMG 499	ICMP 3033; LMG 499	ICMP 3033; LMG 499	ICMP 3033; LMG 499		no	0						4	2	2	0		0		0		0		query_returned_no_biosample_records:2; non_xanthomonas_organism:2	no_confirmed_match_yet	no_confirmed_biosample_match	No accepted BioSample match in the current local-evidence filter output.
NCPPB 2372	Xanthomonas euvesicatoria pv. fici (Cavara 1905) Harrison et al. 2023		The donor reference is XFl This isolate is also in the collections; ICMP 3036, LMG 701 This isolate was isolated by ex J.K. Jindal	ICMP 3036; LMG 701	ICMP 3036; LMG 701	ICMP 3036; LMG 701	ICMP 3036; LMG 701		yes	2	SAMN42175581; SAMN19988979	Xanthomonas campestris pv. fici	Genome sequencing of Xanthomonas campestris pv. fici NCPPB 2372; Microbe sample from Xanthomonas campestris pv. fici	NCPPB 2372	ncppb_number	2	1	1	0		0		0		0		query_returned_no_biosample_records:1; non_xanthomonas_organism:1	confirmed_biosample_match	confirmed_current_algorithmic_match	At least one accepted BioSample match and no current high-priority review flag.
NCPPB 2373	Xanthomonas euvesicatoria pv. carissae (Moniz et al. 1964) Harrison et al. 2023		The donor reference is XCl This isolate is also in the collections; ICMP 3034, LMG 669 This isolate was isolated by ex J.K. Jindal	ICMP 3034; LMG 669	ICMP 3034; LMG 669	ICMP 3034; LMG 669	ICMP 3034; LMG 669		yes	1	SAMN19988980	Xanthomonas campestris pv. carissae	Microbe sample from Xanthomonas campestris pv. carissae	NCPPB 2373	ncppb_number	2	0	2	0		0		0		0		query_returned_no_biosample_records:2	confirmed_biosample_match	confirmed_current_algorithmic_match	At least one accepted BioSample match and no current high-priority review flag.
NCPPB 2374	Xanthomonas euvesicatoria pv. carissae (Moniz et al. 1964) Harrison et al. 2023		The donor reference is XC2 This isolate was isolated by ex J.K. Jindal		XC 2	XC 2			no	0						101	94	1	0		6	SAMN17198920; SAMN17198911; SAMN17198909; SAMN17198905; SAMN17198901; SAMN17198897	6	SAMN17198897; SAMN17198901; SAMN17198905; SAMN17198909; SAMN17198911; SAMN17198920	0		non_xanthomonas_organism:94; no_exact_strain_identifier_match:6; query_returned_no_biosample_records:1	manual_review_required	P3_taxon_only_review	Target-taxon BioSample candidates exist but no exact strain identifier was found.
NCPPB 2375	Xanthomonas axonopodis pv. axonopodis Starr & Garces 1950	Xanthomonas axonopodis Starr & Garces 1950	This isolate is also in the collections; W.J. Dowson 265 This isolate was isolated by ex M.P. Starr XA113		DOWSON 265; XA 113	DOWSON 265; XA 113		DOWSON 265	no	0						3	1	2	0		0		0		0		query_returned_no_biosample_records:2; non_xanthomonas_organism:1	no_confirmed_match_yet	no_confirmed_biosample_match	No accepted BioSample match in the current local-evidence filter output.
NCPPB 2376	Xanthomonas axonopodis pv. axonopodis Starr & Garces 1950	Xanthomonas axonopodis Starr & Garces 1950	This isolate is also in the collections; W.J. Dowson 266 This isolate was isolated by ex M.P. Starr XA115		DOWSON 266; XA 115	DOWSON 266; XA 115		DOWSON 266	no	0						3	0	3	0		0		0		0		query_returned_no_biosample_records:3	no_confirmed_match_yet	no_confirmed_biosample_match	No accepted BioSample match in the current local-evidence filter output.
NCPPB 2387	Xanthomonas citri pv. mangiferaeindicae (Patel et al. 1948) Constantin et al. 2016 comb. nov.	Xanthomonas campestris pv. mangiferaeindicae (Patel et al. 1948) Robbs, Ribeiro & Kimura 1974	The donor reference is PM This isolate was isolated by ex G.S. Shekhawat						no	0						1	0	1	0		0		0		0		query_returned_no_biosample_records:1	no_confirmed_match_yet	no_confirmed_biosample_match	No accepted BioSample match in the current local-evidence filter output.
NCPPB 2388	Xanthomonas campestris pv. azadirachtae (Desai et al.1966) Dye 1978		The donor reference is PA This isolate is also in the collections; ICMP 3102, LMG 543 This isolate was isolated by ex J.K. Jindal	ICMP 3102; LMG 543	ICMP 3102; LMG 543	ICMP 3102; LMG 543	ICMP 3102; LMG 543		no	0						4	2	2	0		0		0		0		query_returned_no_biosample_records:2; non_xanthomonas_organism:2	no_confirmed_match_yet	no_confirmed_biosample_match	No accepted BioSample match in the current local-evidence filter output.
NCPPB 2389	Xanthomonas translucens pv. translucens (Jones et al. 1917) Vauterin et al. 1995	X. translucens f. sp. hordei	The donor reference is B5 This isolate is also in the collections; ICMP 5735 This isolate was isolated by ex G.S. Shekhawat	ICMP 5735	ICMP 5735; B 5	ICMP 5735; B 5	ICMP 5735	B 5	no	0						102	100	2	0		0		0		0		non_xanthomonas_organism:100; query_returned_no_biosample_records:2	no_confirmed_match_yet	no_confirmed_biosample_match	No accepted BioSample match in the current local-evidence filter output.
NCPPB 2393	Xanthomonas euvesicatoria pv. alfalfae (ex Riker et al. 1935) Constantin et al. 2016 comb. nov.	X. phaseoli f. sp. alfalfae	This isolate was isolated by T. Tominaga Xl-6-1		XL 6-1	XL 6-1		XL 6-1	no	0						101	100	1	0		0		0		0		non_xanthomonas_organism:100; query_returned_no_biosample_records:1	no_confirmed_match_yet	no_confirmed_biosample_match	No accepted BioSample match in the current local-evidence filter output.
NCPPB 2417	Xanthomonas vasicola pv. holcicola (Elliott 1930) Vauterin et al. 1995	Xanthomonas holcicola Elliott 1930	The donor reference is YW5 This isolate is also in the collections; ICMP 3103, LMG 736, CFBP 2543 This isolate was isolated by ex D.R.W. Watson	ICMP 3103; LMG 736; CFBP 2543	ICMP 3103; LMG 736; CFBP 2543; YW 5	ICMP 3103; LMG 736; CFBP 2543; YW 5	ICMP 3103; LMG 736; CFBP 2543		yes	3	SAMN36358005; SAMN03140148; SAMN05560344	Xanthomonas vasicola	NCPPB 2417; Microbe sample from Xanthomonas vasicola; Microbe sample from Xanthomonas vasicola pv. holcicola CFBP2543	NCPPB 2417; CFBP 2543	ncppb_number; other_reference_identifier	102	101	1	0		0		0		0		non_xanthomonas_organism:101; query_returned_no_biosample_records:1	confirmed_biosample_match	confirmed_current_algorithmic_match	At least one accepted BioSample match and no current high-priority review flag.
NCPPB 2436	Xanthomonas campestris pv. arracaciae (Pereira et al.1971) Dye 1978		The donor reference is VMl This isolate is also in the collections; ICMP 3518, LMG 536 This isolate was isolated by ex A.L.G. Pereira SBF-913	ICMP 3518; LMG 536	ICMP 3518; LMG 536; SBF 913	ICMP 3518; LMG 536; SBF 913	ICMP 3518; LMG 536		no	0						4	2	2	0		0		0		0		non_xanthomonas_organism:2; query_returned_no_biosample_records:2	no_confirmed_match_yet	no_confirmed_biosample_match	No accepted BioSample match in the current local-evidence filter output.
NCPPB 2438	Xanthomonas citri pv. mangiferaeindicae (Patel et al. 1948) Constantin et al. 2016 comb. nov.	Xanthomonas campestris pv. mangiferaeindicae (Patel et al. 1948) Robbs, Ribeiro & Kimura 1974	This isolate was isolated by N.M. Viljoen 2UP87		VILJOEN 2UP87	VILJOEN 2UP87		VILJOEN 2UP87	no	0						2	0	2	0		0		0		0		query_returned_no_biosample_records:2	no_confirmed_match_yet	no_confirmed_biosample_match	No accepted BioSample match in the current local-evidence filter output.
NCPPB 2439	Xanthomonas campestris pv. zinniae (Hopkins & Dowson 1949) Dye 1978		This isolate is also in the collections; ICMP 5762, LMG 8692 This isolate was isolated by A.C. Hayward 0365	ICMP 5762; LMG 8692	ICMP 5762; LMG 8692; HAYWARD 0365	ICMP 5762; LMG 8692; HAYWARD 0365	ICMP 5762; LMG 8692	HAYWARD 0365	yes	2	SAMN56511370; SAMN22555466	Xanthomonas campestris pv. zinniae	Genome sequencing of Xanthomonas NCPPB 2439; Microbe sample from Xanthomonas campestris pv. zinniae	NCPPB 2439	ncppb_number	3	0	3	0		0		0		0		query_returned_no_biosample_records:3	confirmed_biosample_match	confirmed_current_algorithmic_match	At least one accepted BioSample match and no current high-priority review flag.
NCPPB 2443	Xanthomonas phaseoli pv. manihotis (Bondar 1912) Constantin et al. 2016 comb. nov.	Cassava blight Bacterium	This isolate was isolated by J.C. Lozano 23L		LOZANO 23L	LOZANO 23L		LOZANO 23L	no	0						2	0	2	0		0		0		0		query_returned_no_biosample_records:2	no_confirmed_match_yet	no_confirmed_biosample_match	No accepted BioSample match in the current local-evidence filter output.
NCPPB 2444	Xanthomonas phaseoli pv. manihotis (Bondar 1912) Constantin et al. 2016 comb. nov.	Cassava blight Bacterium	This isolate was isolated by J.C. Lozano 30L		LOZANO 30L	LOZANO 30L		LOZANO 30L	no	0						2	0	2	0		0		0		0		query_returned_no_biosample_records:2	no_confirmed_match_yet	no_confirmed_biosample_match	No accepted BioSample match in the current local-evidence filter output.
NCPPB 2446	Xanthomonas oryzae pv. oryzae (Ishiyama 1922) Swings et al. 1990	Xanthomonas oryzae	The donor reference is B5000 This isolate was isolated by ex S. Yoshimura The source of this isolate was ex R.T.V. Fox ex Mizukami H5809		B 5000; H 5809	B 5000; H 5809		B 5000; H 5809	no	0						104	103	1	0		0		0		0		non_xanthomonas_organism:103; query_returned_no_biosample_records:1	no_confirmed_match_yet	no_confirmed_biosample_match	No accepted BioSample match in the current local-evidence filter output.
NCPPB 2475	Xanthomonas campestris pv. viticola (Nayudu 1972) Dye 1978		This isolate is also in the collections; ICMP 3867, LMG 965 This isolate was isolated by M.V. Nayudu 0307	ICMP 3867; LMG 965	ICMP 3867; LMG 965; NAYUDU 0307	ICMP 3867; LMG 965; NAYUDU 0307	ICMP 3867; LMG 965	NAYUDU 0307	yes	2	SAMN26688428; SAMEA3139044	Xanthomonas citri pv. viticola	Microbe sample from Xanthomonas citri pv. viticola; GCA_000723725	LMG 965	other_reference_identifier	3	0	3	0		0		0		0		query_returned_no_biosample_records:3	confirmed_biosample_match	confirmed_current_algorithmic_match	At least one accepted BioSample match and no current high-priority review flag.
NCPPB 2490	Xanthomonas campestris pv. vitiswoodrowii (Patel & Kulkarni 1951) Dye 1978		The donor reference is B4929 This isolate was isolated by ex J. Subbayya		B 4929	B 4929		B 4929	no	0						15	14	1	0		0		0		0		non_xanthomonas_organism:14; query_returned_no_biosample_records:1	no_confirmed_match_yet	no_confirmed_biosample_match	No accepted BioSample match in the current local-evidence filter output.
NCPPB 2492	Xanthomonas euvesicatoria pv. clerodendri (Patel et al. 1952) Harrison et al. 2023		This isolate was isolated by J.F. Bradbury B4568b		B 4568B	B 4568B		B 4568B	no	0						2	0	2	0		0		0		0		query_returned_no_biosample_records:2	no_confirmed_match_yet	no_confirmed_biosample_match	No accepted BioSample match in the current local-evidence filter output.
NCPPB 2493	Sphingomonas paucimobilis (Holmes et al.1977) Yabuchi et al. 1990	Xanthomonas campestris pv. Cucurbitae	This isolate was isolated by J.F. Bradbury B4487		B 4487	B 4487		B 4487	no	0						11	10	1	0		0		0		0		non_xanthomonas_organism:10; query_returned_no_biosample_records:1	no_confirmed_match_yet	no_confirmed_biosample_match	No accepted BioSample match in the current local-evidence filter output.
NCPPB 2494	Xanthomonas axonopodis pv. cyamopsidis (Patel et al.1953) Vauterin et al. 1995	Xanthomonas cyamopsidis Patel et al.1953	The donor reference is B5017 The source of this isolate was ex S.V. Hegde Guar 1		B 5017; GUAR 1	B 5017; GUAR 1		B 5017	yes	1	SAMN42180197	Xanthomonas axonopodis pv. cyamopsidis	Genome sequencing of Xanthomonas axonopodis pv. cyamopsidis NCPPB 2494	NCPPB 2494	ncppb_number	130	130	0	0		0		0		0		non_xanthomonas_organism:130	confirmed_biosample_match	confirmed_current_algorithmic_match	At least one accepted BioSample match and no current high-priority review flag.
NCPPB 2495	Xanthomonas citri pv. malvacearum (Smith 1901) Constantin et al. 2016 comb. nov.	Xanthomonas malvacearum (Smith 1901) Dowson 1939	This isolate was isolated by J.F. Bradbury B4687		B 4687	B 4687		B 4687	no	0						15	14	1	0		0		0		0		non_xanthomonas_organism:14; query_returned_no_biosample_records:1	no_confirmed_match_yet	no_confirmed_biosample_match	No accepted BioSample match in the current local-evidence filter output.
NCPPB 2496	Xanthomonas euvesicatoria pv. sesami (Sabet & Dowson 1960) Constantin et al. 2016 comb. nov.		The donor reference is B5078 The source of this isolate was ex H.K. Saksena		B 5078	B 5078		B 5078	no	0						21	20	1	0		0		0		0		non_xanthomonas_organism:20; query_returned_no_biosample_records:1	no_confirmed_match_yet	no_confirmed_biosample_match	No accepted BioSample match in the current local-evidence filter output.
NCPPB 2497	Xanthomonas sp. Dowson 1939		The donor reference is B4539 The source of this isolate was ex V.P. Rao ex M.J. Chacko		B 4539	B 4539		B 4539	no	0						101	100	1	0		0		0		0		non_xanthomonas_organism:100; query_returned_no_biosample_records:1	no_confirmed_match_yet	no_confirmed_biosample_match	No accepted BioSample match in the current local-evidence filter output.
NCPPB 2498	Xanthomonas euvesicatoria pv. convolvuli (Nagarkoti et al.1973) Harrison et al. 2023	Xanthomonas sp	This isolate is also in the collections; ICMP 5380, LMG 685 This isolate was isolated by J.F. Bradbury B5081	ICMP 5380; LMG 685	ICMP 5380; LMG 685; B 5081	ICMP 5380; LMG 685; B 5081	ICMP 5380; LMG 685	B 5081	yes	1	SAMN19988981	Xanthomonas campestris pv. convolvuli	Microbe sample from Xanthomonas campestris pv. convolvuli	NCPPB 2498	ncppb_number	6	4	2	0		0		0		0		non_xanthomonas_organism:4; query_returned_no_biosample_records:2	confirmed_biosample_match	confirmed_current_algorithmic_match	At least one accepted BioSample match and no current high-priority review flag.
NCPPB 2499	Xanthomonas citri pv. aracearum (Berniac 1974) Constantin et al. 2016 comb. nov.		This isolate was isolated by J.F. Bradbury B4542		B 4542	B 4542		B 4542	no	0						20	19	1	0		0		0		0		non_xanthomonas_organism:19; query_returned_no_biosample_records:1	no_confirmed_match_yet	no_confirmed_biosample_match	No accepted BioSample match in the current local-evidence filter output.
NCPPB 2503	Xanthomonas albilineans (Ashby 1929) Dowson 1943	Xanthomonas albilineans	This isolate was isolated by ex J.A. Spence The source of this isolate was ex A. Hayward						no	0						1	0	1	0		0		0		0		query_returned_no_biosample_records:1	no_confirmed_match_yet	no_confirmed_biosample_match	No accepted BioSample match in the current local-evidence filter output.
NCPPB 2517	Xanthomonas campestris (Pammel 1895) Dowson 1939	Xanthomonas campestris pv. campestris (Pammel 1895) Dowson 1939	This isolate was isolated by L.A.E. Baker 507		BAKER 507	BAKER 507		BAKER 507	yes	1	SAMN36368330	Xanthomonas campestris pv. campestris	Genome sequencing of Xcc WHRI5219 (NCPPB 2517)	NCPPB 2517	ncppb_number	4	4	0	0		0		0		0		non_xanthomonas_organism:4	confirmed_biosample_match	confirmed_current_algorithmic_match	At least one accepted BioSample match and no current high-priority review flag.
NCPPB 2550	Xanthomonas phaseoli pv. manihotis (Bondar 1912) Constantin et al. 2016 comb. nov.	Xanthomonas manihotis (Berthet & Bondar 1915) Starr 1946	The donor reference is IBSP-124		IBSP 124	IBSP 124	IBSP 124		no	0						2	0	2	0		0		0		0		query_returned_no_biosample_records:2	no_confirmed_match_yet	no_confirmed_biosample_match	No accepted BioSample match in the current local-evidence filter output.
NCPPB 2567	Xanthomonas cucurbitae (ex Bryan 1926) Vauterin et al. 1995	Xanthomonas cucurbitae	This isolate is also in the collections; ICMP 203, LMG 7479, ATCC 23378 This isolate was isolated by M. K. Bryan The source of this isolate was ex ICPB XC6 ex P.R. Burkholder ex M.K. Bryan 46	ICMP 203; LMG 7479; ATCC 23378	ICMP 203; LMG 7479; ATCC 23378; ICPB XC6; XC 6; BRYAN 46	ICMP 203; LMG 7479; ATCC 23378; ICPB XC6; XC 6; BRYAN 46	ICMP 203; LMG 7479; ATCC 23378; ICPB XC6	BRYAN 46	yes	1	SAMN10290145	Xanthomonas cucurbitae	Microbe sample from Xanthomonas cucurbitae	ATCC 23378	other_reference_identifier	105	101	4	0		0		0		0		non_xanthomonas_organism:101; query_returned_no_biosample_records:4	confirmed_biosample_match	confirmed_current_algorithmic_match	At least one accepted BioSample match and no current high-priority review flag.
NCPPB 2572	Xanthomonas vesicatoria (ex Doidge 1920) Vauterin et al. 1995	Xanthomonas vesicatoria (Doidge 1920) Dowson 1939	The donor reference is 555 This isolate was isolated by ex R.E. Stall XV-69-1 The source of this isolate was ex T. Egli		IS 555; XV 69-1	XV 69-1		IS 555	no	0						5	4	1	0		0		0		0		non_xanthomonas_organism:4; query_returned_no_biosample_records:1	no_confirmed_match_yet	no_confirmed_biosample_match	No accepted BioSample match in the current local-evidence filter output.
NCPPB 2573	Xanthomonas euvesicatoria pv. euvesicatoria (Jones et al. 2006) Constantin et al. 2016 comb. nov.	Xanthomonas vesicatoria (Doidge 1920) Dowson 1939	The donor reference is 557 This isolate is also in the collections; LMG 929 This isolate was isolated by ex R.E. Stall XV-69-10 The source of this isolate was ex T. Egli	LMG 929	LMG 929; IS 557; XV 69-10	LMG 929; XV 69-10	LMG 929	IS 557	no	0						3	1	2	0		0		0		0		query_returned_no_biosample_records:2; non_xanthomonas_organism:1	no_confirmed_match_yet	no_confirmed_biosample_match	No accepted BioSample match in the current local-evidence filter output.
NCPPB 2574	Xanthomonas euvesicatoria pv. euvesicatoria (Jones et al. 2006) Constantin et al. 2016 comb. nov.	Xanthomonas vesicatoria (Doidge 1920) Dowson 1939	The donor reference is 558 This isolate is also in the collections; LMG 930 This isolate was isolated by ex R.E. Stall XV-69-23 The source of this isolate was ex T. Egli	LMG 930	LMG 930; IS 558; XV 69-23	LMG 930; XV 69-23	LMG 930	IS 558	no	0						3	1	2	0		0		0		0		query_returned_no_biosample_records:2; non_xanthomonas_organism:1	no_confirmed_match_yet	no_confirmed_biosample_match	No accepted BioSample match in the current local-evidence filter output.
NCPPB 2575	Xanthomonas euvesicatoria pv. euvesicatoria (Jones et al. 2006) Constantin et al. 2016 comb. nov.	Xanthomonas vesicatoria (Doidge 1920) Dowson 1939	The donor reference is 560 This isolate is also in the collections; LMG 931 This isolate was isolated by ex R.E. Stall XV-69-13 The source of this isolate was ex T. Egli	LMG 931	LMG 931; IS 560; XV 69-13	LMG 931; XV 69-13	LMG 931	IS 560	no	0						3	0	3	0		0		0		0		query_returned_no_biosample_records:3	no_confirmed_match_yet	no_confirmed_biosample_match	No accepted BioSample match in the current local-evidence filter output.
NCPPB 2576	Xanthomonas vesicatoria (ex Doidge 1920) Vauterin et al. 1995	Xanthomonas vesicatoria (Doidge 1920) Dowson 1939	The donor reference is 561 This isolate was isolated by ex R.E. Stall XV-E-3 The source of this isolate was ex T. Egli		IS 561; XV-E 3; E 3	XV-E 3; E 3		IS 561; E 3	no	0						133	132	1	0		0		0		0		non_xanthomonas_organism:132; query_returned_no_biosample_records:1	no_confirmed_match_yet	no_confirmed_biosample_match	No accepted BioSample match in the current local-evidence filter output.
NCPPB 2586	Xanthomonas sp. Dowson 1939		This isolate was isolated by S. Vir						yes	2	SAMN42161505; SAMN22552828	Xanthomonas sp. NCPPB 2586; Xanthomonas campestris	Genome sequencing of Xanthomonas sp. NCPPB 2586; Microbe sample from Xanthomonas campestris	NCPPB 2586	ncppb_number	0	0	0	0		0		0		0			confirmed_biosample_match	confirmed_current_algorithmic_match	At least one accepted BioSample match and no current high-priority review flag.
NCPPB 2587	Xanthomonas arboricola pv. pruni (Smith 1903) Vauterin et al. 1995	Xanthomonas pruni	This isolate was isolated by F.N. Matthee;						no	0						1	0	1	0		0		0		0		query_returned_no_biosample_records:1	no_confirmed_match_yet	no_confirmed_biosample_match	No accepted BioSample match in the current local-evidence filter output.
NCPPB 2588	Xanthomonas arboricola pv. pruni (Smith 1903) Vauterin et al. 1995	Xanthomonas pruni	This isolate was isolated by F.N. Matthee						no	0						1	0	1	0		0		0		0		query_returned_no_biosample_records:1	no_confirmed_match_yet	no_confirmed_biosample_match	No accepted BioSample match in the current local-evidence filter output.
NCPPB 2592	Xanthomonas euvesicatoria pv. betae (Robbs et al. 1981) Constantin et al. 2016 comb. nov.	X. campestris f. sp. betae.	The donor reference is ENA-2078 This isolate is also in the collections; ICMP 8917, LMG 9040	ICMP 8917; LMG 9040	ICMP 8917; LMG 9040; ENA 2078	ICMP 8917; LMG 9040; ENA 2078	ICMP 8917; LMG 9040		no	0						11	8	3	0		0		0		0		non_xanthomonas_organism:8; query_returned_no_biosample_records:3	no_confirmed_match_yet	no_confirmed_biosample_match	No accepted BioSample match in the current local-evidence filter output.
NCPPB 2593	Xanthomonas euvesicatoria pv. euvesicatoria (Jones et al. 2006) Constantin et al. 2016 comb. nov.	Xanthomonas vesicatoria (Doidge 1920) Dowson 1939	This isolate is also in the collections; LMG 932 This isolate was isolated by C.F. Robbs ENA-804 The source of this isolate was ex O. Kimura	LMG 932	LMG 932; ENA 804	LMG 932; ENA 804	LMG 932		no	0						102	101	1	0		0		0		0		non_xanthomonas_organism:101; query_returned_no_biosample_records:1	no_confirmed_match_yet	no_confirmed_biosample_match	No accepted BioSample match in the current local-evidence filter output.
NCPPB 2594	Xanthomonas euvesicatoria pv. euvesicatoria (Jones et al. 2006) Constantin et al. 2016 comb. nov.	Xanthomonas vesicatoria (Doidge 1920) Dowson 1939	This isolate is also in the collections; LMG 933 This isolate was isolated by C.F. Robbs ENA-734 The source of this isolate was ex O. Kimura	LMG 933	LMG 933; ENA 734	LMG 933; ENA 734	LMG 933		yes	1	SAMN03177544	Xanthomonas euvesicatoria	Microbe sample from Xanthomonas euvesicatoria	LMG 933	other_reference_identifier	101	100	1	0		0		0		0		non_xanthomonas_organism:100; query_returned_no_biosample_records:1	confirmed_biosample_match	confirmed_current_algorithmic_match	At least one accepted BioSample match and no current high-priority review flag.
NCPPB 2595	Xanthomonas vesicatoria (ex Doidge 1920) Vauterin et al. 1995	Xanthomonas vesicatoria (Doidge 1920) Dowson 1939	This isolate was isolated by C.F. Robbs ENA-76		ENA 76	ENA 76			no	0						101	100	1	0		0		0		0		non_xanthomonas_organism:100; query_returned_no_biosample_records:1	no_confirmed_match_yet	no_confirmed_biosample_match	No accepted BioSample match in the current local-evidence filter output.
NCPPB 2597	Xanthomonas cucurbitae (ex Bryan 1926) Vauterin et al. 1995	Xanthomonas cucurbitae	This isolate is also in the collections; ICMP 2299, LMG 690, DSM 18957, CFBP 2542 This isolate was isolated by D.R.W. Watson E78	ICMP 2299; LMG 690; DSM 18957; CFBP 2542	ICMP 2299; LMG 690; DSM 18957; CFBP 2542; E 78	ICMP 2299; LMG 690; DSM 18957; CFBP 2542; E 78	ICMP 2299; LMG 690; DSM 18957; CFBP 2542	E 78	yes	1	SAMN05560221	Xanthomonas cucurbitae	Microbe sample from Xanthomonas cucurbitae CFBP2542	CFBP 2542	other_reference_identifier	104	101	3	0		0		0		0		non_xanthomonas_organism:101; query_returned_no_biosample_records:3	confirmed_biosample_match	confirmed_current_algorithmic_match	At least one accepted BioSample match and no current high-priority review flag.
NCPPB 2605	Xanthomonas axonopodis pv. begoniae (Takimoto 1934) Vauterin et al. 1995	Xanthomonas begoniae Takimoto 1934	This isolate was isolated by P. Roberts A493		A 493	A 493		A 493	no	0						3	2	1	0		0		0		0		non_xanthomonas_organism:2; query_returned_no_biosample_records:1	no_confirmed_match_yet	no_confirmed_biosample_match	No accepted BioSample match in the current local-evidence filter output.
NCPPB 2614	Xanthomonas campestris pv. viticola (Nayudu 1972) Dye 1978		The donor reference is NU2 This isolate was isolated by ex M.V. Nayudu 0302 The source of this isolate was ex ICMP 3865	ICMP 3865	ICMP 3865; NU 2; NAYUDU 0302	ICMP 3865; NU 2; NAYUDU 0302	ICMP 3865	NAYUDU 0302	no	0						103	100	3	0		0		0		0		non_xanthomonas_organism:100; query_returned_no_biosample_records:3	no_confirmed_match_yet	no_confirmed_biosample_match	No accepted BioSample match in the current local-evidence filter output.
NCPPB 2615	Xanthomonas campestris pv. viticola (Nayudu 1972) Dye 1978		The donor reference is NU3 This isolate was isolated by ex M.V. Nyaudu 0305		NU 3; NYAUDU 0305	NU 3; NYAUDU 0305		NYAUDU 0305	no	0						102	100	2	0		0		0		0		non_xanthomonas_organism:100; query_returned_no_biosample_records:2	no_confirmed_match_yet	no_confirmed_biosample_match	No accepted BioSample match in the current local-evidence filter output.
NCPPB 2616	Xanthomonas campestris pv. viticola (Nayudu 1972) Dye 1978		The donor reference is NU5 This isolate was isolated by ex M.V. Nayaudu 0309		NU 5; NAYAUDU 0309	NU 5; NAYAUDU 0309		NAYAUDU 0309	no	0						102	100	2	0		0		0		0		non_xanthomonas_organism:100; query_returned_no_biosample_records:2	no_confirmed_match_yet	no_confirmed_biosample_match	No accepted BioSample match in the current local-evidence filter output.
NCPPB 2632	Xanthomonas sp. Dowson 1939	X. begoniae	This isolate was isolated by B. Austin D119		D 119	D 119		D 119	yes	1	SAMN42161506	Xanthomonas sp. NCPPB 2632	Genome sequencing of Xanthomonas begoniae NCPPB 2632	NCPPB 2632	ncppb_number	100	100	0	0		0		0		0		non_xanthomonas_organism:100	confirmed_biosample_match	confirmed_current_algorithmic_match	At least one accepted BioSample match and no current high-priority review flag.
NCPPB 2649	Xanthomonas vasicola pv. arecae (Rao & Mohan 1970) Dye 1978. emend. Studholme et al., 2020		This isolate is also in the collections; ICMP 5719, LMG 533 This isolate was isolated by S.K. Mohan	ICMP 5719; LMG 533	ICMP 5719; LMG 533	ICMP 5719; LMG 533	ICMP 5719; LMG 533		yes	1	SAMN03140274	Xanthomonas vasicola pv. arecae	Microbe sample from Xanthomonas vasicola pv. arecae	NCPPB 2649	ncppb_number	3	2	1	0		0		0		0		non_xanthomonas_organism:2; query_returned_no_biosample_records:1	confirmed_biosample_match	confirmed_current_algorithmic_match	At least one accepted BioSample match and no current high-priority review flag.
NCPPB 2654	Xanthomonas sp. Dowson 1939		This isolate was isolated by F.W. Catton C783		C 783	C 783		C 783	yes	2	SAMN42161507; SAMN35699823	Xanthomonas sp. NCPPB 2654	Genome sequencing of Xanthomonas sp. NCPPB 2654; Microbe sample from Xanthomonas sp. NCPPB 2654	NCPPB 2654	ncppb_number	100	100	0	0		0		0		0		non_xanthomonas_organism:100	confirmed_biosample_match	confirmed_current_algorithmic_match	At least one accepted BioSample match and no current high-priority review flag.
NCPPB 2665	Xanthomonas citri pv. fuscans (Schaad et al. 2007) Constantin et al. 2016 comb. nov.	Xanthomonas phaseoli (Smith 1897) Dowson 1939	The donor reference is IPV-BO 193 This isolate is also in the collections; LMG 841 The source of this isolate was ex D. Alberto IPV BO 193	LMG 841	LMG 841; IPV-BO 193; BO 193	LMG 841; IPV-BO 193; BO 193	LMG 841		yes	1	SAMN03142403	Xanthomonas citri pv. fuscans	Microbe sample from Xanthomonas citri pv. fuscans	NCPPB 2665	ncppb_number	10	8	2	0		0		0		0		non_xanthomonas_organism:8; query_returned_no_biosample_records:2	confirmed_biosample_match	confirmed_current_algorithmic_match	At least one accepted BioSample match and no current high-priority review flag.
NCPPB 2695	Xanthomonas graminis pv. graminis Tambong et al. 2024	Xanthomonas graminis Egli et al. 1975	This isolate was isolated by ex D. Schmidt						no	0						1	0	1	0		0		0		0		query_returned_no_biosample_records:1	no_confirmed_match_yet	no_confirmed_biosample_match	No accepted BioSample match in the current local-evidence filter output.
NCPPB 2696	Xanthomonas graminis pv. graminis Tambong et al. 2024	Xanthomonas graminis Egli et al. 1975	This isolate was isolated by T. Egli 702		EGLI 702	EGLI 702		EGLI 702	no	0						2	0	2	0		0		0		0		query_returned_no_biosample_records:2	no_confirmed_match_yet	no_confirmed_biosample_match	No accepted BioSample match in the current local-evidence filter output.
NCPPB 2697	Xanthomonas graminis pv. graminis Tambong et al. 2024	Xanthomonas graminis Egli et al. 1975	This isolate was isolated by T. Egli 703		EGLI 703	EGLI 703		EGLI 703	no	0						2	0	2	0		0		0		0		query_returned_no_biosample_records:2	no_confirmed_match_yet	no_confirmed_biosample_match	No accepted BioSample match in the current local-evidence filter output.
NCPPB 2698	Xanthomonas graminis pv. graminis Tambong et al. 2024	Xanthomonas graminis Egli et al. 1975	This isolate was isolated by T. Egli 704		EGLI 704	EGLI 704		EGLI 704	no	0						2	0	2	0		0		0		0		query_returned_no_biosample_records:2	no_confirmed_match_yet	no_confirmed_biosample_match	No accepted BioSample match in the current local-evidence filter output.
NCPPB 2699	Xanthomonas graminis pv. arrhenatheri Tambong et al. 2024	Xanthomonas graminis	This isolate was isolated by T. Egli 705		EGLI 705	EGLI 705		EGLI 705	no	0						2	0	2	0		0		0		0		query_returned_no_biosample_records:2	no_confirmed_match_yet	no_confirmed_biosample_match	No accepted BioSample match in the current local-evidence filter output.
NCPPB 2700	Xanthomonas graminis pv. graminis Tambong et al. 2024	Xanthomonas graminis Egli et al. 1975	This isolate is also in the collections; ICMP 5733, LMG 726, ATCC 29091, CFBP 2053 This isolate was isolated by T. Egli 706	ICMP 5733; LMG 726; ATCC 29091; CFBP 2053	ICMP 5733; LMG 726; ATCC 29091; CFBP 2053; EGLI 706	ICMP 5733; LMG 726; ATCC 29091; CFBP 2053; EGLI 706	ICMP 5733; LMG 726; ATCC 29091; CFBP 2053	EGLI 706	yes	2	SAMN18876882; SAMN03892232	Xanthomonas graminis pv. graminis	Xanthomonas translucens pv. graminis LMG 726; Xanthomonas translucens pv. graminis str. CFBP 2053	LMG 726; CFBP 2053	other_reference_identifier	4	0	4	0		0		0		0		query_returned_no_biosample_records:4	confirmed_biosample_match	confirmed_current_algorithmic_match	At least one accepted BioSample match and no current high-priority review flag.
NCPPB 2701	Xanthomonas graminis pv. graminis Tambong et al. 2024	Xanthomonas graminis Egli et al. 1975	This isolate was isolated by T. Egli 707		EGLI 707	EGLI 707		EGLI 707	no	0						2	0	2	0		0		0		0		query_returned_no_biosample_records:2	no_confirmed_match_yet	no_confirmed_biosample_match	No accepted BioSample match in the current local-evidence filter output.
NCPPB 2817	Xanthomonas cerealis pv. cerealis Tambong et al. 2024	Xanthomonas translucens f.sp cerealis Hagborg 1942	The donor reference is 4081		IS 4081			IS 4081	no	0						1	0	1	0		0		0		0		query_returned_no_biosample_records:1	no_confirmed_match_yet	no_confirmed_biosample_match	No accepted BioSample match in the current local-evidence filter output.
NCPPB 2819	Xanthomonas cerealis pv. cerealis Tambong et al. 2024	Xanthomonas translucens f.sp cerealis Hagborg 1942	The donor reference is 4230		IS 4230			IS 4230	no	0						1	0	1	0		0		0		0		query_returned_no_biosample_records:1	no_confirmed_match_yet	no_confirmed_biosample_match	No accepted BioSample match in the current local-evidence filter output.
NCPPB 2820	Xanthomonas translucens pv. translucens (Jones et al. 1917) Vauterin et al. 1995	X. translucens f. sp. hordei	The donor reference is 5262		IS 5262			IS 5262	no	0						1	0	1	0		0		0		0		query_returned_no_biosample_records:1	no_confirmed_match_yet	no_confirmed_biosample_match	No accepted BioSample match in the current local-evidence filter output.
NCPPB 2821	Xanthomonas translucens pv. undulosa (Smith et al. 1919) Vauterin et al. 1995	Xanthomonas translucens f.sp . undulosa Smith et al. 1919	The donor reference is 5523 This isolate is also in the collections; ICMP 5755, LMG 892, ATCC 35935, CFBP 2055	ICMP 5755; LMG 892; ATCC 35935; CFBP 2055	ICMP 5755; LMG 892; ATCC 35935; CFBP 2055; IS 5523	ICMP 5755; LMG 892; ATCC 35935; CFBP 2055	ICMP 5755; LMG 892; ATCC 35935; CFBP 2055	IS 5523	yes	1	SAMN18753780	Xanthomonas translucens pv. undulosa	Xanthomonas translucens pv. undulosa CFBP 2055	CFBP 2055	other_reference_identifier	8	5	3	0		0		0		0		non_xanthomonas_organism:5; query_returned_no_biosample_records:3	confirmed_biosample_match	confirmed_current_algorithmic_match	At least one accepted BioSample match and no current high-priority review flag.
NCPPB 2822	Xanthomonas translucens pv. secalis (Reddy et al. 1924) Vauterin et al. 1995	Xanthomonas translucens f.sp . secalis Reddy et al. 1924	The donor reference is 5558 This isolate is also in the collections; ICMP 5749, LMG 883, CFBP 2539	ICMP 5749; LMG 883; CFBP 2539	ICMP 5749; LMG 883; CFBP 2539; IS 5558	ICMP 5749; LMG 883; CFBP 2539	ICMP 5749; LMG 883; CFBP 2539	IS 5558	yes	1	SAMN18753387	Xanthomonas translucens pv. secalis	Xanthomonas translucens pv. secalis CFBP 2539	CFBP 2539	other_reference_identifier	3	0	3	0		0		0		0		query_returned_no_biosample_records:3	confirmed_biosample_match	confirmed_current_algorithmic_match	At least one accepted BioSample match and no current high-priority review flag.
NCPPB 2825	Xanthomonas translucens pv. undulosa (Smith et al. 1919) Vauterin et al. 1995	Xanthomonas translucens f.sp . undulosa Smith et al. 1919	The donor reference is 5670		IS 5670			IS 5670	no	0						1	0	1	0		0		0		0		query_returned_no_biosample_records:1	no_confirmed_match_yet	no_confirmed_biosample_match	No accepted BioSample match in the current local-evidence filter output.
NCPPB 2826	Xanthomonas translucens pv. undulosa (Smith et al. 1919) Vauterin et al. 1995	Xanthomonas translucens f.sp . undulosa Smith et al. 1919	The donor reference is 5673		IS 5673			IS 5673	no	0						1	0	1	0		0		0		0		query_returned_no_biosample_records:1	no_confirmed_match_yet	no_confirmed_biosample_match	No accepted BioSample match in the current local-evidence filter output.
NCPPB 2827	Xanthomonas cerealis pv. cerealis Tambong et al. 2024	Xanthomonas translucens f.sp cerealis Hagborg 1942	The donor reference is 5690		IS 5690			IS 5690	no	0						1	0	1	0		0		0		0		query_returned_no_biosample_records:1	no_confirmed_match_yet	no_confirmed_biosample_match	No accepted BioSample match in the current local-evidence filter output.
NCPPB 2828	Xanthomonas translucens pv. undulosa (Smith et al. 1919) Vauterin et al. 1995	Xanthomonas translucens f.sp . undulosa Smith et al	The donor reference is 5777		IS 5777			IS 5777	no	0						1	0	1	0		0		0		0		query_returned_no_biosample_records:1	no_confirmed_match_yet	no_confirmed_biosample_match	No accepted BioSample match in the current local-evidence filter output.
NCPPB 2829	Xanthomonas translucens pv. translucens (Jones et al. 1917) Vauterin et al. 1995	X. translucens f. sp. hordei-avenae	The donor reference is 5781		IS 5781			IS 5781	no	0						1	0	1	0		0		0		0		query_returned_no_biosample_records:1	no_confirmed_match_yet	no_confirmed_biosample_match	No accepted BioSample match in the current local-evidence filter output.
NCPPB 2831	Xanthomonas cerealis pv. cerealis Tambong et al. 2024	Xanthomonas translucens f.sp cerealis Hagborg 1942	The donor reference is 5897		IS 5897			IS 5897	no	0						1	0	1	0		0		0		0		query_returned_no_biosample_records:1	no_confirmed_match_yet	no_confirmed_biosample_match	No accepted BioSample match in the current local-evidence filter output.
NCPPB 2832	Xanthomonas citri pv. aracearum (Berniac 1974) Constantin et al. 2016 comb. nov.		This isolate is also in the collections; ICMP 5381, LMG 532 This isolate was isolated by ex M. Beramis	ICMP 5381; LMG 532	ICMP 5381; LMG 532	ICMP 5381; LMG 532	ICMP 5381; LMG 532		yes	1	SAMN42278575	Xanthomonas citri pv. aracearum	Genome sequencing of Xanthomonas citri pv. aracearum (Berniac 1974) Constantin et al. 2016 comb. nov. NCPPB 2832	NCPPB 2832	ncppb_number	2	1	1	0		0		0		0		query_returned_no_biosample_records:1; non_xanthomonas_organism:1	confirmed_biosample_match	confirmed_current_algorithmic_match	At least one accepted BioSample match and no current high-priority review flag.
NCPPB 2834	Xanthomonas citri pv. malvacearum (Smith 1901) Constantin et al. 2016 comb. nov.	Xanthomonas malvacearum (Smith 1901) Dowson 1939	The donor reference is UKP 33 The source of this isolate was ex S.J. Brown		UKP 33	UKP 33			no	0						2	0	2	0		0		0		0		query_returned_no_biosample_records:2	no_confirmed_match_yet	no_confirmed_biosample_match	No accepted BioSample match in the current local-evidence filter output.
NCPPB 2835	Xanthomonas citri pv. malvacearum (Smith 1901) Constantin et al. 2016 comb. nov.	Xanthomonas malvacearum (Smith 1901) Dowson 1939	The donor reference is UKP 37 The source of this isolate was ex S.J. Brown		UKP 37	UKP 37			no	0						2	0	2	0		0		0		0		query_returned_no_biosample_records:2	no_confirmed_match_yet	no_confirmed_biosample_match	No accepted BioSample match in the current local-evidence filter output.
NCPPB 2836	Xanthomonas citri pv. malvacearum (Smith 1901) Constantin et al. 2016 comb. nov.	Xanthomonas malvacearum (Smith 1901) Dowson 1939							no	0						1	0	1	0		0		0		0		query_returned_no_biosample_records:1	no_confirmed_match_yet	no_confirmed_biosample_match	No accepted BioSample match in the current local-evidence filter output.
NCPPB 2837	Xanthomonas citri pv. malvacearum (Smith 1901) Constantin et al. 2016 comb. nov.	Xanthomonas malvacearum (Smith 1901) Dowson 1939	The donor reference is UKP 783 This isolate was isolated by ex D.L. Ebbels		UKP 783	UKP 783			no	0						2	0	2	0		0		0		0		query_returned_no_biosample_records:2	no_confirmed_match_yet	no_confirmed_biosample_match	No accepted BioSample match in the current local-evidence filter output.
NCPPB 2838	Xanthomonas citri pv. malvacearum (Smith 1901) Constantin et al. 2016 comb. nov.	Xanthomonas malvacearum (Smith 1901) Dowson 1939	The donor reference is UKP 765 This isolate was isolated by ex D.L. Ebbels		UKP 765	UKP 765			no	0						2	0	2	0		0		0		0		query_returned_no_biosample_records:2	no_confirmed_match_yet	no_confirmed_biosample_match	No accepted BioSample match in the current local-evidence filter output.
NCPPB 2839	Xanthomonas citri pv. malvacearum (Smith 1901) Constantin et al. 2016 comb. nov.	Xanthomonas malvacearum (Smith 1901) Dowson 1939	The donor reference is UKP 784 This isolate was isolated by ex D.L. Ebbels		UKP 784	UKP 784			no	0						2	0	2	0		0		0		0		query_returned_no_biosample_records:2	no_confirmed_match_yet	no_confirmed_biosample_match	No accepted BioSample match in the current local-evidence filter output.
NCPPB 2840	Xanthomonas citri pv. malvacearum (Smith 1901) Constantin et al. 2016 comb. nov.	Xanthomonas malvacearum (Smith 1901) Dowson 1939	The donor reference is UKP 852		UKP 852	UKP 852			no	0						2	0	2	0		0		0		0		query_returned_no_biosample_records:2	no_confirmed_match_yet	no_confirmed_biosample_match	No accepted BioSample match in the current local-evidence filter output.
NCPPB 2856	Xanthomonas sp. Dowson 1939		This isolate was isolated by F.W. Catton C798		C 798	C 798		C 798	yes	1	SAMN42161508	Xanthomonas sp. NCPPB 2856	Genome sequencing of Xanthomonas sp. NCPPB 2856	NCPPB 2856	ncppb_number	100	100	0	0		0		0		0		non_xanthomonas_organism:100	confirmed_biosample_match	confirmed_current_algorithmic_match	At least one accepted BioSample match and no current high-priority review flag.
NCPPB 2857	Xanthomonas campestris pv. campestris (Pammel 1895) Dowson 1939	Xanthomonas campestris (Pammel 1895) Dowson 1939	This isolate was isolated by W.F. Catton C799		C 799	C 799		C 799	yes	1	SAMN36346974	Xanthomonas campestris pv. campestris	Genome sequencing of Xcc WHRI 6383 (NCPPB 2857)	NCPPB 2857	ncppb_number	100	100	0	0		0		0		0		non_xanthomonas_organism:100	confirmed_biosample_match	confirmed_current_algorithmic_match	At least one accepted BioSample match and no current high-priority review flag.
NCPPB 2859	Stenotrophomonas sp.	Xanthomonas corylina	The source of this isolate was ex D. Massfeller ex R. Hazneci						no	0						1	0	1	0		0		0		0		query_returned_no_biosample_records:1	no_confirmed_match_yet	no_confirmed_biosample_match	No accepted BioSample match in the current local-evidence filter output.
NCPPB 2864	Xanthomonas sp. Dowson 1939		This isolate was isolated by F.W. Catton 211/75/2		CATTON 211/75/2	CATTON 211/75/2		CATTON 211/75/2	yes	2	SAMN42161509	Xanthomonas sp. NCPPB 2864	Genome sequencing of Xanthomonas sp. NCPPB 2864	NCPPB 2864	ncppb_number	0	0	0	0		0		0		0			confirmed_biosample_match	confirmed_current_algorithmic_match	At least one accepted BioSample match and no current high-priority review flag.
NCPPB 2865	Xanthomonas sp. Dowson 1939		This isolate was isolated by F.W. Catton 212/75/1		CATTON 212/75/1	CATTON 212/75/1		CATTON 212/75/1	yes	2	SAMN42161510	Xanthomonas sp. NCPPB 2865	Genome sequencing of Xanthomonas sp. NCPPB 2865	NCPPB 2865	ncppb_number	0	0	0	0		0		0		0			confirmed_biosample_match	confirmed_current_algorithmic_match	At least one accepted BioSample match and no current high-priority review flag.
NCPPB 2866	Xanthomonas sp. Dowson 1939		This isolate was isolated by F.W. Catton 212/75/6		CATTON 212/75/6	CATTON 212/75/6		CATTON 212/75/6	yes	2	SAMN42161511	Xanthomonas sp. NCPPB 2866	Genome sequencing of Xanthomonas sp. NCPPB 2866	NCPPB 2866	ncppb_number	0	0	0	0		0		0		0			confirmed_biosample_match	confirmed_current_algorithmic_match	At least one accepted BioSample match and no current high-priority review flag.
NCPPB 2876	Xanthomonas campestris pv. cannabis Severin 1978		This isolate was isolated by V. Severin XC7		XC 7	XC 7			no	0						49	48	1	0		0		0		0		non_xanthomonas_organism:48; query_returned_no_biosample_records:1	no_confirmed_match_yet	no_confirmed_biosample_match	No accepted BioSample match in the current local-evidence filter output.
NCPPB 2877	Xanthomonas campestris pv. cannabis Severin 1978		This isolate is also in the collections; ICMP 6570, LMG 9042, CCUG 28779, DSMZ 44278, ATCC 49725 This isolate was isolated by V. Severin XC8	ICMP 6570; LMG 9042; CCUG 28779; DSMZ 44278; ATCC 49725	ICMP 6570; LMG 9042; CCUG 28779; DSMZ 44278; ATCC 49725; XC 8	ICMP 6570; LMG 9042; CCUG 28779; DSMZ 44278; ATCC 49725; XC 8	ICMP 6570; LMG 9042; CCUG 28779; DSMZ 44278; ATCC 49725		yes	1	SAMN03164131	Xanthomonas cannabis pv. cannabis	Xanthomonas campestris pv. cannabis str. NCPPB 2877	NCPPB 2877	ncppb_number	74	71	3	0		0		0		0		non_xanthomonas_organism:71; query_returned_no_biosample_records:3	confirmed_biosample_match	confirmed_current_algorithmic_match	At least one accepted BioSample match and no current high-priority review flag.
NCPPB 2879	Xanthomonas campestris pv. cannabis Severin 1978		This isolate was isolated by V. Severin XC12		XC 12	XC 12			no	0						101	100	1	0		0		0		0		non_xanthomonas_organism:100; query_returned_no_biosample_records:1	no_confirmed_match_yet	no_confirmed_biosample_match	No accepted BioSample match in the current local-evidence filter output.
NCPPB 2885	Xanthomonas citri pv. mangiferaeindicae (Patel et al. 1948) Constantin et al. 2016 comb. nov.	Xanthomonas campestris pv. mangiferaeindicae (Patel et al. 1948) Robbs, Ribeiro & Kimura 1974	This isolate was isolated by ex J.G. Luisetti G21.5		G 21.5	G 21.5		G 21.5	no	0						101	100	1	0		0		0		0		non_xanthomonas_organism:100; query_returned_no_biosample_records:1	no_confirmed_match_yet	no_confirmed_biosample_match	No accepted BioSample match in the current local-evidence filter output.
NCPPB 2894	Xanthomonas euvesicatoria pv. alfalfae (ex Riker et al. 1935) Constantin et al. 2016 comb. nov.	Xanthomonas alfalfae	This isolate was isolated by M.L. Moffett 0238		MOFFETT 0238	MOFFETT 0238		MOFFETT 0238	no	0						2	0	2	0		0		0		0		query_returned_no_biosample_records:2	no_confirmed_match_yet	no_confirmed_biosample_match	No accepted BioSample match in the current local-evidence filter output.
NCPPB 2896	Xanthomonas arboricola pv. corylina (Miller et al. 1940) Vauterin et al. 1995	Xanthomonas corylina	The donor reference is 164/7		IS 164/7			IS 164/7	no	0						1	0	1	0		0		0		0		query_returned_no_biosample_records:1	no_confirmed_match_yet	no_confirmed_biosample_match	No accepted BioSample match in the current local-evidence filter output.
NCPPB 2898	Xanthomonas arboricola pv. corylina (Miller et al. 1940) Vauterin et al. 1995	Xanthomonas corylina	This isolate is also in the collections; ICMP 7080 This isolate was isolated by P. Roberts A724A	ICMP 7080	ICMP 7080; A 724A	ICMP 7080; A 724A	ICMP 7080	A 724A	no	0						3	0	3	0		0		0		0		query_returned_no_biosample_records:3	no_confirmed_match_yet	no_confirmed_biosample_match	No accepted BioSample match in the current local-evidence filter output.
NCPPB 2904	Xanthomonas translucens pv. translucens (Jones et al. 1917) Vauterin et al. 1995	Xanthomonas translucens Jones et al. 1917	This isolate was isolated by P. Roberts A736		A 736	A 736		A 736	no	0						2	0	2	0		0		0		0		query_returned_no_biosample_records:2	no_confirmed_match_yet	no_confirmed_biosample_match	No accepted BioSample match in the current local-evidence filter output.
NCPPB 2910	Xanthomonas phaseoli pv. manihotis (Bondar 1912) Constantin et al. 2016 comb. nov.	Xanthomonas manihotis (Berthet & Bondar 1915) Starr 1946	The donor reference is B5271 This isolate was isolated by ex R.W. Schneider 1186		B 5271; SCHNEIDER 1186	B 5271; SCHNEIDER 1186		B 5271; SCHNEIDER 1186	no	0						13	11	2	0		0		0		0		non_xanthomonas_organism:11; query_returned_no_biosample_records:2	no_confirmed_match_yet	no_confirmed_biosample_match	No accepted BioSample match in the current local-evidence filter output.
NCPPB 2914	Xanthomonas citri pv. rhynchosiae (Sabet et al. 1969) Constantin et al. 2016 comb. nov	Xanthomonas phaseoli f.sp .rhynchosiae Sabet et al. 1969	The donor reference is B5300 The source of this isolate was ex D. Norse 507		B 5300; NORSE 507	B 5300; NORSE 507		B 5300; NORSE 507	yes	2	SAMN42180190	Xanthomonas citri pv. rhynchosiae	Genome sequencing of Xanthomonas citri pv. rhynchosiae (Sabet et al. 1969) Constantin et al. 2016 comb. nov., NCPPB 2914	NCPPB 2914	ncppb_number	68	68	0	0		0		0		0		non_xanthomonas_organism:68	confirmed_biosample_match	confirmed_current_algorithmic_match	At least one accepted BioSample match and no current high-priority review flag.
NCPPB 2918	Xanthomonas sp. Dowson 1939		The donor reference is BS469 This isolate was isolated by J.F. Bradbury BS469		BS 469	BS 469			yes	2	SAMN57360828; SAMN22552833	Xanthomonas campestris	Microbe sample from Xanthomonas campestris	NCPPB 2918	ncppb_number	4	4	0	0		0		0		0		non_xanthomonas_organism:4	confirmed_biosample_match	confirmed_current_algorithmic_match	At least one accepted BioSample match and no current high-priority review flag.
NCPPB 2919	Xanthomonas phaseoli pv. manihotis (Bondar 1912) Constantin et al. 2016 comb. nov.	Xanthomonas manihotis (Berthet & Bondar 1915) Starr 1946	The donor reference is B5530 This isolate was isolated by ex R.J. Williams CBZII 5972		B 5530; CBZII 5972	B 5530; CBZII 5972		B 5530	no	0						12	10	2	0		0		0		0		non_xanthomonas_organism:10; query_returned_no_biosample_records:2	no_confirmed_match_yet	no_confirmed_biosample_match	No accepted BioSample match in the current local-evidence filter output.
NCPPB 2920	Xanthomonas translucens pv. translucens (Jones et al. 1917) Vauterin et al. 1995	Xanthomonas translucens Jones et al. 1917	This isolate was isolated by J.F. Bradbury B5562		B 5562	B 5562		B 5562	no	0						8	7	1	0		0		0		0		non_xanthomonas_organism:7; query_returned_no_biosample_records:1	no_confirmed_match_yet	no_confirmed_biosample_match	No accepted BioSample match in the current local-evidence filter output.
NCPPB 2921	Xanthomonas oryzae pv. oryzicola (Fang et al. 1957) Swings et al. 1990	Xanthomonas oryzicola Fang et al. 1957	The donor reference is B5566 This isolate was isolated by ex P.S.W. Lin PP1312/60		B 5566; PP 1312/60	B 5566; PP 1312/60		B 5566	no	0						14	12	2	0		0		0		0		non_xanthomonas_organism:12; query_returned_no_biosample_records:2	no_confirmed_match_yet	no_confirmed_biosample_match	No accepted BioSample match in the current local-evidence filter output.
NCPPB 2922	Xanthomonas sp. Dowson 1939	Xanthomonas sp.	The donor reference is B5577 This isolate was isolated by J.F. Bradbury		B 5577	B 5577		B 5577	yes	2	SAMN43286070; SAMN42485110	Xanthomonas sp. NCPPB 2922; Xanthomonas	Genome sequencing of X. campestris NCPPB 2922 at Fera; Genome sequencing of Xanthomonas sp. NCPPB 2922	NCPPB 2922	ncppb_number	28	28	0	0		0		0		0		non_xanthomonas_organism:28	confirmed_biosample_match	confirmed_current_algorithmic_match	At least one accepted BioSample match and no current high-priority review flag.
NCPPB 2925	Xanthomonas sp. Dowson 1939		The donor reference is B5582 This isolate was isolated by ex C. Nwigwe YI		B 5582	B 5582		B 5582	no	0						22	21	1	0		0		0		0		non_xanthomonas_organism:21; query_returned_no_biosample_records:1	no_confirmed_match_yet	no_confirmed_biosample_match	No accepted BioSample match in the current local-evidence filter output.
NCPPB 2927	Xanthomonas arboricola pv. juglandis (Pierce 1901) Vauterin et al. 1995	Xanthomonas juglandis	This isolate was isolated by J.F. Bradbury B5632		B 5632	B 5632		B 5632	no	0						25	24	1	0		0		0		0		non_xanthomonas_organism:24; query_returned_no_biosample_records:1	no_confirmed_match_yet	no_confirmed_biosample_match	No accepted BioSample match in the current local-evidence filter output.
NCPPB 2928	Xanthomonas campestris pv. azadirachtae (Desai et al.1966) Dye 1978		The donor reference is B5643 This isolate was isolated by ex B.P.Chakravarti N318		B 5643; N 318	B 5643; N 318		B 5643; N 318	no	0						113	112	1	0		0		0		0		non_xanthomonas_organism:112; query_returned_no_biosample_records:1	no_confirmed_match_yet	no_confirmed_biosample_match	No accepted BioSample match in the current local-evidence filter output.
NCPPB 2930	Xanthomonas vasicola pv. holcicola (Elliott 1930) Vauterin et al. 1995	Xanthomonas holcicola Elliott 1930	The donor reference is B5806 This isolate was isolated by ex G. Jackson PP223		B 5806; PP 223	B 5806; PP 223		B 5806	no	0						26	26	0	0		0		0		0		non_xanthomonas_organism:26	no_confirmed_match_yet	no_confirmed_biosample_match	No accepted BioSample match in the current local-evidence filter output.
NCPPB 2931	Xanthomonas citri pv. glycines (Nakano 1919) Constantin et al. 2016 comb.nov.	Xanthomonas glycines	This isolate was isolated by J.F. Bradbury B5830		B 5830	B 5830		B 5830	no	0						25	24	1	0		0		0		0		non_xanthomonas_organism:24; query_returned_no_biosample_records:1	no_confirmed_match_yet	no_confirmed_biosample_match	No accepted BioSample match in the current local-evidence filter output.
NCPPB 2932	Xanthomonas euvesicatoria pv. daturae (Jain, Dange & Siradhana 1975) Harrison et al. 2023		The donor reference is B5480 This isolate was isolated by ex B.S. Siradhana		B 5480	B 5480		B 5480	yes	1	SAMN19988982	Xanthomonas campestris pv. daturae	Microbe sample from Xanthomonas campestris pv. daturae	NCPPB 2932	ncppb_number	11	11	0	0		0		0		0		non_xanthomonas_organism:11	confirmed_biosample_match	confirmed_current_algorithmic_match	At least one accepted BioSample match and no current high-priority review flag.
NCPPB 2933	Xanthomonas sp. Dowson 1939		The donor reference is B6132 This isolate was isolated by J.F. Bradbury B6132		B 6132	B 6132		B 6132	yes	1	SAMN42161512	Xanthomonas sp. NCPPB 2933	Genome sequencing of Xanthomonas sp. NCPPB 2933	NCPPB 2933	ncppb_number	24	24	0	0		0		0		0		non_xanthomonas_organism:24	confirmed_biosample_match	confirmed_current_algorithmic_match	At least one accepted BioSample match and no current high-priority review flag.
NCPPB 2934	Xanthomonas sp. Dowson 1939		The donor reference is B6141 This isolate was isolated by ex P.S. Shekhawat XWl		B 6141	B 6141		B 6141	no	0						101	100	1	0		0		0		0		non_xanthomonas_organism:100; query_returned_no_biosample_records:1	no_confirmed_match_yet	no_confirmed_biosample_match	No accepted BioSample match in the current local-evidence filter output.
NCPPB 2935	Xanthomonas euvesicatoria pv. daturae (Jain, Dange & Siradhana 1975) Harrison et al. 2023		The donor reference is B6144 This isolate was isolated by ex P.S. Shekhawat D42		B 6144; D 42	B 6144; D 42		B 6144; D 42	no	0						120	119	1	0		0		0		0		non_xanthomonas_organism:119; query_returned_no_biosample_records:1	no_confirmed_match_yet	no_confirmed_biosample_match	No accepted BioSample match in the current local-evidence filter output.
NCPPB 2936	Xanthomonas euvesicatoria pv. argemones (Srinivasan et al. 1961) Constantin et al. 2016 comb. nov.		The donor reference is B 6149 This isolate was isolated by ex P.S. Shekhawat XA1		B 6149; XA 1	B 6149; XA 1		B 6149	no	0						88	87	1	0		0		0		0		non_xanthomonas_organism:87; query_returned_no_biosample_records:1	no_confirmed_match_yet	no_confirmed_biosample_match	No accepted BioSample match in the current local-evidence filter output.
NCPPB 2938	Xanthomonas citri pv. glycines (Nakano 1919) Constantin et al. 2016 comb.nov.	Xanthomonas glycines	The donor reference is B6617 This isolate was isolated by ex Hasanuddin		B 6617	B 6617		B 6617	no	0						11	10	1	0		0		0		0		non_xanthomonas_organism:10; query_returned_no_biosample_records:1	no_confirmed_match_yet	no_confirmed_biosample_match	No accepted BioSample match in the current local-evidence filter output.
NCPPB 2949	Xanthomonas fragariae Kennedy and King 1962	Xanthomonas fragariae Kennedy and King 1962	The donor reference is DAR 26146 This isolate was isolated by ex J. McGeghan The source of this isolate was ex N.S.W. Dept. of Agri.		DAR 26146	DAR 26146			yes	1	SAMN39942673	Xanthomonas fragariae	Microbe sample from Xanthomonas fragariae	NCPPB 2949	ncppb_number	1	0	1	0		0		0		0		query_returned_no_biosample_records:1	confirmed_biosample_match	confirmed_current_algorithmic_match	At least one accepted BioSample match and no current high-priority review flag.
NCPPB 2953	Xanthomonas populi (ex Ridé 1958) van den Mooter & Swings 1990	Aplanobacter populi	The donor reference is Tri lb This isolate is also in the collections; ICPB XP228		ICPB XP228; XP 228	ICPB XP228; XP 228	ICPB XP228		no	0						45	43	2	0		0		0		0		non_xanthomonas_organism:43; query_returned_no_biosample_records:2	no_confirmed_match_yet	no_confirmed_biosample_match	No accepted BioSample match in the current local-evidence filter output.
NCPPB 2955	Xanthomonas populi (ex Ridé 1958) van den Mooter & Swings 1990	Aplanobacter populi	The donor reference is Bt3 This isolate is also in the collections; ICPB XP230		ICPB XP230; BT 3; XP 230	ICPB XP230; BT 3; XP 230	ICPB XP230		no	0						163	161	2	0		0		0		0		non_xanthomonas_organism:161; query_returned_no_biosample_records:2	no_confirmed_match_yet	no_confirmed_biosample_match	No accepted BioSample match in the current local-evidence filter output.
NCPPB 2959	Xanthomonas populi (ex Ridé 1958) van den Mooter & Swings 1990	Aplanobacter populi	The donor reference is Reg This isolate is also in the collections; ICMP 5816, ICPB XP231, ATCC 51165, CFBP 1817, LMG 5743	ICMP 5816; ATCC 51165; CFBP 1817; LMG 5743	ICMP 5816; ICPB XP231; ATCC 51165; CFBP 1817; LMG 5743; XP 231	ICMP 5816; ICPB XP231; ATCC 51165; CFBP 1817; LMG 5743; XP 231	ICMP 5816; ICPB XP231; ATCC 51165; CFBP 1817; LMG 5743		yes	4	SAMN43284582; SAMD00253073; SAMN05560300; SAMEA5613906	Xanthomonas populi	Microbe sample from Xanthomonas populi; strain ICMP 5816 of Xanthomonas populi; Microbe sample from Xanthomonas populi CFBP1817; LMG 5743	ICMP 5816; CFBP 1817; LMG 5743	other_reference_identifier	57	54	3	0		0		0		0		non_xanthomonas_organism:54; query_returned_no_biosample_records:3	confirmed_biosample_match	confirmed_current_algorithmic_match	At least one accepted BioSample match and no current high-priority review flag.
NCPPB 2960	Xanthomonas populi (ex Ridé 1958) van den Mooter & Swings 1990	Aplanobacter populi	The donor reference is BII This isolate is also in the collections; ICPB XP232		ICPB XP232; XP 232	ICPB XP232; XP 232	ICPB XP232		no	0						102	100	2	0		0		0		0		non_xanthomonas_organism:100; query_returned_no_biosample_records:2	no_confirmed_match_yet	no_confirmed_biosample_match	No accepted BioSample match in the current local-evidence filter output.
NCPPB 2963	Xanthomonas populi subsp. populi (ex Ridé 1958) van den Mooter & Swings 1990	Aplanobacter populi	The donor reference is S62b This isolate is also in the collections; ICPB XP235		ICPB XP235; S 62B; XP 235	ICPB XP235; S 62B; XP 235	ICPB XP235	S 62B	no	0						90	88	2	0		0		0		0		non_xanthomonas_organism:88; query_returned_no_biosample_records:2	no_confirmed_match_yet	no_confirmed_biosample_match	No accepted BioSample match in the current local-evidence filter output.
NCPPB 2965	Xanthomonas phaseoli pv. manihotis (Bondar 1912) Constantin et al. 2016 comb. nov.	Xanthomonas manihotis (Berthet & Bondar 1915) Starr 1946	The donor reference is IBBF-105 This isolate was isolated by ex J.R. Neto		IBBF 105	IBBF 105			no	0						2	0	2	0		0		0		0		query_returned_no_biosample_records:2	no_confirmed_match_yet	no_confirmed_biosample_match	No accepted BioSample match in the current local-evidence filter output.
NCPPB 2967	Xanthomonas phaseoli pv. manihotis (Bondar 1912) Constantin et al. 2016 comb. nov.	Xanthomonas manihotis (Berthet & Bondar 1915) Starr 1946	The donor reference is IBBF-165 This isolate was isolated by ex A.G. Zagatto		IBBF 165	IBBF 165			no	0						2	0	2	0		0		0		0		query_returned_no_biosample_records:2	no_confirmed_match_yet	no_confirmed_biosample_match	No accepted BioSample match in the current local-evidence filter output.
NCPPB 2968	Xanthomonas euvesicatoria pv. euvesicatoria (Jones et al. 2006) Constantin et al. 2016 comb. nov.	Xanthomonas vesicatoria (Doidge 1920) Dowson 1939	This isolate is also in the collections; ATCC 11633, DSM 19128, CFBP 6864, LMG 27970 This isolate was isolated by ex W.H. Burkholder XV25 The source of this isolate was ex D.W. Dye X12	ATCC 11633; DSM 19128; CFBP 6864; LMG 27970	ATCC 11633; DSM 19128; CFBP 6864; LMG 27970; XV 25; X 12	ATCC 11633; DSM 19128; CFBP 6864; LMG 27970; XV 25; X 12	ATCC 11633; DSM 19128; CFBP 6864; LMG 27970	X 12	yes	3	SAMN23026081; SAMN05003920; SAMN02903176	Xanthomonas euvesicatoria pv. euvesicatoria; Xanthomonas euvesicatoria	Microbe sample from Xanthomonas euvesicatoria pv. euvesicatoria; Microbe sample from Xanthomonas euvesicatoria	ATCC 11633; LMG 27970	other_reference_identifier	139	136	3	0		0		0		0		non_xanthomonas_organism:136; query_returned_no_biosample_records:3	confirmed_biosample_match	confirmed_current_algorithmic_match	At least one accepted BioSample match and no current high-priority review flag.
NCPPB 2969	Xanthomonas albilineans (Ashby 1929) Dowson 1943	Xanthomonas albilineans	This isolate is also in the collections; ATCC 33915, CFBP 2523, ICMP 196, LMG 494, DSMZ 3583 This isolate was isolated by ex D.W. Dye ZA6	ATCC 33915; CFBP 2523; ICMP 196; LMG 494; DSMZ 3583	ATCC 33915; CFBP 2523; ICMP 196; LMG 494; DSMZ 3583; ZA 6	ATCC 33915; CFBP 2523; ICMP 196; LMG 494; DSMZ 3583; ZA 6	ATCC 33915; CFBP 2523; ICMP 196; LMG 494; DSMZ 3583		yes	17	SAMN37985479; SAMN37985478; SAMN37985477; SAMN37985476; SAMN37985475; SAMN37985474; SAMN37985473; SAMN37985472; SAMN37985471; SAMN37985470; SAMN37985469; SAMEA6139367; SAMEA6139366; SAMEA6139365; SAMEA6139364; SAMEA6139363; SAMN05526486	Xanthomonas albilineans; Xanthomonas phage Bosa; Xanthomonas phage Suba; Xanthomonas phage Tenjo; Xanthomonas phage Tabio; Xanthomonas phage Sopo	Xal control, rep 1; Xal control, rep 2; Xal control, rep 3; Xal control, rep 4; Xal treated with volatile dimethyl disulfide (DMDS), rep 1; Xal treated with volatile dimethyl disulfide (DMDS), rep 2; Xal treated with volatile dimethyl disulfide (DMDS), rep 3; Xal treated ethanol (VOC-solvent), rep 1	CFBP 2523	other_reference_identifier	108	104	4	0		0		0		0		non_xanthomonas_organism:104; query_returned_no_biosample_records:4	confirmed_biosample_match	confirmed_current_algorithmic_match	At least one accepted BioSample match and no current high-priority review flag.
NCPPB 2970	Xanthomonas campestris pv. papavericola (Bryan and McWhorter 1930) Dye 1978		This isolate is also in the collections; ATCC 14179, ICMP 220, LMG 809 This isolate was isolated by ex M.K. Bryan 47 The source of this isolate was ex D.W. Dye ZI 2 ex ICPB XP5	ATCC 14179; ICMP 220; LMG 809	ATCC 14179; ICMP 220; LMG 809; ICPB XP5; BRYAN 47; ZI 2; XP 5	ATCC 14179; ICMP 220; LMG 809; ICPB XP5; BRYAN 47; ZI 2; XP 5	ATCC 14179; ICMP 220; LMG 809; ICPB XP5	BRYAN 47	yes	1	SAMN22552843	Xanthomonas campestris pv. papavericola	Microbe sample from Xanthomonas campestris pv. papavericola	NCPPB 2970	ncppb_number	216	213	3	0		0		0		0		non_xanthomonas_organism:213; query_returned_no_biosample_records:3	confirmed_biosample_match	confirmed_current_algorithmic_match	At least one accepted BioSample match and no current high-priority review flag.
NCPPB 2973	Xanthomonas axonopodis pv. cassiae (Kulkarni et al. 1951) Vauterin et al. 1995	Xanthomonas phaseoli f.sp . cassiae	This isolate is also in the collections; ATCC 11638, ICPB XC112, M.K. Patel 6, ICMP 358, LMG 675, CFBP 2973 This isolate was isolated by M.K. Patel The source of this isolate was ex D.W. Dye YD2 ex W.H. Burkholder XC18	ATCC 11638; ICMP 358; LMG 675; CFBP 2973	ATCC 11638; ICPB XC112; ICMP 358; LMG 675; CFBP 2973; XC 112; PATEL 6; YD 2; XC 18	ATCC 11638; ICPB XC112; ICMP 358; LMG 675; CFBP 2973; XC 112; PATEL 6; YD 2; XC 18	ATCC 11638; ICPB XC112; ICMP 358; LMG 675; CFBP 2973	PATEL 6	yes	1	SAMN42178454	Xanthomonas axonopodis pv. cassiae	Genome sequencing of Xanthomonas campestris pv. cassiae NCPPB 2973	NCPPB 2973	ncppb_number	313	309	4	0		0		0		0		non_xanthomonas_organism:309; query_returned_no_biosample_records:4	confirmed_biosample_match	confirmed_current_algorithmic_match	At least one accepted BioSample match and no current high-priority review flag.
NCPPB 2977	Xanthomonas citri pv. thirumalacharii (Padhya & Patel 1964) Constantin et al. 2016 comb. nov.		This isolate is also in the collections; ATCC 23577, LMG 872, ICMP 5852 This isolate was isolated by M.K. Patel The source of this isolate was ex D.W. Dye WK2 ex M.J. Thirumalachar	ATCC 23577; LMG 872; ICMP 5852	ATCC 23577; LMG 872; ICMP 5852; WK 2	ATCC 23577; LMG 872; ICMP 5852; WK 2	ATCC 23577; LMG 872; ICMP 5852		no	0						108	105	3	0		0		0		0		non_xanthomonas_organism:105; query_returned_no_biosample_records:3	no_confirmed_match_yet	no_confirmed_biosample_match	No accepted BioSample match in the current local-evidence filter output.
NCPPB 2978	Xanthomonas campestris pv. zantedeschiae (Joubert & Truter 1972) Dye 1978		This isolate is also in the collections; ICMP 2372, LMG 9059 The source of this isolate was ex D.W. Dye VNI ex J.J. Joubert Arum 3	ICMP 2372; LMG 9059	ICMP 2372; LMG 9059; ARUM 3	ICMP 2372; LMG 9059; ARUM 3	ICMP 2372; LMG 9059	ARUM 3	no	0						16	14	2	0		0		0		0		non_xanthomonas_organism:14; query_returned_no_biosample_records:2	no_confirmed_match_yet	no_confirmed_biosample_match	No accepted BioSample match in the current local-evidence filter output.
NCPPB 2982	Xanthomonas cissicola (Takimoto 1939) Rudra and Gupta 2021	Pseudomonas cissicola (Takimoto 1939) Burkholder 1948	This isolate is also in the collections; ICMP 8561, LMG 2167, ATCC 33616, CFBP 2432 This isolate was isolated by ex M. Goto PC1	ICMP 8561; LMG 2167; ATCC 33616; CFBP 2432	ICMP 8561; LMG 2167; ATCC 33616; CFBP 2432; PC 1	ICMP 8561; LMG 2167; ATCC 33616; CFBP 2432; PC 1	ICMP 8561; LMG 2167; ATCC 33616; CFBP 2432		no	0						105	101	4	0		0		0		0		non_xanthomonas_organism:101; query_returned_no_biosample_records:4	no_confirmed_match_yet	no_confirmed_biosample_match	No accepted BioSample match in the current local-evidence filter output.
NCPPB 2983	Xanthomonas campestris pv. phormiicola (Takimoto 1933) Dye 1978	Xanthomonas campestris pv. phormicola (Takimoto 1933) Dye 1978	This isolate is also in the collections; ICMP 4294, LMG 702 This isolate was isolated by ex M. Goto XPl	ICMP 4294; LMG 702	ICMP 4294; LMG 702	ICMP 4294; LMG 702	ICMP 4294; LMG 702		yes	1	SAMN22555472	Xanthomonas campestris pv. phormiicola	Microbe sample from Xanthomonas campestris pv. phormiicola	NCPPB 2983	ncppb_number	101	100	1	0		0		0		0		non_xanthomonas_organism:100; query_returned_no_biosample_records:1	confirmed_biosample_match	confirmed_current_algorithmic_match	At least one accepted BioSample match and no current high-priority review flag.
NCPPB 2985	Xanthomonas hortorum pv. pelargonii (Brown 1923) Vauterin et al. 1995	Xanthomonas campestris pv. pelargonii	This isolate is also in the collections; CFBP 2533, ICMP 4321, LMG 7314 The source of this isolate was ex D.W. Dye ZJ12 ex W.J. Kemp 41	CFBP 2533; ICMP 4321; LMG 7314	CFBP 2533; ICMP 4321; LMG 7314; ZJ 12; KEMP 41	CFBP 2533; ICMP 4321; LMG 7314; ZJ 12; KEMP 41	CFBP 2533; ICMP 4321; LMG 7314	KEMP 41	yes	7	SAMEA6962649; SAMN24251549; SAMN09704270	Xanthomonas hortorum pv. pelargonii	Xanthomonas hortorum pv. pelargonii CFBP 2533; Microbe sample from Xanthomonas hortorum pv. pelargonii	NCPPB 2985; CFBP 2533	ncppb_number; other_reference_identifier	102	102	0	0		0		0		0		non_xanthomonas_organism:102	confirmed_biosample_match	confirmed_current_algorithmic_match	At least one accepted BioSample match and no current high-priority review flag.
NCPPB 2986	Xanthomonas campestris pv. aberrans (Knosel 1961) Dye 1978	Xanthomonas campestris var. aberrans Knosel 1961	This isolate is also in the collections; ICMP 4805, LMG 9037 This isolate was isolated by ex M.L. Moffett 0406	ICMP 4805; LMG 9037	ICMP 4805; LMG 9037; MOFFETT 0406	ICMP 4805; LMG 9037; MOFFETT 0406	ICMP 4805; LMG 9037	MOFFETT 0406	yes	5	SAMN22552830; SAMN17385948; SAMN36368323	Xanthomonas campestris pv. aberrans; Xanthomonas campestris; Xanthomonas campestris pv. campestris	Microbe sample from Xanthomonas campestris pv. aberrans; MIGS Cultured Bacterial/Archaeal sample from Xanthomonas campestris; Genome sequencing of Xcc WHRI3880 (NCPPB 2986)	NCPPB 2986	ncppb_number	1	0	1	0		0		0		0		query_returned_no_biosample_records:1	confirmed_biosample_match	confirmed_current_algorithmic_match	At least one accepted BioSample match and no current high-priority review flag.
NCPPB 2987	Xanthomonas populi (ex Ridé 1958) van den Mooter & Swings 1990	Aplanobacter populi	This isolate is also in the collections; ICPB XP 237 This isolate was isolated by ex D.A. Burdekin		XP 237	XP 237			no	0						36	35	1	0		0		0		0		non_xanthomonas_organism:35; query_returned_no_biosample_records:1	no_confirmed_match_yet	no_confirmed_biosample_match	No accepted BioSample match in the current local-evidence filter output.
NCPPB 2997	Xanthomonas axonopodis pv. cyamopsidis (Patel et al.1953) Vauterin et al. 1995	Xanthomonas campestris pv. cyamopsidis (Patel et al.1953) Dye 1978	This isolate was isolated by ex R.G. Orellana 14		ORELLANA 14	ORELLANA 14		ORELLANA 14	yes	2	SAMN42180198	Xanthomonas axonopodis pv. cyamopsidis	Genome sequencing of Xanthomonas axonopodis pv. cyamopsidis NCPPB 2997	NCPPB 2997	ncppb_number	38	38	0	0		0		0		0		non_xanthomonas_organism:38	confirmed_biosample_match	confirmed_current_algorithmic_match	At least one accepted BioSample match and no current high-priority review flag.
NCPPB 2998	Xanthomonas axonopodis pv. cyamopsidis (Patel et al.1953) Vauterin et al. 1995	Xanthomonas campestris pv. cyamopsidis (Patel et al.1953) Dye 1978	This isolate was isolated by ex R.G. Orellana 19		ORELLANA 19	ORELLANA 19		ORELLANA 19	yes	2	SAMN42180199	Xanthomonas axonopodis pv. cyamopsidis	Genome sequencing of Xanthomonas axonopodis pv. cyamopsidis NCPPB 2998	NCPPB 2998	ncppb_number	10	10	0	0		0		0		0		non_xanthomonas_organism:10	confirmed_biosample_match	confirmed_current_algorithmic_match	At least one accepted BioSample match and no current high-priority review flag.
NCPPB 3002	Xanthomonas oryzae pv. oryzae (Ishiyama 1922) Swings et al. 1990	Xanthomonas campestris pv. oryzae(Ishiyama 1922) Dye 1978	This isolate is also in the collections; ATCC 35933, ICMP 3125, LMG 5047, CFBP 2532 This isolate was isolated by ex Y.P. Rao	ATCC 35933; ICMP 3125; LMG 5047; CFBP 2532	ATCC 35933; ICMP 3125; LMG 5047; CFBP 2532	ATCC 35933; ICMP 3125; LMG 5047; CFBP 2532	ATCC 35933; ICMP 3125; LMG 5047; CFBP 2532		yes	2	SAMN40354541; SAMN02440720	Xanthomonas oryzae pv. oryzae; Xanthomonas oryzae ATCC 35933	Microbe sample from Xanthomonas oryzae pv. oryzae; Generic sample from Xanthomonas oryzae ATCC 35933	NCPPB 3002; ATCC 35933	ncppb_number; other_reference_identifier	3	0	3	0		0		0		0		query_returned_no_biosample_records:3	confirmed_biosample_match	confirmed_current_algorithmic_match	At least one accepted BioSample match and no current high-priority review flag.
NCPPB 3003	Xanthomonas axonopodis pv. begoniae (Takimoto 1934) Vauterin et al. 1995	Xanthomonas campestris pv. begoniae (Takimoto 1934) Dye 1978	This isolate is also in the collections; ICPB XB110, NZRCC 10031, CFBP 2524, ICMP 194, ATCC 49082, LMG 7303 This isolate was isolated by ex D.W. Dye Z4	CFBP 2524; ICMP 194; ATCC 49082; LMG 7303	ICPB XB110; CFBP 2524; ICMP 194; ATCC 49082; LMG 7303; XB 110; NZRCC 10031; Z 4	ICPB XB110; CFBP 2524; ICMP 194; ATCC 49082; LMG 7303; XB 110; NZRCC 10031; Z 4	ICPB XB110; CFBP 2524; ICMP 194; ATCC 49082; LMG 7303	Z 4	yes	1	SAMN05559875	Xanthomonas axonopodis pv. begoniae	Microbe sample from Xanthomonas axonopodis pv. begoniae CFBP2524	CFBP 2524	other_reference_identifier	111	105	6	0		0		0		0		non_xanthomonas_organism:105; query_returned_no_biosample_records:6	confirmed_biosample_match	confirmed_current_algorithmic_match	At least one accepted BioSample match and no current high-priority review flag.
NCPPB 3005	Xanthomonas marantae Zagatto & Pereira 1963		This isolate was isolated by ex C.F. Robbs IBSP XM1		IBSP XM1; XM 1	IBSP XM1; XM 1	IBSP XM1		yes	2	SAMN41997674	Xanthomonas sp. NCPPB 3005	Genome sequencing of Xanthomonas marantae Zagatto & Pereira 1963	NCPPB 3005	ncppb_number	100	100	0	0		0		0		0		non_xanthomonas_organism:100	confirmed_biosample_match	confirmed_current_algorithmic_match	At least one accepted BioSample match and no current high-priority review flag.
NCPPB 3020	Xanthomonas graminis pv. graminis Tambong et al. 2024	Xanthomonas campestris pv. graminis (Egli et al. 1975) Dye 1978	The donor reference is 426 & 427		IS 426			IS 426	no	0						1	0	1	0		0		0		0		query_returned_no_biosample_records:1	no_confirmed_match_yet	no_confirmed_biosample_match	No accepted BioSample match in the current local-evidence filter output.
NCPPB 3022	Xanthomonas oryzae pv. oryzae (Ishiyama 1922) Swings et al. 1990	Xanthomonas campestris pv. oryzae(Ishiyama 1922) Dye 1978	This isolate was isolated by J.C. Lozano CIAT 1185		CIAT 1185	CIAT 1185			no	0						2	0	2	0		0		0		0		query_returned_no_biosample_records:2	no_confirmed_match_yet	no_confirmed_biosample_match	No accepted BioSample match in the current local-evidence filter output.
NCPPB 3024	Xanthomonas campestris pv. zinniae (Hopkins & Dowson 1949) Dye 1978		This isolate was isolated by D.L. Strider NC334		NC 334	NC 334			no	0						101	100	1	0		0		0		0		non_xanthomonas_organism:100; query_returned_no_biosample_records:1	no_confirmed_match_yet	no_confirmed_biosample_match	No accepted BioSample match in the current local-evidence filter output.
NCPPB 3026	Xylophilus ampelinus (Panagopoulos 1969) Willems et al. 1987		This isolate was isolated by S. Grasso 3		GRASSO 3	GRASSO 3		GRASSO 3	no	0						2	0	2	0		0		0		0		query_returned_no_biosample_records:2	no_confirmed_match_yet	no_confirmed_biosample_match	No accepted BioSample match in the current local-evidence filter output.
NCPPB 3027	Xylophilus ampelinus (Panagopoulos 1969) Willems et al. 1987		This isolate was isolated by S. Grasso 6		GRASSO 6	GRASSO 6		GRASSO 6	no	0						2	0	2	0		0		0		0		query_returned_no_biosample_records:2	no_confirmed_match_yet	no_confirmed_biosample_match	No accepted BioSample match in the current local-evidence filter output.
NCPPB 3028	Xanthomonas fragariae Kennedy and King 1962	Xanthomonas fragariae Kennedy and King 1962	This isolate was isolated by J.R. Neto X-84		X 84	X 84		X 84	yes	1	SAMN39942674	Xanthomonas fragariae	Microbe sample from Xanthomonas fragariae	NCPPB 3028	ncppb_number	100	100	0	0		0		0		0		non_xanthomonas_organism:100	confirmed_biosample_match	confirmed_current_algorithmic_match	At least one accepted BioSample match and no current high-priority review flag.
NCPPB 3035	Xanthomonas phaseoli pv. phaseoli (Smith 1897) Constantin et al. 2016 comb. nov.	Xanthomonas campestris pv. phaseoli (Smith 1897) Dye 1978	This isolate is also in the collections; CFBP 2534, ICMP 5834, ATCC 9563, The source of this isolate was ex ATCC 9563 ex W.H. Burkholder XP20	CFBP 2534; ICMP 5834; ATCC 9563	CFBP 2534; ICMP 5834; ATCC 9563; XP 20	CFBP 2534; ICMP 5834; ATCC 9563; XP 20	CFBP 2534; ICMP 5834; ATCC 9563		yes	3	SAMN41997685; SAMN03142817	Xanthomonas phaseoli pv. phaseoli	Microbe sample from Xanthomonas phaseoli pv. phaseoli	NCPPB 3035	ncppb_number	103	101	2	0		0		0		0		non_xanthomonas_organism:101; query_returned_no_biosample_records:2	confirmed_biosample_match	confirmed_current_algorithmic_match	At least one accepted BioSample match and no current high-priority review flag.
NCPPB 3040	Xanthomonas graminis pv. graminis Tambong et al. 2024	Xanthomonas campestris pv. graminis (Egli et al. 1975) Dye 1978	This isolate was isolated by J.E. Sellwood A895		A 895	A 895		A 895	no	0						2	0	2	0		0		0		0		query_returned_no_biosample_records:2	no_confirmed_match_yet	no_confirmed_biosample_match	No accepted BioSample match in the current local-evidence filter output.
NCPPB 3041	Xanthomonas graminis pv. graminis Tambong et al. 2024	Xanthomonas campestris pv. graminis (Egli et al. 1975) Dye 1978	This isolate was isolated by P. Roberts A905		A 905	A 905		A 905	no	0						2	0	2	0		0		0		0		query_returned_no_biosample_records:2	no_confirmed_match_yet	no_confirmed_biosample_match	No accepted BioSample match in the current local-evidence filter output.
NCPPB 3058	Xanthomonas phaseoli pv. manihotis (Bondar 1912) Constantin et al. 2016 comb. nov.	Xanthomonas campestris pv. manihotis (Berthet & Bondar 1915) Dye 1978							no	0						1	0	1	0		0		0		0		query_returned_no_biosample_records:1	no_confirmed_match_yet	no_confirmed_biosample_match	No accepted BioSample match in the current local-evidence filter output.
NCPPB 3059	Xanthomonas phaseoli pv. manihotis (Bondar 1912) Constantin et al. 2016 comb. nov.	Xanthomonas campestris pv. manihotis (Berthet & Bondar 1915) Dye 1978	This isolate was isolated by H. Maraite Z291		Z 291	Z 291		Z 291	no	0						18	15	0	3	SAMN17385960; SAMN17385948; SAMN17385947	0		3	SAMN17385947; SAMN17385948; SAMN17385960	0		non_xanthomonas_organism:15; conflicting_ncppb_number:1946:1; conflicting_ncppb_number:2986:1; conflicting_ncppb_number:347:1	manual_review_required	P2_conflicting_identifier_review	Rejected/review candidates include conflicting NCPPB numbers.
NCPPB 3060	Xanthomonas phaseoli pv. manihotis (Bondar 1912) Constantin et al. 2016 comb. nov.	Xanthomonas campestris pv. manihotis (Berthet & Bondar 1915) Dye 1978	This isolate was isolated by H. Maraite N578		N 578	N 578		N 578	no	0						101	100	1	0		0		0		0		non_xanthomonas_organism:100; query_returned_no_biosample_records:1	no_confirmed_match_yet	no_confirmed_biosample_match	No accepted BioSample match in the current local-evidence filter output.
NCPPB 3061	Xanthomonas cassavae (ex Wiehe & Dowson 1953) Vauterin et al. 1995	Xanthomonas campestris pv. cassavae	This isolate is also in the collections; ICMP 8816, LMG 671 This isolate was isolated by M. Maraite R662	ICMP 8816; LMG 671	ICMP 8816; LMG 671; R 662	ICMP 8816; LMG 671; R 662	ICMP 8816; LMG 671	R 662	no	0						103	100	3	0		0		0		0		non_xanthomonas_organism:100; query_returned_no_biosample_records:3	no_confirmed_match_yet	no_confirmed_biosample_match	No accepted BioSample match in the current local-evidence filter output.
NCPPB 3062	Xanthomonas cassavae (ex Wiehe & Dowson 1953) Vauterin et al. 1995	Xanthomonas campestris pv. cassavae	This isolate is also in the collections; LMG 672 This isolate was isolated by M. Maraite R704	LMG 672	LMG 672; R 704	LMG 672; R 704	LMG 672	R 704	no	0						70	69	1	0		0		0		0		non_xanthomonas_organism:69; query_returned_no_biosample_records:1	no_confirmed_match_yet	no_confirmed_biosample_match	No accepted BioSample match in the current local-evidence filter output.
NCPPB 3066	Xanthomonas graminis pv. graminis Tambong et al. 2024	Xanthomonas campestris pv. graminis (Egli et al. 1975) Dye 1978	This isolate was isolated by J.E. Sellwood A960		A 960	A 960		A 960	no	0						2	0	2	0		0		0		0		query_returned_no_biosample_records:2	no_confirmed_match_yet	no_confirmed_biosample_match	No accepted BioSample match in the current local-evidence filter output.
NCPPB 3078	Xanthomonas arboricola Vauterin et al. 1995		The donor reference is ENA503 This isolate was isolated by ex A. Frenhani		ENA 503	ENA 503			no	0						101	99	1	0		1	SAMEA114922136	1	SAMEA114922136	0		non_xanthomonas_organism:99; query_returned_no_biosample_records:1; no_exact_strain_identifier_match:1	manual_review_required	P3_taxon_only_review	Target-taxon BioSample candidates exist but no exact strain identifier was found.
NCPPB 3079	Xanthomonas euvesicatoria pv. paulliniae (Robbs, Medieros & Kimura 1982) Harrison et al. 2023		This isolate is also in the collections; ICMP 8919, LMG 9053 This isolate was isolated by C.F. Robbs ENA 2154	ICMP 8919; LMG 9053	ICMP 8919; LMG 9053; ENA 2154	ICMP 8919; LMG 9053; ENA 2154	ICMP 8919; LMG 9053		yes	1	SAMN19988983	Xanthomonas campestris pv. paulliniae	Microbe sample from Xanthomonas campestris pv. paulliniae	NCPPB 3079	ncppb_number	13	11	2	0		0		0		0		non_xanthomonas_organism:11; query_returned_no_biosample_records:2	confirmed_biosample_match	confirmed_current_algorithmic_match	At least one accepted BioSample match and no current high-priority review flag.
NCPPB 3082	Xanthomonas euvesicatoria pv. paulliniae (Robbs, Medieros & Kimura 1982) Harrison et al. 2023		This isolate was isolated by C.F. Robbs ENA 2564		ENA 2564	ENA 2564			no	0						9	8	1	0		0		0		0		non_xanthomonas_organism:8; query_returned_no_biosample_records:1	no_confirmed_match_yet	no_confirmed_biosample_match	No accepted BioSample match in the current local-evidence filter output.
NCPPB 3086	Xanthomonas axonopodis pv. desmodiilaxiflori (Pant & Kulkarni 1977) Vauterin et al. 1995	Xanthomonas desmodiilaxiflori Pant & Kulkarni 1977	This isolate is also in the collections; ICMP 6502, LMG 9046 The source of this isolate was ex ITCC 29 ex N.M. Pant	ICMP 6502; LMG 9046	ICMP 6502; LMG 9046; ITCC 29	ICMP 6502; LMG 9046; ITCC 29	ICMP 6502; LMG 9046; ITCC 29		yes	2	SAMN42278568	Xanthomonas axonopodis pv. desmodiilaxiflori	Genome sequencing of Xanthomonas axonopodis pv. desmodiilaxiflori (Pant & Kulkarni 1977) Vauterin et al. 1995 NCPPB 3086	NCPPB 3086	ncppb_number	2	1	1	0		0		0		0		query_returned_no_biosample_records:1; non_xanthomonas_organism:1	confirmed_biosample_match	confirmed_current_algorithmic_match	At least one accepted BioSample match and no current high-priority review flag.
NCPPB 3092	Xanthomonas axonopodis pv. clitoriae (Pandit & Kulkarni 1979) Vauterin et al. 1995	Xanthomonas campestris f.sp . clitoriae	The donor reference is B7090 This isolate is also in the collections; ICMP 6574, LMG 9045 This isolate was isolated by ex Y.S. Kulkarni	ICMP 6574; LMG 9045	ICMP 6574; LMG 9045; B 7090	ICMP 6574; LMG 9045; B 7090	ICMP 6574; LMG 9045	B 7090	no	0						5	2	3	0		0		0		0		query_returned_no_biosample_records:3; non_xanthomonas_organism:2	no_confirmed_match_yet	no_confirmed_biosample_match	No accepted BioSample match in the current local-evidence filter output.
NCPPB 3110	Xanthomonas citri pv. anacardii (Ah-You et al. 2007) Constantin et al. 2016 comb. nov.		This isolate was isolated by C.F. Robbs ENA 2530		ENA 2530	ENA 2530			no	0						8	7	1	0		0		0		0		non_xanthomonas_organism:7; query_returned_no_biosample_records:1	no_confirmed_match_yet	no_confirmed_biosample_match	No accepted BioSample match in the current local-evidence filter output.
NCPPB 3114	Xanthomonas citri pv. merremiae (Pant & Kulkarni 1976) Harrison et al. 2023		This isolate is also in the collections; ICMP 6747, LMG 9051 This isolate was isolated by ex N.M. Pant P30 The source of this isolate was ex ITCC	ICMP 6747; LMG 9051	ICMP 6747; LMG 9051; P 30	ICMP 6747; LMG 9051; P 30	ICMP 6747; LMG 9051	P 30	yes	1	SAMN19988993	Xanthomonas campestris pv. merremiae	Microbe sample from Xanthomonas campestris pv. merremiae	NCPPB 3114	ncppb_number	102	100	2	0		0		0		0		non_xanthomonas_organism:100; query_returned_no_biosample_records:2	confirmed_biosample_match	confirmed_current_algorithmic_match	At least one accepted BioSample match and no current high-priority review flag.
NCPPB 3119	Xanthomonas hortorum pv. pelargonii (Brown 1923) Vauterin et al. 1995	Xanthomonas campestris pv. pelargoniiXanthomonas campestris pv. pelargonii	This isolate was isolated by ex J. Mahillon						no	0						1	0	1	0		0		0		0		query_returned_no_biosample_records:1	no_confirmed_match_yet	no_confirmed_biosample_match	No accepted BioSample match in the current local-evidence filter output.
NCPPB 3125	Xanthomonas citri pv. mangiferaeindicae (Patel et al. 1948) Constantin et al. 2016 comb. nov.		This isolate was isolated by M.L. Moffett 0839		MOFFETT 0839	MOFFETT 0839		MOFFETT 0839	no	0						2	0	2	0		0		0		0		query_returned_no_biosample_records:2	no_confirmed_match_yet	no_confirmed_biosample_match	No accepted BioSample match in the current local-evidence filter output.
NCPPB 3135	Xanthomonas citri pv. citri (Hasse 1915) Constantin 2016 comb. nov.	Xanthomonas campestris pv. citri (Hasse 1915) Dye 1979							no	0						1	0	1	0		0		0		0		query_returned_no_biosample_records:1	no_confirmed_match_yet	no_confirmed_biosample_match	No accepted BioSample match in the current local-evidence filter output.
NCPPB 3136	Xanthomonas citri pv. citri (Hasse 1915) Constantin 2016 comb. nov.	Xanthomonas campestris pv. citri (Hasse 1915) Dye 1979	This isolate was isolated by J.R. Neto 246		NETO 246	NETO 246		NETO 246	no	0						2	0	2	0		0		0		0		query_returned_no_biosample_records:2	no_confirmed_match_yet	no_confirmed_biosample_match	No accepted BioSample match in the current local-evidence filter output.
NCPPB 3140	Xanthomonas phaseoli pv. passiflorae (Pereira 1969) Harrison et al. 2023		The donor reference is 120		IS 120			IS 120	no	0						1	0	1	0		0		0		0		query_returned_no_biosample_records:1	no_confirmed_match_yet	no_confirmed_biosample_match	No accepted BioSample match in the current local-evidence filter output.
NCPPB 3155	Xanthomonas arboricola pv. pruni (Smith 1903) Vauterin et al. 1995	Xanthomonas campestris pv. pruni	This isolate was isolated by C. Bazzi 1192-IPV-BO		BAZZI 1192-IPV-BO	BAZZI 1192-IPV-BO		BAZZI 1192-IPV-BO	no	0						2	0	2	0		0		0		0		query_returned_no_biosample_records:2	no_confirmed_match_yet	no_confirmed_biosample_match	No accepted BioSample match in the current local-evidence filter output.
NCPPB 3156	Xanthomonas arboricola pv. pruni (Smith 1903) Vauterin et al. 1995	Xanthomonas campestris pv. pruni	This isolate was isolated by U. Mazzucchi 1236 IPV-BO		MAZZUCCHI 1236	MAZZUCCHI 1236		MAZZUCCHI 1236	no	0						2	0	2	0		0		0		0		query_returned_no_biosample_records:2	no_confirmed_match_yet	no_confirmed_biosample_match	No accepted BioSample match in the current local-evidence filter output.
NCPPB 3161	Xanthomonas phaseoli pv. manihotis (Bondar 1912) Constantin et al. 2016 comb. nov.	Xanthomonas campestris pv. manihotis (Berthet & Bondar 1915) Dye 1978	The donor reference is B6812 This isolate was isolated by ex G. Persley C6		B 6812; C 6	B 6812; C 6		B 6812; C 6	no	0						116	115	1	0		0		0		0		non_xanthomonas_organism:115; query_returned_no_biosample_records:1	no_confirmed_match_yet	no_confirmed_biosample_match	No accepted BioSample match in the current local-evidence filter output.
NCPPB 3162	Xanthomonas vasicola pv. holcicola (Elliott 1930) Vauterin et al. 1995	Xanthomonas holcicola Elliott 1930	This isolate was isolated by J.F. Bradbury B6892b		B 6892B	B 6892B		B 6892B	yes	1	SAMN22555461	Xanthomonas citri	Microbe sample from Xanthomonas citri	NCPPB 3162	ncppb_number	1	0	1	0		0		0		0		query_returned_no_biosample_records:1	confirmed_biosample_match	confirmed_current_algorithmic_match	At least one accepted BioSample match and no current high-priority review flag.
NCPPB 3168	Xanthomonas cucurbitae (ex Bryan 1926) Vauterin et al. 1995	Xanthomonas campestris pv. cucurbitae	The donor reference is B7147		B 7147	B 7147		B 7147	no	0						13	12	1	0		0		0		0		non_xanthomonas_organism:12; query_returned_no_biosample_records:1	no_confirmed_match_yet	no_confirmed_biosample_match	No accepted BioSample match in the current local-evidence filter output.
NCPPB 3169	Xanthomonas citri pv. vignicola (Burkholder 1944) Constantin et al. 2016 comb. nov.	Xanthomonas campestris pv. vignicola (Burkholder 1944) Dye 1978	This isolate is also in the collections; CFBP 7114 This isolate was isolated by J.F. Bradbury B 7166	CFBP 7114	CFBP 7114; B 7166	CFBP 7114; B 7166	CFBP 7114	B 7166	no	0						22	20	2	0		0		0		0		non_xanthomonas_organism:20; query_returned_no_biosample_records:2	no_confirmed_match_yet	no_confirmed_biosample_match	No accepted BioSample match in the current local-evidence filter output.
NCPPB 3170	Xanthomonas translucens pv. translucens (Jones et al. 1917) Vauterin et al. 1995	Xanthomonas campestris pv. translucens (Jones et al. 1917) Dye 1978	This isolate was isolated by J.F. Bradbury B7205		B 7205	B 7205		B 7205	no	0						18	17	1	0		0		0		0		non_xanthomonas_organism:17; query_returned_no_biosample_records:1	no_confirmed_match_yet	no_confirmed_biosample_match	No accepted BioSample match in the current local-evidence filter output.
NCPPB 3172	Xanthomonas phaseoli pv. manihotis (Bondar 1912) Constantin et al. 2016 comb. nov.	Xanthomonas campestris pv. manihotis (Berthet & Bondar 1915) Dye 1978	The donor reference is B7299 This isolate was isolated by ex G. Persley 1		B 7299; PERSLEY 1	B 7299; PERSLEY 1		B 7299; PERSLEY 1	no	0						13	11	2	0		0		0		0		non_xanthomonas_organism:11; query_returned_no_biosample_records:2	no_confirmed_match_yet	no_confirmed_biosample_match	No accepted BioSample match in the current local-evidence filter output.
NCPPB 3173	Xanthomonas euvesicatoria pv. coracanae (Desai et al. 1965) Constantin et al. 2016 comb. nov.	Xanthomonas campestris pv. coracanae (Desai et al. 1965) Dye 1978	This isolate was isolated by J.F. Bradbury B7343		B 7343	B 7343		B 7343	no	0						19	18	1	0		0		0		0		non_xanthomonas_organism:18; query_returned_no_biosample_records:1	no_confirmed_match_yet	no_confirmed_biosample_match	No accepted BioSample match in the current local-evidence filter output.
NCPPB 3174	Xanthomonas sp. Dowson 1939	Xanthomonas sp.	The donor reference is B7344b This isolate was isolated by J.f. Bradbury		B 7344B	B 7344B		B 7344B	yes	1	SAMN42161513	Xanthomonas sp. NCPPB 3174	Genome sequencing of Xanthomonas sp. NCPPB 3174	NCPPB 3174	ncppb_number	1	0	1	0		0		0		0		query_returned_no_biosample_records:1	confirmed_biosample_match	confirmed_current_algorithmic_match	At least one accepted BioSample match and no current high-priority review flag.
NCPPB 3176	Xanthomonas translucens pv. translucens (Jones et al. 1917) Vauterin et al. 1995	Xanthomonas campestris pv. translucens (Jones et al. 1917) Dye 1978	This isolate was isolated by J.F. Bradbury B7380		B 7380	B 7380		B 7380	no	0						13	12	1	0		0		0		0		non_xanthomonas_organism:12; query_returned_no_biosample_records:1	no_confirmed_match_yet	no_confirmed_biosample_match	No accepted BioSample match in the current local-evidence filter output.
NCPPB 3177	Xanthomonas oryzae pv. oryzae (Ishiyama 1922) Swings et al. 1990	Xanthomonas campestris pv. oryzae(Ishiyama 1922) Dye 1978	The donor reference is B7385 This isolate was isolated by ex N.M. Kalyni No3		B 7385; NO 3	B 7385; NO 3		B 7385; NO 3	no	0						109	108	1	0		0		0		0		non_xanthomonas_organism:108; query_returned_no_biosample_records:1	no_confirmed_match_yet	no_confirmed_biosample_match	No accepted BioSample match in the current local-evidence filter output.
NCPPB 3178	Xanthomonas vesicatoria (ex Doidge 1920) Vauterin et al. 1995	Xanthomonas campestris pv. vesicatoria (Doidge 1920) Dye 1978	This isolate was isolated by J.F. Bradbury B7440a		B 7440A	B 7440A		B 7440A	no	0						2	0	2	0		0		0		0		query_returned_no_biosample_records:2	no_confirmed_match_yet	no_confirmed_biosample_match	No accepted BioSample match in the current local-evidence filter output.
NCPPB 3182	Xanthomonas campestris pv. amaranthicola (Patel et al. 1952) Dye 1978		This isolate was isolated by J.F. Bradbury B 7567		B 7567	B 7567		B 7567	no	0						43	42	1	0		0		0		0		non_xanthomonas_organism:42; query_returned_no_biosample_records:1	no_confirmed_match_yet	no_confirmed_biosample_match	No accepted BioSample match in the current local-evidence filter output.
NCPPB 3187	Xanthomonas citri pv. vignicola (Burkholder 1944) Constantin et al. 2016 comb. nov.	Xanthomonas campestris pv. vignicola (Burkholder 1944) Dye 1978	This isolate is also in the collections; CFBP 7115 This isolate was isolated by J.F. Bradbury B 7613a	CFBP 7115	CFBP 7115; B 7613A	CFBP 7115; B 7613A	CFBP 7115	B 7613A	no	0						3	0	3	0		0		0		0		query_returned_no_biosample_records:3	no_confirmed_match_yet	no_confirmed_biosample_match	No accepted BioSample match in the current local-evidence filter output.
NCPPB 3191	Xanthomonas phaseoli pv. manihotis (Bondar 1912) Constantin et al. 2016 comb. nov.	Xanthomonas campestris pv. manihotis (Berthet & Bondar 1915) Dye 1978	The donor reference is B7790 This isolate was isolated by ex A.L.G. Pereira BM12 The source of this isolate was ex H. Maraite		B 7790; BM 12	B 7790; BM 12		B 7790	no	0						103	102	1	0		0		0		0		non_xanthomonas_organism:102; query_returned_no_biosample_records:1	no_confirmed_match_yet	no_confirmed_biosample_match	No accepted BioSample match in the current local-evidence filter output.
NCPPB 3192	Xanthomonas cassavae (ex Wiehe & Dowson 1953) Vauterin et al. 1995	Xanthomonas campestris pv. cassavae	The donor reference is B7791 This isolate is also in the collections; NCPPB 3061 This isolate was isolated by ex M. Maraite R662		B 7791; NCPPB 3061; R 662	B 7791; NCPPB 3061; R 662		B 7791; R 662	no	0						142	140	2	0		0		0		0		non_xanthomonas_organism:140; query_returned_no_biosample_records:2	no_confirmed_match_yet	no_confirmed_biosample_match	No accepted BioSample match in the current local-evidence filter output.
NCPPB 3194	Xanthomonas phaseoli pv. manihotis (Bondar 1912) Constantin et al. 2016 comb. nov.	Xanthomonas campestris pv. manihotis (Berthet & Bondar 1915) Dye 1978	This isolate was isolated by J.F. Bradbury B7797		B 7797	B 7797		B 7797	no	0						4	3	1	0		0		0		0		non_xanthomonas_organism:3; query_returned_no_biosample_records:1	no_confirmed_match_yet	no_confirmed_biosample_match	No accepted BioSample match in the current local-evidence filter output.
NCPPB 3200	Xanthomonas sp. Dowson 1939	Xanthomonas sp.	The donor reference is B8059 This isolate was isolated by J.F. Bradbury		B 8059	B 8059		B 8059	yes	1	SAMN42923733	Xanthomonas sp. NCPPB 3200	Genome sequencing of Xanthomonas sp. NCPPB 3200	NCPPB 3200	ncppb_number	17	17	0	0		0		0		0		non_xanthomonas_organism:17	confirmed_biosample_match	confirmed_current_algorithmic_match	At least one accepted BioSample match and no current high-priority review flag.
NCPPB 3204	Xanthomonas axonopodis pv. cyamopsidis (Patel et al.1953) Vauterin et al. 1995	Xanthomonas campestris pv. cyamopsidis (Patel et al.1953) Dye 1978	The donor reference is B8327 This isolate was isolated by ex R. Billington		B 8327	B 8327		B 8327	yes	1	SAMN42180200	Xanthomonas axonopodis pv. cyamopsidis	Genome sequencing of Xanthomonas axonopodis pv. cyamopsidis NCPPB 3204	NCPPB 3204	ncppb_number	16	16	0	0		0		0		0		non_xanthomonas_organism:16	confirmed_biosample_match	confirmed_current_algorithmic_match	At least one accepted BioSample match and no current high-priority review flag.
NCPPB 3207	Xanthomonas campestris pv. campestris (Pammel 1895) Dowson 1939	Xanthomonas campestris pv. campestris (Pammel 1895) Dowson 1939	This isolate was isolated by J.F. Bradbury B8511		B 8511	B 8511		B 8511	no	0						12	11	1	0		0		0		0		non_xanthomonas_organism:11; query_returned_no_biosample_records:1	no_confirmed_match_yet	no_confirmed_biosample_match	No accepted BioSample match in the current local-evidence filter output.
NCPPB 3212	Xanthomonas cerealis pv. cerealis Tambong et al. 2024	Xanthomonas translucens f.sp cerealis Hagborg 1942	This isolate was isolated by J.F. Bradbury B 8597		B 8597	B 8597		B 8597	no	0						19	18	1	0		0		0		0		non_xanthomonas_organism:18; query_returned_no_biosample_records:1	no_confirmed_match_yet	no_confirmed_biosample_match	No accepted BioSample match in the current local-evidence filter output.
NCPPB 3213	Xanthomonas campestris pv. bilvae Chakravarti et al. 1984		The donor reference is B 8600 This isolate is also in the collections; ICMP 8918 This isolate was isolated by ex B.P. Chakravarti BlP	ICMP 8918	ICMP 8918; B 8600	ICMP 8918; B 8600	ICMP 8918	B 8600	yes	3	SAMN49561543; SAMEA3121378; SAMEA114332029	Xanthomonas citri pv. bilvae; Xanthomonas citri	Microbe sample from Xanthomonas citri pv. bilvae; Procaryotic genome sequencing; Xanthomonas citri NCPPB 3213	NCPPB 3213	ncppb_number	26	25	1	0		0		0		0		non_xanthomonas_organism:25; query_returned_no_biosample_records:1	confirmed_biosample_match	confirmed_current_algorithmic_match	At least one accepted BioSample match and no current high-priority review flag.
NCPPB 3215	Xanthomonas translucens pv. translucens (Jones et al. 1917) Vauterin et al. 1995	Xanthomonas campestris pv. translucens (Jones et al. 1917) Dye 1978	The donor reference is B8613 This isolate was isolated by ex R. Raemakers 4		B 8613; RAEMAKERS 4	B 8613; RAEMAKERS 4		B 8613; RAEMAKERS 4	no	0						30	28	2	0		0		0		0		non_xanthomonas_organism:28; query_returned_no_biosample_records:2	no_confirmed_match_yet	no_confirmed_biosample_match	No accepted BioSample match in the current local-evidence filter output.
NCPPB 3218	Xanthomonas sp. Dowson 1939	Xanthomonas sp.	The donor reference is B8718 This isolate was isolated by C.P. Bennett Y3		B 8718; Y 3	B 8718; Y 3		B 8718; Y 3	yes	1	SAMN42161514	Xanthomonas sp. NCPPB 3218	Genome sequencing of Xanthomonas sp. NCPPB 3218	NCPPB 3218	ncppb_number	134	134	0	0		0		0		0		non_xanthomonas_organism:134	confirmed_biosample_match	confirmed_current_algorithmic_match	At least one accepted BioSample match and no current high-priority review flag.
NCPPB 3229	Xanthomonas graminis pv. arrhenatheri Tambong et al. 2024	Xanthomonas campestris pv. arrhenatheri Egli & Schmidt 1982	The donor reference is Xg 719 This isolate is also in the collections; ICMP 7727, LMG 727, CFBP 2056, ATCC 33803 This isolate was isolated by ex J. Herzog Xg 102	ICMP 7727; LMG 727; CFBP 2056; ATCC 33803	ICMP 7727; LMG 727; CFBP 2056; ATCC 33803; XG 719; XG 102	ICMP 7727; LMG 727; CFBP 2056; ATCC 33803; XG 719; XG 102	ICMP 7727; LMG 727; CFBP 2056; ATCC 33803	XG 102	yes	2	SAMN19468000; SAMEA3486180	Xanthomonas graminis pv. arrhenatheri; Xanthomonas graminis pv. arrhenatheri LMG 727	Xanthomonas translucens pv. arrhenatheri LMG 727; Draft genome sequence of Xanthomonas translucens pv. arrhenatheri LMG 727	LMG 727	other_reference_identifier	9	4	5	0		0		0		0		query_returned_no_biosample_records:5; non_xanthomonas_organism:4	confirmed_biosample_match	confirmed_current_algorithmic_match	At least one accepted BioSample match and no current high-priority review flag.
NCPPB 3230	Xanthomonas graminis pv. poae Tambong et al. 2024	Xanthomonas campestris pv. poae Egli & Schmidt 1982	The donor reference is 724 This isolate is also in the collections; ICMP 7726, LMG 728, CFBP 2057, ATCC 33804 This isolate was isolated by ex J. Herzog Xg 122	ICMP 7726; LMG 728; CFBP 2057; ATCC 33804	ICMP 7726; LMG 728; CFBP 2057; ATCC 33804; IS 724; XG 122	ICMP 7726; LMG 728; CFBP 2057; ATCC 33804; XG 122	ICMP 7726; LMG 728; CFBP 2057; ATCC 33804	IS 724; XG 122	yes	3	SAMN19467923; SAMEA3486272; SAMN05258173	Xanthomonas graminis pv. poae	Xanthomonas translucens pv. poae LMG 728; Draft genome sequence of Xanthomonas translucens pv. poae LMG 728; Microbe sample from Xanthomonas graminis pv. poae	LMG 728; ATCC 33804	other_reference_identifier	11	8	3	0		0		0		0		non_xanthomonas_organism:8; query_returned_no_biosample_records:3	confirmed_biosample_match	confirmed_current_algorithmic_match	At least one accepted BioSample match and no current high-priority review flag.
NCPPB 3231	Xanthomonas graminis pv. phlei Tambong et al. 2024	Xanthomonas campestris pv. phlei Egli & Schmidt 1982	The donor reference is Xg 729 This isolate is also in the collections; ICMP 7725, LMG 730, CFBP 2062, ATCC 33805 This isolate was isolated by ex D. Schmidt Xg 135	ICMP 7725; LMG 730; CFBP 2062; ATCC 33805	ICMP 7725; LMG 730; CFBP 2062; ATCC 33805; XG 729; XG 135	ICMP 7725; LMG 730; CFBP 2062; ATCC 33805; XG 729; XG 135	ICMP 7725; LMG 730; CFBP 2062; ATCC 33805	XG 135	yes	2	SAMN19467924; SAMEA3486273	Xanthomonas graminis pv. phlei	Xanthomonas translucens pv. phlei LMG 730; Draft genome sequence of Xanthomonas translucens pv. phlei LMG 730	LMG 730	other_reference_identifier	27	23	4	0		0		0		0		non_xanthomonas_organism:23; query_returned_no_biosample_records:4	confirmed_biosample_match	confirmed_current_algorithmic_match	At least one accepted BioSample match and no current high-priority review flag.
NCPPB 3232	Xanthomonas citri pv. citri (Hasse 1915) Constantin 2016 comb. nov.	Xanthomonas campestris pv. citri (Hasse 1915) Dye 1979	The donor reference is XC59 This isolate was isolated by ex V. Rossetti IBSP-164		IBSP 164; XC 59	IBSP 164; XC 59	IBSP 164		no	0						12	10	2	0		0		0		0		non_xanthomonas_organism:10; query_returned_no_biosample_records:2	no_confirmed_match_yet	no_confirmed_biosample_match	No accepted BioSample match in the current local-evidence filter output.
NCPPB 3233	Xanthomonas citri pv. aurantifolii (Schaad et al. 2007) Constantin et al. 2016 comb. nov.	Xanthomonas campestris pv. citri (Hasse 1915) Dye 1979	The donor reference is XC70 This isolate is also in the collections; LMG 9181, CIVEROLO XC70 This isolate was isolated by ex V. Rossetti The source of this isolate was ex J.W. Miller IBSF 512 'C' type 1	LMG 9181	LMG 9181; XC 70; IBSF 512; TYPE 1	LMG 9181; XC 70; IBSF 512; TYPE 1	LMG 9181	TYPE 1	no	0						108	105	3	0		0		0		0		non_xanthomonas_organism:105; query_returned_no_biosample_records:3	no_confirmed_match_yet	no_confirmed_biosample_match	No accepted BioSample match in the current local-evidence filter output.
NCPPB 3234	Xanthomonas citri pv. citri (Hasse 1915) Constantin 2016 comb. nov.	Xanthomonas campestris pv. citri (Hasse 1915) Dye 1979	The donor reference is XC62 This isolate was isolated by ex M. Koizumi 6501S		XC 62; KOIZUMI 6501S	XC 62; KOIZUMI 6501S		KOIZUMI 6501S	yes	1	SAMEA114332007	Xanthomonas citri pv. citri	Xanthomonas citri pv. citri PD 6311, XC 62	XC 62	other_reference_identifier	9	7	2	0		0		0		0		non_xanthomonas_organism:7; query_returned_no_biosample_records:2	confirmed_biosample_match	confirmed_current_algorithmic_match	At least one accepted BioSample match and no current high-priority review flag.
NCPPB 3235	Xanthomonas citri pv. citri (Hasse 1915) Constantin 2016 comb. nov.	Xanthomonas campestris pv. citri (Hasse 1915) Dye 1979	The donor reference is XC63 This isolate was isolated by ex M. Koizumi 7801		XC 63; KOIZUMI 7801	XC 63; KOIZUMI 7801		KOIZUMI 7801	no	0						11	9	2	0		0		0		0		non_xanthomonas_organism:9; query_returned_no_biosample_records:2	no_confirmed_match_yet	no_confirmed_biosample_match	No accepted BioSample match in the current local-evidence filter output.
NCPPB 3236	Xanthomonas citri pv. aurantifolii (Schaad et al. 2007) Constantin et al. 2016 comb. nov.	Xanthomonas campestris pv. citri (Hasse 1915) Dye 1979	The donor reference is XC64 This isolate is also in the collections; ICMP 15806, LMG 9179, CFBP 2901, CIVEROLO XC64 The source of this isolate was ex M. Goto B-4	ICMP 15806; LMG 9179; CFBP 2901	ICMP 15806; LMG 9179; CFBP 2901; XC 64; B 4	ICMP 15806; LMG 9179; CFBP 2901; XC 64; B 4	ICMP 15806; LMG 9179; CFBP 2901	B 4	yes	2	SAMD00253039; SAMEA114331996	Xanthomonas citri pv. aurantifolii	strain ICMP 15806 of Xanthomonas fuscans subsp. aurantifolii; Xanthomonas citri pv. aurantifolii LMG 9179, XC64	ICMP 15806; LMG 9179	other_reference_identifier	117	115	2	0		0		0		0		non_xanthomonas_organism:115; query_returned_no_biosample_records:2	confirmed_biosample_match	confirmed_current_algorithmic_match	At least one accepted BioSample match and no current high-priority review flag.
NCPPB 3237	Xanthomonas citri pv. aurantifolii (Schaad et al. 2007) Constantin et al. 2016 comb. nov.	Xanthomonas campestris pv. citri (Hasse 1915) Dye 1979	The donor reference is XC69 The source of this isolate was ex J.W. Miller XCll 'B' type 4		XC 69; TYPE 4	XC 69; TYPE 4			yes	2	SAMEA114332008; SAMN23026106	Xanthomonas citri pv. aurantifolii; Xanthomonas hortorum pv. gardneri	Xanthomonas citri pv. aurantifolii PD 6312, XC 69; Microbe sample from Xanthomonas hortorum pv. gardneri	XC 69	other_reference_identifier	169	168	1	0		0		0		0		non_xanthomonas_organism:168; query_returned_no_biosample_records:1	confirmed_biosample_match	confirmed_current_algorithmic_match	At least one accepted BioSample match and no current high-priority review flag.
NCPPB 3240	Xanthomonas vesicatoria (ex Doidge 1920) Vauterin et al. 1995	Xanthomonas campestris pv. vesicatoria (Doidge 1920) Dye 1978	This isolate was isolated by M. Lopez 42-11		LOPEZ 42-11	LOPEZ 42-11		LOPEZ 42-11	no	0						101	100	1	0		0		0		0		non_xanthomonas_organism:100; query_returned_no_biosample_records:1	no_confirmed_match_yet	no_confirmed_biosample_match	No accepted BioSample match in the current local-evidence filter output.
NCPPB 3241	Xylophilus ampelinus (Panagopoulos 1969) Willems et al. 1987		This isolate was isolated by M. Lopez 67-2a		LOPEZ 67-2A	LOPEZ 67-2A		LOPEZ 67-2A	no	0						2	0	2	0		0		0		0		query_returned_no_biosample_records:2	no_confirmed_match_yet	no_confirmed_biosample_match	No accepted BioSample match in the current local-evidence filter output.
NCPPB 3242	Xanthomonas hyacinthi (Wakker 1883) Vauterin et al. 1995	Xanthomonas campestris pv. hyacinthi	This isolate was isolated by J.D. Janse PD28	PD28	PD 28	PD 28	PD 28		no	0						101	100	1	0		0		0		0		non_xanthomonas_organism:100; query_returned_no_biosample_records:1	no_confirmed_match_yet	no_confirmed_biosample_match	No accepted BioSample match in the current local-evidence filter output.
NCPPB 3245	Xanthomonas campestris pv. centellae Basnyat & Kulkarni 1979		This isolate was isolated by ex S.R. Basnyat; The source of this isolate was ex ITCC P32		ITCC P32; P 32	ITCC P32; P 32	ITCC P32	P 32	no	0						102	100	2	0		0		0		0		non_xanthomonas_organism:100; query_returned_no_biosample_records:2	no_confirmed_match_yet	no_confirmed_biosample_match	No accepted BioSample match in the current local-evidence filter output.
NCPPB 3290	Xanthomonas campestris pv. campestris (Pammel 1895) Dowson 1939	Xanthomonas campestris pv. campestris (Pammel 1895) Dowson 1939	This isolate was isolated by M. Pesti 0103		PESTI 0103	PESTI 0103		PESTI 0103	no	0						2	0	2	0		0		0		0		query_returned_no_biosample_records:2	no_confirmed_match_yet	no_confirmed_biosample_match	No accepted BioSample match in the current local-evidence filter output.
NCPPB 3291	Xanthomonas campestris pv. campestris (Pammel 1895) Dowson 1939	Xanthomonas campestris pv. campestris (Pammel 1895) Dowson 1939							no	0						1	0	1	0		0		0		0		query_returned_no_biosample_records:1	no_confirmed_match_yet	no_confirmed_biosample_match	No accepted BioSample match in the current local-evidence filter output.
NCPPB 3292	Xanthomonas campestris pv. campestris (Pammel 1895) Dowson 1939	Xanthomonas campestris pv. campestris (Pammel 1895) Dowson 1939	This isolate was isolated by M. Pesti 0105		PESTI 0105	PESTI 0105		PESTI 0105	no	0						2	0	2	0		0		0		0		query_returned_no_biosample_records:2	no_confirmed_match_yet	no_confirmed_biosample_match	No accepted BioSample match in the current local-evidence filter output.
NCPPB 3301	Xanthomonas oryzae pv. oryzae (Ishiyama 1922) Swings et al. 1990	Xanthomonas campestris pv. oryzae(Ishiyama 1922) Dye 1978	The donor reference is PX061 The source of this isolate was ex T.W. Mew PX061		PX 061	PX 061			no	0						2	1	1	0		0		0		0		query_returned_no_biosample_records:1; non_xanthomonas_organism:1	no_confirmed_match_yet	no_confirmed_biosample_match	No accepted BioSample match in the current local-evidence filter output.
NCPPB 3303	Xanthomonas oryzae pv. oryzae (Ishiyama 1922) Swings et al. 1990	Xanthomonas campestris pv. oryzae(Ishiyama 1922) Dye 1978	The donor reference is PX079 The source of this isolate was ex T.W. Mew		PX 079	PX 079			no	0						3	2	1	0		0		0		0		non_xanthomonas_organism:2; query_returned_no_biosample_records:1	no_confirmed_match_yet	no_confirmed_biosample_match	No accepted BioSample match in the current local-evidence filter output.
NCPPB 3304	Xanthomonas oryzae pv. oryzae (Ishiyama 1922) Swings et al. 1990	Xanthomonas campestris pv. oryzae(Ishiyama 1922) Dye 1978	The donor reference is PXO86 The source of this isolate was ex T.W. Mew		PXO 86	PXO 86			yes	1	SAMN06237132	Xanthomonas oryzae pv. oryzae	Microbe sample from Xanthomonas oryzae pv. oryzae	PXO 86	other_reference_identifier	1	0	1	0		0		0		0		query_returned_no_biosample_records:1	confirmed_biosample_match	confirmed_current_algorithmic_match	At least one accepted BioSample match and no current high-priority review flag.
NCPPB 3311	Xanthomonas vesicatoria (ex Doidge 1920) Vauterin et al. 1995	Xanthomonas campestris pv. vesicatoria (Doidge 1920) Dye 1978	The source of this isolate was .						no	0						1	0	1	0		0		0		0		query_returned_no_biosample_records:1	no_confirmed_match_yet	no_confirmed_biosample_match	No accepted BioSample match in the current local-evidence filter output.
NCPPB 3312	Xanthomonas vesicatoria (ex Doidge 1920) Vauterin et al. 1995	Xanthomonas campestris pv. vesicatoria (Doidge 1920) Dye 1978	The donor reference is 100		IS 100			IS 100	no	0						1	0	1	0		0		0		0		query_returned_no_biosample_records:1	no_confirmed_match_yet	no_confirmed_biosample_match	No accepted BioSample match in the current local-evidence filter output.
NCPPB 3313	Xanthomonas campestris pv. campestris (Pammel 1895) Dowson 1939	Xanthomonas campestris pv. campestris (Pammel 1895) Dowson 1939	This isolate was isolated by M. Pesti 0102		PESTI 0102	PESTI 0102		PESTI 0102	no	0						2	0	2	0		0		0		0		query_returned_no_biosample_records:2	no_confirmed_match_yet	no_confirmed_biosample_match	No accepted BioSample match in the current local-evidence filter output.
NCPPB 3314	Xanthomonas vesicatoria (ex Doidge 1920) Vauterin et al. 1995	Xanthomonas campestris pv. vesicatoria (Doidge 1920) Dye 1978	The donor reference is 109		IS 109			IS 109	no	0						1	0	1	0		0		0		0		query_returned_no_biosample_records:1	no_confirmed_match_yet	no_confirmed_biosample_match	No accepted BioSample match in the current local-evidence filter output.
NCPPB 3315	Xanthomonas vesicatoria (ex Doidge 1920) Vauterin et al. 1995	Xanthomonas campestris pv. vesicatoria (Doidge 1920) Dye 1978	The donor reference is 100		IS 100			IS 100	no	0						1	0	1	0		0		0		0		query_returned_no_biosample_records:1	no_confirmed_match_yet	no_confirmed_biosample_match	No accepted BioSample match in the current local-evidence filter output.
NCPPB 3329	Xanthomonas hortorum pv. pelargonii (Brown 1923) Vauterin et al. 1995	Xanthomonas campestris pv. pelargonii	The donor reference is A2087B This isolate was isolated by ex M. Fenton 3315 lB		A 2087B; FENTON 3315	A 2087B; FENTON 3315		A 2087B; FENTON 3315	no	0						3	0	3	0		0		0		0		query_returned_no_biosample_records:3	no_confirmed_match_yet	no_confirmed_biosample_match	No accepted BioSample match in the current local-evidence filter output.
NCPPB 3330	Xanthomonas hortorum pv. pelargonii (Brown 1923) Vauterin et al. 1995	Xanthomonas campestris pv. pelargonii	The donor reference is A2087C This isolate was isolated by ex M. Fenton 3315 lC		A 2087C; FENTON 3315	A 2087C; FENTON 3315		A 2087C; FENTON 3315	no	0						3	0	3	0		0		0		0		query_returned_no_biosample_records:3	no_confirmed_match_yet	no_confirmed_biosample_match	No accepted BioSample match in the current local-evidence filter output.
NCPPB 3361	Xanthomonas oryzae pv. oryzicola (Fang et al. 1957) Swings et al. 1990	Xanthomonas campestris pv. oryzicola (Fang et al. 1957) Dye 1978	The donor reference is OS-901		OS 901	OS 901			no	0						5	4	1	0		0		0		0		non_xanthomonas_organism:4; query_returned_no_biosample_records:1	no_confirmed_match_yet	no_confirmed_biosample_match	No accepted BioSample match in the current local-evidence filter output.
NCPPB 3363	Xanthomonas oryzae pv. oryzae (Ishiyama 1922) Swings et al. 1990	Xanthomonas campestris pv. oryzae(Ishiyama 1922) Dye 1978	The donor reference is OS-14		OS 14	OS 14			no	0						101	100	1	0		0		0		0		non_xanthomonas_organism:100; query_returned_no_biosample_records:1	no_confirmed_match_yet	no_confirmed_biosample_match	No accepted BioSample match in the current local-evidence filter output.
NCPPB 3380	Xanthomonas phaseoli pv. dieffenbachiae (McCulloch & Pirone 1939) Constantin et al. 2016 comb. nov.	Xanthomonas campestris pv. dieffenbachiae(McCulloch & Pirone 1939) Dye 1978	This isolate was isolated by D. Stead A2192		A 2192	A 2192		A 2192	no	0						2	0	2	0		0		0		0		query_returned_no_biosample_records:2	no_confirmed_match_yet	no_confirmed_biosample_match	No accepted BioSample match in the current local-evidence filter output.
NCPPB 3381	Xanthomonas hortorum pv. pelargonii (Brown 1923) Vauterin et al. 1995	Xanthomonas campestris pv. pelargonii	This isolate was isolated by J.E. Sellwood A2222		A 2222	A 2222		A 2222	no	0						5	4	1	0		0		0		0		non_xanthomonas_organism:4; query_returned_no_biosample_records:1	no_confirmed_match_yet	no_confirmed_biosample_match	No accepted BioSample match in the current local-evidence filter output.
NCPPB 3382	Xanthomonas hyacinthi (Wakker 1883) Vauterin et al. 1995	Xanthomonas campestris pv. hyacinthi	This isolate was isolated by J.E. Sellwood A2184		A 2184	A 2184		A 2184	no	0						2	0	2	0		0		0		0		query_returned_no_biosample_records:2	no_confirmed_match_yet	no_confirmed_biosample_match	No accepted BioSample match in the current local-evidence filter output.
NCPPB 3426	Xanthomonas populi (ex Ridé 1958) van den Mooter & Swings 1990	Xanthomonas populi subsp. salicis	The source of this isolate was ex M. de Kam 90		KAM 90	KAM 90		KAM 90	no	0						24	23	1	0		0		0		0		non_xanthomonas_organism:23; query_returned_no_biosample_records:1	no_confirmed_match_yet	no_confirmed_biosample_match	No accepted BioSample match in the current local-evidence filter output.
NCPPB 3434	Xanthomonas melonis Vauterin et al. 1995	Xanthomonas campestris pv. melonis	This isolate is also in the collections; ICMP 8682, LMG 8670, NETO 68 This isolate was isolated by J.R. Neto IBSBF 68	ICMP 8682; LMG 8670	ICMP 8682; LMG 8670; NETO 68; IBSBF 68	ICMP 8682; LMG 8670; NETO 68; IBSBF 68	ICMP 8682; LMG 8670		yes	1	SAMN22555469	Xanthomonas melonis	Microbe sample from Xanthomonas melonis	NCPPB 3434	ncppb_number	4	0	4	0		0		0		0		query_returned_no_biosample_records:4	confirmed_biosample_match	confirmed_current_algorithmic_match	At least one accepted BioSample match and no current high-priority review flag.
NCPPB 3435	Xanthomonas melonis Vauterin et al. 1995	Xanthomonas campestris pv. melonis	This isolate is also in the collections; ICMP 8688, LMG 8673, NETO 250 This isolate was isolated by J.R. Neto IBSBF 250	ICMP 8688; LMG 8673	ICMP 8688; LMG 8673; NETO 250; IBSBF 250	ICMP 8688; LMG 8673; NETO 250; IBSBF 250	ICMP 8688; LMG 8673		no	0						8	4	4	0		0		0		0		query_returned_no_biosample_records:4; non_xanthomonas_organism:4	no_confirmed_match_yet	no_confirmed_biosample_match	No accepted BioSample match in the current local-evidence filter output.
NCPPB 3437	Xanthomonas phaseoli pv. passiflorae (Pereira 1969) Harrison et al. 2023		This isolate is also in the collections; ICMP 8046	ICMP 8046	ICMP 8046	ICMP 8046	ICMP 8046		no	0						2	0	2	0		0		0		0		query_returned_no_biosample_records:2	no_confirmed_match_yet	no_confirmed_biosample_match	No accepted BioSample match in the current local-evidence filter output.
NCPPB 3438	Xanthomonas phaseoli pv. passiflorae (Pereira 1969) Harrison et al. 2023		This isolate is also in the collections; ICMP 8045 This isolate was isolated by J.R. Neto IBSBF 444	ICMP 8045	ICMP 8045; IBSBF 444	ICMP 8045; IBSBF 444	ICMP 8045		no	0						3	0	3	0		0		0		0		query_returned_no_biosample_records:3	no_confirmed_match_yet	no_confirmed_biosample_match	No accepted BioSample match in the current local-evidence filter output.
NCPPB 3440	Xanthomonas hortorum pv. carotae (Kendrick 1934) Vauterin et al. 1995	Xanthomonas campestris pv. carotae (Kendrick 1934) Dye 1978	The donor reference is IBSBF 368 This isolate is also in the collections; ICMP 7499 This isolate was isolated by ex A. Takatsu UnB 46	ICMP 7499	ICMP 7499; IBSBF 368; UNB 46	ICMP 7499; IBSBF 368; UNB 46	ICMP 7499		yes	1	SAMN40354570	Xanthomonas sp. WHRI 8393	Microbe sample from Xanthomonas sp. WHRI 8393	NCPPB 3440	ncppb_number	42	40	2	0		0		0		0		non_xanthomonas_organism:40; query_returned_no_biosample_records:2	confirmed_biosample_match	confirmed_current_algorithmic_match	At least one accepted BioSample match and no current high-priority review flag.
NCPPB 3441	Xanthomonas sp. Dowson 1939		This isolate was isolated by J.R. Neto IBSBF 511		IBSBF 511	IBSBF 511			yes	2	SAMN42161515	Xanthomonas sp. NCPPB 3441	Genome sequencing of Xanthomonas sp. NCPPB 3441	NCPPB 3441	ncppb_number	0	0	0	0		0		0		0			confirmed_biosample_match	confirmed_current_algorithmic_match	At least one accepted BioSample match and no current high-priority review flag.
NCPPB 3442	Xanthomonas sp. Dowson 1939		The donor reference is IBSBF 506 This isolate is also in the collections; ICMP 8925 This isolate was isolated by ex C.F. Robbs ENA 3123	ICMP 8925	ICMP 8925; IBSBF 506; ENA 3123	ICMP 8925; IBSBF 506; ENA 3123	ICMP 8925		yes	2	SAMN42161516	Xanthomonas sp. NCPPB 3442	Genome sequencing of Xanthomonas sp. NCPPB 3442	NCPPB 3442	ncppb_number	9	7	2	0		0		0		0		non_xanthomonas_organism:7; query_returned_no_biosample_records:2	confirmed_biosample_match	confirmed_current_algorithmic_match	At least one accepted BioSample match and no current high-priority review flag.
NCPPB 3443	Xanthomonas sp. Dowson 1939		The donor reference is IBSBF 505 This isolate was isolated by ex C.F. Robbs ENA 3045		IBSBF 505; ENA 3045	IBSBF 505; ENA 3045			yes	2	SAMN42161485	Xanthomonas sp. NCPPB 3443	Genome sequencing of Xanthomonas sp. NCPPB 3443	NCPPB 3443	ncppb_number	11	10	1	0		0		0		0		non_xanthomonas_organism:10; query_returned_no_biosample_records:1	confirmed_biosample_match	confirmed_current_algorithmic_match	At least one accepted BioSample match and no current high-priority review flag.
NCPPB 3456	Xanthomonas hortorum pv. pelargonii (Brown 1923) Vauterin et al. 1995	Xanthomonas campestris pv. pelargonii	This isolate was isolated by J. Nemeth M192;		M 192	M 192		M 192	no	0						101	100	1	0		0		0		0		non_xanthomonas_organism:100; query_returned_no_biosample_records:1	no_confirmed_match_yet	no_confirmed_biosample_match	No accepted BioSample match in the current local-evidence filter output.
NCPPB 3457	Xanthomonas hortorum pv. pelargonii (Brown 1923) Vauterin et al. 1995	Xanthomonas campestris pv. pelargonii	This isolate was isolated by J. Nemeth M21		M 21	M 21		M 21	no	0						101	100	1	0		0		0		0		non_xanthomonas_organism:100; query_returned_no_biosample_records:1	no_confirmed_match_yet	no_confirmed_biosample_match	No accepted BioSample match in the current local-evidence filter output.
NCPPB 3479	Xanthomonas citri pv. aracearum (Berniac 1974) Constantin et al. 2016 comb. nov.		This isolate was isolated by D.L. Tomlinson PNG11779		PNG 11779	PNG 11779			no	0						2	0	2	0		0		0		0		query_returned_no_biosample_records:2	no_confirmed_match_yet	no_confirmed_biosample_match	No accepted BioSample match in the current local-evidence filter output.
NCPPB 3484	Xylophilus ampelinus (Panagopoulos 1969) Willems et al. 1987		This isolate was isolated by M. Cugnsi 2		CUGNSI 2	CUGNSI 2		CUGNSI 2	no	0						2	0	2	0		0		0		0		query_returned_no_biosample_records:2	no_confirmed_match_yet	no_confirmed_biosample_match	No accepted BioSample match in the current local-evidence filter output.
NCPPB 3559	Xanthomonas euvesicatoria pv. paulliniae (Robbs, Medieros & Kimura 1982) Harrison et al. 2023		The donor reference is 507		IS 507			IS 507	no	0						1	0	1	0		0		0		0		query_returned_no_biosample_records:1	no_confirmed_match_yet	no_confirmed_biosample_match	No accepted BioSample match in the current local-evidence filter output.
NCPPB 3560	Xanthomonas euvesicatoria pv. viegasii (Robbs et al. 1989) Harrison et al. 2023	Xanthomonas campestris pv. viegasii Robbs et al. 1989	The donor reference is IBSBF 575 This isolate is also in the collections; ICMP 9261	ICMP 9261	ICMP 9261; IBSBF 575	ICMP 9261; IBSBF 575	ICMP 9261		no	0						3	0	3	0		0		0		0		query_returned_no_biosample_records:3	no_confirmed_match_yet	no_confirmed_biosample_match	No accepted BioSample match in the current local-evidence filter output.
NCPPB 3561	Xanthomonas euvesicatoria pv. viegasii (Robbs et al. 1989) Harrison et al. 2023	Xanthomonas campestris pv. viegasii Robbs et al. 1989	The donor reference is IBSBF 576		IBSBF 576	IBSBF 576			no	0						2	0	2	0		0		0		0		query_returned_no_biosample_records:2	no_confirmed_match_yet	no_confirmed_biosample_match	No accepted BioSample match in the current local-evidence filter output.
NCPPB 3562	Xanthomonas citri pv. citri (Hasse 1915) Constantin 2016 comb. nov.	Xanthomonas campestris pv. citri (Hasse 1915) Dye 1979	This isolate was isolated by Ramesh Chand IIH-Xcc5		IIH-XCC 5; XCC 5	IIH-XCC 5; XCC 5		IIH-XCC 5; XCC 5	no	0						39	24	2	3	SAMN36368324; SAMN36368323; SAMN36346973	10	SAMN52751975; SAMN52751970; SAMN36348501; SAMN36348500; SAMN36348499; SAMN36348496; SAMN36348493; SAMN36348488; SAMN36348480; SAMN36348479	13	SAMN36346973; SAMN36348479; SAMN36348480; SAMN36348488; SAMN36348493; SAMN36348496; SAMN36348499; SAMN36348500; SAMN36348501; SAMN36368323; SAMN36368324; SAMN52751970; SAMN52751975	0		non_xanthomonas_organism:24; no_exact_strain_identifier_match:10; query_returned_no_biosample_records:2; conflicting_ncppb_number:1946:1; conflicting_ncppb_number:2986:1; conflicting_ncppb_number:1711:1	manual_review_required	P2_conflicting_identifier_review	Rejected/review candidates include conflicting NCPPB numbers.
NCPPB 3563	Xanthomonas citri pv. punicae (Hingorani & Singh 1959) Constantin et al. 2016 comb. nov.	Xanthomonas sp.	This isolate was isolated by Ramesh Chand IIH-Xcp1		IIH-XCP 1; XCP 1	IIH-XCP 1; XCP 1		IIH-XCP 1; XCP 1	yes	2	SAMN06853998; SAMN30096794	Xanthomonas citri pv. punicae	Microbe sample from Xanthomonas axonopodis pv. punicae; Microbe sample from Xanthomonas citri pv. punicae	NCPPB 3563; XCP 1	ncppb_number; other_reference_identifier	5	4	1	0		0		0		0		non_xanthomonas_organism:4; query_returned_no_biosample_records:1	confirmed_biosample_match	confirmed_current_algorithmic_match	At least one accepted BioSample match and no current high-priority review flag.
NCPPB 3566	Xanthomonas campestris pv. campestris (Pammel 1895) Dowson 1939	Xanthomonas campestris pv. campestris (Pammel 1895) Dowson 1939	The donor reference is IIHXCCRI						yes	1	SAMN36346322	Xanthomonas campestris pv. campestris	Genome sequencing of Xcc WHRI 8804 (NCPPB 3566)	NCPPB 3566	ncppb_number	0	0	0	0		0		0		0			confirmed_biosample_match	confirmed_current_algorithmic_match	At least one accepted BioSample match and no current high-priority review flag.
NCPPB 3567	Xanthomonas campestris pv. campestris (Pammel 1895) Dowson 1939	Xanthomonas campestris pv. campestris (Pammel 1895) Dowson 1939	The donor reference is IIHXCCL						no	0						1	0	1	0		0		0		0		query_returned_no_biosample_records:1	no_confirmed_match_yet	no_confirmed_biosample_match	No accepted BioSample match in the current local-evidence filter output.
NCPPB 3568	Xanthomonas campestris pv. centellae Basnyat & Kulkarni 1979		The donor reference is IIHXCCCN						no	0						1	0	1	0		0		0		0		query_returned_no_biosample_records:1	no_confirmed_match_yet	no_confirmed_biosample_match	No accepted BioSample match in the current local-evidence filter output.
NCPPB 3569	Xanthomonas sp. Dowson 1939		The donor reference is 1		IS 1			IS 1	yes	1	SAMN42161486	Xanthomonas sp. NCPPB 3569	Genome sequencing of Xanthomonas sp. NCPPB 3569	NCPPB 3569	ncppb_number	0	0	0	0		0		0		0			confirmed_biosample_match	confirmed_current_algorithmic_match	At least one accepted BioSample match and no current high-priority review flag.
NCPPB 3570	Xanthomonas sp. Dowson 1939		The donor reference is 2		IS 2			IS 2	yes	1	SAMN42161487	Xanthomonas sp. NCPPB 3570	Genome sequencing of Xanthomonas sp. NCPPB 3570	NCPPB 3570	ncppb_number	0	0	0	0		0		0		0			confirmed_biosample_match	confirmed_current_algorithmic_match	At least one accepted BioSample match and no current high-priority review flag.
NCPPB 3573	Xanthomonas phaseoli pv. dieffenbachiae (McCulloch & Pirone 1939) Constantin et al. 2016 comb. nov.	Xanthomonas campestris pv. dieffenbachiae(McCulloch & Pirone 1939) Dye 1978	The donor reference is X2G2		X 2G2	X 2G2		X 2G2	no	0						2	2	0	0		0		0		0		non_xanthomonas_organism:2	no_confirmed_match_yet	no_confirmed_biosample_match	No accepted BioSample match in the current local-evidence filter output.
NCPPB 3582	Xanthomonas sp. Dowson 1939		This isolate was isolated by A.R. Chase X144		X 144	X 144		X 144	yes	1	SAMN42161488	Xanthomonas sp. NCPPB 3582	Genome sequencing of Xanthomonas sp. NCPPB 3582	NCPPB 3582	ncppb_number	100	100	0	0		0		0		0		non_xanthomonas_organism:100	confirmed_biosample_match	confirmed_current_algorithmic_match	At least one accepted BioSample match and no current high-priority review flag.
NCPPB 3583	Xanthomonas sp. Dowson 1939		This isolate was isolated by A R. Chase X 154		X 154	X 154		X 154	yes	1	SAMN42161489	Xanthomonas sp. NCPPB 3583	Genome sequencing of Xanthomonas sp. NCPPB 3583	NCPPB 3583	ncppb_number	100	100	0	0		0		0		0		non_xanthomonas_organism:100	confirmed_biosample_match	confirmed_current_algorithmic_match	At least one accepted BioSample match and no current high-priority review flag.
NCPPB 3586	Xanthomonas phaseoli pv. syngonii (Dickey & Zumoff 1987) Constantin et al. 2016 comb. nov.		This isolate is also in the collections; CVCPB 1806, ICMP 9154, LMG 9055 This isolate was isolated by C.H. Zumoff L-212	ICMP 9154; LMG 9055	ICMP 9154; LMG 9055; CVCPB 1806; L 212	ICMP 9154; LMG 9055; CVCPB 1806; L 212	ICMP 9154; LMG 9055	L 212	yes	2	SAMN04481177; SAMN02903174	Xanthomonas phaseoli pv. syngonii LMG 9055	Pathogen: environmental/food/other sample from Xanthomonas phaseoli pv. syngonii LMG 9055; Microbe sample from Xanthomonas phaseoli pv. syngonii LMG 9055	LMG 9055	other_reference_identifier	103	100	3	0		0		0		0		non_xanthomonas_organism:100; query_returned_no_biosample_records:3	confirmed_biosample_match	confirmed_current_algorithmic_match	At least one accepted BioSample match and no current high-priority review flag.
NCPPB 3587	Xanthomonas phaseoli pv. syngonii (Dickey & Zumoff 1987) Constantin et al. 2016 comb. nov.		This isolate is also in the collections; CVCPB 1696 This isolate was isolated by C H. Zumoff LX105		CVCPB 1696; LX 105	CVCPB 1696; LX 105			no	0						10	8	1	1	SAMEA104068692	0		1	SAMEA104068692	0		non_xanthomonas_organism:8; conflicting_ncppb_number:1469:1; query_returned_no_biosample_records:1	manual_review_required	P2_conflicting_identifier_review	Rejected/review candidates include conflicting NCPPB numbers.
NCPPB 3588	Xanthomonas hortorum pv. hederae (Arnaud 1920) Vauterin et al. 1995	Xanthomonas campestris pv. hederae	The donor reference is X24 This isolate was isolated by ex D.D. Brunk PDD-659-82		PD D-659-82; X 24; PDD 659-82	PD D-659-82; X 24; PDD 659-82	PD D-659-82	X 24	no	0						103	100	3	0		0		0		0		non_xanthomonas_organism:100; query_returned_no_biosample_records:3	no_confirmed_match_yet	no_confirmed_biosample_match	No accepted BioSample match in the current local-evidence filter output.
NCPPB 3589	Xanthomonas hortorum pv. hederae (Arnaud 1920) Vauterin et al. 1995	Xanthomonas campestris pv. hederae	The donor reference is X37 This isolate was isolated by ex J.W. Miller		X 37	X 37		X 37	no	0						101	100	1	0		0		0		0		non_xanthomonas_organism:100; query_returned_no_biosample_records:1	no_confirmed_match_yet	no_confirmed_biosample_match	No accepted BioSample match in the current local-evidence filter output.
NCPPB 3592	Xanthomonas hortorum Vauterin et al. 1995	Xanthomonas campestris pv. vitians (Brown 1918) Dye 1978	The donor reference is A4102a The source of this isolate was ex J. Cooper 2132A		A 4102A; COOPER 2132A	A 4102A; COOPER 2132A		A 4102A; COOPER 2132A	no	0						3	0	3	0		0		0		0		query_returned_no_biosample_records:3	no_confirmed_match_yet	no_confirmed_biosample_match	No accepted BioSample match in the current local-evidence filter output.
NCPPB 3593	Xanthomonas hortorum Vauterin et al. 1995	Xanthomonas campestris pv. vitians (Brown 1918) Dye 1978	The donor reference is A4102b The source of this isolate was ex J. Cooper 2132B		A 4102B; COOPER 2132B	A 4102B; COOPER 2132B		A 4102B; COOPER 2132B	no	0						3	0	3	0		0		0		0		query_returned_no_biosample_records:3	no_confirmed_match_yet	no_confirmed_biosample_match	No accepted BioSample match in the current local-evidence filter output.
NCPPB 3595	Xanthomonas phaseoli pv. phaseoli (Smith 1897) Constantin et al. 2016 comb. nov.		This isolate was isolated by R. Kishun 11H XCP1		KISHUN 11H; XCP 1	KISHUN 11H; XCP 1		KISHUN 11H	yes	1	SAMN30096794	Xanthomonas citri pv. punicae	Microbe sample from Xanthomonas citri pv. punicae	XCP 1	other_reference_identifier	6	4	2	0		0		0		0		non_xanthomonas_organism:4; query_returned_no_biosample_records:2	confirmed_biosample_match	confirmed_current_algorithmic_match	At least one accepted BioSample match and no current high-priority review flag.
NCPPB 3596	Xanthomonas citri pv. mangiferaeindicae (Patel et al. 1948) Constantin et al. 2016 comb. nov.		This isolate was isolated by R. Kishun 11HXCM1		KISHUN 11HXCM1	KISHUN 11HXCM1		KISHUN 11HXCM1	no	0						2	0	2	0		0		0		0		query_returned_no_biosample_records:2	no_confirmed_match_yet	no_confirmed_biosample_match	No accepted BioSample match in the current local-evidence filter output.
NCPPB 3607	Xanthomonas citri pv. citri (Hasse 1915) Constantin 2016 comb. nov.	Xanthomonas campestris pv. citri (Hasse 1915) Dye 1979	This isolate was isolated by R. Chand IIH XCCI						yes	1	SAMEA2827559	Xanthomonas citri pv. citri	Xanthomonas citri pv. citri strain NCPPB 3607	NCPPB 3607	ncppb_number	0	0	0	0		0		0		0			confirmed_biosample_match	confirmed_current_algorithmic_match	At least one accepted BioSample match and no current high-priority review flag.
NCPPB 3608	Xanthomonas citri pv. citri (Hasse 1915) Constantin 2016 comb. nov.	Xanthomonas campestris pv. citri (Hasse 1915) Dye 1979	This isolate was isolated by R. Chand IIHXCC2		IIHXCC 2	IIHXCC 2			no	0						2	0	2	0		0		0		0		query_returned_no_biosample_records:2	no_confirmed_match_yet	no_confirmed_biosample_match	No accepted BioSample match in the current local-evidence filter output.
NCPPB 3609	Xanthomonas citri pv. aurantifolii Schaad et al. 2007	Xanthomonas campestris pv. citri (Hasse 1915) Dye 1979	This isolate was isolated by R. Chand IIHXCC4		IIHXCC 4	IIHXCC 4			no	0						2	0	2	0		0		0		0		query_returned_no_biosample_records:2	no_confirmed_match_yet	no_confirmed_biosample_match	No accepted BioSample match in the current local-evidence filter output.
NCPPB 3611	Xanthomonas campestris pv. viticola (Nayudu 1972) Dye 1978		This isolate was isolated by R. Chand IIH Xcgla						no	0						1	0	1	0		0		0		0		query_returned_no_biosample_records:1	no_confirmed_match_yet	no_confirmed_biosample_match	No accepted BioSample match in the current local-evidence filter output.
NCPPB 3612	Xanthomonas citri pv. citri (Hasse 1915) Constantin 2016 comb. nov.	Xanthomonas campestris pv. citri (Hasse 1915) Dye 1979	The donor reference is IIH XCC7		XCC 7	XCC 7			yes	1	SAMEA2827237	Xanthomonas citri pv. citri	Xanthomonas citri pv. citri strain NCPPB 3612	NCPPB 3612	ncppb_number	2	2	0	0		0		0		0		non_xanthomonas_organism:2	confirmed_biosample_match	confirmed_current_algorithmic_match	At least one accepted BioSample match and no current high-priority review flag.
NCPPB 3614	Xanthomonas vesicatoria (ex Doidge 1920) Vauterin et al. 1995	Xanthomonas campestris pv. vesicatoria (Doidge 1920) Dye 1978	The donor reference is 11H XCVe1		IS 11H; XCVE 1	XCVE 1		IS 11H	no	0						2	0	2	0		0		0		0		query_returned_no_biosample_records:2	no_confirmed_match_yet	no_confirmed_biosample_match	No accepted BioSample match in the current local-evidence filter output.
NCPPB 3615	Xanthomonas citri pv. citri (Hasse 1915) Constantin 2016 comb. nov.	Xanthomonas campestris pv. citri (Hasse 1915) Dye 1979	The donor reference is 11H XCC3		IS 11H; XCC 3	XCC 3		IS 11H	yes	2	SAMEA2827229; SAMEA2827227	Xanthomonas citri pv. citri	Xanthomonas citri pv. citri strain NCPPB 3615	NCPPB 3615	ncppb_number	79	31	0	1	SAMN36368329	47	SAMN37221642; SAMN37221639; SAMN52751973; SAMN52751968; SAMN39930467; SAMN39930458; SAMN39930443; SAMN39930434; SAMN39930428; SAMN39930416; SAMN39941928; SAMN39941922; SAMN39941905; SAMN39941889; SAMN39941888; SAMN39941885; SAMN39941884; SAMN39941863; SAMN39941846; SAMN39941832; SAMN39941795; SAMN39941789; SAMN39941781; SAMN39941729; SAMN36368349; SAMN36368318; SAMN36346978; SAMN25040945; SAMN25040942; SAMN25040939; SAMN26584409; SAMN26584406; SAMN26584403; SAMN26584400; SAMN26584397; SAMN26584394; SAMN26584391; SAMN26584388; SAMN26584385; SAMN16073569; SAMN16073562; SAMN16073552; SAMN16073566; SAMN16073559; SAMN16073556; SAMN08634690; SAMN08634687	48	SAMN08634687; SAMN08634690; SAMN16073552; SAMN16073556; SAMN16073559; SAMN16073562; SAMN16073566; SAMN16073569; SAMN25040939; SAMN25040942; SAMN25040945; SAMN26584385; SAMN26584388; SAMN26584391; SAMN26584394; SAMN26584397; SAMN26584400; SAMN26584403; SAMN26584406; SAMN26584409; SAMN36346978; SAMN36368318; SAMN36368329; SAMN36368349; SAMN37221639; SAMN37221642; SAMN39930416; SAMN39930428; SAMN39930434; SAMN39930443; SAMN39930458; SAMN39930467; SAMN39941729; SAMN39941781; SAMN39941789; SAMN39941795; SAMN39941832; SAMN39941846; SAMN39941863; SAMN39941884; SAMN39941885; SAMN39941888; SAMN39941889; SAMN39941905; SAMN39941922; SAMN39941928; SAMN52751968; SAMN52751973	0		no_exact_strain_identifier_match:47; non_xanthomonas_organism:31; conflicting_ncppb_number:528:1	manual_review_required	P2_conflicting_identifier_review	Rejected/review candidates include conflicting NCPPB numbers.
NCPPB 3638	Xanthomonas campestris pv. parthenii Chand et al. 1995		The donor reference is RCIIHXCP1 This isolate was isolated by R. Chand		RCIIHXCP 1	RCIIHXCP 1			no	0						2	0	2	0		0		0		0		query_returned_no_biosample_records:2	no_confirmed_match_yet	no_confirmed_biosample_match	No accepted BioSample match in the current local-evidence filter output.
NCPPB 3639	Xanthomonas campestris pv. parthenii Chand et al. 1995		The donor reference is RCIIHXCP2 This isolate was isolated by R. Chand		RCIIHXCP 2	RCIIHXCP 2			no	0						2	0	2	0		0		0		0		query_returned_no_biosample_records:2	no_confirmed_match_yet	no_confirmed_biosample_match	No accepted BioSample match in the current local-evidence filter output.
NCPPB 3640	Xanthomonas campestris pv. parthenii Chand et al. 1995		The donor reference is XCP3 This isolate was isolated by R. Chand		XCP 3	XCP 3			yes	1	SAMN30096796	Xanthomonas citri pv. punicae	Microbe sample from Xanthomonas citri pv. punicae	XCP 3	other_reference_identifier	4	3	1	0		0		0		0		non_xanthomonas_organism:3; query_returned_no_biosample_records:1	confirmed_biosample_match	confirmed_current_algorithmic_match	At least one accepted BioSample match and no current high-priority review flag.
NCPPB 3641	Xanthomonas campestris pv. parthenii Chand et al. 1995		The donor reference is XCP4 This isolate was isolated by R. Chand		XCP 4	XCP 4			yes	1	SAMN30096797	Xanthomonas citri pv. punicae	Microbe sample from Xanthomonas citri pv. punicae	XCP 4	other_reference_identifier	4	3	1	0		0		0		0		non_xanthomonas_organism:3; query_returned_no_biosample_records:1	confirmed_biosample_match	confirmed_current_algorithmic_match	At least one accepted BioSample match and no current high-priority review flag.
NCPPB 3642	Xanthomonas campestris pv. viticola (Nayudu 1972) Dye 1978		The donor reference is IIHXCg3 This isolate was isolated by R. Chand		IIHXCG 3	IIHXCG 3			no	0						2	0	2	0		0		0		0		query_returned_no_biosample_records:2	no_confirmed_match_yet	no_confirmed_biosample_match	No accepted BioSample match in the current local-evidence filter output.
NCPPB 3646	Xanthomonas cassavae (ex Wiehe & Dowson 1953) Vauterin et al. 1995	Xanthomonas campestris pv. cassavae	The donor reference is ISBF 272 The source of this isolate was ex O. Kimura ex J.C. Lozano CIAT 1164		ISBF 272; CIAT 1164	ISBF 272; CIAT 1164			no	0						3	0	3	0		0		0		0		query_returned_no_biosample_records:3	no_confirmed_match_yet	no_confirmed_biosample_match	No accepted BioSample match in the current local-evidence filter output.
NCPPB 3647	Xanthomonas cassavae (ex Wiehe & Dowson 1953) Vauterin et al. 1995	Xanthomonas campestris pv. cassavae	The donor reference is ISBF 273 The source of this isolate was ex O. Kimura ex J.C. Lozano CIAT 1195		ISBF 273; CIAT 1195	ISBF 273; CIAT 1195			no	0						3	0	3	0		0		0		0		query_returned_no_biosample_records:3	no_confirmed_match_yet	no_confirmed_biosample_match	No accepted BioSample match in the current local-evidence filter output.
NCPPB 3651	Xanthomonas hortorum pv. carotae (Kendrick 1934) Vauterin et al. 1995	Xanthomonas campestris pv. carotae (Kendrick 1934) Dye 1978	The donor reference is ISBF 366 This isolate is also in the collections; ICMP 7497 The source of this isolate was ex A. Takatsu UnB-45	ICMP 7497	ICMP 7497; ISBF 366; UNB 45	ICMP 7497; ISBF 366; UNB 45	ICMP 7497		no	0						103	100	3	0		0		0		0		non_xanthomonas_organism:100; query_returned_no_biosample_records:3	no_confirmed_match_yet	no_confirmed_biosample_match	No accepted BioSample match in the current local-evidence filter output.
NCPPB 3652	Xanthomonas hortorum pv. carotae (Kendrick 1934) Vauterin et al. 1995	Xanthomonas campestris pv. carotae (Kendrick 1934) Dye 1978	The donor reference is ISBF 367 This isolate is also in the collections; ICMP 7498 The source of this isolate was ex A. Takatsu UnB-47	ICMP 7498	ICMP 7498; ISBF 367; UNB 47	ICMP 7498; ISBF 367; UNB 47	ICMP 7498		no	0						103	100	3	0		0		0		0		non_xanthomonas_organism:100; query_returned_no_biosample_records:3	no_confirmed_match_yet	no_confirmed_biosample_match	No accepted BioSample match in the current local-evidence filter output.
NCPPB 3653	Xanthomonas citri pv. citri (Hasse 1915) Constantin 2016 comb. nov.	Xanthomonas campestris pv. citri (Hasse 1915) Dye 1979	The donor reference is ISBF 353		ISBF 353	ISBF 353			no	0						2	0	2	0		0		0		0		query_returned_no_biosample_records:2	no_confirmed_match_yet	no_confirmed_biosample_match	No accepted BioSample match in the current local-evidence filter output.
NCPPB 3654	Xanthomonas citri pv. aurantifolii (Schaad et al. 2007) Constantin et al. 2016 comb. nov.	Xanthomonas campestris pv. citri (Hasse 1915) Dye 1979	The donor reference is ISBF 380		ISBF 380	ISBF 380			no	0						2	0	2	0		0		0		0		query_returned_no_biosample_records:2	no_confirmed_match_yet	no_confirmed_biosample_match	No accepted BioSample match in the current local-evidence filter output.
NCPPB 3655	Xanthomonas citri pv. aurantifolii (Schaad et al. 2007) Constantin et al. 2016 comb. nov.	Xanthomonas campestris pv. citri (Hasse 1915) Dye 1979	The donor reference is ISBF 381 This isolate is also in the collections; ICMP 8432	ICMP 8432	ICMP 8432; ISBF 381	ICMP 8432; ISBF 381	ICMP 8432		no	0						3	0	3	0		0		0		0		query_returned_no_biosample_records:3	no_confirmed_match_yet	no_confirmed_biosample_match	No accepted BioSample match in the current local-evidence filter output.
NCPPB 3656	Xanthomonas phaseoli pv. dieffenbachiae (McCulloch & Pirone 1939) Constantin et al. 2016 comb. nov.	Xanthomonas campestris pv. dieffenbachiae(McCulloch & Pirone 1939) Dye 1978	The donor reference is ISBF 255 The source of this isolate was ex M.H. Sugimori Fito CIA 2836		ISBF 255; CIA 2836	ISBF 255; CIA 2836			no	0						3	0	3	0		0		0		0		query_returned_no_biosample_records:3	no_confirmed_match_yet	no_confirmed_biosample_match	No accepted BioSample match in the current local-evidence filter output.
NCPPB 3657	Xanthomonas phaseoli pv. dieffenbachiae (McCulloch & Pirone 1939) Constantin et al. 2016 comb. nov.	Xanthomonas campestris pv. dieffenbachiae(McCulloch & Pirone 1939) Dye 1978	The donor reference is ISBF 269		ISBF 269	ISBF 269			no	0						2	0	2	0		0		0		0		query_returned_no_biosample_records:2	no_confirmed_match_yet	no_confirmed_biosample_match	No accepted BioSample match in the current local-evidence filter output.
NCPPB 3658	Xanthomonas citri pv. glycines (Nakano 1919) Constantin et al. 2016 comb.nov.		The donor reference is ISBF 327 This isolate is also in the collections; CFBP 7119	CFBP 7119	CFBP 7119; ISBF 327	CFBP 7119; ISBF 327	CFBP 7119		yes	1	SAMN02469937	Xanthomonas citri pv. glycines CFBP 7119	Sample from Xanthomonas citri pv. glycines CFBP 7119	CFBP 7119	other_reference_identifier	2	0	2	0		0		0		0		query_returned_no_biosample_records:2	confirmed_biosample_match	confirmed_current_algorithmic_match	At least one accepted BioSample match and no current high-priority review flag.
NCPPB 3659	Xanthomonas citri pv. glycines (Nakano 1919) Constantin et al. 2016 comb.nov.		The donor reference is ISBF 333		ISBF 333	ISBF 333			no	0						2	1	1	0		0		0		0		non_xanthomonas_organism:1; query_returned_no_biosample_records:1	no_confirmed_match_yet	no_confirmed_biosample_match	No accepted BioSample match in the current local-evidence filter output.
NCPPB 3660	Xanthomonas citri pv. fuscans (Schaad et al. 2007) Constantin et al. 2016 comb. nov.		The donor reference is ISBF 253		ISBF 253	ISBF 253			yes	1	SAMN03142811	Xanthomonas citri pv. fuscans	Microbe sample from Xanthomonas citri pv. fuscans	NCPPB 3660	ncppb_number	1	0	1	0		0		0		0		query_returned_no_biosample_records:1	confirmed_biosample_match	confirmed_current_algorithmic_match	At least one accepted BioSample match and no current high-priority review flag.
NCPPB 3661	Xanthomonas arboricola pv. pruni (Smith 1903) Vauterin et al. 1995		The donor reference is ISBF 443		ISBF 443	ISBF 443			no	0						2	0	2	0		0		0		0		query_returned_no_biosample_records:2	no_confirmed_match_yet	no_confirmed_biosample_match	No accepted BioSample match in the current local-evidence filter output.
NCPPB 3662	Xanthomonas axonopodis pv. ricini (Yoshi & Takimoto 1928) Vauterin et al. 1995	Xanthomonas campestris pv. ricini (Yoshi & T akimoto 1928) Dye 1978	The donor reference is ISBF 159 This isolate is also in the collections; ICMP 7462	ICMP 7462	ICMP 7462; ISBF 159	ICMP 7462; ISBF 159	ICMP 7462		yes	1	SAMN42178438	Xanthomonas axonopodis pv. ricini	Genome sequencing of Xanthomonas campestris pv. ricini NCPPB 3662	NCPPB 3662	ncppb_number	2	0	2	0		0		0		0		query_returned_no_biosample_records:2	confirmed_biosample_match	confirmed_current_algorithmic_match	At least one accepted BioSample match and no current high-priority review flag.
NCPPB 3663	Xanthomonas hortorum pv. vitians Morinière et al. 2020	Xanthomonas campestris pv. vitians (Brown 1918) Dye 1978	The donor reference is ISBF 473		ISBF 473	ISBF 473			no	0						2	0	2	0		0		0		0		query_returned_no_biosample_records:2	no_confirmed_match_yet	no_confirmed_biosample_match	No accepted BioSample match in the current local-evidence filter output.
NCPPB 3705	Xanthomonas campestris pv. campestris (Pammel 1895) Dowson 1939	Xanthomonas campestris pv. campestris (Pammel 1895) Dowson 1939	This isolate was isolated by A. Sletten 80-27		SLETTEN 80-27	SLETTEN 80-27		SLETTEN 80-27	no	0						2	0	2	0		0		0		0		query_returned_no_biosample_records:2	no_confirmed_match_yet	no_confirmed_biosample_match	No accepted BioSample match in the current local-evidence filter output.
NCPPB 3706	Xanthomonas hortorum pv. pelargonii (Brown 1923) Vauterin et al. 1995	Xanthomonas campestris pv. pelargonii	This isolate was isolated by A. Sletten 85-37		SLETTEN 85-37	SLETTEN 85-37		SLETTEN 85-37	no	0						2	0	2	0		0		0		0		query_returned_no_biosample_records:2	no_confirmed_match_yet	no_confirmed_biosample_match	No accepted BioSample match in the current local-evidence filter output.
NCPPB 3709	Xanthomonas graminis pv. graminis Tambong et al. 2024	Xanthomonas campestris pv. graminis (Egli et al. 1975) Dye 1978	This isolate was isolated by A. Sletten 78-37		SLETTEN 78-37	SLETTEN 78-37		SLETTEN 78-37	yes	2	SAMN19468006; SAMEA4072397	Xanthomonas graminis pv. graminis	Xanthomonas translucens pv. graminis NCPPB 3709; Draft genome sequence of Xanthomonas translucens pv. graminis NCPPB 3709	NCPPB 3709	ncppb_number	1	0	1	0		0		0		0		query_returned_no_biosample_records:1	confirmed_biosample_match	confirmed_current_algorithmic_match	At least one accepted BioSample match and no current high-priority review flag.
NCPPB 3711	Xanthomonas graminis pv. graminis Tambong et al. 2024	Xanthomonas campestris pv. graminis (Egli et al. 1975) Dye 1978	This isolate was isolated by A. Sletten 78-41		SLETTEN 78-41	SLETTEN 78-41		SLETTEN 78-41	yes	1	SAMN19021786	Xanthomonas graminis pv. graminis	Xanthomonas translucens pv. graminis NCPPB 3711	NCPPB 3711	ncppb_number	1	0	1	0		0		0		0		query_returned_no_biosample_records:1	confirmed_biosample_match	confirmed_current_algorithmic_match	At least one accepted BioSample match and no current high-priority review flag.
NCPPB 3712	Xanthomonas graminis pv. phlei Tambong et al. 2024	Xanthomonas campestris pv. phlei Egli & Schmidt 1982	This isolate was isolated by A. Sletten 78-44		SLETTEN 78-44	SLETTEN 78-44		SLETTEN 78-44	no	0						2	0	2	0		0		0		0		query_returned_no_biosample_records:2	no_confirmed_match_yet	no_confirmed_biosample_match	No accepted BioSample match in the current local-evidence filter output.
NCPPB 3713	Xanthomonas graminis pv. phlei Tambong et al. 2024	Xanthomonas campestris pv. phlei Egli & Schmidt 1982	This isolate was isolated by A. Sletten 78-46		SLETTEN 78-46	SLETTEN 78-46		SLETTEN 78-46	no	0						2	0	2	0		0		0		0		query_returned_no_biosample_records:2	no_confirmed_match_yet	no_confirmed_biosample_match	No accepted BioSample match in the current local-evidence filter output.
NCPPB 3714	Xanthomonas graminis pv. phlei Tambong et al. 2024	Xanthomonas campestris pv. phlei Egli & Schmidt 1982	This isolate was isolated by A. Sletten 78-47		SLETTEN 78-47	SLETTEN 78-47		SLETTEN 78-47	no	0						2	0	2	0		0		0		0		query_returned_no_biosample_records:2	no_confirmed_match_yet	no_confirmed_biosample_match	No accepted BioSample match in the current local-evidence filter output.
NCPPB 3716	Xanthomonas graminis pv. phlei Tambong et al. 2024	Xanthomonas campestris pv. phlei Egli & Schmidt 1982	This isolate was isolated by A. Sletten 80-9		SLETTEN 80-9	SLETTEN 80-9		SLETTEN 80-9	no	0						2	0	2	0		0		0		0		query_returned_no_biosample_records:2	no_confirmed_match_yet	no_confirmed_biosample_match	No accepted BioSample match in the current local-evidence filter output.
NCPPB 3717	Xanthomonas graminis pv. phlei Tambong et al. 2024	Xanthomonas campestris pv. phlei Egli & Schmidt 1982	This isolate was isolated by A. Sletten 80-10		SLETTEN 80-10	SLETTEN 80-10		SLETTEN 80-10	no	0						2	0	2	0		0		0		0		query_returned_no_biosample_records:2	no_confirmed_match_yet	no_confirmed_biosample_match	No accepted BioSample match in the current local-evidence filter output.
NCPPB 3718	Xanthomonas graminis pv. phlei Tambong et al. 2024	Xanthomonas campestris pv. phlei Egli & Schmidt 1982	This isolate was isolated by A. Sletten 80-18		SLETTEN 80-18	SLETTEN 80-18		SLETTEN 80-18	no	0						2	0	2	0		0		0		0		query_returned_no_biosample_records:2	no_confirmed_match_yet	no_confirmed_biosample_match	No accepted BioSample match in the current local-evidence filter output.
NCPPB 3719	Xanthomonas graminis pv. phlei Tambong et al. 2024	Xanthomonas campestris pv. phlei Egli & Schmidt 1982	This isolate was isolated by A. Sletten 80-23		SLETTEN 80-23	SLETTEN 80-23		SLETTEN 80-23	no	0						2	0	2	0		0		0		0		query_returned_no_biosample_records:2	no_confirmed_match_yet	no_confirmed_biosample_match	No accepted BioSample match in the current local-evidence filter output.
NCPPB 3720	Xanthomonas graminis pv. phlei Tambong et al. 2024	Xanthomonas campestris pv. phlei Egli & Schmidt 1982	This isolate was isolated by A. Sletten 87-16		SLETTEN 87-16	SLETTEN 87-16		SLETTEN 87-16	no	0						2	0	2	0		0		0		0		query_returned_no_biosample_records:2	no_confirmed_match_yet	no_confirmed_biosample_match	No accepted BioSample match in the current local-evidence filter output.
NCPPB 3722	Xanthomonas axonopodis pv. begoniae (Takimoto 1934) Vauterin et al. 1995	Xanthomonas begoniae Takimoto 1934	This isolate was isolated by A. Sletten 84-20		SLETTEN 84-20	SLETTEN 84-20		SLETTEN 84-20	no	0						2	0	2	0		0		0		0		query_returned_no_biosample_records:2	no_confirmed_match_yet	no_confirmed_biosample_match	No accepted BioSample match in the current local-evidence filter output.
NCPPB 3742	Xanthomonas citri pv. aurantifolii (Schaad et al. 2007) Constantin et al. 2016 comb. nov.	Xanthomonas campestris pv. citri (Hasse 1915) Dye 1979	The donor reference is IBSBF 392 The source of this isolate was ex D. Zagoty XC-8		IBSBF 392; XC 8	IBSBF 392; XC 8			no	0						69	67	2	0		0		0		0		non_xanthomonas_organism:67; query_returned_no_biosample_records:2	no_confirmed_match_yet	no_confirmed_biosample_match	No accepted BioSample match in the current local-evidence filter output.
NCPPB 3743	Xanthomonas fragariae Kennedy and King 1962	Xanthomonas fragariae Kennedy and King 1962	This isolate was isolated by J.R. Neto IBSBF 90		IBSBF 90	IBSBF 90			yes	2	SAMN39942675; SAMEA4590056	Xanthomonas fragariae	Microbe sample from Xanthomonas fragariae; Xanthomonas fragariae NCPPB 3743	NCPPB 3743	ncppb_number	1	0	1	0		0		0		0		query_returned_no_biosample_records:1	confirmed_biosample_match	confirmed_current_algorithmic_match	At least one accepted BioSample match and no current high-priority review flag.
NCPPB 3744	Xanthomonas arboricola pv. pruni (Smith 1903) Vauterin et al. 1995		This isolate is also in the collections; ICMP 7492 This isolate was isolated by J.R. Neto IBSBF 341	ICMP 7492	ICMP 7492; IBSBF 341	ICMP 7492; IBSBF 341	ICMP 7492		no	0						3	0	3	0		0		0		0		query_returned_no_biosample_records:3	no_confirmed_match_yet	no_confirmed_biosample_match	No accepted BioSample match in the current local-evidence filter output.
NCPPB 3753	Xanthomonas campestris pv. cannabis Severin 1978		This isolate is also in the collections; ICMP 9854 This isolate was isolated by Y. Takiwawa XCN 8201 (546)	ICMP 9854	ICMP 9854; XCN 8201	ICMP 9854; XCN 8201	ICMP 9854		yes	1	SAMN03164132	Xanthomonas cannabis pv. cannabis	Xanthomonas campestris pv. cannabis str. NCPPB 3753	NCPPB 3753	ncppb_number	2	0	2	0		0		0		0		query_returned_no_biosample_records:2	confirmed_biosample_match	confirmed_current_algorithmic_match	At least one accepted BioSample match and no current high-priority review flag.
NCPPB 3754	Xanthomonas campestris pv. cannabis Severin 1978		This isolate is also in the collections; ICMP 9857 This isolate was isolated by Y. Takiwawa XCN 8203 (548)	ICMP 9857	ICMP 9857; XCN 8203	ICMP 9857; XCN 8203	ICMP 9857		no	0						3	0	3	0		0		0		0		query_returned_no_biosample_records:3	no_confirmed_match_yet	no_confirmed_biosample_match	No accepted BioSample match in the current local-evidence filter output.
NCPPB 3758	Xanthomonas axonopodis pv. cyamopsidis (Patel et al.1953) Vauterin et al. 1995	Xanthomonas campestris pv. cyamopsidis (Patel et al.1953) Dye 1978	The donor reference is IBSBF 771 The source of this isolate was ex I.M.G. Almeida		IBSBF 771	IBSBF 771			yes	1	SAMN42180201	Xanthomonas axonopodis pv. cyamopsidis	Genome sequencing of Xanthomonas axonopodis pv. cyamopsidis NCPPB 3758	NCPPB 3758	ncppb_number	1	0	1	0		0		0		0		query_returned_no_biosample_records:1	confirmed_biosample_match	confirmed_current_algorithmic_match	At least one accepted BioSample match and no current high-priority review flag.
NCPPB 3759	Xanthomonas euvesicatoria pv. obscurae (Chand & Singh 1994) Harrison et al. 2023		This isolate is also in the collections; ICMP 12547 This isolate was isolated by R. Chand 1	ICMP 12547	ICMP 12547; CHAND 1	ICMP 12547; CHAND 1	ICMP 12547	CHAND 1	yes	1	SAMN19988984	Xanthomonas campestris pv. obscurae	Microbe sample from Xanthomonas campestris pv. obscurae	NCPPB 3759	ncppb_number	4	3	1	0		0		0		0		non_xanthomonas_organism:3; query_returned_no_biosample_records:1	confirmed_biosample_match	confirmed_current_algorithmic_match	At least one accepted BioSample match and no current high-priority review flag.
NCPPB 3761	Xanthomonas sp. Dowson 1939		This isolate was isolated by R. Chand 4		CHAND 4	CHAND 4		CHAND 4	yes	2	SAMN42161490	Xanthomonas sp. NCPPB 3761	Genome sequencing of Xanthomonas sp. NCPPB 3761	NCPPB 3761	ncppb_number	0	0	0	0		0		0		0			confirmed_biosample_match	confirmed_current_algorithmic_match	At least one accepted BioSample match and no current high-priority review flag.
NCPPB 3776	Xanthomonas arboricola pv. corylina (Miller et al. 1940) Vauterin et al. 1995	Xanthomonas campestris pv. corylina	This isolate was isolated by D.E. Stead						no	0						1	0	1	0		0		0		0		query_returned_no_biosample_records:1	no_confirmed_match_yet	no_confirmed_biosample_match	No accepted BioSample match in the current local-evidence filter output.
NCPPB 3786	Xanthomonas vesicatoria (ex Doidge 1920) Vauterin et al. 1995	Xanthomonas campestris pv. vesicatoria (Doidge 1920) Dye 1978	The donor reference is 9 This isolate was isolated by ex K.I. Beltyukova 9		IS 9; BELTYUKOVA 9	BELTYUKOVA 9		IS 9; BELTYUKOVA 9	no	0						2	0	2	0		0		0		0		query_returned_no_biosample_records:2	no_confirmed_match_yet	no_confirmed_biosample_match	No accepted BioSample match in the current local-evidence filter output.
NCPPB 3795	Xanthomonas euvesicatoria pv. fici (Cavara 1905) Harrison et al. 2023		This isolate is also in the collections; ICMP 11060 This isolate was isolated by J. Duff 19207	ICMP 11060	ICMP 11060; DUFF 19207	ICMP 11060; DUFF 19207	ICMP 11060	DUFF 19207	yes	2	SAMN42175582	Xanthomonas campestris pv. fici	Genome sequencing of Xanthomonas campestris pv. fici NCPPB 3795	NCPPB 3795	ncppb_number	1	0	1	0		0		0		0		query_returned_no_biosample_records:1	confirmed_biosample_match	confirmed_current_algorithmic_match	At least one accepted BioSample match and no current high-priority review flag.
NCPPB 3796	Xanthomonas euvesicatoria pv. fici (Cavara 1905) Harrison et al. 2023		This isolate is also in the collections; ICMP 11059 This isolate was isolated by J. Duff 19206	ICMP 11059	ICMP 11059; DUFF 19206	ICMP 11059; DUFF 19206	ICMP 11059	DUFF 19206	yes	2	SAMN42175583	Xanthomonas campestris pv. fici	Genome sequencing of Xanthomonas campestris pv. fici NCPPB 3796	NCPPB 3796	ncppb_number	1	0	1	0		0		0		0		query_returned_no_biosample_records:1	confirmed_biosample_match	confirmed_current_algorithmic_match	At least one accepted BioSample match and no current high-priority review flag.
NCPPB 3797	Xanthomonas euvesicatoria pv. fici (Cavara 1905) Harrison et al. 2023		This isolate was isolated by J.E. Sellwood A5125/		A 5125	A 5125		A 5125	yes	1	SAMN42175584	Xanthomonas campestris pv. fici	Genome sequencing of Xanthomonas campestris pv. fici NCPPB 3797	NCPPB 3797	ncppb_number	1	0	1	0		0		0		0		query_returned_no_biosample_records:1	confirmed_biosample_match	confirmed_current_algorithmic_match	At least one accepted BioSample match and no current high-priority review flag.
NCPPB 3799	Xanthomonas citri pv. citri (Hasse 1915) Constantin 2016 comb. nov.	Xanthomonas campestris pv. citri (Hasse 1915) Dye 1979	This isolate was isolated by J.E. Sellwood A5128/1		A 5128/1	A 5128/1		A 5128/1	no	0						2	0	2	0		0		0		0		query_returned_no_biosample_records:2	no_confirmed_match_yet	no_confirmed_biosample_match	No accepted BioSample match in the current local-evidence filter output.
NCPPB 3800	Xanthomonas vesicatoria (ex Doidge 1920) Vauterin et al. 1995	Xanthomonas campestris pv. vesicatoria (Doidge 1920) Dye 1978	The donor reference is 13		IS 13			IS 13	no	0						1	0	1	0		0		0		0		query_returned_no_biosample_records:1	no_confirmed_match_yet	no_confirmed_biosample_match	No accepted BioSample match in the current local-evidence filter output.
NCPPB 3801	Xanthomonas vesicatoria (ex Doidge 1920) Vauterin et al. 1995	Xanthomonas campestris pv. vesicatoria (Doidge 1920) Dye 1978	The donor reference is 14		IS 14			IS 14	no	0						1	0	1	0		0		0		0		query_returned_no_biosample_records:1	no_confirmed_match_yet	no_confirmed_biosample_match	No accepted BioSample match in the current local-evidence filter output.
NCPPB 3829	Xanthomonas graminis pv. phlei Tambong et al. 2024	Xanthomonas campestris pv. phlei Egli & Schmidt 1982	This isolate was isolated by A. Sletten 78-38		SLETTEN 78-38	SLETTEN 78-38		SLETTEN 78-38	no	0						2	0	2	0		0		0		0		query_returned_no_biosample_records:2	no_confirmed_match_yet	no_confirmed_biosample_match	No accepted BioSample match in the current local-evidence filter output.
NCPPB 3830	Xanthomonas graminis pv. phlei Tambong et al. 2024	Xanthomonas campestris pv. phlei Egli & Schmidt 1982	This isolate was isolated by A. Sletten 80-20		SLETTEN 80-20	SLETTEN 80-20		SLETTEN 80-20	no	0						2	0	2	0		0		0		0		query_returned_no_biosample_records:2	no_confirmed_match_yet	no_confirmed_biosample_match	No accepted BioSample match in the current local-evidence filter output.
NCPPB 3831	Xanthomonas graminis pv. phlei Tambong et al. 2024	Xanthomonas campestris pv. phlei Egli & Schmidt 1982	This isolate was isolated by A. Sletten 80-22		SLETTEN 80-22	SLETTEN 80-22		SLETTEN 80-22	no	0						2	0	2	0		0		0		0		query_returned_no_biosample_records:2	no_confirmed_match_yet	no_confirmed_biosample_match	No accepted BioSample match in the current local-evidence filter output.
NCPPB 3832	Xanthomonas citri pv. citri (Hasse 1915) Constantin 2016 comb. nov.	Xanthomonas campestris pv. citri (Hasse 1915) Dye 1979	This isolate was isolated by J.E. Sellwood A6340		A 6340	A 6340		A 6340	no	0						2	0	2	0		0		0		0		query_returned_no_biosample_records:2	no_confirmed_match_yet	no_confirmed_biosample_match	No accepted BioSample match in the current local-evidence filter output.
NCPPB 3870	Xanthomonas arboricola pv. corylina (Miller et al. 1940) Vauterin et al. 1995	Xanthomonas campestris pv. corylina	This isolate was isolated by M Scortichini ISPAVE-B-018		ISPAVE-B 018; B 018	ISPAVE-B 018; B 018	ISPAVE-B 018	B 018	no	0						102	100	2	0		0		0		0		non_xanthomonas_organism:100; query_returned_no_biosample_records:2	no_confirmed_match_yet	no_confirmed_biosample_match	No accepted BioSample match in the current local-evidence filter output.
NCPPB 3875	Xanthomonas arboricola pv. corylina (Miller et al. 1940) Vauterin et al. 1995	Xanthomonas campestris pv. corylina	This isolate was isolated by M Scortichini ISPAVE-B- 016		ISPAVE-B 016	ISPAVE-B 016	ISPAVE-B 016		no	0						2	0	2	0		0		0		0		query_returned_no_biosample_records:2	no_confirmed_match_yet	no_confirmed_biosample_match	No accepted BioSample match in the current local-evidence filter output.
NCPPB 3876	Xanthomonas arboricola pv. corylina (Miller et al. 1940) Vauterin et al. 1995	Xanthomonas campestris pv. corylina	This isolate was isolated by M Scortichini ISPAVE-B-017		ISPAVE-B 017; B 017	ISPAVE-B 017; B 017	ISPAVE-B 017	B 017	no	0						102	100	1	1	SAMN36368321	0		1	SAMN36368321	0		non_xanthomonas_organism:100; conflicting_ncppb_number:1043:1; query_returned_no_biosample_records:1	manual_review_required	P2_conflicting_identifier_review	Rejected/review candidates include conflicting NCPPB numbers.
NCPPB 3877	Xanthomonas arboricola pv. pruni (Smith 1903) Vauterin et al. 1995		This isolate was isolated by M Scortichini ISPAVE-B-004		ISPAVE-B 004; B 004	ISPAVE-B 004; B 004	ISPAVE-B 004	B 004	no	0						102	100	1	1	SAMN36368322	0		1	SAMN36368322	0		non_xanthomonas_organism:100; conflicting_ncppb_number:1645:1; query_returned_no_biosample_records:1	manual_review_required	P2_conflicting_identifier_review	Rejected/review candidates include conflicting NCPPB numbers.
NCPPB 3878	Xanthomonas arboricola pv. pruni (Smith 1903) Vauterin et al. 1995		This isolate was isolated by M Scortichini ISPAVE-B-006		ISPAVE-B 006; B 006	ISPAVE-B 006; B 006	ISPAVE-B 006	B 006	no	0						102	100	2	0		0		0		0		non_xanthomonas_organism:100; query_returned_no_biosample_records:2	no_confirmed_match_yet	no_confirmed_biosample_match	No accepted BioSample match in the current local-evidence filter output.
NCPPB 3880	Pseudomonas syringae pv. pisi (Sacket 1916) Young, Dye & Wilkie 1978		The donor reference is A5922		A 5922	A 5922		A 5922	no	0						2	0	1	1	SAMN36368323	0		1	SAMN36368323	0		conflicting_ncppb_number:2986:1; query_returned_no_biosample_records:1	manual_review_required	P2_conflicting_identifier_review	Rejected/review candidates include conflicting NCPPB numbers.
NCPPB 3883	Xanthomonas sp. Dowson 1939		This isolate was isolated by J.D. Mihail 90-101 The source of this isolate was ex C.N. Hodge		MIHAIL 90-101	MIHAIL 90-101		MIHAIL 90-101	yes	2	SAMN57360827; SAMN22552831	Xanthomonas campestris	Microbe sample from Xanthomonas campestris	NCPPB 3883	ncppb_number	2	0	1	1	SAMN36368324	0		1	SAMN36368324	0		conflicting_ncppb_number:1946:1; query_returned_no_biosample_records:1	manual_review_required	P2_conflicting_identifier_review	Rejected/review candidates include conflicting NCPPB numbers.
NCPPB 3884	Xanthomonas sp. Dowson 1939		This isolate was isolated by J.D. Mihail 90-101 The source of this isolate was ex C.N. Hodge		MIHAIL 90-101	MIHAIL 90-101		MIHAIL 90-101	yes	2	SAMN57360826; SAMN22552832	Xanthomonas campestris	Microbe sample from Xanthomonas campestris	NCPPB 3884	ncppb_number	1	0	1	0		0		0		0		query_returned_no_biosample_records:1	confirmed_biosample_match	confirmed_current_algorithmic_match	At least one accepted BioSample match and no current high-priority review flag.
NCPPB 3885	Xanthomonas citri pv. vignicola (Burkholder 1944) Constantin et al. 2016 comb. nov.	Xanthomonas campestris pv. vignicola (Burkholder 1944) Dye 1978	This isolate was isolated by R. Chand BHV RCI						no	0						1	1	0	0		0		0		0		non_xanthomonas_organism:1	no_confirmed_match_yet	no_confirmed_biosample_match	No accepted BioSample match in the current local-evidence filter output.
NCPPB 3886	Xanthomonas euvesicatoria pv. fici (Cavara 1905) Harrison et al. 2023		This isolate was isolated by R. Chand RC2A		RC 2A	RC 2A			yes	1	SAMN42175585	Xanthomonas campestris pv. fici	Genome sequencing of Xanthomonas campestris pv. fici NCPPB 3886	NCPPB 3886	ncppb_number	29	29	0	0		0		0		0		non_xanthomonas_organism:29	confirmed_biosample_match	confirmed_current_algorithmic_match	At least one accepted BioSample match and no current high-priority review flag.
NCPPB 3887	Xanthomonas euvesicatoria pv. fici (Cavara 1905) Harrison et al. 2023		This isolate was isolated by R. Chand RC2B		RC 2B	RC 2B			yes	1	SAMN42175586	Xanthomonas campestris pv. fici	Genome sequencing of Xanthomonas campestris pv. fici NCPPB 3887	NCPPB 3887	ncppb_number	14	14	0	0		0		0		0		non_xanthomonas_organism:14	confirmed_biosample_match	confirmed_current_algorithmic_match	At least one accepted BioSample match and no current high-priority review flag.
NCPPB 3888	Xanthomonas campestris pv. parthenii Chand et al. 1995		This isolate is also in the collections; ICMP 12476 This isolate was isolated by R. Chand RC4B	ICMP 12476	ICMP 12476; RC 4B	ICMP 12476; RC 4B	ICMP 12476		yes	1	SAMN22555468	Xanthomonas campestris pv. parthenii	Microbe sample from Xanthomonas campestris pv. parthenii	NCPPB 3888	ncppb_number	19	18	1	0		0		0		0		non_xanthomonas_organism:18; query_returned_no_biosample_records:1	confirmed_biosample_match	confirmed_current_algorithmic_match	At least one accepted BioSample match and no current high-priority review flag.
NCPPB 3890	Xanthomonas campestris pv. campestris (Pammel 1895) Dowson 1939	Xanthomonas campestris pv. campestris (Pammel 1895) Dowson 1939	This isolate was isolated by A. Aspin A6220		A 6220	A 6220		A 6220	no	0						2	0	2	0		0		0		0		query_returned_no_biosample_records:2	no_confirmed_match_yet	no_confirmed_biosample_match	No accepted BioSample match in the current local-evidence filter output.
NCPPB 3925	Xanthomonas citri pv. vignicola (Burkholder 1944) Constantin et al. 2016 comb. nov.	Xanthomonas campestris pv. vignicola (Burkholder 1944) Dye 1978	The donor reference is RCCP						no	0						1	0	1	0		0		0		0		query_returned_no_biosample_records:1	no_confirmed_match_yet	no_confirmed_biosample_match	No accepted BioSample match in the current local-evidence filter output.
NCPPB 3926	Xanthomonas citri pv. vignicola (Burkholder 1944) Constantin et al. 2016 comb. nov.	Xanthomonas campestris pv. vignicola (Burkholder 1944) Dye 1978	The donor reference is RCIPO						no	0						1	0	1	0		0		0		0		query_returned_no_biosample_records:1	no_confirmed_match_yet	no_confirmed_biosample_match	No accepted BioSample match in the current local-evidence filter output.
NCPPB 3927	Xanthomonas campestris pv. campestris (Pammel 1895) Dowson 1939	Xanthomonas campestris pv. campestris (Pammel 1895) Dowson 1939	The donor reference is IBSBF 1080 This isolate was isolated by ex V.A. Malarotta Jr. The source of this isolate was ex IBSBF		IBSBF 1080	IBSBF 1080			yes	1	SAMN43286079	Xanthomonas campestris pv. campestris	Genome sequencing of Xanthomonas campestris NCPPB 3927 at Fera	NCPPB 3927	ncppb_number	1	1	0	0		0		0		0		non_xanthomonas_organism:1	confirmed_biosample_match	confirmed_current_algorithmic_match	At least one accepted BioSample match and no current high-priority review flag.
NCPPB 3931	Xanthomonas hortorum pv. vitians Morinière et al. 2020	Xanthomonas campestris pv. vitians (Brown 1918) Dye 1978	This isolate was isolated by J.E. Sellwood & J.K. Wilson A6520/1		A 6520/1	A 6520/1		A 6520/1	no	0						2	0	2	0		0		0		0		query_returned_no_biosample_records:2	no_confirmed_match_yet	no_confirmed_biosample_match	No accepted BioSample match in the current local-evidence filter output.
NCPPB 3932	Xanthomonas hortorum pv. vitians Morinière et al. 2020	Xanthomonas campestris pv. vitians (Brown 1918) Dye 1978	This isolate was isolated by J.E. Sellwood & J.K. Wilson A5420/2		A 5420/2	A 5420/2		A 5420/2	no	0						2	0	2	0		0		0		0		query_returned_no_biosample_records:2	no_confirmed_match_yet	no_confirmed_biosample_match	No accepted BioSample match in the current local-evidence filter output.
NCPPB 3942	Xanthomonas sp. Dowson 1939		This isolate was isolated by L. O'Garro W4		W 4	W 4		W 4	no	0						101	100	1	0		0		0		0		non_xanthomonas_organism:100; query_returned_no_biosample_records:1	no_confirmed_match_yet	no_confirmed_biosample_match	No accepted BioSample match in the current local-evidence filter output.
NCPPB 3943	Xanthomonas sp. Dowson 1939		This isolate was isolated by L. O'Garro G6		G 6	G 6		G 6	no	0						101	100	1	0		0		0		0		non_xanthomonas_organism:100; query_returned_no_biosample_records:1	no_confirmed_match_yet	no_confirmed_biosample_match	No accepted BioSample match in the current local-evidence filter output.
NCPPB 3944	Xanthomonas sp. Dowson 1939		This isolate was isolated by L. O'Garro Fr 58B		FR 58B	FR 58B		FR 58B	no	0						2	0	2	0		0		0		0		query_returned_no_biosample_records:2	no_confirmed_match_yet	no_confirmed_biosample_match	No accepted BioSample match in the current local-evidence filter output.
NCPPB 3947	Xanthomonas citri pv. glycines (Nakano 1919) Constantin et al. 2016 comb.nov.		The donor reference is IMI B9313 This isolate was isolated by J.Bradbury		IMI B9313; B 9313	IMI B9313; B 9313	IMI B9313	B 9313	no	0						13	11	2	0		0		0		0		non_xanthomonas_organism:11; query_returned_no_biosample_records:2	no_confirmed_match_yet	no_confirmed_biosample_match	No accepted BioSample match in the current local-evidence filter output.
NCPPB 3948	Xanthomonas axonopodis pv. poinsettiicola (Patel et al. 1951) Vauterin et al. 1995	Xanthomonas campestris pv. poinsettiicola (Patel et al. 1951) Dye 1978	The donor reference is IMI B9336 This isolate was isolated by J.Bradbury		IMI B9336; B 9336	IMI B9336; B 9336	IMI B9336	B 9336	yes	1	SAMN42178462	Xanthomonas axonopodis pv. poinsettiicola	Genome sequencing of Xanthomonas campestris pv. poinsettiicola NCPPB 3948	NCPPB 3948	ncppb_number	26	25	1	0		0		0		0		non_xanthomonas_organism:25; query_returned_no_biosample_records:1	confirmed_biosample_match	confirmed_current_algorithmic_match	At least one accepted BioSample match and no current high-priority review flag.
NCPPB 3949	Xanthomonas oryzae pv. oryzicola (Fang et al. 1957) Swings et al. 1990	Xanthomonas oryzae pv. oryzicola (Fang et al. 1957) Swings et al. 1990	The donor reference is IMI B11542 This isolate was isolated by J.Bradbury		IMI B11542; B 11542	IMI B11542; B 11542	IMI B11542	B 11542	no	0						6	4	2	0		0		0		0		non_xanthomonas_organism:4; query_returned_no_biosample_records:2	no_confirmed_match_yet	no_confirmed_biosample_match	No accepted BioSample match in the current local-evidence filter output.
NCPPB 3950	Xanthomonas arboricola pv. corylina (Miller et al. 1940) Vauterin et al. 1995	Xanthomonas campestris pv. corylina	The donor reference is IMI B11688 This isolate was isolated by J.Bradbury		IMI B11688; B 11688	IMI B11688; B 11688	IMI B11688	B 11688	no	0						7	6	1	0		0		0		0		non_xanthomonas_organism:6; query_returned_no_biosample_records:1	no_confirmed_match_yet	no_confirmed_biosample_match	No accepted BioSample match in the current local-evidence filter output.
NCPPB 3951	Xanthomonas oryzae pv. oryzae (Ishiyama 1922) Swings et al. 1990	Xanthomonas campestris pv. oryzae(Ishiyama 1922) Dye 1978	The donor reference is IMI B9658 This isolate was isolated by J.Bradbury		IMI B9658; B 9658	IMI B9658; B 9658	IMI B9658	B 9658	no	0						6	4	2	0		0		0		0		non_xanthomonas_organism:4; query_returned_no_biosample_records:2	no_confirmed_match_yet	no_confirmed_biosample_match	No accepted BioSample match in the current local-evidence filter output.
NCPPB 3953	Xanthomonas translucens pv. translucens (Jones et al. 1917) Vauterin et al. 1995	Xanthomonas campestris	The donor reference is IMI B9124 This isolate was isolated by J.Bradbury		IMI B9124; B 9124	IMI B9124; B 9124	IMI B9124	B 9124	no	0						16	14	2	0		0		0		0		non_xanthomonas_organism:14; query_returned_no_biosample_records:2	no_confirmed_match_yet	no_confirmed_biosample_match	No accepted BioSample match in the current local-evidence filter output.
NCPPB 3954	Xanthomonas vesicatoria (ex Doidge 1920) Vauterin et al. 1995	Xanthomonas campestris pv. vesicatoria (Doidge 1920) Dye 1978	The donor reference is IMI B11393 This isolate was isolated by J.Bradbury		IMI B11393; B 11393	IMI B11393; B 11393	IMI B11393	B 11393	no	0						4	2	2	0		0		0		0		query_returned_no_biosample_records:2; non_xanthomonas_organism:2	no_confirmed_match_yet	no_confirmed_biosample_match	No accepted BioSample match in the current local-evidence filter output.
NCPPB 3955	Xanthomonas translucens pv. undulosa (Smith et al. 1919) Vauterin et al. 1995	Xanthomonas translucens pv. undulosa (Smith et al. 1919) Vauterin et al. 1995	The donor reference is IMI B11426 This isolate was isolated by J.Bradbury		IMI B11426; B 11426	IMI B11426; B 11426	IMI B11426	B 11426	no	0						13	11	2	0		0		0		0		non_xanthomonas_organism:11; query_returned_no_biosample_records:2	no_confirmed_match_yet	no_confirmed_biosample_match	No accepted BioSample match in the current local-evidence filter output.
NCPPB 3956	Xanthomonas sp. Dowson 1939	Xanthomonas campestris pv undetermined	The donor reference is IMI B11680b This isolate was isolated by J. Bradbury		IMI B11680B; B 11680B	IMI B11680B; B 11680B	IMI B11680B	B 11680B	no	0						3	0	3	0		0		0		0		query_returned_no_biosample_records:3	no_confirmed_match_yet	no_confirmed_biosample_match	No accepted BioSample match in the current local-evidence filter output.
NCPPB 3957	Xanthomonas sp. Dowson 1939	Xanthomonas campestris pv undetermined	The donor reference is IMI B11059 This isolate was isolated by J.Bradbury		IMI B11059; B 11059	IMI B11059; B 11059	IMI B11059	B 11059	no	0						5	3	2	0		0		0		0		non_xanthomonas_organism:3; query_returned_no_biosample_records:2	no_confirmed_match_yet	no_confirmed_biosample_match	No accepted BioSample match in the current local-evidence filter output.
NCPPB 3959	Xanthomonas sp. Dowson 1939	Xanthomonas campestris pv undetermined	The donor reference is IMI B102166 This isolate was isolated by J.Bradbury		IMI B102166; B 102166	IMI B102166; B 102166	IMI B102166	B 102166	yes	1	SAMN42161491	Xanthomonas sp. NCPPB 3959	Genome sequencing of Xanthomonas sp. NCPPB 3959	NCPPB 3959	ncppb_number	3	2	1	0		0		0		0		non_xanthomonas_organism:2; query_returned_no_biosample_records:1	confirmed_biosample_match	confirmed_current_algorithmic_match	At least one accepted BioSample match and no current high-priority review flag.
NCPPB 3960	Xanthomonas hortorum pv. pelargonii (Brown 1923) Vauterin et al. 1995	Xanthomonas campestris pv. pelargonii	This isolate was isolated by A. Aspin CSL962462		CSL 962462	CSL 962462			no	0						2	0	2	0		0		0		0		query_returned_no_biosample_records:2	no_confirmed_match_yet	no_confirmed_biosample_match	No accepted BioSample match in the current local-evidence filter output.
NCPPB 4013	Xanthomonas campestris pv. asclepiadis Flynn & Vidaver 1995	Xanthomonas campestris pv. asclepiadis Flynn & Vidaver 1995	The donor reference is 6 This isolate is also in the collections; ICMP 10007	ICMP 10007	ICMP 10007; IS 6	ICMP 10007	ICMP 10007	IS 6	yes	2	SAMN56511371; SAMN22555464	Xanthomonas campestris pv. asclepiadis	Genome sequencing of Xanthomonas NCPPB 4013; Microbe sample from Xanthomonas campestris pv. asclepiadis	NCPPB 4013	ncppb_number	1	0	1	0		0		0		0		query_returned_no_biosample_records:1	confirmed_biosample_match	confirmed_current_algorithmic_match	At least one accepted BioSample match and no current high-priority review flag.
NCPPB 4014	Xanthomonas campestris pv. asclepiadis Flynn & Vidaver 1995	Xanthomonas campestris pv. asclepiadis Flynn & Vidaver 1995	The donor reference is SB-K						no	0						1	0	1	0		0		0		0		query_returned_no_biosample_records:1	no_confirmed_match_yet	no_confirmed_biosample_match	No accepted BioSample match in the current local-evidence filter output.
NCPPB 4015	Xanthomonas campestris pv. asclepiadis Flynn & Vidaver 1995	Xanthomonas campestris pv. asclepiadis Flynn & Vidaver 1995	The donor reference is M-9		M 9	M 9		M 9	no	0						101	100	1	0		0		0		0		non_xanthomonas_organism:100; query_returned_no_biosample_records:1	no_confirmed_match_yet	no_confirmed_biosample_match	No accepted BioSample match in the current local-evidence filter output.
NCPPB 4031	Xanthomonas hortorum pv. pelargonii (Brown 1923) Vauterin et al. 1995	Xanthomonas campestris pv. pelargonii	The donor reference is 972200 This isolate was isolated by A. Aspin The source of this isolate was ADAS 97001669		IS 972200; ADAS 97001669	ADAS 97001669		IS 972200	no	0						2	0	2	0		0		0		0		query_returned_no_biosample_records:2	no_confirmed_match_yet	no_confirmed_biosample_match	No accepted BioSample match in the current local-evidence filter output.
NCPPB 4032	Xanthomonas hortorum pv. pelargonii (Brown 1923) Vauterin et al. 1995	Xanthomonas campestris pv. pelargonii	The donor reference is 972270 This isolate was isolated by A. Aspin		IS 972270			IS 972270	no	0						1	0	1	0		0		0		0		query_returned_no_biosample_records:1	no_confirmed_match_yet	no_confirmed_biosample_match	No accepted BioSample match in the current local-evidence filter output.
NCPPB 4033	Xanthomonas hortorum pv. vitians Morinière et al. 2020	Xanthomonas campestris pv. vitians (Brown 1918) Dye 1978	The donor reference is 700a This isolate was isolated by ex. F. Sahin		IS 700A			IS 700A	no	0						1	0	1	0		0		0		0		query_returned_no_biosample_records:1	no_confirmed_match_yet	no_confirmed_biosample_match	No accepted BioSample match in the current local-evidence filter output.
NCPPB 4034	Xanthomonas hortorum pv. vitians Morinière et al. 2020	Xanthomonas campestris pv. vitians (Brown 1918) Dye 1978	The donor reference is 701a This isolate was isolated by ex. F. Sahin		IS 701A			IS 701A	no	0						1	0	1	0		0		0		0		query_returned_no_biosample_records:1	no_confirmed_match_yet	no_confirmed_biosample_match	No accepted BioSample match in the current local-evidence filter output.
NCPPB 4037	Xanthomonas sp. Dowson 1939	Xanthomonas campestris pv undetermined	The donor reference is 981703 This isolate was isolated by A Aspin		IS 981703			IS 981703	yes	2	SAMN42161492; SAMN22552836	Xanthomonas sp. NCPPB 4037; Xanthomonas campestris	Genome sequencing of Xanthomonas sp. NCPPB 4037; Microbe sample from Xanthomonas campestris	NCPPB 4037	ncppb_number	0	0	0	0		0		0		0			confirmed_biosample_match	confirmed_current_algorithmic_match	At least one accepted BioSample match and no current high-priority review flag.
NCPPB 4058	Xanthomonas hortorum pv. vitians Morinière et al. 2020	Xanthomonas campestris pv. vitians (Brown 1918) Dye 1978	The donor reference is 985855 This isolate was isolated by H. Stanford		IS 985855			IS 985855	yes	1	SAMN24251536	Xanthomonas hortorum pv. vitians	Microbe sample from Xanthomonas hortorum pv. vitians	NCPPB 4058	ncppb_number	0	0	0	0		0		0		0			confirmed_biosample_match	confirmed_current_algorithmic_match	At least one accepted BioSample match and no current high-priority review flag.
NCPPB 4181	Xanthomonas fragariae Kennedy and King 1962	Xanthomonas fragariae Kennedy and King 1962	The donor reference is 463		IS 463			IS 463	yes	1	SAMN39942677	Xanthomonas fragariae	Microbe sample from Xanthomonas fragariae	NCPPB 4181	ncppb_number	0	0	0	0		0		0		0			confirmed_biosample_match	confirmed_current_algorithmic_match	At least one accepted BioSample match and no current high-priority review flag.
NCPPB 4183	Xanthomonas arboricola pv. fragariae Janse et al 2001	Xanthomonas arboricola pv fragariae Janse et al 2001	The donor reference is PD2806 This isolate is also in the collections; 17065 This isolate was isolated by JD Janse	PD2806	PD 2806	PD 2806	PD 2806		no	0						2	0	2	0		0		0		0		query_returned_no_biosample_records:2	no_confirmed_match_yet	no_confirmed_biosample_match	No accepted BioSample match in the current local-evidence filter output.
NCPPB 4210	Xanthomonas sp. Dowson 1939		This isolate was isolated by Helena Stanford						no	0						1	0	1	0		0		0		0		query_returned_no_biosample_records:1	no_confirmed_match_yet	no_confirmed_biosample_match	No accepted BioSample match in the current local-evidence filter output.
NCPPB 4231	Xanthomonas sp. Dowson 1939	Xanthomonas sp.	The donor reference is 2011627 This isolate was isolated by H. Stanford		IS 2011627			IS 2011627	yes	1	SAMN22552841	Xanthomonas campestris	Microbe sample from Xanthomonas campestris	NCPPB 4231	ncppb_number	0	0	0	0		0		0		0			confirmed_biosample_match	confirmed_current_algorithmic_match	At least one accepted BioSample match and no current high-priority review flag.
NCPPB 4232	Xanthomonas sp. Dowson 1939	Xanthomonas sp.	The donor reference is 2011626 This isolate was isolated by H. Stanford		IS 2011626			IS 2011626	yes	1	SAMN22552842	Xanthomonas campestris	Microbe sample from Xanthomonas campestris	NCPPB 4232	ncppb_number	0	0	0	0		0		0		0			confirmed_biosample_match	confirmed_current_algorithmic_match	At least one accepted BioSample match and no current high-priority review flag.
NCPPB 4321	Xanthomonas euvesicatoria pv. perforans (Jones et al. 2006) Constantin et al. 2016 comb. nov.	Xanthomonas perforans	The donor reference is XV938 This isolate is also in the collections; DSM 18975	DSM 18975	DSM 18975; XV 938	DSM 18975; XV 938	DSM 18975		yes	1	SAMN14837221	Xanthomonas perforans	Xanthomonas perforans DSM 18975	DSM 18975	other_reference_identifier	2	0	1	1	SAMEA6962649	0		1	SAMEA6962649	0		conflicting_ncppb_number:2985:1; query_returned_no_biosample_records:1	manual_review_required	P2_conflicting_identifier_review	Rejected/review candidates include conflicting NCPPB numbers.
NCPPB 4322	Xanthomonas euvesicatoria pv. perforans (Jones et al. 2006) Constantin et al. 2016 comb. nov.	Xanthomonas perforans	The donor reference is XV1220		XV 1220	XV 1220			yes	1	SAMN23026091	Xanthomonas perforans	Microbe sample from Xanthomonas perforans	XV 1220	other_reference_identifier	1	0	1	0		0		0		0		query_returned_no_biosample_records:1	confirmed_biosample_match	confirmed_current_algorithmic_match	At least one accepted BioSample match and no current high-priority review flag.
NCPPB 4323	Xanthomonas hortorum pv. gardneri Morinière et al. (2020)	Xanthomonas gardneri	The donor reference is XV444		XV 444	XV 444			no	0						2	1	1	0		0		0		0		query_returned_no_biosample_records:1; non_xanthomonas_organism:1	no_confirmed_match_yet	no_confirmed_biosample_match	No accepted BioSample match in the current local-evidence filter output.
NCPPB 4324	Xanthomonas hortorum pv. gardneri Morinière et al. (2020)	Xanthomonas gardneri	The donor reference is XV448		XV 448	XV 448			no	0						2	1	1	0		0		0		0		query_returned_no_biosample_records:1; non_xanthomonas_organism:1	no_confirmed_match_yet	no_confirmed_biosample_match	No accepted BioSample match in the current local-evidence filter output.
NCPPB 4326	Xanthomonas campestris pv. zantedeschiae (Joubert & Truter 1972) Dye 1978	Xanthomonas campestris pv. zantedeschiae	The donor reference is Xcz A5		A 5	A 5		A 5	no	0						101	100	1	0		0		0		0		non_xanthomonas_organism:100; query_returned_no_biosample_records:1	no_confirmed_match_yet	no_confirmed_biosample_match	No accepted BioSample match in the current local-evidence filter output.
NCPPB 4340	Xanthomonas campestris pv. zinniae (Hopkins & Dowson 1949) Dye 1978	Xanthomonas campestris pv. zinniae	The donor reference is UN-20506424 This isolate was isolated by Helena Stanford The source of this isolate was Diagnosis lab. Ex Zinnia material		UN 20506424	UN 20506424			no	0						2	0	2	0		0		0		0		query_returned_no_biosample_records:2	no_confirmed_match_yet	no_confirmed_biosample_match	No accepted BioSample match in the current local-evidence filter output.
NCPPB 4341	Xanthomonas sacchari Vauterin et al. 1995	Xanthomonas sacchari	The donor reference is VdM4 This isolate is also in the collections; LMG 471 This isolate was isolated by M.Beramis The source of this isolate was LMG	LMG 471	LMG 471; VDM 4	LMG 471; VDM 4	LMG 471		no	0						4	3	1	0		0		0		0		non_xanthomonas_organism:3; query_returned_no_biosample_records:1	no_confirmed_match_yet	no_confirmed_biosample_match	No accepted BioSample match in the current local-evidence filter output.
NCPPB 4342	Xanthomonas arboricola pv. populi (ex de Kam 1984) Vauterin et al. 1995	Xanthomonas arboricola pv. populi	The donor reference is Dsk 129 This isolate is also in the collections; ICMP 8923, LMG 12141 This isolate was isolated by M. de Kam The source of this isolate was ICMP	ICMP 8923; LMG 12141	ICMP 8923; LMG 12141; DSK 129	ICMP 8923; LMG 12141; DSK 129	ICMP 8923; LMG 12141		no	0						4	0	4	0		0		0		0		query_returned_no_biosample_records:4	no_confirmed_match_yet	no_confirmed_biosample_match	No accepted BioSample match in the current local-evidence filter output.
NCPPB 4343	Xanthomonas bromi Vauterin et al. 1995	Xanthomonas bromi	The donor reference is 1601-1 This isolate is also in the collections; ICMP 12545, CFBP 1976,Samson 1601.1, LMG 947 This isolate was isolated by R.Sampson The source of this isolate was ICMP	ICMP 12545; CFBP 1976; LMG 947	ICMP 12545; CFBP 1976; LMG 947; IS 1601-1; SAMSON 1601.1	ICMP 12545; CFBP 1976; LMG 947; SAMSON 1601.1	ICMP 12545; CFBP 1976; LMG 947	IS 1601-1	no	0						12	6	3	0		3	SAMN13783081; SAMN13783124; SAMN02645655	3	SAMN02645655; SAMN13783081; SAMN13783124	0		non_xanthomonas_organism:6; query_returned_no_biosample_records:3; no_exact_strain_identifier_match:3	manual_review_required	P3_taxon_only_review	Target-taxon BioSample candidates exist but no exact strain identifier was found.
NCPPB 4344	Xanthomonas campestris pv. brunneivaginae (Luo et al. 1988)Young et al. 1996	Xanthomonas campestris pv. brunneivaginae	The donor reference is 03-29991 This isolate is also in the collections; ICMP 9991 This isolate was isolated by K.Luo The source of this isolate was ICMP	ICMP 9991	ICMP 9991; IS 03-29991	ICMP 9991	ICMP 9991	IS 03-29991	no	0						2	0	2	0		0		0		0		query_returned_no_biosample_records:2	no_confirmed_match_yet	no_confirmed_biosample_match	No accepted BioSample match in the current local-evidence filter output.
NCPPB 4345	Xanthomonas campestris pv. cannae Easwaramurthy et al. 1984	Xanthomonas campestris pv. cannae	The donor reference is 1 This isolate is also in the collections; ICMP 8306. LMG 9043 This isolate was isolated by R. Easwaramurthy The source of this isolate was ICMP	ICMP 8306; LMG 9043	ICMP 8306; LMG 9043; IS 1	ICMP 8306; LMG 9043	ICMP 8306; LMG 9043	IS 1	yes	1	SAMN22555471	Xanthomonas campestris pv. cannae	Microbe sample from Xanthomonas campestris pv. cannae	NCPPB 4345	ncppb_number	2	1	1	0		0		0		0		query_returned_no_biosample_records:1; non_xanthomonas_organism:1	confirmed_biosample_match	confirmed_current_algorithmic_match	At least one accepted BioSample match and no current high-priority review flag.
NCPPB 4346	Xanthomonas campestris pv. leersiae (ex Fang et al. 1957) Young et al. 1991	Xanthomonas campestris pv. leersiae	The donor reference is G2 This isolate is also in the collections; ICMP 8788 This isolate was isolated by Z. Fang The source of this isolate was ICMP	ICMP 8788	ICMP 8788; G 2	ICMP 8788; G 2	ICMP 8788	G 2	yes	2	SAMN10956069; SAMN03862116	Xanthomonas oryzae	Xanthomonas oryzae pv. leersiae strain NCPPB4346; Xanthomonas oryzae NCPPB4346	NCPPB 4346	ncppb_number	100	100	0	0		0		0		0		non_xanthomonas_organism:100	confirmed_biosample_match	confirmed_current_algorithmic_match	At least one accepted BioSample match and no current high-priority review flag.
NCPPB 4347	Xanthomonas campestris pv. malloti Goto 1993	Xanthomonas campestris pv. malloti	The donor reference is Ma 2 This isolate is also in the collections; ICMP 11536, ATCC 51262 This isolate was isolated by M. Goto The source of this isolate was ICMP	ICMP 11536; ATCC 51262	ICMP 11536; ATCC 51262; MA 2	ICMP 11536; ATCC 51262; MA 2	ICMP 11536; ATCC 51262		yes	1	SAMN42488056	Xanthomonas campestris pv. malloti	Genome sequencing of Xanthomonas campestris pv. malloti Goto 1993	NCPPB 4347	ncppb_number	102	100	2	0		0		0		0		non_xanthomonas_organism:100; query_returned_no_biosample_records:2	confirmed_biosample_match	confirmed_current_algorithmic_match	At least one accepted BioSample match and no current high-priority review flag.
NCPPB 4348	Xanthomonas euvesicatoria pv. mirabilis (ex Durgapal & Trivedi 1976) Harrison et al. 2023	Xanthomonas campestris pv. mirabilis	This isolate is also in the collections; ICMP 8949, ITCC This isolate was isolated by Durgapal. J.C. The source of this isolate was ICMP	ICMP 8949	ICMP 8949	ICMP 8949	ICMP 8949		yes	1	SAMN19988985	Xanthomonas campestris pv. mirabilis	Microbe sample from Xanthomonas campestris pv. mirabilis	NCPPB 4348	ncppb_number	1	0	1	0		0		0		0		query_returned_no_biosample_records:1	confirmed_biosample_match	confirmed_current_algorithmic_match	At least one accepted BioSample match and no current high-priority review flag.
NCPPB 4349	Xanthomonas euvesicatoria pv. pennamericanum (Qhobela & Claflin 1988) Harrison et al. 2023	Xanthomonas campestris pv. pennamericanum	The donor reference is B6 This isolate is also in the collections; ICMP 9627, ATCC 49152 This isolate was isolated by L.E.Claflin The source of this isolate was ICMP	ICMP 9627; ATCC 49152	ICMP 9627; ATCC 49152; B 6	ICMP 9627; ATCC 49152; B 6	ICMP 9627; ATCC 49152	B 6	yes	1	SAMN19988986	Xanthomonas campestris pv. pennamericanum	Microbe sample from Xanthomonas campestris pv. pennamericanum	NCPPB 4349	ncppb_number	102	100	2	0		0		0		0		non_xanthomonas_organism:100; query_returned_no_biosample_records:2	confirmed_biosample_match	confirmed_current_algorithmic_match	At least one accepted BioSample match and no current high-priority review flag.
NCPPB 4350	Xanthomonas codiaei Vauterin et al. 1995	Xanthomonas campestris pv. poinsettiicola	The donor reference is X259 (87-56A) This isolate is also in the collections; LMG 8678, ICMP 9513, ATCC 700187 This isolate was isolated by A.R. Chase The source of this isolate was ICMP	LMG 8678; ICMP 9513; ATCC 700187	LMG 8678; ICMP 9513; ATCC 700187; X 259	LMG 8678; ICMP 9513; ATCC 700187; X 259	LMG 8678; ICMP 9513; ATCC 700187	X 259	yes	3	SAMN56511372; SAMN44672901; SAMD00253079	Xanthomonas codiaei	Genome sequencing of Xanthomonas NCPPB 4350; Microbe sample from Xanthomonas codiaei; strain ICMP 9513 of Xanthomonas codiaei	NCPPB 4350; ICMP 9513	ncppb_number; other_reference_identifier	102	100	2	0		0		0		0		non_xanthomonas_organism:100; query_returned_no_biosample_records:2	confirmed_biosample_match	confirmed_current_algorithmic_match	At least one accepted BioSample match and no current high-priority review flag.
NCPPB 4351	Xanthomonas euvesicatoria pv. viegasii (Robbs et al. 1989) Harrison et al. 2023	Xanthomonas campestris pv. viegasii	The donor reference is FC1 This isolate is also in the collections; ICMP 9261, IBSF 575 This isolate was isolated by J.R.Neto The source of this isolate was ICMP	ICMP 9261	ICMP 9261; FC 1; IBSF 575	ICMP 9261; FC 1; IBSF 575	ICMP 9261		yes	1	SAMN19988987	Xanthomonas campestris pv. viegasii	Microbe sample from Xanthomonas campestris pv. viegasii	NCPPB 4351	ncppb_number	102	100	2	0		0		0		0		non_xanthomonas_organism:100; query_returned_no_biosample_records:2	confirmed_biosample_match	confirmed_current_algorithmic_match	At least one accepted BioSample match and no current high-priority review flag.
NCPPB 4352	Xanthomonas euvesicatoria pv. zingibericola (Ren & Fang 1981) Harrison et al. 2023	Xanthomonas campestris pv. zingibericola	The donor reference is Zo2 This isolate is also in the collections; ICMP 8787, LMG 9060 This isolate was isolated by X.Z.Ren The source of this isolate was ICMP	ICMP 8787; LMG 9060	ICMP 8787; LMG 9060; ZO 2	ICMP 8787; LMG 9060; ZO 2	ICMP 8787; LMG 9060		yes	1	SAMN19988988	Xanthomonas campestris pv. zingibericola	Microbe sample from Xanthomonas campestris pv. zingibericola	NCPPB 4352	ncppb_number	43	42	1	0		0		0		0		non_xanthomonas_organism:42; query_returned_no_biosample_records:1	confirmed_biosample_match	confirmed_current_algorithmic_match	At least one accepted BioSample match and no current high-priority review flag.
NCPPB 4353	Xanthomonas theicola (Uehara et al. 1980) Vauterin et al. 1995	Xanthomonas theicola	The donor reference is TC1 This isolate is also in the collections; ICMP 6774, LMG 8684, NZRCC 10488 This isolate was isolated by K.Uehara The source of this isolate was ICMP	ICMP 6774; LMG 8684	ICMP 6774; LMG 8684; TC 1; NZRCC 10488	ICMP 6774; LMG 8684; TC 1; NZRCC 10488	ICMP 6774; LMG 8684		no	0						104	100	4	0		0		0		0		non_xanthomonas_organism:100; query_returned_no_biosample_records:4	no_confirmed_match_yet	no_confirmed_biosample_match	No accepted BioSample match in the current local-evidence filter output.
NCPPB 4355	Xanthomonas euvesicatoria pv. allii (Kadota et al. 2000) Constantin et al. 2016 comb. nov.	Xanthomonas axonopodis pv. allii	The donor reference is CFBP 6369 This isolate is also in the collections; CFBP 6369 The source of this isolate was CFBP	CFBP 6369	CFBP 6369	CFBP 6369	CFBP 6369		yes	1	SAMN02646549	Xanthomonas euvesicatoria pv. allii CFBP 6369	Cultured Bacterial sample for Xanthomonas axonopodis pv. allii	CFBP 6369	other_reference_identifier	1	0	1	0		0		0		0		query_returned_no_biosample_records:1	confirmed_biosample_match	confirmed_current_algorithmic_match	At least one accepted BioSample match and no current high-priority review flag.
NCPPB 4356	Xanthomonas hortorum pv. cynarae Morinière et al. (2020)	Xanthomonas cynarae	The donor reference is CFBP 4188 This isolate is also in the collections; CFBP 4188, ICMP 16775 The source of this isolate was CFBP	CFBP 4188; ICMP 16775	CFBP 4188; ICMP 16775	CFBP 4188; ICMP 16775	CFBP 4188; ICMP 16775		yes	4	SAMN09704276; SAMN24251551; SAMN05560222; SAMD00253043	Xanthomonas hortorum pv. cynarae	Microbe sample from Xanthomonas hortorum pv. cynarae; Microbe sample from Xanthomonas cynarae CFBP4188; strain ICMP 16775 of Xanthomonas cynarae	NCPPB 4356; CFBP 4188; ICMP 16775	ncppb_number; other_reference_identifier	0	0	0	0		0		0		0			confirmed_biosample_match	confirmed_current_algorithmic_match	At least one accepted BioSample match and no current high-priority review flag.
NCPPB 4363	Xanthomonas dyei pv. dysoxyli (Hutchinson 1949) Young et al. 2010	Xanthomonas sp.	The donor reference is ICMP 2415 This isolate is also in the collections; ICMP 2415, CFBP 7260 This isolate was isolated by J.YOUNG	ICMP 2415; CFBP 7260	ICMP 2415; CFBP 7260	ICMP 2415; CFBP 7260	ICMP 2415; CFBP 7260		yes	1	SAMN56511373	Xanthomonas dyei pv. dysoxyli	Genome sequencing of Xanthomonas NCPPB 4363	NCPPB 4363	ncppb_number	2	0	2	0		0		0		0		query_returned_no_biosample_records:2	confirmed_biosample_match	confirmed_current_algorithmic_match	At least one accepted BioSample match and no current high-priority review flag.
NCPPB 4364	Xanthomonas dyei pv. dysoxyli (Hutchinson 1949) Young et al. 2010	Xanthomonas sp.	The donor reference is ICMP 6465 This isolate is also in the collections; ICMP 6465, CFBP 7262 This isolate was isolated by J.YOUNG	ICMP 6465; CFBP 7262	ICMP 6465; CFBP 7262	ICMP 6465; CFBP 7262	ICMP 6465; CFBP 7262		yes	1	SAMN56511374	Xanthomonas dyei pv. dysoxyli	Genome sequencing of Xanthomonas NCPPB 4364	NCPPB 4364	ncppb_number	2	0	2	0		0		0		0		query_returned_no_biosample_records:2	confirmed_biosample_match	confirmed_current_algorithmic_match	At least one accepted BioSample match and no current high-priority review flag.
NCPPB 4367	Xanthomonas dyei pv. dysoxyli (Hutchinson 1949) Young et al. 2010	Xanthomonas sp.	The donor reference is ICMP 16473 This isolate is also in the collections; ICMP 16473 This isolate was isolated by J.YOUNG	ICMP 16473	ICMP 16473	ICMP 16473	ICMP 16473		yes	1	SAMN56511375	Xanthomonas dyei pv. dysoxyli	Genome sequencing of Xanthomonas NCPPB 4367	NCPPB 4367	ncppb_number	1	0	1	0		0		0		0		query_returned_no_biosample_records:1	confirmed_biosample_match	confirmed_current_algorithmic_match	At least one accepted BioSample match and no current high-priority review flag.
NCPPB 4372	Xanthomonas euvesicatoria pv. allii (Kadota et al. 2000) Constantin et al. 2016 comb. nov.	Xanthomonas axonopodis pv. allii	The donor reference is 618 This isolate is also in the collections; IBSBF 618 This isolate was isolated by J.Neto The source of this isolate was IBSBF		IS 618; IBSBF 618	IBSBF 618		IS 618	no	0						2	0	2	0		0		0		0		query_returned_no_biosample_records:2	no_confirmed_match_yet	no_confirmed_biosample_match	No accepted BioSample match in the current local-evidence filter output.
NCPPB 4373	Xanthomonas citri pv. aurantifolii (Schaad et al. 2007) Constantin et al. 2016 comb. nov.	Xanthomonas axonopodis pv. aurantifolii	The donor reference is 1472 This isolate is also in the collections; IBSBF 1472 This isolate was isolated by V.A.Malavolta The source of this isolate was IBSBF		IS 1472; IBSBF 1472	IBSBF 1472		IS 1472	no	0						2	0	2	0		0		0		0		query_returned_no_biosample_records:2	no_confirmed_match_yet	no_confirmed_biosample_match	No accepted BioSample match in the current local-evidence filter output.
NCPPB 4374	Xanthomonas citri pv. aurantifolii (Schaad et al. 2007) Constantin et al. 2016 comb. nov.	Xanthomonas axonopodis pv. aurantifolii	The donor reference is 1497 This isolate is also in the collections; IBSBF 1497 This isolate was isolated by J.Neto The source of this isolate was IBSBF		IS 1497; IBSBF 1497	IBSBF 1497		IS 1497	no	0						2	0	2	0		0		0		0		query_returned_no_biosample_records:2	no_confirmed_match_yet	no_confirmed_biosample_match	No accepted BioSample match in the current local-evidence filter output.
NCPPB 4375	Xanthomonas citri pv. citri (Hasse 1915) Constantin 2016 comb. nov.	Xanthomonas axonopodis pv. citri	The donor reference is 1594 This isolate is also in the collections; IBSBF 1594, FDC 012 This isolate was isolated by R.P.Leite Jr. The source of this isolate was IBSBF		IS 1594; IBSBF 1594; FDC 012	IBSBF 1594; FDC 012		IS 1594	no	0						3	0	3	0		0		0		0		query_returned_no_biosample_records:3	no_confirmed_match_yet	no_confirmed_biosample_match	No accepted BioSample match in the current local-evidence filter output.
NCPPB 4376	Xanthomonas euvesicatoria pv. citrumelonis (Schaad et al. 2007) Constantin et al. 2016 comb. nov.	Xanthomonas alfalfae subsp. citrumelonis	The donor reference is 1925 This isolate is also in the collections; IBSBF 1925, LMG 9325 This isolate was isolated by D.W.Gabriel The source of this isolate was IBSBF	LMG 9325	LMG 9325; IS 1925; IBSBF 1925	LMG 9325; IBSBF 1925	LMG 9325	IS 1925	yes	1	SAMEA114332027	Xanthomonas euvesicatoria pv. citrumelonis	Xanthomonas euvesicatoria pv. citrumelonis LMG 9325	LMG 9325	other_reference_identifier	3	1	2	0		0		0		0		query_returned_no_biosample_records:2; non_xanthomonas_organism:1	confirmed_biosample_match	confirmed_current_algorithmic_match	At least one accepted BioSample match and no current high-priority review flag.
NCPPB 4377	Xanthomonas citri pv. aurantifolii (Schaad et al. 2007) Constantin et al. 2016 comb. nov.	Xanthomonas axonopodis pv. aurantifolii	The donor reference is 1583 This isolate is also in the collections; IBSBF 1583, Xc 90-78-4-3 This isolate was isolated by B.I.Canteros The source of this isolate was IBSBF		IS 1583; IBSBF 1583; XC 90-78-4-3	IBSBF 1583; XC 90-78-4-3		IS 1583	no	0						3	0	3	0		0		0		0		query_returned_no_biosample_records:3	no_confirmed_match_yet	no_confirmed_biosample_match	No accepted BioSample match in the current local-evidence filter output.
NCPPB 4378	Xanthomonas vasicola pv. musacearum (Yirgou & Bradbury 1968) Dye 1978	Xanthomonas campestris pv. musacearum	The donor reference is 034/LRA/05 This isolate is also in the collections; CFBP 7166 The source of this isolate was Valentine Aritua	CFBP 7166	CFBP 7166; IS 034/LRA/05; LRA 05	CFBP 7166; LRA 05	CFBP 7166	IS 034/LRA/05	yes	1	SAMN20034692	Xanthomonas vasicola pv. musacearum	Microbe sample from Xanthomonas vasicola pv. musacearum	NCPPB 4378	ncppb_number	6	5	1	0		0		0		0		non_xanthomonas_organism:5; query_returned_no_biosample_records:1	confirmed_biosample_match	confirmed_current_algorithmic_match	At least one accepted BioSample match and no current high-priority review flag.
NCPPB 4379	Xanthomonas vasicola pv. musacearum (Yirgou & Bradbury 1968) Dye 1978	Xanthomonas campestris pv. musacearum	The donor reference is KY44 The source of this isolate was Valentine Aritua		KY 44	KY 44			yes	2	SAMN49535423; SAMN00991242	Xanthomonas vasicola pv. musacearum; Xanthomonas vasicola pv. musacearum NCPPB 4379	Microbe sample from Xanthomonas vasicola pv. musacearum; Xcm NCPPB 4379	NCPPB 4379	ncppb_number	100	100	0	0		0		0		0		non_xanthomonas_organism:100	confirmed_biosample_match	confirmed_current_algorithmic_match	At least one accepted BioSample match and no current high-priority review flag.
NCPPB 4380	Xanthomonas vasicola pv. musacearum (Yirgou & Bradbury 1968) Dye 1978	Xanthomonas campestris pv. musacearum	The donor reference is 038/KBA/05 The source of this isolate was Valentine Aritua		IS 038/KBA/05; KBA 05	KBA 05		IS 038/KBA/05	yes	1	SAMN00991243	Xanthomonas vasicola pv. musacearum NCPPB 4380	Xcm NCPPB 4380	NCPPB 4380	ncppb_number	1	1	0	0		0		0		0		non_xanthomonas_organism:1	confirmed_biosample_match	confirmed_current_algorithmic_match	At least one accepted BioSample match and no current high-priority review flag.
NCPPB 4381	Xanthomonas vasicola pv. musacearum (Yirgou & Bradbury 1968) Dye 1978	Xanthomonas campestris pv. musacearum	The donor reference is 014/LUW/05 The source of this isolate was Valentine Aritua		IS 014/LUW/05; LUW 05	LUW 05		IS 014/LUW/05	yes	2	SAMN49535422; SAMN00002877	Xanthomonas vasicola pv. musacearum; Xanthomonas vasicola pv. musacearum NCPPB 4381	Microbe sample from Xanthomonas vasicola pv. musacearum; Generic sample from Xanthomonas campestris pv. musacearum NCPPB 4381	NCPPB 4381	ncppb_number	1	0	1	0		0		0		0		query_returned_no_biosample_records:1	confirmed_biosample_match	confirmed_current_algorithmic_match	At least one accepted BioSample match and no current high-priority review flag.
NCPPB 4383	Xanthomonas vasicola pv. musacearum (Yirgou & Bradbury 1968) Dye 1978	Xanthomonas campestris pv. musacearum	The donor reference is 071/WSK/05 The source of this isolate was Valentine Aritua		IS 071/WSK/05; WSK 05	WSK 05		IS 071/WSK/05	yes	1	SAMN00991249	Xanthomonas vasicola pv. musacearum	Xanthomonas campestris pv. musacearum NCPPB 4383 draft genome sequence	NCPPB 4383	ncppb_number	1	1	0	0		0		0		0		non_xanthomonas_organism:1	confirmed_biosample_match	confirmed_current_algorithmic_match	At least one accepted BioSample match and no current high-priority review flag.
NCPPB 4384	Xanthomonas vasicola pv. musacearum (Yirgou & Bradbury 1968) Dye 1978	Xanthomonas campestris pv. musacearum	The donor reference is 041/NSG/05 The source of this isolate was Valentine Aritua		IS 041/NSG/05; NSG 05	NSG 05		IS 041/NSG/05	yes	1	SAMN00991244	Xanthomonas vasicola pv. musacearum NCPPB 4384	Xcm NCPPB 4384	NCPPB 4384	ncppb_number	100	100	0	0		0		0		0		non_xanthomonas_organism:100	confirmed_biosample_match	confirmed_current_algorithmic_match	At least one accepted BioSample match and no current high-priority review flag.
NCPPB 4385	Xanthomonas vasicola pv. musacearum (Yirgou & Bradbury 1968) Dye 1978	Xanthomonas campestris pv. musacearum	The donor reference is 031/KIB/05 The source of this isolate was Valentine Aritua		IS 031/KIB/05; KIB 05	KIB 05		IS 031/KIB/05	no	0						7	6	1	0		0		0		0		non_xanthomonas_organism:6; query_returned_no_biosample_records:1	no_confirmed_match_yet	no_confirmed_biosample_match	No accepted BioSample match in the current local-evidence filter output.
NCPPB 4386	Xanthomonas vasicola pv. musacearum (Yirgou & Bradbury 1968) Dye 1978	Xanthomonas campestris pv. musacearum	The donor reference is 005/WKS/05 This isolate is also in the collections; CFBP 7167 The source of this isolate was Valentine Aritua	CFBP 7167	CFBP 7167; IS 005/WKS/05; WKS 05	CFBP 7167; WKS 05	CFBP 7167	IS 005/WKS/05	no	0						102	100	2	0		0		0		0		non_xanthomonas_organism:100; query_returned_no_biosample_records:2	no_confirmed_match_yet	no_confirmed_biosample_match	No accepted BioSample match in the current local-evidence filter output.
NCPPB 4387	Xanthomonas vasicola pv. musacearum (Yirgou & Bradbury 1968) Dye 1978	Xanthomonas campestris pv. musacearum	The donor reference is IMI 392223 This isolate is also in the collections; CFBP 7168 The source of this isolate was Valentine Aritua	CFBP 7168	IMI 392223; CFBP 7168	IMI 392223; CFBP 7168	IMI 392223; CFBP 7168		yes	1	SAMN00991250	Xanthomonas vasicola pv. musacearum	Xcm NCPPB 4387	NCPPB 4387	ncppb_number	2	0	2	0		0		0		0		query_returned_no_biosample_records:2	confirmed_biosample_match	confirmed_current_algorithmic_match	At least one accepted BioSample match and no current high-priority review flag.
NCPPB 4388	Xanthomonas vasicola pv. musacearum (Yirgou & Bradbury 1968) Dye 1978	Xanthomonas campestris pv. musacearum	The donor reference is IMI 392224 This isolate is also in the collections; CFBP 7169 The source of this isolate was Valentine Aritua	CFBP 7169	IMI 392224; CFBP 7169	IMI 392224; CFBP 7169	IMI 392224; CFBP 7169		no	0						3	0	3	0		0		0		0		query_returned_no_biosample_records:3	no_confirmed_match_yet	no_confirmed_biosample_match	No accepted BioSample match in the current local-evidence filter output.
NCPPB 4389	Xanthomonas vasicola pv. musacearum (Yirgou & Bradbury 1968) Dye 1978	Xanthomonas campestris pv. musacearum	The donor reference is IMI 393640 This isolate is also in the collections; CFBP 7170 The source of this isolate was Valentine Aritua	CFBP 7170	IMI 393640; CFBP 7170	IMI 393640; CFBP 7170	IMI 393640; CFBP 7170		yes	1	SAMN00991251	Xanthomonas vasicola pv. musacearum	Xcm NCPPB 4389	NCPPB 4389	ncppb_number	2	0	2	0		0		0		0		query_returned_no_biosample_records:2	confirmed_biosample_match	confirmed_current_algorithmic_match	At least one accepted BioSample match and no current high-priority review flag.
NCPPB 4390	Xanthomonas vasicola pv. musacearum (Yirgou & Bradbury 1968) Dye 1978	Xanthomonas campestris pv. musacearum	The donor reference is IMI 393641 This isolate is also in the collections; CFBP 7171 The source of this isolate was Valentine Aritua	CFBP 7171	IMI 393641; CFBP 7171	IMI 393641; CFBP 7171	IMI 393641; CFBP 7171		yes	1	SAMN20034693	Xanthomonas vasicola pv. musacearum	Microbe sample from Xanthomonas vasicola pv. musacearum	NCPPB 4390	ncppb_number	3	2	1	0		0		0		0		non_xanthomonas_organism:2; query_returned_no_biosample_records:1	confirmed_biosample_match	confirmed_current_algorithmic_match	At least one accepted BioSample match and no current high-priority review flag.
NCPPB 4391	Xanthomonas vasicola pv. musacearum (Yirgou & Bradbury 1968) Dye 1978	Xanthomonas campestris pv. musacearum	The donor reference is IMI 393646 This isolate is also in the collections; CFBP 7172 The source of this isolate was Valentine Aritua	CFBP 7172	IMI 393646; CFBP 7172	IMI 393646; CFBP 7172	IMI 393646; CFBP 7172		yes	1	SAMN41763921	Xanthomonas vasicola pv. musacearum	Genome sequencing of Xanthomonas vasicola pv. musacearum NCPPB 4391 (contaminated)	NCPPB 4391	ncppb_number	2	0	2	0		0		0		0		query_returned_no_biosample_records:2	confirmed_biosample_match	confirmed_current_algorithmic_match	At least one accepted BioSample match and no current high-priority review flag.
NCPPB 4392	Xanthomonas vasicola pv. musacearum (Yirgou & Bradbury 1968) Dye 1978	Xanthomonas campestris pv. musacearum	The donor reference is 394051 This isolate is also in the collections; CFBP 7173 The source of this isolate was Valentine Aritua	CFBP 7173	CFBP 7173; IS 394051	CFBP 7173	CFBP 7173	IS 394051	yes	2	SAMN02471739; SAMN00991254	Xanthomonas vasicola pv. musacearum NCPPB 4392; Xanthomonas vasicola pv. musacearum	Sample from Xanthomonas vasicola pv. musacearum NCPPB 4392; Xanthomonas campestris pv. musacearum NCPPB 4392	NCPPB 4392	ncppb_number	1	0	1	0		0		0		0		query_returned_no_biosample_records:1	confirmed_biosample_match	confirmed_current_algorithmic_match	At least one accepted BioSample match and no current high-priority review flag.
NCPPB 4393	Xanthomonas vasicola pv. musacearum (Yirgou & Bradbury 1968) Dye 1978	Xanthomonas campestris pv. musacearum	The donor reference is 394052 This isolate is also in the collections; CFBP 7174 The source of this isolate was Valentine Aritua	CFBP 7174	CFBP 7174; IS 394052	CFBP 7174	CFBP 7174	IS 394052	yes	3	SAMN42486834; SAMN02471171; SAMN00752561	Xanthomonas vasicola pv. musacearum; Xanthomonas sacchari NCPPB 4393	Genome sequencing of X. vasicola pv. musacearum NCPPB 4393; Sample from Xanthomonas sacchari NCPPB 4393; Xanthomonas sacchari NCPPB 4393	NCPPB 4393	ncppb_number	1	0	1	0		0		0		0		query_returned_no_biosample_records:1	confirmed_biosample_match	confirmed_current_algorithmic_match	At least one accepted BioSample match and no current high-priority review flag.
NCPPB 4394	Xanthomonas vasicola pv. musacearum (Yirgou & Bradbury 1968) Dye 1978	Xanthomonas campestris pv. musacearum	The donor reference is 354053 This isolate is also in the collections; CFBP 7175 The source of this isolate was Valentine Aritua	CFBP 7175	CFBP 7175; IS 354053	CFBP 7175	CFBP 7175	IS 354053	yes	1	SAMN00991245	Xanthomonas vasicola pv. musacearum NCPPB 4394	Xcm NCPPB 4394	NCPPB 4394	ncppb_number	1	0	1	0		0		0		0		query_returned_no_biosample_records:1	confirmed_biosample_match	confirmed_current_algorithmic_match	At least one accepted BioSample match and no current high-priority review flag.
NCPPB 4395	Xanthomonas vasicola pv. musacearum (Yirgou & Bradbury 1968) Dye 1978	Xanthomonas campestris pv. musacearum	This isolate is also in the collections; CFBP 7176 The source of this isolate was Valentine Aritua	CFBP 7176	CFBP 7176	CFBP 7176	CFBP 7176		yes	2	SAMN49535421; SAMN00991246	Xanthomonas vasicola pv. musacearum	Microbe sample from Xanthomonas vasicola pv. musacearum; Xcm NCPPB 4395	NCPPB 4395	ncppb_number	1	0	1	0		0		0		0		query_returned_no_biosample_records:1	confirmed_biosample_match	confirmed_current_algorithmic_match	At least one accepted BioSample match and no current high-priority review flag.
NCPPB 4397	Xanthomonas euvesicatoria pv. allii (Kadota et al. 2000) Constantin et al. 2016 comb. nov.	Xanthomonas axonopodis pv. allii	The donor reference is ISBF 594 This isolate is also in the collections; ICMP 9278 This isolate was isolated by R.Neto The source of this isolate was ISBF	ICMP 9278	ICMP 9278; ISBF 594	ICMP 9278; ISBF 594	ICMP 9278		no	0						3	0	3	0		0		0		0		query_returned_no_biosample_records:3	no_confirmed_match_yet	no_confirmed_biosample_match	No accepted BioSample match in the current local-evidence filter output.
NCPPB 4398	Xanthomonas euvesicatoria pv. allii (Kadota et al. 2000) Constantin et al. 2016 comb. nov.	Xanthomonas axonopodis pv. allii	The donor reference is ISBF 595 This isolate is also in the collections; ICMP 9279 This isolate was isolated by R.Neto The source of this isolate was ISBF	ICMP 9279	ICMP 9279; ISBF 595	ICMP 9279; ISBF 595	ICMP 9279		no	0						3	0	3	0		0		0		0		query_returned_no_biosample_records:3	no_confirmed_match_yet	no_confirmed_biosample_match	No accepted BioSample match in the current local-evidence filter output.
NCPPB 4399	Xanthomonas campestris pv. tardicrescens (McCulloch 1937) Dye 1978	Xanthomonas campestris pv. tardicrescens	The donor reference is ICMP 15863 This isolate is also in the collections; ICMP 15863 This isolate was isolated by I.Harvey The source of this isolate was ICMP	ICMP 15863	ICMP 15863	ICMP 15863	ICMP 15863		no	0						2	0	2	0		0		0		0		query_returned_no_biosample_records:2	no_confirmed_match_yet	no_confirmed_biosample_match	No accepted BioSample match in the current local-evidence filter output.
NCPPB 4402	Xanthomonas axonopodis	Xanthomonas axonopodis pv. cassavae	The donor reference is LMG 8237 This isolate is also in the collections; PD 772, LMG 8237 This isolate was isolated by P.D.Jaanse The source of this isolate was LMG	LMG 8237; PD 772	LMG 8237; PD 772	LMG 8237; PD 772	LMG 8237; PD 772		no	0						6	4	2	0		0		0		0		non_xanthomonas_organism:4; query_returned_no_biosample_records:2	no_confirmed_match_yet	no_confirmed_biosample_match	No accepted BioSample match in the current local-evidence filter output.
NCPPB 4403	Xanthomonas citri pv. malvacearum (Smith 1901) Constantin et al. 2016 comb. nov.	Xanthomonas cotton	The donor reference is ICMP 217-62 This isolate is also in the collections; ICMP 217, ATCC 9924 This isolate was isolated by R. Weindling The source of this isolate was ICMP	ICMP 217-62; ICMP 217; ATCC 9924	ICMP 217-62; ICMP 217; ATCC 9924	ICMP 217-62; ICMP 217; ATCC 9924	ICMP 217-62; ICMP 217; ATCC 9924		yes	3	SAMN43282785; SAMN43281686; SAMD00253057	Xanthomonas citri pv. malvacearum	Microbe sample from Xanthomonas citri pv. malvacearum; strain ICMP 217 of Xanthomonas citri subsp. malvacearum	ICMP 217	other_reference_identifier	3	0	3	0		0		0		0		query_returned_no_biosample_records:3	confirmed_biosample_match	confirmed_current_algorithmic_match	At least one accepted BioSample match and no current high-priority review flag.
NCPPB 4404	Xanthomonas campestris pv. thespesiae Patil & Kulkarni 1981	Xanthomonas campestris pv. thespesiae	The donor reference is LMG 9057 This isolate is also in the collections; ICMP 7466; ITCC P33, LMG 9057 This isolate was isolated by Y.Kulkani The source of this isolate was LMG	LMG 9057; ICMP 7466	LMG 9057; ICMP 7466; ITCC P33; P 33	LMG 9057; ICMP 7466; ITCC P33; P 33	LMG 9057; ICMP 7466; ITCC P33	P 33	no	0						104	100	4	0		0		0		0		non_xanthomonas_organism:100; query_returned_no_biosample_records:4	no_confirmed_match_yet	no_confirmed_biosample_match	No accepted BioSample match in the current local-evidence filter output.
NCPPB 4405	Xanthomonas bromi Vauterin et al. 1995	Xanthomonas bromi	The donor reference is LMG 8273 This isolate is also in the collections; ICMP 6482, Latch PRGRQ This isolate was isolated by G.Latch The source of this isolate was LMG	LMG 8273; ICMP 6482	LMG 8273; ICMP 6482	LMG 8273; ICMP 6482	LMG 8273; ICMP 6482		no	0						3	0	3	0		0		0		0		query_returned_no_biosample_records:3	no_confirmed_match_yet	no_confirmed_biosample_match	No accepted BioSample match in the current local-evidence filter output.
NCPPB 4407	Xanthomonas sacchari Vauterin et al. 1995	Xanthomonas sacchari	The donor reference is LMG 476 This isolate is also in the collections; Beramis 6, VdM9 The source of this isolate was LMG	LMG 476	LMG 476; BERAMIS 6; VDM 9	LMG 476; BERAMIS 6; VDM 9	LMG 476		yes	1	SAMN03265443	Xanthomonas sacchari	MIGS Cultured Bacterial/Archaeal sample from Xanthomonas sacchari Vauterin, Hoste, Kersters and Swings 1995 VP	LMG 476	other_reference_identifier	4	1	3	0		0		0		0		query_returned_no_biosample_records:3; non_xanthomonas_organism:1	confirmed_biosample_match	confirmed_current_algorithmic_match	At least one accepted BioSample match and no current high-priority review flag.
NCPPB 4409	Xanthomonas arboricola pv. fragariae Janse et al 2001	Xanthomonas arboricola pv. fragariae	The donor reference is LMG 19145 This isolate is also in the collections; LMG 19145, ISPAVE-B-641, PD 2780,SWINGS R-5214 The source of this isolate was LMG	LMG 19145; PD 2780	LMG 19145; ISPAVE-B 641; PD 2780; R 5214; B 641	LMG 19145; ISPAVE-B 641; PD 2780; R 5214; B 641	LMG 19145; ISPAVE-B 641; PD 2780	R 5214; B 641	yes	1	SAMEA104393682	Xanthomonas arboricola pv. fragariae	Xanthomonas arboricola pv. fragariae LMG 19145	LMG 19145	other_reference_identifier	107	105	2	0		0		0		0		non_xanthomonas_organism:105; query_returned_no_biosample_records:2	confirmed_biosample_match	confirmed_current_algorithmic_match	At least one accepted BioSample match and no current high-priority review flag.
NCPPB 4410	Xanthomonas hortorum pv. carotae (Kendrick 1934) Vauterin et al. 1995	Xanthomonas hortorum pv. carotae	The donor reference is 8356 The source of this isolate was S.J.Roberts		IS 8356			IS 8356	no	0						1	0	1	0		0		0		0		query_returned_no_biosample_records:1	no_confirmed_match_yet	no_confirmed_biosample_match	No accepted BioSample match in the current local-evidence filter output.
NCPPB 4411	Xanthomonas hortorum pv. carotae (Kendrick 1934) Vauterin et al. 1995	Xanthomonas hortorum pv. carotae	The donor reference is 8394 The source of this isolate was S.J.Roberts		IS 8394			IS 8394	no	0						1	0	1	0		0		0		0		query_returned_no_biosample_records:1	no_confirmed_match_yet	no_confirmed_biosample_match	No accepted BioSample match in the current local-evidence filter output.
NCPPB 4412	Xanthomonas euvesicatoria pv. alfalfae (ex Riker et al. 1935) Constantin et al. 2016 comb. nov.	Xanthomonas alfalfae subsp. alfalfae	The donor reference is LMG 495 This isolate is also in the collections; LMG 495, ATCC 11765, CFBP 7686 This isolate was isolated by MK Patel	LMG 495; ATCC 11765; CFBP 7686	LMG 495; ATCC 11765; CFBP 7686	LMG 495; ATCC 11765; CFBP 7686	LMG 495; ATCC 11765; CFBP 7686		yes	2	SAMN05003921; SAMN02903171	Xanthomonas alfalfae; Xanthomonas euvesicatoria pv. alfalfae	Microbe sample from Xanthomonas alfalfae; Microbe sample from Xanthomonas euvesicatoria pv. alfalfae	LMG 495	other_reference_identifier	3	0	3	0		0		0		0		query_returned_no_biosample_records:3	confirmed_biosample_match	confirmed_current_algorithmic_match	At least one accepted BioSample match and no current high-priority review flag.
NCPPB 4413	Xanthomonas campestris (Pammel 1895) Dowson 1939	Xanthomonas campestris cheiranthii	This isolate was isolated by h.stanford The source of this isolate was Diagnosis						no	0						1	0	1	0		0		0		0		query_returned_no_biosample_records:1	no_confirmed_match_yet	no_confirmed_biosample_match	No accepted BioSample match in the current local-evidence filter output.
NCPPB 4414	Xanthomonas campestris (Pammel 1895) Dowson 1939	Xanthomonas campestris pv. chieranthii	The donor reference is Protect 1599 This isolate is also in the collections; B950367 The source of this isolate was Protect		PROTECT 1599; B 950367	PROTECT 1599; B 950367		B 950367	no	0						3	1	2	0		0		0		0		query_returned_no_biosample_records:2; non_xanthomonas_organism:1	no_confirmed_match_yet	no_confirmed_biosample_match	No accepted BioSample match in the current local-evidence filter output.
NCPPB 4415	Xanthomonas campestris (Pammel 1895) Dowson 1939	Xanthomonas campestris pv. chieranthii	The donor reference is Protect 766 This isolate is also in the collections; A4833/B The source of this isolate was Protect		PROTECT 766; A 4833/B	PROTECT 766; A 4833/B		A 4833/B	no	0						3	0	3	0		0		0		0		query_returned_no_biosample_records:3	no_confirmed_match_yet	no_confirmed_biosample_match	No accepted BioSample match in the current local-evidence filter output.
NCPPB 4416	Xanthomonas campestris (Pammel 1895) Dowson 1939	Xanthomonas campestris pv. chieranthii	The donor reference is Protect 765 This isolate is also in the collections; A4833/A The source of this isolate was Protect		PROTECT 765; A 4833/A	PROTECT 765; A 4833/A		A 4833/A	no	0						3	1	2	0		0		0		0		query_returned_no_biosample_records:2; non_xanthomonas_organism:1	no_confirmed_match_yet	no_confirmed_biosample_match	No accepted BioSample match in the current local-evidence filter output.
NCPPB 4418	Xanthomonas campestris (Pammel 1895) Dowson 1939	Xanthomonas campestris pv. cheiranthii							no	0						1	0	1	0		0		0		0		query_returned_no_biosample_records:1	no_confirmed_match_yet	no_confirmed_biosample_match	No accepted BioSample match in the current local-evidence filter output.
NCPPB 4433	Xanthomonas vasicola pv. musacearum (Yirgou & Bradbury 1968) Dye 1978	Xanthomonas campestris pv. musacearum	The donor reference is 20709953 This isolate is also in the collections; Cabi 395428 This isolate was isolated by Cabi The source of this isolate was Cabi		IS 20709953; CABI 395428	CABI 395428		IS 20709953	yes	1	SAMN00991252	Xanthomonas vasicola pv. musacearum	Xcm NCPPB 4433	NCPPB 4433	ncppb_number	1	0	1	0		0		0		0		query_returned_no_biosample_records:1	confirmed_biosample_match	confirmed_current_algorithmic_match	At least one accepted BioSample match and no current high-priority review flag.
NCPPB 4434	Xanthomonas vasicola pv. musacearum (Yirgou & Bradbury 1968) Dye 1978	Xanthomonas campestris pv. musacearum	The donor reference is 20702295 This isolate is also in the collections; BXWK1		IS 20702295; BXWK 1	BXWK 1		IS 20702295	yes	1	SAMN00991253	Xanthomonas vasicola pv. musacearum	Xanthomonas campestris pv. musacearum NCPPB 4434	NCPPB 4434	ncppb_number	1	0	1	0		0		0		0		query_returned_no_biosample_records:1	confirmed_biosample_match	confirmed_current_algorithmic_match	At least one accepted BioSample match and no current high-priority review flag.
NCPPB 4435	Xanthomonas hortorum Vauterin et al. 1995	Xanthomonas hortorum	The donor reference is 20722939		IS 20722939			IS 20722939	no	0						1	0	1	0		0		0		0		query_returned_no_biosample_records:1	no_confirmed_match_yet	no_confirmed_biosample_match	No accepted BioSample match in the current local-evidence filter output.
NCPPB 4446	Xanthomonas dyei Young et al. 2010	Xanthomonas dyei	The donor reference is ICMP 12167 This isolate is also in the collections; ICMP 12167, CFBP 7245 The source of this isolate was ICMP	ICMP 12167; CFBP 7245	ICMP 12167; CFBP 7245	ICMP 12167; CFBP 7245	ICMP 12167; CFBP 7245		yes	6	SAMN56511376; SAMN43282364; SAMN43282128; SAMN43281663; SAMD00253031; SAMN05560230	Xanthomonas dyei	Genome sequencing of Xanthomonas NCPPB 4446; Microbe sample from Xanthomonas dyei; strain ICMP 12167 of Xanthomonas dyei; Microbe sample from Xanthomonas dyei CFBP7245	NCPPB 4446; ICMP 12167; CFBP 7245	ncppb_number; other_reference_identifier	0	0	0	0		0		0		0			confirmed_biosample_match	confirmed_current_algorithmic_match	At least one accepted BioSample match and no current high-priority review flag.
NCPPB 4448	Xanthomonas translucens pv. pistaciae Giblot-Ducray et al 2009	Xanthomonas translucens pv. pistaciae	The donor reference is CS283 This isolate is also in the collections; ICMP 16316	ICMP 16316	ICMP 16316; CS 283	ICMP 16316; CS 283	ICMP 16316		no	0						12	10	2	0		0		0		0		non_xanthomonas_organism:10; query_returned_no_biosample_records:2	no_confirmed_match_yet	no_confirmed_biosample_match	No accepted BioSample match in the current local-evidence filter output.
NCPPB 4449	Xanthomonas cerealis pv. pistaciae Tambong et al. 2024	Xanthomonas translucens pv. pistaciae	The donor reference is CS284 This isolate is also in the collections; ICMP 16317	ICMP 16317	ICMP 16317; CS 284	ICMP 16317; CS 284	ICMP 16317		yes	1	SAMN21172023	Xanthomonas cerealis pv. cerealis	Xanthomonas translucens pv. pistaciae ICMP 16317	ICMP 16317	other_reference_identifier	13	12	1	0		0		0		0		non_xanthomonas_organism:12; query_returned_no_biosample_records:1	confirmed_biosample_match	confirmed_current_algorithmic_match	At least one accepted BioSample match and no current high-priority review flag.
NCPPB 4450	Xanthomonas campestris (Pammel 1895) Dowson 1939	Xanthomonas campestris pv. erysimi	The donor reference is A4832/1 This isolate is also in the collections; Protect 763 The source of this isolate was CSL		A 4832/1; PROTECT 763	A 4832/1; PROTECT 763		A 4832/1	no	0						3	0	3	0		0		0		0		query_returned_no_biosample_records:3	no_confirmed_match_yet	no_confirmed_biosample_match	No accepted BioSample match in the current local-evidence filter output.
NCPPB 4451	Xanthomonas campestris pv. raphani (White 1930) Dye 1978	Xanthomonas campestris pv. raphani	The donor reference is A4832/1 This isolate is also in the collections; Protect 764 The source of this isolate was CSL		A 4832/1; PROTECT 764	A 4832/1; PROTECT 764		A 4832/1	no	0						3	0	3	0		0		0		0		query_returned_no_biosample_records:3	no_confirmed_match_yet	no_confirmed_biosample_match	No accepted BioSample match in the current local-evidence filter output.
NCPPB 4466	Xanthomonas sp. Dowson 1939	Xanthomonas dyei pv. lobeliae	The donor reference is 64A This isolate is also in the collections; WHRI 64A This isolate was isolated by John D. Taylor		IS 64A; WHRI 64A	WHRI 64A		IS 64A	yes	2	SAMN42161493; SAMN40354561	Xanthomonas sp. NCPPB 4466; Xanthomonas dyei	Genome sequencing of Xanthomonas dyei pv. lobeliae NCPPB 4466; Microbe sample from Xanthomonas dyei	NCPPB 4466; WHRI 64A	ncppb_number; other_reference_identifier	0	0	0	0		0		0		0			confirmed_biosample_match	confirmed_current_algorithmic_match	At least one accepted BioSample match and no current high-priority review flag.
NCPPB 4468	Xanthomonas sp. Dowson 1939	Xanthomonas dyei pv. lobeliae	The donor reference is CSL972199 This isolate is also in the collections; P2431 This isolate was isolated by A. Aspin		CSL 972199; P 2431	CSL 972199; P 2431		P 2431	yes	1	SAMN42161495	Xanthomonas sp. NCPPB 4468	Genome sequencing of Xanthomonas dyei pv. lobeliae NCPPB 4468	NCPPB 4468	ncppb_number	31	30	1	0		0		0		0		non_xanthomonas_organism:30; query_returned_no_biosample_records:1	confirmed_biosample_match	confirmed_current_algorithmic_match	At least one accepted BioSample match and no current high-priority review flag.
NCPPB 4584	Xanthomonas graminis pv. arrhenatheri Tambong et al. 2024	Xanthomonas graminis	The donor reference is NCPPB 2699 This isolate is also in the collections; LMG 588, 7384, ATCC 29090 This isolate was isolated by Dr Thomas Egli - 705	LMG 588; ATCC 29090	LMG 588; ATCC 29090; NCPPB 2699; EGLI 705	LMG 588; ATCC 29090; NCPPB 2699; EGLI 705	LMG 588; ATCC 29090		no	0						5	1	4	0		0		0		0		query_returned_no_biosample_records:4; non_xanthomonas_organism:1	no_confirmed_match_yet	no_confirmed_biosample_match	No accepted BioSample match in the current local-evidence filter output.
NCPPB 4590	Xanthomonas citri pv. citri (Hasse 1915) Constantin 2016 comb. nov.	Xanthomonas axonopodis pv. citri	The donor reference is CFBP 3369 This isolate is also in the collections; CFBP 3369, LMG 9322, ICMP 15804, ATCC 49118, ICPB 10518 This isolate was isolated by Gabriel D. 3213 The source of this isolate was CFBP	CFBP 3369; LMG 9322; ICMP 15804; ATCC 49118	CFBP 3369; LMG 9322; ICMP 15804; ATCC 49118; ICPB 10518; D 3213	CFBP 3369; LMG 9322; ICMP 15804; ATCC 49118; ICPB 10518; D 3213	CFBP 3369; LMG 9322; ICMP 15804; ATCC 49118; ICPB 10518	D 3213	yes	5	SAMN40354539; SAMEA114332011; SAMN05003919; SAMN02903175; SAMN47254572	Xanthomonas citri pv. citri; Xanthomonas citri	Microbe sample from Xanthomonas citri pv. citri; Xanthomonas citri pv. citri LMG 9322; Microbe sample from Xanthomonas citri; Pathogen: clinical or host-associated sample from Xanthomonas citri pv. citri	NCPPB 4590; LMG 9322; ATCC 49118	ncppb_number; other_reference_identifier	84	81	3	0		0		0		0		non_xanthomonas_organism:81; query_returned_no_biosample_records:3	confirmed_biosample_match	confirmed_current_algorithmic_match	At least one accepted BioSample match and no current high-priority review flag.
NCPPB 4594	Xanthomonas sp. Dowson 1939		The donor reference is NYAGA S This isolate was isolated by Fred Kato						yes	1	SAMN56511377	Xanthomonas cannabis pv. phaseoli	Genome sequencing of Xanthomonas NCPPB 4594	NCPPB 4594	ncppb_number	0	0	0	0		0		0		0			confirmed_biosample_match	confirmed_current_algorithmic_match	At least one accepted BioSample match and no current high-priority review flag.
NCPPB 4600	Xanthomonas nasturtii Vicente et al. 2017	Xanthomonas nasturtii sp. nov.	The donor reference is WHRI 8853 This isolate was isolated by Joana M. G. N. Vicente		WHRI 8853	WHRI 8853			yes	2	SAMN27412262; SAMN04922375	Xanthomonas nasturtii	Pathogen: environmental/food/other sample from Xanthomonas nasturtii; Microbe sample from Xanthomonas nasturtii	WHRI 8853	other_reference_identifier	1	0	1	0		0		0		0		query_returned_no_biosample_records:1	confirmed_biosample_match	confirmed_current_algorithmic_match	At least one accepted BioSample match and no current high-priority review flag.
NCPPB 4601	Xanthomonas floridensis Vicente et al. 2017	Xanthomonas floridensis sp. nov.	The donor reference is WHRI 8848 This isolate was isolated by Joana M. G. N. Vicente		WHRI 8848	WHRI 8848			yes	2	SAMN36318506; SAMN04922374	Xanthomonas floridensis	Microbe sample from Xanthomonas floridensis	WHRI 8848	other_reference_identifier	1	0	1	0		0		0		0		query_returned_no_biosample_records:1	confirmed_biosample_match	confirmed_current_algorithmic_match	At least one accepted BioSample match and no current high-priority review flag.
NCPPB 4613	Xanthomonas vasicola pv. vasculorum (Cobb 1894) Lang et al. 2017	Xanthomonas vasicola pv. vasculorum	The donor reference is NE744 This isolate was isolated by Jillian M. Lang		NE 744	NE 744			yes	1	SAMN36357967	Xanthomonas vasicola	NCPPB 4613	NCPPB 4613	ncppb_number	6	6	0	0		0		0		0		non_xanthomonas_organism:6	confirmed_biosample_match	confirmed_current_algorithmic_match	At least one accepted BioSample match and no current high-priority review flag.
NCPPB 4614	Xanthomonas vasicola pv. vasculorum (Cobb 1894) Lang et al. 2017	Xanthomonas vasicola pv. vasculorum	The donor reference is SAM119 This isolate was isolated by Jillian M. Lang		SAM 119	SAM 119			yes	2	SAMN36357968; SAMN36357978	Xanthomonas vasicola	NCPPB 4614; SAM 119, 4613XCZ	NCPPB 4614; SAM 119	ncppb_number; other_reference_identifier	46	46	0	0		0		0		0		non_xanthomonas_organism:46	confirmed_biosample_match	confirmed_current_algorithmic_match	At least one accepted BioSample match and no current high-priority review flag.
NCPPB 4615	Xanthomonas campestris pv. campestris (Pammel 1895) Dowson 1939	Xanthomonas campestris pv. campestris	The donor reference is B100 This isolate is also in the collections; CFBP 7306, ATCC 29497, DSMZ 1526 This isolate was isolated by Unknown	CFBP 7306; ATCC 29497; DSMZ 1526	CFBP 7306; ATCC 29497; DSMZ 1526; B 100	CFBP 7306; ATCC 29497; DSMZ 1526; B 100	CFBP 7306; ATCC 29497; DSMZ 1526	B 100	yes	1	SAMN25050887	Xanthomonas campestris	Xanthomonas campestris pv. campestris; deletion mutant Xcc B100 xylR	NCPPB 4615	ncppb_number	103	101	2	0		0		0		0		non_xanthomonas_organism:101; query_returned_no_biosample_records:2	confirmed_biosample_match	confirmed_current_algorithmic_match	At least one accepted BioSample match and no current high-priority review flag.
NCPPB 4618	Xanthomonas phaseoli (ex Smith) Gabriel et al. 1989 VP	Xanthomonas phaseoli	The donor reference is LMG 29033 This isolate is also in the collections; LMG 29033, ATCC 49119 This isolate was isolated by A. Vidaver	LMG 29033; ATCC 49119	LMG 29033; ATCC 49119	LMG 29033; ATCC 49119	LMG 29033; ATCC 49119		yes	1	SAMN26806290	Xanthomonas phaseoli pv. phaseoli	Microbe sample from Xanthomonas phaseoli pv. phaseoli	ATCC 49119	other_reference_identifier	2	0	2	0		0		0		0		query_returned_no_biosample_records:2	confirmed_biosample_match	confirmed_current_algorithmic_match	At least one accepted BioSample match and no current high-priority review flag.
NCPPB 4622	Xanthomonas nasturtii		The donor reference is Protect 13 E6 This isolate was isolated by A. Aspin (21723449)		PROTECT 13; E 6	PROTECT 13; E 6		E 6	no	0						201	200	1	0		0		0		0		non_xanthomonas_organism:200; query_returned_no_biosample_records:1	no_confirmed_match_yet	no_confirmed_biosample_match	No accepted BioSample match in the current local-evidence filter output.
NCPPB 4623	Xanthomonas arboricola pv. pruni (Smith) Vauterin et al.		The donor reference is Protect OB Box 3 A6 This isolate was isolated by A. Aspin (21616370)		BOX 3; A 6	BOX 3; A 6		A 6	no	0						201	200	1	0		0		0		0		non_xanthomonas_organism:200; query_returned_no_biosample_records:1	no_confirmed_match_yet	no_confirmed_biosample_match	No accepted BioSample match in the current local-evidence filter output.
NCPPB 4625	Xanthomonas campestris pv. armoraciae		The donor reference is WHRI 8481, CSL 20313511 This isolate was isolated by H. Standford		WHRI 8481; CSL 20313511	WHRI 8481; CSL 20313511			no	0						3	0	3	0		0		0		0		query_returned_no_biosample_records:3	no_confirmed_match_yet	no_confirmed_biosample_match	No accepted BioSample match in the current local-evidence filter output.
NCPPB 4629	Xanthomonas dyei Young et al. 2010	Xanthomonas dyei Young et al. 2010	The donor reference is ICMP 1921 This isolate is also in the collections; ICMP 1921,CFBP 7268, NZRCC 10647, PDDCC 1921 This isolate was isolated by Douglas W. Dye The source of this isolate was ICMP	ICMP 1921; CFBP 7268; PDDCC 1921	ICMP 1921; CFBP 7268; PDDCC 1921; NZRCC 10647	ICMP 1921; CFBP 7268; PDDCC 1921; NZRCC 10647	ICMP 1921; CFBP 7268; PDDCC 1921		yes	1	SAMN56511378	Xanthomonas dyei	Genome sequencing of Xanthomonas NCPPB 4629	NCPPB 4629	ncppb_number	4	0	4	0		0		0		0		query_returned_no_biosample_records:4	confirmed_biosample_match	confirmed_current_algorithmic_match	At least one accepted BioSample match and no current high-priority review flag.
NCPPB 4630	Xanthomonas dyei Young et al. 2010	Xanthomonas dyei Young et al. 2010	The donor reference is ICMP 2374 This isolate is also in the collections; CFBP 7269, ICMP 2374, PDDCC 2374 This isolate was isolated by Douglas W. Dye ZZ22 The source of this isolate was ICMP	ICMP 2374; CFBP 7269; PDDCC 2374	ICMP 2374; CFBP 7269; PDDCC 2374; ZZ 22	ICMP 2374; CFBP 7269; PDDCC 2374; ZZ 22	ICMP 2374; CFBP 7269; PDDCC 2374		yes	1	SAMN56511379	Xanthomonas dyei	Genome sequencing of Xanthomonas NCPPB 4630	NCPPB 4630	ncppb_number	91	88	3	0		0		0		0		non_xanthomonas_organism:88; query_returned_no_biosample_records:3	confirmed_biosample_match	confirmed_current_algorithmic_match	At least one accepted BioSample match and no current high-priority review flag.
NCPPB 4631	Xanthomonas campestris		The donor reference is WHRI 8482, CSL 20313251 This isolate is also in the collections; WHRI 8482 This isolate was isolated by H. Stanford		WHRI 8482; CSL 20313251	WHRI 8482; CSL 20313251			yes	1	SAMN40354518	Xanthomonas campestris	Genome sequencing of Xanthomonas campestris pv. cheiranthi strain WHRI 8482	WHRI 8482	other_reference_identifier	2	0	2	0		0		0		0		query_returned_no_biosample_records:2	confirmed_biosample_match	confirmed_current_algorithmic_match	At least one accepted BioSample match and no current high-priority review flag.
NCPPB 4632	Xanthomonas dyei pv. eucalypti Young et al. 2010	Xanthomonas dyei pv. eucalypti	The donor reference is ICMP 6041 This isolate is also in the collections; ICMP 6041, CFBP 7261 This isolate was isolated by D.R.W. Watson The source of this isolate was ICMP	ICMP 6041; CFBP 7261	ICMP 6041; CFBP 7261	ICMP 6041; CFBP 7261	ICMP 6041; CFBP 7261		yes	1	SAMN56511380	Xanthomonas dyei	Genome sequencing of Xanthomonas NCPPB 4632	NCPPB 4632	ncppb_number	2	0	2	0		0		0		0		query_returned_no_biosample_records:2	confirmed_biosample_match	confirmed_current_algorithmic_match	At least one accepted BioSample match and no current high-priority review flag.
NCPPB 4633	Xanthomonas dyei Young et al. 2010	Xanthomonas dyei Young et al.	The donor reference is ICMP 6759 This isolate is also in the collections; ICMP 6759, CFPB 7263 NZRCC 10646 PDDCC 6759 This isolate was isolated by J.M. Young The source of this isolate was ICMP	ICMP 6759; PDDCC 6759	ICMP 6759; PDDCC 6759; CFPB 7263; NZRCC 10646	ICMP 6759; PDDCC 6759; CFPB 7263; NZRCC 10646	ICMP 6759; PDDCC 6759		yes	1	SAMN56511381	Xanthomonas dyei	Genome sequencing of Xanthomonas NCPPB 4633	NCPPB 4633	ncppb_number	4	0	4	0		0		0		0		query_returned_no_biosample_records:4	confirmed_biosample_match	confirmed_current_algorithmic_match	At least one accepted BioSample match and no current high-priority review flag.
NCPPB 4634	Xanthomonas dyei Young et al. 2010	Xanthomonas dyei Young et al. 2010	The donor reference is ICMP 13401 This isolate is also in the collections; ICMP 13401, CFBP 7271 This isolate was isolated by Robert K. Taylor The source of this isolate was ICMP	ICMP 13401; CFBP 7271	ICMP 13401; CFBP 7271	ICMP 13401; CFBP 7271	ICMP 13401; CFBP 7271		yes	1	SAMN56511382	Xanthomonas dyei	Genome sequencing of Xanthomonas NCPPB 4634	NCPPB 4634	ncppb_number	2	0	2	0		0		0		0		query_returned_no_biosample_records:2	confirmed_biosample_match	confirmed_current_algorithmic_match	At least one accepted BioSample match and no current high-priority review flag.
NCPPB 4635	Xanthomonas campestris pv. tardicrescens		The donor reference is ICMP 4292 This isolate is also in the collections; ICMP 4292 This isolate was isolated by M. Goto (XT3)	ICMP 4292	ICMP 4292; XT 3	ICMP 4292; XT 3	ICMP 4292		no	0						102	100	2	0		0		0		0		non_xanthomonas_organism:100; query_returned_no_biosample_records:2	no_confirmed_match_yet	no_confirmed_biosample_match	No accepted BioSample match in the current local-evidence filter output.
NCPPB 4660	Xanthomonas campestris pv. campestris (Pammel 1895) Dowson 1939	Xanthomonas campestris pv. campestris	The donor reference is WHRI 8891A This isolate was isolated by J G Vicente		WHRI 8891A	WHRI 8891A			yes	1	SAMN36001536	Xanthomonas campestris pv. campestris	Genome sequencing of X. campestris pv. campestris strain WHRI 8891A	WHRI 8891A	other_reference_identifier	1	0	1	0		0		0		0		query_returned_no_biosample_records:1	confirmed_biosample_match	confirmed_current_algorithmic_match	At least one accepted BioSample match and no current high-priority review flag.
NCPPB 4661	Xanthomonas campestris pv. campestris (Pammel 1895) Dowson 1939	Xanthomonas campestris pv. campestris	The donor reference is WHRI 3811		WHRI 3811	WHRI 3811			yes	2	SAMN36368309; SAMN10440464	Xanthomonas campestris pv. campestris	Genome sequencing of Xcc WHRI3811; Microbe sample from Xanthomonas campestris pv. campestris	WHRI 3811	other_reference_identifier	1	0	1	0		0		0		0		query_returned_no_biosample_records:1	confirmed_biosample_match	confirmed_current_algorithmic_match	At least one accepted BioSample match and no current high-priority review flag.
NCPPB 4662	Xanthomonas campestris pv. campestris (Pammel 1895) Dowson 1939	Xanthomonas campestris pv. campestris	The donor reference is WHRI 8909A This isolate was isolated by J G Vicente		WHRI 8909A	WHRI 8909A			yes	1	SAMN36001539	Xanthomonas campestris pv. campestris	Genome sequencing of X. campestris pv. campestris strain WHRI 8909A	WHRI 8909A	other_reference_identifier	1	0	1	0		0		0		0		query_returned_no_biosample_records:1	confirmed_biosample_match	confirmed_current_algorithmic_match	At least one accepted BioSample match and no current high-priority review flag.
NCPPB 4663	Xanthomonas campestris pv. campestris (Pammel 1895) Dowson 1939	Xanthomonas campestris pv. campestris	The donor reference is WHRI 8960 This isolate was isolated by J G Vicente		WHRI 8960	WHRI 8960			yes	1	SAMN36293677	Xanthomonas campestris	Genome sequencing of X. campestris WHRI 8960 from wallflower	WHRI 8960	other_reference_identifier	1	0	1	0		0		0		0		query_returned_no_biosample_records:1	confirmed_biosample_match	confirmed_current_algorithmic_match	At least one accepted BioSample match and no current high-priority review flag.
NCPPB 4664	Xanthomonas campestris pv. campestris (Pammel 1895) Dowson 1939	Xanthomonas campestris pv. campestris	The donor reference is WHRI 8959A This isolate was isolated by J G Vicente		WHRI 8959A	WHRI 8959A			yes	1	SAMN36001541	Xanthomonas campestris pv. campestris	Genome sequencing of X. campestris pv. campestris strain WHRI 8959A	WHRI 8959A	other_reference_identifier	1	0	1	0		0		0		0		query_returned_no_biosample_records:1	confirmed_biosample_match	confirmed_current_algorithmic_match	At least one accepted BioSample match and no current high-priority review flag.
NCPPB 4665	Xanthomonas campestris pv. campestris (Pammel 1895) Dowson 1939	Xanthomonas campestris pv. campestris	The donor reference is WHRI 8964 This isolate was isolated by J G Vicente		WHRI 8964	WHRI 8964			yes	1	SAMN36001542	Xanthomonas campestris pv. campestris	Genome sequencing of X. campestris pv. campestris strain WHRI 8964	WHRI 8964	other_reference_identifier	1	0	1	0		0		0		0		query_returned_no_biosample_records:1	confirmed_biosample_match	confirmed_current_algorithmic_match	At least one accepted BioSample match and no current high-priority review flag.
NCPPB 4666	Xanthomonas nasturtii Vicente et al., 2017	Xanthomonas nasturtii	The donor reference is WHRI 8984 This isolate was isolated by J G Vicente		WHRI 8984	WHRI 8984			yes	2	SAMN27412261; SAMN09828208	Xanthomonas nasturtii	Pathogen: environmental/food/other sample from Xanthomonas nasturtii; Microbe sample from Xanthomonas nasturtii	WHRI 8984	other_reference_identifier	1	0	1	0		0		0		0		query_returned_no_biosample_records:1	confirmed_biosample_match	confirmed_current_algorithmic_match	At least one accepted BioSample match and no current high-priority review flag.
NCPPB 4668	Xanthomonas campestris pv. campestris (Pammel 1895) Dowson 1939		The donor reference is WHRI 6181 This isolate was isolated by J G Vicente The source of this isolate was FERA		WHRI 6181	WHRI 6181			yes	2	SAMN36346923; SAMN10440477	Xanthomonas campestris pv. campestris	Genome sequencing of Xcc WHRI 6181; Microbe sample from Xanthomonas campestris pv. campestris	WHRI 6181	other_reference_identifier	1	0	1	0		0		0		0		query_returned_no_biosample_records:1	confirmed_biosample_match	confirmed_current_algorithmic_match	At least one accepted BioSample match and no current high-priority review flag.
NCPPB 4669	Xanthomonas campestris pv. campestris (Pammel 1895) Dowson 1939	Xanthomonas campestris campestris	The donor reference is WHRI 8450A This isolate was isolated by B D Jensen The source of this isolate was FERA		WHRI 8450A	WHRI 8450A			yes	2	SAMN36368340; SAMN10440482	Xanthomonas campestris pv. campestris	Genome sequencing of Xcc WHRI8450A; Microbe sample from Xanthomonas campestris pv. campestris	WHRI 8450A	other_reference_identifier	1	0	1	0		0		0		0		query_returned_no_biosample_records:1	confirmed_biosample_match	confirmed_current_algorithmic_match	At least one accepted BioSample match and no current high-priority review flag.
NCPPB 4670	Xanthomonas campestris pv. campestris (Pammel 1895) Dowson 1939	Xanthomonas campestris pv. campestris	The donor reference is WHRI 3849A This isolate was isolated by C I Kado The source of this isolate was FERA		WHRI 3849A	WHRI 3849A			yes	2	SAMN36368317; SAMN10440467	Xanthomonas campestris pv. campestris	Genome sequencing of Xcc WHRI3849A; Microbe sample from Xanthomonas campestris pv. campestris	WHRI 3849A	other_reference_identifier	1	0	1	0		0		0		0		query_returned_no_biosample_records:1	confirmed_biosample_match	confirmed_current_algorithmic_match	At least one accepted BioSample match and no current high-priority review flag.
NCPPB 4671	Xanthomonas campestris pv. campestris (Pammel 1895) Dowson 1939	Xanthomonas campestris pv. campestris	The donor reference is WHRI 1279A This isolate was isolated by J D Taylor The source of this isolate was FERA		WHRI 1279A	WHRI 1279A			yes	2	SAMN36368308; SAMN10440469	Xanthomonas campestris pv. campestris	Genome sequencing of Xcc WHRI1279A; Microbe sample from Xanthomonas campestris pv. campestris	WHRI 1279A	other_reference_identifier	1	0	1	0		0		0		0		query_returned_no_biosample_records:1	confirmed_biosample_match	confirmed_current_algorithmic_match	At least one accepted BioSample match and no current high-priority review flag.
NCPPB 4675	Xanthomonas euroxanthea Martins et al. 2020	Xanthomonas sp.	The donor reference is CPBF 424 This isolate is also in the collections; CPBF 424, LMG 31037, CCOS 1891 This isolate was isolated by C.Fernandes	LMG 31037	LMG 31037; CPBF 424; CCOS 1891	LMG 31037; CPBF 424; CCOS 1891	LMG 31037		yes	5	SAMEA4722874; SAMEA7742038	Xanthomonas euroxanthea	Xanthomonas euroxanthea CPBF 424	NCPPB 4675; CPBF 424	ncppb_number; other_reference_identifier	0	0	0	0		0		0		0			confirmed_biosample_match	confirmed_current_algorithmic_match	At least one accepted BioSample match and no current high-priority review flag.
NCPPB 4676	Xanthomonas arboricola pv. juglandis	Xanthomonas arboricola pv. juglandis	The donor reference is CPBF 1521 This isolate is also in the collections; CBPF 1521, LMG 31040, CCOS 1894 This isolate was isolated by C.Fernandes	LMG 31040	LMG 31040; CPBF 1521; CBPF 1521; CCOS 1894	LMG 31040; CPBF 1521; CBPF 1521; CCOS 1894	LMG 31040		yes	1	SAMEA4722873	Xanthomonas arboricola pv. juglandis	Xanthomonas arboricola pv. juglandis CPBF 1521	CPBF 1521	other_reference_identifier	4	0	4	0		0		0		0		query_returned_no_biosample_records:4	confirmed_biosample_match	confirmed_current_algorithmic_match	At least one accepted BioSample match and no current high-priority review flag.
NCPPB 4678	Xanthomonas campestris pv. campestris (Pammel 1895) Dowson 1939	Xanthomonas campestris pv. campestris	The donor reference is Xc6 This isolate was isolated by Tatjana Popović		XC 6	XC 6			yes	2	SAMN56511383; SAMN43286080	Xanthomonas campestris pv. campestris	Genome sequencing of Xanthomonas NCPPB 4678; Genome sequencing of Xanthomonas campestris NCPPB 4678 at Fera	NCPPB 4678	ncppb_number	100	100	0	0		0		0		0		non_xanthomonas_organism:100	confirmed_biosample_match	confirmed_current_algorithmic_match	At least one accepted BioSample match and no current high-priority review flag.
NCPPB 4679	Xanthomonas campestris pv. campestris (Pammel 1895) Dowson 1939	Xanthomonas campestris pv. campestris	The donor reference is Xc9 This isolate was isolated by Tatjana Popović		XC 9	XC 9			yes	1	SAMN56511384	Xanthomonas campestris pv. campestris	Genome sequencing of Xanthomonas NCPPB 4679	NCPPB 4679	ncppb_number	45	44	0	0		1	SAMN17198917	1	SAMN17198917	0		non_xanthomonas_organism:44; no_exact_strain_identifier_match:1	manual_review_required	P3_taxon_only_review	Target-taxon BioSample candidates exist but no exact strain identifier was found.
NCPPB 4680	Xanthomonas campestris pv. campestris (Pammel 1895) Dowson 1939	Xanthomonas campestris pv. campestris	The donor reference is Xc23 This isolate was isolated by Tatjana Popović		XC 23	XC 23			yes	2	SAMN56511385; SAMN43286081	Xanthomonas campestris pv. campestris	Genome sequencing of Xanthomonas NCPPB 4680; Genome sequencing of Xanthomonas campestris NCPPB 4680 at Fera	NCPPB 4680	ncppb_number	46	46	0	0		0		0		0		non_xanthomonas_organism:46	confirmed_biosample_match	confirmed_current_algorithmic_match	At least one accepted BioSample match and no current high-priority review flag.
NCPPB 4681	Xanthomonas campestris pv. campestris (Pammel 1895) Dowson 1939	Xanthomonas campestris pv. campestris	The donor reference is Xc27 This isolate was isolated by Tatjana Popović		XC 27	XC 27			yes	4	SAMN56511386; SAMN17198917; SAMN17198916; SAMN17198915	Xanthomonas campestris pv. campestris	Genome sequencing of Xanthomonas NCPPB 4681; Microbe sample from Xanthomonas campestris pv. campestris	NCPPB 4681; XC 27	ncppb_number; other_reference_identifier	16	16	0	0		0		0		0		non_xanthomonas_organism:16	confirmed_biosample_match	confirmed_current_algorithmic_match	At least one accepted BioSample match and no current high-priority review flag.
NCPPB 4682	Xanthomonas campestris pv. campestris (Pammel 1895) Dowson 1939	Xanthomonas campestris pv. campestris	The donor reference is Xc318 This isolate was isolated by Tatjana Popović		XC 318	XC 318			yes	2	SAMN56511387; SAMN43286082	Xanthomonas campestris pv. campestris	Genome sequencing of Xanthomonas NCPPB 4682; Genome sequencing of Xanthomonas campestris NCPPB 4682 at Fera	NCPPB 4682	ncppb_number	1	1	0	0		0		0		0		non_xanthomonas_organism:1	confirmed_biosample_match	confirmed_current_algorithmic_match	At least one accepted BioSample match and no current high-priority review flag.
NCPPB 4692	Xanthomonas hydrangeae Dia et al. 2021	Xanthomonas hydrangeae	The donor reference is GBBC 2123 This isolate is also in the collections; LMG 31884, CCOS 1956 This isolate was isolated by Johan Van Vaerenbergh	LMG 31884	LMG 31884; GBBC 2123; CCOS 1956	LMG 31884; GBBC 2123; CCOS 1956	LMG 31884		yes	4	SAMN41996498; SAMEA7356589	Xanthomonas hydrangeae	Microbe sample from Xanthomonas hydrangeae; Xanthomonas hydrangeae LMG 31884	NCPPB 4692; LMG 31884	ncppb_number; other_reference_identifier	0	0	0	0		0		0		0			confirmed_biosample_match	confirmed_current_algorithmic_match	At least one accepted BioSample match and no current high-priority review flag.
NCPPB 4693	Xanthomonas hydrangeae Dia et al. 2021	Xanthomonas hydrangeae	The donor reference is GBBC 2199 This isolate is also in the collections; LMG 31886, CCOS 1957 This isolate was isolated by Johan Van Vaerenbergh	LMG 31886	LMG 31886; GBBC 2199; CCOS 1957	LMG 31886; GBBC 2199; CCOS 1957	LMG 31886		yes	3	SAMEA7356591	Xanthomonas hydrangeae	Xanthomonas hydrangeae LMG 31886	LMG 31886	other_reference_identifier	1	0	1	0		0		0		0		query_returned_no_biosample_records:1	confirmed_biosample_match	confirmed_current_algorithmic_match	At least one accepted BioSample match and no current high-priority review flag.
NCPPB 4698	Xanthomonas hortorum Vauterin et al. 1995	Xanthomonas campestris FL-2	The donor reference is 1294-6 This isolate was isolated by Steven T. Koike		IS 1294-6			IS 1294-6	no	0						1	0	1	0		0		0		0		query_returned_no_biosample_records:1	no_confirmed_match_yet	no_confirmed_biosample_match	No accepted BioSample match in the current local-evidence filter output.
NCPPB 4699	Xanthomonas hortorum Vauterin et al. 1995	Xanthomonas campestris	The donor reference is 0894-4 This isolate was isolated by Hamid Azad		IS 0894-4			IS 0894-4	no	0						1	0	1	0		0		0		0		query_returned_no_biosample_records:1	no_confirmed_match_yet	no_confirmed_biosample_match	No accepted BioSample match in the current local-evidence filter output.
NCPPB 4700	Xanthomonas hortorum Vauterin et al. 1995	Xanthomonas campestris EL 2	The donor reference is 1294-9 This isolate was isolated by Steven T. Koike		IS 1294-9			IS 1294-9	no	0						1	0	1	0		0		0		0		query_returned_no_biosample_records:1	no_confirmed_match_yet	no_confirmed_biosample_match	No accepted BioSample match in the current local-evidence filter output.
NCPPB 4701	Xanthomonas campestris pv. incanae (Kendrick & Baker 1942) Dye 1978		This isolate is also in the collections; CFBP 5686-20	CFBP 5686-20	CFBP 5686-20	CFBP 5686-20	CFBP 5686-20		no	0						2	0	2	0		0		0		0		query_returned_no_biosample_records:2	no_confirmed_match_yet	no_confirmed_biosample_match	No accepted BioSample match in the current local-evidence filter output.
NCPPB 4702	Xanthomonas campestris pv. incanae (Kendrick & Baker 1942) Dye 1978		This isolate is also in the collections; CFBP 1371-04 This isolate was isolated by Bonnet P.	CFBP 1371-04	CFBP 1371-04	CFBP 1371-04	CFBP 1371-04		no	0						2	0	2	0		0		0		0		query_returned_no_biosample_records:2	no_confirmed_match_yet	no_confirmed_biosample_match	No accepted BioSample match in the current local-evidence filter output.
NCPPB 4703	Xanthomonas campestris pv. incanae (Kendrick & Baker 1942) Dye 1978		This isolate is also in the collections; CFBP 1606-13 This isolate was isolated by Paulin J.P.	CFBP 1606-13	CFBP 1606-13	CFBP 1606-13	CFBP 1606-13		no	0						2	0	2	0		0		0		0		query_returned_no_biosample_records:2	no_confirmed_match_yet	no_confirmed_biosample_match	No accepted BioSample match in the current local-evidence filter output.
NCPPB 4704	Xanthomonas vasicola pv. vasculorum (Cobb 1894) Lang et al. 2017	Xanthomonas vasicola pv. vasculorum (Reference: Co-126-2)	The donor reference is Co-126-2		CO 126-2	CO 126-2			no	0						101	100	1	0		0		0		0		non_xanthomonas_organism:100; query_returned_no_biosample_records:1	no_confirmed_match_yet	no_confirmed_biosample_match	No accepted BioSample match in the current local-evidence filter output.
NCPPB 4705	Xanthomonas vasicola pv. vasculorum (Cobb 1894) Lang et al. 2017	Xanthomonas vasicola pv. vasculorum (Reference: Arg-1A)	The donor reference is Arg-1A		ARG 1A	ARG 1A			yes	2	SAMN36357994; SAMN07735936	Xanthomonas vasicola; Xanthomonas vasicola pv. vasculorum	Arg-1A; Microbe sample from Xanthomonas vasicola pv. vasculorum	ARG 1A	other_reference_identifier	9	8	1	0		0		0		0		non_xanthomonas_organism:8; query_returned_no_biosample_records:1	confirmed_biosample_match	confirmed_current_algorithmic_match	At least one accepted BioSample match and no current high-priority review flag.
NCPPB 4706	Xanthomonas vasicola pv. vasculorum (Cobb 1894) Lang et al. 2017	Xanthomonas vasicola pv. vasculorum (Reference: CO-8)	The donor reference is CO-8		CO 8	CO 8			no	0						101	100	1	0		0		0		0		non_xanthomonas_organism:100; query_returned_no_biosample_records:1	no_confirmed_match_yet	no_confirmed_biosample_match	No accepted BioSample match in the current local-evidence filter output.
NCPPB 4707	Xanthomonas vasicola pv. vasculorum (Cobb 1894) Lang et al. 2017	Xanthomonas vasicola pv. vasculorum (Reference: ARG-3A)	The donor reference is ARG-3A		ARG 3A	ARG 3A			yes	1	SAMN36357996	Xanthomonas vasicola	Arg-3A	ARG 3A	other_reference_identifier	1	0	1	0		0		0		0		query_returned_no_biosample_records:1	confirmed_biosample_match	confirmed_current_algorithmic_match	At least one accepted BioSample match and no current high-priority review flag.
NCPPB 4708	Xanthomonas vasicola pv. vasculorum (Cobb 1894) Lang et al. 2017	Xanthomonas vasicola pv. vasculorum (Reference: IL02(1)YDC)	The donor reference is IL02(1)YDC		IL 02	IL 02			no	0						101	100	1	0		0		0		0		non_xanthomonas_organism:100; query_returned_no_biosample_records:1	no_confirmed_match_yet	no_confirmed_biosample_match	No accepted BioSample match in the current local-evidence filter output.
NCPPB 4709	Xanthomonas vasicola pv. holcicola (Elliott 1930) Vauterin et al. 1995	Xanthomonas vasicola pv. holcicola	The donor reference is NE-18 Xvh		NE 18	NE 18			no	0						101	100	1	0		0		0		0		non_xanthomonas_organism:100; query_returned_no_biosample_records:1	no_confirmed_match_yet	no_confirmed_biosample_match	No accepted BioSample match in the current local-evidence filter output.
NCPPB 4710	Xanthomonas vasicola pv. vasculorum (Cobb 1894) Lang et al. 2017	Xanthomonas vasicola pv. vasculorum	The donor reference is Arg-2B		ARG 2B	ARG 2B			yes	3	SAMN36701295; SAMN36357995; SAMN08773711	Xanthomonas vasicola pv. vasculorum; Xanthomonas vasicola	Genome sequencing of Xanthomonas vasicola Arg-2B; Arg-2B; Microbe sample from Xanthomonas vasicola pv. vasculorum	ARG 2B	other_reference_identifier	1	0	1	0		0		0		0		query_returned_no_biosample_records:1	confirmed_biosample_match	confirmed_current_algorithmic_match	At least one accepted BioSample match and no current high-priority review flag.
NCPPB 4711	Xanthomonas vasicola pv. vasculorum (Cobb 1894) Lang et al. 2017	Xanthomonas vasicola pv. vasculorum	The donor reference is NE-7		NE 7	NE 7			no	0						101	100	1	0		0		0		0		non_xanthomonas_organism:100; query_returned_no_biosample_records:1	no_confirmed_match_yet	no_confirmed_biosample_match	No accepted BioSample match in the current local-evidence filter output.
NCPPB 4712	Xanthomonas vasicola pv. vasculorum (Cobb 1894) Lang et al. 2017	Xanthomonas vasicola pv. vasculorum	The donor reference is ARG-6B		ARG 6B	ARG 6B			yes	3	SAMN36701296; SAMN36357998; SAMN08773805	Xanthomonas vasicola pv. vasculorum; Xanthomonas vasicola	Genome sequencing of Xanthomonas vasicola Arg-6B; Arg-6B; Microbe sample from Xanthomonas vasicola pv. vasculorum	ARG 6B	other_reference_identifier	1	0	1	0		0		0		0		query_returned_no_biosample_records:1	confirmed_biosample_match	confirmed_current_algorithmic_match	At least one accepted BioSample match and no current high-priority review flag.
NCPPB 4713	Xanthomonas vasicola pv. vasculorum (Cobb 1894) Lang et al. 2017	Xanthomonas vasicola pv. vasculorum	The donor reference is IL-1(1)YDC		IL 1	IL 1			no	0						101	100	1	0		0		0		0		non_xanthomonas_organism:100; query_returned_no_biosample_records:1	no_confirmed_match_yet	no_confirmed_biosample_match	No accepted BioSample match in the current local-evidence filter output.
NCPPB 4714	Xanthomonas vasicola pv. vasculorum (Cobb 1894) Lang et al. 2017	Xanthomonas vasicola pv. vasculorum	The donor reference is ARG 4B		ARG 4B	ARG 4B			yes	1	SAMN36357997	Xanthomonas vasicola	Arg-4B	ARG 4B	other_reference_identifier	1	0	1	0		0		0		0		query_returned_no_biosample_records:1	confirmed_biosample_match	confirmed_current_algorithmic_match	At least one accepted BioSample match and no current high-priority review flag.
NCPPB 4715	Xanthomonas vasicola pv. vasculorum (Cobb 1894) Lang et al. 2017	Xanthomonas vasicola pv. vasculorum	The donor reference is IAO2		IAO 2	IAO 2			no	0						2	0	2	0		0		0		0		query_returned_no_biosample_records:2	no_confirmed_match_yet	no_confirmed_biosample_match	No accepted BioSample match in the current local-evidence filter output.
NCPPB 4716	Xanthomonas vasicola pv. vasculorum (Cobb 1894) Lang et al. 2017	Xanthomonas vasicola pv. vasculorum	The donor reference is NE-16		NE 16	NE 16			no	0						101	100	1	0		0		0		0		non_xanthomonas_organism:100; query_returned_no_biosample_records:1	no_confirmed_match_yet	no_confirmed_biosample_match	No accepted BioSample match in the current local-evidence filter output.
NCPPB 4717	Xanthomonas campestris pv. asclepiadis Flynn & Vidaver	Xanthomonas campestris pv. asclepiadis Flynn & Vidaver 1995	The donor reference is 10197-90 This isolate is also in the collections; ICMP 10197 This isolate was isolated by P. Heise The source of this isolate was ICMP	ICMP 10197	ICMP 10197; IS 10197-90	ICMP 10197	ICMP 10197	IS 10197-90	no	0						2	0	2	0		0		0		0		query_returned_no_biosample_records:2	no_confirmed_match_yet	no_confirmed_biosample_match	No accepted BioSample match in the current local-evidence filter output.
NCPPB 4718	Xanthomonas campestris pv. asclepiadis Flynn & Vidaver	Xanthomonas campestris pv. asclepiadis Flynn & Vidaver	The donor reference is 10194-90 This isolate is also in the collections; ICMP 10194 This isolate was isolated by P. Heise The source of this isolate was ICMP	ICMP 10194	ICMP 10194; IS 10194-90	ICMP 10194	ICMP 10194	IS 10194-90	no	0						2	0	2	0		0		0		0		query_returned_no_biosample_records:2	no_confirmed_match_yet	no_confirmed_biosample_match	No accepted BioSample match in the current local-evidence filter output.
NCPPB 4719	Xanthomonas campestris pv. asclepiadis Flynn & Vidaver	Xanthomonas campestris pv. asclepiadis Flynn & Vidaver	The donor reference is ICMP 10195 This isolate was isolated by P. Heise The source of this isolate was ICMP	ICMP 10195	ICMP 10195	ICMP 10195	ICMP 10195		no	0						2	0	2	0		0		0		0		query_returned_no_biosample_records:2	no_confirmed_match_yet	no_confirmed_biosample_match	No accepted BioSample match in the current local-evidence filter output.
NCPPB 4720	Xanthomonas campestris pv. cannae Easwaramurthy et al.	Xanthomonas campestris pv. cannae Easwaramurthy et al.	The donor reference is ICMP 8410-83 This isolate is also in the collections; ICMP 8410 This isolate was isolated by R. Easwaramurthy The source of this isolate was ICMP	ICMP 8410-83; ICMP 8410	ICMP 8410-83; ICMP 8410	ICMP 8410-83; ICMP 8410	ICMP 8410-83; ICMP 8410		no	0						3	0	3	0		0		0		0		query_returned_no_biosample_records:3	no_confirmed_match_yet	no_confirmed_biosample_match	No accepted BioSample match in the current local-evidence filter output.
NCPPB 4721	Xanthomonas euvesicatoria pv. viegasii (Robbs et al. 1989) Harrison et al. 2023	Xanthomonas campestris pv. viegasii Robbs et al.	The donor reference is 13093-96 This isolate is also in the collections; ICMP 13093 This isolate was isolated by J.R. Neto The source of this isolate was ICMP	ICMP 13093	ICMP 13093; IS 13093-96	ICMP 13093	ICMP 13093	IS 13093-96	no	0						2	0	2	0		0		0		0		query_returned_no_biosample_records:2	no_confirmed_match_yet	no_confirmed_biosample_match	No accepted BioSample match in the current local-evidence filter output.
NCPPB 4722	Xanthomonas euvesicatoria pv. viegasii (Robbs et al. 1989) Harrison et al. 2023	Xanthomonas campestris pv. viegasii Robbs et al.	The donor reference is 9262-87 This isolate is also in the collections; ICMP 9262 This isolate was isolated by J.R. Neto The source of this isolate was ICMP	ICMP 9262	ICMP 9262; IS 9262-87	ICMP 9262	ICMP 9262	IS 9262-87	no	0						2	0	2	0		0		0		0		query_returned_no_biosample_records:2	no_confirmed_match_yet	no_confirmed_biosample_match	No accepted BioSample match in the current local-evidence filter output.
NCPPB 4727	Xanthomonas euvesicatoria pv. zingibericola (Ren and Fang 1981) Harrison et al. 2023	Xanthomonas campestris pv. zingibericola (Ren & Fang 1981) Bradbury	The donor reference is ICMP 8883 This isolate is also in the collections; ICMP 8883 The source of this isolate was ICMP	ICMP 8883	ICMP 8883	ICMP 8883	ICMP 8883		no	0						2	0	2	0		0		0		0		query_returned_no_biosample_records:2	no_confirmed_match_yet	no_confirmed_biosample_match	No accepted BioSample match in the current local-evidence filter output.
NCPPB 4728	Xanthomonas euvesicatoria pv. zingibericola (Ren and Fang 1981) Harrison et al. 2023	Xanthomonas campestris pv. zingibericola (Ren & Fang 1981) Bradbury	The donor reference is ICMP 8884 This isolate is also in the collections; ICMP 8884 The source of this isolate was ICMP	ICMP 8884	ICMP 8884	ICMP 8884	ICMP 8884		no	0						15	14	1	0		0		0		0		non_xanthomonas_organism:14; query_returned_no_biosample_records:1	no_confirmed_match_yet	no_confirmed_biosample_match	No accepted BioSample match in the current local-evidence filter output.
NCPPB 4729	Xanthomonas euvesicatoria pv. viegasii (Robbs et al. 1989) Harrison et al. 2023	Xanthomonas campestris pv. viegasii Robbs et al.	The donor reference is ICMP 13091 This isolate was isolated by J.R. Neto The source of this isolate was ICMP	ICMP 13091	ICMP 13091	ICMP 13091	ICMP 13091		no	0						2	0	2	0		0		0		0		query_returned_no_biosample_records:2	no_confirmed_match_yet	no_confirmed_biosample_match	No accepted BioSample match in the current local-evidence filter output.
NCPPB 4730	Xanthomonas euvesicatoria pv. zingibericola (Ren & Fang 1981) Harrison et al. 2023	Xanthomonas campestris pv. zingibericola (Ren & Fang 1981) Bradbury 1986	The donor reference is ICMP 11134 This isolate is also in the collections; ICMP 11134 The source of this isolate was ICMP	ICMP 11134	ICMP 11134	ICMP 11134	ICMP 11134		no	0						2	0	2	0		0		0		0		query_returned_no_biosample_records:2	no_confirmed_match_yet	no_confirmed_biosample_match	No accepted BioSample match in the current local-evidence filter output.
NCPPB 4731	Xanthomonas campestris pv. leersiae (ex Fang et al. 1957) Young et al. 1991	Xanthomonas campestris pv. leersiae (ex Fang et al. 1957) Young et al.	The donor reference is ICMP 12321 This isolate is also in the collections; ICMP 12321 The source of this isolate was ICMP	ICMP 12321	ICMP 12321	ICMP 12321	ICMP 12321		no	0						2	0	2	0		0		0		0		query_returned_no_biosample_records:2	no_confirmed_match_yet	no_confirmed_biosample_match	No accepted BioSample match in the current local-evidence filter output.
NCPPB 4732	Xanthomonas campestris pv. leersiae (ex Fang et al. 1957) Young et al. 1991	Xanthomonas campestris pv. leersiae (ex Fang et al. 1957) Young et al.	The donor reference is ICMP 8789 This isolate is also in the collections; ICMP 8789, PDDCC 8789 This isolate was isolated by Z. Fang The source of this isolate was ICMP	ICMP 8789; PDDCC 8789	ICMP 8789; PDDCC 8789	ICMP 8789; PDDCC 8789	ICMP 8789; PDDCC 8789		no	0						3	0	3	0		0		0		0		query_returned_no_biosample_records:3	no_confirmed_match_yet	no_confirmed_biosample_match	No accepted BioSample match in the current local-evidence filter output.
NCPPB 4733	Xanthomonas campestris pv. cannae Easwaramurthy et al. 1984	Xanthomonas campestris pv. cannae Easwaramurthy et al.	The donor reference is ICMP 8412 This isolate is also in the collections; ICMP 8412, PDDCC 8412 This isolate was isolated by R. Easwaramurthy The source of this isolate was ICMP	ICMP 8412; PDDCC 8412	ICMP 8412; PDDCC 8412	ICMP 8412; PDDCC 8412	ICMP 8412; PDDCC 8412		no	0						3	0	3	0		0		0		0		query_returned_no_biosample_records:3	no_confirmed_match_yet	no_confirmed_biosample_match	No accepted BioSample match in the current local-evidence filter output.
NCPPB 4753	Xanthomonas prunicola Lopez et al	Xanthomonas prunicola	The donor reference is CFBP 8353 This isolate is also in the collections; CFBP 8353, CECT 9404, IVIA 3287.1 This isolate was isolated by Lopez et al The source of this isolate was CFBP	CFBP 8353	CFBP 8353; CECT 9404; IVIA 3287.1	CFBP 8353; CECT 9404; IVIA 3287.1	CFBP 8353		yes	1	SAMN08031359	Xanthomonas prunicola	Microbe sample from Xanthomonas prunicola CFBP8353	CFBP 8353	other_reference_identifier	3	0	3	0		0		0		0		query_returned_no_biosample_records:3	confirmed_biosample_match	confirmed_current_algorithmic_match	At least one accepted BioSample match and no current high-priority review flag.
NCPPB 4754	Xanthomonas prunicola Lopez et al. 2018	Xanthomonas prunicola	The donor reference is CFBP 8354 This isolate is also in the collections; CFBP 8354, CECT 9405, IVIA 3287.2 This isolate was isolated by Maria M. Lopez The source of this isolate was CFBP	CFBP 8354	CFBP 8354; CECT 9405; IVIA 3287.2	CFBP 8354; CECT 9405; IVIA 3287.2	CFBP 8354		yes	1	SAMN08031988	Xanthomonas prunicola	Microbe sample from Xanthomonas prunicola CFBP8354	CFBP 8354	other_reference_identifier	3	0	3	0		0		0		0		query_returned_no_biosample_records:3	confirmed_biosample_match	confirmed_current_algorithmic_match	At least one accepted BioSample match and no current high-priority review flag.
NCPPB 4755	Xanthomonas prunicola Lopez et al. 2018	Xanthomonas prunicola	The donor reference is CFBP 8355 This isolate is also in the collections; CFBP 8355, CECT 9406, IVIA 3287.3 This isolate was isolated by Maria M. Lopez The source of this isolate was CFBP	CFBP 8355	CFBP 8355; CECT 9406; IVIA 3287.3	CFBP 8355; CECT 9406; IVIA 3287.3	CFBP 8355		yes	1	SAMN08032457	Xanthomonas prunicola	Microbe sample from Xanthomonas prunicola CFBP 8355	CFBP 8355	other_reference_identifier	3	0	3	0		0		0		0		query_returned_no_biosample_records:3	confirmed_biosample_match	confirmed_current_algorithmic_match	At least one accepted BioSample match and no current high-priority review flag.
NCPPB 4763	Xanthomonas hortorum Vauterin et al. 1995	Xanthomonas hortorum subsp. lycopersiconseminum	The donor reference is NBC5720 This isolate is also in the collections; LMG 33367 This isolate was isolated by Harrie Koenraadt The source of this isolate was University of Florida, North Florida Research and Education Center Plant Disease	LMG 33367	NBC 5720; LMG 33367	NBC 5720; LMG 33367	NBC 5720; LMG 33367		no	0						3	0	3	0		0		0		0		query_returned_no_biosample_records:3	no_confirmed_match_yet	no_confirmed_biosample_match	No accepted BioSample match in the current local-evidence filter output.
NCPPB 4770	Xanthomonas campestris pv. campestris (Pammel 1895) Dowson 1939	Xanthomonas campestris pv. campestris	The donor reference is 2023024626 This isolate was isolated by Sam Oxspring The source of this isolate was FERA		IS 2023024626			IS 2023024626	no	0						1	0	1	0		0		0		0		query_returned_no_biosample_records:1	no_confirmed_match_yet	no_confirmed_biosample_match	No accepted BioSample match in the current local-evidence filter output.
NCPPB 4771	Xanthomonas campestris pv. campestris (Pammel 1895) Dowson 1939	Xanthomonas campestris pv. campestris	The donor reference is 2023027163 This isolate was isolated by Sarah Carroll, Sam Oxspring The source of this isolate was FERA		IS 2023027163			IS 2023027163	no	0						1	0	1	0		0		0		0		query_returned_no_biosample_records:1	no_confirmed_match_yet	no_confirmed_biosample_match	No accepted BioSample match in the current local-evidence filter output.
NCPPB 4772	Xanthomonas fragariae Kennedy and King 1962	Xanthomonas fragariae	The donor reference is 2023027127 This isolate was isolated by Sarah Carroll The source of this isolate was FERA		IS 2023027127			IS 2023027127	yes	1	SAMN39942678	Xanthomonas fragariae	Microbe sample from Xanthomonas fragariae	NCPPB 4772	ncppb_number	0	0	0	0		0		0		0			confirmed_biosample_match	confirmed_current_algorithmic_match	At least one accepted BioSample match and no current high-priority review flag.
