ncppb_number	clause_order	clause_type	raw_clause	raw_value	text_start	text_end	html_start	html_end	parse_status	risk_level	review_reason	source_snapshot_sha256
NCPPB 45	1	isolated_by	This isolate was isolated by W.J. Dowson	W.J. Dowson	0	40	8761	8830	parsed	medium	person_or_source_text_not_automatically_an_identifier	
NCPPB 101	1	collection_list	This isolate is also in the collections; ICMP 204, LMG 673, DSM 18958	ICMP 204, LMG 673, DSM 18958	0	69	11990	12088	parsed	low		
NCPPB 182	1	collection_list	This isolate is also in the collections; ATCC 13901, ICMP 305, LMG 896	ATCC 13901, ICMP 305, LMG 896	0	70	30260	30359	parsed	low		
NCPPB 182	2	source_of_isolate	The source of this isolate was ex M.T. Cook	ex M.T. Cook	71	114	30363	30407	parsed	medium	person_or_source_text_not_automatically_an_identifier	
NCPPB 184	1	collection_list	This isolate is also in the collections; ATCC 13902, ICPB XV101	ATCC 13902, ICPB XV101	0	63	33848	33940	parsed	low		
NCPPB 206	1	collection_list	This isolate is also in the collections; ICMP 326, LMG 8284, CFBP 7162	ICMP 326, LMG 8284, CFBP 7162	0	70	59950	60049	parsed	low		
NCPPB 208	1	isolated_by	This isolate was isolated by G. Orian PC5	G. Orian PC5	0	41	62705	62775	parsed	medium	person_or_source_text_not_automatically_an_identifier	
NCPPB 210	1	isolated_by	This isolate was isolated by M.K. Patel	M.K. Patel	0	39	66043	66111	parsed	medium	person_or_source_text_not_automatically_an_identifier	
NCPPB 220	1	source_of_isolate	The source of this isolate was ex C. Elliott	ex C. Elliott	0	44	74963	75036	parsed	medium	person_or_source_text_not_automatically_an_identifier	
NCPPB 240	1	isolated_by	This isolate was isolated by W.J. Dowson	W.J. Dowson	0	40	86743	86812	parsed	medium	person_or_source_text_not_automatically_an_identifier	
NCPPB 240	2	source_of_isolate	The source of this isolate was .	.	41	73	86816	86849	parsed	medium	person_or_source_text_not_automatically_an_identifier	
NCPPB 241	1	source_of_isolate	The source of this isolate was ex W.J. Dowson	ex W.J. Dowson	0	45	89774	89848	parsed	medium	person_or_source_text_not_automatically_an_identifier	
NCPPB 273	1	source_of_isolate	The source of this isolate was ex A.C. Brown B67	ex A.C. Brown B67	0	48	95163	95240	parsed	medium	person_or_source_text_not_automatically_an_identifier	
NCPPB 279	1	isolated_by	This isolate was isolated by P.O. Wiehe	P.O. Wiehe	0	39	97923	97991	parsed	medium	person_or_source_text_not_automatically_an_identifier	
NCPPB 290	1	donor_reference	The donor reference is 38/2	38/2	0	27	100618	100674	parsed	medium		
NCPPB 293	1	isolated_by	This isolate was isolated by R.A. Lelliott	R.A. Lelliott	0	42	104182	104253	parsed	medium	person_or_source_text_not_automatically_an_identifier	
NCPPB 302	1	donor_reference	The donor reference is XP 8	XP 8	0	27	110657	110713	parsed	medium		
NCPPB 302	2	source_of_isolate	The source of this isolate was .	.	28	60	110717	110750	parsed	medium	person_or_source_text_not_automatically_an_identifier	
NCPPB 315	1	donor_reference	The donor reference is XS52/5	XS52/5	0	29	117189	117247	parsed	medium		
NCPPB 347	1	collection_list	This isolate is also in the collections; ICMP 7, LMG 535	ICMP 7, LMG 535	0	56	120200	120285	parsed	low		
NCPPB 347	2	isolated_by	This isolate was isolated by G.B. Wallace	G.B. Wallace	57	98	120289	120331	parsed	medium	person_or_source_text_not_automatically_an_identifier	
NCPPB 381	1	donor_reference	The donor reference is ZK4	ZK4	0	26	130139	130194	parsed	medium		
NCPPB 381	2	collection_list	This isolate is also in the collections; ATCC 19315, LMG 826, ICMP 239, CFBP 6165	ATCC 19315, LMG 826, ICMP 239, CFBP 6165	27	108	130198	130280	parsed	low		
NCPPB 381	3	source_of_isolate	The source of this isolate was ex W.A.F. Hagborg	ex W.A.F. Hagborg	109	157	130284	130333	parsed	medium	person_or_source_text_not_automatically_an_identifier	
NCPPB 400	1	isolated_by	This isolate was isolated by E. Hellmers 69	E. Hellmers 69	0	43	133484	133556	parsed	medium	person_or_source_text_not_automatically_an_identifier	
NCPPB 403	1	isolated_by	This isolate was isolated by D.W. Dye Ql	D.W. Dye Ql	0	40	136456	136525	parsed	medium	person_or_source_text_not_automatically_an_identifier	
NCPPB 404	1	isolated_by	This isolate was isolated by D.W. Dye Q2	D.W. Dye Q2	0	40	139204	139273	parsed	medium	person_or_source_text_not_automatically_an_identifier	
NCPPB 405	1	isolated_by	This isolate was isolated by D.W. Dye R1	D.W. Dye R1	0	40	142665	142734	parsed	medium	person_or_source_text_not_automatically_an_identifier	
NCPPB 406	1	donor_reference	The donor reference is R	R	0	24	146150	146203	parsed	high	digit_free_donor_reference_requires_review_before_search	
NCPPB 406	2	isolated_by	This isolate was isolated by D.W. Dye R2	D.W. Dye R2	25	65	146207	146248	parsed	medium	person_or_source_text_not_automatically_an_identifier	
NCPPB 407	1	isolated_by	This isolate was isolated by D.W. Dye R3	D.W. Dye R3	0	40	149640	149709	parsed	medium	person_or_source_text_not_automatically_an_identifier	
NCPPB 408	1	isolated_by	This isolate was isolated by D.W. Dye R4	D.W. Dye R4	0	40	153108	153177	parsed	medium	person_or_source_text_not_automatically_an_identifier	
NCPPB 409	1	collection_list	This isolate is also in the collections; ICMP 24, LMG 682, CFBP 2525	ICMP 24, LMG 682, CFBP 2525	0	68	156547	156644	parsed	low		
NCPPB 409	2	isolated_by	This isolate was isolated by D.W. Dye R5	D.W. Dye R5	69	109	156648	156689	parsed	medium	person_or_source_text_not_automatically_an_identifier	
NCPPB 410	1	isolated_by	This isolate was isolated by D.W. Dye R6	D.W. Dye R6	0	40	160086	160155	parsed	medium	person_or_source_text_not_automatically_an_identifier	
NCPPB 411	1	donor_reference	The donor reference is S3	S3	0	25	163309	163363	parsed	medium		
NCPPB 411	2	collection_list	This isolate is also in the collections; ICMP 35, CFBP 2528, LMG 747, ATCC 49083	ICMP 35, CFBP 2528, LMG 747, ATCC 49083	26	106	163367	163448	parsed	low		
NCPPB 412	1	isolated_by	This isolate was isolated by D.W. Dye S6	D.W. Dye S6	0	40	166600	166669	parsed	medium	person_or_source_text_not_automatically_an_identifier	
NCPPB 414	1	isolated_by	This isolate was isolated by D.W. Dye S10	D.W. Dye S10	0	41	169821	169891	parsed	medium	person_or_source_text_not_automatically_an_identifier	
NCPPB 415	1	isolated_by	This isolate was isolated by D.W. Dye S12	D.W. Dye S12	0	41	173043	173113	parsed	medium	person_or_source_text_not_automatically_an_identifier	
NCPPB 416	1	collection_list	This isolate is also in the collections; ATCC 19316, ICMP 51, LMG 852, CFBP 2535	ATCC 19316, ICMP 51, LMG 852, CFBP 2535	0	80	176703	176812	parsed	low		
NCPPB 416	2	isolated_by	This isolate was isolated by D.W. Dye Tl	D.W. Dye Tl	81	121	176816	176857	parsed	medium	person_or_source_text_not_automatically_an_identifier	
NCPPB 418	1	isolated_by	This isolate was isolated by D.W. Dye T6	D.W. Dye T6	0	40	179997	180066	parsed	medium	person_or_source_text_not_automatically_an_identifier	
NCPPB 419	1	isolated_by	This isolate was isolated by D.W. Dye T7	D.W. Dye T7	0	40	183206	183275	parsed	medium	person_or_source_text_not_automatically_an_identifier	
NCPPB 420	1	isolated_by	This isolate was isolated by D.W. Dye T8	D.W. Dye T8	0	40	186414	186483	parsed	medium	person_or_source_text_not_automatically_an_identifier	
NCPPB 421	1	isolated_by	This isolate was isolated by D.W. Dye T9	D.W. Dye T9	0	40	189623	189692	parsed	medium	person_or_source_text_not_automatically_an_identifier	
NCPPB 422	1	collection_list	This isolate is also in the collections; ICMP 63, LMG 911, ATCC 35937	ICMP 63, LMG 911, ATCC 35937	0	69	192865	192963	parsed	low		
NCPPB 422	2	isolated_by	This isolate was isolated by D.W. Dye X1	D.W. Dye X1	70	110	192967	193008	parsed	medium	person_or_source_text_not_automatically_an_identifier	
NCPPB 423	1	collection_list	This isolate is also in the collections; ICMP 65, LMG 916	ICMP 65, LMG 916	0	57	196180	196266	parsed	low		
NCPPB 423	2	isolated_by	This isolate was isolated by D.W. Dye X3	D.W. Dye X3	58	98	196270	196311	parsed	medium	person_or_source_text_not_automatically_an_identifier	
NCPPB 424	1	collection_list	This isolate is also in the collections; ICMP 66, LMG 917	ICMP 66, LMG 917	0	57	199483	199569	parsed	low		
NCPPB 424	2	isolated_by	This isolate was isolated by D.W. Dye X4	D.W. Dye X4	58	98	199573	199614	parsed	medium	person_or_source_text_not_automatically_an_identifier	
NCPPB 425	1	donor_reference	The donor reference is ZC1	ZC1	0	26	202538	202593	parsed	medium		
NCPPB 425	2	source_of_isolate	The source of this isolate was ex B. Paine	ex B. Paine	27	69	202597	202640	parsed	medium	person_or_source_text_not_automatically_an_identifier	
NCPPB 457	1	collection_list	This isolate is also in the collections; ATCC 19312, ICMP 50, LMG 982, DSMZ 3585	ATCC 19312, ICMP 50, LMG 982, DSMZ 3585	0	80	205302	205411	parsed	low		
NCPPB 457	2	isolated_by	This isolate was isolated by M.P. Starr XA103	M.P. Starr XA103	81	126	205415	205461	parsed	medium	person_or_source_text_not_automatically_an_identifier	
NCPPB 464	1	collection_list	This isolate is also in the collections; ICMP 359, LMG 9052	ICMP 359, LMG 9052	0	59	208156	208244	parsed	low		
NCPPB 464	2	isolated_by	This isolate was isolated by K.A. Sabet Cor 9	K.A. Sabet Cor 9	60	105	208248	208294	parsed	medium	person_or_source_text_not_automatically_an_identifier	
NCPPB 465	1	isolated_by	This isolate was isolated by K.A. Sabet Cor 5	K.A. Sabet Cor 5	0	45	210679	210753	parsed	medium	person_or_source_text_not_automatically_an_identifier	
NCPPB 466	1	collection_list	This isolate is also in the collections; ICMP 360, LMG 859	ICMP 360, LMG 859	0	58	213949	214036	parsed	low		
NCPPB 466	2	source_of_isolate	The source of this isolate was ex M.K. Hingorani	ex M.K. Hingorani	59	107	214040	214089	parsed	medium	person_or_source_text_not_automatically_an_identifier	
NCPPB 473	1	source_of_isolate	The source of this isolate was ex M.K. Hingorani	ex M.K. Hingorani	0	48	217283	217360	parsed	medium	person_or_source_text_not_automatically_an_identifier	
NCPPB 476	1	source_of_isolate	The source of this isolate was ex M.K. Desai	ex M.K. Desai	0	44	220043	220116	parsed	medium	person_or_source_text_not_automatically_an_identifier	
NCPPB 477	1	source_of_isolate	The source of this isolate was ex M.K. Desai	ex M.K. Desai	0	44	222520	222593	parsed	medium	person_or_source_text_not_automatically_an_identifier	
NCPPB 478	1	source_of_isolate	The source of this isolate was ex M.K. Desai	ex M.K. Desai	0	44	225748	225821	parsed	medium	person_or_source_text_not_automatically_an_identifier	
NCPPB 479	1	isolated_by	This isolate was isolated by ex M.K. Desai	ex M.K. Desai	0	42	228995	229066	parsed	medium	person_or_source_text_not_automatically_an_identifier	
NCPPB 480	1	collection_list	This isolate is also in the collections; CFBP 7121	CFBP 7121	0	50	232242	232321	parsed	low		
NCPPB 480	2	source_of_isolate	The source of this isolate was ex M.K. Desai	ex M.K. Desai	51	95	232325	232370	parsed	medium	person_or_source_text_not_automatically_an_identifier	
NCPPB 481	1	collection_list	This isolate is also in the collections; ATCC 11640, ICMP 315, LMG 692	ATCC 11640, ICMP 315, LMG 692	0	70	235527	235626	parsed	low		
NCPPB 481	2	isolated_by	This isolate was isolated by ICPB XD105	ICPB XD105	71	110	235630	235670	parsed	medium	person_or_source_text_not_automatically_an_identifier	
NCPPB 481	3	source_of_isolate	The source of this isolate was ex ICPB XD105 ex ICPB XD105	ex ICPB XD105 ex ICPB XD105	111	169	235674	235735	parsed	medium	person_or_source_text_not_automatically_an_identifier	
NCPPB 485	1	donor_reference	The donor reference is XB109	XB109	0	28	238890	238947	parsed	medium		
NCPPB 485	2	source_of_isolate	The source of this isolate was ex ICPB XB109	ex ICPB XB109	29	73	238951	238996	parsed	medium	person_or_source_text_not_automatically_an_identifier	
NCPPB 488	1	collection_list	This isolate is also in the collections; ICPB XR101, ATCC 11767, LMG 7441, ICMP 248	ICPB XR101, ATCC 11767, LMG 7441, ICMP 248	0	83	242379	242491	parsed	low		
NCPPB 488	2	source_of_isolate	The source of this isolate was ex M.K. Patel	ex M.K. Patel	84	128	242495	242540	parsed	medium	person_or_source_text_not_automatically_an_identifier	
NCPPB 490	1	donor_reference	The donor reference is 18	18	0	25	245245	245299	parsed	medium		
NCPPB 490	2	collection_list	This isolate is also in the collections; ATCC 11637, ICMP 5740, LMG 941, CFBP 1716	ATCC 11637, ICMP 5740, LMG 941, CFBP 1716	26	108	245303	245386	parsed	low		
NCPPB 490	3	isolated_by	This isolate was isolated by M.K. Patel	M.K. Patel	109	148	245390	245430	parsed	medium	person_or_source_text_not_automatically_an_identifier	
NCPPB 490	4	source_of_isolate	The source of this isolate was ex ICPB PM114 ex M.K. Patel	ex ICPB PM114 ex M.K. Patel	149	207	245434	245493	parsed	medium	person_or_source_text_not_automatically_an_identifier	
NCPPB 509	1	donor_reference	The donor reference is 391	391	0	26	248661	248716	parsed	medium		
NCPPB 509	2	collection_list	This isolate is also in the collections; LMG 919	LMG 919	27	75	248720	248769	parsed	low		
NCPPB 509	3	isolated_by	This isolate was isolated by ex A. Rothwell	ex A. Rothwell	76	119	248773	248817	parsed	medium	person_or_source_text_not_automatically_an_identifier	
NCPPB 510	1	donor_reference	The donor reference is 392	392	0	26	251447	251502	parsed	medium		
NCPPB 510	2	isolated_by	This isolate was isolated by ex G. Orian	ex G. Orian	27	67	251506	251547	parsed	medium	person_or_source_text_not_automatically_an_identifier	
NCPPB 526	1	donor_reference	The donor reference is 412	412	0	26	254176	254231	parsed	medium		
NCPPB 526	2	isolated_by	This isolate was isolated by ex J.A. Spence XAS/L	ex J.A. Spence XAS/L	27	76	254235	254285	parsed	medium	person_or_source_text_not_automatically_an_identifier	
NCPPB 528	1	collection_list	This isolate is also in the collections; ICMP 13, ATCC 33913, LMG 568, CIP 100069	ICMP 13, ATCC 33913, LMG 568, CIP 100069	0	81	257210	257320	parsed	low		
NCPPB 528	2	isolated_by	This isolate was isolated by E. Billing P25	E. Billing P25	82	125	257324	257368	parsed	medium	person_or_source_text_not_automatically_an_identifier	
NCPPB 529	1	isolated_by	This isolate was isolated by E. Billing P33/1	E. Billing P33/1	0	45	260290	260364	parsed	medium	person_or_source_text_not_automatically_an_identifier	
NCPPB 535	1	isolated_by	This isolate was isolated by K.A. Sabet Ric 3	K.A. Sabet Ric 3	0	45	263788	263862	parsed	medium	person_or_source_text_not_automatically_an_identifier	
NCPPB 536	1	collection_list	This isolate is also in the collections; ICMP 671, LMG 753	ICMP 671, LMG 753	0	58	267025	267112	parsed	low		
NCPPB 536	2	isolated_by	This isolate was isolated by K.A. Sabet Khl	K.A. Sabet Khl	59	102	267116	267160	parsed	medium	person_or_source_text_not_automatically_an_identifier	
NCPPB 554	1	collection_list	This isolate is also in the collections; ICMP 5732, LMG 712, CFBP 2526. ATCC 43911	ICMP 5732, LMG 712, CFBP 2526. ATCC 43911	0	82	270321	270432	parsed	low		
NCPPB 554	2	isolated_by	This isolate was isolated by K.A. Sabet Soy 1	K.A. Sabet Soy 1	83	128	270436	270482	parsed	medium	person_or_source_text_not_automatically_an_identifier	
NCPPB 555	1	isolated_by	This isolate was isolated by K.A. Sabet Vig 5	K.A. Sabet Vig 5	0	45	273655	273729	parsed	medium	person_or_source_text_not_automatically_an_identifier	
NCPPB 556	1	isolated_by	This isolate was isolated by K.A. Sabet Dol S	K.A. Sabet Dol S	0	45	277180	277254	parsed	medium	person_or_source_text_not_automatically_an_identifier	
NCPPB 557	1	isolated_by	This isolate was isolated by K.A. Sabet Dol W	K.A. Sabet Dol W	0	45	280718	280792	parsed	medium	person_or_source_text_not_automatically_an_identifier	
NCPPB 570	1	collection_list	This isolate is also in the collections; ATCC 11645, ICMP 441, LMG 498	ATCC 11645, ICMP 441, LMG 498	0	70	283189	283288	parsed	low		
NCPPB 570	2	source_of_isolate	The source of this isolate was ex M.K. Patel 16	ex M.K. Patel 16	71	118	283292	283340	parsed	medium	person_or_source_text_not_automatically_an_identifier	
NCPPB 571	1	collection_list	This isolate is also in the collections; ATCC 11672, ICMP 571, LMG 546	ATCC 11672, ICMP 571, LMG 546	0	70	285729	285828	parsed	low		
NCPPB 571	2	isolated_by	This isolate was isolated by M.K. Patel 4	M.K. Patel 4	71	112	285832	285874	parsed	medium	person_or_source_text_not_automatically_an_identifier	
NCPPB 573	1	collection_list	This isolate is also in the collections; ATCC 11639, ICMP 444, LMG 558	ATCC 11639, ICMP 444, LMG 558	0	70	289030	289129	parsed	low		
NCPPB 573	2	source_of_isolate	The source of this isolate was ex M.K. Patel 5	ex M.K. Patel 5	71	117	289133	289180	parsed	medium	person_or_source_text_not_automatically_an_identifier	
NCPPB 575	1	collection_list	This isolate is also in the collections; ATCC 11676, ICMP 445, CIP 106789, LMG 684, DSMZ 13067, CCUG 43811	ATCC 11676, ICMP 445, CIP 106789, LMG 684, DSMZ 13067, CCUG 43811	0	106	291586	291721	parsed	low		
NCPPB 575	2	source_of_isolate	The source of this isolate was ex M.K. Patel 10	ex M.K. Patel 10	107	154	291725	291773	parsed	medium	person_or_source_text_not_automatically_an_identifier	
NCPPB 577	1	collection_list	This isolate is also in the collections; ATCC 11671, ICMP 577, LMG 693	ATCC 11671, ICMP 577, LMG 693	0	70	295311	295410	parsed	low		
NCPPB 577	2	source_of_isolate	The source of this isolate was ex M.K. Patel 3	ex M.K. Patel 3	71	117	295414	295461	parsed	medium	person_or_source_text_not_automatically_an_identifier	
NCPPB 578	1	collection_list	This isolate is also in the collections; ATCC 11679, ICMP 446, LMG 698	ATCC 11679, ICMP 446, LMG 698	0	70	298641	298740	parsed	low		
NCPPB 578	2	source_of_isolate	The source of this isolate was ex M.K. Patel 17	ex M.K. Patel 17	71	118	298744	298792	parsed	medium	person_or_source_text_not_automatically_an_identifier	
NCPPB 579	1	collection_list	This isolate is also in the collections; ATCC 11674, ICMP 319, LMG 756	ATCC 11674, ICMP 319, LMG 756	0	70	301197	301296	parsed	low		
NCPPB 579	2	source_of_isolate	The source of this isolate was ex M.K. Patel 8	ex M.K. Patel 8	71	117	301300	301347	parsed	medium	person_or_source_text_not_automatically_an_identifier	
NCPPB 581	1	collection_list	This isolate is also in the collections; ATCC 11643, ICMP 5779, LMG 849, CFBP 7277	ATCC 11643, ICMP 5779, LMG 849, CFBP 7277	0	82	304873	304984	parsed	low		
NCPPB 581	2	source_of_isolate	The source of this isolate was ex M.K. Patel 12	ex M.K. Patel 12	83	130	304988	305036	parsed	medium	person_or_source_text_not_automatically_an_identifier	
NCPPB 582	1	collection_list	This isolate is also in the collections; ATCC 11675, ICMP 367, LMG 867	ATCC 11675, ICMP 367, LMG 867	0	70	308249	308348	parsed	low		
NCPPB 582	2	isolated_by	This isolate was isolated by M.K. Patel	M.K. Patel	71	110	308352	308392	parsed	medium	person_or_source_text_not_automatically_an_identifier	
NCPPB 582	3	source_of_isolate	The source of this isolate was ex M.K. Patel 9	ex M.K. Patel 9	111	157	308396	308443	parsed	medium	person_or_source_text_not_automatically_an_identifier	
NCPPB 584	1	collection_list	This isolate is also in the collections; ATCC 11673, ICMP 572, LMG 995, CCUG 15850	ATCC 11673, ICMP 572, LMG 995, CCUG 15850	0	82	311951	312062	parsed	low		
NCPPB 584	2	source_of_isolate	The source of this isolate was ex M.K. Patel 7	ex M.K. Patel 7	83	129	312066	312113	parsed	medium	person_or_source_text_not_automatically_an_identifier	
NCPPB 585	1	collection_list	This isolate is also in the collections; ATCC 11678, ICMP 5754, LMG 874	ATCC 11678, ICMP 5754, LMG 874	0	71	314518	314618	parsed	low		
NCPPB 585	2	isolated_by	This isolate was isolated by ex M.K. Patel 15	ex M.K. Patel 15	72	117	314622	314668	parsed	medium	person_or_source_text_not_automatically_an_identifier	
NCPPB 586	1	collection_list	This isolate is also in the collections; ATCC 11641, ICMP 5756, LMG 893	ATCC 11641, ICMP 5756, LMG 893	0	71	317065	317165	parsed	low		
NCPPB 586	2	source_of_isolate	The source of this isolate was ex M.K. Patel 2	ex M.K. Patel 2	72	118	317169	317216	parsed	medium	person_or_source_text_not_automatically_an_identifier	
NCPPB 599	1	donor_reference	The donor reference is Y6	Y6	0	25	320354	320408	parsed	medium		
NCPPB 599	2	collection_list	This isolate is also in the collections; ATCC 193314, ICMP 189, DSM 19077, CFBP 1156, LMG 739	ATCC 193314, ICMP 189, DSM 19077, CFBP 1156, LMG 739	26	119	320412	320506	parsed	low		
NCPPB 599	3	source_of_isolate	The source of this isolate was ex E. van Slogteren	ex E. van Slogteren	120	170	320510	320561	parsed	medium	person_or_source_text_not_automatically_an_identifier	
NCPPB 614	1	source_of_isolate	The source of this isolate was ex L.S. Bird 52-3	ex L.S. Bird 52-3	0	48	323600	323677	parsed	medium	person_or_source_text_not_automatically_an_identifier	
NCPPB 631	1	collection_list	This isolate is also in the collections; ICMP 621, LMG 865	ICMP 621, LMG 865	0	58	326093	326180	parsed	low		
NCPPB 631	2	isolated_by	This isolate was isolated by ex K.A. Sabet	ex K.A. Sabet	59	101	326184	326227	parsed	medium	person_or_source_text_not_automatically_an_identifier	
NCPPB 633	1	donor_reference	The donor reference is 222M	222M	0	27	329728	329784	parsed	medium		
NCPPB 633	2	collection_list	This isolate is also in the collections; ICMP 5739, LMG 761, CFBP 2530	ICMP 5739, LMG 761, CFBP 2530	28	98	329788	329859	parsed	low		
NCPPB 633	3	isolated_by	This isolate was isolated by ex F.T. Last M2519	ex F.T. Last M2519	99	146	329863	329911	parsed	medium	person_or_source_text_not_automatically_an_identifier	
NCPPB 634	1	donor_reference	The donor reference is 223S	223S	0	27	333412	333468	parsed	medium		
NCPPB 634	2	isolated_by	This isolate was isolated by ex F. T. Last S2519	ex F. T. Last S2519	28	76	333472	333521	parsed	medium	person_or_source_text_not_automatically_an_identifier	
NCPPB 637	1	donor_reference	The donor reference is 76200	76200	0	28	336686	336743	parsed	medium		
NCPPB 637	2	collection_list	This isolate is also in the collections; ICMP 616, LMG 691	ICMP 616, LMG 691	29	87	336747	336806	parsed	low		
NCPPB 637	3	isolated_by	This isolate was isolated by ex M.K. Patel	ex M.K. Patel	88	130	336810	336853	parsed	medium	person_or_source_text_not_automatically_an_identifier	
NCPPB 637	4	source_of_isolate	The source of this isolate was ex M.V. Desai	ex M.V. Desai	131	175	336857	336902	parsed	medium	person_or_source_text_not_automatically_an_identifier	
NCPPB 638	1	donor_reference	The donor reference is 76537	76537	0	28	340075	340132	parsed	medium		
NCPPB 638	2	collection_list	This isolate is also in the collections; CFBP 7110	CFBP 7110	29	79	340136	340187	parsed	low		
NCPPB 638	3	isolated_by	This isolate was isolated by ex A. Rothwell	ex A. Rothwell	80	123	340191	340235	parsed	medium	person_or_source_text_not_automatically_an_identifier	
NCPPB 642	1	donor_reference	The donor reference is 423	423	0	26	343375	343430	parsed	medium		
NCPPB 642	2	isolated_by	This isolate was isolated by ex E. Hellmers	ex E. Hellmers	27	70	343434	343478	parsed	medium	person_or_source_text_not_automatically_an_identifier	
NCPPB 645	1	isolated_by	This isolate was isolated by K.A. Sabet Cas 2	K.A. Sabet Cas 2	0	45	346640	346714	parsed	medium	person_or_source_text_not_automatically_an_identifier	
NCPPB 646	1	isolated_by	This isolate was isolated by K.A. Sabet Kh2	K.A. Sabet Kh2	0	43	349876	349948	parsed	medium	person_or_source_text_not_automatically_an_identifier	
NCPPB 647	1	isolated_by	This isolate was isolated by K.A. Sabet Ses 9	K.A. Sabet Ses 9	0	45	352364	352438	parsed	medium	person_or_source_text_not_automatically_an_identifier	
NCPPB 648	1	isolated_by	This isolate was isolated by K.A. Sabet Med. 3	K.A. Sabet Med. 3	0	46	355614	355689	parsed	medium	person_or_source_text_not_automatically_an_identifier	
NCPPB 670	1	donor_reference	The donor reference is 77421	77421	0	28	359142	359199	parsed	medium		
NCPPB 670	2	isolated_by	This isolate was isolated by ex C. Logan	ex C. Logan	29	69	359203	359244	parsed	medium	person_or_source_text_not_automatically_an_identifier	
NCPPB 701	1	donor_reference	The donor reference is 77833	77833	0	28	362413	362470	parsed	medium		
NCPPB 701	2	collection_list	This isolate is also in the collections; LMG 920	LMG 920	29	77	362474	362523	parsed	low		
NCPPB 701	3	isolated_by	This isolate was isolated by ex G. Goidanich	ex G. Goidanich	78	122	362527	362572	parsed	medium	person_or_source_text_not_automatically_an_identifier	
NCPPB 702	1	donor_reference	The donor reference is 77860	77860	0	28	366007	366064	parsed	medium		
NCPPB 702	2	collection_list	This isolate is also in the collections; ICPB XV168, LMG 8710, CFBP 7163	ICPB XV168, LMG 8710, CFBP 7163	29	101	366068	366141	parsed	low		
NCPPB 702	3	isolated_by	This isolate was isolated by ex A. Rothwell	ex A. Rothwell	102	145	366145	366189	parsed	medium	person_or_source_text_not_automatically_an_identifier	
NCPPB 761	1	donor_reference	The donor reference is Yzl	Yzl	0	26	369440	369495	parsed	high	digit_free_donor_reference_requires_review_before_search	
NCPPB 761	2	collection_list	This isolate is also in the collections; ICMP 586, LMG 845, ATCC 49077	ICMP 586, LMG 845, ATCC 49077	27	97	369499	369570	parsed	low		
NCPPB 761	3	isolated_by	This isolate was isolated by N. Okabe	N. Okabe	98	135	369574	369612	parsed	medium	person_or_source_text_not_automatically_an_identifier	
NCPPB 761	4	source_of_isolate	The source of this isolate was ex N. Okabe	ex N. Okabe	136	178	369616	369659	parsed	medium	person_or_source_text_not_automatically_an_identifier	
NCPPB 762	1	donor_reference	The donor reference is XAl	XAl	0	26	373052	373107	parsed	high	digit_free_donor_reference_requires_review_before_search	
NCPPB 762	2	collection_list	This isolate is also in the collections; ICMP 570, LMG 847, DSM 18956, ATCC 35936	ICMP 570, LMG 847, DSM 18956, ATCC 35936	27	108	373111	373193	parsed	low		
NCPPB 762	3	isolated_by	This isolate was isolated by N. Okabe	N. Okabe	109	146	373197	373235	parsed	medium	person_or_source_text_not_automatically_an_identifier	
NCPPB 762	4	source_of_isolate	The source of this isolate was ex N. Okabe	ex N. Okabe	147	189	373239	373282	parsed	medium	person_or_source_text_not_automatically_an_identifier	
NCPPB 793	1	donor_reference	The donor reference is 78017	78017	0	28	377162	377219	parsed	medium		
NCPPB 793	2	isolated_by	This isolate was isolated by ex T.N. Kaul	ex T.N. Kaul	29	70	377223	377265	parsed	medium	person_or_source_text_not_automatically_an_identifier	
NCPPB 795	1	donor_reference	The donor reference is 81587	81587	0	28	380709	380766	parsed	medium		
NCPPB 795	2	collection_list	This isolate is also in the collections; LMG 900	LMG 900	29	77	380770	380819	parsed	low		
NCPPB 795	3	isolated_by	This isolate was isolated by ex P. Baudin	ex P. Baudin	78	119	380823	380865	parsed	medium	person_or_source_text_not_automatically_an_identifier	
NCPPB 840	1	collection_list	This isolate is also in the collections; ICMP 167, LMG 811	ICMP 167, LMG 811	0	58	384040	384127	parsed	low		
NCPPB 840	2	source_of_isolate	The source of this isolate was ex M.K. Desai	ex M.K. Desai	59	103	384131	384176	parsed	medium	person_or_source_text_not_automatically_an_identifier	
NCPPB 881	1	donor_reference	The donor reference is Strain sombor	Strain sombor	0	36	390025	390090	parsed	high	digit_free_donor_reference_requires_review_before_search	
NCPPB 881	2	collection_list	This isolate is also in the collections; ATCC 19865, DSM 19127	ATCC 19865, DSM 19127	37	99	390094	390157	parsed	low		
NCPPB 881	3	isolated_by	This isolate was isolated by D. Sutic	D. Sutic	100	137	390161	390199	parsed	medium	person_or_source_text_not_automatically_an_identifier	
NCPPB 884	1	donor_reference	The donor reference is B400	B400	0	27	393373	393429	parsed	medium		
NCPPB 884	2	source_of_isolate	The source of this isolate was ex R.M. Patel	ex R.M. Patel	28	72	393433	393478	parsed	medium	person_or_source_text_not_automatically_an_identifier	
NCPPB 885	1	donor_reference	The donor reference is B401	B401	0	27	396697	396753	parsed	medium		
NCPPB 885	2	collection_list	This isolate is also in the collections; ICMP 168, LMG 694	ICMP 168, LMG 694	28	86	396757	396816	parsed	low		
NCPPB 885	3	isolated_by	This isolate was isolated by ex R.M. Patel	ex R.M. Patel	87	129	396820	396863	parsed	medium	person_or_source_text_not_automatically_an_identifier	
NCPPB 887	1	collection_list	This isolate is also in the collections; ATCC 33195	ATCC 33195	0	51	399493	399573	parsed	low		
NCPPB 887	2	isolated_by	This isolate was isolated by A.C. Hayward B315	A.C. Hayward B315	52	98	399577	399624	parsed	medium	person_or_source_text_not_automatically_an_identifier	
NCPPB 888	1	isolated_by	This isolate was isolated by A.C. Hayward B325	A.C. Hayward B325	0	46	402816	402891	parsed	medium	person_or_source_text_not_automatically_an_identifier	
NCPPB 889	1	collection_list	This isolate is also in the collections; LMG 902, CFBP 5831	LMG 902, CFBP 5831	0	59	406330	406418	parsed	low		
NCPPB 889	2	isolated_by	This isolate was isolated by A.C. Hayward B323	A.C. Hayward B323	60	106	406422	406469	parsed	medium	person_or_source_text_not_automatically_an_identifier	
NCPPB 891	1	isolated_by	This isolate was isolated by A.C. Hayward B337	A.C. Hayward B337	0	46	410091	410166	parsed	medium	person_or_source_text_not_automatically_an_identifier	
NCPPB 892	1	isolated_by	This isolate was isolated by A.C. Hayward B349	A.C. Hayward B349	0	46	413788	413863	parsed	medium	person_or_source_text_not_automatically_an_identifier	
NCPPB 893	1	isolated_by	This isolate was isolated by A.C. Hayward B343	A.C. Hayward B343	0	46	417486	417561	parsed	medium	person_or_source_text_not_automatically_an_identifier	
NCPPB 895	1	collection_list	This isolate is also in the collections; LMG 8714	LMG 8714	0	49	421005	421083	parsed	low		
NCPPB 895	2	isolated_by	This isolate was isolated by A.C. Hayward B370	A.C. Hayward B370	50	96	421087	421134	parsed	medium	person_or_source_text_not_automatically_an_identifier	
NCPPB 896	1	donor_reference	The donor reference is B462	B462	0	27	423772	423828	parsed	medium		
NCPPB 896	2	collection_list	This isolate is also in the collections; ATCC 33196, LMG 483	ATCC 33196, LMG 483	28	88	423832	423893	parsed	low		
NCPPB 896	3	isolated_by	This isolate was isolated by ex P. Baudin	ex P. Baudin	89	130	423897	423939	parsed	medium	person_or_source_text_not_automatically_an_identifier	
NCPPB 897	1	donor_reference	The donor reference is B463	B463	0	27	426577	426633	parsed	medium		
NCPPB 897	2	isolated_by	This isolate was isolated by ex P. Baudin	ex P. Baudin	28	69	426637	426679	parsed	medium	person_or_source_text_not_automatically_an_identifier	
NCPPB 899	1	isolated_by	This isolate was isolated by A.C. Hayward B377	A.C. Hayward B377	0	46	430343	430418	parsed	medium	person_or_source_text_not_automatically_an_identifier	
NCPPB 900	1	isolated_by	This isolate was isolated by A.C. Hayward B386	A.C. Hayward B386	0	46	434082	434157	parsed	medium	person_or_source_text_not_automatically_an_identifier	
NCPPB 901	1	donor_reference	The donor reference is B406	B406	0	27	437683	437739	parsed	medium		
NCPPB 901	2	source_of_isolate	The source of this isolate was ex N.B. Kulkarni	ex N.B. Kulkarni	28	75	437743	437791	parsed	medium	person_or_source_text_not_automatically_an_identifier	
NCPPB 902	1	donor_reference	The donor reference is B454	B454	0	27	441074	441130	parsed	medium		
NCPPB 902	2	source_of_isolate	The source of this isolate was ex N. Shanmuganathan	ex N. Shanmuganathan	28	79	441134	441186	parsed	medium	person_or_source_text_not_automatically_an_identifier	
NCPPB 916	1	donor_reference	The donor reference is B136	B136	0	27	444377	444433	parsed	medium		
NCPPB 917	1	isolated_by	This isolate was isolated by A.C. Hayward B130	A.C. Hayward B130	0	46	447631	447706	parsed	medium	person_or_source_text_not_automatically_an_identifier	
NCPPB 918	1	isolated_by	This isolate was isolated by A.C. Hayward B373	A.C. Hayward B373	0	46	450344	450419	parsed	medium	person_or_source_text_not_automatically_an_identifier	
NCPPB 922	1	donor_reference	The donor reference is B499	B499	0	27	453057	453113	parsed	medium		
NCPPB 922	2	isolated_by	This isolate was isolated by ex P. Baudin 1213A	ex P. Baudin 1213A	28	75	453117	453165	parsed	medium	person_or_source_text_not_automatically_an_identifier	
NCPPB 923	1	donor_reference	The donor reference is B495	B495	0	27	456307	456363	parsed	medium		
NCPPB 923	2	isolated_by	This isolate was isolated by ex H.T. Brodrick A13a	ex H.T. Brodrick A13a	28	78	456367	456418	parsed	medium	person_or_source_text_not_automatically_an_identifier	
NCPPB 924	1	donor_reference	The donor reference is B497	B497	0	27	459560	459616	parsed	medium		
NCPPB 924	2	isolated_by	This isolate was isolated by ex H.T. Brodrick A26	ex H.T. Brodrick A26	28	77	459620	459670	parsed	medium	person_or_source_text_not_automatically_an_identifier	
NCPPB 926	1	donor_reference	The donor reference is B494	B494	0	27	462812	462868	parsed	medium		
NCPPB 926	2	isolated_by	This isolate was isolated by ex H.T. Brodrick A12	ex H.T. Brodrick A12	28	77	462872	462922	parsed	medium	person_or_source_text_not_automatically_an_identifier	
NCPPB 935	1	collection_list	This isolate is also in the collections; ATCC 19313, ICMP 5726, ICPB XC 12, LMG 689, CFBP 1159	ATCC 19313, ICMP 5726, ICPB XC 12, LMG 689, CFBP 1159	0	94	466079	466202	parsed	low		
NCPPB 935	2	source_of_isolate	The source of this isolate was ex P.W. Miller 5262	ex P.W. Miller 5262	95	145	466206	466257	parsed	medium	person_or_source_text_not_automatically_an_identifier	
NCPPB 936	1	isolated_by	This isolate was isolated by ex W.H. Burkholder	ex W.H. Burkholder	0	47	468917	468993	parsed	medium	person_or_source_text_not_automatically_an_identifier	
NCPPB 937	1	collection_list	This isolate is also in the collections; ATCC 13462, ICMP 574	ATCC 13462, ICMP 574	0	61	471675	471765	parsed	low		
NCPPB 937	2	isolated_by	This isolate was isolated by ex C.E. Williamson	ex C.E. Williamson	62	109	471769	471817	parsed	medium	person_or_source_text_not_automatically_an_identifier	
NCPPB 937	3	source_of_isolate	The source of this isolate was ex Netherlands	ex Netherlands	110	155	471821	471867	parsed	medium	person_or_source_text_not_automatically_an_identifier	
NCPPB 938	1	isolated_by	This isolate was isolated by ex W.H. Burkholder	ex W.H. Burkholder	0	47	475043	475119	parsed	medium	person_or_source_text_not_automatically_an_identifier	
NCPPB 939	1	collection_list	This isolate is also in the collections; ICMP 453, LMG 733, DSM 19143	ICMP 453, LMG 733, DSM 19143	0	69	478256	478354	parsed	low		
NCPPB 939	2	isolated_by	This isolate was isolated by ex W.H. Burkholder XH5	ex W.H. Burkholder XH5	70	121	478358	478410	parsed	medium	person_or_source_text_not_automatically_an_identifier	
NCPPB 940	1	collection_list	This isolate is also in the collections; ATCC 19318, ICMP 579	ATCC 19318, ICMP 579	0	61	481567	481657	parsed	low		
NCPPB 940	2	isolated_by	This isolate was isolated by ex J. Niederhauser	ex J. Niederhauser	62	109	481661	481709	parsed	medium	person_or_source_text_not_automatically_an_identifier	
NCPPB 941	1	collection_list	This isolate is also in the collections; ICMP 102, LMG 922	ICMP 102, LMG 922	0	58	484915	485002	parsed	low		
NCPPB 941	2	isolated_by	This isolate was isolated by ex W.H. Burkholder	ex W.H. Burkholder	59	106	485006	485054	parsed	medium	person_or_source_text_not_automatically_an_identifier	
NCPPB 942	1	isolated_by	This isolate was isolated by ex W.H. Burkholder	ex W.H. Burkholder	0	47	487943	488019	parsed	medium	person_or_source_text_not_automatically_an_identifier	
NCPPB 969	1	isolated_by	This isolate was isolated by ex W.H. Burkholder	ex W.H. Burkholder	0	47	491135	491211	parsed	medium	person_or_source_text_not_automatically_an_identifier	
NCPPB 970	1	isolated_by	This isolate was isolated by ex H.H. Thornberry 1-49	ex H.H. Thornberry 1-49	0	52	494348	494429	parsed	medium	person_or_source_text_not_automatically_an_identifier	
NCPPB 971	1	collection_list	This isolate is also in the collections; ICMP 318, LMG 758	ICMP 318, LMG 758	0	58	497965	498052	parsed	low		
NCPPB 971	2	isolated_by	This isolate was isolated by ex P.A. Ark 1	ex P.A. Ark 1	59	101	498056	498099	parsed	medium	person_or_source_text_not_automatically_an_identifier	
NCPPB 972	1	isolated_by	This isolate was isolated by ex P.A. Ark 2	ex P.A. Ark 2	0	42	501308	501379	parsed	medium	person_or_source_text_not_automatically_an_identifier	
NCPPB 973	1	collection_list	This isolate is also in the collections; ATCC 19319, ICMP 5752, LMG 876, DSM 18974, CFBP 1155	ATCC 19319, ICMP 5752, LMG 876, DSM 18974, CFBP 1155	0	93	504564	504686	parsed	low		
NCPPB 973	2	isolated_by	This isolate was isolated by ex C.S. Reddy	ex C.S. Reddy	94	136	504690	504733	parsed	medium	person_or_source_text_not_automatically_an_identifier	
NCPPB 974	1	isolated_by	This isolate was isolated by ex Z. Patrick	ex Z. Patrick	0	42	507919	507990	parsed	medium	person_or_source_text_not_automatically_an_identifier	
NCPPB 974	2	source_of_isolate	The source of this isolate was ex W.H. Burkholder	ex W.H. Burkholder	43	92	507994	508044	parsed	medium	person_or_source_text_not_automatically_an_identifier	
NCPPB 975	1	isolated_by	This isolate was isolated by ex W.H. Burkholder	ex W.H. Burkholder	0	47	510704	510780	parsed	medium	person_or_source_text_not_automatically_an_identifier	
NCPPB 976	1	collection_list	This isolate is also in the collections; ATCC 19320, ICMP 336, LMG 937, CFBP 2538	ATCC 19320, ICMP 336, LMG 937, CFBP 2538	0	81	514441	514551	parsed	low		
NCPPB 976	2	isolated_by	This isolate was isolated by ex N.A. Brown	ex N.A. Brown	82	124	514555	514598	parsed	medium	person_or_source_text_not_automatically_an_identifier	
NCPPB 976	3	source_of_isolate	The source of this isolate was ex W.H. Burkholder	ex W.H. Burkholder	125	174	514602	514652	parsed	medium	person_or_source_text_not_automatically_an_identifier	
NCPPB 983	1	collection_list	This isolate is also in the collections; ATCC 13460, ICMP 437	ATCC 13460, ICMP 437	0	61	517308	517398	parsed	low		
NCPPB 983	2	isolated_by	This isolate was isolated by ex W.H. Burkholder	ex W.H. Burkholder	62	109	517402	517450	parsed	medium	person_or_source_text_not_automatically_an_identifier	
NCPPB 984	1	isolated_by	This isolate was isolated by ex S. Dombroff Oregan 5401	ex S. Dombroff Oregan 5401	0	55	520607	520691	parsed	medium	person_or_source_text_not_automatically_an_identifier	
NCPPB 985	1	collection_list	This isolate is also in the collections; ATCC 23379, LMG 7399, CFBP 7666	ATCC 23379, LMG 7399, CFBP 7666	0	72	523913	524014	parsed	low		
NCPPB 985	2	isolated_by	This isolate was isolated by P.A. Ark	P.A. Ark	73	110	524018	524056	parsed	medium	person_or_source_text_not_automatically_an_identifier	
NCPPB 986	1	isolated_by	This isolate was isolated by ex P.A. Ark Cardona 2	ex P.A. Ark Cardona 2	0	50	527278	527357	parsed	medium	person_or_source_text_not_automatically_an_identifier	
NCPPB 987	1	collection_list	This isolate is also in the collections; ATCC 9653, LMG 7411, ICMP 454	ATCC 9653, LMG 7411, ICMP 454	0	70	530492	530591	parsed	low		
NCPPB 987	2	isolated_by	This isolate was isolated by ex W.H. Burkholder XH6	ex W.H. Burkholder XH6	71	122	530595	530647	parsed	medium	person_or_source_text_not_automatically_an_identifier	
NCPPB 989	1	collection_list	This isolate is also in the collections; ATCC 13461, VKM B-618, ICMP 451, LMG 7416,	ATCC 13461, VKM B-618, ICMP 451, LMG 7416,	0	83	533801	533913	parsed	low		
NCPPB 989	2	isolated_by	This isolate was isolated by ex W.H. Burkholder	ex W.H. Burkholder	84	131	533917	533965	parsed	medium	person_or_source_text_not_automatically_an_identifier	
NCPPB 990	1	isolated_by	This isolate was isolated by ex W.H. Burkholder St3	ex W.H. Burkholder St3	0	51	536646	536726	parsed	medium	person_or_source_text_not_automatically_an_identifier	
NCPPB 993	1	collection_list	This isolate is also in the collections; ATCC 13463, ICMP 439, LMG 757	ATCC 13463, ICMP 439, LMG 757	0	70	539923	540022	parsed	low		
NCPPB 993	2	isolated_by	This isolate was isolated by ex C. Lefebvre	ex C. Lefebvre	71	114	540026	540070	parsed	medium	person_or_source_text_not_automatically_an_identifier	
NCPPB 994	1	collection_list	This isolate is also in the collections; ATCC 11644, ICMP 619, LMG 9050	ATCC 11644, ICMP 619, LMG 9050	0	71	543246	543346	parsed	low		
NCPPB 994	2	source_of_isolate	The source of this isolate was ex M.K. Patel 14	ex M.K. Patel 14	72	119	543350	543398	parsed	medium	person_or_source_text_not_automatically_an_identifier	
NCPPB 1009	1	collection_list	This isolate is also in the collections; ICMP 1623	ICMP 1623	0	50	546023	546102	parsed	low		
NCPPB 1009	2	source_of_isolate	The source of this isolate was ex W.J. Dowson	ex W.J. Dowson	51	96	546106	546152	parsed	medium	person_or_source_text_not_automatically_an_identifier	
NCPPB 1014	1	collection_list	This isolate is also in the collections; ATCC 11636, ICMP 3965, LMG 954	ATCC 11636, ICMP 3965, LMG 954	0	71	548552	548652	parsed	low		
NCPPB 1014	2	source_of_isolate	The source of this isolate was ex M.K. Patel 19	ex M.K. Patel 19	72	119	548656	548704	parsed	medium	person_or_source_text_not_automatically_an_identifier	
NCPPB 1025	1	donor_reference	The donor reference is B565	B565	0	27	551389	551445	parsed	medium		
NCPPB 1025	2	isolated_by	This isolate was isolated by ex C. Polhill	ex C. Polhill	28	70	551449	551492	parsed	medium	person_or_source_text_not_automatically_an_identifier	
NCPPB 1043	1	isolated_by	This isolate was isolated by A.C. Hayward B621	A.C. Hayward B621	0	46	554414	554489	parsed	medium	person_or_source_text_not_automatically_an_identifier	
NCPPB 1046	1	donor_reference	The donor reference is B589	B589	0	27	557689	557745	parsed	medium		
NCPPB 1046	2	isolated_by	This isolate was isolated by ex G. Rangaswami	ex G. Rangaswami	28	73	557749	557795	parsed	medium	person_or_source_text_not_automatically_an_identifier	
NCPPB 1048	1	isolated_by	This isolate was isolated by A.C. Hayward B639	A.C. Hayward B639	0	46	561305	561380	parsed	medium	person_or_source_text_not_automatically_an_identifier	
NCPPB 1050	1	donor_reference	The donor reference is B672	B672	0	27	564001	564057	parsed	medium		
NCPPB 1050	2	isolated_by	This isolate was isolated by ex S. Bisessar	ex S. Bisessar	28	71	564061	564105	parsed	medium	person_or_source_text_not_automatically_an_identifier	
NCPPB 1056	1	collection_list	This isolate is also in the collections; LMG 7457	LMG 7457	0	49	567778	567856	parsed	low		
NCPPB 1056	2	isolated_by	This isolate was isolated by A.C. Hayward B665B	A.C. Hayward B665B	50	97	567860	567908	parsed	medium	person_or_source_text_not_automatically_an_identifier	
NCPPB 1058	1	isolated_by	This isolate was isolated by A.C. Hayward B659	A.C. Hayward B659	0	46	571365	571440	parsed	medium	person_or_source_text_not_automatically_an_identifier	
NCPPB 1059	1	collection_list	This isolate is also in the collections; ICPB XP198	ICPB XP198	0	51	573847	573927	parsed	low		
NCPPB 1059	2	isolated_by	This isolate was isolated by A.C. Hayward B658	A.C. Hayward B658	52	98	573931	573978	parsed	medium	person_or_source_text_not_automatically_an_identifier	
NCPPB 1060	1	isolated_by	This isolate was isolated by A.C. Hayward B657	A.C. Hayward B657	0	46	577145	577220	parsed	medium	person_or_source_text_not_automatically_an_identifier	
NCPPB 1061	1	collection_list	This isolate is also in the collections; ATCC 23382, ICPB XP195, ICMP 1028, LMG 848	ATCC 23382, ICPB XP195, ICMP 1028, LMG 848	0	83	580210	580322	parsed	low		
NCPPB 1061	2	isolated_by	This isolate was isolated by A.C. Hayward B652	A.C. Hayward B652	84	130	580326	580373	parsed	medium	person_or_source_text_not_automatically_an_identifier	
NCPPB 1062	1	isolated_by	This isolate was isolated by A.C. Hayward B644	A.C. Hayward B644	0	46	583900	583975	parsed	medium	person_or_source_text_not_automatically_an_identifier	
NCPPB 1063	1	collection_list	This isolate is also in the collections; ATCC 19317, LMG 861, ICMP 5747	ATCC 19317, LMG 861, ICMP 5747	0	71	587520	587620	parsed	low		
NCPPB 1063	2	isolated_by	This isolate was isolated by A.C. Hayward B651	A.C. Hayward B651	72	118	587624	587671	parsed	medium	person_or_source_text_not_automatically_an_identifier	
NCPPB 1067	1	isolated_by	This isolate was isolated by A.C. Hayward B707A	A.C. Hayward B707A	0	47	590861	590937	parsed	medium	person_or_source_text_not_automatically_an_identifier	
NCPPB 1068	1	collection_list	This isolate is also in the collections; ICMP 18269	ICMP 18269	0	51	594150	594230	parsed	low		
NCPPB 1068	2	isolated_by	This isolate was isolated by A.C. Hayward B689A	A.C. Hayward B689A	52	99	594234	594282	parsed	medium	person_or_source_text_not_automatically_an_identifier	
NCPPB 1117	1	donor_reference	The donor reference is B828	B828	0	27	597484	597540	parsed	medium		
NCPPB 1117	2	isolated_by	This isolate was isolated by ex G. Rangaswami	ex G. Rangaswami	28	73	597544	597590	parsed	medium	person_or_source_text_not_automatically_an_identifier	
NCPPB 1124	1	isolated_by	This isolate was isolated by A.C. Hayward B724A	A.C. Hayward B724A	0	47	600753	600829	parsed	medium	person_or_source_text_not_automatically_an_identifier	
NCPPB 1128	1	isolated_by	This isolate was isolated by A.C. Hayward B791	A.C. Hayward B791	0	46	604317	604392	parsed	medium	person_or_source_text_not_automatically_an_identifier	
NCPPB 1129	1	isolated_by	This isolate was isolated by A.C. Hayward B784	A.C. Hayward B784	0	46	607064	607139	parsed	medium	person_or_source_text_not_automatically_an_identifier	
NCPPB 1131	1	isolated_by	This isolate was isolated by A.C. Hayward B720	A.C. Hayward B720	0	46	610332	610407	parsed	medium	person_or_source_text_not_automatically_an_identifier	
NCPPB 1132	1	isolated_by	This isolate was isolated by A.C. Hayward B719	A.C. Hayward B719	0	46	613591	613666	parsed	medium	person_or_source_text_not_automatically_an_identifier	
NCPPB 1135	1	isolated_by	This isolate was isolated by A.C. Hayward B740B	A.C. Hayward B740B	0	47	616830	616906	parsed	medium	person_or_source_text_not_automatically_an_identifier	
NCPPB 1136	1	isolated_by	This isolate was isolated by A.C. Hayward B809A	A.C. Hayward B809A	0	47	620076	620152	parsed	medium	person_or_source_text_not_automatically_an_identifier	
NCPPB 1138	1	isolated_by	This isolate was isolated by A.C. Hayward B727	A.C. Hayward B727	0	46	623582	623657	parsed	medium	person_or_source_text_not_automatically_an_identifier	
NCPPB 1141	1	collection_list	This isolate is also in the collections; ICPB XP202	ICPB XP202	0	51	626820	626900	parsed	low		
NCPPB 1141	2	isolated_by	This isolate was isolated by A.C. Hayward B745	A.C. Hayward B745	52	98	626904	626951	parsed	medium	person_or_source_text_not_automatically_an_identifier	
NCPPB 1143	1	isolated_by	This isolate was isolated by L.A.E. Baker X3	L.A.E. Baker X3	0	44	629633	629706	parsed	medium	person_or_source_text_not_automatically_an_identifier	
NCPPB 1144	1	isolated_by	This isolate was isolated by L.A.E. Baker X9	L.A.E. Baker X9	0	44	632388	632461	parsed	medium	person_or_source_text_not_automatically_an_identifier	
NCPPB 1145	1	isolated_by	This isolate was isolated by L.A.E. Baker X10	L.A.E. Baker X10	0	45	635143	635217	parsed	medium	person_or_source_text_not_automatically_an_identifier	
NCPPB 1146	1	isolated_by	This isolate was isolated by L.A.E. Baker XII	L.A.E. Baker XII	0	45	637899	637973	parsed	medium	person_or_source_text_not_automatically_an_identifier	
NCPPB 1147	1	isolated_by	This isolate was isolated by L.A.E. Baker X13	L.A.E. Baker X13	0	45	640655	640729	parsed	medium	person_or_source_text_not_automatically_an_identifier	
NCPPB 1148	1	donor_reference	The donor reference is XGl	XGl	0	26	644174	644229	parsed	high	digit_free_donor_reference_requires_review_before_search	
NCPPB 1148	2	collection_list	This isolate is also in the collections; ICMP 82, LMG 9049	ICMP 82, LMG 9049	27	85	644233	644292	parsed	low		
NCPPB 1148	3	isolated_by	This isolate was isolated by ex D.P. Bhide	ex D.P. Bhide	86	128	644296	644339	parsed	medium	person_or_source_text_not_automatically_an_identifier	
NCPPB 1149	1	donor_reference	The donor reference is XHl	XHl	0	26	646736	646791	parsed	high	digit_free_donor_reference_requires_review_before_search	
NCPPB 1149	2	collection_list	This isolate is also in the collections; ICMP 90, LMG 939	ICMP 90, LMG 939	27	84	646795	646853	parsed	low		
NCPPB 1149	3	source_of_isolate	The source of this isolate was ex D.P. Bhide	ex D.P. Bhide	85	129	646857	646902	parsed	medium	person_or_source_text_not_automatically_an_identifier	
NCPPB 1150	1	donor_reference	The donor reference is Ykl	Ykl	0	26	650370	650425	parsed	high	digit_free_donor_reference_requires_review_before_search	
NCPPB 1150	2	source_of_isolate	The source of this isolate was ex Orillo	ex Orillo	27	67	650429	650470	parsed	medium	person_or_source_text_not_automatically_an_identifier	
NCPPB 1151	1	donor_reference	The donor reference is YK2	YK2	0	26	653890	653945	parsed	medium		
NCPPB 1151	2	source_of_isolate	The source of this isolate was ex Orillo	ex Orillo	27	67	653949	653990	parsed	medium	person_or_source_text_not_automatically_an_identifier	
NCPPB 1152	1	donor_reference	The donor reference is YK3	YK3	0	26	656892	656947	parsed	medium		
NCPPB 1152	2	source_of_isolate	The source of this isolate was ex N. Okabe	ex N. Okabe	27	69	656951	656994	parsed	medium	person_or_source_text_not_automatically_an_identifier	
NCPPB 1153	1	donor_reference	The donor reference is YK4	YK4	0	26	659896	659951	parsed	medium		
NCPPB 1153	2	source_of_isolate	The source of this isolate was ex H. Muko	ex H. Muko	27	68	659955	659997	parsed	medium	person_or_source_text_not_automatically_an_identifier	
NCPPB 1155	1	collection_list	This isolate is also in the collections; ICPB XL104, ICMP 84, CFBP 7258, LMG 1158	ICPB XL104, ICMP 84, CFBP 7258, LMG 1158	0	81	665148	665258	parsed	low		
NCPPB 1155	2	isolated_by	This isolate was isolated by D.W. Dye Pukatea 3	D.W. Dye Pukatea 3	82	129	665262	665310	parsed	medium	person_or_source_text_not_automatically_an_identifier	
NCPPB 1158	1	collection_list	This isolate is also in the collections; LMG 7458	LMG 7458	0	49	669050	669128	parsed	low		
NCPPB 1158	2	isolated_by	This isolate was isolated by D.C. Graham	D.C. Graham	50	90	669132	669173	parsed	medium	person_or_source_text_not_automatically_an_identifier	
NCPPB 1159	1	collection_list	This isolate is also in the collections; ATCC 23380, LMG 5274, ICMP 6934	ATCC 23380, LMG 5274, ICMP 6934	0	72	672625	672726	parsed	low		
NCPPB 1159	2	isolated_by	This isolate was isolated by ex W.H. Burkholder SMl	ex W.H. Burkholder SMl	73	124	672730	672782	parsed	medium	person_or_source_text_not_automatically_an_identifier	
NCPPB 1160	1	isolated_by	This isolate was isolated by ex O.A. Drummon & O. Hipolite	ex O.A. Drummon & O. Hipolite	0	58	676219	676306	parsed	medium	person_or_source_text_not_automatically_an_identifier	
NCPPB 1161	1	isolated_by	This isolate was isolated by ex G. Orian M3	ex G. Orian M3	0	43	679740	679812	parsed	medium	person_or_source_text_not_automatically_an_identifier	
NCPPB 1235	1	isolated_by	This isolate was isolated by A.C. Hayward B922	A.C. Hayward B922	0	46	683326	683401	parsed	medium	person_or_source_text_not_automatically_an_identifier	
NCPPB 1241	1	collection_list	This isolate is also in the collections; ICPB XH112	ICPB XH112	0	51	686568	686648	parsed	low		
NCPPB 1241	2	isolated_by	This isolate was isolated by A.C. Hayward B996	A.C. Hayward B996	52	98	686652	686699	parsed	medium	person_or_source_text_not_automatically_an_identifier	
NCPPB 1244	1	isolated_by	This isolate was isolated by A.C. Hayward B1021	A.C. Hayward B1021	0	47	689331	689407	parsed	medium	person_or_source_text_not_automatically_an_identifier	
NCPPB 1324	1	isolated_by	This isolate was isolated by A.C. Hayward B1167	A.C. Hayward B1167	0	47	692839	692915	parsed	medium	person_or_source_text_not_automatically_an_identifier	
NCPPB 1325	1	donor_reference	The donor reference is B1160	B1160	0	28	696084	696141	parsed	medium		
NCPPB 1325	2	collection_list	This isolate is also in the collections; ICMP 18270	ICMP 18270	29	80	696145	696197	parsed	low		
NCPPB 1325	3	isolated_by	This isolate was isolated by ex C.L.A. Leakey	ex C.L.A. Leakey	81	126	696201	696247	parsed	medium	person_or_source_text_not_automatically_an_identifier	
NCPPB 1326	1	collection_list	This isolate is also in the collections; LMG 8717	LMG 8717	0	49	699684	699762	parsed	low		
NCPPB 1326	2	isolated_by	This isolate was isolated by A.C. Hayward B1116	A.C. Hayward B1116	50	97	699766	699814	parsed	medium	person_or_source_text_not_automatically_an_identifier	
NCPPB 1332	1	isolated_by	This isolate was isolated by A.C. Hayward B1198	A.C. Hayward B1198	0	47	702729	702805	parsed	medium	person_or_source_text_not_automatically_an_identifier	
NCPPB 1334	1	collection_list	This isolate is also in the collections; ICMP 5736, LMG 744	ICMP 5736, LMG 744	0	59	705219	705307	parsed	low		
NCPPB 1334	2	isolated_by	This isolate was isolated by ex A.C. Padhya	ex A.C. Padhya	60	103	705311	705355	parsed	medium	person_or_source_text_not_automatically_an_identifier	
NCPPB 1336	1	collection_list	This isolate is also in the collections; ICMP 5717, LMG 470	ICMP 5717, LMG 470	0	59	708001	708089	parsed	low		
NCPPB 1336	2	isolated_by	This isolate was isolated by A.C. Padhya	A.C. Padhya	60	100	708093	708134	parsed	medium	person_or_source_text_not_automatically_an_identifier	
NCPPB 1337	1	collection_list	This isolate is also in the collections; ICMP 5742, LMG 786	ICMP 5742, LMG 786	0	59	711176	711264	parsed	low		
NCPPB 1337	2	isolated_by	This isolate was isolated by ex A.C. Padhya	ex A.C. Padhya	60	103	711268	711312	parsed	medium	person_or_source_text_not_automatically_an_identifier	
NCPPB 1381	1	collection_list	This isolate is also in the collections; LMG 8718	LMG 8718	0	49	714749	714827	parsed	low		
NCPPB 1381	2	isolated_by	This isolate was isolated by A.C. Hayward B1350	A.C. Hayward B1350	50	97	714831	714879	parsed	medium	person_or_source_text_not_automatically_an_identifier	
NCPPB 1393	1	donor_reference	The donor reference is B1432	B1432	0	28	717293	717350	parsed	medium		
NCPPB 1393	2	source_of_isolate	The source of this isolate was ex ITCC SF62	ex ITCC SF62	29	72	717354	717398	parsed	medium	person_or_source_text_not_automatically_an_identifier	
NCPPB 1394	1	donor_reference	The donor reference is B1446	B1446	0	28	720662	720719	parsed	medium		
NCPPB 1394	2	isolated_by	This isolate was isolated by ex N. Shanmuganathan	ex N. Shanmuganathan	29	78	720723	720773	parsed	medium	person_or_source_text_not_automatically_an_identifier	
NCPPB 1395	1	donor_reference	The donor reference is B1444	B1444	0	28	724038	724095	parsed	medium		
NCPPB 1395	2	isolated_by	This isolate was isolated by ex N. Shanmuganathan	ex N. Shanmuganathan	29	78	724099	724149	parsed	medium	person_or_source_text_not_automatically_an_identifier	
NCPPB 1396	1	donor_reference	The donor reference is B1443	B1443	0	28	727414	727471	parsed	medium		
NCPPB 1396	2	isolated_by	This isolate was isolated by ex N. Shanmuganathan	ex N. Shanmuganathan	29	78	727475	727525	parsed	medium	person_or_source_text_not_automatically_an_identifier	
NCPPB 1402	1	collection_list	This isolate is also in the collections; LMG 7459	LMG 7459	0	49	731196	731274	parsed	low		
NCPPB 1402	2	isolated_by	This isolate was isolated by A.C. Hayward B1374	A.C. Hayward B1374	50	97	731278	731326	parsed	medium	person_or_source_text_not_automatically_an_identifier	
NCPPB 1420	1	isolated_by	This isolate was isolated by Z. Klement E1388	Z. Klement E1388	0	45	734757	734831	parsed	medium	person_or_source_text_not_automatically_an_identifier	
NCPPB 1421	1	isolated_by	This isolate was isolated by Z. Klement S. 20	Z. Klement S. 20	0	45	737499	737573	parsed	medium	person_or_source_text_not_automatically_an_identifier	
NCPPB 1422	1	collection_list	This isolate is also in the collections; ICMP 5723, LMG 8646	ICMP 5723, LMG 8646	0	60	741148	741237	parsed	low		
NCPPB 1422	2	isolated_by	This isolate was isolated by ex Z. Klement N.066	ex Z. Klement N.066	61	109	741241	741290	parsed	medium	person_or_source_text_not_automatically_an_identifier	
NCPPB 1423	1	collection_list	This isolate is also in the collections; ICMP 114, LMG 923	ICMP 114, LMG 923	0	58	744460	744547	parsed	low		
NCPPB 1423	2	isolated_by	This isolate was isolated by Z. Klement S. 07	Z. Klement S. 07	59	104	744551	744597	parsed	medium	person_or_source_text_not_automatically_an_identifier	
NCPPB 1426	1	collection_list	This isolate is also in the collections; ICMP 173, LMG 924	ICMP 173, LMG 924	0	58	747767	747854	parsed	low		
NCPPB 1426	2	isolated_by	This isolate was isolated by Z. Klement S. 10	Z. Klement S. 10	59	104	747858	747904	parsed	medium	person_or_source_text_not_automatically_an_identifier	
NCPPB 1431	1	collection_list	This isolate is also in the collections; ICMP 112, LMG 925	ICMP 112, LMG 925	0	58	751074	751161	parsed	low		
NCPPB 1431	2	isolated_by	This isolate was isolated by Z. Klement S. 04	Z. Klement S. 04	59	104	751165	751211	parsed	medium	person_or_source_text_not_automatically_an_identifier	
NCPPB 1433	1	collection_list	This isolate is also in the collections; LMG 8016	LMG 8016	0	49	754883	754961	parsed	low		
NCPPB 1433	2	isolated_by	This isolate was isolated by Z. Klement E1309	Z. Klement E1309	50	95	754965	755011	parsed	medium	person_or_source_text_not_automatically_an_identifier	
NCPPB 1438	1	collection_list	This isolate is also in the collections; ICMP 172, LMG 926, CFBP 7955	ICMP 172, LMG 926, CFBP 7955	0	69	758180	758278	parsed	low		
NCPPB 1438	2	isolated_by	This isolate was isolated by Z. Klement I. 608	Z. Klement I. 608	70	116	758282	758329	parsed	medium	person_or_source_text_not_automatically_an_identifier	
NCPPB 1439	1	isolated_by	This isolate was isolated by Z. Klement E1299	Z. Klement E1299	0	45	761785	761859	parsed	medium	person_or_source_text_not_automatically_an_identifier	
NCPPB 1447	1	donor_reference	The donor reference is 19	19	0	25	765009	765063	parsed	medium		
NCPPB 1447	2	isolated_by	This isolate was isolated by ex I. Lazar	ex I. Lazar	26	66	765067	765108	parsed	medium	person_or_source_text_not_automatically_an_identifier	
NCPPB 1451	1	collection_list	This isolate is also in the collections; ICMP 5761, LMG 940	ICMP 5761, LMG 940	0	59	767505	767593	parsed	low		
NCPPB 1451	2	isolated_by	This isolate was isolated by ex A.C. Padhya	ex A.C. Padhya	60	103	767597	767641	parsed	medium	person_or_source_text_not_automatically_an_identifier	
NCPPB 1452	1	collection_list	This isolate is also in the collections; ICMP 5852, LMG 872, ATCC 23577	ICMP 5852, LMG 872, ATCC 23577	0	71	770309	770409	parsed	low		
NCPPB 1452	2	isolated_by	This isolate was isolated by ex A.C. Padhya	ex A.C. Padhya	72	115	770413	770457	parsed	medium	person_or_source_text_not_automatically_an_identifier	
NCPPB 1453	1	isolated_by	This isolate was isolated by ex M.C. Srinivasan	ex M.C. Srinivasan	0	47	772874	772950	parsed	medium	person_or_source_text_not_automatically_an_identifier	
NCPPB 1454	1	collection_list	This isolate is also in the collections; ICMP 5753, LMG 873	ICMP 5753, LMG 873	0	59	775380	775468	parsed	low		
NCPPB 1454	2	isolated_by	This isolate was isolated by ex M.C. Srinivasan	ex M.C. Srinivasan	60	107	775472	775520	parsed	medium	person_or_source_text_not_automatically_an_identifier	
NCPPB 1455	1	collection_list	This isolate is also in the collections; ICMP 5737, LMG 754	ICMP 5737, LMG 754	0	59	777930	778018	parsed	low		
NCPPB 1455	2	isolated_by	This isolate was isolated by ex M.C. Srinivasan	ex M.C. Srinivasan	60	107	778022	778070	parsed	medium	person_or_source_text_not_automatically_an_identifier	
NCPPB 1457	1	isolated_by	This isolate was isolated by ex M.C. Srinivasan	ex M.C. Srinivasan	0	47	780484	780560	parsed	medium	person_or_source_text_not_automatically_an_identifier	
NCPPB 1469	1	collection_list	This isolate is also in the collections; ICMP 5715, ATTCC 33239, VKM B-2165, DSMZ 3587, LMG 708, CFBP 2157	ICMP 5715, ATTCC 33239, VKM B-2165, DSMZ 3587, LMG 708, CFBP 2157	0	106	783577	783712	parsed	low		
NCPPB 1469	2	isolated_by	This isolate was isolated by B.W. Kennedy	B.W. Kennedy	107	148	783716	783758	parsed	medium	person_or_source_text_not_automatically_an_identifier	
NCPPB 1471	1	isolated_by	This isolate was isolated by A.C. Hayward B1603	A.C. Hayward B1603	0	47	787155	787231	parsed	medium	person_or_source_text_not_automatically_an_identifier	
NCPPB 1472	1	isolated_by	This isolate was isolated by A.C. Hayward B1601	A.C. Hayward B1601	0	47	790627	790703	parsed	medium	person_or_source_text_not_automatically_an_identifier	
NCPPB 1473	1	isolated_by	This isolate was isolated by A.C. Hayward B1559	A.C. Hayward B1559	0	47	794133	794209	parsed	medium	person_or_source_text_not_automatically_an_identifier	
NCPPB 1475	1	isolated_by	This isolate was isolated by A.C. Hayward B1479	A.C. Hayward B1479	0	47	797389	797465	parsed	medium	person_or_source_text_not_automatically_an_identifier	
NCPPB 1482	1	isolated_by	This isolate was isolated by A.C. Hayward B1741	A.C. Hayward B1741	0	47	800971	801047	parsed	medium	person_or_source_text_not_automatically_an_identifier	
NCPPB 1495	1	collection_list	This isolate is also in the collections; LMG 8017	LMG 8017	0	49	804722	804800	parsed	low		
NCPPB 1495	2	isolated_by	This isolate was isolated by G.E. Jones C398	G.E. Jones C398	50	94	804804	804849	parsed	medium	person_or_source_text_not_automatically_an_identifier	
NCPPB 1560	1	isolated_by	This isolate was isolated by R.A. Lelliott 479	R.A. Lelliott 479	0	46	808151	808226	parsed	medium	person_or_source_text_not_automatically_an_identifier	
NCPPB 1568	1	donor_reference	The donor reference is 1	1	0	24	810829	810882	parsed	medium		
NCPPB 1568	2	isolated_by	This isolate was isolated by ex K.S.S. Eswaran	ex K.S.S. Eswaran	25	71	810886	810933	parsed	medium	person_or_source_text_not_automatically_an_identifier	
NCPPB 1585	1	collection_list	This isolate is also in the collections; ICPB XOlll, ICMP 5743, LMG 797, CFBP 2286, ATCC 49072	ICPB XOlll, ICMP 5743, LMG 797, CFBP 2286, ATCC 49072	0	94	814353	814476	parsed	low		
NCPPB 1585	2	isolated_by	This isolate was isolated by A.C. Hayward B2115	A.C. Hayward B2115	95	142	814480	814528	parsed	medium	person_or_source_text_not_automatically_an_identifier	
NCPPB 1593	1	collection_list	This isolate is also in the collections; ICMP 1617, LMG 534	ICMP 1617, LMG 534	0	59	816955	817043	parsed	low		
NCPPB 1593	2	isolated_by	This isolate was isolated by ex M.C. Srinivasan	ex M.C. Srinivasan	60	107	817047	817095	parsed	medium	person_or_source_text_not_automatically_an_identifier	
NCPPB 1594	1	isolated_by	This isolate was isolated by ex A.C. Padhya	ex A.C. Padhya	0	43	819793	819866	parsed	medium	person_or_source_text_not_automatically_an_identifier	
NCPPB 1594	2	source_of_isolate	The source of this isolate was ex M.K. Patel	ex M.K. Patel	44	88	819870	819915	parsed	medium	person_or_source_text_not_automatically_an_identifier	
NCPPB 1595	1	source_of_isolate	The source of this isolate was ex M.C. Srinivasan	ex M.C. Srinivasan	0	49	822339	822417	parsed	medium	person_or_source_text_not_automatically_an_identifier	
NCPPB 1596	1	source_of_isolate	The source of this isolate was ex M.C. Srinivasan	ex M.C. Srinivasan	0	49	824834	824912	parsed	medium	person_or_source_text_not_automatically_an_identifier	
NCPPB 1607	1	donor_reference	The donor reference is B2165	B2165	0	28	828050	828107	parsed	medium		
NCPPB 1607	2	isolated_by	This isolate was isolated by ex R.D. Pares	ex R.D. Pares	29	71	828111	828154	parsed	medium	person_or_source_text_not_automatically_an_identifier	
NCPPB 1610	1	isolated_by	This isolate was isolated by R.A. Lelliott	R.A. Lelliott	0	42	831305	831376	parsed	medium	person_or_source_text_not_automatically_an_identifier	
NCPPB 1612	1	isolated_by	This isolate was isolated by A.C. Hayward B2175	A.C. Hayward B2175	0	47	834317	834393	parsed	medium	person_or_source_text_not_automatically_an_identifier	
NCPPB 1615	1	collection_list	This isolate is also in the collections; ICPB XPl99	ICPB XPl99	0	51	837544	837624	parsed	low		
NCPPB 1615	2	isolated_by	This isolate was isolated by R.A. Lelliott	R.A. Lelliott	52	94	837628	837671	parsed	medium	person_or_source_text_not_automatically_an_identifier	
NCPPB 1616	1	isolated_by	This isolate was isolated by A.C. Hayward B2249F	A.C. Hayward B2249F	0	48	840338	840415	parsed	medium	person_or_source_text_not_automatically_an_identifier	
NCPPB 1622	1	isolated_by	This isolate was isolated by D.C. Graham	D.C. Graham	0	40	843546	843615	parsed	medium	person_or_source_text_not_automatically_an_identifier	
NCPPB 1628	1	collection_list	This isolate is also in the collections; ICPB XA132	ICPB XA132	0	51	846037	846117	parsed	low		
NCPPB 1628	2	isolated_by	This isolate was isolated by A.C. Padhya	A.C. Padhya	52	92	846121	846162	parsed	medium	person_or_source_text_not_automatically_an_identifier	
NCPPB 1629	1	isolated_by	This isolate was isolated by ex A.C. Padhya	ex A.C. Padhya	0	43	849347	849419	parsed	medium	person_or_source_text_not_automatically_an_identifier	
NCPPB 1630	1	isolated_by	This isolate was isolated by ex D.W. Dye ZZ24	ex D.W. Dye ZZ24	0	45	852573	852647	parsed	medium	person_or_source_text_not_automatically_an_identifier	
NCPPB 1630	2	source_of_isolate	The source of this isolate was .	.	46	78	852651	852684	parsed	medium	person_or_source_text_not_automatically_an_identifier	
NCPPB 1632	1	source_of_isolate	The source of this isolate was ex M. Goto B50	ex M. Goto B50	0	45	855389	855463	parsed	medium	person_or_source_text_not_automatically_an_identifier	
NCPPB 1633	1	collection_list	This isolate is also in the collections; ICPB XSl, CFBP 7111	ICPB XSl, CFBP 7111	0	60	858381	858470	parsed	low		
NCPPB 1633	2	isolated_by	This isolate was isolated by ex W.H. Burkholder	ex W.H. Burkholder	61	108	858474	858522	parsed	medium	person_or_source_text_not_automatically_an_identifier	
NCPPB 1633	3	source_of_isolate	The source of this isolate was ex R.S. Dickey	ex R.S. Dickey	109	154	858526	858572	parsed	medium	person_or_source_text_not_automatically_an_identifier	
NCPPB 1638	1	isolated_by	This isolate was isolated by A.C. Hayward B2290	A.C. Hayward B2290	0	47	861806	861882	parsed	medium	person_or_source_text_not_automatically_an_identifier	
NCPPB 1645	1	donor_reference	The donor reference is B2340	B2340	0	28	864804	864861	parsed	medium		
NCPPB 1645	2	isolated_by	This isolate was isolated by ex A.H. Ramos SAL/163/B	ex A.H. Ramos SAL/163/B	29	81	864865	864918	parsed	medium	person_or_source_text_not_automatically_an_identifier	
NCPPB 1646	1	donor_reference	The donor reference is B2324A	B2324A	0	29	868352	868410	parsed	medium		
NCPPB 1646	2	isolated_by	This isolate was isolated by ex W.S. Sutton	ex W.S. Sutton	30	73	868414	868458	parsed	medium	person_or_source_text_not_automatically_an_identifier	
NCPPB 1648	1	isolated_by	This isolate was isolated by A.C. Hayward B2305	A.C. Hayward B2305	0	47	871143	871219	parsed	medium	person_or_source_text_not_automatically_an_identifier	
NCPPB 1654	1	donor_reference	The donor reference is B2330	B2330	0	28	874896	874953	parsed	medium		
NCPPB 1654	2	collection_list	This isolate is also in the collections; LMG 837	LMG 837	29	77	874957	875006	parsed	low		
NCPPB 1654	3	isolated_by	This isolate was isolated by ex B.H. Boelema F6	ex B.H. Boelema F6	78	125	875010	875058	parsed	medium	person_or_source_text_not_automatically_an_identifier	
NCPPB 1659	1	isolated_by	This isolate was isolated by A.C. Hayward B2404	A.C. Hayward B2404	0	47	878203	878279	parsed	medium	person_or_source_text_not_automatically_an_identifier	
NCPPB 1668	1	donor_reference	The donor reference is CS56-27	CS56-27	0	30	880974	881033	parsed	medium		
NCPPB 1671	1	isolated_by	This isolate was isolated by A.C. Hayward B2536	A.C. Hayward B2536	0	47	884223	884299	parsed	medium	person_or_source_text_not_automatically_an_identifier	
NCPPB 1672	1	isolated_by	This isolate was isolated by A.C. Hayward B2540B	A.C. Hayward B2540B	0	48	887490	887567	parsed	medium	person_or_source_text_not_automatically_an_identifier	
NCPPB 1680	1	collection_list	This isolate is also in the collections; ICPB XP200	ICPB XP200	0	51	890999	891079	parsed	low		
NCPPB 1680	2	isolated_by	This isolate was isolated by D.C. Graham	D.C. Graham	52	92	891083	891124	parsed	medium	person_or_source_text_not_automatically_an_identifier	
NCPPB 1683	1	collection_list	This isolate is also in the collections; ATCC 19867, ICMP 3945	ATCC 19867, ICMP 3945	0	62	894222	894313	parsed	low		
NCPPB 1684	1	collection_list	This isolate is also in the collections; ICPB XR117	ICPB XR117	0	51	897740	897820	parsed	low		
NCPPB 1684	2	isolated_by	This isolate was isolated by A.C. Hayward B2602	A.C. Hayward B2602	52	99	897824	897872	parsed	medium	person_or_source_text_not_automatically_an_identifier	
NCPPB 1685	1	donor_reference	The donor reference is B2631	B2631	0	28	900561	900618	parsed	medium		
NCPPB 1685	2	isolated_by	This isolate was isolated by ex H.L. Harvey WA134	ex H.L. Harvey WA134	29	78	900622	900672	parsed	medium	person_or_source_text_not_automatically_an_identifier	
NCPPB 1697	1	isolated_by	This isolate was isolated by A.C. Hayward B2024	A.C. Hayward B2024	0	47	904194	904270	parsed	medium	person_or_source_text_not_automatically_an_identifier	
NCPPB 1698	1	donor_reference	The donor reference is B650	B650	0	27	907782	907838	parsed	medium		
NCPPB 1698	2	collection_list	This isolate is also in the collections; ATCC 14985, LMG 7429	ATCC 14985, LMG 7429	28	89	907842	907904	parsed	low		
NCPPB 1698	3	isolated_by	This isolate was isolated by ex C. Logan XL59/10	ex C. Logan XL59/10	90	138	907908	907957	parsed	medium	person_or_source_text_not_automatically_an_identifier	
NCPPB 1699	1	isolated_by	This isolate was isolated by A.C. Hayward B2019	A.C. Hayward B2019	0	47	911475	911551	parsed	medium	person_or_source_text_not_automatically_an_identifier	
NCPPB 1700	1	donor_reference	The donor reference is B648	B648	0	27	915064	915120	parsed	medium		
NCPPB 1700	2	collection_list	This isolate is also in the collections; ATCC 14982	ATCC 14982	28	79	915124	915176	parsed	low		
NCPPB 1700	3	isolated_by	This isolate was isolated by ex C. Logan XL 59/6	ex C. Logan XL 59/6	80	128	915180	915229	parsed	medium	person_or_source_text_not_automatically_an_identifier	
NCPPB 1701	1	collection_list	This isolate is also in the collections; ATCC 14983	ATCC 14983	0	51	918742	918822	parsed	low		
NCPPB 1701	2	isolated_by	This isolate was isolated by A.C. Hayward B649 ex C. Logan XL59/9	A.C. Hayward B649 ex C. Logan XL59/9	52	117	918826	918892	parsed	medium	person_or_source_text_not_automatically_an_identifier	
NCPPB 1711	1	donor_reference	The donor reference is B1548	B1548	0	28	921802	921859	parsed	medium		
NCPPB 1711	2	isolated_by	This isolate was isolated by ex M.D. Sutton P125	ex M.D. Sutton P125	29	77	921863	921912	parsed	medium	person_or_source_text_not_automatically_an_identifier	
NCPPB 1712	1	isolated_by	This isolate was isolated by A.C. Hayward B1334	A.C. Hayward B1334	0	47	925439	925515	parsed	medium	person_or_source_text_not_automatically_an_identifier	
NCPPB 1713	1	isolated_by	This isolate was isolated by A.C. Hayward B912	A.C. Hayward B912	0	46	928982	929057	parsed	medium	person_or_source_text_not_automatically_an_identifier	
NCPPB 1714	1	isolated_by	This isolate was isolated by A.C. Hayward B744	A.C. Hayward B744	0	46	932225	932300	parsed	medium	person_or_source_text_not_automatically_an_identifier	
NCPPB 1715	1	isolated_by	This isolate was isolated by A.C. Hayward B1853	A.C. Hayward B1853	0	47	934689	934765	parsed	medium	person_or_source_text_not_automatically_an_identifier	
NCPPB 1717	1	donor_reference	The donor reference is B913	B913	0	27	937930	937986	parsed	medium		
NCPPB 1737	1	isolated_by	This isolate was isolated by R.A. Lelliott X.a.7a	R.A. Lelliott X.a.7a	0	49	940617	940695	parsed	medium	person_or_source_text_not_automatically_an_identifier	
NCPPB 1738	1	isolated_by	This isolate was isolated by R.A. Lelliott X.a.5	R.A. Lelliott X.a.5	0	48	943326	943403	parsed	medium	person_or_source_text_not_automatically_an_identifier	
NCPPB 1754	1	donor_reference	The donor reference is HACC-179	HACC-179	0	31	946592	946652	parsed	medium		
NCPPB 1754	2	collection_list	This isolate is also in the collections; ATCC 17992	ATCC 17992	32	83	946656	946708	parsed	low		
NCPPB 1754	3	isolated_by	This isolate was isolated by ex M.C. Srinivasan	ex M.C. Srinivasan	84	131	946712	946760	parsed	medium	person_or_source_text_not_automatically_an_identifier	
NCPPB 1755	1	donor_reference	The donor reference is HACC-180	HACC-180	0	31	949172	949232	parsed	medium		
NCPPB 1755	2	collection_list	This isolate is also in the collections; ATCC 17993	ATCC 17993	32	83	949236	949288	parsed	low		
NCPPB 1756	1	donor_reference	The donor reference is HACC-181	HACC-181	0	31	951714	951774	parsed	medium		
NCPPB 1756	2	collection_list	This isolate is also in the collections; ATCC 17994, ICMP 5746, LMG 846	ATCC 17994, ICMP 5746, LMG 846	32	103	951778	951850	parsed	low		
NCPPB 1757	1	donor_reference	The donor reference is HACC-182	HACC-182	0	31	954274	954334	parsed	medium		
NCPPB 1757	2	collection_list	This isolate is also in the collections; ATCC 17995, PDDCC 57 22, LMG 557, ICMP 5722	ATCC 17995, PDDCC 57 22, LMG 557, ICMP 5722	32	116	954338	954423	parsed	low		
NCPPB 1758	1	donor_reference	The donor reference is HACC-183	HACC-183	0	31	956838	956898	parsed	medium		
NCPPB 1758	2	collection_list	This isolate is also in the collections; ATCC 17996, ICMP 5725, LMG 867	ATCC 17996, ICMP 5725, LMG 867	32	103	956902	956974	parsed	low		
NCPPB 1759	1	isolated_by	This isolate was isolated by ex M.C. Srinivasan 1871	ex M.C. Srinivasan 1871	0	52	959868	959949	parsed	medium	person_or_source_text_not_automatically_an_identifier	
NCPPB 1759	2	source_of_isolate	The source of this isolate was ex M.J. Thirumalachar HACC-184	ex M.J. Thirumalachar HACC-184	53	114	959953	960016	parsed	medium	person_or_source_text_not_automatically_an_identifier	
NCPPB 1760	1	donor_reference	The donor reference is HACC-185	HACC-185	0	31	962433	962493	parsed	medium		
NCPPB 1760	2	collection_list	This isolate is also in the collections; ATCC 17998, ICMP 5751, LMG 868	ATCC 17998, ICMP 5751, LMG 868	32	103	962497	962569	parsed	low		
NCPPB 1765	1	isolated_by	This isolate was isolated by R.A. Skipp	R.A. Skipp	0	39	965720	965788	parsed	medium	person_or_source_text_not_automatically_an_identifier	
NCPPB 1774	1	donor_reference	The donor reference is Pt3	Pt3	0	26	968584	968639	parsed	medium		
NCPPB 1785	1	isolated_by	This isolate was isolated by M. K. Patel	M. K. Patel	0	40	972147	972216	parsed	medium	person_or_source_text_not_automatically_an_identifier	
NCPPB 1786	1	collection_list	This isolate is also in the collections; ICMP 5724, LMG 686	ICMP 5724, LMG 686	0	59	975415	975503	parsed	low		
NCPPB 1786	2	isolated_by	This isolate was isolated by ex S.G. Desai	ex S.G. Desai	60	102	975507	975550	parsed	medium	person_or_source_text_not_automatically_an_identifier	
NCPPB 1787	1	collection_list	This isolate is also in the collections; ICMP 5758, LMG 9058	ICMP 5758, LMG 9058	0	60	977982	978071	parsed	low		
NCPPB 1787	2	isolated_by	This isolate was isolated by M.K. Patel	M.K. Patel	61	100	978075	978115	parsed	medium	person_or_source_text_not_automatically_an_identifier	
NCPPB 1811	1	isolated_by	This isolate was isolated by D.C. Graham	D.C. Graham	0	40	981546	981615	parsed	medium	person_or_source_text_not_automatically_an_identifier	
NCPPB 1821	1	collection_list	This isolate is also in the collections; CFBP 7120	CFBP 7120	0	50	984808	984887	parsed	low		
NCPPB 1821	2	isolated_by	This isolate was isolated by T. Tominaga	T. Tominaga	51	91	984891	984932	parsed	medium	person_or_source_text_not_automatically_an_identifier	
NCPPB 1822	1	collection_list	This isolate is also in the collections; ICPB XF105	ICPB XF105	0	51	987957	988037	parsed	low		
NCPPB 1822	2	isolated_by	This isolate was isolated by R.A. Lelliott	R.A. Lelliott	52	94	988041	988084	parsed	medium	person_or_source_text_not_automatically_an_identifier	
NCPPB 1826	1	isolated_by	This isolate was isolated by G.E. Jones C555	G.E. Jones C555	0	44	991404	991477	parsed	medium	person_or_source_text_not_automatically_an_identifier	
NCPPB 1827	1	collection_list	This isolate is also in the collections; ICMP 5748, LMG 8021	ICMP 5748, LMG 8021	0	60	994696	994785	parsed	low		
NCPPB 1827	2	isolated_by	This isolate was isolated by K.A. Sabet Rhyn 1	K.A. Sabet Rhyn 1	61	107	994789	994836	parsed	medium	person_or_source_text_not_automatically_an_identifier	
NCPPB 1828	1	collection_list	This isolate is also in the collections; ICMP 5730, LMG 863	ICMP 5730, LMG 863	0	59	997250	997338	parsed	low		
NCPPB 1828	2	isolated_by	This isolate was isolated by K.A. Sabet Euph 1	K.A. Sabet Euph 1	60	106	997342	997389	parsed	medium	person_or_source_text_not_automatically_an_identifier	
NCPPB 1829	1	isolated_by	This isolate was isolated by K.A. Sabet Jat 100	K.A. Sabet Jat 100	0	47	1000710	1000786	parsed	medium	person_or_source_text_not_automatically_an_identifier	
NCPPB 1830	1	source_of_isolate	The source of this isolate was ex H. Koike 310	ex H. Koike 310	0	46	1003415	1003490	parsed	medium	person_or_source_text_not_automatically_an_identifier	
NCPPB 1832	1	collection_list	This isolate is also in the collections; ATCC 19045, ICMP 1488, LMG 677	ATCC 19045, ICMP 1488, LMG 677	0	71	1006643	1006743	parsed	low		
NCPPB 1832	2	isolated_by	This isolate was isolated by ex D.W. Dye ZZ28	ex D.W. Dye ZZ28	72	117	1006747	1006793	parsed	medium	person_or_source_text_not_automatically_an_identifier	
NCPPB 1833	1	collection_list	This isolate is also in the collections; ICMP 5727, LMG 695	ICMP 5727, LMG 695	0	59	1010017	1010105	parsed	low		
NCPPB 1833	2	isolated_by	This isolate was isolated by ex C.F. Robbs ENA-350	ex C.F. Robbs ENA-350	60	110	1010109	1010160	parsed	medium	person_or_source_text_not_automatically_an_identifier	
NCPPB 1834	1	collection_list	This isolate is also in the collections; ICMP 5741, LMG 773, CFBP 7153, ATCC 49073	ICMP 5741, LMG 773, CFBP 7153, ATCC 49073	0	82	1013609	1013720	parsed	low		
NCPPB 1834	2	isolated_by	This isolate was isolated by ex C.F. Robbs ENA-300	ex C.F. Robbs ENA-300	83	133	1013724	1013775	parsed	medium	person_or_source_text_not_automatically_an_identifier	
NCPPB 1836	1	source_of_isolate	The source of this isolate was ex J.R. Wallin 10b	ex J.R. Wallin 10b	0	49	1017414	1017492	parsed	medium	person_or_source_text_not_automatically_an_identifier	
NCPPB 1837	1	collection_list	This isolate is also in the collections; ICMP 5744, LMG 843, CFBP 2540	ICMP 5744, LMG 843, CFBP 2540	0	70	1020682	1020781	parsed	low		
NCPPB 1837	2	source_of_isolate	The source of this isolate was ex J.R. Wallin 3	ex J.R. Wallin 3	71	118	1020785	1020833	parsed	medium	person_or_source_text_not_automatically_an_identifier	
NCPPB 1838	1	collection_list	This isolate is also in the collections; ICMP 333, ATCC 11648, CFBP 7112, LMG 8752	ICMP 333, ATCC 11648, CFBP 7112, LMG 8752	0	82	1024026	1024137	parsed	low		
NCPPB 1838	2	isolated_by	This isolate was isolated by ex W.H. Burkholder XV18	ex W.H. Burkholder XV18	83	135	1024141	1024194	parsed	medium	person_or_source_text_not_automatically_an_identifier	
NCPPB 1839	1	isolated_by	This isolate was isolated by ex A.P. Viegas	ex A.P. Viegas	0	43	1027787	1027859	parsed	medium	person_or_source_text_not_automatically_an_identifier	
NCPPB 1839	2	source_of_isolate	The source of this isolate was ex C.F. Robbs ENA-250	ex C.F. Robbs ENA-250	44	96	1027863	1027916	parsed	medium	person_or_source_text_not_automatically_an_identifier	
NCPPB 1841	1	isolated_by	This isolate was isolated by ex C.F. Robbs ENA-265	ex C.F. Robbs ENA-265	0	50	1031317	1031396	parsed	medium	person_or_source_text_not_automatically_an_identifier	
NCPPB 1925	1	isolated_by	This isolate was isolated by ex E. Hellmers	ex E. Hellmers	0	43	1034559	1034631	parsed	medium	person_or_source_text_not_automatically_an_identifier	
NCPPB 1925	2	source_of_isolate	The source of this isolate was ex ATCC 11726 ex W.H. Burkholder XB10	ex ATCC 11726 ex W.H. Burkholder XB10	44	112	1034635	1034704	parsed	medium	person_or_source_text_not_automatically_an_identifier	
NCPPB 1929	1	collection_list	This isolate is also in the collections; ITCC B47	ITCC B47	0	49	1037369	1037447	parsed	low		
NCPPB 1929	2	source_of_isolate	The source of this isolate was ex M.K. Patel	ex M.K. Patel	50	94	1037451	1037496	parsed	medium	person_or_source_text_not_automatically_an_identifier	
NCPPB 1930	1	isolated_by	This isolate was isolated by ex W.H.Burkholder HI	ex W.H.Burkholder HI	0	49	1040458	1040536	parsed	medium	person_or_source_text_not_automatically_an_identifier	
NCPPB 1932	1	collection_list	This isolate is also in the collections; ICMP 5743, LMG 731, ATCC 49072	ICMP 5743, LMG 731, ATCC 49072	0	71	1043244	1043344	parsed	low		
NCPPB 1932	2	isolated_by	This isolate was isolated by ex D. Yirgou I-l	ex D. Yirgou I-l	72	117	1043348	1043394	parsed	medium	person_or_source_text_not_automatically_an_identifier	
NCPPB 1933	1	isolated_by	This isolate was isolated by ex D. Yirgou I-2	ex D. Yirgou I-2	0	45	1045786	1045860	parsed	medium	person_or_source_text_not_automatically_an_identifier	
NCPPB 1934	1	isolated_by	This isolate was isolated by ex K.F. Baker	ex K.F. Baker	0	42	1048547	1048618	parsed	medium	person_or_source_text_not_automatically_an_identifier	
NCPPB 1935	1	collection_list	This isolate is also in the collections; ATCC 23390, ICMP 80, LMG 787	ATCC 23390, ICMP 80, LMG 787	0	69	1051352	1051450	parsed	low		
NCPPB 1935	2	isolated_by	This isolate was isolated by N. Okabe	N. Okabe	70	107	1051454	1051492	parsed	medium	person_or_source_text_not_automatically_an_identifier	
NCPPB 1935	3	source_of_isolate	The source of this isolate was ex D.W. Dye ZT2 ex N. Okabe	ex D.W. Dye ZT2 ex N. Okabe	108	166	1051496	1051555	parsed	medium	person_or_source_text_not_automatically_an_identifier	
NCPPB 1936	1	source_of_isolate	The source of this isolate was ex D.N. Srivastava	ex D.N. Srivastava	0	49	1054689	1054767	parsed	medium	person_or_source_text_not_automatically_an_identifier	
NCPPB 1938	1	source_of_isolate	The source of this isolate was ex P.A. Ark PA	ex P.A. Ark PA	0	45	1057728	1057802	parsed	medium	person_or_source_text_not_automatically_an_identifier	
NCPPB 1939	1	source_of_isolate	The source of this isolate was ex L.A. McFadden XP6	ex L.A. McFadden XP6	0	51	1061000	1061080	parsed	medium	person_or_source_text_not_automatically_an_identifier	
NCPPB 1942	1	source_of_isolate	The source of this isolate was ex D.W. Dye ZQ1 ex W.J. Dowson 175 ex R.M, Natrass	ex D.W. Dye ZQ1 ex W.J. Dowson 175 ex R.M, Natrass	0	81	1064031	1064141	parsed	medium	person_or_source_text_not_automatically_an_identifier	
NCPPB 1943	1	collection_list	This isolate is also in the collections; ICMP1409	ICMP1409	0	49	1067306	1067384	parsed	low		
NCPPB 1943	2	source_of_isolate	The source of this isolate was ex J.R. Wallin 20	ex J.R. Wallin 20	50	98	1067388	1067437	parsed	medium	person_or_source_text_not_automatically_an_identifier	
NCPPB 1944	1	donor_reference	The donor reference is ICPB XT15	ICPB XT15	0	32	1070602	1070663	parsed	medium		
NCPPB 1944	2	collection_list	This isolate is also in the collections; ICMP 1409, LMG 679, CFBP 2541	ICMP 1409, LMG 679, CFBP 2541	33	103	1070667	1070738	parsed	low		
NCPPB 1944	3	source_of_isolate	The source of this isolate was ex J.R. Wallin 60-1	ex J.R. Wallin 60-1	104	154	1070742	1070793	parsed	medium	person_or_source_text_not_automatically_an_identifier	
NCPPB 1945	1	source_of_isolate	The source of this isolate was ex W.A.F. Hagborg 1910	ex W.A.F. Hagborg 1910	0	53	1073998	1074080	parsed	medium	person_or_source_text_not_automatically_an_identifier	
NCPPB 1946	1	collection_list	This isolate is also in the collections; ICMP 1404, LMG 860, ATCC 49079	ICMP 1404, LMG 860, ATCC 49079	0	71	1077013	1077113	parsed	low		
NCPPB 1946	2	source_of_isolate	The source of this isolate was ex R. Lincoln Lll	ex R. Lincoln Lll	72	120	1077117	1077166	parsed	medium	person_or_source_text_not_automatically_an_identifier	
NCPPB 1974	1	collection_list	This isolate is also in the collections; ATCC 13637; CCM 1640; NCTC 10275; NCIMB 9203; NCIMB 9203; DSM 50170; NCPPB 1974;	ATCC 13637; CCM 1640; NCTC 10275; NCIMB 9203; NCIMB 9203; DSM 50170; NCPPB 1974;	0	121	1079860	1080010	parsed	low		
NCPPB 1981	1	donor_reference	The donor reference is 332	332	0	26	1085271	1085326	parsed	medium		
NCPPB 1981	2	isolated_by	This isolate was isolated by ex E. Billing W135	ex E. Billing W135	27	74	1085330	1085378	parsed	medium	person_or_source_text_not_automatically_an_identifier	
NCPPB 2005	1	donor_reference	The donor reference is B3100	B3100	0	28	1087780	1087837	parsed	medium		
NCPPB 2005	2	collection_list	This isolate is also in the collections; ICPB XM130, ICMP 2870, CFBP 7123, DSM 24447, LMG 785, ATCC 49084	ICPB XM130, ICMP 2870, CFBP 7123, DSM 24447, LMG 785, ATCC 49084	29	134	1087841	1087947	parsed	low		
NCPPB 2005	3	isolated_by	This isolate was isolated by ex D. Yirgou	ex D. Yirgou	135	176	1087951	1087993	parsed	medium	person_or_source_text_not_automatically_an_identifier	
NCPPB 2011	1	isolated_by	This isolate was isolated by F.W. Catton C596	F.W. Catton C596	0	45	1091129	1091203	parsed	medium	person_or_source_text_not_automatically_an_identifier	
NCPPB 2016	1	isolated_by	This isolate was isolated by J. Oxtoby X.H.l	J. Oxtoby X.H.l	0	44	1094339	1094412	parsed	medium	person_or_source_text_not_automatically_an_identifier	
NCPPB 2031	1	donor_reference	The donor reference is XCB-2	XCB-2	0	28	1097104	1097161	parsed	medium		
NCPPB 2044	1	donor_reference	The donor reference is 15984	15984	0	28	1099829	1099886	parsed	medium		
NCPPB 2057	1	donor_reference	The donor reference is Hel 1	Hel 1	0	28	1102301	1102358	parsed	medium		
NCPPB 2057	2	collection_list	This isolate is also in the collections; ICMP 5778, LMG 735	ICMP 5778, LMG 735	29	88	1102362	1102422	parsed	low		
NCPPB 2058	1	collection_list	This isolate is also in the collections; ICMP 5159	ICMP 5159	0	50	1105646	1105725	parsed	low		
NCPPB 2058	2	isolated_by	This isolate was isolated by K.A. Sabet Phas 2	K.A. Sabet Phas 2	51	97	1105729	1105776	parsed	medium	person_or_source_text_not_automatically_an_identifier	
NCPPB 2059	1	isolated_by	This isolate was isolated by K.A. Sabet Vig 1	K.A. Sabet Vig 1	0	45	1108957	1109031	parsed	medium	person_or_source_text_not_automatically_an_identifier	
NCPPB 2060	1	isolated_by	This isolate was isolated by K.A. Sabet Rhyn 2	K.A. Sabet Rhyn 2	0	46	1112249	1112324	parsed	medium	person_or_source_text_not_automatically_an_identifier	
NCPPB 2061	1	collection_list	This isolate is also in the collections; CFBP 7113	CFBP 7113	0	50	1115508	1115587	parsed	low		
NCPPB 2061	2	isolated_by	This isolate was isolated by K.A. Sabet Vig 3	K.A. Sabet Vig 3	51	96	1115591	1115637	parsed	medium	person_or_source_text_not_automatically_an_identifier	
NCPPB 2062	1	collection_list	This isolate is also in the collections; ICMP 5718, LMG 497	ICMP 5718, LMG 497	0	59	1118829	1118917	parsed	low		
NCPPB 2062	2	isolated_by	This isolate was isolated by K.A. Sabet Alf 1	K.A. Sabet Alf 1	60	105	1118921	1118967	parsed	medium	person_or_source_text_not_automatically_an_identifier	
NCPPB 2063	1	isolated_by	This isolate was isolated by K.A. Sabet Caj 1	K.A. Sabet Caj 1	0	45	1122139	1122213	parsed	medium	person_or_source_text_not_automatically_an_identifier	
NCPPB 2064	1	isolated_by	This isolate was isolated by K.A. Sabet Dol 3	K.A. Sabet Dol 3	0	45	1125677	1125751	parsed	medium	person_or_source_text_not_automatically_an_identifier	
NCPPB 2066	1	collection_list	This isolate is also in the collections; ICMP 5745, LMG 844	ICMP 5745, LMG 844	0	59	1129285	1129373	parsed	low		
NCPPB 2066	2	isolated_by	This isolate was isolated by K.A. Sabet Phyl 1	K.A. Sabet Phyl 1	60	106	1129377	1129424	parsed	medium	person_or_source_text_not_automatically_an_identifier	
NCPPB 2067	1	isolated_by	This isolate was isolated by K.A. Sabet Euph 3	K.A. Sabet Euph 3	0	46	1131837	1131912	parsed	medium	person_or_source_text_not_automatically_an_identifier	
NCPPB 2095	1	isolated_by	This isolate was isolated by D.C. Graham	D.C. Graham	0	40	1135043	1135112	parsed	medium	person_or_source_text_not_automatically_an_identifier	
NCPPB 2147	1	isolated_by	This isolate was isolated by L. Behr 1	L. Behr 1	0	38	1142876	1142943	parsed	medium	person_or_source_text_not_automatically_an_identifier	
NCPPB 2181	1	isolated_by	This isolate was isolated by T. Tominaga X1-11-2	T. Tominaga X1-11-2	0	48	1146127	1146204	parsed	medium	person_or_source_text_not_automatically_an_identifier	
NCPPB 2182	1	collection_list	This isolate is also in the collections; ICMP 5780, LMG 732	ICMP 5780, LMG 732	0	59	1148915	1149003	parsed	low		
NCPPB 2182	2	isolated_by	This isolate was isolated by ex W. Kamerman S131-84	ex W. Kamerman S131-84	60	111	1149007	1149059	parsed	medium	person_or_source_text_not_automatically_an_identifier	
NCPPB 2183	1	isolated_by	This isolate was isolated by ex W. Kamerman S148-81	ex W. Kamerman S148-81	0	51	1152199	1152279	parsed	medium	person_or_source_text_not_automatically_an_identifier	
NCPPB 2190	1	collection_list	This isolate is also in the collections; ICMP 5729, LMG 699	ICMP 5729, LMG 699	0	59	1154925	1155013	parsed	low		
NCPPB 2190	2	isolated_by	This isolate was isolated by C. F. Robbs ENA-568	C. F. Robbs ENA-568	60	108	1155017	1155066	parsed	medium	person_or_source_text_not_automatically_an_identifier	
NCPPB 2217	1	collection_list	This isolate is also in the collections; ATCC 33914;CECT 7646;CNBP 1192;DSM 7250;ICMP 4298;ICPB XA138;LMG 5856	ATCC 33914;CECT 7646;CNBP 1192;DSM 7250;ICMP 4298;ICPB XA138;LMG 5856	0	110	1157931	1158070	parsed	low		
NCPPB 2217	2	isolated_by	This isolate was isolated by C.G. Panagopoulos 48	C.G. Panagopoulos 48	111	160	1158074	1158124	parsed	medium	person_or_source_text_not_automatically_an_identifier	
NCPPB 2218	1	collection_list	This isolate is also in the collections; ICPB XA139	ICPB XA139	0	51	1160975	1161055	parsed	low		
NCPPB 2218	2	isolated_by	This isolate was isolated by C.G. Panagopoulos 75	C.G. Panagopoulos 75	52	101	1161059	1161109	parsed	medium	person_or_source_text_not_automatically_an_identifier	
NCPPB 2226	1	isolated_by	This isolate was isolated by D.C. Graham	D.C. Graham	0	40	1164267	1164336	parsed	medium	person_or_source_text_not_automatically_an_identifier	
NCPPB 2228	1	collection_list	This isolate is also in the collections; ICPB XB117, ICMP 2780, LMG 556	ICPB XB117, ICMP 2780, LMG 556	0	71	1167827	1167927	parsed	low		
NCPPB 2228	2	isolated_by	This isolate was isolated by A.M. Patel	A.M. Patel	72	111	1167931	1167971	parsed	medium	person_or_source_text_not_automatically_an_identifier	
NCPPB 2229	1	collection_list	This isolate is also in the collections; ICPB XL107, ICMP 5738, LMG 9048	ICPB XL107, ICMP 5738, LMG 9048	0	72	1170367	1170468	parsed	low		
NCPPB 2229	2	isolated_by	This isolate was isolated by A.M. Patel	A.M. Patel	73	112	1170472	1170512	parsed	medium	person_or_source_text_not_automatically_an_identifier	
NCPPB 2230	1	collection_list	This isolate is also in the collections; ICPB XN105, ICMP 5731, LMG 9047	ICPB XN105, ICMP 5731, LMG 9047	0	72	1173748	1173849	parsed	low		
NCPPB 2230	2	isolated_by	This isolate was isolated by A.M. Patel	A.M. Patel	73	112	1173853	1173893	parsed	medium	person_or_source_text_not_automatically_an_identifier	
NCPPB 2247	1	isolated_by	This isolate was isolated by J.F. Bradbury B3596	J.F. Bradbury B3596	0	48	1176522	1176599	parsed	medium	person_or_source_text_not_automatically_an_identifier	
NCPPB 2248	1	donor_reference	The donor reference is B3005	B3005	0	28	1179755	1179812	parsed	medium		
NCPPB 2248	2	isolated_by	This isolate was isolated by ex R.A. Bailey MR20213	ex R.A. Bailey MR20213	29	80	1179816	1179868	parsed	medium	person_or_source_text_not_automatically_an_identifier	
NCPPB 2249	1	isolated_by	This isolate was isolated by J.F. Bradbury B3891	J.F. Bradbury B3891	0	48	1182499	1182576	parsed	medium	person_or_source_text_not_automatically_an_identifier	
NCPPB 2250	1	donor_reference	The donor reference is Dowson 1939	Dowson 1939	0	34	1185722	1185785	parsed	medium		
NCPPB 2250	2	isolated_by	This isolate was isolated by J.F. Bradbury B3516a	J.F. Bradbury B3516a	35	84	1185789	1185839	parsed	medium	person_or_source_text_not_automatically_an_identifier	
NCPPB 2251	1	donor_reference	The donor reference is B3645	B3645	0	28	1188506	1188563	parsed	medium		
NCPPB 2251	2	collection_list	This isolate is also in the collections; CFBP 7122	CFBP 7122	29	79	1188567	1188618	parsed	low		
NCPPB 2251	3	isolated_by	This isolate was isolated by ex D. Yirgou	ex D. Yirgou	80	121	1188622	1188664	parsed	medium	person_or_source_text_not_automatically_an_identifier	
NCPPB 2255	1	donor_reference	The donor reference is 068-1406	068-1406	0	31	1191613	1191673	parsed	medium		
NCPPB 2257	1	donor_reference	The donor reference is X32	X32	0	26	1194304	1194359	parsed	medium		
NCPPB 2258	1	donor_reference	The donor reference is X42	X42	0	26	1196991	1197046	parsed	medium		
NCPPB 2269	1	isolated_by	This isolate was isolated by M.J. Dervish 1356/2	M.J. Dervish 1356/2	0	48	1200197	1200274	parsed	medium	person_or_source_text_not_automatically_an_identifier	
NCPPB 2297	1	isolated_by	This isolate was isolated by F.W. Catton 85/68	F.W. Catton 85/68	0	46	1203793	1203868	parsed	medium	person_or_source_text_not_automatically_an_identifier	
NCPPB 2336	1	isolated_by	This isolate was isolated by F.W. Catton C721	F.W. Catton C721	0	45	1207004	1207078	parsed	medium	person_or_source_text_not_automatically_an_identifier	
NCPPB 2337	1	donor_reference	The donor reference is B63	B63	0	26	1209491	1209546	parsed	medium		
NCPPB 2337	2	collection_list	This isolate is also in the collections; ICPB XE104, ICMP 5382, CFBP 7270, LMG 700	ICPB XE104, ICMP 5382, CFBP 7270, LMG 700	27	109	1209550	1209633	parsed	low		
NCPPB 2338	1	donor_reference	The donor reference is B99	B99	0	26	1212045	1212100	parsed	medium		
NCPPB 2338	2	collection_list	This isolate is also in the collections; ICPB XE105	ICPB XE105	27	78	1212104	1212156	parsed	low		
NCPPB 2345	1	isolated_by	This isolate was isolated by J. Oxtoby A218	J. Oxtoby A218	0	43	1215594	1215666	parsed	medium	person_or_source_text_not_automatically_an_identifier	
NCPPB 2346	1	collection_list	This isolate is also in the collections; ICMP 3151, LMG 810	ICMP 3151, LMG 810	0	59	1218068	1218156	parsed	low		
NCPPB 2346	2	isolated_by	This isolate was isolated by A.L.G. Pereira SBF-813	A.L.G. Pereira SBF-813	60	111	1218160	1218212	parsed	medium	person_or_source_text_not_automatically_an_identifier	
NCPPB 2352	1	isolated_by	This isolate was isolated by J.W. Miller 069-3050	J.W. Miller 069-3050	0	49	1221425	1221503	parsed	medium	person_or_source_text_not_automatically_an_identifier	
NCPPB 2368	1	donor_reference	The donor reference is XPEl	XPEl	0	27	1225025	1225081	parsed	high	digit_free_donor_reference_requires_review_before_search	
NCPPB 2368	2	collection_list	This isolate is also in the collections; ICMP 3030, LMG 812	ICMP 3030, LMG 812	28	87	1225085	1225145	parsed	low		
NCPPB 2368	3	isolated_by	This isolate was isolated by ex J.K. Jindal	ex J.K. Jindal	88	131	1225149	1225193	parsed	medium	person_or_source_text_not_automatically_an_identifier	
NCPPB 2369	1	donor_reference	The donor reference is XRI	XRI	0	26	1228351	1228406	parsed	high	digit_free_donor_reference_requires_review_before_search	
NCPPB 2369	2	isolated_by	This isolate was isolated by ex J.K. Jindal	ex J.K. Jindal	27	70	1228410	1228454	parsed	medium	person_or_source_text_not_automatically_an_identifier	
NCPPB 2370	1	donor_reference	The donor reference is XH1	XH1	0	26	1231156	1231211	parsed	medium		
NCPPB 2370	2	isolated_by	This isolate was isolated by ex J.K. Jindal	ex J.K. Jindal	27	70	1231215	1231259	parsed	medium	person_or_source_text_not_automatically_an_identifier	
NCPPB 2371	1	donor_reference	The donor reference is Xal	Xal	0	26	1233696	1233751	parsed	high	digit_free_donor_reference_requires_review_before_search	
NCPPB 2371	2	collection_list	This isolate is also in the collections; ICMP 3033, LMG 499	ICMP 3033, LMG 499	27	86	1233755	1233815	parsed	low		
NCPPB 2371	3	isolated_by	This isolate was isolated by ex J.K. Jindal	ex J.K. Jindal	87	130	1233819	1233863	parsed	medium	person_or_source_text_not_automatically_an_identifier	
NCPPB 2372	1	donor_reference	The donor reference is XFl	XFl	0	26	1236259	1236314	parsed	high	digit_free_donor_reference_requires_review_before_search	
NCPPB 2372	2	collection_list	This isolate is also in the collections; ICMP 3036, LMG 701	ICMP 3036, LMG 701	27	86	1236318	1236378	parsed	low		
NCPPB 2372	3	isolated_by	This isolate was isolated by ex J.K. Jindal	ex J.K. Jindal	87	130	1236382	1236426	parsed	medium	person_or_source_text_not_automatically_an_identifier	
NCPPB 2373	1	donor_reference	The donor reference is XCl	XCl	0	26	1238833	1238888	parsed	high	digit_free_donor_reference_requires_review_before_search	
NCPPB 2373	2	collection_list	This isolate is also in the collections; ICMP 3034, LMG 669	ICMP 3034, LMG 669	27	86	1238892	1238952	parsed	low		
NCPPB 2373	3	isolated_by	This isolate was isolated by ex J.K. Jindal	ex J.K. Jindal	87	130	1238956	1239000	parsed	medium	person_or_source_text_not_automatically_an_identifier	
NCPPB 2374	1	donor_reference	The donor reference is XC2	XC2	0	26	1241406	1241461	parsed	medium		
NCPPB 2374	2	isolated_by	This isolate was isolated by ex J.K. Jindal	ex J.K. Jindal	27	70	1241465	1241509	parsed	medium	person_or_source_text_not_automatically_an_identifier	
NCPPB 2375	1	collection_list	This isolate is also in the collections; W.J. Dowson 265	W.J. Dowson 265	0	56	1244172	1244257	parsed	low		
NCPPB 2375	2	isolated_by	This isolate was isolated by ex M.P. Starr XA113	ex M.P. Starr XA113	57	105	1244261	1244310	parsed	medium	person_or_source_text_not_automatically_an_identifier	
NCPPB 2376	1	collection_list	This isolate is also in the collections; W.J. Dowson 266	W.J. Dowson 266	0	56	1246973	1247058	parsed	low		
NCPPB 2376	2	isolated_by	This isolate was isolated by ex M.P. Starr XA115	ex M.P. Starr XA115	57	105	1247062	1247111	parsed	medium	person_or_source_text_not_automatically_an_identifier	
NCPPB 2387	1	donor_reference	The donor reference is PM	PM	0	25	1250142	1250196	parsed	high	digit_free_donor_reference_requires_review_before_search	
NCPPB 2387	2	isolated_by	This isolate was isolated by ex G.S. Shekhawat	ex G.S. Shekhawat	26	72	1250200	1250247	parsed	medium	person_or_source_text_not_automatically_an_identifier	
NCPPB 2388	1	donor_reference	The donor reference is PA	PA	0	25	1252681	1252735	parsed	high	digit_free_donor_reference_requires_review_before_search	
NCPPB 2388	2	collection_list	This isolate is also in the collections; ICMP 3102, LMG 543	ICMP 3102, LMG 543	26	85	1252739	1252799	parsed	low		
NCPPB 2388	3	isolated_by	This isolate was isolated by ex J.K. Jindal	ex J.K. Jindal	86	129	1252803	1252847	parsed	medium	person_or_source_text_not_automatically_an_identifier	
NCPPB 2389	1	donor_reference	The donor reference is B5	B5	0	25	1256028	1256082	parsed	medium		
NCPPB 2389	2	collection_list	This isolate is also in the collections; ICMP 5735	ICMP 5735	26	76	1256086	1256137	parsed	low		
NCPPB 2389	3	isolated_by	This isolate was isolated by ex G.S. Shekhawat	ex G.S. Shekhawat	77	123	1256141	1256188	parsed	medium	person_or_source_text_not_automatically_an_identifier	
NCPPB 2393	1	isolated_by	This isolate was isolated by T. Tominaga Xl-6-1	T. Tominaga Xl-6-1	0	47	1259380	1259456	parsed	medium	person_or_source_text_not_automatically_an_identifier	
NCPPB 2417	1	donor_reference	The donor reference is YW5	YW5	0	26	1262627	1262682	parsed	medium		
NCPPB 2417	2	collection_list	This isolate is also in the collections; ICMP 3103, LMG 736, CFBP 2543	ICMP 3103, LMG 736, CFBP 2543	27	97	1262686	1262757	parsed	low		
NCPPB 2417	3	isolated_by	This isolate was isolated by ex D.R.W. Watson	ex D.R.W. Watson	98	143	1262761	1262807	parsed	medium	person_or_source_text_not_automatically_an_identifier	
NCPPB 2436	1	donor_reference	The donor reference is VMl	VMl	0	26	1265524	1265579	parsed	high	digit_free_donor_reference_requires_review_before_search	
NCPPB 2436	2	collection_list	This isolate is also in the collections; ICMP 3518, LMG 536	ICMP 3518, LMG 536	27	86	1265583	1265643	parsed	low		
NCPPB 2436	3	isolated_by	This isolate was isolated by ex A.L.G. Pereira SBF-913	ex A.L.G. Pereira SBF-913	87	141	1265647	1265702	parsed	medium	person_or_source_text_not_automatically_an_identifier	
NCPPB 2438	1	isolated_by	This isolate was isolated by N.M. Viljoen 2UP87	N.M. Viljoen 2UP87	0	47	1268740	1268816	parsed	medium	person_or_source_text_not_automatically_an_identifier	
NCPPB 2439	1	collection_list	This isolate is also in the collections; ICMP 5762, LMG 8692	ICMP 5762, LMG 8692	0	60	1271213	1271302	parsed	low		
NCPPB 2439	2	isolated_by	This isolate was isolated by A.C. Hayward 0365	A.C. Hayward 0365	61	107	1271306	1271353	parsed	medium	person_or_source_text_not_automatically_an_identifier	
NCPPB 2443	1	isolated_by	This isolate was isolated by J.C. Lozano 23L	J.C. Lozano 23L	0	44	1274759	1274832	parsed	medium	person_or_source_text_not_automatically_an_identifier	
NCPPB 2444	1	isolated_by	This isolate was isolated by J.C. Lozano 30L	J.C. Lozano 30L	0	44	1278238	1278311	parsed	medium	person_or_source_text_not_automatically_an_identifier	
NCPPB 2446	1	donor_reference	The donor reference is B5000	B5000	0	28	1281446	1281503	parsed	medium		
NCPPB 2446	2	isolated_by	This isolate was isolated by ex S. Yoshimura	ex S. Yoshimura	29	73	1281507	1281552	parsed	medium	person_or_source_text_not_automatically_an_identifier	
NCPPB 2446	3	source_of_isolate	The source of this isolate was ex R.T.V. Fox ex Mizukami H5809	ex R.T.V. Fox ex Mizukami H5809	74	136	1281556	1281619	parsed	medium	person_or_source_text_not_automatically_an_identifier	
NCPPB 2475	1	collection_list	This isolate is also in the collections; ICMP 3867, LMG 965	ICMP 3867, LMG 965	0	59	1284304	1284392	parsed	low		
NCPPB 2475	2	isolated_by	This isolate was isolated by M.V. Nayudu 0307	M.V. Nayudu 0307	60	105	1284396	1284442	parsed	medium	person_or_source_text_not_automatically_an_identifier	
NCPPB 2490	1	donor_reference	The donor reference is B4929	B4929	0	28	1286841	1286898	parsed	medium		
NCPPB 2490	2	isolated_by	This isolate was isolated by ex J. Subbayya	ex J. Subbayya	29	72	1286902	1286946	parsed	medium	person_or_source_text_not_automatically_an_identifier	
NCPPB 2492	1	isolated_by	This isolate was isolated by J.F. Bradbury B4568b	J.F. Bradbury B4568b	0	49	1289355	1289433	parsed	medium	person_or_source_text_not_automatically_an_identifier	
NCPPB 2493	1	isolated_by	This isolate was isolated by J.F. Bradbury B4487	J.F. Bradbury B4487	0	48	1292878	1292955	parsed	medium	person_or_source_text_not_automatically_an_identifier	
NCPPB 2494	1	donor_reference	The donor reference is B5017	B5017	0	28	1296147	1296204	parsed	medium		
NCPPB 2494	2	source_of_isolate	The source of this isolate was ex S.V. Hegde Guar 1	ex S.V. Hegde Guar 1	29	80	1296208	1296260	parsed	medium	person_or_source_text_not_automatically_an_identifier	
NCPPB 2495	1	isolated_by	This isolate was isolated by J.F. Bradbury B4687	J.F. Bradbury B4687	0	48	1299775	1299852	parsed	medium	person_or_source_text_not_automatically_an_identifier	
NCPPB 2496	1	donor_reference	The donor reference is B5078	B5078	0	28	1302270	1302327	parsed	medium		
NCPPB 2496	2	source_of_isolate	The source of this isolate was ex H.K. Saksena	ex H.K. Saksena	29	75	1302331	1302378	parsed	medium	person_or_source_text_not_automatically_an_identifier	
NCPPB 2497	1	donor_reference	The donor reference is B4539	B4539	0	28	1305715	1305772	parsed	medium		
NCPPB 2497	2	source_of_isolate	The source of this isolate was ex V.P. Rao ex M.J. Chacko	ex V.P. Rao ex M.J. Chacko	29	86	1305776	1305834	parsed	medium	person_or_source_text_not_automatically_an_identifier	
NCPPB 2498	1	collection_list	This isolate is also in the collections; ICMP 5380, LMG 685	ICMP 5380, LMG 685	0	59	1308495	1308583	parsed	low		
NCPPB 2498	2	isolated_by	This isolate was isolated by J.F. Bradbury B5081	J.F. Bradbury B5081	60	108	1308587	1308636	parsed	medium	person_or_source_text_not_automatically_an_identifier	
NCPPB 2499	1	isolated_by	This isolate was isolated by J.F. Bradbury B4542	J.F. Bradbury B4542	0	48	1311057	1311134	parsed	medium	person_or_source_text_not_automatically_an_identifier	
NCPPB 2503	1	isolated_by	This isolate was isolated by ex J.A. Spence	ex J.A. Spence	0	43	1313767	1313839	parsed	medium	person_or_source_text_not_automatically_an_identifier	
NCPPB 2503	2	source_of_isolate	The source of this isolate was ex A. Hayward	ex A. Hayward	44	88	1313843	1313888	parsed	medium	person_or_source_text_not_automatically_an_identifier	
NCPPB 2517	1	isolated_by	This isolate was isolated by L.A.E. Baker 507	L.A.E. Baker 507	0	45	1316557	1316631	parsed	medium	person_or_source_text_not_automatically_an_identifier	
NCPPB 2550	1	donor_reference	The donor reference is IBSP-124	IBSP-124	0	31	1319609	1319669	parsed	medium		
NCPPB 2567	1	collection_list	This isolate is also in the collections; ICMP 203, LMG 7479, ATCC 23378	ICMP 203, LMG 7479, ATCC 23378	0	71	1322810	1322910	parsed	low		
NCPPB 2567	2	isolated_by	This isolate was isolated by M. K. Bryan	M. K. Bryan	72	112	1322914	1322955	parsed	medium	person_or_source_text_not_automatically_an_identifier	
NCPPB 2567	3	source_of_isolate	The source of this isolate was ex ICPB XC6 ex P.R. Burkholder ex M.K. Bryan 46	ex ICPB XC6 ex P.R. Burkholder ex M.K. Bryan 46	113	191	1322959	1323038	parsed	medium	person_or_source_text_not_automatically_an_identifier	
NCPPB 2572	1	donor_reference	The donor reference is 555	555	0	26	1326516	1326571	parsed	medium		
NCPPB 2572	2	isolated_by	This isolate was isolated by ex R.E. Stall XV-69-1	ex R.E. Stall XV-69-1	27	77	1326575	1326626	parsed	medium	person_or_source_text_not_automatically_an_identifier	
NCPPB 2572	3	source_of_isolate	The source of this isolate was ex T. Egli	ex T. Egli	78	119	1326630	1326672	parsed	medium	person_or_source_text_not_automatically_an_identifier	
NCPPB 2573	1	donor_reference	The donor reference is 557	557	0	26	1330168	1330223	parsed	medium		
NCPPB 2573	2	collection_list	This isolate is also in the collections; LMG 929	LMG 929	27	75	1330227	1330276	parsed	low		
NCPPB 2573	3	isolated_by	This isolate was isolated by ex R.E. Stall XV-69-10	ex R.E. Stall XV-69-10	76	127	1330280	1330332	parsed	medium	person_or_source_text_not_automatically_an_identifier	
NCPPB 2573	4	source_of_isolate	The source of this isolate was ex T. Egli	ex T. Egli	128	169	1330336	1330378	parsed	medium	person_or_source_text_not_automatically_an_identifier	
NCPPB 2574	1	donor_reference	The donor reference is 558	558	0	26	1333858	1333913	parsed	medium		
NCPPB 2574	2	collection_list	This isolate is also in the collections; LMG 930	LMG 930	27	75	1333917	1333966	parsed	low		
NCPPB 2574	3	isolated_by	This isolate was isolated by ex R.E. Stall XV-69-23	ex R.E. Stall XV-69-23	76	127	1333970	1334022	parsed	medium	person_or_source_text_not_automatically_an_identifier	
NCPPB 2574	4	source_of_isolate	The source of this isolate was ex T. Egli	ex T. Egli	128	169	1334026	1334068	parsed	medium	person_or_source_text_not_automatically_an_identifier	
NCPPB 2575	1	donor_reference	The donor reference is 560	560	0	26	1337564	1337619	parsed	medium		
NCPPB 2575	2	collection_list	This isolate is also in the collections; LMG 931	LMG 931	27	75	1337623	1337672	parsed	low		
NCPPB 2575	3	isolated_by	This isolate was isolated by ex R.E. Stall XV-69-13	ex R.E. Stall XV-69-13	76	127	1337676	1337728	parsed	medium	person_or_source_text_not_automatically_an_identifier	
NCPPB 2575	4	source_of_isolate	The source of this isolate was ex T. Egli	ex T. Egli	128	169	1337732	1337774	parsed	medium	person_or_source_text_not_automatically_an_identifier	
NCPPB 2576	1	donor_reference	The donor reference is 561	561	0	26	1340710	1340765	parsed	medium		
NCPPB 2576	2	isolated_by	This isolate was isolated by ex R.E. Stall XV-E-3	ex R.E. Stall XV-E-3	27	76	1340769	1340819	parsed	medium	person_or_source_text_not_automatically_an_identifier	
NCPPB 2576	3	source_of_isolate	The source of this isolate was ex T. Egli	ex T. Egli	77	118	1340823	1340865	parsed	medium	person_or_source_text_not_automatically_an_identifier	
NCPPB 2586	1	isolated_by	This isolate was isolated by S. Vir	S. Vir	0	35	1344130	1344194	parsed	medium	person_or_source_text_not_automatically_an_identifier	
NCPPB 2587	1	isolated_by	This isolate was isolated by F.N. Matthee;	F.N. Matthee;	0	42	1347338	1347409	parsed	medium	person_or_source_text_not_automatically_an_identifier	
NCPPB 2588	1	isolated_by	This isolate was isolated by F.N. Matthee	F.N. Matthee	0	41	1350551	1350621	parsed	medium	person_or_source_text_not_automatically_an_identifier	
NCPPB 2592	1	donor_reference	The donor reference is ENA-2078	ENA-2078	0	31	1353313	1353373	parsed	medium		
NCPPB 2592	2	collection_list	This isolate is also in the collections; ICMP 8917, LMG 9040	ICMP 8917, LMG 9040	32	92	1353377	1353438	parsed	low		
NCPPB 2593	1	collection_list	This isolate is also in the collections; LMG 932	LMG 932	0	48	1356937	1357014	parsed	low		
NCPPB 2593	2	isolated_by	This isolate was isolated by C.F. Robbs ENA-804	C.F. Robbs ENA-804	49	96	1357018	1357066	parsed	medium	person_or_source_text_not_automatically_an_identifier	
NCPPB 2593	3	source_of_isolate	The source of this isolate was ex O. Kimura	ex O. Kimura	97	140	1357070	1357114	parsed	medium	person_or_source_text_not_automatically_an_identifier	
NCPPB 2594	1	collection_list	This isolate is also in the collections; LMG 933	LMG 933	0	48	1360597	1360674	parsed	low		
NCPPB 2594	2	isolated_by	This isolate was isolated by C.F. Robbs ENA-734	C.F. Robbs ENA-734	49	96	1360678	1360726	parsed	medium	person_or_source_text_not_automatically_an_identifier	
NCPPB 2594	3	source_of_isolate	The source of this isolate was ex O. Kimura	ex O. Kimura	97	140	1360730	1360774	parsed	medium	person_or_source_text_not_automatically_an_identifier	
NCPPB 2595	1	isolated_by	This isolate was isolated by C.F. Robbs ENA-76	C.F. Robbs ENA-76	0	46	1363728	1363803	parsed	medium	person_or_source_text_not_automatically_an_identifier	
NCPPB 2597	1	collection_list	This isolate is also in the collections; ICMP 2299, LMG 690, DSM 18957, CFBP 2542	ICMP 2299, LMG 690, DSM 18957, CFBP 2542	0	81	1366944	1367054	parsed	low		
NCPPB 2597	2	isolated_by	This isolate was isolated by D.R.W. Watson E78	D.R.W. Watson E78	82	128	1367058	1367105	parsed	medium	person_or_source_text_not_automatically_an_identifier	
NCPPB 2605	1	isolated_by	This isolate was isolated by P. Roberts A493	P. Roberts A493	0	44	1370279	1370352	parsed	medium	person_or_source_text_not_automatically_an_identifier	
NCPPB 2614	1	donor_reference	The donor reference is NU2	NU2	0	26	1373037	1373092	parsed	medium		
NCPPB 2614	2	isolated_by	This isolate was isolated by ex M.V. Nayudu 0302	ex M.V. Nayudu 0302	27	75	1373096	1373145	parsed	medium	person_or_source_text_not_automatically_an_identifier	
NCPPB 2614	3	source_of_isolate	The source of this isolate was ex ICMP 3865	ex ICMP 3865	76	119	1373149	1373193	parsed	medium	person_or_source_text_not_automatically_an_identifier	
NCPPB 2615	1	donor_reference	The donor reference is NU3	NU3	0	26	1375877	1375932	parsed	medium		
NCPPB 2615	2	isolated_by	This isolate was isolated by ex M.V. Nyaudu 0305	ex M.V. Nyaudu 0305	27	75	1375936	1375985	parsed	medium	person_or_source_text_not_automatically_an_identifier	
NCPPB 2616	1	donor_reference	The donor reference is NU5	NU5	0	26	1378670	1378725	parsed	medium		
NCPPB 2616	2	isolated_by	This isolate was isolated by ex M.V. Nayaudu 0309	ex M.V. Nayaudu 0309	27	76	1378729	1378779	parsed	medium	person_or_source_text_not_automatically_an_identifier	
NCPPB 2632	1	isolated_by	This isolate was isolated by B. Austin D119	B. Austin D119	0	43	1382249	1382321	parsed	medium	person_or_source_text_not_automatically_an_identifier	
NCPPB 2649	1	collection_list	This isolate is also in the collections; ICMP 5719, LMG 533	ICMP 5719, LMG 533	0	59	1384736	1384824	parsed	low		
NCPPB 2649	2	isolated_by	This isolate was isolated by S.K. Mohan	S.K. Mohan	60	99	1384828	1384868	parsed	medium	person_or_source_text_not_automatically_an_identifier	
NCPPB 2654	1	isolated_by	This isolate was isolated by F.W. Catton C783	F.W. Catton C783	0	45	1388103	1388177	parsed	medium	person_or_source_text_not_automatically_an_identifier	
NCPPB 2665	1	donor_reference	The donor reference is IPV-BO 193	IPV-BO 193	0	33	1391847	1391909	parsed	medium		
NCPPB 2665	2	collection_list	This isolate is also in the collections; LMG 841	LMG 841	34	82	1391913	1391962	parsed	low		
NCPPB 2665	3	source_of_isolate	The source of this isolate was ex D. Alberto IPV BO 193	ex D. Alberto IPV BO 193	83	138	1391966	1392022	parsed	medium	person_or_source_text_not_automatically_an_identifier	
NCPPB 2695	1	isolated_by	This isolate was isolated by ex D. Schmidt	ex D. Schmidt	0	42	1395182	1395253	parsed	medium	person_or_source_text_not_automatically_an_identifier	
NCPPB 2696	1	isolated_by	This isolate was isolated by T. Egli 702	T. Egli 702	0	40	1398414	1398483	parsed	medium	person_or_source_text_not_automatically_an_identifier	
NCPPB 2697	1	isolated_by	This isolate was isolated by T. Egli 703	T. Egli 703	0	40	1401644	1401713	parsed	medium	person_or_source_text_not_automatically_an_identifier	
NCPPB 2698	1	isolated_by	This isolate was isolated by T. Egli 704	T. Egli 704	0	40	1404874	1404943	parsed	medium	person_or_source_text_not_automatically_an_identifier	
NCPPB 2699	1	isolated_by	This isolate was isolated by T. Egli 705	T. Egli 705	0	40	1408090	1408159	parsed	medium	person_or_source_text_not_automatically_an_identifier	
NCPPB 2700	1	collection_list	This isolate is also in the collections; ICMP 5733, LMG 726, ATCC 29091, CFBP 2053	ICMP 5733, LMG 726, ATCC 29091, CFBP 2053	0	82	1411321	1411432	parsed	low		
NCPPB 2700	2	isolated_by	This isolate was isolated by T. Egli 706	T. Egli 706	83	123	1411436	1411477	parsed	medium	person_or_source_text_not_automatically_an_identifier	
NCPPB 2701	1	isolated_by	This isolate was isolated by T. Egli 707	T. Egli 707	0	40	1414637	1414706	parsed	medium	person_or_source_text_not_automatically_an_identifier	
NCPPB 2817	1	donor_reference	The donor reference is 4081	4081	0	27	1417875	1417931	parsed	medium		
NCPPB 2819	1	donor_reference	The donor reference is 4230	4230	0	27	1421099	1421155	parsed	medium		
NCPPB 2820	1	donor_reference	The donor reference is 5262	5262	0	27	1424337	1424393	parsed	medium		
NCPPB 2821	1	donor_reference	The donor reference is 5523	5523	0	27	1427597	1427653	parsed	medium		
NCPPB 2821	2	collection_list	This isolate is also in the collections; ICMP 5755, LMG 892, ATCC 35935, CFBP 2055	ICMP 5755, LMG 892, ATCC 35935, CFBP 2055	28	110	1427657	1427740	parsed	low		
NCPPB 2822	1	donor_reference	The donor reference is 5558	5558	0	27	1430941	1430997	parsed	medium		
NCPPB 2822	2	collection_list	This isolate is also in the collections; ICMP 5749, LMG 883, CFBP 2539	ICMP 5749, LMG 883, CFBP 2539	28	98	1431001	1431072	parsed	low		
NCPPB 2825	1	donor_reference	The donor reference is 5670	5670	0	27	1434298	1434354	parsed	medium		
NCPPB 2826	1	donor_reference	The donor reference is 5673	5673	0	27	1437580	1437636	parsed	medium		
NCPPB 2827	1	donor_reference	The donor reference is 5690	5690	0	27	1440806	1440862	parsed	medium		
NCPPB 2828	1	donor_reference	The donor reference is 5777	5777	0	27	1444062	1444118	parsed	medium		
NCPPB 2829	1	donor_reference	The donor reference is 5781	5781	0	27	1447307	1447363	parsed	medium		
NCPPB 2831	1	donor_reference	The donor reference is 5897	5897	0	27	1450532	1450588	parsed	medium		
NCPPB 2832	1	collection_list	This isolate is also in the collections; ICMP 5381, LMG 532	ICMP 5381, LMG 532	0	59	1453009	1453097	parsed	low		
NCPPB 2832	2	isolated_by	This isolate was isolated by ex M. Beramis	ex M. Beramis	60	102	1453101	1453144	parsed	medium	person_or_source_text_not_automatically_an_identifier	
NCPPB 2834	1	donor_reference	The donor reference is UKP 33	UKP 33	0	29	1456655	1456713	parsed	medium		
NCPPB 2834	2	source_of_isolate	The source of this isolate was ex S.J. Brown	ex S.J. Brown	30	74	1456717	1456762	parsed	medium	person_or_source_text_not_automatically_an_identifier	
NCPPB 2835	1	donor_reference	The donor reference is UKP 37	UKP 37	0	29	1460272	1460330	parsed	medium		
NCPPB 2835	2	source_of_isolate	The source of this isolate was ex S.J. Brown	ex S.J. Brown	30	74	1460334	1460379	parsed	medium	person_or_source_text_not_automatically_an_identifier	
NCPPB 2837	1	donor_reference	The donor reference is UKP 783	UKP 783	0	30	1466868	1466927	parsed	medium		
NCPPB 2837	2	isolated_by	This isolate was isolated by ex D.L. Ebbels	ex D.L. Ebbels	31	74	1466931	1466975	parsed	medium	person_or_source_text_not_automatically_an_identifier	
NCPPB 2838	1	donor_reference	The donor reference is UKP 765	UKP 765	0	30	1470486	1470545	parsed	medium		
NCPPB 2838	2	isolated_by	This isolate was isolated by ex D.L. Ebbels	ex D.L. Ebbels	31	74	1470549	1470593	parsed	medium	person_or_source_text_not_automatically_an_identifier	
NCPPB 2839	1	donor_reference	The donor reference is UKP 784	UKP 784	0	30	1474104	1474163	parsed	medium		
NCPPB 2839	2	isolated_by	This isolate was isolated by ex D.L. Ebbels	ex D.L. Ebbels	31	74	1474167	1474211	parsed	medium	person_or_source_text_not_automatically_an_identifier	
NCPPB 2840	1	donor_reference	The donor reference is UKP 852	UKP 852	0	30	1477722	1477781	parsed	medium		
NCPPB 2856	1	isolated_by	This isolate was isolated by F.W. Catton C798	F.W. Catton C798	0	45	1481132	1481206	parsed	medium	person_or_source_text_not_automatically_an_identifier	
NCPPB 2857	1	isolated_by	This isolate was isolated by W.F. Catton C799	W.F. Catton C799	0	45	1483871	1483945	parsed	medium	person_or_source_text_not_automatically_an_identifier	
NCPPB 2859	1	source_of_isolate	The source of this isolate was ex D. Massfeller ex R. Hazneci	ex D. Massfeller ex R. Hazneci	0	61	1487451	1487541	parsed	medium	person_or_source_text_not_automatically_an_identifier	
NCPPB 2864	1	isolated_by	This isolate was isolated by F.W. Catton 211/75/2	F.W. Catton 211/75/2	0	49	1490891	1490969	parsed	medium	person_or_source_text_not_automatically_an_identifier	
NCPPB 2865	1	isolated_by	This isolate was isolated by F.W. Catton 212/75/1	F.W. Catton 212/75/1	0	49	1494268	1494346	parsed	medium	person_or_source_text_not_automatically_an_identifier	
NCPPB 2866	1	isolated_by	This isolate was isolated by F.W. Catton 212/75/6	F.W. Catton 212/75/6	0	49	1497654	1497732	parsed	medium	person_or_source_text_not_automatically_an_identifier	
NCPPB 2876	1	isolated_by	This isolate was isolated by V. Severin XC7	V. Severin XC7	0	43	1500108	1500180	parsed	medium	person_or_source_text_not_automatically_an_identifier	
NCPPB 2877	1	collection_list	This isolate is also in the collections; ICMP 6570, LMG 9042, CCUG 28779, DSMZ 44278, ATCC 49725	ICMP 6570, LMG 9042, CCUG 28779, DSMZ 44278, ATCC 49725	0	96	1502841	1502966	parsed	low		
NCPPB 2877	2	isolated_by	This isolate was isolated by V. Severin XC8	V. Severin XC8	97	140	1502970	1503014	parsed	medium	person_or_source_text_not_automatically_an_identifier	
NCPPB 2879	1	isolated_by	This isolate was isolated by V. Severin XC12	V. Severin XC12	0	44	1505390	1505463	parsed	medium	person_or_source_text_not_automatically_an_identifier	
NCPPB 2885	1	isolated_by	This isolate was isolated by ex J.G. Luisetti G21.5	ex J.G. Luisetti G21.5	0	51	1508496	1508576	parsed	medium	person_or_source_text_not_automatically_an_identifier	
NCPPB 2894	1	isolated_by	This isolate was isolated by M.L. Moffett 0238	M.L. Moffett 0238	0	46	1511758	1511833	parsed	medium	person_or_source_text_not_automatically_an_identifier	
NCPPB 2896	1	donor_reference	The donor reference is 164/7	164/7	0	28	1514992	1515049	parsed	medium		
NCPPB 2898	1	collection_list	This isolate is also in the collections; ICMP 7080	ICMP 7080	0	50	1518208	1518287	parsed	low		
NCPPB 2898	2	isolated_by	This isolate was isolated by P. Roberts A724A	P. Roberts A724A	51	96	1518291	1518337	parsed	medium	person_or_source_text_not_automatically_an_identifier	
NCPPB 2904	1	isolated_by	This isolate was isolated by P. Roberts A736	P. Roberts A736	0	44	1521524	1521597	parsed	medium	person_or_source_text_not_automatically_an_identifier	
NCPPB 2910	1	donor_reference	The donor reference is B5271	B5271	0	28	1524807	1524864	parsed	medium		
NCPPB 2910	2	isolated_by	This isolate was isolated by ex R.W. Schneider 1186	ex R.W. Schneider 1186	29	80	1524868	1524920	parsed	medium	person_or_source_text_not_automatically_an_identifier	
NCPPB 2914	1	donor_reference	The donor reference is B5300	B5300	0	28	1528146	1528203	parsed	medium		
NCPPB 2914	2	source_of_isolate	The source of this isolate was ex D. Norse 507	ex D. Norse 507	29	75	1528207	1528254	parsed	medium	person_or_source_text_not_automatically_an_identifier	
NCPPB 2918	1	donor_reference	The donor reference is BS469	BS469	0	28	1531395	1531452	parsed	medium		
NCPPB 2918	2	isolated_by	This isolate was isolated by J.F. Bradbury BS469	J.F. Bradbury BS469	29	77	1531456	1531505	parsed	medium	person_or_source_text_not_automatically_an_identifier	
NCPPB 2919	1	donor_reference	The donor reference is B5530	B5530	0	28	1534713	1534770	parsed	medium		
NCPPB 2919	2	isolated_by	This isolate was isolated by ex R.J. Williams CBZII 5972	ex R.J. Williams CBZII 5972	29	85	1534774	1534831	parsed	medium	person_or_source_text_not_automatically_an_identifier	
NCPPB 2920	1	isolated_by	This isolate was isolated by J.F. Bradbury B5562	J.F. Bradbury B5562	0	48	1538036	1538113	parsed	medium	person_or_source_text_not_automatically_an_identifier	
NCPPB 2921	1	donor_reference	The donor reference is B5566	B5566	0	28	1541284	1541341	parsed	medium		
NCPPB 2921	2	isolated_by	This isolate was isolated by ex P.S.W. Lin PP1312/60	ex P.S.W. Lin PP1312/60	29	81	1541345	1541398	parsed	medium	person_or_source_text_not_automatically_an_identifier	
NCPPB 2922	1	donor_reference	The donor reference is B5577	B5577	0	28	1544002	1544059	parsed	medium		
NCPPB 2922	2	isolated_by	This isolate was isolated by J.F. Bradbury	J.F. Bradbury	29	71	1544063	1544106	parsed	medium	person_or_source_text_not_automatically_an_identifier	
NCPPB 2925	1	donor_reference	The donor reference is B5582	B5582	0	28	1547448	1547505	parsed	medium		
NCPPB 2925	2	isolated_by	This isolate was isolated by ex C. Nwigwe YI	ex C. Nwigwe YI	29	73	1547509	1547554	parsed	medium	person_or_source_text_not_automatically_an_identifier	
NCPPB 2927	1	isolated_by	This isolate was isolated by J.F. Bradbury B5632	J.F. Bradbury B5632	0	48	1550944	1551021	parsed	medium	person_or_source_text_not_automatically_an_identifier	
NCPPB 2928	1	donor_reference	The donor reference is B5643	B5643	0	28	1553417	1553474	parsed	medium		
NCPPB 2928	2	isolated_by	This isolate was isolated by ex B.P.Chakravarti N318	ex B.P.Chakravarti N318	29	81	1553478	1553531	parsed	medium	person_or_source_text_not_automatically_an_identifier	
NCPPB 2930	1	donor_reference	The donor reference is B5806	B5806	0	28	1557029	1557086	parsed	medium		
NCPPB 2930	2	isolated_by	This isolate was isolated by ex G. Jackson PP223	ex G. Jackson PP223	29	77	1557090	1557139	parsed	medium	person_or_source_text_not_automatically_an_identifier	
NCPPB 2931	1	isolated_by	This isolate was isolated by J.F. Bradbury B5830	J.F. Bradbury B5830	0	48	1560289	1560366	parsed	medium	person_or_source_text_not_automatically_an_identifier	
NCPPB 2932	1	donor_reference	The donor reference is B5480	B5480	0	28	1562779	1562836	parsed	medium		
NCPPB 2932	2	isolated_by	This isolate was isolated by ex B.S. Siradhana	ex B.S. Siradhana	29	75	1562840	1562887	parsed	medium	person_or_source_text_not_automatically_an_identifier	
NCPPB 2933	1	donor_reference	The donor reference is B6132	B6132	0	28	1566157	1566214	parsed	medium		
NCPPB 2933	2	isolated_by	This isolate was isolated by J.F. Bradbury B6132	J.F. Bradbury B6132	29	77	1566218	1566267	parsed	medium	person_or_source_text_not_automatically_an_identifier	
NCPPB 2934	1	donor_reference	The donor reference is B6141	B6141	0	28	1569424	1569481	parsed	medium		
NCPPB 2934	2	isolated_by	This isolate was isolated by ex P.S. Shekhawat XWl	ex P.S. Shekhawat XWl	29	79	1569485	1569536	parsed	medium	person_or_source_text_not_automatically_an_identifier	
NCPPB 2935	1	donor_reference	The donor reference is B6144	B6144	0	28	1571953	1572010	parsed	medium		
NCPPB 2935	2	isolated_by	This isolate was isolated by ex P.S. Shekhawat D42	ex P.S. Shekhawat D42	29	79	1572014	1572065	parsed	medium	person_or_source_text_not_automatically_an_identifier	
NCPPB 2936	1	donor_reference	The donor reference is B 6149	B 6149	0	29	1574491	1574549	parsed	medium		
NCPPB 2936	2	isolated_by	This isolate was isolated by ex P.S. Shekhawat XA1	ex P.S. Shekhawat XA1	30	80	1574553	1574604	parsed	medium	person_or_source_text_not_automatically_an_identifier	
NCPPB 2938	1	donor_reference	The donor reference is B6617	B6617	0	28	1577758	1577815	parsed	medium		
NCPPB 2938	2	isolated_by	This isolate was isolated by ex Hasanuddin	ex Hasanuddin	29	71	1577819	1577862	parsed	medium	person_or_source_text_not_automatically_an_identifier	
NCPPB 2949	1	donor_reference	The donor reference is DAR 26146	DAR 26146	0	32	1580877	1580938	parsed	medium		
NCPPB 2949	2	isolated_by	This isolate was isolated by ex J. McGeghan	ex J. McGeghan	33	76	1580942	1580986	parsed	medium	person_or_source_text_not_automatically_an_identifier	
NCPPB 2949	3	source_of_isolate	The source of this isolate was ex N.S.W. Dept. of Agri.	ex N.S.W. Dept. of Agri.	77	132	1580990	1581046	parsed	medium	person_or_source_text_not_automatically_an_identifier	
NCPPB 2953	1	donor_reference	The donor reference is Tri lb	Tri lb	0	29	1584184	1584242	parsed	high	digit_free_donor_reference_requires_review_before_search	
NCPPB 2953	2	collection_list	This isolate is also in the collections; ICPB XP228	ICPB XP228	30	81	1584246	1584298	parsed	low		
NCPPB 2955	1	donor_reference	The donor reference is Bt3	Bt3	0	26	1587452	1587507	parsed	medium		
NCPPB 2955	2	collection_list	This isolate is also in the collections; ICPB XP230	ICPB XP230	27	78	1587511	1587563	parsed	low		
NCPPB 2959	1	donor_reference	The donor reference is Reg	Reg	0	26	1590717	1590772	parsed	high	digit_free_donor_reference_requires_review_before_search	
NCPPB 2959	2	collection_list	This isolate is also in the collections; ICMP 5816, ICPB XP231, ATCC 51165, CFBP 1817, LMG 5743	ICMP 5816, ICPB XP231, ATCC 51165, CFBP 1817, LMG 5743	27	122	1590776	1590872	parsed	low		
NCPPB 2960	1	donor_reference	The donor reference is BII	BII	0	26	1594277	1594332	parsed	high	digit_free_donor_reference_requires_review_before_search	
NCPPB 2960	2	collection_list	This isolate is also in the collections; ICPB XP232	ICPB XP232	27	78	1594336	1594388	parsed	low		
NCPPB 2963	1	donor_reference	The donor reference is S62b	S62b	0	27	1597778	1597834	parsed	medium		
NCPPB 2963	2	collection_list	This isolate is also in the collections; ICPB XP235	ICPB XP235	28	79	1597838	1597890	parsed	low		
NCPPB 2965	1	donor_reference	The donor reference is IBBF-105	IBBF-105	0	31	1601099	1601159	parsed	medium		
NCPPB 2965	2	isolated_by	This isolate was isolated by ex J.R. Neto	ex J.R. Neto	32	73	1601163	1601205	parsed	medium	person_or_source_text_not_automatically_an_identifier	
NCPPB 2967	1	donor_reference	The donor reference is IBBF-165	IBBF-165	0	31	1604414	1604474	parsed	medium		
NCPPB 2967	2	isolated_by	This isolate was isolated by ex A.G. Zagatto	ex A.G. Zagatto	32	76	1604478	1604523	parsed	medium	person_or_source_text_not_automatically_an_identifier	
NCPPB 2968	1	collection_list	This isolate is also in the collections; ATCC 11633, DSM 19128, CFBP 6864, LMG 27970	ATCC 11633, DSM 19128, CFBP 6864, LMG 27970	0	84	1607230	1607343	parsed	low		
NCPPB 2968	2	isolated_by	This isolate was isolated by ex W.H. Burkholder XV25	ex W.H. Burkholder XV25	85	137	1607347	1607400	parsed	medium	person_or_source_text_not_automatically_an_identifier	
NCPPB 2968	3	source_of_isolate	The source of this isolate was ex D.W. Dye X12	ex D.W. Dye X12	138	184	1607404	1607451	parsed	medium	person_or_source_text_not_automatically_an_identifier	
NCPPB 2969	1	collection_list	This isolate is also in the collections; ATCC 33915, CFBP 2523, ICMP 196, LMG 494, DSMZ 3583	ATCC 33915, CFBP 2523, ICMP 196, LMG 494, DSMZ 3583	0	92	1610078	1610199	parsed	low		
NCPPB 2969	2	isolated_by	This isolate was isolated by ex D.W. Dye ZA6	ex D.W. Dye ZA6	93	137	1610203	1610248	parsed	medium	person_or_source_text_not_automatically_an_identifier	
NCPPB 2970	1	collection_list	This isolate is also in the collections; ATCC 14179, ICMP 220, LMG 809	ATCC 14179, ICMP 220, LMG 809	0	70	1612647	1612746	parsed	low		
NCPPB 2970	2	isolated_by	This isolate was isolated by ex M.K. Bryan 47	ex M.K. Bryan 47	71	116	1612750	1612796	parsed	medium	person_or_source_text_not_automatically_an_identifier	
NCPPB 2970	3	source_of_isolate	The source of this isolate was ex D.W. Dye ZI 2 ex ICPB XP5	ex D.W. Dye ZI 2 ex ICPB XP5	117	176	1612800	1612860	parsed	medium	person_or_source_text_not_automatically_an_identifier	
NCPPB 2973	1	collection_list	This isolate is also in the collections; ATCC 11638, ICPB XC112, M.K. Patel 6, ICMP 358, LMG 675, CFBP 2973	ATCC 11638, ICPB XC112, M.K. Patel 6, ICMP 358, LMG 675, CFBP 2973	0	107	1616042	1616178	parsed	low		
NCPPB 2973	2	isolated_by	This isolate was isolated by M.K. Patel	M.K. Patel	108	147	1616182	1616222	parsed	medium	person_or_source_text_not_automatically_an_identifier	
NCPPB 2973	3	source_of_isolate	The source of this isolate was ex D.W. Dye YD2 ex W.H. Burkholder XC18	ex D.W. Dye YD2 ex W.H. Burkholder XC18	148	218	1616226	1616297	parsed	medium	person_or_source_text_not_automatically_an_identifier	
NCPPB 2977	1	collection_list	This isolate is also in the collections; ATCC 23577, LMG 872, ICMP 5852	ATCC 23577, LMG 872, ICMP 5852	0	71	1619027	1619127	parsed	low		
NCPPB 2977	2	isolated_by	This isolate was isolated by M.K. Patel	M.K. Patel	72	111	1619131	1619171	parsed	medium	person_or_source_text_not_automatically_an_identifier	
NCPPB 2977	3	source_of_isolate	The source of this isolate was ex D.W. Dye WK2 ex M.J. Thirumalachar	ex D.W. Dye WK2 ex M.J. Thirumalachar	112	180	1619175	1619244	parsed	medium	person_or_source_text_not_automatically_an_identifier	
NCPPB 2978	1	collection_list	This isolate is also in the collections; ICMP 2372, LMG 9059	ICMP 2372, LMG 9059	0	60	1621973	1622062	parsed	low		
NCPPB 2978	2	source_of_isolate	The source of this isolate was ex D.W. Dye VNI ex J.J. Joubert Arum 3	ex D.W. Dye VNI ex J.J. Joubert Arum 3	61	130	1622066	1622136	parsed	medium	person_or_source_text_not_automatically_an_identifier	
NCPPB 2982	1	collection_list	This isolate is also in the collections; ICMP 8561, LMG 2167, ATCC 33616, CFBP 2432	ICMP 8561, LMG 2167, ATCC 33616, CFBP 2432	0	83	1625688	1625800	parsed	low		
NCPPB 2982	2	isolated_by	This isolate was isolated by ex M. Goto PC1	ex M. Goto PC1	84	127	1625804	1625848	parsed	medium	person_or_source_text_not_automatically_an_identifier	
NCPPB 2983	1	collection_list	This isolate is also in the collections; ICMP 4294, LMG 702	ICMP 4294, LMG 702	0	59	1628538	1628626	parsed	low		
NCPPB 2983	2	isolated_by	This isolate was isolated by ex M. Goto XPl	ex M. Goto XPl	60	103	1628630	1628674	parsed	medium	person_or_source_text_not_automatically_an_identifier	
NCPPB 2985	1	collection_list	This isolate is also in the collections; CFBP 2533, ICMP 4321, LMG 7314	CFBP 2533, ICMP 4321, LMG 7314	0	71	1631857	1631957	parsed	low		
NCPPB 2985	2	source_of_isolate	The source of this isolate was ex D.W. Dye ZJ12 ex W.J. Kemp 41	ex D.W. Dye ZJ12 ex W.J. Kemp 41	72	135	1631961	1632025	parsed	medium	person_or_source_text_not_automatically_an_identifier	
NCPPB 2986	1	collection_list	This isolate is also in the collections; ICMP 4805, LMG 9037	ICMP 4805, LMG 9037	0	60	1634962	1635051	parsed	low		
NCPPB 2986	2	isolated_by	This isolate was isolated by ex M.L. Moffett 0406	ex M.L. Moffett 0406	61	110	1635055	1635105	parsed	medium	person_or_source_text_not_automatically_an_identifier	
NCPPB 2987	1	collection_list	This isolate is also in the collections; ICPB XP 237	ICPB XP 237	0	52	1638249	1638330	parsed	low		
NCPPB 2987	2	isolated_by	This isolate was isolated by ex D.A. Burdekin	ex D.A. Burdekin	53	98	1638334	1638380	parsed	medium	person_or_source_text_not_automatically_an_identifier	
NCPPB 2997	1	isolated_by	This isolate was isolated by ex R.G. Orellana 14	ex R.G. Orellana 14	0	48	1641603	1641680	parsed	medium	person_or_source_text_not_automatically_an_identifier	
NCPPB 2998	1	isolated_by	This isolate was isolated by ex R.G. Orellana 19	ex R.G. Orellana 19	0	48	1644903	1644980	parsed	medium	person_or_source_text_not_automatically_an_identifier	
NCPPB 3002	1	collection_list	This isolate is also in the collections; ATCC 35933, ICMP 3125, LMG 5047, CFBP 2532	ATCC 35933, ICMP 3125, LMG 5047, CFBP 2532	0	83	1648163	1648275	parsed	low		
NCPPB 3002	2	isolated_by	This isolate was isolated by ex Y.P. Rao	ex Y.P. Rao	84	124	1648279	1648320	parsed	medium	person_or_source_text_not_automatically_an_identifier	
NCPPB 3003	1	collection_list	This isolate is also in the collections; ICPB XB110, NZRCC 10031, CFBP 2524, ICMP 194, ATCC 49082, LMG 7303	ICPB XB110, NZRCC 10031, CFBP 2524, ICMP 194, ATCC 49082, LMG 7303	0	107	1651521	1651657	parsed	low		
NCPPB 3003	2	isolated_by	This isolate was isolated by ex D.W. Dye Z4	ex D.W. Dye Z4	108	151	1651661	1651705	parsed	medium	person_or_source_text_not_automatically_an_identifier	
NCPPB 3005	1	isolated_by	This isolate was isolated by ex C.F. Robbs IBSP XM1	ex C.F. Robbs IBSP XM1	0	51	1654384	1654464	parsed	medium	person_or_source_text_not_automatically_an_identifier	
NCPPB 3020	1	donor_reference	The donor reference is 426 & 427	426 & 427	0	32	1657649	1657710	parsed	medium		
NCPPB 3022	1	isolated_by	This isolate was isolated by J.C. Lozano CIAT 1185	J.C. Lozano CIAT 1185	0	50	1660894	1660973	parsed	medium	person_or_source_text_not_automatically_an_identifier	
NCPPB 3024	1	isolated_by	This isolate was isolated by D.L. Strider NC334	D.L. Strider NC334	0	47	1663359	1663435	parsed	medium	person_or_source_text_not_automatically_an_identifier	
NCPPB 3026	1	isolated_by	This isolate was isolated by S. Grasso 3	S. Grasso 3	0	40	1666285	1666354	parsed	medium	person_or_source_text_not_automatically_an_identifier	
NCPPB 3027	1	isolated_by	This isolate was isolated by S. Grasso 6	S. Grasso 6	0	40	1669204	1669273	parsed	medium	person_or_source_text_not_automatically_an_identifier	
NCPPB 3028	1	isolated_by	This isolate was isolated by J.R. Neto X-84	J.R. Neto X-84	0	43	1672281	1672353	parsed	medium	person_or_source_text_not_automatically_an_identifier	
NCPPB 3035	1	collection_list	This isolate is also in the collections; CFBP 2534, ICMP 5834, ATCC 9563,	CFBP 2534, ICMP 5834, ATCC 9563,	0	73	1675555	1675657	parsed	low		
NCPPB 3035	2	source_of_isolate	The source of this isolate was ex ATCC 9563 ex W.H. Burkholder XP20	ex ATCC 9563 ex W.H. Burkholder XP20	74	141	1675661	1675729	parsed	medium	person_or_source_text_not_automatically_an_identifier	
NCPPB 3040	1	isolated_by	This isolate was isolated by J.E. Sellwood A895	J.E. Sellwood A895	0	47	1678923	1678999	parsed	medium	person_or_source_text_not_automatically_an_identifier	
NCPPB 3041	1	isolated_by	This isolate was isolated by P. Roberts A905	P. Roberts A905	0	44	1682177	1682250	parsed	medium	person_or_source_text_not_automatically_an_identifier	
NCPPB 3059	1	isolated_by	This isolate was isolated by H. Maraite Z291	H. Maraite Z291	0	44	1688730	1688803	parsed	medium	person_or_source_text_not_automatically_an_identifier	
NCPPB 3060	1	isolated_by	This isolate was isolated by H. Maraite N578	H. Maraite N578	0	44	1692033	1692106	parsed	medium	person_or_source_text_not_automatically_an_identifier	
NCPPB 3061	1	collection_list	This isolate is also in the collections; ICMP 8816, LMG 671	ICMP 8816, LMG 671	0	59	1695289	1695377	parsed	low		
NCPPB 3061	2	isolated_by	This isolate was isolated by M. Maraite R662	M. Maraite R662	60	104	1695381	1695426	parsed	medium	person_or_source_text_not_automatically_an_identifier	
NCPPB 3062	1	collection_list	This isolate is also in the collections; LMG 672	LMG 672	0	48	1698609	1698686	parsed	low		
NCPPB 3062	2	isolated_by	This isolate was isolated by M. Maraite R704	M. Maraite R704	49	93	1698690	1698735	parsed	medium	person_or_source_text_not_automatically_an_identifier	
NCPPB 3066	1	isolated_by	This isolate was isolated by J.E. Sellwood A960	J.E. Sellwood A960	0	47	1701931	1702007	parsed	medium	person_or_source_text_not_automatically_an_identifier	
NCPPB 3078	1	donor_reference	The donor reference is ENA503	ENA503	0	29	1704684	1704742	parsed	medium		
NCPPB 3078	2	isolated_by	This isolate was isolated by ex A. Frenhani	ex A. Frenhani	30	73	1704746	1704790	parsed	medium	person_or_source_text_not_automatically_an_identifier	
NCPPB 3079	1	collection_list	This isolate is also in the collections; ICMP 8919, LMG 9053	ICMP 8919, LMG 9053	0	60	1707212	1707301	parsed	low		
NCPPB 3079	2	isolated_by	This isolate was isolated by C.F. Robbs ENA 2154	C.F. Robbs ENA 2154	61	109	1707305	1707354	parsed	medium	person_or_source_text_not_automatically_an_identifier	
NCPPB 3082	1	isolated_by	This isolate was isolated by C.F. Robbs ENA 2564	C.F. Robbs ENA 2564	0	48	1709775	1709852	parsed	medium	person_or_source_text_not_automatically_an_identifier	
NCPPB 3086	1	collection_list	This isolate is also in the collections; ICMP 6502, LMG 9046	ICMP 6502, LMG 9046	0	60	1713071	1713160	parsed	low		
NCPPB 3086	2	source_of_isolate	The source of this isolate was ex ITCC 29 ex N.M. Pant	ex ITCC 29 ex N.M. Pant	61	115	1713164	1713219	parsed	medium	person_or_source_text_not_automatically_an_identifier	
NCPPB 3092	1	donor_reference	The donor reference is B7090	B7090	0	28	1716423	1716480	parsed	medium		
NCPPB 3092	2	collection_list	This isolate is also in the collections; ICMP 6574, LMG 9045	ICMP 6574, LMG 9045	29	89	1716484	1716545	parsed	low		
NCPPB 3092	3	isolated_by	This isolate was isolated by ex Y.S. Kulkarni	ex Y.S. Kulkarni	90	135	1716549	1716595	parsed	medium	person_or_source_text_not_automatically_an_identifier	
NCPPB 3110	1	isolated_by	This isolate was isolated by C.F. Robbs ENA 2530	C.F. Robbs ENA 2530	0	48	1719009	1719086	parsed	medium	person_or_source_text_not_automatically_an_identifier	
NCPPB 3114	1	collection_list	This isolate is also in the collections; ICMP 6747, LMG 9051	ICMP 6747, LMG 9051	0	60	1721491	1721580	parsed	low		
NCPPB 3114	2	isolated_by	This isolate was isolated by ex N.M. Pant P30	ex N.M. Pant P30	61	106	1721584	1721630	parsed	medium	person_or_source_text_not_automatically_an_identifier	
NCPPB 3114	3	source_of_isolate	The source of this isolate was ex ITCC	ex ITCC	107	145	1721634	1721673	parsed	medium	person_or_source_text_not_automatically_an_identifier	
NCPPB 3119	1	isolated_by	This isolate was isolated by ex J. Mahillon	ex J. Mahillon	0	43	1724894	1724966	parsed	medium	person_or_source_text_not_automatically_an_identifier	
NCPPB 3125	1	isolated_by	This isolate was isolated by M.L. Moffett 0839	M.L. Moffett 0839	0	46	1727669	1727744	parsed	medium	person_or_source_text_not_automatically_an_identifier	
NCPPB 3136	1	isolated_by	This isolate was isolated by J.R. Neto 246	J.R. Neto 246	0	42	1734135	1734206	parsed	medium	person_or_source_text_not_automatically_an_identifier	
NCPPB 3140	1	donor_reference	The donor reference is 120	120	0	26	1736370	1736425	parsed	medium		
NCPPB 3155	1	isolated_by	This isolate was isolated by C. Bazzi 1192-IPV-BO	C. Bazzi 1192-IPV-BO	0	49	1739583	1739661	parsed	medium	person_or_source_text_not_automatically_an_identifier	
NCPPB 3156	1	isolated_by	This isolate was isolated by U. Mazzucchi 1236 IPV-BO	U. Mazzucchi 1236 IPV-BO	0	53	1742818	1742900	parsed	medium	person_or_source_text_not_automatically_an_identifier	
NCPPB 3161	1	donor_reference	The donor reference is B6812	B6812	0	28	1746131	1746188	parsed	medium		
NCPPB 3161	2	isolated_by	This isolate was isolated by ex G. Persley C6	ex G. Persley C6	29	74	1746192	1746238	parsed	medium	person_or_source_text_not_automatically_an_identifier	
NCPPB 3162	1	isolated_by	This isolate was isolated by J.F. Bradbury B6892b	J.F. Bradbury B6892b	0	49	1749655	1749733	parsed	medium	person_or_source_text_not_automatically_an_identifier	
NCPPB 3168	1	donor_reference	The donor reference is B7147	B7147	0	28	1752890	1752947	parsed	medium		
NCPPB 3169	1	collection_list	This isolate is also in the collections; CFBP 7114	CFBP 7114	0	50	1756164	1756243	parsed	low		
NCPPB 3169	2	isolated_by	This isolate was isolated by J.F. Bradbury B 7166	J.F. Bradbury B 7166	51	100	1756247	1756297	parsed	medium	person_or_source_text_not_automatically_an_identifier	
NCPPB 3170	1	isolated_by	This isolate was isolated by J.F. Bradbury B7205	J.F. Bradbury B7205	0	48	1759760	1759837	parsed	medium	person_or_source_text_not_automatically_an_identifier	
NCPPB 3172	1	donor_reference	The donor reference is B7299	B7299	0	28	1762828	1762885	parsed	medium		
NCPPB 3172	2	isolated_by	This isolate was isolated by ex G. Persley 1	ex G. Persley 1	29	73	1762889	1762934	parsed	medium	person_or_source_text_not_automatically_an_identifier	
NCPPB 3173	1	isolated_by	This isolate was isolated by J.F. Bradbury B7343	J.F. Bradbury B7343	0	48	1766166	1766243	parsed	medium	person_or_source_text_not_automatically_an_identifier	
NCPPB 3174	1	donor_reference	The donor reference is B7344b	B7344b	0	29	1768842	1768900	parsed	medium		
NCPPB 3174	2	isolated_by	This isolate was isolated by J.f. Bradbury	J.f. Bradbury	30	72	1768904	1768947	parsed	medium	person_or_source_text_not_automatically_an_identifier	
NCPPB 3176	1	isolated_by	This isolate was isolated by J.F. Bradbury B7380	J.F. Bradbury B7380	0	48	1772167	1772244	parsed	medium	person_or_source_text_not_automatically_an_identifier	
NCPPB 3177	1	donor_reference	The donor reference is B7385	B7385	0	28	1775425	1775482	parsed	medium		
NCPPB 3177	2	isolated_by	This isolate was isolated by ex N.M. Kalyni No3	ex N.M. Kalyni No3	29	76	1775486	1775534	parsed	medium	person_or_source_text_not_automatically_an_identifier	
NCPPB 3178	1	isolated_by	This isolate was isolated by J.F. Bradbury B7440a	J.F. Bradbury B7440a	0	49	1778221	1778299	parsed	medium	person_or_source_text_not_automatically_an_identifier	
NCPPB 3182	1	isolated_by	This isolate was isolated by J.F. Bradbury B 7567	J.F. Bradbury B 7567	0	49	1780693	1780771	parsed	medium	person_or_source_text_not_automatically_an_identifier	
NCPPB 3187	1	collection_list	This isolate is also in the collections; CFBP 7115	CFBP 7115	0	50	1783986	1784065	parsed	low		
NCPPB 3187	2	isolated_by	This isolate was isolated by J.F. Bradbury B 7613a	J.F. Bradbury B 7613a	51	101	1784069	1784120	parsed	medium	person_or_source_text_not_automatically_an_identifier	
NCPPB 3191	1	donor_reference	The donor reference is B7790	B7790	0	28	1787349	1787406	parsed	medium		
NCPPB 3191	2	isolated_by	This isolate was isolated by ex A.L.G. Pereira BM12	ex A.L.G. Pereira BM12	29	80	1787410	1787462	parsed	medium	person_or_source_text_not_automatically_an_identifier	
NCPPB 3191	3	source_of_isolate	The source of this isolate was ex H. Maraite	ex H. Maraite	81	125	1787466	1787511	parsed	medium	person_or_source_text_not_automatically_an_identifier	
NCPPB 3192	1	donor_reference	The donor reference is B7791	B7791	0	28	1790693	1790750	parsed	medium		
NCPPB 3192	2	collection_list	This isolate is also in the collections; NCPPB 3061	NCPPB 3061	29	80	1790754	1790806	parsed	low		
NCPPB 3192	3	isolated_by	This isolate was isolated by ex M. Maraite R662	ex M. Maraite R662	81	128	1790810	1790858	parsed	medium	person_or_source_text_not_automatically_an_identifier	
NCPPB 3194	1	isolated_by	This isolate was isolated by J.F. Bradbury B7797	J.F. Bradbury B7797	0	48	1794086	1794163	parsed	medium	person_or_source_text_not_automatically_an_identifier	
NCPPB 3200	1	donor_reference	The donor reference is B8059	B8059	0	28	1797124	1797181	parsed	medium		
NCPPB 3200	2	isolated_by	This isolate was isolated by J.F. Bradbury	J.F. Bradbury	29	71	1797185	1797228	parsed	medium	person_or_source_text_not_automatically_an_identifier	
NCPPB 3204	1	donor_reference	The donor reference is B8327	B8327	0	28	1800453	1800510	parsed	medium		
NCPPB 3204	2	isolated_by	This isolate was isolated by ex R. Billington	ex R. Billington	29	74	1800514	1800560	parsed	medium	person_or_source_text_not_automatically_an_identifier	
NCPPB 3207	1	isolated_by	This isolate was isolated by J.F. Bradbury B8511	J.F. Bradbury B8511	0	48	1803270	1803347	parsed	medium	person_or_source_text_not_automatically_an_identifier	
NCPPB 3212	1	isolated_by	This isolate was isolated by J.F. Bradbury B 8597	J.F. Bradbury B 8597	0	49	1806519	1806597	parsed	medium	person_or_source_text_not_automatically_an_identifier	
NCPPB 3213	1	donor_reference	The donor reference is B 8600	B 8600	0	29	1809242	1809300	parsed	medium		
NCPPB 3213	2	collection_list	This isolate is also in the collections; ICMP 8918	ICMP 8918	30	80	1809304	1809355	parsed	low		
NCPPB 3213	3	isolated_by	This isolate was isolated by ex B.P. Chakravarti BlP	ex B.P. Chakravarti BlP	81	133	1809359	1809412	parsed	medium	person_or_source_text_not_automatically_an_identifier	
NCPPB 3215	1	donor_reference	The donor reference is B8613	B8613	0	28	1812635	1812692	parsed	medium		
NCPPB 3215	2	isolated_by	This isolate was isolated by ex R. Raemakers 4	ex R. Raemakers 4	29	75	1812696	1812743	parsed	medium	person_or_source_text_not_automatically_an_identifier	
NCPPB 3218	1	donor_reference	The donor reference is B8718	B8718	0	28	1815668	1815725	parsed	medium		
NCPPB 3218	2	isolated_by	This isolate was isolated by C.P. Bennett Y3	C.P. Bennett Y3	29	73	1815729	1815775	parsed	medium	person_or_source_text_not_automatically_an_identifier	
NCPPB 3229	1	donor_reference	The donor reference is Xg 719	Xg 719	0	29	1818969	1819027	parsed	medium		
NCPPB 3229	2	collection_list	This isolate is also in the collections; ICMP 7727, LMG 727, CFBP 2056, ATCC 33803	ICMP 7727, LMG 727, CFBP 2056, ATCC 33803	30	112	1819031	1819114	parsed	low		
NCPPB 3229	3	isolated_by	This isolate was isolated by ex J. Herzog Xg 102	ex J. Herzog Xg 102	113	161	1819118	1819167	parsed	medium	person_or_source_text_not_automatically_an_identifier	
NCPPB 3230	1	donor_reference	The donor reference is 724	724	0	26	1822643	1822698	parsed	medium		
NCPPB 3230	2	collection_list	This isolate is also in the collections; ICMP 7726, LMG 728, CFBP 2057, ATCC 33804	ICMP 7726, LMG 728, CFBP 2057, ATCC 33804	27	109	1822702	1822785	parsed	low		
NCPPB 3230	3	isolated_by	This isolate was isolated by ex J. Herzog Xg 122	ex J. Herzog Xg 122	110	158	1822789	1822838	parsed	medium	person_or_source_text_not_automatically_an_identifier	
NCPPB 3231	1	donor_reference	The donor reference is Xg 729	Xg 729	0	29	1826317	1826375	parsed	medium		
NCPPB 3231	2	collection_list	This isolate is also in the collections; ICMP 7725, LMG 730, CFBP 2062, ATCC 33805	ICMP 7725, LMG 730, CFBP 2062, ATCC 33805	30	112	1826379	1826462	parsed	low		
NCPPB 3231	3	isolated_by	This isolate was isolated by ex D. Schmidt Xg 135	ex D. Schmidt Xg 135	113	162	1826466	1826516	parsed	medium	person_or_source_text_not_automatically_an_identifier	
NCPPB 3232	1	donor_reference	The donor reference is XC59	XC59	0	27	1830010	1830066	parsed	medium		
NCPPB 3232	2	isolated_by	This isolate was isolated by ex V. Rossetti IBSP-164	ex V. Rossetti IBSP-164	28	80	1830070	1830123	parsed	medium	person_or_source_text_not_automatically_an_identifier	
NCPPB 3233	1	donor_reference	The donor reference is XC70	XC70	0	27	1833570	1833626	parsed	medium		
NCPPB 3233	2	collection_list	This isolate is also in the collections; LMG 9181, CIVEROLO XC70	LMG 9181, CIVEROLO XC70	28	92	1833630	1833695	parsed	low		
NCPPB 3233	3	isolated_by	This isolate was isolated by ex V. Rossetti	ex V. Rossetti	93	136	1833699	1833743	parsed	medium	person_or_source_text_not_automatically_an_identifier	
NCPPB 3233	4	source_of_isolate	The source of this isolate was ex J.W. Miller IBSF 512 'C' type 1	ex J.W. Miller IBSF 512 'C' type 1	137	202	1833747	1833813	parsed	medium	person_or_source_text_not_automatically_an_identifier	
NCPPB 3234	1	donor_reference	The donor reference is XC62	XC62	0	27	1837224	1837280	parsed	medium		
NCPPB 3234	2	isolated_by	This isolate was isolated by ex M. Koizumi 6501S	ex M. Koizumi 6501S	28	76	1837284	1837333	parsed	medium	person_or_source_text_not_automatically_an_identifier	
NCPPB 3235	1	donor_reference	The donor reference is XC63	XC63	0	27	1840751	1840807	parsed	medium		
NCPPB 3235	2	isolated_by	This isolate was isolated by ex M. Koizumi 7801	ex M. Koizumi 7801	28	75	1840811	1840859	parsed	medium	person_or_source_text_not_automatically_an_identifier	
NCPPB 3236	1	donor_reference	The donor reference is XC64	XC64	0	27	1844371	1844427	parsed	medium		
NCPPB 3236	2	collection_list	This isolate is also in the collections; ICMP 15806, LMG 9179, CFBP 2901, CIVEROLO XC64	ICMP 15806, LMG 9179, CFBP 2901, CIVEROLO XC64	28	115	1844431	1844519	parsed	low		
NCPPB 3236	3	source_of_isolate	The source of this isolate was ex M. Goto B-4	ex M. Goto B-4	116	161	1844523	1844569	parsed	medium	person_or_source_text_not_automatically_an_identifier	
NCPPB 3237	1	donor_reference	The donor reference is XC69	XC69	0	27	1848009	1848065	parsed	medium		
NCPPB 3237	2	source_of_isolate	The source of this isolate was ex J.W. Miller XCll 'B' type 4	ex J.W. Miller XCll 'B' type 4	28	89	1848069	1848131	parsed	medium	person_or_source_text_not_automatically_an_identifier	
NCPPB 3240	1	isolated_by	This isolate was isolated by M. Lopez 42-11	M. Lopez 42-11	0	43	1850815	1850887	parsed	medium	person_or_source_text_not_automatically_an_identifier	
NCPPB 3241	1	isolated_by	This isolate was isolated by M. Lopez 67-2a	M. Lopez 67-2a	0	43	1853737	1853809	parsed	medium	person_or_source_text_not_automatically_an_identifier	
NCPPB 3242	1	isolated_by	This isolate was isolated by J.D. Janse PD28	J.D. Janse PD28	0	44	1856969	1857042	parsed	medium	person_or_source_text_not_automatically_an_identifier	
NCPPB 3245	1	isolated_by	This isolate was isolated by ex S.R. Basnyat;	ex S.R. Basnyat;	0	45	1859431	1859505	parsed	medium	person_or_source_text_not_automatically_an_identifier	
NCPPB 3245	2	source_of_isolate	The source of this isolate was ex ITCC P32	ex ITCC P32	46	88	1859509	1859552	parsed	medium	person_or_source_text_not_automatically_an_identifier	
NCPPB 3290	1	isolated_by	This isolate was isolated by M. Pesti 0103	M. Pesti 0103	0	42	1862260	1862331	parsed	medium	person_or_source_text_not_automatically_an_identifier	
NCPPB 3292	1	isolated_by	This isolate was isolated by M. Pesti 0105	M. Pesti 0105	0	42	1867775	1867846	parsed	medium	person_or_source_text_not_automatically_an_identifier	
NCPPB 3301	1	donor_reference	The donor reference is PX061	PX061	0	28	1871033	1871090	parsed	medium		
NCPPB 3301	2	source_of_isolate	The source of this isolate was ex T.W. Mew PX061	ex T.W. Mew PX061	29	77	1871094	1871143	parsed	medium	person_or_source_text_not_automatically_an_identifier	
NCPPB 3303	1	donor_reference	The donor reference is PX079	PX079	0	28	1874329	1874386	parsed	medium		
NCPPB 3303	2	source_of_isolate	The source of this isolate was ex T.W. Mew	ex T.W. Mew	29	71	1874390	1874433	parsed	medium	person_or_source_text_not_automatically_an_identifier	
NCPPB 3304	1	donor_reference	The donor reference is PXO86	PXO86	0	28	1877619	1877676	parsed	medium		
NCPPB 3304	2	source_of_isolate	The source of this isolate was ex T.W. Mew	ex T.W. Mew	29	71	1877680	1877723	parsed	medium	person_or_source_text_not_automatically_an_identifier	
NCPPB 3311	1	source_of_isolate	The source of this isolate was .	.	0	32	1880407	1880468	parsed	medium	person_or_source_text_not_automatically_an_identifier	
NCPPB 3312	1	donor_reference	The donor reference is 100	100	0	26	1882914	1882969	parsed	medium		
NCPPB 3313	1	isolated_by	This isolate was isolated by M. Pesti 0102	M. Pesti 0102	0	42	1885678	1885749	parsed	medium	person_or_source_text_not_automatically_an_identifier	
NCPPB 3314	1	donor_reference	The donor reference is 109	109	0	26	1888196	1888251	parsed	medium		
NCPPB 3315	1	donor_reference	The donor reference is 100	100	0	26	1890698	1890753	parsed	medium		
NCPPB 3329	1	donor_reference	The donor reference is A2087B	A2087B	0	29	1893924	1893982	parsed	medium		
NCPPB 3329	2	isolated_by	This isolate was isolated by ex M. Fenton 3315 lB	ex M. Fenton 3315 lB	30	79	1893986	1894036	parsed	medium	person_or_source_text_not_automatically_an_identifier	
NCPPB 3330	1	donor_reference	The donor reference is A2087C	A2087C	0	29	1897207	1897265	parsed	medium		
NCPPB 3330	2	isolated_by	This isolate was isolated by ex M. Fenton 3315 lC	ex M. Fenton 3315 lC	30	79	1897269	1897319	parsed	medium	person_or_source_text_not_automatically_an_identifier	
NCPPB 3361	1	donor_reference	The donor reference is OS-901	OS-901	0	29	1900762	1900820	parsed	medium		
NCPPB 3363	1	donor_reference	The donor reference is OS-14	OS-14	0	28	1904001	1904058	parsed	medium		
NCPPB 3380	1	isolated_by	This isolate was isolated by D. Stead A2192	D. Stead A2192	0	43	1907314	1907386	parsed	medium	person_or_source_text_not_automatically_an_identifier	
NCPPB 3381	1	isolated_by	This isolate was isolated by J.E. Sellwood A2222	J.E. Sellwood A2222	0	48	1910554	1910631	parsed	medium	person_or_source_text_not_automatically_an_identifier	
NCPPB 3382	1	isolated_by	This isolate was isolated by J.E. Sellwood A2184	J.E. Sellwood A2184	0	48	1913793	1913870	parsed	medium	person_or_source_text_not_automatically_an_identifier	
NCPPB 3426	1	source_of_isolate	The source of this isolate was ex M. de Kam 90	ex M. de Kam 90	0	46	1917253	1917328	parsed	medium	person_or_source_text_not_automatically_an_identifier	
NCPPB 3434	1	collection_list	This isolate is also in the collections; ICMP 8682, LMG 8670, NETO 68	ICMP 8682, LMG 8670, NETO 68	0	69	1920450	1920548	parsed	low		
NCPPB 3434	2	isolated_by	This isolate was isolated by J.R. Neto IBSBF 68	J.R. Neto IBSBF 68	70	117	1920552	1920600	parsed	medium	person_or_source_text_not_automatically_an_identifier	
NCPPB 3435	1	collection_list	This isolate is also in the collections; ICMP 8688, LMG 8673, NETO 250	ICMP 8688, LMG 8673, NETO 250	0	70	1923722	1923821	parsed	low		
NCPPB 3435	2	isolated_by	This isolate was isolated by J.R. Neto IBSBF 250	J.R. Neto IBSBF 250	71	119	1923825	1923874	parsed	medium	person_or_source_text_not_automatically_an_identifier	
NCPPB 3437	1	collection_list	This isolate is also in the collections; ICMP 8046	ICMP 8046	0	50	1926274	1926353	parsed	low		
NCPPB 3438	1	collection_list	This isolate is also in the collections; ICMP 8045	ICMP 8045	0	50	1928753	1928832	parsed	low		
NCPPB 3438	2	isolated_by	This isolate was isolated by J.R. Neto IBSBF 444	J.R. Neto IBSBF 444	51	99	1928836	1928885	parsed	medium	person_or_source_text_not_automatically_an_identifier	
NCPPB 3440	1	donor_reference	The donor reference is IBSBF 368	IBSBF 368	0	32	1932077	1932138	parsed	medium		
NCPPB 3440	2	collection_list	This isolate is also in the collections; ICMP 7499	ICMP 7499	33	83	1932142	1932193	parsed	low		
NCPPB 3440	3	isolated_by	This isolate was isolated by ex A. Takatsu UnB 46	ex A. Takatsu UnB 46	84	133	1932197	1932247	parsed	medium	person_or_source_text_not_automatically_an_identifier	
NCPPB 3441	1	isolated_by	This isolate was isolated by J.R. Neto IBSBF 511	J.R. Neto IBSBF 511	0	48	1934826	1934903	parsed	medium	person_or_source_text_not_automatically_an_identifier	
NCPPB 3442	1	donor_reference	The donor reference is IBSBF 506	IBSBF 506	0	32	1937482	1937543	parsed	medium		
NCPPB 3442	2	collection_list	This isolate is also in the collections; ICMP 8925	ICMP 8925	33	83	1937547	1937598	parsed	low		
NCPPB 3442	3	isolated_by	This isolate was isolated by ex C.F. Robbs ENA 3123	ex C.F. Robbs ENA 3123	84	135	1937602	1937654	parsed	medium	person_or_source_text_not_automatically_an_identifier	
NCPPB 3443	1	donor_reference	The donor reference is IBSBF 505	IBSBF 505	0	32	1940262	1940323	parsed	medium		
NCPPB 3443	2	isolated_by	This isolate was isolated by ex C.F. Robbs ENA 3045	ex C.F. Robbs ENA 3045	33	84	1940327	1940379	parsed	medium	person_or_source_text_not_automatically_an_identifier	
NCPPB 3456	1	isolated_by	This isolate was isolated by J. Nemeth M192;	J. Nemeth M192;	0	44	1943555	1943628	parsed	medium	person_or_source_text_not_automatically_an_identifier	
NCPPB 3457	1	isolated_by	This isolate was isolated by J. Nemeth M21	J. Nemeth M21	0	42	1946804	1946875	parsed	medium	person_or_source_text_not_automatically_an_identifier	
NCPPB 3479	1	isolated_by	This isolate was isolated by D.L. Tomlinson PNG11779	D.L. Tomlinson PNG11779	0	52	1949296	1949377	parsed	medium	person_or_source_text_not_automatically_an_identifier	
NCPPB 3484	1	isolated_by	This isolate was isolated by M. Cugnsi 2	M. Cugnsi 2	0	40	1952230	1952299	parsed	medium	person_or_source_text_not_automatically_an_identifier	
NCPPB 3559	1	donor_reference	The donor reference is 507	507	0	26	1954734	1954789	parsed	medium		
NCPPB 3560	1	donor_reference	The donor reference is IBSBF 575	IBSBF 575	0	32	1957491	1957552	parsed	medium		
NCPPB 3560	2	collection_list	This isolate is also in the collections; ICMP 9261	ICMP 9261	33	83	1957556	1957607	parsed	low		
NCPPB 3561	1	donor_reference	The donor reference is IBSBF 576	IBSBF 576	0	32	1960308	1960369	parsed	medium		
NCPPB 3562	1	isolated_by	This isolate was isolated by Ramesh Chand IIH-Xcc5	Ramesh Chand IIH-Xcc5	0	50	1963796	1963875	parsed	medium	person_or_source_text_not_automatically_an_identifier	
NCPPB 3563	1	isolated_by	This isolate was isolated by Ramesh Chand IIH-Xcp1	Ramesh Chand IIH-Xcp1	0	50	1967045	1967124	parsed	medium	person_or_source_text_not_automatically_an_identifier	
NCPPB 3566	1	donor_reference	The donor reference is IIHXCCRI	IIHXCCRI	0	31	1969816	1969876	parsed	high	digit_free_donor_reference_requires_review_before_search	
NCPPB 3567	1	donor_reference	The donor reference is IIHXCCL	IIHXCCL	0	30	1972583	1972642	parsed	high	digit_free_donor_reference_requires_review_before_search	
NCPPB 3568	1	donor_reference	The donor reference is IIHXCCCN	IIHXCCCN	0	31	1975030	1975090	parsed	high	digit_free_donor_reference_requires_review_before_search	
NCPPB 3569	1	donor_reference	The donor reference is 1	1	0	24	1977948	1978001	parsed	medium		
NCPPB 3570	1	donor_reference	The donor reference is 2	2	0	24	1980868	1980921	parsed	medium		
NCPPB 3573	1	donor_reference	The donor reference is X2G2	X2G2	0	27	1984180	1984236	parsed	medium		
NCPPB 3582	1	isolated_by	This isolate was isolated by A.R. Chase X144	A.R. Chase X144	0	44	1987434	1987507	parsed	medium	person_or_source_text_not_automatically_an_identifier	
NCPPB 3583	1	isolated_by	This isolate was isolated by A R. Chase X 154	A R. Chase X 154	0	45	1990606	1990680	parsed	medium	person_or_source_text_not_automatically_an_identifier	
NCPPB 3586	1	collection_list	This isolate is also in the collections; CVCPB 1806, ICMP 9154, LMG 9055	CVCPB 1806, ICMP 9154, LMG 9055	0	72	1993121	1993222	parsed	low		
NCPPB 3586	2	isolated_by	This isolate was isolated by C.H. Zumoff L-212	C.H. Zumoff L-212	73	119	1993226	1993273	parsed	medium	person_or_source_text_not_automatically_an_identifier	
NCPPB 3587	1	collection_list	This isolate is also in the collections; CVCPB 1696	CVCPB 1696	0	51	1995938	1996018	parsed	low		
NCPPB 3587	2	isolated_by	This isolate was isolated by C H. Zumoff LX105	C H. Zumoff LX105	52	98	1996022	1996069	parsed	medium	person_or_source_text_not_automatically_an_identifier	
NCPPB 3588	1	donor_reference	The donor reference is X24	X24	0	26	1999236	1999291	parsed	medium		
NCPPB 3588	2	isolated_by	This isolate was isolated by ex D.D. Brunk PDD-659-82	ex D.D. Brunk PDD-659-82	27	80	1999295	1999349	parsed	medium	person_or_source_text_not_automatically_an_identifier	
NCPPB 3589	1	donor_reference	The donor reference is X37	X37	0	26	2002517	2002572	parsed	medium		
NCPPB 3589	2	isolated_by	This isolate was isolated by ex J.W. Miller	ex J.W. Miller	27	70	2002576	2002620	parsed	medium	person_or_source_text_not_automatically_an_identifier	
NCPPB 3592	1	donor_reference	The donor reference is A4102a	A4102a	0	29	2006015	2006073	parsed	medium		
NCPPB 3592	2	source_of_isolate	The source of this isolate was ex J. Cooper 2132A	ex J. Cooper 2132A	30	79	2006077	2006127	parsed	medium	person_or_source_text_not_automatically_an_identifier	
NCPPB 3593	1	donor_reference	The donor reference is A4102b	A4102b	0	29	2009268	2009326	parsed	medium		
NCPPB 3593	2	source_of_isolate	The source of this isolate was ex J. Cooper 2132B	ex J. Cooper 2132B	30	79	2009330	2009380	parsed	medium	person_or_source_text_not_automatically_an_identifier	
NCPPB 3595	1	isolated_by	This isolate was isolated by R. Kishun 11H XCP1	R. Kishun 11H XCP1	0	47	2012561	2012638	parsed	medium	person_or_source_text_not_automatically_an_identifier	
NCPPB 3596	1	isolated_by	This isolate was isolated by R. Kishun 11HXCM1	R. Kishun 11HXCM1	0	46	2015367	2015442	parsed	medium	person_or_source_text_not_automatically_an_identifier	
NCPPB 3607	1	isolated_by	This isolate was isolated by R. Chand IIH XCCI	R. Chand IIH XCCI	0	46	2018966	2019041	parsed	medium	person_or_source_text_not_automatically_an_identifier	
NCPPB 3608	1	isolated_by	This isolate was isolated by R. Chand IIHXCC2	R. Chand IIHXCC2	0	45	2022591	2022665	parsed	medium	person_or_source_text_not_automatically_an_identifier	
NCPPB 3609	1	isolated_by	This isolate was isolated by R. Chand IIHXCC4	R. Chand IIHXCC4	0	45	2026072	2026146	parsed	medium	person_or_source_text_not_automatically_an_identifier	
NCPPB 3611	1	isolated_by	This isolate was isolated by R. Chand IIH Xcgla	R. Chand IIH Xcgla	0	47	2028831	2028907	parsed	medium	person_or_source_text_not_automatically_an_identifier	
NCPPB 3612	1	donor_reference	The donor reference is IIH XCC7	IIH XCC7	0	31	2032400	2032460	parsed	medium		
NCPPB 3614	1	donor_reference	The donor reference is 11H XCVe1	11H XCVe1	0	32	2035145	2035206	parsed	medium		
NCPPB 3615	1	donor_reference	The donor reference is 11H XCC3	11H XCC3	0	31	2038723	2038783	parsed	medium		
NCPPB 3638	1	donor_reference	The donor reference is RCIIHXCP1	RCIIHXCP1	0	32	2041171	2041232	parsed	medium		
NCPPB 3638	2	isolated_by	This isolate was isolated by R. Chand	R. Chand	33	70	2041236	2041274	parsed	medium	person_or_source_text_not_automatically_an_identifier	
NCPPB 3639	1	donor_reference	The donor reference is RCIIHXCP2	RCIIHXCP2	0	32	2043662	2043723	parsed	medium		
NCPPB 3639	2	isolated_by	This isolate was isolated by R. Chand	R. Chand	33	70	2043727	2043765	parsed	medium	person_or_source_text_not_automatically_an_identifier	
NCPPB 3640	1	donor_reference	The donor reference is XCP3	XCP3	0	27	2046153	2046209	parsed	medium		
NCPPB 3640	2	isolated_by	This isolate was isolated by R. Chand	R. Chand	28	65	2046213	2046251	parsed	medium	person_or_source_text_not_automatically_an_identifier	
NCPPB 3641	1	donor_reference	The donor reference is XCP4	XCP4	0	27	2048639	2048695	parsed	medium		
NCPPB 3641	2	isolated_by	This isolate was isolated by R. Chand	R. Chand	28	65	2048699	2048737	parsed	medium	person_or_source_text_not_automatically_an_identifier	
NCPPB 3642	1	donor_reference	The donor reference is IIHXCg3	IIHXCg3	0	30	2051422	2051481	parsed	medium		
NCPPB 3642	2	isolated_by	This isolate was isolated by R. Chand	R. Chand	31	68	2051485	2051523	parsed	medium	person_or_source_text_not_automatically_an_identifier	
NCPPB 3646	1	donor_reference	The donor reference is ISBF 272	ISBF 272	0	31	2054485	2054545	parsed	medium		
NCPPB 3646	2	source_of_isolate	The source of this isolate was ex O. Kimura ex J.C. Lozano CIAT 1164	ex O. Kimura ex J.C. Lozano CIAT 1164	32	100	2054549	2054618	parsed	medium	person_or_source_text_not_automatically_an_identifier	
NCPPB 3647	1	donor_reference	The donor reference is ISBF 273	ISBF 273	0	31	2057579	2057639	parsed	medium		
NCPPB 3647	2	source_of_isolate	The source of this isolate was ex O. Kimura ex J.C. Lozano CIAT 1195	ex O. Kimura ex J.C. Lozano CIAT 1195	32	100	2057643	2057712	parsed	medium	person_or_source_text_not_automatically_an_identifier	
NCPPB 3651	1	donor_reference	The donor reference is ISBF 366	ISBF 366	0	31	2060903	2060963	parsed	medium		
NCPPB 3651	2	collection_list	This isolate is also in the collections; ICMP 7497	ICMP 7497	32	82	2060967	2061018	parsed	low		
NCPPB 3651	3	source_of_isolate	The source of this isolate was ex A. Takatsu UnB-45	ex A. Takatsu UnB-45	83	134	2061022	2061074	parsed	medium	person_or_source_text_not_automatically_an_identifier	
NCPPB 3652	1	donor_reference	The donor reference is ISBF 367	ISBF 367	0	31	2064265	2064325	parsed	medium		
NCPPB 3652	2	collection_list	This isolate is also in the collections; ICMP 7498	ICMP 7498	32	82	2064329	2064380	parsed	low		
NCPPB 3652	3	source_of_isolate	The source of this isolate was ex A. Takatsu UnB-47	ex A. Takatsu UnB-47	83	134	2064384	2064436	parsed	medium	person_or_source_text_not_automatically_an_identifier	
NCPPB 3653	1	donor_reference	The donor reference is ISBF 353	ISBF 353	0	31	2067923	2067983	parsed	medium		
NCPPB 3654	1	donor_reference	The donor reference is ISBF 380	ISBF 380	0	31	2071544	2071604	parsed	medium		
NCPPB 3655	1	donor_reference	The donor reference is ISBF 381	ISBF 381	0	31	2075137	2075197	parsed	medium		
NCPPB 3655	2	collection_list	This isolate is also in the collections; ICMP 8432	ICMP 8432	32	82	2075201	2075252	parsed	low		
NCPPB 3656	1	donor_reference	The donor reference is ISBF 255	ISBF 255	0	31	2078507	2078567	parsed	medium		
NCPPB 3656	2	source_of_isolate	The source of this isolate was ex M.H. Sugimori Fito CIA 2836	ex M.H. Sugimori Fito CIA 2836	32	93	2078571	2078633	parsed	medium	person_or_source_text_not_automatically_an_identifier	
NCPPB 3657	1	donor_reference	The donor reference is ISBF 269	ISBF 269	0	31	2081887	2081947	parsed	medium		
NCPPB 3658	1	donor_reference	The donor reference is ISBF 327	ISBF 327	0	31	2084846	2084906	parsed	medium		
NCPPB 3658	2	collection_list	This isolate is also in the collections; CFBP 7119	CFBP 7119	32	82	2084910	2084961	parsed	low		
NCPPB 3659	1	donor_reference	The donor reference is ISBF 333	ISBF 333	0	31	2087638	2087698	parsed	medium		
NCPPB 3660	1	donor_reference	The donor reference is ISBF 253	ISBF 253	0	31	2090876	2090936	parsed	medium		
NCPPB 3661	1	donor_reference	The donor reference is ISBF 443	ISBF 443	0	31	2093819	2093879	parsed	medium		
NCPPB 3662	1	donor_reference	The donor reference is ISBF 159	ISBF 159	0	31	2097334	2097394	parsed	medium		
NCPPB 3662	2	collection_list	This isolate is also in the collections; ICMP 7462	ICMP 7462	32	82	2097398	2097449	parsed	low		
NCPPB 3663	1	donor_reference	The donor reference is ISBF 473	ISBF 473	0	31	2100399	2100459	parsed	medium		
NCPPB 3705	1	isolated_by	This isolate was isolated by A. Sletten 80-27	A. Sletten 80-27	0	45	2103403	2103477	parsed	medium	person_or_source_text_not_automatically_an_identifier	
NCPPB 3706	1	isolated_by	This isolate was isolated by A. Sletten 85-37	A. Sletten 85-37	0	45	2106892	2106966	parsed	medium	person_or_source_text_not_automatically_an_identifier	
NCPPB 3709	1	isolated_by	This isolate was isolated by A. Sletten 78-37	A. Sletten 78-37	0	45	2110527	2110601	parsed	medium	person_or_source_text_not_automatically_an_identifier	
NCPPB 3711	1	isolated_by	This isolate was isolated by A. Sletten 78-41	A. Sletten 78-41	0	45	2114161	2114235	parsed	medium	person_or_source_text_not_automatically_an_identifier	
NCPPB 3712	1	isolated_by	This isolate was isolated by A. Sletten 78-44	A. Sletten 78-44	0	45	2117396	2117470	parsed	medium	person_or_source_text_not_automatically_an_identifier	
NCPPB 3713	1	isolated_by	This isolate was isolated by A. Sletten 78-46	A. Sletten 78-46	0	45	2121006	2121080	parsed	medium	person_or_source_text_not_automatically_an_identifier	
NCPPB 3714	1	isolated_by	This isolate was isolated by A. Sletten 78-47	A. Sletten 78-47	0	45	2124241	2124315	parsed	medium	person_or_source_text_not_automatically_an_identifier	
NCPPB 3716	1	isolated_by	This isolate was isolated by A. Sletten 80-9	A. Sletten 80-9	0	44	2127476	2127549	parsed	medium	person_or_source_text_not_automatically_an_identifier	
NCPPB 3717	1	isolated_by	This isolate was isolated by A. Sletten 80-10	A. Sletten 80-10	0	45	2130710	2130784	parsed	medium	person_or_source_text_not_automatically_an_identifier	
NCPPB 3718	1	isolated_by	This isolate was isolated by A. Sletten 80-18	A. Sletten 80-18	0	45	2133945	2134019	parsed	medium	person_or_source_text_not_automatically_an_identifier	
NCPPB 3719	1	isolated_by	This isolate was isolated by A. Sletten 80-23	A. Sletten 80-23	0	45	2137180	2137254	parsed	medium	person_or_source_text_not_automatically_an_identifier	
NCPPB 3720	1	isolated_by	This isolate was isolated by A. Sletten 87-16	A. Sletten 87-16	0	45	2140415	2140489	parsed	medium	person_or_source_text_not_automatically_an_identifier	
NCPPB 3722	1	isolated_by	This isolate was isolated by A. Sletten 84-20	A. Sletten 84-20	0	45	2143660	2143734	parsed	medium	person_or_source_text_not_automatically_an_identifier	
NCPPB 3742	1	donor_reference	The donor reference is IBSBF 392	IBSBF 392	0	32	2147292	2147353	parsed	medium		
NCPPB 3742	2	source_of_isolate	The source of this isolate was ex D. Zagoty XC-8	ex D. Zagoty XC-8	33	81	2147357	2147406	parsed	medium	person_or_source_text_not_automatically_an_identifier	
NCPPB 3743	1	isolated_by	This isolate was isolated by J.R. Neto IBSBF 90	J.R. Neto IBSBF 90	0	47	2150428	2150504	parsed	medium	person_or_source_text_not_automatically_an_identifier	
NCPPB 3744	1	collection_list	This isolate is also in the collections; ICMP 7492	ICMP 7492	0	50	2153391	2153470	parsed	low		
NCPPB 3744	2	isolated_by	This isolate was isolated by J.R. Neto IBSBF 341	J.R. Neto IBSBF 341	51	99	2153474	2153523	parsed	medium	person_or_source_text_not_automatically_an_identifier	
NCPPB 3753	1	collection_list	This isolate is also in the collections; ICMP 9854	ICMP 9854	0	50	2156152	2156231	parsed	low		
NCPPB 3753	2	isolated_by	This isolate was isolated by Y. Takiwawa XCN 8201 (546)	Y. Takiwawa XCN 8201 (546)	51	106	2156235	2156291	parsed	medium	person_or_source_text_not_automatically_an_identifier	
NCPPB 3754	1	collection_list	This isolate is also in the collections; ICMP 9857	ICMP 9857	0	50	2158920	2158999	parsed	low		
NCPPB 3754	2	isolated_by	This isolate was isolated by Y. Takiwawa XCN 8203 (548)	Y. Takiwawa XCN 8203 (548)	51	106	2159003	2159059	parsed	medium	person_or_source_text_not_automatically_an_identifier	
NCPPB 3758	1	donor_reference	The donor reference is IBSBF 771	IBSBF 771	0	32	2162285	2162346	parsed	medium		
NCPPB 3758	2	source_of_isolate	The source of this isolate was ex I.M.G. Almeida	ex I.M.G. Almeida	33	81	2162350	2162399	parsed	medium	person_or_source_text_not_automatically_an_identifier	
NCPPB 3759	1	collection_list	This isolate is also in the collections; ICMP 12547	ICMP 12547	0	51	2165142	2165222	parsed	low		
NCPPB 3759	2	isolated_by	This isolate was isolated by R. Chand 1	R. Chand 1	52	91	2165226	2165266	parsed	medium	person_or_source_text_not_automatically_an_identifier	
NCPPB 3761	1	isolated_by	This isolate was isolated by R. Chand 4	R. Chand 4	0	39	2168394	2168462	parsed	medium	person_or_source_text_not_automatically_an_identifier	
NCPPB 3776	1	isolated_by	This isolate was isolated by D.E. Stead	D.E. Stead	0	39	2171664	2171732	parsed	medium	person_or_source_text_not_automatically_an_identifier	
NCPPB 3786	1	donor_reference	The donor reference is 9	9	0	24	2174419	2174472	parsed	medium		
NCPPB 3786	2	isolated_by	This isolate was isolated by ex K.I. Beltyukova 9	ex K.I. Beltyukova 9	25	74	2174476	2174526	parsed	medium	person_or_source_text_not_automatically_an_identifier	
NCPPB 3795	1	collection_list	This isolate is also in the collections; ICMP 11060	ICMP 11060	0	51	2176952	2177032	parsed	low		
NCPPB 3795	2	isolated_by	This isolate was isolated by J. Duff 19207	J. Duff 19207	52	94	2177036	2177079	parsed	medium	person_or_source_text_not_automatically_an_identifier	
NCPPB 3796	1	collection_list	This isolate is also in the collections; ICMP 11059	ICMP 11059	0	51	2179496	2179576	parsed	low		
NCPPB 3796	2	isolated_by	This isolate was isolated by J. Duff 19206	J. Duff 19206	52	94	2179580	2179623	parsed	medium	person_or_source_text_not_automatically_an_identifier	
NCPPB 3797	1	isolated_by	This isolate was isolated by J.E. Sellwood A5125/	J.E. Sellwood A5125/	0	49	2182266	2182344	parsed	medium	person_or_source_text_not_automatically_an_identifier	
NCPPB 3799	1	isolated_by	This isolate was isolated by J.E. Sellwood A5128/1	J.E. Sellwood A5128/1	0	50	2185807	2185886	parsed	medium	person_or_source_text_not_automatically_an_identifier	
NCPPB 3800	1	donor_reference	The donor reference is 13	13	0	25	2188571	2188625	parsed	medium		
NCPPB 3801	1	donor_reference	The donor reference is 14	14	0	25	2191310	2191364	parsed	medium		
NCPPB 3829	1	isolated_by	This isolate was isolated by A. Sletten 78-38	A. Sletten 78-38	0	45	2194762	2194836	parsed	medium	person_or_source_text_not_automatically_an_identifier	
NCPPB 3830	1	isolated_by	This isolate was isolated by A. Sletten 80-20	A. Sletten 80-20	0	45	2198234	2198308	parsed	medium	person_or_source_text_not_automatically_an_identifier	
NCPPB 3831	1	isolated_by	This isolate was isolated by A. Sletten 80-22	A. Sletten 80-22	0	45	2201706	2201780	parsed	medium	person_or_source_text_not_automatically_an_identifier	
NCPPB 3832	1	isolated_by	This isolate was isolated by J.E. Sellwood A6340	J.E. Sellwood A6340	0	48	2205250	2205327	parsed	medium	person_or_source_text_not_automatically_an_identifier	
NCPPB 3870	1	isolated_by	This isolate was isolated by M Scortichini ISPAVE-B-018	M Scortichini ISPAVE-B-018	0	55	2208511	2208595	parsed	medium	person_or_source_text_not_automatically_an_identifier	
NCPPB 3875	1	isolated_by	This isolate was isolated by M Scortichini ISPAVE-B- 016	M Scortichini ISPAVE-B- 016	0	56	2211779	2211864	parsed	medium	person_or_source_text_not_automatically_an_identifier	
NCPPB 3876	1	isolated_by	This isolate was isolated by M Scortichini ISPAVE-B-017	M Scortichini ISPAVE-B-017	0	55	2215048	2215132	parsed	medium	person_or_source_text_not_automatically_an_identifier	
NCPPB 3877	1	isolated_by	This isolate was isolated by M Scortichini ISPAVE-B-004	M Scortichini ISPAVE-B-004	0	55	2218029	2218113	parsed	medium	person_or_source_text_not_automatically_an_identifier	
NCPPB 3878	1	isolated_by	This isolate was isolated by M Scortichini ISPAVE-B-006	M Scortichini ISPAVE-B-006	0	55	2221018	2221102	parsed	medium	person_or_source_text_not_automatically_an_identifier	
NCPPB 3880	1	donor_reference	The donor reference is A5922	A5922	0	28	2224242	2224299	parsed	medium		
NCPPB 3883	1	isolated_by	This isolate was isolated by J.D. Mihail 90-101	J.D. Mihail 90-101	0	47	2227155	2227231	parsed	medium	person_or_source_text_not_automatically_an_identifier	
NCPPB 3883	2	source_of_isolate	The source of this isolate was ex C.N. Hodge	ex C.N. Hodge	48	92	2227235	2227280	parsed	medium	person_or_source_text_not_automatically_an_identifier	
NCPPB 3884	1	isolated_by	This isolate was isolated by J.D. Mihail 90-101	J.D. Mihail 90-101	0	47	2230135	2230211	parsed	medium	person_or_source_text_not_automatically_an_identifier	
NCPPB 3884	2	source_of_isolate	The source of this isolate was ex C.N. Hodge	ex C.N. Hodge	48	92	2230215	2230260	parsed	medium	person_or_source_text_not_automatically_an_identifier	
NCPPB 3885	1	isolated_by	This isolate was isolated by R. Chand BHV RCI	R. Chand BHV RCI	0	45	2233476	2233550	parsed	medium	person_or_source_text_not_automatically_an_identifier	
NCPPB 3886	1	isolated_by	This isolate was isolated by R. Chand RC2A	R. Chand RC2A	0	42	2235945	2236016	parsed	medium	person_or_source_text_not_automatically_an_identifier	
NCPPB 3887	1	isolated_by	This isolate was isolated by R. Chand RC2B	R. Chand RC2B	0	42	2238411	2238482	parsed	medium	person_or_source_text_not_automatically_an_identifier	
NCPPB 3888	1	collection_list	This isolate is also in the collections; ICMP 12476	ICMP 12476	0	51	2240872	2240952	parsed	low		
NCPPB 3888	2	isolated_by	This isolate was isolated by R. Chand RC4B	R. Chand RC4B	52	94	2240956	2240999	parsed	medium	person_or_source_text_not_automatically_an_identifier	
NCPPB 3890	1	isolated_by	This isolate was isolated by A. Aspin A6220	A. Aspin A6220	0	43	2243455	2243527	parsed	medium	person_or_source_text_not_automatically_an_identifier	
NCPPB 3925	1	donor_reference	The donor reference is RCCP	RCCP	0	27	2246286	2246342	parsed	high	digit_free_donor_reference_requires_review_before_search	
NCPPB 3926	1	donor_reference	The donor reference is RCIPO	RCIPO	0	28	2249101	2249158	parsed	high	digit_free_donor_reference_requires_review_before_search	
NCPPB 3927	1	donor_reference	The donor reference is IBSBF 1080	IBSBF 1080	0	33	2251863	2251925	parsed	medium		
NCPPB 3927	2	isolated_by	This isolate was isolated by ex V.A. Malarotta Jr.	ex V.A. Malarotta Jr.	34	84	2251929	2251980	parsed	medium	person_or_source_text_not_automatically_an_identifier	
NCPPB 3927	3	source_of_isolate	The source of this isolate was ex IBSBF	ex IBSBF	85	124	2251984	2252024	parsed	medium	person_or_source_text_not_automatically_an_identifier	
NCPPB 3931	1	isolated_by	This isolate was isolated by J.E. Sellwood & J.K. Wilson A6520/1	J.E. Sellwood & J.K. Wilson A6520/1	0	64	2255191	2255284	parsed	medium	person_or_source_text_not_automatically_an_identifier	
NCPPB 3932	1	isolated_by	This isolate was isolated by J.E. Sellwood & J.K. Wilson A5420/2	J.E. Sellwood & J.K. Wilson A5420/2	0	64	2258452	2258545	parsed	medium	person_or_source_text_not_automatically_an_identifier	
NCPPB 3942	1	isolated_by	This isolate was isolated by L. O'Garro W4	L. O'Garro W4	0	42	2261682	2261753	parsed	medium	person_or_source_text_not_automatically_an_identifier	
NCPPB 3943	1	isolated_by	This isolate was isolated by L. O'Garro G6	L. O'Garro G6	0	42	2264890	2264961	parsed	medium	person_or_source_text_not_automatically_an_identifier	
NCPPB 3944	1	isolated_by	This isolate was isolated by L. O'Garro Fr 58B	L. O'Garro Fr 58B	0	46	2267771	2267846	parsed	medium	person_or_source_text_not_automatically_an_identifier	
NCPPB 3947	1	donor_reference	The donor reference is IMI B9313	IMI B9313	0	32	2270745	2270806	parsed	medium		
NCPPB 3947	2	isolated_by	This isolate was isolated by J.Bradbury	J.Bradbury	33	72	2270810	2270850	parsed	medium	person_or_source_text_not_automatically_an_identifier	
NCPPB 3948	1	donor_reference	The donor reference is IMI B9336	IMI B9336	0	32	2274088	2274149	parsed	medium		
NCPPB 3948	2	isolated_by	This isolate was isolated by J.Bradbury	J.Bradbury	33	72	2274153	2274193	parsed	medium	person_or_source_text_not_automatically_an_identifier	
NCPPB 3949	1	donor_reference	The donor reference is IMI B11542	IMI B11542	0	33	2277403	2277465	parsed	medium		
NCPPB 3949	2	isolated_by	This isolate was isolated by J.Bradbury	J.Bradbury	34	73	2277469	2277509	parsed	medium	person_or_source_text_not_automatically_an_identifier	
NCPPB 3950	1	donor_reference	The donor reference is IMI B11688	IMI B11688	0	33	2280995	2281057	parsed	medium		
NCPPB 3950	2	isolated_by	This isolate was isolated by J.Bradbury	J.Bradbury	34	73	2281061	2281101	parsed	medium	person_or_source_text_not_automatically_an_identifier	
NCPPB 3951	1	donor_reference	The donor reference is IMI B9658	IMI B9658	0	32	2284285	2284346	parsed	medium		
NCPPB 3951	2	isolated_by	This isolate was isolated by J.Bradbury	J.Bradbury	33	72	2284350	2284390	parsed	medium	person_or_source_text_not_automatically_an_identifier	
NCPPB 3953	1	donor_reference	The donor reference is IMI B9124	IMI B9124	0	32	2287561	2287622	parsed	medium		
NCPPB 3953	2	isolated_by	This isolate was isolated by J.Bradbury	J.Bradbury	33	72	2287626	2287666	parsed	medium	person_or_source_text_not_automatically_an_identifier	
NCPPB 3954	1	donor_reference	The donor reference is IMI B11393	IMI B11393	0	33	2290363	2290425	parsed	medium		
NCPPB 3954	2	isolated_by	This isolate was isolated by J.Bradbury	J.Bradbury	34	73	2290429	2290469	parsed	medium	person_or_source_text_not_automatically_an_identifier	
NCPPB 3955	1	donor_reference	The donor reference is IMI B11426	IMI B11426	0	33	2293696	2293758	parsed	medium		
NCPPB 3955	2	isolated_by	This isolate was isolated by J.Bradbury	J.Bradbury	34	73	2293762	2293802	parsed	medium	person_or_source_text_not_automatically_an_identifier	
NCPPB 3956	1	donor_reference	The donor reference is IMI B11680b	IMI B11680b	0	34	2297175	2297238	parsed	medium		
NCPPB 3956	2	isolated_by	This isolate was isolated by J. Bradbury	J. Bradbury	35	75	2297242	2297283	parsed	medium	person_or_source_text_not_automatically_an_identifier	
NCPPB 3957	1	donor_reference	The donor reference is IMI B11059	IMI B11059	0	33	2300681	2300743	parsed	medium		
NCPPB 3957	2	isolated_by	This isolate was isolated by J.Bradbury	J.Bradbury	34	73	2300747	2300787	parsed	medium	person_or_source_text_not_automatically_an_identifier	
NCPPB 3959	1	donor_reference	The donor reference is IMI B102166	IMI B102166	0	34	2304188	2304251	parsed	medium		
NCPPB 3959	2	isolated_by	This isolate was isolated by J.Bradbury	J.Bradbury	35	74	2304255	2304295	parsed	medium	person_or_source_text_not_automatically_an_identifier	
NCPPB 3960	1	isolated_by	This isolate was isolated by A. Aspin CSL962462	A. Aspin CSL962462	0	47	2307463	2307539	parsed	medium	person_or_source_text_not_automatically_an_identifier	
NCPPB 4013	1	donor_reference	The donor reference is 6	6	0	24	2310223	2310276	parsed	medium		
NCPPB 4013	2	collection_list	This isolate is also in the collections; ICMP 10007	ICMP 10007	25	76	2310280	2310332	parsed	low		
NCPPB 4014	1	donor_reference	The donor reference is SB-K	SB-K	0	27	2313015	2313071	parsed	high	digit_free_donor_reference_requires_review_before_search	
NCPPB 4015	1	donor_reference	The donor reference is M-9	M-9	0	26	2315754	2315809	parsed	medium		
NCPPB 4031	1	donor_reference	The donor reference is 972200	972200	0	29	2318984	2319042	parsed	medium		
NCPPB 4031	2	isolated_by	This isolate was isolated by A. Aspin	A. Aspin	30	67	2319046	2319084	parsed	medium	person_or_source_text_not_automatically_an_identifier	
NCPPB 4031	3	source_of_isolate	The source of this isolate was ADAS 97001669	ADAS 97001669	68	112	2319088	2319133	parsed	medium	person_or_source_text_not_automatically_an_identifier	
NCPPB 4032	1	donor_reference	The donor reference is 972270	972270	0	29	2322307	2322365	parsed	medium		
NCPPB 4032	2	isolated_by	This isolate was isolated by A. Aspin	A. Aspin	30	67	2322369	2322407	parsed	medium	person_or_source_text_not_automatically_an_identifier	
NCPPB 4033	1	donor_reference	The donor reference is 700a	700a	0	27	2325576	2325632	parsed	medium		
NCPPB 4033	2	isolated_by	This isolate was isolated by ex. F. Sahin	ex. F. Sahin	28	69	2325636	2325678	parsed	medium	person_or_source_text_not_automatically_an_identifier	
NCPPB 4034	1	donor_reference	The donor reference is 701a	701a	0	27	2328847	2328903	parsed	medium		
NCPPB 4034	2	isolated_by	This isolate was isolated by ex. F. Sahin	ex. F. Sahin	28	69	2328907	2328949	parsed	medium	person_or_source_text_not_automatically_an_identifier	
NCPPB 4037	1	donor_reference	The donor reference is 981703	981703	0	29	2332319	2332377	parsed	medium		
NCPPB 4037	2	isolated_by	This isolate was isolated by A Aspin	A Aspin	30	66	2332381	2332418	parsed	medium	person_or_source_text_not_automatically_an_identifier	
NCPPB 4058	1	donor_reference	The donor reference is 985855	985855	0	29	2335586	2335644	parsed	medium		
NCPPB 4058	2	isolated_by	This isolate was isolated by H. Stanford	H. Stanford	30	70	2335648	2335689	parsed	medium	person_or_source_text_not_automatically_an_identifier	
NCPPB 4181	1	donor_reference	The donor reference is 463	463	0	26	2338190	2338245	parsed	medium		
NCPPB 4183	1	donor_reference	The donor reference is PD2806	PD2806	0	29	2340913	2340971	parsed	medium		
NCPPB 4183	2	collection_list	This isolate is also in the collections; 17065	17065	30	76	2340975	2341022	parsed	low		
NCPPB 4183	3	isolated_by	This isolate was isolated by JD Janse	JD Janse	77	114	2341026	2341064	parsed	medium	person_or_source_text_not_automatically_an_identifier	
NCPPB 4210	1	isolated_by	This isolate was isolated by Helena Stanford	Helena Stanford	0	44	2343792	2343865	parsed	medium	person_or_source_text_not_automatically_an_identifier	
NCPPB 4231	1	donor_reference	The donor reference is 2011627	2011627	0	30	2346477	2346536	parsed	medium		
NCPPB 4231	2	isolated_by	This isolate was isolated by H. Stanford	H. Stanford	31	71	2346540	2346581	parsed	medium	person_or_source_text_not_automatically_an_identifier	
NCPPB 4232	1	donor_reference	The donor reference is 2011626	2011626	0	30	2349193	2349252	parsed	medium		
NCPPB 4232	2	isolated_by	This isolate was isolated by H. Stanford	H. Stanford	31	71	2349256	2349297	parsed	medium	person_or_source_text_not_automatically_an_identifier	
NCPPB 4321	1	donor_reference	The donor reference is XV938	XV938	0	28	2351973	2352030	parsed	medium		
NCPPB 4321	2	collection_list	This isolate is also in the collections; DSM 18975	DSM 18975	29	79	2352034	2352085	parsed	low		
NCPPB 4322	1	donor_reference	The donor reference is XV1220	XV1220	0	29	2354992	2355050	parsed	medium		
NCPPB 4323	1	donor_reference	The donor reference is XV444	XV444	0	28	2357695	2357752	parsed	medium		
NCPPB 4324	1	donor_reference	The donor reference is XV448	XV448	0	28	2360397	2360454	parsed	medium		
NCPPB 4326	1	donor_reference	The donor reference is Xcz A5	Xcz A5	0	29	2363558	2363616	parsed	medium		
NCPPB 4340	1	donor_reference	The donor reference is UN-20506424	UN-20506424	0	34	2367026	2367089	parsed	medium		
NCPPB 4340	2	isolated_by	This isolate was isolated by Helena Stanford	Helena Stanford	35	79	2367093	2367138	parsed	medium	person_or_source_text_not_automatically_an_identifier	
NCPPB 4340	3	source_of_isolate	The source of this isolate was Diagnosis lab. Ex Zinnia material	Diagnosis lab. Ex Zinnia material	80	144	2367142	2367207	parsed	medium	person_or_source_text_not_automatically_an_identifier	
NCPPB 4341	1	donor_reference	The donor reference is VdM4	VdM4	0	27	2369590	2369646	parsed	medium		
NCPPB 4341	2	collection_list	This isolate is also in the collections; LMG 471	LMG 471	28	76	2369650	2369699	parsed	low		
NCPPB 4341	3	isolated_by	This isolate was isolated by M.Beramis	M.Beramis	77	115	2369703	2369742	parsed	medium	person_or_source_text_not_automatically_an_identifier	
NCPPB 4341	4	source_of_isolate	The source of this isolate was LMG	LMG	116	150	2369746	2369781	parsed	medium	person_or_source_text_not_automatically_an_identifier	
NCPPB 4342	1	donor_reference	The donor reference is Dsk 129	Dsk 129	0	30	2372750	2372809	parsed	medium		
NCPPB 4342	2	collection_list	This isolate is also in the collections; ICMP 8923, LMG 12141	ICMP 8923, LMG 12141	31	92	2372813	2372875	parsed	low		
NCPPB 4342	3	isolated_by	This isolate was isolated by M. de Kam	M. de Kam	93	131	2372879	2372918	parsed	medium	person_or_source_text_not_automatically_an_identifier	
NCPPB 4342	4	source_of_isolate	The source of this isolate was ICMP	ICMP	132	167	2372922	2372958	parsed	medium	person_or_source_text_not_automatically_an_identifier	
NCPPB 4343	1	donor_reference	The donor reference is 1601-1	1601-1	0	29	2376438	2376496	parsed	medium		
NCPPB 4343	2	collection_list	This isolate is also in the collections; ICMP 12545, CFBP 1976,Samson 1601.1, LMG 947	ICMP 12545, CFBP 1976,Samson 1601.1, LMG 947	30	115	2376500	2376586	parsed	low		
NCPPB 4343	3	isolated_by	This isolate was isolated by R.Sampson	R.Sampson	116	154	2376590	2376629	parsed	medium	person_or_source_text_not_automatically_an_identifier	
NCPPB 4343	4	source_of_isolate	The source of this isolate was ICMP	ICMP	155	190	2376633	2376669	parsed	medium	person_or_source_text_not_automatically_an_identifier	
NCPPB 4344	1	donor_reference	The donor reference is 03-29991	03-29991	0	31	2380322	2380382	parsed	medium		
NCPPB 4344	2	collection_list	This isolate is also in the collections; ICMP 9991	ICMP 9991	32	82	2380386	2380437	parsed	low		
NCPPB 4344	3	isolated_by	This isolate was isolated by K.Luo	K.Luo	83	117	2380441	2380476	parsed	medium	person_or_source_text_not_automatically_an_identifier	
NCPPB 4344	4	source_of_isolate	The source of this isolate was ICMP	ICMP	118	153	2380480	2380516	parsed	medium	person_or_source_text_not_automatically_an_identifier	
NCPPB 4345	1	donor_reference	The donor reference is 1	1	0	24	2383406	2383459	parsed	medium		
NCPPB 4345	2	collection_list	This isolate is also in the collections; ICMP 8306. LMG 9043	ICMP 8306. LMG 9043	25	85	2383463	2383524	parsed	low		
NCPPB 4345	3	isolated_by	This isolate was isolated by R. Easwaramurthy	R. Easwaramurthy	86	131	2383528	2383574	parsed	medium	person_or_source_text_not_automatically_an_identifier	
NCPPB 4345	4	source_of_isolate	The source of this isolate was ICMP	ICMP	132	167	2383578	2383614	parsed	medium	person_or_source_text_not_automatically_an_identifier	
NCPPB 4346	1	donor_reference	The donor reference is G2	G2	0	25	2386634	2386688	parsed	medium		
NCPPB 4346	2	collection_list	This isolate is also in the collections; ICMP 8788	ICMP 8788	26	76	2386692	2386743	parsed	low		
NCPPB 4346	3	isolated_by	This isolate was isolated by Z. Fang	Z. Fang	77	113	2386747	2386784	parsed	medium	person_or_source_text_not_automatically_an_identifier	
NCPPB 4346	4	source_of_isolate	The source of this isolate was ICMP	ICMP	114	149	2386788	2386824	parsed	medium	person_or_source_text_not_automatically_an_identifier	
NCPPB 4347	1	donor_reference	The donor reference is Ma 2	Ma 2	0	27	2389787	2389843	parsed	medium		
NCPPB 4347	2	collection_list	This isolate is also in the collections; ICMP 11536, ATCC 51262	ICMP 11536, ATCC 51262	28	91	2389847	2389911	parsed	low		
NCPPB 4347	3	isolated_by	This isolate was isolated by M. Goto	M. Goto	92	128	2389915	2389952	parsed	medium	person_or_source_text_not_automatically_an_identifier	
NCPPB 4347	4	source_of_isolate	The source of this isolate was ICMP	ICMP	129	164	2389956	2389992	parsed	medium	person_or_source_text_not_automatically_an_identifier	
NCPPB 4348	1	collection_list	This isolate is also in the collections; ICMP 8949, ITCC	ICMP 8949, ITCC	0	56	2392945	2393030	parsed	low		
NCPPB 4348	2	isolated_by	This isolate was isolated by Durgapal. J.C.	Durgapal. J.C.	57	100	2393034	2393078	parsed	medium	person_or_source_text_not_automatically_an_identifier	
NCPPB 4348	3	source_of_isolate	The source of this isolate was ICMP	ICMP	101	136	2393082	2393118	parsed	medium	person_or_source_text_not_automatically_an_identifier	
NCPPB 4349	1	donor_reference	The donor reference is B6	B6	0	25	2395853	2395907	parsed	medium		
NCPPB 4349	2	collection_list	This isolate is also in the collections; ICMP 9627, ATCC 49152	ICMP 9627, ATCC 49152	26	88	2395911	2395974	parsed	low		
NCPPB 4349	3	isolated_by	This isolate was isolated by L.E.Claflin	L.E.Claflin	89	129	2395978	2396019	parsed	medium	person_or_source_text_not_automatically_an_identifier	
NCPPB 4349	4	source_of_isolate	The source of this isolate was ICMP	ICMP	130	165	2396023	2396059	parsed	medium	person_or_source_text_not_automatically_an_identifier	
NCPPB 4350	1	donor_reference	The donor reference is X259 (87-56A)	X259 (87-56A)	0	36	2398929	2398994	parsed	medium		
NCPPB 4350	2	collection_list	This isolate is also in the collections; LMG 8678, ICMP 9513, ATCC 700187	LMG 8678, ICMP 9513, ATCC 700187	37	110	2398998	2399072	parsed	low		
NCPPB 4350	3	isolated_by	This isolate was isolated by A.R. Chase	A.R. Chase	111	150	2399076	2399116	parsed	medium	person_or_source_text_not_automatically_an_identifier	
NCPPB 4350	4	source_of_isolate	The source of this isolate was ICMP	ICMP	151	186	2399120	2399156	parsed	medium	person_or_source_text_not_automatically_an_identifier	
NCPPB 4351	1	donor_reference	The donor reference is FC1	FC1	0	26	2402160	2402215	parsed	medium		
NCPPB 4351	2	collection_list	This isolate is also in the collections; ICMP 9261, IBSF 575	ICMP 9261, IBSF 575	27	87	2402219	2402280	parsed	low		
NCPPB 4351	3	isolated_by	This isolate was isolated by J.R.Neto	J.R.Neto	88	125	2402284	2402322	parsed	medium	person_or_source_text_not_automatically_an_identifier	
NCPPB 4351	4	source_of_isolate	The source of this isolate was ICMP	ICMP	126	161	2402326	2402362	parsed	medium	person_or_source_text_not_automatically_an_identifier	
NCPPB 4352	1	donor_reference	The donor reference is Zo2	Zo2	0	26	2405334	2405389	parsed	medium		
NCPPB 4352	2	collection_list	This isolate is also in the collections; ICMP 8787, LMG 9060	ICMP 8787, LMG 9060	27	87	2405393	2405454	parsed	low		
NCPPB 4352	3	isolated_by	This isolate was isolated by X.Z.Ren	X.Z.Ren	88	124	2405458	2405495	parsed	medium	person_or_source_text_not_automatically_an_identifier	
NCPPB 4352	4	source_of_isolate	The source of this isolate was ICMP	ICMP	125	160	2405499	2405535	parsed	medium	person_or_source_text_not_automatically_an_identifier	
NCPPB 4353	1	donor_reference	The donor reference is TC1	TC1	0	26	2408406	2408461	parsed	medium		
NCPPB 4353	2	collection_list	This isolate is also in the collections; ICMP 6774, LMG 8684, NZRCC 10488	ICMP 6774, LMG 8684, NZRCC 10488	27	100	2408465	2408539	parsed	low		
NCPPB 4353	3	isolated_by	This isolate was isolated by K.Uehara	K.Uehara	101	138	2408543	2408581	parsed	medium	person_or_source_text_not_automatically_an_identifier	
NCPPB 4353	4	source_of_isolate	The source of this isolate was ICMP	ICMP	139	174	2408585	2408621	parsed	medium	person_or_source_text_not_automatically_an_identifier	
NCPPB 4355	1	donor_reference	The donor reference is CFBP 6369	CFBP 6369	0	32	2411647	2411708	parsed	medium		
NCPPB 4355	2	collection_list	This isolate is also in the collections; CFBP 6369	CFBP 6369	33	83	2411712	2411763	parsed	low		
NCPPB 4355	3	source_of_isolate	The source of this isolate was CFBP	CFBP	84	119	2411767	2411803	parsed	medium	person_or_source_text_not_automatically_an_identifier	
NCPPB 4356	1	donor_reference	The donor reference is CFBP 4188	CFBP 4188	0	32	2414911	2414972	parsed	medium		
NCPPB 4356	2	collection_list	This isolate is also in the collections; CFBP 4188, ICMP 16775	CFBP 4188, ICMP 16775	33	95	2414976	2415039	parsed	low		
NCPPB 4356	3	source_of_isolate	The source of this isolate was CFBP	CFBP	96	131	2415043	2415079	parsed	medium	person_or_source_text_not_automatically_an_identifier	
NCPPB 4363	1	donor_reference	The donor reference is ICMP 2415	ICMP 2415	0	32	2418237	2418298	parsed	medium		
NCPPB 4363	2	collection_list	This isolate is also in the collections; ICMP 2415, CFBP 7260	ICMP 2415, CFBP 7260	33	94	2418302	2418364	parsed	low		
NCPPB 4363	3	isolated_by	This isolate was isolated by J.YOUNG	J.YOUNG	95	131	2418368	2418405	parsed	medium	person_or_source_text_not_automatically_an_identifier	
NCPPB 4364	1	donor_reference	The donor reference is ICMP 6465	ICMP 6465	0	32	2421054	2421115	parsed	medium		
NCPPB 4364	2	collection_list	This isolate is also in the collections; ICMP 6465, CFBP 7262	ICMP 6465, CFBP 7262	33	94	2421119	2421181	parsed	low		
NCPPB 4364	3	isolated_by	This isolate was isolated by J.YOUNG	J.YOUNG	95	131	2421185	2421222	parsed	medium	person_or_source_text_not_automatically_an_identifier	
NCPPB 4367	1	donor_reference	The donor reference is ICMP 16473	ICMP 16473	0	33	2423871	2423933	parsed	medium		
NCPPB 4367	2	collection_list	This isolate is also in the collections; ICMP 16473	ICMP 16473	34	85	2423937	2423989	parsed	low		
NCPPB 4367	3	isolated_by	This isolate was isolated by J.YOUNG	J.YOUNG	86	122	2423993	2424030	parsed	medium	person_or_source_text_not_automatically_an_identifier	
NCPPB 4372	1	donor_reference	The donor reference is 618	618	0	26	2426714	2426769	parsed	medium		
NCPPB 4372	2	collection_list	This isolate is also in the collections; IBSBF 618	IBSBF 618	27	77	2426773	2426824	parsed	low		
NCPPB 4372	3	isolated_by	This isolate was isolated by J.Neto	J.Neto	78	113	2426828	2426864	parsed	medium	person_or_source_text_not_automatically_an_identifier	
NCPPB 4372	4	source_of_isolate	The source of this isolate was IBSBF	IBSBF	114	150	2426868	2426905	parsed	medium	person_or_source_text_not_automatically_an_identifier	
NCPPB 4373	1	donor_reference	The donor reference is 1472	1472	0	27	2429601	2429657	parsed	medium		
NCPPB 4373	2	collection_list	This isolate is also in the collections; IBSBF 1472	IBSBF 1472	28	79	2429661	2429713	parsed	low		
NCPPB 4373	3	isolated_by	This isolate was isolated by V.A.Malavolta	V.A.Malavolta	80	122	2429717	2429760	parsed	medium	person_or_source_text_not_automatically_an_identifier	
NCPPB 4373	4	source_of_isolate	The source of this isolate was IBSBF	IBSBF	123	159	2429764	2429801	parsed	medium	person_or_source_text_not_automatically_an_identifier	
NCPPB 4374	1	donor_reference	The donor reference is 1497	1497	0	27	2432497	2432553	parsed	medium		
NCPPB 4374	2	collection_list	This isolate is also in the collections; IBSBF 1497	IBSBF 1497	28	79	2432557	2432609	parsed	low		
NCPPB 4374	3	isolated_by	This isolate was isolated by J.Neto	J.Neto	80	115	2432613	2432649	parsed	medium	person_or_source_text_not_automatically_an_identifier	
NCPPB 4374	4	source_of_isolate	The source of this isolate was IBSBF	IBSBF	116	152	2432653	2432690	parsed	medium	person_or_source_text_not_automatically_an_identifier	
NCPPB 4375	1	donor_reference	The donor reference is 1594	1594	0	27	2435663	2435719	parsed	medium		
NCPPB 4375	2	collection_list	This isolate is also in the collections; IBSBF 1594, FDC 012	IBSBF 1594, FDC 012	28	88	2435723	2435784	parsed	low		
NCPPB 4375	3	isolated_by	This isolate was isolated by R.P.Leite Jr.	R.P.Leite Jr.	89	131	2435788	2435831	parsed	medium	person_or_source_text_not_automatically_an_identifier	
NCPPB 4375	4	source_of_isolate	The source of this isolate was IBSBF	IBSBF	132	168	2435835	2435872	parsed	medium	person_or_source_text_not_automatically_an_identifier	
NCPPB 4376	1	donor_reference	The donor reference is 1925	1925	0	27	2438594	2438650	parsed	medium		
NCPPB 4376	2	collection_list	This isolate is also in the collections; IBSBF 1925, LMG 9325	IBSBF 1925, LMG 9325	28	89	2438654	2438716	parsed	low		
NCPPB 4376	3	isolated_by	This isolate was isolated by D.W.Gabriel	D.W.Gabriel	90	130	2438720	2438761	parsed	medium	person_or_source_text_not_automatically_an_identifier	
NCPPB 4376	4	source_of_isolate	The source of this isolate was IBSBF	IBSBF	131	167	2438765	2438802	parsed	medium	person_or_source_text_not_automatically_an_identifier	
NCPPB 4377	1	donor_reference	The donor reference is 1583	1583	0	27	2441497	2441553	parsed	medium		
NCPPB 4377	2	collection_list	This isolate is also in the collections; IBSBF 1583, Xc 90-78-4-3	IBSBF 1583, Xc 90-78-4-3	28	93	2441557	2441623	parsed	low		
NCPPB 4377	3	isolated_by	This isolate was isolated by B.I.Canteros	B.I.Canteros	94	135	2441627	2441669	parsed	medium	person_or_source_text_not_automatically_an_identifier	
NCPPB 4377	4	source_of_isolate	The source of this isolate was IBSBF	IBSBF	136	172	2441673	2441710	parsed	medium	person_or_source_text_not_automatically_an_identifier	
NCPPB 4378	1	donor_reference	The donor reference is 034/LRA/05	034/LRA/05	0	33	2444370	2444432	parsed	medium		
NCPPB 4378	2	collection_list	This isolate is also in the collections; CFBP 7166	CFBP 7166	34	84	2444436	2444487	parsed	low		
NCPPB 4378	3	source_of_isolate	The source of this isolate was Valentine Aritua	Valentine Aritua	85	132	2444491	2444539	parsed	medium	person_or_source_text_not_automatically_an_identifier	
NCPPB 4379	1	donor_reference	The donor reference is KY44	KY44	0	27	2447199	2447255	parsed	medium		
NCPPB 4379	2	source_of_isolate	The source of this isolate was Valentine Aritua	Valentine Aritua	28	75	2447259	2447307	parsed	medium	person_or_source_text_not_automatically_an_identifier	
NCPPB 4380	1	donor_reference	The donor reference is 038/KBA/05	038/KBA/05	0	33	2449967	2450029	parsed	medium		
NCPPB 4380	2	source_of_isolate	The source of this isolate was Valentine Aritua	Valentine Aritua	34	81	2450033	2450081	parsed	medium	person_or_source_text_not_automatically_an_identifier	
NCPPB 4381	1	donor_reference	The donor reference is 014/LUW/05	014/LUW/05	0	33	2452741	2452803	parsed	medium		
NCPPB 4381	2	source_of_isolate	The source of this isolate was Valentine Aritua	Valentine Aritua	34	81	2452807	2452855	parsed	medium	person_or_source_text_not_automatically_an_identifier	
NCPPB 4383	1	donor_reference	The donor reference is 071/WSK/05	071/WSK/05	0	33	2455515	2455577	parsed	medium		
NCPPB 4383	2	source_of_isolate	The source of this isolate was Valentine Aritua	Valentine Aritua	34	81	2455581	2455629	parsed	medium	person_or_source_text_not_automatically_an_identifier	
NCPPB 4384	1	donor_reference	The donor reference is 041/NSG/05	041/NSG/05	0	33	2458289	2458351	parsed	medium		
NCPPB 4384	2	source_of_isolate	The source of this isolate was Valentine Aritua	Valentine Aritua	34	81	2458355	2458403	parsed	medium	person_or_source_text_not_automatically_an_identifier	
NCPPB 4385	1	donor_reference	The donor reference is 031/KIB/05	031/KIB/05	0	33	2461063	2461125	parsed	medium		
NCPPB 4385	2	source_of_isolate	The source of this isolate was Valentine Aritua	Valentine Aritua	34	81	2461129	2461177	parsed	medium	person_or_source_text_not_automatically_an_identifier	
NCPPB 4386	1	donor_reference	The donor reference is 005/WKS/05	005/WKS/05	0	33	2463837	2463899	parsed	medium		
NCPPB 4386	2	collection_list	This isolate is also in the collections; CFBP 7167	CFBP 7167	34	84	2463903	2463954	parsed	low		
NCPPB 4386	3	source_of_isolate	The source of this isolate was Valentine Aritua	Valentine Aritua	85	132	2463958	2464006	parsed	medium	person_or_source_text_not_automatically_an_identifier	
NCPPB 4387	1	donor_reference	The donor reference is IMI 392223	IMI 392223	0	33	2466669	2466731	parsed	medium		
NCPPB 4387	2	collection_list	This isolate is also in the collections; CFBP 7168	CFBP 7168	34	84	2466735	2466786	parsed	low		
NCPPB 4387	3	source_of_isolate	The source of this isolate was Valentine Aritua	Valentine Aritua	85	132	2466790	2466838	parsed	medium	person_or_source_text_not_automatically_an_identifier	
NCPPB 4388	1	donor_reference	The donor reference is IMI 392224	IMI 392224	0	33	2469501	2469563	parsed	medium		
NCPPB 4388	2	collection_list	This isolate is also in the collections; CFBP 7169	CFBP 7169	34	84	2469567	2469618	parsed	low		
NCPPB 4388	3	source_of_isolate	The source of this isolate was Valentine Aritua	Valentine Aritua	85	132	2469622	2469670	parsed	medium	person_or_source_text_not_automatically_an_identifier	
NCPPB 4389	1	donor_reference	The donor reference is IMI 393640	IMI 393640	0	33	2472330	2472392	parsed	medium		
NCPPB 4389	2	collection_list	This isolate is also in the collections; CFBP 7170	CFBP 7170	34	84	2472396	2472447	parsed	low		
NCPPB 4389	3	source_of_isolate	The source of this isolate was Valentine Aritua	Valentine Aritua	85	132	2472451	2472499	parsed	medium	person_or_source_text_not_automatically_an_identifier	
NCPPB 4390	1	donor_reference	The donor reference is IMI 393641	IMI 393641	0	33	2475159	2475221	parsed	medium		
NCPPB 4390	2	collection_list	This isolate is also in the collections; CFBP 7171	CFBP 7171	34	84	2475225	2475276	parsed	low		
NCPPB 4390	3	source_of_isolate	The source of this isolate was Valentine Aritua	Valentine Aritua	85	132	2475280	2475328	parsed	medium	person_or_source_text_not_automatically_an_identifier	
NCPPB 4391	1	donor_reference	The donor reference is IMI 393646	IMI 393646	0	33	2477988	2478050	parsed	medium		
NCPPB 4391	2	collection_list	This isolate is also in the collections; CFBP 7172	CFBP 7172	34	84	2478054	2478106	parsed	low		
NCPPB 4391	3	source_of_isolate	The source of this isolate was Valentine Aritua	Valentine Aritua	85	132	2478110	2478158	parsed	medium	person_or_source_text_not_automatically_an_identifier	
NCPPB 4392	1	donor_reference	The donor reference is 394051	394051	0	29	2480820	2480878	parsed	medium		
NCPPB 4392	2	collection_list	This isolate is also in the collections; CFBP 7173	CFBP 7173	30	80	2480882	2480933	parsed	low		
NCPPB 4392	3	source_of_isolate	The source of this isolate was Valentine Aritua	Valentine Aritua	81	128	2480937	2480985	parsed	medium	person_or_source_text_not_automatically_an_identifier	
NCPPB 4393	1	donor_reference	The donor reference is 394052	394052	0	29	2483647	2483705	parsed	medium		
NCPPB 4393	2	collection_list	This isolate is also in the collections; CFBP 7174	CFBP 7174	30	80	2483709	2483760	parsed	low		
NCPPB 4393	3	source_of_isolate	The source of this isolate was Valentine Aritua	Valentine Aritua	81	128	2483764	2483812	parsed	medium	person_or_source_text_not_automatically_an_identifier	
NCPPB 4394	1	donor_reference	The donor reference is 354053	354053	0	29	2486474	2486532	parsed	medium		
NCPPB 4394	2	collection_list	This isolate is also in the collections; CFBP 7175	CFBP 7175	30	80	2486536	2486588	parsed	low		
NCPPB 4394	3	source_of_isolate	The source of this isolate was Valentine Aritua	Valentine Aritua	81	128	2486592	2486640	parsed	medium	person_or_source_text_not_automatically_an_identifier	
NCPPB 4395	1	collection_list	This isolate is also in the collections; CFBP 7176	CFBP 7176	0	50	2489302	2489381	parsed	low		
NCPPB 4395	2	source_of_isolate	The source of this isolate was Valentine Aritua	Valentine Aritua	51	98	2489385	2489433	parsed	medium	person_or_source_text_not_automatically_an_identifier	
NCPPB 4397	1	donor_reference	The donor reference is ISBF 594	ISBF 594	0	31	2492116	2492176	parsed	medium		
NCPPB 4397	2	collection_list	This isolate is also in the collections; ICMP 9278	ICMP 9278	32	82	2492180	2492231	parsed	low		
NCPPB 4397	3	isolated_by	This isolate was isolated by R.Neto	R.Neto	83	118	2492235	2492271	parsed	medium	person_or_source_text_not_automatically_an_identifier	
NCPPB 4397	4	source_of_isolate	The source of this isolate was ISBF	ISBF	119	154	2492275	2492311	parsed	medium	person_or_source_text_not_automatically_an_identifier	
NCPPB 4398	1	donor_reference	The donor reference is ISBF 595	ISBF 595	0	31	2494994	2495054	parsed	medium		
NCPPB 4398	2	collection_list	This isolate is also in the collections; ICMP 9279	ICMP 9279	32	82	2495058	2495109	parsed	low		
NCPPB 4398	3	isolated_by	This isolate was isolated by R.Neto	R.Neto	83	118	2495113	2495149	parsed	medium	person_or_source_text_not_automatically_an_identifier	
NCPPB 4398	4	source_of_isolate	The source of this isolate was ISBF	ISBF	119	154	2495153	2495189	parsed	medium	person_or_source_text_not_automatically_an_identifier	
NCPPB 4399	1	donor_reference	The donor reference is ICMP 15863	ICMP 15863	0	33	2497864	2497926	parsed	medium		
NCPPB 4399	2	collection_list	This isolate is also in the collections; ICMP 15863	ICMP 15863	34	85	2497930	2497982	parsed	low		
NCPPB 4399	3	isolated_by	This isolate was isolated by I.Harvey	I.Harvey	86	123	2497986	2498024	parsed	medium	person_or_source_text_not_automatically_an_identifier	
NCPPB 4399	4	source_of_isolate	The source of this isolate was ICMP	ICMP	124	159	2498028	2498064	parsed	medium	person_or_source_text_not_automatically_an_identifier	
NCPPB 4402	1	donor_reference	The donor reference is LMG 8237	LMG 8237	0	31	2500989	2501049	parsed	medium		
NCPPB 4402	2	collection_list	This isolate is also in the collections; PD 772, LMG 8237	PD 772, LMG 8237	32	89	2501053	2501111	parsed	low		
NCPPB 4402	3	isolated_by	This isolate was isolated by P.D.Jaanse	P.D.Jaanse	90	129	2501115	2501155	parsed	medium	person_or_source_text_not_automatically_an_identifier	
NCPPB 4402	4	source_of_isolate	The source of this isolate was LMG	LMG	130	164	2501159	2501194	parsed	medium	person_or_source_text_not_automatically_an_identifier	
NCPPB 4403	1	donor_reference	The donor reference is ICMP 217-62	ICMP 217-62	0	34	2503855	2503918	parsed	medium		
NCPPB 4403	2	collection_list	This isolate is also in the collections; ICMP 217, ATCC 9924	ICMP 217, ATCC 9924	35	95	2503922	2503983	parsed	low		
NCPPB 4403	3	isolated_by	This isolate was isolated by R. Weindling	R. Weindling	96	137	2503987	2504029	parsed	medium	person_or_source_text_not_automatically_an_identifier	
NCPPB 4403	4	source_of_isolate	The source of this isolate was ICMP	ICMP	138	173	2504033	2504069	parsed	medium	person_or_source_text_not_automatically_an_identifier	
NCPPB 4404	1	donor_reference	The donor reference is LMG 9057	LMG 9057	0	31	2507160	2507220	parsed	medium		
NCPPB 4404	2	collection_list	This isolate is also in the collections; ICMP 7466; ITCC P33, LMG 9057	ICMP 7466; ITCC P33, LMG 9057	32	102	2507224	2507295	parsed	low		
NCPPB 4404	3	isolated_by	This isolate was isolated by Y.Kulkani	Y.Kulkani	103	141	2507299	2507338	parsed	medium	person_or_source_text_not_automatically_an_identifier	
NCPPB 4404	4	source_of_isolate	The source of this isolate was LMG	LMG	142	176	2507342	2507377	parsed	medium	person_or_source_text_not_automatically_an_identifier	
NCPPB 4405	1	donor_reference	The donor reference is LMG 8273	LMG 8273	0	31	2509991	2510051	parsed	medium		
NCPPB 4405	2	collection_list	This isolate is also in the collections; ICMP 6482, Latch PRGRQ	ICMP 6482, Latch PRGRQ	32	95	2510055	2510119	parsed	low		
NCPPB 4405	3	isolated_by	This isolate was isolated by G.Latch	G.Latch	96	132	2510123	2510160	parsed	medium	person_or_source_text_not_automatically_an_identifier	
NCPPB 4405	4	source_of_isolate	The source of this isolate was LMG	LMG	133	167	2510164	2510199	parsed	medium	person_or_source_text_not_automatically_an_identifier	
NCPPB 4407	1	donor_reference	The donor reference is LMG 476	LMG 476	0	30	2512821	2512880	parsed	medium		
NCPPB 4407	2	collection_list	This isolate is also in the collections; Beramis 6, VdM9	Beramis 6, VdM9	31	87	2512884	2512941	parsed	low		
NCPPB 4407	3	source_of_isolate	The source of this isolate was LMG	LMG	88	122	2512945	2512980	parsed	medium	person_or_source_text_not_automatically_an_identifier	
NCPPB 4409	1	donor_reference	The donor reference is LMG 19145	LMG 19145	0	32	2515645	2515706	parsed	medium		
NCPPB 4409	2	collection_list	This isolate is also in the collections; LMG 19145, ISPAVE-B-641, PD 2780,SWINGS R-5214	LMG 19145, ISPAVE-B-641, PD 2780,SWINGS R-5214	33	120	2515710	2515798	parsed	low		
NCPPB 4409	3	source_of_isolate	The source of this isolate was LMG	LMG	121	155	2515802	2515837	parsed	medium	person_or_source_text_not_automatically_an_identifier	
NCPPB 4410	1	donor_reference	The donor reference is 8356	8356	0	27	2518604	2518660	parsed	medium		
NCPPB 4410	2	source_of_isolate	The source of this isolate was S.J.Roberts	S.J.Roberts	28	70	2518664	2518707	parsed	medium	person_or_source_text_not_automatically_an_identifier	
NCPPB 4411	1	donor_reference	The donor reference is 8394	8394	0	27	2521468	2521524	parsed	medium		
NCPPB 4411	2	source_of_isolate	The source of this isolate was S.J.Roberts	S.J.Roberts	28	70	2521528	2521571	parsed	medium	person_or_source_text_not_automatically_an_identifier	
NCPPB 4412	1	donor_reference	The donor reference is LMG 495	LMG 495	0	30	2524267	2524326	parsed	medium		
NCPPB 4412	2	collection_list	This isolate is also in the collections; LMG 495, ATCC 11765, CFBP 7686	LMG 495, ATCC 11765, CFBP 7686	31	102	2524330	2524402	parsed	low		
NCPPB 4412	3	isolated_by	This isolate was isolated by MK Patel	MK Patel	103	140	2524406	2524444	parsed	medium	person_or_source_text_not_automatically_an_identifier	
NCPPB 4413	1	isolated_by	This isolate was isolated by h.stanford	h.stanford	0	39	2527069	2527137	parsed	medium	person_or_source_text_not_automatically_an_identifier	
NCPPB 4413	2	source_of_isolate	The source of this isolate was Diagnosis	Diagnosis	40	80	2527141	2527182	parsed	medium	person_or_source_text_not_automatically_an_identifier	
NCPPB 4414	1	donor_reference	The donor reference is Protect 1599	Protect 1599	0	35	2529598	2529662	parsed	medium		
NCPPB 4414	2	collection_list	This isolate is also in the collections; B950367	B950367	36	84	2529666	2529715	parsed	low		
NCPPB 4414	3	source_of_isolate	The source of this isolate was Protect	Protect	85	123	2529719	2529758	parsed	medium	person_or_source_text_not_automatically_an_identifier	
NCPPB 4415	1	donor_reference	The donor reference is Protect 766	Protect 766	0	34	2532174	2532237	parsed	medium		
NCPPB 4415	2	collection_list	This isolate is also in the collections; A4833/B	A4833/B	35	83	2532241	2532290	parsed	low		
NCPPB 4415	3	source_of_isolate	The source of this isolate was Protect	Protect	84	122	2532294	2532333	parsed	medium	person_or_source_text_not_automatically_an_identifier	
NCPPB 4433	1	donor_reference	The donor reference is 20709953	20709953	0	31	2537498	2537558	parsed	medium		
NCPPB 4433	2	collection_list	This isolate is also in the collections; Cabi 395428	Cabi 395428	32	84	2537562	2537615	parsed	low		
NCPPB 4433	3	isolated_by	This isolate was isolated by Cabi	Cabi	85	118	2537619	2537653	parsed	medium	person_or_source_text_not_automatically_an_identifier	
NCPPB 4433	4	source_of_isolate	The source of this isolate was Cabi	Cabi	119	154	2537657	2537693	parsed	medium	person_or_source_text_not_automatically_an_identifier	
NCPPB 4434	1	donor_reference	The donor reference is 20702295	20702295	0	31	2540641	2540701	parsed	medium		
NCPPB 4434	2	collection_list	This isolate is also in the collections; BXWK1	BXWK1	32	78	2540705	2540752	parsed	low		
NCPPB 4435	1	donor_reference	The donor reference is 20722939	20722939	0	31	2543365	2543425	parsed	medium		
NCPPB 4446	1	donor_reference	The donor reference is ICMP 12167	ICMP 12167	0	33	2546038	2546100	parsed	medium		
NCPPB 4446	2	collection_list	This isolate is also in the collections; ICMP 12167, CFBP 7245	ICMP 12167, CFBP 7245	34	96	2546104	2546167	parsed	low		
NCPPB 4446	3	source_of_isolate	The source of this isolate was ICMP	ICMP	97	132	2546171	2546207	parsed	medium	person_or_source_text_not_automatically_an_identifier	
NCPPB 4448	1	donor_reference	The donor reference is CS283	CS283	0	28	2549111	2549168	parsed	medium		
NCPPB 4448	2	collection_list	This isolate is also in the collections; ICMP 16316	ICMP 16316	29	80	2549172	2549224	parsed	low		
NCPPB 4449	1	donor_reference	The donor reference is CS284	CS284	0	28	2552098	2552155	parsed	medium		
NCPPB 4449	2	collection_list	This isolate is also in the collections; ICMP 16317	ICMP 16317	29	80	2552159	2552211	parsed	low		
NCPPB 4450	1	donor_reference	The donor reference is A4832/1	A4832/1	0	30	2555111	2555170	parsed	medium		
NCPPB 4450	2	collection_list	This isolate is also in the collections; Protect 763	Protect 763	31	83	2555174	2555227	parsed	low		
NCPPB 4450	3	source_of_isolate	The source of this isolate was CSL	CSL	84	118	2555231	2555266	parsed	medium	person_or_source_text_not_automatically_an_identifier	
NCPPB 4451	1	donor_reference	The donor reference is A4832/1	A4832/1	0	30	2557913	2557972	parsed	medium		
NCPPB 4451	2	collection_list	This isolate is also in the collections; Protect 764	Protect 764	31	83	2557976	2558029	parsed	low		
NCPPB 4451	3	source_of_isolate	The source of this isolate was CSL	CSL	84	118	2558033	2558068	parsed	medium	person_or_source_text_not_automatically_an_identifier	
NCPPB 4466	1	donor_reference	The donor reference is 64A	64A	0	26	2560931	2560986	parsed	medium		
NCPPB 4466	2	collection_list	This isolate is also in the collections; WHRI 64A	WHRI 64A	27	76	2560990	2561040	parsed	low		
NCPPB 4466	3	isolated_by	This isolate was isolated by John D. Taylor	John D. Taylor	77	120	2561044	2561088	parsed	medium	person_or_source_text_not_automatically_an_identifier	
NCPPB 4468	1	donor_reference	The donor reference is CSL972199	CSL972199	0	32	2563698	2563759	parsed	medium		
NCPPB 4468	2	collection_list	This isolate is also in the collections; P2431	P2431	33	79	2563763	2563810	parsed	low		
NCPPB 4468	3	isolated_by	This isolate was isolated by A. Aspin	A. Aspin	80	117	2563814	2563852	parsed	medium	person_or_source_text_not_automatically_an_identifier	
NCPPB 4584	1	donor_reference	The donor reference is NCPPB 2699	NCPPB 2699	0	33	2566905	2566967	parsed	medium		
NCPPB 4584	2	collection_list	This isolate is also in the collections; LMG 588, 7384, ATCC 29090	LMG 588, 7384, ATCC 29090	34	100	2566971	2567038	parsed	low		
NCPPB 4584	3	isolated_by	This isolate was isolated by Dr Thomas Egli - 705	Dr Thomas Egli - 705	101	150	2567042	2567092	parsed	medium	person_or_source_text_not_automatically_an_identifier	
NCPPB 4590	1	donor_reference	The donor reference is CFBP 3369	CFBP 3369	0	32	2569760	2569821	parsed	medium		
NCPPB 4590	2	collection_list	This isolate is also in the collections; CFBP 3369, LMG 9322, ICMP 15804, ATCC 49118, ICPB 10518	CFBP 3369, LMG 9322, ICMP 15804, ATCC 49118, ICPB 10518	33	129	2569825	2569922	parsed	low		
NCPPB 4590	3	isolated_by	This isolate was isolated by Gabriel D. 3213	Gabriel D. 3213	130	174	2569926	2569971	parsed	medium	person_or_source_text_not_automatically_an_identifier	
NCPPB 4590	4	source_of_isolate	The source of this isolate was CFBP	CFBP	175	210	2569975	2570011	parsed	medium	person_or_source_text_not_automatically_an_identifier	
NCPPB 4594	1	donor_reference	The donor reference is NYAGA S	NYAGA S	0	30	2572073	2572132	parsed	high	digit_free_donor_reference_requires_review_before_search	
NCPPB 4594	2	isolated_by	This isolate was isolated by Fred Kato	Fred Kato	31	69	2572136	2572175	parsed	medium	person_or_source_text_not_automatically_an_identifier	
NCPPB 4600	1	donor_reference	The donor reference is WHRI 8853	WHRI 8853	0	32	2575126	2575187	parsed	medium		
NCPPB 4600	2	isolated_by	This isolate was isolated by Joana M. G. N. Vicente	Joana M. G. N. Vicente	33	84	2575191	2575243	parsed	medium	person_or_source_text_not_automatically_an_identifier	
NCPPB 4601	1	donor_reference	The donor reference is WHRI 8848	WHRI 8848	0	32	2578198	2578259	parsed	medium		
NCPPB 4601	2	isolated_by	This isolate was isolated by Joana M. G. N. Vicente	Joana M. G. N. Vicente	33	84	2578263	2578315	parsed	medium	person_or_source_text_not_automatically_an_identifier	
NCPPB 4613	1	donor_reference	The donor reference is NE744	NE744	0	28	2580970	2581027	parsed	medium		
NCPPB 4613	2	isolated_by	This isolate was isolated by Jillian M. Lang	Jillian M. Lang	29	73	2581031	2581076	parsed	medium	person_or_source_text_not_automatically_an_identifier	
NCPPB 4614	1	donor_reference	The donor reference is SAM119	SAM119	0	29	2583741	2583799	parsed	medium		
NCPPB 4614	2	isolated_by	This isolate was isolated by Jillian M. Lang	Jillian M. Lang	30	74	2583803	2583848	parsed	medium	person_or_source_text_not_automatically_an_identifier	
NCPPB 4615	1	donor_reference	The donor reference is B100	B100	0	27	2586507	2586563	parsed	medium		
NCPPB 4615	2	collection_list	This isolate is also in the collections; CFBP 7306, ATCC 29497, DSMZ 1526	CFBP 7306, ATCC 29497, DSMZ 1526	28	101	2586567	2586641	parsed	low		
NCPPB 4615	3	isolated_by	This isolate was isolated by Unknown	Unknown	102	138	2586645	2586682	parsed	medium	person_or_source_text_not_automatically_an_identifier	
NCPPB 4618	1	donor_reference	The donor reference is LMG 29033	LMG 29033	0	32	2589308	2589369	parsed	medium		
NCPPB 4618	2	collection_list	This isolate is also in the collections; LMG 29033, ATCC 49119	LMG 29033, ATCC 49119	33	95	2589373	2589436	parsed	low		
NCPPB 4618	3	isolated_by	This isolate was isolated by A. Vidaver	A. Vidaver	96	135	2589440	2589480	parsed	medium	person_or_source_text_not_automatically_an_identifier	
NCPPB 4622	1	donor_reference	The donor reference is Protect 13 E6	Protect 13 E6	0	36	2592109	2592174	parsed	medium		
NCPPB 4622	2	isolated_by	This isolate was isolated by A. Aspin (21723449)	A. Aspin (21723449)	37	85	2592178	2592227	parsed	medium	person_or_source_text_not_automatically_an_identifier	
NCPPB 4623	1	donor_reference	The donor reference is Protect OB Box 3 A6	Protect OB Box 3 A6	0	42	2594610	2594681	parsed	medium		
NCPPB 4623	2	isolated_by	This isolate was isolated by A. Aspin (21616370)	A. Aspin (21616370)	43	91	2594685	2594734	parsed	medium	person_or_source_text_not_automatically_an_identifier	
NCPPB 4625	1	donor_reference	The donor reference is WHRI 8481, CSL 20313511	WHRI 8481, CSL 20313511	0	46	2597098	2597173	parsed	medium		
NCPPB 4625	2	isolated_by	This isolate was isolated by H. Standford	H. Standford	47	88	2597177	2597219	parsed	medium	person_or_source_text_not_automatically_an_identifier	
NCPPB 4629	1	donor_reference	The donor reference is ICMP 1921	ICMP 1921	0	32	2600082	2600143	parsed	medium		
NCPPB 4629	2	collection_list	This isolate is also in the collections; ICMP 1921,CFBP 7268, NZRCC 10647, PDDCC 1921	ICMP 1921,CFBP 7268, NZRCC 10647, PDDCC 1921	33	118	2600147	2600234	parsed	low		
NCPPB 4629	3	isolated_by	This isolate was isolated by Douglas W. Dye	Douglas W. Dye	119	162	2600238	2600282	parsed	medium	person_or_source_text_not_automatically_an_identifier	
NCPPB 4629	4	source_of_isolate	The source of this isolate was ICMP	ICMP	163	198	2600286	2600322	parsed	medium	person_or_source_text_not_automatically_an_identifier	
NCPPB 4630	1	donor_reference	The donor reference is ICMP 2374	ICMP 2374	0	32	2603314	2603375	parsed	medium		
NCPPB 4630	2	collection_list	This isolate is also in the collections; CFBP 7269, ICMP 2374, PDDCC 2374	CFBP 7269, ICMP 2374, PDDCC 2374	33	106	2603379	2603454	parsed	low		
NCPPB 4630	3	isolated_by	This isolate was isolated by Douglas W. Dye ZZ22	Douglas W. Dye ZZ22	107	155	2603458	2603507	parsed	medium	person_or_source_text_not_automatically_an_identifier	
NCPPB 4630	4	source_of_isolate	The source of this isolate was ICMP	ICMP	156	191	2603511	2603547	parsed	medium	person_or_source_text_not_automatically_an_identifier	
NCPPB 4631	1	donor_reference	The donor reference is WHRI 8482, CSL 20313251	WHRI 8482, CSL 20313251	0	46	2606266	2606341	parsed	medium		
NCPPB 4631	2	collection_list	This isolate is also in the collections; WHRI 8482	WHRI 8482	47	97	2606345	2606396	parsed	low		
NCPPB 4631	3	isolated_by	This isolate was isolated by H. Stanford	H. Stanford	98	138	2606400	2606441	parsed	medium	person_or_source_text_not_automatically_an_identifier	
NCPPB 4632	1	donor_reference	The donor reference is ICMP 6041	ICMP 6041	0	32	2609101	2609162	parsed	medium		
NCPPB 4632	2	collection_list	This isolate is also in the collections; ICMP 6041, CFBP 7261	ICMP 6041, CFBP 7261	33	94	2609166	2609228	parsed	low		
NCPPB 4632	3	isolated_by	This isolate was isolated by D.R.W. Watson	D.R.W. Watson	95	137	2609232	2609275	parsed	medium	person_or_source_text_not_automatically_an_identifier	
NCPPB 4632	4	source_of_isolate	The source of this isolate was ICMP	ICMP	138	173	2609279	2609315	parsed	medium	person_or_source_text_not_automatically_an_identifier	
NCPPB 4633	1	donor_reference	The donor reference is ICMP 6759	ICMP 6759	0	32	2612306	2612367	parsed	medium		
NCPPB 4633	2	collection_list	This isolate is also in the collections; ICMP 6759, CFPB 7263 NZRCC 10646 PDDCC 6759	ICMP 6759, CFPB 7263 NZRCC 10646 PDDCC 6759	33	117	2612371	2612457	parsed	low		
NCPPB 4633	3	isolated_by	This isolate was isolated by J.M. Young	J.M. Young	118	157	2612461	2612501	parsed	medium	person_or_source_text_not_automatically_an_identifier	
NCPPB 4633	4	source_of_isolate	The source of this isolate was ICMP	ICMP	158	193	2612505	2612541	parsed	medium	person_or_source_text_not_automatically_an_identifier	
NCPPB 4634	1	donor_reference	The donor reference is ICMP 13401	ICMP 13401	0	33	2615801	2615863	parsed	medium		
NCPPB 4634	2	collection_list	This isolate is also in the collections; ICMP 13401, CFBP 7271	ICMP 13401, CFBP 7271	34	96	2615867	2615930	parsed	low		
NCPPB 4634	3	isolated_by	This isolate was isolated by Robert K. Taylor	Robert K. Taylor	97	142	2615934	2615980	parsed	medium	person_or_source_text_not_automatically_an_identifier	
NCPPB 4634	4	source_of_isolate	The source of this isolate was ICMP	ICMP	143	178	2615984	2616020	parsed	medium	person_or_source_text_not_automatically_an_identifier	
NCPPB 4635	1	donor_reference	The donor reference is ICMP 4292	ICMP 4292	0	32	2618731	2618792	parsed	medium		
NCPPB 4635	2	collection_list	This isolate is also in the collections; ICMP 4292	ICMP 4292	33	83	2618796	2618847	parsed	low		
NCPPB 4635	3	isolated_by	This isolate was isolated by M. Goto (XT3)	M. Goto (XT3)	84	126	2618851	2618894	parsed	medium	person_or_source_text_not_automatically_an_identifier	
NCPPB 4660	1	donor_reference	The donor reference is WHRI 8891A	WHRI 8891A	0	33	2621558	2621620	parsed	medium		
NCPPB 4660	2	isolated_by	This isolate was isolated by J G Vicente	J G Vicente	34	74	2621624	2621665	parsed	medium	person_or_source_text_not_automatically_an_identifier	
NCPPB 4661	1	donor_reference	The donor reference is WHRI 3811	WHRI 3811	0	32	2624321	2624382	parsed	medium		
NCPPB 4662	1	donor_reference	The donor reference is WHRI 8909A	WHRI 8909A	0	33	2627784	2627846	parsed	medium		
NCPPB 4662	2	isolated_by	This isolate was isolated by J G Vicente	J G Vicente	34	74	2627850	2627891	parsed	medium	person_or_source_text_not_automatically_an_identifier	
NCPPB 4663	1	donor_reference	The donor reference is WHRI 8960	WHRI 8960	0	32	2630572	2630633	parsed	medium		
NCPPB 4663	2	isolated_by	This isolate was isolated by J G Vicente	J G Vicente	33	73	2630637	2630678	parsed	medium	person_or_source_text_not_automatically_an_identifier	
NCPPB 4664	1	donor_reference	The donor reference is WHRI 8959A	WHRI 8959A	0	33	2633597	2633659	parsed	medium		
NCPPB 4664	2	isolated_by	This isolate was isolated by J G Vicente	J G Vicente	34	74	2633663	2633704	parsed	medium	person_or_source_text_not_automatically_an_identifier	
NCPPB 4665	1	donor_reference	The donor reference is WHRI 8964	WHRI 8964	0	32	2636629	2636690	parsed	medium		
NCPPB 4665	2	isolated_by	This isolate was isolated by J G Vicente	J G Vicente	33	73	2636694	2636735	parsed	medium	person_or_source_text_not_automatically_an_identifier	
NCPPB 4666	1	donor_reference	The donor reference is WHRI 8984	WHRI 8984	0	32	2639362	2639423	parsed	medium		
NCPPB 4666	2	isolated_by	This isolate was isolated by J G Vicente	J G Vicente	33	73	2639427	2639468	parsed	medium	person_or_source_text_not_automatically_an_identifier	
NCPPB 4668	1	donor_reference	The donor reference is WHRI 6181	WHRI 6181	0	32	2642221	2642282	parsed	medium		
NCPPB 4668	2	isolated_by	This isolate was isolated by J G Vicente	J G Vicente	33	73	2642286	2642327	parsed	medium	person_or_source_text_not_automatically_an_identifier	
NCPPB 4668	3	source_of_isolate	The source of this isolate was FERA	FERA	74	109	2642331	2642367	parsed	medium	person_or_source_text_not_automatically_an_identifier	
NCPPB 4669	1	donor_reference	The donor reference is WHRI 8450A	WHRI 8450A	0	33	2645264	2645326	parsed	medium		
NCPPB 4669	2	isolated_by	This isolate was isolated by B D Jensen	B D Jensen	34	73	2645330	2645370	parsed	medium	person_or_source_text_not_automatically_an_identifier	
NCPPB 4669	3	source_of_isolate	The source of this isolate was FERA	FERA	74	109	2645374	2645410	parsed	medium	person_or_source_text_not_automatically_an_identifier	
NCPPB 4670	1	donor_reference	The donor reference is WHRI 3849A	WHRI 3849A	0	33	2647837	2647899	parsed	medium		
NCPPB 4670	2	isolated_by	This isolate was isolated by C I Kado	C I Kado	34	71	2647903	2647941	parsed	medium	person_or_source_text_not_automatically_an_identifier	
NCPPB 4670	3	source_of_isolate	The source of this isolate was FERA	FERA	72	107	2647945	2647981	parsed	medium	person_or_source_text_not_automatically_an_identifier	
NCPPB 4671	1	donor_reference	The donor reference is WHRI 1279A	WHRI 1279A	0	33	2650891	2650953	parsed	medium		
NCPPB 4671	2	isolated_by	This isolate was isolated by J D Taylor	J D Taylor	34	73	2650957	2650997	parsed	medium	person_or_source_text_not_automatically_an_identifier	
NCPPB 4671	3	source_of_isolate	The source of this isolate was FERA	FERA	74	109	2651001	2651037	parsed	medium	person_or_source_text_not_automatically_an_identifier	
NCPPB 4675	1	donor_reference	The donor reference is CPBF 424	CPBF 424	0	31	2653646	2653706	parsed	medium		
NCPPB 4675	2	collection_list	This isolate is also in the collections; CPBF 424, LMG 31037, CCOS 1891	CPBF 424, LMG 31037, CCOS 1891	32	103	2653710	2653782	parsed	low		
NCPPB 4675	3	isolated_by	This isolate was isolated by C.Fernandes	C.Fernandes	104	144	2653786	2653827	parsed	medium	person_or_source_text_not_automatically_an_identifier	
NCPPB 4676	1	donor_reference	The donor reference is CPBF 1521	CPBF 1521	0	32	2656474	2656535	parsed	medium		
NCPPB 4676	2	collection_list	This isolate is also in the collections; CBPF 1521, LMG 31040, CCOS 1894	CBPF 1521, LMG 31040, CCOS 1894	33	105	2656539	2656612	parsed	low		
NCPPB 4676	3	isolated_by	This isolate was isolated by C.Fernandes	C.Fernandes	106	146	2656616	2656657	parsed	medium	person_or_source_text_not_automatically_an_identifier	
NCPPB 4678	1	donor_reference	The donor reference is Xc6	Xc6	0	26	2659325	2659380	parsed	medium		
NCPPB 4678	2	isolated_by	This isolate was isolated by Tatjana Popović	Tatjana Popović	27	71	2659384	2659429	parsed	medium	person_or_source_text_not_automatically_an_identifier	
NCPPB 4679	1	donor_reference	The donor reference is Xc9	Xc9	0	26	2662097	2662152	parsed	medium		
NCPPB 4679	2	isolated_by	This isolate was isolated by Tatjana Popović	Tatjana Popović	27	71	2662156	2662201	parsed	medium	person_or_source_text_not_automatically_an_identifier	
NCPPB 4680	1	donor_reference	The donor reference is Xc23	Xc23	0	27	2664869	2664925	parsed	medium		
NCPPB 4680	2	isolated_by	This isolate was isolated by Tatjana Popović	Tatjana Popović	28	72	2664929	2664974	parsed	medium	person_or_source_text_not_automatically_an_identifier	
NCPPB 4681	1	donor_reference	The donor reference is Xc27	Xc27	0	27	2667642	2667698	parsed	medium		
NCPPB 4681	2	isolated_by	This isolate was isolated by Tatjana Popović	Tatjana Popović	28	72	2667702	2667747	parsed	medium	person_or_source_text_not_automatically_an_identifier	
NCPPB 4682	1	donor_reference	The donor reference is Xc318	Xc318	0	28	2670415	2670472	parsed	medium		
NCPPB 4682	2	isolated_by	This isolate was isolated by Tatjana Popović	Tatjana Popović	29	73	2670476	2670521	parsed	medium	person_or_source_text_not_automatically_an_identifier	
NCPPB 4692	1	donor_reference	The donor reference is GBBC 2123	GBBC 2123	0	32	2673154	2673215	parsed	medium		
NCPPB 4692	2	collection_list	This isolate is also in the collections; LMG 31884, CCOS 1956	LMG 31884, CCOS 1956	33	94	2673219	2673281	parsed	low		
NCPPB 4692	3	isolated_by	This isolate was isolated by Johan Van Vaerenbergh	Johan Van Vaerenbergh	95	145	2673285	2673336	parsed	medium	person_or_source_text_not_automatically_an_identifier	
NCPPB 4693	1	donor_reference	The donor reference is GBBC 2199	GBBC 2199	0	32	2676253	2676314	parsed	medium		
NCPPB 4693	2	collection_list	This isolate is also in the collections; LMG 31886, CCOS 1957	LMG 31886, CCOS 1957	33	94	2676318	2676380	parsed	low		
NCPPB 4693	3	isolated_by	This isolate was isolated by Johan Van Vaerenbergh	Johan Van Vaerenbergh	95	145	2676384	2676435	parsed	medium	person_or_source_text_not_automatically_an_identifier	
NCPPB 4698	1	donor_reference	The donor reference is 1294-6	1294-6	0	29	2679361	2679419	parsed	medium		
NCPPB 4698	2	isolated_by	This isolate was isolated by Steven T. Koike	Steven T. Koike	30	74	2679423	2679468	parsed	medium	person_or_source_text_not_automatically_an_identifier	
NCPPB 4699	1	donor_reference	The donor reference is 0894-4	0894-4	0	29	2682074	2682132	parsed	medium		
NCPPB 4699	2	isolated_by	This isolate was isolated by Hamid Azad	Hamid Azad	30	69	2682136	2682176	parsed	medium	person_or_source_text_not_automatically_an_identifier	
NCPPB 4700	1	donor_reference	The donor reference is 1294-9	1294-9	0	29	2684825	2684883	parsed	medium		
NCPPB 4700	2	isolated_by	This isolate was isolated by Steven T. Koike	Steven T. Koike	30	74	2684887	2684932	parsed	medium	person_or_source_text_not_automatically_an_identifier	
NCPPB 4701	1	collection_list	This isolate is also in the collections; CFBP 5686-20	CFBP 5686-20	0	53	2687327	2687409	parsed	low		
NCPPB 4702	1	collection_list	This isolate is also in the collections; CFBP 1371-04	CFBP 1371-04	0	53	2689832	2689914	parsed	low		
NCPPB 4702	2	isolated_by	This isolate was isolated by Bonnet P.	Bonnet P.	54	92	2689918	2689957	parsed	medium	person_or_source_text_not_automatically_an_identifier	
NCPPB 4703	1	collection_list	This isolate is also in the collections; CFBP 1606-13	CFBP 1606-13	0	53	2692352	2692434	parsed	low		
NCPPB 4703	2	isolated_by	This isolate was isolated by Paulin J.P.	Paulin J.P.	54	94	2692438	2692479	parsed	medium	person_or_source_text_not_automatically_an_identifier	
NCPPB 4704	1	donor_reference	The donor reference is Co-126-2	Co-126-2	0	31	2695166	2695226	parsed	medium		
NCPPB 4705	1	donor_reference	The donor reference is Arg-1A	Arg-1A	0	29	2697911	2697969	parsed	medium		
NCPPB 4706	1	donor_reference	The donor reference is CO-8	CO-8	0	27	2700652	2700708	parsed	medium		
NCPPB 4707	1	donor_reference	The donor reference is ARG-3A	ARG-3A	0	29	2703389	2703447	parsed	medium		
NCPPB 4708	1	donor_reference	The donor reference is IL02(1)YDC	IL02(1)YDC	0	33	2706136	2706198	parsed	medium		
NCPPB 4709	1	donor_reference	The donor reference is NE-18 Xvh	NE-18 Xvh	0	32	2708867	2708928	parsed	medium		
NCPPB 4710	1	donor_reference	The donor reference is Arg-2B	Arg-2B	0	29	2711589	2711647	parsed	medium		
NCPPB 4711	1	donor_reference	The donor reference is NE-7	NE-7	0	27	2714312	2714368	parsed	medium		
NCPPB 4712	1	donor_reference	The donor reference is ARG-6B	ARG-6B	0	29	2717029	2717087	parsed	medium		
NCPPB 4713	1	donor_reference	The donor reference is IL-1(1)YDC	IL-1(1)YDC	0	33	2719752	2719814	parsed	medium		
NCPPB 4714	1	donor_reference	The donor reference is ARG 4B	ARG 4B	0	29	2722475	2722533	parsed	medium		
NCPPB 4715	1	donor_reference	The donor reference is IAO2	IAO2	0	27	2725194	2725250	parsed	medium		
NCPPB 4716	1	donor_reference	The donor reference is NE-16	NE-16	0	28	2727915	2727972	parsed	medium		
NCPPB 4717	1	donor_reference	The donor reference is 10197-90	10197-90	0	31	2730957	2731017	parsed	medium		
NCPPB 4717	2	collection_list	This isolate is also in the collections; ICMP 10197	ICMP 10197	32	83	2731021	2731073	parsed	low		
NCPPB 4717	3	isolated_by	This isolate was isolated by P. Heise	P. Heise	84	121	2731077	2731115	parsed	medium	person_or_source_text_not_automatically_an_identifier	
NCPPB 4717	4	source_of_isolate	The source of this isolate was ICMP	ICMP	122	157	2731119	2731155	parsed	medium	person_or_source_text_not_automatically_an_identifier	
NCPPB 4718	1	donor_reference	The donor reference is 10194-90	10194-90	0	31	2734117	2734177	parsed	medium		
NCPPB 4718	2	collection_list	This isolate is also in the collections; ICMP 10194	ICMP 10194	32	83	2734181	2734233	parsed	low		
NCPPB 4718	3	isolated_by	This isolate was isolated by P. Heise	P. Heise	84	121	2734237	2734275	parsed	medium	person_or_source_text_not_automatically_an_identifier	
NCPPB 4718	4	source_of_isolate	The source of this isolate was ICMP	ICMP	122	157	2734279	2734315	parsed	medium	person_or_source_text_not_automatically_an_identifier	
NCPPB 4719	1	donor_reference	The donor reference is ICMP 10195	ICMP 10195	0	33	2737277	2737339	parsed	medium		
NCPPB 4719	2	isolated_by	This isolate was isolated by P. Heise	P. Heise	34	71	2737343	2737381	parsed	medium	person_or_source_text_not_automatically_an_identifier	
NCPPB 4719	3	source_of_isolate	The source of this isolate was ICMP	ICMP	72	107	2737385	2737421	parsed	medium	person_or_source_text_not_automatically_an_identifier	
NCPPB 4720	1	donor_reference	The donor reference is ICMP 8410-83	ICMP 8410-83	0	35	2740339	2740403	parsed	medium		
NCPPB 4720	2	collection_list	This isolate is also in the collections; ICMP 8410	ICMP 8410	36	86	2740407	2740458	parsed	low		
NCPPB 4720	3	isolated_by	This isolate was isolated by R. Easwaramurthy	R. Easwaramurthy	87	132	2740462	2740508	parsed	medium	person_or_source_text_not_automatically_an_identifier	
NCPPB 4720	4	source_of_isolate	The source of this isolate was ICMP	ICMP	133	168	2740512	2740548	parsed	medium	person_or_source_text_not_automatically_an_identifier	
NCPPB 4721	1	donor_reference	The donor reference is 13093-96	13093-96	0	31	2743259	2743319	parsed	medium		
NCPPB 4721	2	collection_list	This isolate is also in the collections; ICMP 13093	ICMP 13093	32	83	2743323	2743375	parsed	low		
NCPPB 4721	3	isolated_by	This isolate was isolated by J.R. Neto	J.R. Neto	84	122	2743379	2743418	parsed	medium	person_or_source_text_not_automatically_an_identifier	
NCPPB 4721	4	source_of_isolate	The source of this isolate was ICMP	ICMP	123	158	2743422	2743458	parsed	medium	person_or_source_text_not_automatically_an_identifier	
NCPPB 4722	1	donor_reference	The donor reference is 9262-87	9262-87	0	30	2746169	2746228	parsed	medium		
NCPPB 4722	2	collection_list	This isolate is also in the collections; ICMP 9262	ICMP 9262	31	81	2746232	2746283	parsed	low		
NCPPB 4722	3	isolated_by	This isolate was isolated by J.R. Neto	J.R. Neto	82	120	2746287	2746326	parsed	medium	person_or_source_text_not_automatically_an_identifier	
NCPPB 4722	4	source_of_isolate	The source of this isolate was ICMP	ICMP	121	156	2746330	2746366	parsed	medium	person_or_source_text_not_automatically_an_identifier	
NCPPB 4727	1	donor_reference	The donor reference is ICMP 8883	ICMP 8883	0	32	2749094	2749155	parsed	medium		
NCPPB 4727	2	collection_list	This isolate is also in the collections; ICMP 8883	ICMP 8883	33	83	2749159	2749210	parsed	low		
NCPPB 4727	3	source_of_isolate	The source of this isolate was ICMP	ICMP	84	119	2749214	2749250	parsed	medium	person_or_source_text_not_automatically_an_identifier	
NCPPB 4728	1	donor_reference	The donor reference is ICMP 8884	ICMP 8884	0	32	2751978	2752039	parsed	medium		
NCPPB 4728	2	collection_list	This isolate is also in the collections; ICMP 8884	ICMP 8884	33	83	2752043	2752094	parsed	low		
NCPPB 4728	3	source_of_isolate	The source of this isolate was ICMP	ICMP	84	119	2752098	2752134	parsed	medium	person_or_source_text_not_automatically_an_identifier	
NCPPB 4729	1	donor_reference	The donor reference is ICMP 13091	ICMP 13091	0	33	2754829	2754891	parsed	medium		
NCPPB 4729	2	isolated_by	This isolate was isolated by J.R. Neto	J.R. Neto	34	72	2754895	2754934	parsed	medium	person_or_source_text_not_automatically_an_identifier	
NCPPB 4729	3	source_of_isolate	The source of this isolate was ICMP	ICMP	73	108	2754938	2754974	parsed	medium	person_or_source_text_not_automatically_an_identifier	
NCPPB 4730	1	donor_reference	The donor reference is ICMP 11134	ICMP 11134	0	33	2757697	2757759	parsed	medium		
NCPPB 4730	2	collection_list	This isolate is also in the collections; ICMP 11134	ICMP 11134	34	85	2757763	2757815	parsed	low		
NCPPB 4730	3	source_of_isolate	The source of this isolate was ICMP	ICMP	86	121	2757819	2757855	parsed	medium	person_or_source_text_not_automatically_an_identifier	
NCPPB 4731	1	donor_reference	The donor reference is ICMP 12321	ICMP 12321	0	33	2760788	2760850	parsed	medium		
NCPPB 4731	2	collection_list	This isolate is also in the collections; ICMP 12321	ICMP 12321	34	85	2760854	2760906	parsed	low		
NCPPB 4731	3	source_of_isolate	The source of this isolate was ICMP	ICMP	86	121	2760910	2760946	parsed	medium	person_or_source_text_not_automatically_an_identifier	
NCPPB 4732	1	donor_reference	The donor reference is ICMP 8789	ICMP 8789	0	32	2763881	2763942	parsed	medium		
NCPPB 4732	2	collection_list	This isolate is also in the collections; ICMP 8789, PDDCC 8789	ICMP 8789, PDDCC 8789	33	95	2763946	2764009	parsed	low		
NCPPB 4732	3	isolated_by	This isolate was isolated by Z. Fang	Z. Fang	96	132	2764013	2764050	parsed	medium	person_or_source_text_not_automatically_an_identifier	
NCPPB 4732	4	source_of_isolate	The source of this isolate was ICMP	ICMP	133	168	2764054	2764090	parsed	medium	person_or_source_text_not_automatically_an_identifier	
NCPPB 4733	1	donor_reference	The donor reference is ICMP 8412	ICMP 8412	0	32	2767013	2767074	parsed	medium		
NCPPB 4733	2	collection_list	This isolate is also in the collections; ICMP 8412, PDDCC 8412	ICMP 8412, PDDCC 8412	33	95	2767078	2767141	parsed	low		
NCPPB 4733	3	isolated_by	This isolate was isolated by R. Easwaramurthy	R. Easwaramurthy	96	141	2767145	2767191	parsed	medium	person_or_source_text_not_automatically_an_identifier	
NCPPB 4733	4	source_of_isolate	The source of this isolate was ICMP	ICMP	142	177	2767195	2767231	parsed	medium	person_or_source_text_not_automatically_an_identifier	
NCPPB 4753	1	donor_reference	The donor reference is CFBP 8353	CFBP 8353	0	32	2769849	2769910	parsed	medium		
NCPPB 4753	2	collection_list	This isolate is also in the collections; CFBP 8353, CECT 9404, IVIA 3287.1	CFBP 8353, CECT 9404, IVIA 3287.1	33	107	2769914	2769990	parsed	low		
NCPPB 4753	3	isolated_by	This isolate was isolated by Lopez et al	Lopez et al	108	148	2769994	2770035	parsed	medium	person_or_source_text_not_automatically_an_identifier	
NCPPB 4753	4	source_of_isolate	The source of this isolate was CFBP	CFBP	149	184	2770039	2770075	parsed	medium	person_or_source_text_not_automatically_an_identifier	
NCPPB 4754	1	donor_reference	The donor reference is CFBP 8354	CFBP 8354	0	32	2772699	2772760	parsed	medium		
NCPPB 4754	2	collection_list	This isolate is also in the collections; CFBP 8354, CECT 9405, IVIA 3287.2	CFBP 8354, CECT 9405, IVIA 3287.2	33	107	2772764	2772840	parsed	low		
NCPPB 4754	3	isolated_by	This isolate was isolated by Maria M. Lopez	Maria M. Lopez	108	151	2772844	2772888	parsed	medium	person_or_source_text_not_automatically_an_identifier	
NCPPB 4754	4	source_of_isolate	The source of this isolate was CFBP	CFBP	152	187	2772892	2772928	parsed	medium	person_or_source_text_not_automatically_an_identifier	
NCPPB 4755	1	donor_reference	The donor reference is CFBP 8355	CFBP 8355	0	32	2775568	2775629	parsed	medium		
NCPPB 4755	2	collection_list	This isolate is also in the collections; CFBP 8355, CECT 9406, IVIA 3287.3	CFBP 8355, CECT 9406, IVIA 3287.3	33	107	2775633	2775708	parsed	low		
NCPPB 4755	3	isolated_by	This isolate was isolated by Maria M. Lopez	Maria M. Lopez	108	151	2775712	2775756	parsed	medium	person_or_source_text_not_automatically_an_identifier	
NCPPB 4755	4	source_of_isolate	The source of this isolate was CFBP	CFBP	152	187	2775760	2775796	parsed	medium	person_or_source_text_not_automatically_an_identifier	
NCPPB 4763	1	donor_reference	The donor reference is NBC5720	NBC5720	0	30	2778452	2778511	parsed	medium		
NCPPB 4763	2	collection_list	This isolate is also in the collections; LMG 33367	LMG 33367	31	81	2778515	2778566	parsed	low		
NCPPB 4763	3	isolated_by	This isolate was isolated by Harrie Koenraadt	Harrie Koenraadt	82	127	2778570	2778616	parsed	medium	person_or_source_text_not_automatically_an_identifier	
NCPPB 4763	4	source_of_isolate	The source of this isolate was University of Florida, North Florida Research and Education Center Plant Disease	University of Florida, North Florida Research and Education Center Plant Disease	128	239	2778620	2778732	parsed	medium	person_or_source_text_not_automatically_an_identifier	
NCPPB 4770	1	donor_reference	The donor reference is 2023024626	2023024626	0	33	2781395	2781457	parsed	medium		
NCPPB 4770	2	isolated_by	This isolate was isolated by Sam Oxspring	Sam Oxspring	34	75	2781461	2781503	parsed	medium	person_or_source_text_not_automatically_an_identifier	
NCPPB 4770	3	source_of_isolate	The source of this isolate was FERA	FERA	76	111	2781507	2781543	parsed	medium	person_or_source_text_not_automatically_an_identifier	
NCPPB 4771	1	donor_reference	The donor reference is 2023027163	2023027163	0	33	2784212	2784274	parsed	medium		
NCPPB 4771	2	isolated_by	This isolate was isolated by Sarah Carroll, Sam Oxspring	Sarah Carroll, Sam Oxspring	34	90	2784278	2784335	parsed	medium	person_or_source_text_not_automatically_an_identifier	
NCPPB 4771	3	source_of_isolate	The source of this isolate was FERA	FERA	91	126	2784339	2784375	parsed	medium	person_or_source_text_not_automatically_an_identifier	
NCPPB 4772	1	donor_reference	The donor reference is 2023027127	2023027127	0	33	2787314	2787376	parsed	medium		
NCPPB 4772	2	isolated_by	This isolate was isolated by Sarah Carroll	Sarah Carroll	34	76	2787380	2787423	parsed	medium	person_or_source_text_not_automatically_an_identifier	
NCPPB 4772	3	source_of_isolate	The source of this isolate was FERA	FERA	77	112	2787427	2787463	parsed	medium	person_or_source_text_not_automatically_an_identifier	
