ncppb_number	ncppb_current_name	snapshot_status	all_searchable_identifiers	confirmed_biosample_accessions	provisional_biosample_accessions	ncppb_track_biosample_accessions	other_references_track_biosample_accessions	historical_v1_recheck_biosample_accessions	assembly_accessions	assembly_levels	sra_run_accessions	bioproject_accessions	provisional_assembly_accessions	provisional_sra_run_accessions	provisional_bioproject_accessions	sequence_availability_category	identity_match_status	taxonomy_consistency_status	taxonomy_review_required	manual_review_required	review_reason	accepted_candidate_count	review_candidate_count	rejected_candidate_count
NCPPB 45	Xanthomonas campestris pv. campestris (Pammel 1895) Dowson 1939	present_in_v2_snapshot	NCPPB 45	SAMN36346970		SAMN36346970			GCA_035026565.1	Contig	SRR25183331	PRJNA988133				draft_assembly_available	confirmed_exact_ncppb_identifier	same_name	no	no		1	0	0
NCPPB 101	Xanthomonas cassavae (ex Wiehe & Dowson 1953) Vauterin et al. 1995	present_in_v2_snapshot	NCPPB 101; ICMP 204; LMG 673; DSM 18958	SAMN22555467		SAMN22555467			GCF_020783895.1	Contig	SRR22272561	PRJNA774146				draft_assembly_available	confirmed_exact_ncppb_identifier	same_name	no	no		1	0	0
NCPPB 109	Xanthomonas axonopodis pv. begoniae (Takimoto 1934) Vauterin et al. 1995	present_in_v2_snapshot	NCPPB 109													no_confirmed_public_data	no_confirmed_identity_match	not_assessed_no_confirmed_match	no	no		0	0	0
NCPPB 113	Xanthomonas axonopodis pv. ricini (Yoshi & Takimoto 1928) Vauterin et al. 1995	present_in_v2_snapshot	NCPPB 113	SAMN42178446		SAMN42178446			GCF_053571385.1	Contig	SRR29654663; SRR30041332	PRJNA1129907				draft_assembly_available	confirmed_exact_ncppb_identifier	same_name	no	no		1	0	0
NCPPB 151	Xanthomonas campestris pv. papavericola (Bryan and McWhorter 1930) Dye 1978	present_in_v2_snapshot	NCPPB 151	SAMN56511362		SAMN56511362					SRR37629063; SRR37789880	PRJNA1437458				raw_reads_only	confirmed_exact_ncppb_identifier	same_name	no	no		1	0	0
NCPPB 174	Xanthomonas axonopodis pv. vasculorum (Cobb 1893) Vauterin et al. 1995	present_in_v2_snapshot	NCPPB 174													no_confirmed_public_data	no_confirmed_identity_match	not_assessed_no_confirmed_match	no	no		0	0	0
NCPPB 181	Xanthomonas axonopodis pv. vasculorum (Cobb 1893) Vauterin et al. 1995	present_in_v2_snapshot	NCPPB 181													no_confirmed_public_data	no_confirmed_identity_match	not_assessed_no_confirmed_match	no	no		0	0	0
NCPPB 182	Xanthomonas sp. (Cobb 1893) Vauterin et al. 1995	present_in_v2_snapshot	NCPPB 182; ATCC 13901; ICMP 305; LMG 896													no_confirmed_public_data	no_confirmed_identity_match	not_assessed_no_confirmed_match	no	no		0	0	0
NCPPB 184	Xanthomonas axonopodis pv. vasculorum (Cobb 1893) Vauterin et al. 1995	present_in_v2_snapshot	NCPPB 184; ATCC 13902; ICPB XV101													no_confirmed_public_data	no_confirmed_identity_match	not_assessed_no_confirmed_match	no	no		0	0	0
NCPPB 185	Xanthomonas axonopodis pv. vasculorum (Cobb 1893) Vauterin et al. 1995	present_in_v2_snapshot	NCPPB 185													no_confirmed_public_data	no_confirmed_identity_match	not_assessed_no_confirmed_match	no	no		0	0	0
NCPPB 186	Xanthomonas axonopodis pv. vasculorum (Cobb 1893) Vauterin et al. 1995	present_in_v2_snapshot	NCPPB 186													no_confirmed_public_data	no_confirmed_identity_match	not_assessed_no_confirmed_match	no	no		0	0	0
NCPPB 187	Xanthomonas axonopodis pv. vasculorum (Cobb 1893) Vauterin et al. 1995	present_in_v2_snapshot	NCPPB 187													no_confirmed_public_data	no_confirmed_identity_match	not_assessed_no_confirmed_match	no	no		0	0	0
NCPPB 195	Xanthomonas vesicatoria (ex Doidge 1920) Vauterin et al. 1995	present_in_v2_snapshot	NCPPB 195													no_confirmed_public_data	no_confirmed_identity_match	not_assessed_no_confirmed_match	no	no		0	0	0
NCPPB 196	Xanthomonas campestris pv. campestris (Pammel 1895) Dowson 1939	present_in_v2_snapshot	NCPPB 196													no_confirmed_public_data	no_confirmed_identity_match	not_assessed_no_confirmed_match	no	no		0	0	0
NCPPB 200	Xanthomonas citri pv. malvacearum (Smith 1901) Constantin et al. 2016 comb. nov.	present_in_v2_snapshot	NCPPB 200													no_confirmed_public_data	no_confirmed_identity_match	not_assessed_no_confirmed_match	no	no		0	0	0
NCPPB 205	Xanthomonas hyacinthi (Wakker 1883) Vauterin et al. 1995	present_in_v2_snapshot	NCPPB 205													no_confirmed_public_data	no_confirmed_identity_match	not_assessed_no_confirmed_match	no	no		0	0	0
NCPPB 206	Xanthomonas vasicola pv. vasculorum (Cobb 1894) Lang et al. 2017	present_in_v2_snapshot	NCPPB 206; ICMP 326; LMG 8284; CFBP 7162	SAMN36357966; SAMN00991256		SAMN36357966; SAMN00991256			GCF_030551425.2; GCF_000278035.1	Contig; Scaffold	SRR25194059; SRR494500	PRJNA992549; PRJNA73871; PRJNA73853				draft_assembly_available	confirmed_exact_ncppb_identifier	same_name	no	no		2	0	0
NCPPB 208	Xanthomonas albilineans (Ashby 1929) Dowson 1943	present_in_v2_snapshot	NCPPB 208													no_confirmed_public_data	no_confirmed_identity_match	not_assessed_no_confirmed_match	no	no		0	0	0
NCPPB 210	Xanthomonas citri pv. malvacearum (Smith 1901) Constantin et al. 2016 comb. nov.	present_in_v2_snapshot	NCPPB 210													no_confirmed_public_data	no_confirmed_identity_match	not_assessed_no_confirmed_match	no	no		0	0	0
NCPPB 211	Xanthomonas citri pv. citri (Hasse 1915) Constantin 2016 comb. nov.	present_in_v2_snapshot	NCPPB 211	SAMN13783128		SAMN13783128			GCF_014798375.1	Contig	SRR11234665	PRJNA599566				draft_assembly_available	confirmed_exact_ncppb_identifier	same_name	no	no		1	0	0
NCPPB 212	Xanthomonas citri pv. mangiferaeindicae (Patel et al. 1948) Constantin et al. 2016 comb. nov.	present_in_v2_snapshot	NCPPB 212													no_confirmed_public_data	no_confirmed_identity_match	not_assessed_no_confirmed_match	no	no		0	0	0
NCPPB 220	Xanthomonas phaseoli pv. phaseoli (Smith 1897) Constantin et al. 2016 comb. nov.	present_in_v2_snapshot	NCPPB 220	SAMN03262509		SAMN03262509			GCF_000808715.2	Contig	SRR2052885	PRJNA270010				draft_assembly_available	confirmed_exact_ncppb_identifier	same_name	no	no		1	0	0
NCPPB 226	Xanthomonas citri pv. citri (Hasse 1915) Constantin 2016 comb. nov.	present_in_v2_snapshot	NCPPB 226	SAMN13783184		SAMN13783184			GCF_014797395.1	Contig	SRR11234664	PRJNA599566				draft_assembly_available	confirmed_exact_ncppb_identifier	same_name	no	no		1	0	0
NCPPB 230	Xanthomonas hortorum pv. carotae (Kendrick 1934) Vauterin et al. 1995	present_in_v2_snapshot	NCPPB 230	SAMN40354569		SAMN40354569			GCF_040202495.1	Scaffold	SRR28281421; SRR30293564	PRJNA991976				draft_assembly_available	confirmed_exact_ncppb_identifier	same_genus_different_species	yes	yes	same_genus_different_species	1	0	0
NCPPB 232	Xanthomonas hortorum pv. vitians Morinière et al. 2020	present_in_v2_snapshot	NCPPB 232	SAMEA6962647		SAMEA6962647			GCF_903978195.1	Complete Genome	ERR4326259; ERR4327117	PRJEB38812				complete_genome_available	confirmed_exact_ncppb_identifier	same_name	no	no		1	0	0
NCPPB 240	Xanthomonas campestris pv. campestris (Pammel 1895) Dowson 1939	present_in_v2_snapshot	NCPPB 240													no_confirmed_public_data	no_confirmed_identity_match	not_assessed_no_confirmed_match	no	no		0	0	0
NCPPB 241	Xanthomonas axonopodis pv. begoniae (Takimoto 1934) Vauterin et al. 1995	present_in_v2_snapshot	NCPPB 241													no_confirmed_public_data	no_confirmed_identity_match	not_assessed_no_confirmed_match	no	no		0	0	0
NCPPB 243	Xanthomonas euvesicatoria pv. uppalii (Patel 1948) Harrison et al. 2023	present_in_v2_snapshot	NCPPB 243													no_confirmed_public_data	no_confirmed_identity_match	not_assessed_no_confirmed_match	no	no		0	0	0
NCPPB 273	Xanthomonas arboricola pv. pruni (Smith 1903) Vauterin et al. 1995	present_in_v2_snapshot	NCPPB 273													no_confirmed_public_data	no_confirmed_identity_match	not_assessed_no_confirmed_match	no	no		0	0	0
NCPPB 279	Xanthomonas campestris pv. campestris (Pammel 1895) Dowson 1939	present_in_v2_snapshot	NCPPB 279													no_confirmed_public_data	no_confirmed_identity_match	not_assessed_no_confirmed_match	no	no		0	0	0
NCPPB 290	Xanthomonas albilineans (Ashby 1929) Dowson 1943	present_in_v2_snapshot	NCPPB 290													no_confirmed_public_data	no_confirmed_identity_match	not_assessed_no_confirmed_match	no	no		0	0	0
NCPPB 293	Xanthomonas citri pv. malvacearum (Smith 1901) Constantin et al. 2016 comb. nov.	present_in_v2_snapshot	NCPPB 293													no_confirmed_public_data	no_confirmed_identity_match	not_assessed_no_confirmed_match	no	no		0	0	0
NCPPB 301	Xanthomonas phaseoli pv. phaseoli (Smith 1897) Constantin et al. 2016 comb. nov.	present_in_v2_snapshot	NCPPB 301	SAMN03175018		SAMN03175018			GCF_000785945.1	Contig	SRR2052879	PRJNA266886				draft_assembly_available	confirmed_exact_ncppb_identifier	same_name	no	no		1	0	0
NCPPB 302	Xanthomonas phaseoli pv. phaseoli (Smith 1897) Constantin et al. 2016 comb. nov.	present_in_v2_snapshot	NCPPB 302													no_confirmed_public_data	no_confirmed_identity_match	not_assessed_no_confirmed_match	no	no		0	0	0
NCPPB 305	Xanthomonas hortorum pv. pelargonii (Brown 1923) Vauterin et al. 1995	present_in_v2_snapshot	NCPPB 305													no_confirmed_public_data	no_confirmed_identity_match	not_assessed_no_confirmed_match	no	no		0	0	0
NCPPB 315	Xanthomonas citri pv. malvacearum (Smith 1901) Constantin et al. 2016 comb. nov.	present_in_v2_snapshot	NCPPB 315; XS52/5													no_confirmed_public_data	no_confirmed_identity_match	not_assessed_no_confirmed_match	no	no		0	0	0
NCPPB 347	Xanthomonas campestris pv. armoraciae (McCulloch 1929) Dye 1978	present_in_v2_snapshot	NCPPB 347; ICMP 7; LMG 535	SAMN22552829; SAMN17385947		SAMN22552829; SAMN17385947	SAMN17385947		GCF_020731405.1	Contig	SRR29823152; SRR14648465	PRJNA774128; PRJNA693392				draft_assembly_available	confirmed_exact_ncppb_identifier	same_name	no	no		2	0	0
NCPPB 348	Xanthomonas phaseoli pv. manihotis (Bondar 1912) Constantin et al. 2016 comb. nov.	present_in_v2_snapshot	NCPPB 348													no_confirmed_public_data	no_confirmed_identity_match	not_assessed_no_confirmed_match	no	no		0	0	0
NCPPB 362	Xanthomonas arboricola pv. juglandis (Pierce 1901) Vauterin et al. 1995	present_in_v2_snapshot	NCPPB 362													no_confirmed_public_data	no_confirmed_identity_match	not_assessed_no_confirmed_match	no	no		0	0	0
NCPPB 381	Xanthomonas citri pv. fuscans (Schaad et al. 2007) Constantin et al. 2016 comb. nov.	present_in_v2_snapshot	NCPPB 381; ATCC 19315; LMG 826; ICMP 239; CFBP 6165	SAMN03142398; SAMN40354536; SAMN06829306; SAMN02903172		SAMN03142398; SAMN40354536	SAMN06829306; SAMN02903172		GCF_000788075.1; GCF_040202995.2; GCF_002759215.2; GCF_001401605.1	Contig; Complete Genome	SRR2052644; SRR28281417; SRR30293625; SRR13975653; SRR13997422; SRR1510073	PRJNA264772; PRJNA991976; PRJNA384145; PRJNA254368				complete_genome_available	confirmed_exact_ncppb_identifier; confirmed_exact_collection_identifier	same_name	no	no		4	0	0
NCPPB 400	Xanthomonas hortorum pv. pelargonii (Brown 1923) Vauterin et al. 1995	present_in_v2_snapshot	NCPPB 400													no_confirmed_public_data	no_confirmed_identity_match	not_assessed_no_confirmed_match	no	no		0	0	0
NCPPB 403	Xanthomonas campestris pv. campestris (Pammel 1895) Dowson 1939	present_in_v2_snapshot	NCPPB 403													no_confirmed_public_data	no_confirmed_identity_match	not_assessed_no_confirmed_match	no	no		0	0	0
NCPPB 404	Xanthomonas campestris pv. campestris (Pammel 1895) Dowson 1939	present_in_v2_snapshot	NCPPB 404	SAMN36346971		SAMN36346971			GCA_035026745.1	Contig	SRR25183330	PRJNA988133				draft_assembly_available	confirmed_exact_ncppb_identifier	same_name	no	no		1	0	0
NCPPB 405	Xanthomonas citri pv. citri (Hasse 1915) Constantin 2016 comb. nov.	present_in_v2_snapshot	NCPPB 405													no_confirmed_public_data	no_confirmed_identity_match	not_assessed_no_confirmed_match	no	no		0	0	0
NCPPB 406	Xanthomonas citri pv. citri (Hasse 1915) Constantin 2016 comb. nov.	present_in_v2_snapshot	NCPPB 406	SAMN13783185		SAMN13783185			GCF_014797385.1	Contig	SRR11234661	PRJNA599566				draft_assembly_available	confirmed_exact_ncppb_identifier	same_name	no	no		1	0	0
NCPPB 407	Xanthomonas citri pv. citri (Hasse 1915) Constantin 2016 comb. nov.	present_in_v2_snapshot	NCPPB 407													no_confirmed_public_data	no_confirmed_identity_match	not_assessed_no_confirmed_match	no	no		0	0	0
NCPPB 408	Xanthomonas citri pv. citri (Hasse 1915) Constantin 2016 comb. nov.	present_in_v2_snapshot	NCPPB 408													no_confirmed_public_data	no_confirmed_identity_match	not_assessed_no_confirmed_match	no	no		0	0	0
NCPPB 409	Xanthomonas citri (Hasse 1915) Gabriel et al. 1989	present_in_v2_snapshot	NCPPB 409; ICMP 24; LMG 682; CFBP 2525	SAMEA114331998; SAMN13783182		SAMEA114331998	SAMN13783182		GCF_963669875.1; GCF_014797425.1	Contig	ERR12095337; SRR11234614	PRJEB65884; PRJNA599566				draft_assembly_available	confirmed_exact_ncppb_identifier; confirmed_exact_collection_identifier	same_name	no	no		2	0	0
NCPPB 410	Xanthomonas citri pv. citri (Hasse 1915) Constantin 2016 comb. nov.	present_in_v2_snapshot	NCPPB 410													no_confirmed_public_data	no_confirmed_identity_match	not_assessed_no_confirmed_match	no	no		0	0	0
NCPPB 411	Xanthomonas arboricola pv. juglandis (Pierce 1901) Vauterin et al. 1995	present_in_v2_snapshot	NCPPB 411; ICMP 35; CFBP 2528; LMG 747; ATCC 49083	SAMN43400626; SAMN03352151			SAMN43400626; SAMN03352151		GCF_001013475.1	Scaffold		PRJNA275685				draft_assembly_available	confirmed_exact_collection_identifier	same_name	no	no		2	0	0
NCPPB 412	Xanthomonas arboricola pv. juglandis (Pierce 1901) Vauterin et al. 1995	present_in_v2_snapshot	NCPPB 412													no_confirmed_public_data	no_confirmed_identity_match	not_assessed_no_confirmed_match	no	no		0	0	0
NCPPB 414	Xanthomonas arboricola pv. juglandis (Pierce 1901) Vauterin et al. 1995	present_in_v2_snapshot	NCPPB 414													no_confirmed_public_data	no_confirmed_identity_match	not_assessed_no_confirmed_match	no	no		0	0	0
NCPPB 415	Xanthomonas arboricola pv. juglandis (Pierce 1901) Vauterin et al. 1995	present_in_v2_snapshot	NCPPB 415													no_confirmed_public_data	no_confirmed_identity_match	not_assessed_no_confirmed_match	no	no		0	0	0
NCPPB 416	Xanthomonas arboricola pv. pruni (Smith 1903) Vauterin et al. 1995	present_in_v2_snapshot	NCPPB 416; ATCC 19316; ICMP 51; LMG 852; CFBP 2535	SAMN41996497; SAMN39942831; SAMN00188641		SAMN41996497; SAMN39942831	SAMN00188641		GCF_041464225.1	Complete Genome	SRR29500231; SRR30016867; SRR27966376	PRJNA1127218; PRJNA1076490				complete_genome_available	confirmed_exact_ncppb_identifier; confirmed_exact_collection_identifier	same_name	no	no		3	0	0
NCPPB 418	Xanthomonas arboricola pv. pruni (Smith 1903) Vauterin et al. 1995	present_in_v2_snapshot	NCPPB 418													no_confirmed_public_data	no_confirmed_identity_match	not_assessed_no_confirmed_match	no	no		0	0	0
NCPPB 419	Xanthomonas arboricola pv. pruni (Smith 1903) Vauterin et al. 1995	present_in_v2_snapshot	NCPPB 419													no_confirmed_public_data	no_confirmed_identity_match	not_assessed_no_confirmed_match	no	no		0	0	0
NCPPB 420	Xanthomonas arboricola pv. pruni (Smith 1903) Vauterin et al. 1995	present_in_v2_snapshot	NCPPB 420													no_confirmed_public_data	no_confirmed_identity_match	not_assessed_no_confirmed_match	no	no		0	0	0
NCPPB 421	Xanthomonas arboricola pv. pruni (Smith 1903) Vauterin et al. 1995	present_in_v2_snapshot	NCPPB 421													no_confirmed_public_data	no_confirmed_identity_match	not_assessed_no_confirmed_match	no	no		0	0	0
NCPPB 422	Xanthomonas vesicatoria (ex Doidge 1920) Vauterin et al. 1995	present_in_v2_snapshot	NCPPB 422; ICMP 63; LMG 911; ATCC 35937	SAMN02471773; SAMN05823154			SAMN02471773; SAMN05823154		GCF_000192025.1; GCF_001908725.1	Contig; Complete Genome		PRJNA60019; PRJNA344031				complete_genome_available	confirmed_exact_collection_identifier	same_name	no	no		2	0	0
NCPPB 423	Xanthomonas vesicatoria (ex Doidge 1920) Vauterin et al. 1995	present_in_v2_snapshot	NCPPB 423; ICMP 65; LMG 916													no_confirmed_public_data	no_confirmed_identity_match	not_assessed_no_confirmed_match	no	no		0	0	0
NCPPB 424	Xanthomonas vesicatoria (ex Doidge 1920) Vauterin et al. 1995	present_in_v2_snapshot	NCPPB 424; ICMP 66; LMG 917													no_confirmed_public_data	no_confirmed_identity_match	not_assessed_no_confirmed_match	no	no		0	0	0
NCPPB 425	Xanthomonas hortorum pv. carotae (Kendrick 1934) Vauterin et al. 1995	present_in_v2_snapshot	NCPPB 425	SAMN40354566		SAMN40354566					SRR28281424	PRJNA991976				raw_reads_only	confirmed_exact_ncppb_identifier	same_genus_different_species	yes	yes	same_genus_different_species	1	0	0
NCPPB 457	Xanthomonas axonopodis pv. axonopodis Starr & Garces 1950	present_in_v2_snapshot	NCPPB 457; ATCC 19312; ICMP 50; LMG 982; DSMZ 3585; XA103	SAMN02903173			SAMN02903173		GCF_001401595.1	Contig	SRR1509983	PRJNA254369				draft_assembly_available	confirmed_exact_collection_identifier	same_name	no	no		1	0	0
NCPPB 464	Xanthomonas campestris pv. olitorii (Sabet 1957) Dye 1978	present_in_v2_snapshot	NCPPB 464; ICMP 359; LMG 9052	SAMN41997686; SAMN19988989		SAMN41997686; SAMN19988989			GCA_041281645.2; GCA_019201065.3	Complete Genome	SRR29501486; SRR30017108; SRR15305434; SRR27397079	PRJNA1127243; PRJNA742925				complete_genome_available	confirmed_exact_ncppb_identifier	same_name	no	no		2	0	0
NCPPB 465	Xanthomonas campestris pv. olitorii (Sabet 1957) Dye 1978	present_in_v2_snapshot	NCPPB 465	SAMN41997687		SAMN41997687			GCA_041464235.1	Complete Genome	SRR29501485; SRR30017107	PRJNA1127243				complete_genome_available	confirmed_exact_ncppb_identifier	same_name	no	no		1	0	0
NCPPB 466	Xanthomonas citri pv. punicae (Hingorani & Singh 1959) Constantin et al. 2016 comb. nov.	present_in_v2_snapshot	NCPPB 466; ICMP 360; LMG 859	SAMN09425328; SAMEA3138416			SAMN09425328; SAMEA3138416		GCF_000285775.1	Contig		PRJNA73081				draft_assembly_available	confirmed_exact_collection_identifier	same_name	no	no		2	0	0
NCPPB 473	Xanthomonas citri pv. punicae (Hingorani & Singh 1959) Constantin et al. 2016 comb. nov.	present_in_v2_snapshot	NCPPB 473													no_confirmed_public_data	no_confirmed_identity_match	not_assessed_no_confirmed_match	no	no		0	0	0
NCPPB 476	Xanthomonas vesicatoria (ex Doidge 1920) Vauterin et al. 1995	present_in_v2_snapshot	NCPPB 476													no_confirmed_public_data	no_confirmed_identity_match	not_assessed_no_confirmed_match	no	no		0	0	0
NCPPB 477	Xanthomonas citri pv. trichodesmae (Patel et al.1952) Harrison et al. 2023	present_in_v2_snapshot	NCPPB 477													no_confirmed_public_data	no_confirmed_identity_match	not_assessed_no_confirmed_match	no	no		0	0	0
NCPPB 478	Xanthomonas axonopodis pv. cassiae (Kulkarni et al. 1951) Vauterin et al. 1995	present_in_v2_snapshot	NCPPB 478	SAMN42178451		SAMN42178451			GCF_053646535.1	Contig	SRR29654630	PRJNA1129911				draft_assembly_available	confirmed_exact_ncppb_identifier	same_name	no	no		1	0	0
NCPPB 479	Xanthomonas axonopodis pv. melhusii (Patel et al. 1952) Vauterin et al. 1995	present_in_v2_snapshot	NCPPB 479													no_confirmed_public_data	no_confirmed_identity_match	not_assessed_no_confirmed_match	no	no		0	0	0
NCPPB 480	Xanthomonas euvesicatoria pv. alfalfae (ex Riker et al. 1935) Constantin et al. 2016 comb. nov.	present_in_v2_snapshot	NCPPB 480; CFBP 7121													no_confirmed_public_data	no_confirmed_identity_match	not_assessed_no_confirmed_match	no	no		0	0	0
NCPPB 481	Xanthomonas axonopodis pv. desmodii (Patel 1949) Vauterin et al. 1995	present_in_v2_snapshot	NCPPB 481; ATCC 11640; ICMP 315; LMG 692; ICPB XD105	SAMN42278566		SAMN42278566					SRR29692761; SRR30016545	PRJNA742925				raw_reads_only	confirmed_exact_ncppb_identifier	same_name	no	no		1	0	0
NCPPB 485	Xanthomonas axonopodis pv. betlicola (Patel et al. 1951) Vauterin et al. 1995	present_in_v2_snapshot	NCPPB 485; XB109; ICPB XB109	SAMN42284446		SAMN42284446					SRR29695153; SRR30036952	PRJNA1131447				raw_reads_only	confirmed_exact_ncppb_identifier	same_name	no	no		1	0	0
NCPPB 488	Xanthomonas axonopodis pv. ricini (Yoshi & Takimoto 1928) Vauterin et al. 1995	present_in_v2_snapshot	NCPPB 488; ICPB XR101; ATCC 11767; LMG 7441; ICMP 248	SAMN42178439		SAMN42178439			GCF_053571405.1	Complete Genome	SRR29654670; SRR30041327	PRJNA1129907				complete_genome_available	confirmed_exact_ncppb_identifier	same_name	no	no		1	0	0
NCPPB 490	Xanthomonas citri pv. mangiferaeindicae (Patel et al. 1948) Constantin et al. 2016 comb. nov.	present_in_v2_snapshot	NCPPB 490; ATCC 11637; ICMP 5740; LMG 941; CFBP 1716; ICPB PM114	SAMN41471108; SAMEA2272013			SAMN41471108; SAMEA2272013		GCF_042638415.1; GCF_000263335.2	Complete Genome		PRJNA1113937; PRJEA86101				complete_genome_available	confirmed_exact_collection_identifier	same_name	no	no		2	0	0
NCPPB 509	Xanthomonas vesicatoria (ex Doidge 1920) Vauterin et al. 1995	present_in_v2_snapshot	NCPPB 509; LMG 919	SAMN03175433			SAMN03175433		GCF_001469445.1	Contig	SRR4717825	PRJNA266916				draft_assembly_available	confirmed_exact_collection_identifier	same_name	no	no		1	0	0
NCPPB 510	Xanthomonas albilineans (Ashby 1929) Dowson 1943	present_in_v2_snapshot	NCPPB 510													no_confirmed_public_data	no_confirmed_identity_match	not_assessed_no_confirmed_match	no	no		0	0	0
NCPPB 526	Xanthomonas albilineans (Ashby 1929) Dowson 1943	present_in_v2_snapshot	NCPPB 526													no_confirmed_public_data	no_confirmed_identity_match	not_assessed_no_confirmed_match	no	no		0	0	0
NCPPB 528	Xanthomonas campestris pv. campestris (Pammel 1895) Dowson 1939	present_in_v2_snapshot	NCPPB 528; ICMP 13; ATCC 33913; LMG 568; CIP 100069	SAMN22552834; SAMN36368329; SAMN02603845		SAMN22552834; SAMN36368329	SAMN02603845		GCF_020813135.1; GCA_035023825.1; GCF_000007145.1	Contig; Complete Genome	SRR29823160; SRR25205299	PRJNA774128; PRJNA988133; PRJNA296				complete_genome_available	confirmed_exact_ncppb_identifier; confirmed_exact_collection_identifier	same_name	no	no		3	0	0
NCPPB 529	Xanthomonas campestris pv. campestris (Pammel 1895) Dowson 1939	present_in_v2_snapshot	NCPPB 529; P33/1	SAMN36346972		SAMN36346972			GCA_035026845.1	Contig	SRR25183329	PRJNA988133				draft_assembly_available	confirmed_exact_ncppb_identifier	same_name	no	no		1	0	2
NCPPB 535	Xanthomonas axonopodis pv. ricini (Yoshi & Takimoto 1928) Vauterin et al. 1995	present_in_v2_snapshot	NCPPB 535	SAMN42178440		SAMN42178440			GCF_041463965.1	Complete Genome	SRR29654669; SRR30041326	PRJNA1129907				complete_genome_available	confirmed_exact_ncppb_identifier	same_name	no	no		1	0	0
NCPPB 536	Xanthomonas axonopodis pv. khayae (Sabet 1959) Vauterin et al. 1995	present_in_v2_snapshot	NCPPB 536; ICMP 671; LMG 753	SAMN42284536		SAMN42284536			GCF_053615305.1	Contig	SRR29695060; SRR30037788	PRJNA1131458				draft_assembly_available	confirmed_exact_ncppb_identifier	same_name	no	no		1	0	0
NCPPB 554	Xanthomonas citri pv. glycines (Nakano 1919) Constantin et al. 2016 comb. nov.	present_in_v2_snapshot	NCPPB 554; ICMP 5732; LMG 712; CFBP 2526; ATCC 43911	SAMN02469936; SAMN18397212			SAMN02469936; SAMN18397212		GCF_000495275.1; GCF_017723855.1	Chromosome; Complete Genome	SRR14026742; SRR14028219	PRJNA212247; PRJNA716184				complete_genome_available	confirmed_exact_collection_identifier	same_name	no	no		2	0	0
NCPPB 555	Xanthomonas citri pv. vignicola (Burkholder 1944) Constantin et al. 2016 comb. nov.	present_in_v2_snapshot	NCPPB 555													no_confirmed_public_data	no_confirmed_identity_match	not_assessed_no_confirmed_match	no	no		0	0	0
NCPPB 556	Xanthomonas axonopodis Starr & Garcés 1950	present_in_v2_snapshot	NCPPB 556	SAMN56511388; SAMN03203484		SAMN56511388; SAMN03203484			GCF_000818835.2	Contig	SRR37629069; SRR37789886; SRR2051461	PRJNA1437458; PRJNA268142				draft_assembly_available	confirmed_exact_ncppb_identifier	same_genus_different_species; compatible_synonym	yes	yes	same_genus_different_species	2	0	0
NCPPB 557	Xanthomonas axonopodis (Smith 1897) Vauterin et al.1995	present_in_v2_snapshot	NCPPB 557	SAMN56511389; SAMN03257620		SAMN56511389; SAMN03257620			GCF_000808655.2	Contig	SRR37629068; SRR37789885; SRR2051462	PRJNA1437458; PRJNA269801				draft_assembly_available	confirmed_exact_ncppb_identifier	same_genus_different_species; compatible_synonym	yes	yes	same_genus_different_species	2	0	0
NCPPB 570	Xanthomonas campestris pv. amaranthicola (Patel et al. 1952) Dye 1978	present_in_v2_snapshot	NCPPB 570; ATCC 11645; ICMP 441; LMG 498	SAMN42488058		SAMN42488058					SRR29823100	PRJNA742925				raw_reads_only	confirmed_exact_ncppb_identifier	same_name	no	no		1	0	0
NCPPB 571	Xanthomonas campestris pv. badrii (Patel et al.1950) Dye 1978	present_in_v2_snapshot	NCPPB 571; ATCC 11672; ICMP 571; LMG 546	SAMN14601050			SAMN14601050		GCF_012848175.1	Complete Genome	SRR11568976	PRJNA622823				complete_genome_available	confirmed_exact_collection_identifier	same_name	no	no		1	0	0
NCPPB 573	Xanthomonas axonopodis pv. cajani (Kulkarni et al. 1950) Vauterin et al. 1995	present_in_v2_snapshot	NCPPB 573; ATCC 11639; ICMP 444; LMG 558	SAMN42284473		SAMN42284473			GCF_053614595.1	Contig	SRR29694809; SRR30037371	PRJNA1131453				draft_assembly_available	confirmed_exact_ncppb_identifier	same_name	no	no		1	0	0
NCPPB 575	Xanthomonas euvesicatoria pv. clerodendri (Patel et al. 1952) Harrison et al. 2023	present_in_v2_snapshot	NCPPB 575; ATCC 11676; ICMP 445; CIP 106789; LMG 684; DSMZ 13067; CCUG 43811	SAMN19988990		SAMN19988990			GCF_019201225.1	Contig	SRR15305412	PRJNA742925				draft_assembly_available	confirmed_exact_ncppb_identifier	same_genus_different_species	yes	yes	same_genus_different_species	1	0	0
NCPPB 577	Xanthomonas axonopodis pv. desmodiigangetici (Patel & Moniz 1948) Vauterin et al. 1995	present_in_v2_snapshot	NCPPB 577; ATCC 11671; ICMP 577; LMG 693	SAMN42278567		SAMN42278567			GCF_041464215.1	Complete Genome	SRR29692759; SRR30016544	PRJNA742925				complete_genome_available	confirmed_exact_ncppb_identifier	same_name	no	no		1	0	0
NCPPB 578	Xanthomonas euvesicatoria pv. erythrinae (Patel et al. 1952) Constantin et al. 2016 comb. nov.	present_in_v2_snapshot	NCPPB 578; ATCC 11679; ICMP 446; LMG 698													no_confirmed_public_data	no_confirmed_identity_match	not_assessed_no_confirmed_match	no	no		0	0	0
NCPPB 579	Xanthomonas euvesicatoria pv. lawsoniae (Patel et al. 1951) Harrison et al. 2023	present_in_v2_snapshot	NCPPB 579; ATCC 11674; ICMP 319; LMG 756	SAMN19988991		SAMN19988991			GCF_019201185.1	Contig	SRR15305414	PRJNA742925				draft_assembly_available	confirmed_exact_ncppb_identifier	same_genus_different_species	yes	yes	same_genus_different_species	1	0	0
NCPPB 581	Xanthomonas axonopodis pv. poinsettiicola (Patel et al. 1951) Vauterin et al. 1995	present_in_v2_snapshot	NCPPB 581; ATCC 11643; ICMP 5779; LMG 849; CFBP 7277	SAMN42178463		SAMN42178463			GCF_041486685.1	Complete Genome	SRR29654624; SRR30037949	PRJNA1129913				complete_genome_available	confirmed_exact_ncppb_identifier	same_name	no	no		1	0	0
NCPPB 582	Xanthomonas citri pv. sesbaniae (Patel et al. 1952) Constantin et al. 2016 comb. nov.	present_in_v2_snapshot	NCPPB 582; ATCC 11675; ICMP 367													no_confirmed_public_data	no_confirmed_identity_match	not_assessed_no_confirmed_match	no	no		0	0	0
NCPPB 584	Xanthomonas axonopodis pv. tamarindi (Patel et al. 1951) Vauterin et al. 1995	present_in_v2_snapshot	NCPPB 584; ATCC 11673; ICMP 572; LMG 995; CCUG 15850	SAMN42278574		SAMN42278574			GCF_041466645.1	Complete Genome	SRR29692752	PRJNA742925				complete_genome_available	confirmed_exact_ncppb_identifier	same_name	no	no		1	0	0
NCPPB 585	Xanthomonas citri pv. trichodesmae (Patel et al.1952) Harrison et al. 2023	present_in_v2_snapshot	NCPPB 585; ATCC 11678; ICMP 5754; LMG 874	SAMN19988994		SAMN19988994			GCA_019201525.1	Contig	SRR15305424	PRJNA742925				draft_assembly_available	confirmed_exact_ncppb_identifier	same_genus_different_species	yes	yes	same_genus_different_species	1	0	0
NCPPB 586	Xanthomonas euvesicatoria pv. uppalii (Patel 1948) Harrison et al. 2023	present_in_v2_snapshot	NCPPB 586; ATCC 11641; ICMP 5756; LMG 893	SAMN19988992		SAMN19988992			GCF_019201115.1	Contig	SRR15305427	PRJNA742925				draft_assembly_available	confirmed_exact_ncppb_identifier	same_genus_different_species	yes	yes	same_genus_different_species	1	0	0
NCPPB 599	Xanthomonas hyacinthi (Wakker 1883) Vauterin et al. 1995	present_in_v2_snapshot	NCPPB 599; ATCC 193314; ICMP 189; DSM 19077; CFBP 1156; LMG 739	SAMN12660098; SAMN05560286; SAMN02894432; SAMN43282147; SAMD00253046			SAMN12660098; SAMN05560286; SAMN02894432; SAMN43282147; SAMD00253046		GCF_009769165.1; GCF_002939895.1; GCF_001010435.1; GCF_042648025.1	Complete Genome; Contig	SRR10043048	PRJNA562936; PRJNA338630; PRJNA232378; PRJNA595761				complete_genome_available	confirmed_exact_collection_identifier	same_name	no	no		5	0	0
NCPPB 614	Xanthomonas citri pv. malvacearum (Smith 1901) Schaad et al. 2007	present_in_v2_snapshot	NCPPB 614													no_confirmed_public_data	no_confirmed_identity_match	not_assessed_no_confirmed_match	no	no		0	0	0
NCPPB 631	Xanthomonas euvesicatoria pv. sesami (Sabet & Dowson 1960) Constantin et al. 2016 comb. nov.	present_in_v2_snapshot	NCPPB 631; ICMP 621; LMG 865													no_confirmed_public_data	no_confirmed_identity_match	not_assessed_no_confirmed_match	no	no		0	0	0
NCPPB 633	Xanthomonas citri pv. malvacearum (Smith 1901) Constantin et al. 2016 comb. nov.	present_in_v2_snapshot	NCPPB 633; 222M; ICMP 5739; LMG 761; CFBP 2530; M2519	SAMN40354537; SAMN40354530; SAMN08729580; SAMN07418358; SAMN22082069		SAMN40354537; SAMN40354530; SAMN08729580	SAMN07418358; SAMN22082069		GCF_040202935.2; GCF_040202075.1; GCF_003064125.1; GCF_027186285.1	Complete Genome; Scaffold	SRR28281416; SRR30293580; SRR28281454; SRR7642345; SRR5901872; SRR17318718	PRJNA991976; PRJNA438827; PRJNA395938; PRJNA769051				complete_genome_available	confirmed_exact_ncppb_identifier; confirmed_exact_collection_identifier	same_name	no	no		5	0	0
NCPPB 634	Xanthomonas citri pv. malvacearum (Smith 1901) Constantin et al. 2016 comb. nov.	present_in_v2_snapshot	NCPPB 634; 223S; S2519													no_confirmed_public_data	no_confirmed_identity_match	not_assessed_no_confirmed_match	no	no		0	0	0
NCPPB 637	Xanthomonas axonopodis pv. cyamopsidis (Patel et al.1953) Vauterin et al. 1995	present_in_v2_snapshot	NCPPB 637; 76200; ICMP 616; LMG 691	SAMN42180202		SAMN42180202			GCF_041463595.1	Complete Genome	SRR29655428; SRR30037601	PRJNA1130018				complete_genome_available	confirmed_exact_ncppb_identifier	same_name	no	no		1	0	0
NCPPB 638	Xanthomonas citri pv. vignicola (Burkholder 1944) Constantin et al. 2016 comb. nov.	present_in_v2_snapshot	NCPPB 638; 76537; CFBP 7110													no_confirmed_public_data	no_confirmed_identity_match	not_assessed_no_confirmed_match	no	no		0	0	0
NCPPB 642	Xanthomonas hortorum pv. hederae (Arnaud 1920) Vauterin et al. 1995	present_in_v2_snapshot	NCPPB 642													no_confirmed_public_data	no_confirmed_identity_match	not_assessed_no_confirmed_match	no	no		0	0	0
NCPPB 645	Xanthomonas axonopodis pv. cassiae (Kulkarni et al. 1951) Vauterin et al. 1995	present_in_v2_snapshot	NCPPB 645	SAMN42178452		SAMN42178452			GCF_041519365.1	Complete Genome	SRR29654629; SRR30037587	PRJNA1129911				complete_genome_available	confirmed_exact_ncppb_identifier	same_name	no	no		1	0	0
NCPPB 646	Xanthomonas axonopodis pv. khayae (Sabet 1959) Vauterin et al. 1995	present_in_v2_snapshot	NCPPB 646	SAMN42284537	SAMN03175008	SAMN42284537			GCF_053615295.1	Complete Genome	SRR29695059; SRR30037787	PRJNA1131458	GCF_000785925.1	SRR2052876	PRJNA266873	complete_genome_available	confirmed_exact_ncppb_identifier; conflicting_exact_identifier	same_name; same_genus_different_species	yes	yes	conflicting_ncppb_identifier	1	1	0
NCPPB 647	Xanthomonas euvesicatoria pv. sesami (Sabet & Dowson 1960) Constantin et al. 2016 comb. nov.	present_in_v2_snapshot	NCPPB 647													no_confirmed_public_data	no_confirmed_identity_match	not_assessed_no_confirmed_match	no	no		0	0	0
NCPPB 648	Xanthomonas euvesicatoria pv. alfalfae (ex Riker et al. 1935) Constantin et al. 2016 comb. nov.	present_in_v2_snapshot	NCPPB 648													no_confirmed_public_data	no_confirmed_identity_match	not_assessed_no_confirmed_match	no	no		0	0	0
NCPPB 670	Xanthomonas citri pv. fuscans (Schaad et al. 2007) Constantin et al. 2016 comb. nov.	present_in_v2_snapshot	NCPPB 670; 77421	SAMN03097370		SAMN03097370			GCF_000764875.1	Contig	SRR2052441	PRJNA263153				draft_assembly_available	confirmed_exact_ncppb_identifier	same_name	no	no		1	0	0
NCPPB 701	Xanthomonas vesicatoria (ex Doidge 1920) Vauterin et al. 1995	present_in_v2_snapshot	NCPPB 701; 77833; LMG 920	SAMN03175440			SAMN03175440		GCF_001469465.1	Contig	SRR4718188	PRJNA266920				draft_assembly_available	confirmed_exact_collection_identifier	same_name	no	no		1	0	0
NCPPB 702	Xanthomonas vasicola pv. vasculorum (Cobb 1894) Lang et al. 2017	present_in_v2_snapshot	NCPPB 702; 77860; ICPB XV168; LMG 8710; CFBP 7163	SAMN36357969; SAMN00002876		SAMN36357969; SAMN00002876			GCF_030551395.2; GCF_000159795.2	Contig; Scaffold	SRR25194036; SRR020202	PRJNA992549; PRJNA31213				draft_assembly_available	confirmed_exact_ncppb_identifier	same_name	no	no		2	0	0
NCPPB 761	Xanthomonas euvesicatoria pv. physalidicola (Goto & Okabe 1958) Constantin et al. 2016 comb. nov.	present_in_v2_snapshot	NCPPB 761; ICMP 586; LMG 845; ATCC 49077													no_confirmed_public_data	no_confirmed_identity_match	not_assessed_no_confirmed_match	no	no		0	0	0
NCPPB 762	Xanthomonas pisi (ex Goto & Okabe 1958) Vauterin et al. 1995	present_in_v2_snapshot	NCPPB 762; ICMP 570; LMG 847; DSM 18956; ATCC 35936	SAMD00537713; SAMN02894433; SAMD00253068		SAMD00537713	SAMN02894433; SAMD00253068		GCF_001010415.1	Contig		PRJNA232379				draft_assembly_available	confirmed_exact_ncppb_identifier; confirmed_exact_collection_identifier	same_name	no	no		3	0	0
NCPPB 793	Xanthomonas oryzae pv. oryzae (Ishiyama 1922) Swings et al. 1990	present_in_v2_snapshot	NCPPB 793; 78017													no_confirmed_public_data	no_confirmed_identity_match	not_assessed_no_confirmed_match	no	no		0	0	0
NCPPB 795	Xanthomonas vasicola pv. vasculorum (Cobb 1894) Lang et al. 2017	present_in_v2_snapshot	NCPPB 795; 81587; LMG 900	SAMN20034691; SAMN36357970		SAMN20034691; SAMN36357970			GCF_019209805.1; GCF_030551295.2	Contig	SRR29823134; SRR25194032	PRJNA743420; PRJNA992549				draft_assembly_available	confirmed_exact_ncppb_identifier	same_name	no	no		2	0	0
NCPPB 840	Xanthomonas axonopodis pv. patelii (Desai & Shah 1959) Vauterin et al. 1995	present_in_v2_snapshot	NCPPB 840; ICMP 167; LMG 811	SAMN42280122		SAMN42280122			GCF_041464165.1	Complete Genome	SRR29694608; SRR30018465	PRJNA742925				complete_genome_available	confirmed_exact_ncppb_identifier	same_name	no	no		1	0	0
NCPPB 875	Xanthomonas campestris pv. aberrans (Knosel 1961) Dye 1978	present_in_v2_snapshot	NCPPB 875													no_confirmed_public_data	no_confirmed_identity_match	not_assessed_no_confirmed_match	no	no		0	0	0
NCPPB 881	Xanthomonas hortorum pv. gardneri Morinière et al. (2020)	present_in_v2_snapshot	NCPPB 881; ATCC 19865; DSM 19127	SAMN56511390; SAMN09704275; SAMN33574910; SAMN02471772		SAMN56511390; SAMN09704275	SAMN09704275; SAMN33574910; SAMN02471772		GCF_046589575.1; GCF_000192065.1	Contig	SRR37629067; SRR37789884; SRR7628815; SRR23696936	PRJNA1437458; PRJNA482368; PRJNA940592; PRJNA60023				draft_assembly_available	confirmed_exact_ncppb_identifier; confirmed_exact_collection_identifier	same_name	no	no		4	0	0
NCPPB 884	Xanthomonas axonopodis pv. patelii (Desai & Shah 1959) Vauterin et al. 1995	present_in_v2_snapshot	NCPPB 884; B400													no_confirmed_public_data	no_confirmed_identity_match	not_assessed_no_confirmed_match	no	no		0	0	0
NCPPB 885	Xanthomonas axonopodis pv. desmodiirotundifolii (Desai & Shah 1960) Vauterin et al. 1995	present_in_v2_snapshot	NCPPB 885; B401; ICMP 168; LMG 694	SAMN42278569		SAMN42278569			GCF_041464115.1	Complete Genome	SRR29692757; SRR30016543	PRJNA742925				complete_genome_available	confirmed_exact_ncppb_identifier	same_name	no	no		1	0	0
NCPPB 887	Xanthomonas albilineans (Ashby 1929) Dowson 1943	present_in_v2_snapshot	NCPPB 887; ATCC 33195; B315													no_confirmed_public_data	no_confirmed_identity_match	not_assessed_no_confirmed_match	no	no		0	0	0
NCPPB 888	Xanthomonas sp. Dowson 1939	present_in_v2_snapshot	NCPPB 888; B325													no_confirmed_public_data	no_confirmed_identity_match	not_assessed_no_confirmed_match	no	no		0	0	0
NCPPB 889	Xanthomonas vasicola pv. vasculorum (Cobb 1894) Lang et al. 2017	present_in_v2_snapshot	NCPPB 889; LMG 902; CFBP 5831; B323	SAMN20080225; SAMN36357971		SAMN20080225; SAMN36357971			GCF_019200945.1; GCF_030551345.2	Contig	SRR29823133; SRR25194031	PRJNA743420; PRJNA992549				draft_assembly_available	confirmed_exact_ncppb_identifier	same_name	no	no		2	0	0
NCPPB 891	Xanthomonas axonopodis pv. vasculorum (Cobb 1893) Vauterin et al. 1995	present_in_v2_snapshot	NCPPB 891; B337													no_confirmed_public_data	no_confirmed_identity_match	not_assessed_no_confirmed_match	no	no		0	0	0
NCPPB 892	Xanthomonas axonopodis pv. vasculorum (Cobb 1893) Vauterin et al. 1995	present_in_v2_snapshot	NCPPB 892; B349													no_confirmed_public_data	no_confirmed_identity_match	not_assessed_no_confirmed_match	no	no		0	0	0
NCPPB 893	Xanthomonas axonopodis pv. vasculorum (Cobb 1893) Vauterin et al. 1995	present_in_v2_snapshot	NCPPB 893; B343													no_confirmed_public_data	no_confirmed_identity_match	not_assessed_no_confirmed_match	no	no		0	0	0
NCPPB 895	Xanthomonas vasicola pv. vasculorum (Cobb 1894) Lang et al. 2017	present_in_v2_snapshot	NCPPB 895; LMG 8714; B370	SAMN36357973; SAMN02439007		SAMN36357973; SAMN02439007			GCF_030551445.2; GCF_000278075.1	Contig; Scaffold	SRR25194029; SRR1045341	PRJNA992549; PRJNA163307				draft_assembly_available	confirmed_exact_ncppb_identifier	same_name	no	no		2	0	0
NCPPB 896	Xanthomonas albilineans (Ashby 1929) Dowson 1943	present_in_v2_snapshot	NCPPB 896; B462; ATCC 33196; LMG 483													no_confirmed_public_data	no_confirmed_identity_match	not_assessed_no_confirmed_match	no	no		0	0	0
NCPPB 897	Xanthomonas albilineans (Ashby 1929) Dowson 1943	present_in_v2_snapshot	NCPPB 897; B463													no_confirmed_public_data	no_confirmed_identity_match	not_assessed_no_confirmed_match	no	no		0	0	0
NCPPB 899	Xanthomonas axonopodis pv. vasculorum (Cobb 1893) Vauterin et al. 1995	present_in_v2_snapshot	NCPPB 899; B377													no_confirmed_public_data	no_confirmed_identity_match	not_assessed_no_confirmed_match	no	no		0	0	0
NCPPB 900	Xanthomonas axonopodis pv. vasculorum (Cobb 1893) Vauterin et al. 1995	present_in_v2_snapshot	NCPPB 900; B386	SAMN56511391; SAMN02854335		SAMN56511391; SAMN02854335			GCF_000724905.1	Scaffold	SRR37629066; SRR37789883; SRR1515236	PRJNA1437458; PRJNA252656				draft_assembly_available	confirmed_exact_ncppb_identifier	same_name	no	no		2	0	0
NCPPB 901	Xanthomonas sp. Dowson 1939	present_in_v2_snapshot	NCPPB 901; B406	SAMN42161496		SAMN42161496			GCF_056725085.1	Complete Genome	SRR29644180; SRR30040125	PRJNA1129555				complete_genome_available	confirmed_exact_ncppb_identifier	same_name	no	no		1	0	0
NCPPB 902	Xanthomonas vasicola Vauterin et al. 1995	present_in_v2_snapshot	NCPPB 902; B454	SAMN03140174		SAMN03140174			GCF_000772775.3	Complete Genome		PRJNA264637				complete_genome_available	confirmed_exact_ncppb_identifier	same_name	no	no		1	0	0
NCPPB 916	Xanthomonas sp. Dowson 1939	present_in_v2_snapshot	NCPPB 916; B136													no_confirmed_public_data	no_confirmed_identity_match	not_assessed_no_confirmed_match	no	no		0	0	0
NCPPB 917	Xanthomonas sp. Dowson 1939	present_in_v2_snapshot	NCPPB 917; B130													no_confirmed_public_data	no_confirmed_identity_match	not_assessed_no_confirmed_match	no	no		0	0	0
NCPPB 918	Xanthomonas albilineans (Ashby 1929) Dowson 1943	present_in_v2_snapshot	NCPPB 918; B373													no_confirmed_public_data	no_confirmed_identity_match	not_assessed_no_confirmed_match	no	no		0	0	0
NCPPB 922	Xanthomonas albilineans (Ashby 1929) Dowson 1943	present_in_v2_snapshot	NCPPB 922; B499; 1213A													no_confirmed_public_data	no_confirmed_identity_match	not_assessed_no_confirmed_match	no	no		0	0	0
NCPPB 923	Xanthomonas arboricola pv. pruni (Smith 1903) Vauterin et al. 1995	present_in_v2_snapshot	NCPPB 923; B495; A13a													no_confirmed_public_data	no_confirmed_identity_match	not_assessed_no_confirmed_match	no	no		0	0	0
NCPPB 924	Xanthomonas arboricola pv. pruni (Smith 1903) Vauterin et al. 1995	present_in_v2_snapshot	NCPPB 924; B497													no_confirmed_public_data	no_confirmed_identity_match	not_assessed_no_confirmed_match	no	no		0	0	0
NCPPB 926	Xanthomonas arboricola pv. pruni (Smith 1903) Vauterin et al. 1995	present_in_v2_snapshot	NCPPB 926; B494													no_confirmed_public_data	no_confirmed_identity_match	not_assessed_no_confirmed_match	no	no		0	0	0
NCPPB 935	Xanthomonas arboricola pv. corylina (Miller et al. 1940) Vauterin et al. 1995	present_in_v2_snapshot	NCPPB 935; ATCC 19313; ICMP 5726; ICPB XC 12; LMG 689; CFBP 1159	SAMN41996496; SAMEA7984667; SAMN05559866		SAMN41996496; SAMEA7984667	SAMEA7984667; SAMN05559866		GCF_041228085.2; GCF_905220785.1; GCF_002939845.1	Complete Genome; Scaffold	SRR29500232; SRR30016866; ERR5260054; ERR5260059	PRJNA1127218; PRJEB42844; PRJNA338526				complete_genome_available	confirmed_exact_ncppb_identifier; confirmed_exact_collection_identifier	same_name	no	no		3	0	0
NCPPB 936	Xanthomonas vesicatoria (ex Doidge 1920) Vauterin et al. 1995	present_in_v2_snapshot	NCPPB 936													no_confirmed_public_data	no_confirmed_identity_match	not_assessed_no_confirmed_match	no	no		0	0	0
NCPPB 937	Xanthomonas campestris pv. incanae (Kendrick & Baker 1942) Dye 1978	present_in_v2_snapshot	NCPPB 937; ATCC 13462; ICMP 574	SAMN22552838		SAMN22552838			GCF_020813295.1	Contig	SRR29823159	PRJNA774128				draft_assembly_available	confirmed_exact_ncppb_identifier	same_name	no	no		1	0	0
NCPPB 938	Xanthomonas axonopodis pv. lespedezae (Ayers et al. 1939) Vauterin et al. 1995	present_in_v2_snapshot	NCPPB 938													no_confirmed_public_data	no_confirmed_identity_match	not_assessed_no_confirmed_match	no	no		0	0	0
NCPPB 939	Xanthomonas hortorum pv. hederae (Arnaud 1920) Vauterin et al. 1995	present_in_v2_snapshot	NCPPB 939; ICMP 453; LMG 733; DSM 19143	SAMN08729581; SAMN43284563; SAMN43281910; SAMD00253066		SAMN08729581	SAMN43284563; SAMN43281910; SAMD00253066		GCF_003064105.1	Scaffold		PRJNA438828				draft_assembly_available	confirmed_exact_ncppb_identifier; confirmed_exact_collection_identifier	same_name	no	no		4	0	0
NCPPB 940	Xanthomonas hortorum pv. taraxaci (Niederhauser 1943)Vauterin et al.1995	present_in_v2_snapshot	NCPPB 940; ATCC 19318; ICMP 579	SAMEA6962652		SAMEA6962652	SAMEA6962652		GCA_903978185.1	Complete Genome	ERR4327122	PRJEB38812				complete_genome_available	confirmed_exact_ncppb_identifier	same_name	no	no		1	0	0
NCPPB 941	Xanthomonas euvesicatoria pv. euvesicatoria (Jones et al. 2006) Constantin et al. 2016 comb. nov.	present_in_v2_snapshot	NCPPB 941; ICMP 102; LMG 922													no_confirmed_public_data	no_confirmed_identity_match	not_assessed_no_confirmed_match	no	no		0	0	0
NCPPB 942	Xanthomonas campestris pv. barbareae (Burkholder 1941) Dye 1978	present_in_v2_snapshot	NCPPB 942	SAMN57360824		SAMN57360824					SRR38178868	PRJNA485808				raw_reads_only	confirmed_exact_ncppb_identifier	same_name	no	no		1	0	0
NCPPB 969	Xanthomonas hortorum pv. vitians Morinière et al. 2020	present_in_v2_snapshot	NCPPB 969													no_confirmed_public_data	no_confirmed_identity_match	not_assessed_no_confirmed_match	no	no		0	0	0
NCPPB 970	Xanthomonas hortorum pv. vitians Morinière et al. 2020	present_in_v2_snapshot	NCPPB 970													no_confirmed_public_data	no_confirmed_identity_match	not_assessed_no_confirmed_match	no	no		0	0	0
NCPPB 971	Xanthomonas axonopodis pv. maculifoliigardeniae (Ark & Barrett 1946) Vauterin et al. 1995	present_in_v2_snapshot	NCPPB 971; ICMP 318; LMG 758	SAMN42284547		SAMN42284547			GCF_041492255.1	Complete Genome	SRR29695345; SRR30037791	PRJNA1131460				complete_genome_available	confirmed_exact_ncppb_identifier	same_name	no	no		1	0	0
NCPPB 972	Xanthomonas axonopodis pv. maculifoliigardeniae (Ark & Barrett 1946) Vauterin et al. 1995	present_in_v2_snapshot	NCPPB 972	SAMN42284548		SAMN42284548			GCF_041519315.1	Complete Genome	SRR29695344; SRR30037790	PRJNA1131460				complete_genome_available	confirmed_exact_ncppb_identifier	same_name	no	no		1	0	0
NCPPB 973	Xanthomonas translucens pv. translucens (Jones et al. 1917) Vauterin et al. 1995	present_in_v2_snapshot	NCPPB 973; ATCC 19319; ICMP 5752; LMG 876; DSM 18974; CFBP 1155	SAMN23026111; SAMEA2271958; SAMN43281667; SAMD00253072	SAMEA4358958		SAMN23026111; SAMEA2271958; SAMN43281667; SAMD00253072		GCF_020880735.1; GCF_042432025.1	Contig; Scaffold	SRR16936500	PRJNA779265; PRJNA595761	GCF_900094325.1		PRJEB647	draft_assembly_available	confirmed_exact_collection_identifier; unstructured_exact_identifier_only	same_name	no	yes	exact_identifier_only_in_title	4	1	0
NCPPB 974	Xanthomonas translucens pv. translucens (Jones et al. 1917) Vauterin et al. 1995	present_in_v2_snapshot	NCPPB 974													no_confirmed_public_data	no_confirmed_identity_match	not_assessed_no_confirmed_match	no	no		0	0	0
NCPPB 975	Xanthomonas vesicatoria (ex Doidge 1920) Vauterin et al. 1995	present_in_v2_snapshot	NCPPB 975													no_confirmed_public_data	no_confirmed_identity_match	not_assessed_no_confirmed_match	no	no		0	0	0
NCPPB 976	Xanthomonas citri (ex Hasse 1915) Gabriel et al. 1989	present_in_v2_snapshot	NCPPB 976; ATCC 19320; ICMP 336; LMG 937; CFBP 2538	SAMN09704274; SAMN11047482		SAMN09704274	SAMN11047482		GCF_012922295.1	Contig	SRR7628814; SRR8732949	PRJNA482368; PRJNA525349				draft_assembly_available	confirmed_exact_ncppb_identifier; confirmed_exact_collection_identifier	same_genus_different_species	yes	yes	same_genus_different_species	2	0	0
NCPPB 983	Xanthomonas campestris pv. barbareae (Burkholder 1941) Dye 1978	present_in_v2_snapshot	NCPPB 983; ATCC 13460; ICMP 437	SAMN22552839		SAMN22552839			GCF_020813315.3	Complete Genome	SRR27397526; SRR29823158	PRJNA774128				complete_genome_available	confirmed_exact_ncppb_identifier	same_name	no	no		1	0	0
NCPPB 984	Xanthomonas arboricola pv. corylina (Miller et al. 1940) Vauterin et al. 1995	present_in_v2_snapshot	NCPPB 984													no_confirmed_public_data	no_confirmed_identity_match	not_assessed_no_confirmed_match	no	no		0	0	0
NCPPB 985	Xanthomonas phaseoli pv. dieffenbachiae (McCulloch & Pirone 1939) Constantin et al. 2016 comb. nov.	present_in_v2_snapshot	NCPPB 985; ATCC 23379; LMG 7399; CFBP 7666	SAMN02903999			SAMN02903999		GCF_001401545.2	Contig	SRR1509951; SRR1522076; SRR3715273	PRJNA254467				draft_assembly_available	confirmed_exact_collection_identifier	same_genus_different_species	yes	yes	same_genus_different_species	1	0	0
NCPPB 986	Xanthomonas phaseoli pv. dieffenbachiae (McCulloch & Pirone 1939) Constantin et al. 2016 comb. nov.	present_in_v2_snapshot	NCPPB 986													no_confirmed_public_data	no_confirmed_identity_match	not_assessed_no_confirmed_match	no	no		0	0	0
NCPPB 987	Xanthomonas hortorum pv. hederae (Arnaud 1920) Vauterin et al. 1995	present_in_v2_snapshot	NCPPB 987; ATCC 9653; LMG 7411; ICMP 454													no_confirmed_public_data	no_confirmed_identity_match	not_assessed_no_confirmed_match	no	no		0	0	0
NCPPB 989	Xanthomonas vasicola pv. holcicola (Elliott 1930) Vauterin et al. 1995	present_in_v2_snapshot	NCPPB 989; ATCC 13461; VKM B-618; ICMP 451; LMG 7416	SAMN03140188		SAMN03140188			GCF_000772795.1	Scaffold		PRJNA264718				draft_assembly_available	confirmed_exact_ncppb_identifier	same_name	no	no		1	0	0
NCPPB 990	Xanthomonas campestris pv. incanae (Kendrick & Baker 1942) Dye 1978	present_in_v2_snapshot	NCPPB 990													no_confirmed_public_data	no_confirmed_identity_match	not_assessed_no_confirmed_match	no	no		0	0	0
NCPPB 993	Xanthomonas axonopodis pv. lespedezae (Ayers et al. 1939) Vauterin et al. 1995	present_in_v2_snapshot	NCPPB 993; ATCC 13463; ICMP 439; LMG 757	SAMN42278571		SAMN42278571					SRR29692755	PRJNA742925				raw_reads_only	confirmed_exact_ncppb_identifier	same_name	no	no		1	0	0
NCPPB 994	Xanthomonas axonopodis pv. melhusii (Patel et al. 1952) Vauterin et al. 1995	present_in_v2_snapshot	NCPPB 994; ATCC 11644; ICMP 619; LMG 9050													no_confirmed_public_data	no_confirmed_identity_match	not_assessed_no_confirmed_match	no	no		0	0	0
NCPPB 1009	Xanthomonas campestris pv. zinniae (Hopkins & Dowson 1949) Dye 1978	present_in_v2_snapshot	NCPPB 1009; ICMP 1623													no_confirmed_public_data	no_confirmed_identity_match	not_assessed_no_confirmed_match	no	no		0	0	0
NCPPB 1014	Xanthomonas campestris pv. vitiswoodrowii (Patel & Kulkarni 1951) Dye 1978	present_in_v2_snapshot	NCPPB 1014; ATCC 11636; ICMP 3965; LMG 954													no_confirmed_public_data	no_confirmed_identity_match	not_assessed_no_confirmed_match	no	no		0	0	0
NCPPB 1025	Xanthomonas campestris pv. campestris (Pammel 1895) Dowson 1939	present_in_v2_snapshot	NCPPB 1025; B565													no_confirmed_public_data	no_confirmed_identity_match	not_assessed_no_confirmed_match	no	no		0	0	0
NCPPB 1043	Xanthomonas campestris pv. campestris (Pammel 1895) Dowson 1939	present_in_v2_snapshot	NCPPB 1043; B621	SAMN36368321		SAMN36368321			GCA_035023025.1	Contig	SRR25205308	PRJNA988133				draft_assembly_available	confirmed_exact_ncppb_identifier	same_name	no	no		1	0	0
NCPPB 1046	Xanthomonas sp. Dowson 1939	present_in_v2_snapshot	NCPPB 1046; B589													no_confirmed_public_data	no_confirmed_identity_match	not_assessed_no_confirmed_match	no	no		0	0	0
NCPPB 1048	Xanthomonas citri pv. malvacearum (Smith 1901) Constantin et al. 2016 comb. nov.	present_in_v2_snapshot	NCPPB 1048; B639													no_confirmed_public_data	no_confirmed_identity_match	not_assessed_no_confirmed_match	no	no		0	0	0
NCPPB 1050	Xanthomonas albilineans (Ashby 1929) Dowson 1943	present_in_v2_snapshot	NCPPB 1050; B672													no_confirmed_public_data	no_confirmed_identity_match	not_assessed_no_confirmed_match	no	no		0	0	0
NCPPB 1056	Xanthomonas citri pv. fuscans (Schaad et al. 2007) Constantin et al. 2016 comb. nov.	present_in_v2_snapshot	NCPPB 1056; LMG 7457; B665B	SAMN03142809		SAMN03142809			GCF_000786945.1	Contig	SRR2052425	PRJNA264809				draft_assembly_available	confirmed_exact_ncppb_identifier	same_name	no	no		1	0	0
NCPPB 1058	Xanthomonas citri pv. fuscans (Schaad et al. 2007) Constantin et al. 2016 comb. nov.	present_in_v2_snapshot	NCPPB 1058; B659	SAMN03142815		SAMN03142815			GCF_000786935.1	Contig	SRR2052426	PRJNA264815				draft_assembly_available	confirmed_exact_ncppb_identifier	same_name	no	no		1	0	0
NCPPB 1059	Xanthomonas campestris pv. papavericola (Bryan and McWhorter 1930) Dye 1978	present_in_v2_snapshot	NCPPB 1059; ICPB XP198; B658	SAMN56511356		SAMN56511356					SRR37629095; SRR37789912	PRJNA1437458				raw_reads_only	confirmed_exact_ncppb_identifier	same_name	no	no		1	0	0
NCPPB 1060	Xanthomonas vasicola pv. holcicola (Elliott 1930) Vauterin et al. 1995	present_in_v2_snapshot	NCPPB 1060; B657	SAMN03140122		SAMN03140122			GCF_000772715.2	Complete Genome		PRJNA264730				complete_genome_available	confirmed_exact_ncppb_identifier	same_name	no	no		1	0	0
NCPPB 1061	Xanthomonas campestris pv. plantaginis (Thornberry & Anderson 1937) Dye 1978	present_in_v2_snapshot	NCPPB 1061; ATCC 23382; ICPB XP195; ICMP 1028; LMG 848; B652	SAMN56511357; SAMN22552840		SAMN56511357; SAMN22552840			GCF_020813005.1	Contig	SRR37629094; SRR37789911; SRR29823165	PRJNA1437458; PRJNA774128				draft_assembly_available	confirmed_exact_ncppb_identifier	same_name	no	no		2	0	0
NCPPB 1062	Xanthomonas sp. Dowson 1939	present_in_v2_snapshot	NCPPB 1062; B644	SAMN42161497		SAMN42161497			GCF_041481705.1	Complete Genome	SRR29644179; SRR30040145	PRJNA1129555				complete_genome_available	confirmed_exact_ncppb_identifier	same_name	no	no		1	0	0
NCPPB 1063	Xanthomonas axonopodis pv. ricini (Yoshi & Takimoto 1928) Vauterin et al. 1995	present_in_v2_snapshot	NCPPB 1063; ATCC 19317; LMG 861; ICMP 5747; B651	SAMN42178441; SAMN26561900		SAMN42178441	SAMN26561900		GCF_053571465.1; GCF_029872435.1	Complete Genome; Scaffold	SRR29654668; SRR30041333	PRJNA1129907; PRJNA814626				complete_genome_available	confirmed_exact_ncppb_identifier; confirmed_exact_collection_identifier	same_name; same_genus_different_species	yes	yes	same_genus_different_species	2	0	0
NCPPB 1067	Xanthomonas sp. Dowson 1939	present_in_v2_snapshot	NCPPB 1067; B707A	SAMN22555470		SAMN22555470			GCF_020783795.1	Contig	SRR22272567	PRJNA774146				draft_assembly_available	confirmed_exact_ncppb_identifier	same_name	no	no		1	0	0
NCPPB 1068	Xanthomonas sp. Dowson 1939	present_in_v2_snapshot	NCPPB 1068; ICMP 18269; B689A	SAMN42161498		SAMN42161498			GCF_041479385.1	Complete Genome	SRR29644178; SRR30040144	PRJNA1129555				complete_genome_available	confirmed_exact_ncppb_identifier	same_name	no	no		1	0	0
NCPPB 1117	Xanthomonas sp. Dowson 1939	present_in_v2_snapshot	NCPPB 1117; B828													no_confirmed_public_data	no_confirmed_identity_match	not_assessed_no_confirmed_match	no	no		0	0	0
NCPPB 1124	Xanthomonas citri pv. glycines (Nakano 1919) Constantin et al. 2016 comb.nov.	present_in_v2_snapshot	NCPPB 1124; B724A													no_confirmed_public_data	no_confirmed_identity_match	not_assessed_no_confirmed_match	no	no		0	0	0
NCPPB 1128	Xanthomonas sp. Dowson 1939	present_in_v2_snapshot	NCPPB 1128; B791	SAMN03777426		SAMN03777426			GCF_001043115.1	Contig	SRR2094884	PRJNA287209				draft_assembly_available	confirmed_exact_ncppb_identifier	same_name	no	no		1	0	0
NCPPB 1129	Xanthomonas campestris pv. campestris (Pammel 1895) Dowson 1939	present_in_v2_snapshot	NCPPB 1129; B784													no_confirmed_public_data	no_confirmed_identity_match	not_assessed_no_confirmed_match	no	no		0	0	0
NCPPB 1131	Xanthomonas sp. Dowson 1939	present_in_v2_snapshot	NCPPB 1131; B720	SAMN56511358; SAMN00752559		SAMN56511358; SAMN00752559			GCF_056612685.1; GCF_000226895.1	Complete Genome; Contig	SRR37629083; SRR37789900; SRR364085; SRR364086	PRJNA1437458; PRJNA73023; PRJNA73027				complete_genome_available	confirmed_exact_ncppb_identifier	same_name	no	no		2	0	0
NCPPB 1132	Xanthomonas sp. Dowson 1939	present_in_v2_snapshot	NCPPB 1132; B719	SAMN56511359; SAMN00752560		SAMN56511359; SAMN00752560			GCF_056629235.1; GCF_000226915.1	Complete Genome; Contig	SRR37629072; SRR37789889; SRR364087	PRJNA1437458; PRJNA73025; PRJNA73027				complete_genome_available	confirmed_exact_ncppb_identifier	same_name	no	no		2	0	0
NCPPB 1135	Xanthomonas citri pv. glycines (Nakano 1919) Constantin et al. 2016 comb.nov.	present_in_v2_snapshot	NCPPB 1135; B740B													no_confirmed_public_data	no_confirmed_identity_match	not_assessed_no_confirmed_match	no	no		0	0	0
NCPPB 1136	Xanthomonas citri pv. glycines (Nakano 1919) Constantin et al. 2016 comb.nov.	present_in_v2_snapshot	NCPPB 1136; B809A													no_confirmed_public_data	no_confirmed_identity_match	not_assessed_no_confirmed_match	no	no		0	0	0
NCPPB 1138	Xanthomonas phaseoli pv. phaseoli (Smith 1897) Constantin et al. 2016 comb. nov.	present_in_v2_snapshot	NCPPB 1138; B727	SAMN03262510		SAMN03262510			GCF_000808735.2	Contig	SRR2052902	PRJNA270012				draft_assembly_available	confirmed_exact_ncppb_identifier	same_name	no	no		1	0	0
NCPPB 1141	Xanthomonas citri pv. glycines (Nakano 1919) Constantin et al. 2016 comb.nov.	present_in_v2_snapshot	NCPPB 1141; ICPB XP202; B745													no_confirmed_public_data	no_confirmed_identity_match	not_assessed_no_confirmed_match	no	no		0	0	0
NCPPB 1143	Xanthomonas campestris pv. campestris (Pammel 1895) Dowson 1939	present_in_v2_snapshot	NCPPB 1143													no_confirmed_public_data	no_confirmed_identity_match	not_assessed_no_confirmed_match	no	no		0	0	0
NCPPB 1144	Xanthomonas campestris pv. campestris (Pammel 1895) Dowson 1939	present_in_v2_snapshot	NCPPB 1144	SAMN43286083		SAMN43286083			GCF_041521255.1	Contig	SRR30327311	PRJNA774128				draft_assembly_available	confirmed_exact_ncppb_identifier	same_name	no	no		1	0	0
NCPPB 1145	Xanthomonas campestris pv. campestris (Pammel 1895) Dowson 1939	present_in_v2_snapshot	NCPPB 1145													no_confirmed_public_data	no_confirmed_identity_match	not_assessed_no_confirmed_match	no	no		0	0	0
NCPPB 1146	Xanthomonas campestris pv. campestris (Pammel 1895) Dowson 1939	present_in_v2_snapshot	NCPPB 1146													no_confirmed_public_data	no_confirmed_identity_match	not_assessed_no_confirmed_match	no	no		0	0	0
NCPPB 1147	Xanthomonas campestris pv. campestris (Pammel 1895) Dowson 1939	present_in_v2_snapshot	NCPPB 1147													no_confirmed_public_data	no_confirmed_identity_match	not_assessed_no_confirmed_match	no	no		0	0	0
NCPPB 1148	Xanthomonas axonopodis pv. martyniicola (Moniz & Patel 1958) Vauterin et al. 1995	present_in_v2_snapshot	NCPPB 1148; ICMP 82; LMG 9049													no_confirmed_public_data	no_confirmed_identity_match	not_assessed_no_confirmed_match	no	no		0	0	0
NCPPB 1149	Xanthomonas campestris pv. vitiscarnosae (Moniz and Patel 1958) Dye 1978	present_in_v2_snapshot	NCPPB 1149; ICMP 90; LMG 939													no_confirmed_public_data	no_confirmed_identity_match	not_assessed_no_confirmed_match	no	no		0	0	0
NCPPB 1150	Xanthomonas oryzae pv. oryzicola (Fang et al. 1957) Swings et al. 1990	present_in_v2_snapshot	NCPPB 1150													no_confirmed_public_data	no_confirmed_identity_match	not_assessed_no_confirmed_match	no	no		0	0	0
NCPPB 1151	Xanthomonas oryzae pv. oryzicola (Fang et al. 1957) Swings et al. 1990	present_in_v2_snapshot	NCPPB 1151													no_confirmed_public_data	no_confirmed_identity_match	not_assessed_no_confirmed_match	no	no		0	0	0
NCPPB 1152	Xanthomonas oryzae pv. oryzae (Ishiyama 1922) Swings et al. 1990	present_in_v2_snapshot	NCPPB 1152													no_confirmed_public_data	no_confirmed_identity_match	not_assessed_no_confirmed_match	no	no		0	0	0
NCPPB 1153	Xanthomonas oryzae pv. oryzae (Ishiyama 1922) Swings et al. 1990	present_in_v2_snapshot	NCPPB 1153													no_confirmed_public_data	no_confirmed_identity_match	not_assessed_no_confirmed_match	no	no		0	0	0
NCPPB 1154	Xanthomonas oryzae pv. oryzae (Ishiyama 1922) Swings et al. 1990	present_in_v2_snapshot	NCPPB 1154													no_confirmed_public_data	no_confirmed_identity_match	not_assessed_no_confirmed_match	no	no		0	0	0
NCPPB 1155	Xanthomonas dyei pv. laureliae (Dye 1963) Young et al. 2010	present_in_v2_snapshot	NCPPB 1155; ICPB XL104; ICMP 84; CFBP 7258; LMG 1158	SAMN56511360		SAMN56511360					SRR37629065; SRR37789882	PRJNA1437458				raw_reads_only	confirmed_exact_ncppb_identifier	same_name	no	no		1	0	0
NCPPB 1158	Xanthomonas citri pv. fuscans (Schaad et al. 2007) Constantin et al. 2016 comb. nov.	present_in_v2_snapshot	NCPPB 1158; LMG 7458	SAMN03142401		SAMN03142401			GCF_000775205.1	Contig	SRR2052443	PRJNA264774				draft_assembly_available	confirmed_exact_ncppb_identifier	compatible_synonym	no	no		1	0	0
NCPPB 1159	Xanthomonas phaseoli pv. manihotis (Bondar 1912) Constantin et al. 2016 comb. nov.	present_in_v2_snapshot	NCPPB 1159; ATCC 23380; LMG 5274; ICMP 6934	SAMN01090336		SAMN01090336			GCF_000266285.1	Contig	SRR527320	PRJNA163795				draft_assembly_available	confirmed_exact_ncppb_identifier	same_name	no	no		1	0	0
NCPPB 1160	Xanthomonas phaseoli pv. manihotis (Bondar 1912) Constantin et al. 2016 comb. nov.	present_in_v2_snapshot	NCPPB 1160													no_confirmed_public_data	no_confirmed_identity_match	not_assessed_no_confirmed_match	no	no		0	0	0
NCPPB 1161	Xanthomonas phaseoli pv. manihotis (Bondar 1912) Constantin et al. 2016 comb. nov.	present_in_v2_snapshot	NCPPB 1161													no_confirmed_public_data	no_confirmed_identity_match	not_assessed_no_confirmed_match	no	no		0	0	0
NCPPB 1235	Xanthomonas axonopodis pv. ricini (Yoshi & Takimoto 1928) Vauterin et al. 1995	present_in_v2_snapshot	NCPPB 1235; B922													no_confirmed_public_data	no_confirmed_identity_match	not_assessed_no_confirmed_match	no	no		0	0	0
NCPPB 1241	Xanthomonas vasicola pv. holcicola (Elliott 1930) Vauterin et al. 1995	present_in_v2_snapshot	NCPPB 1241; ICPB XH112; B996	SAMN03140147		SAMN03140147			GCF_000772695.1	Scaffold		PRJNA264614				draft_assembly_available	confirmed_exact_ncppb_identifier	same_name	no	no		1	0	0
NCPPB 1244	Xanthomonas albilineans (Ashby 1929) Dowson 1943	present_in_v2_snapshot	NCPPB 1244; B1021													no_confirmed_public_data	no_confirmed_identity_match	not_assessed_no_confirmed_match	no	no		0	0	0
NCPPB 1324	Xanthomonas axonopodis pv. ricini (Yoshi & Takimoto 1928) Vauterin et al. 1995	present_in_v2_snapshot	NCPPB 1324; B1167	SAMN42178442		SAMN42178442			GCF_053571505.1	Contig	SRR29654667	PRJNA1129907				draft_assembly_available	confirmed_exact_ncppb_identifier	same_name	no	no		1	0	0
NCPPB 1325	Xanthomonas sp. Dowson 1939	present_in_v2_snapshot	NCPPB 1325; B1160; ICMP 18270	SAMN42161499		SAMN42161499			GCF_041477645.1	Complete Genome	SRR29644177; SRR30040133	PRJNA1129555				complete_genome_available	confirmed_exact_ncppb_identifier	same_name	no	no		1	0	0
NCPPB 1326	Xanthomonas vasicola pv. vasculorum (Cobb 1894) Lang et al. 2017	present_in_v2_snapshot	NCPPB 1326; LMG 8717; B1116	SAMN36701288; SAMN36357974; SAMN02471728; SAMN00991247		SAMN36701288; SAMN36357974; SAMN02471728; SAMN00991247			GCF_045897555.1; GCF_000277995.1	Contig; Scaffold	SRR25411586; SRR494491	PRJNA992549; PRJNA73853				draft_assembly_available	confirmed_exact_ncppb_identifier	same_name	no	no		4	0	0
NCPPB 1332	Xanthomonas vesicatoria (ex Doidge 1920) Vauterin et al. 1995	present_in_v2_snapshot	NCPPB 1332; B1198													no_confirmed_public_data	no_confirmed_identity_match	not_assessed_no_confirmed_match	no	no		0	0	0
NCPPB 1334	Xanthomonas euvesicatoria pv. ionidii (Padhya & Patel 1963) Harrison et al. 2023	present_in_v2_snapshot	NCPPB 1334; ICMP 5736; LMG 744	SAMN19988970		SAMN19988970			GCF_019201465.1	Contig	SRR15305422	PRJNA742925				draft_assembly_available	confirmed_exact_ncppb_identifier	same_genus_different_species	yes	yes	same_genus_different_species	1	0	0
NCPPB 1336	Xanthomonas euvesicatoria pv. alangii (Padhya & Patel 1962) Constantin et al. 2016 comb. nov.	present_in_v2_snapshot	NCPPB 1336; ICMP 5717; LMG 470	SAMN19988971		SAMN19988971			GCF_019193005.1	Contig	SRR15305425	PRJNA742925				draft_assembly_available	confirmed_exact_ncppb_identifier	same_name	no	no		1	0	0
NCPPB 1337	Xanthomonas axonopodis pv. nakataecorchorii (Padhya & Patel 1963) Vauterin et al. 1995	present_in_v2_snapshot	NCPPB 1337; ICMP 5742; LMG 786	SAMN56511361; SAMN42278572		SAMN56511361; SAMN42278572			GCF_041448975.1	Contig	SRR37629064; SRR37789881; SRR29692754	PRJNA1437458; PRJNA742925				draft_assembly_available	confirmed_exact_ncppb_identifier	same_name	no	no		2	0	0
NCPPB 1381	Xanthomonas vasicola pv. vasculorum (Cobb 1894) Lang et al. 2017	present_in_v2_snapshot	NCPPB 1381; LMG 8718; B1350	SAMN36701289; SAMN36357975; SAMN00991255		SAMN36701289; SAMN36357975; SAMN00991255			GCF_045897775.1; GCF_000278015.1	Contig; Scaffold	SRR25411585; SRR494499	PRJNA992549; PRJNA73869; PRJNA73853				draft_assembly_available	confirmed_exact_ncppb_identifier	same_name	no	no		3	0	0
NCPPB 1393	Xanthomonas euvesicatoria pv. sesami (Sabet & Dowson 1960) Constantin et al. 2016 comb. nov.	present_in_v2_snapshot	NCPPB 1393; B1432; ITCC SF62													no_confirmed_public_data	no_confirmed_identity_match	not_assessed_no_confirmed_match	no	no		0	0	0
NCPPB 1394	Xanthomonas vasicola Vauterin et al. 1995	present_in_v2_snapshot	NCPPB 1394; B1446	SAMN03145753; SAMN03140149		SAMN03145753; SAMN03140149			GCF_000774005.1	Scaffold		PRJNA265156				draft_assembly_available	confirmed_exact_ncppb_identifier	same_name	no	no		2	0	0
NCPPB 1395	Xanthomonas vasicola Vauterin et al. 1995	present_in_v2_snapshot	NCPPB 1395; B1444	SAMN03140175		SAMN03140175			GCF_000772785.1	Scaffold		PRJNA264638				draft_assembly_available	confirmed_exact_ncppb_identifier	same_name	no	no		1	0	0
NCPPB 1396	Xanthomonas vasicola Vauterin et al. 1995	present_in_v2_snapshot	NCPPB 1396; B1443	SAMN03140173		SAMN03140173			GCF_000772725.1	Scaffold		PRJNA264627				draft_assembly_available	confirmed_exact_ncppb_identifier	same_name	no	no		1	0	0
NCPPB 1402	Xanthomonas citri pv. fuscans (Schaad et al. 2007) Constantin et al. 2016 comb. nov.	present_in_v2_snapshot	NCPPB 1402; LMG 7459; B1374	SAMN03142810		SAMN03142810			GCF_000774025.2	Contig	SRR2052442	PRJNA264810				draft_assembly_available	confirmed_exact_ncppb_identifier	same_name	no	no		1	0	0
NCPPB 1420	Xanthomonas phaseoli pv. phaseoli (Smith 1897) Constantin et al. 2016 comb. nov.	present_in_v2_snapshot	NCPPB 1420; E1388	SAMN03175025		SAMN03175025			GCF_000785935.1	Contig	SRR2052880	PRJNA266888				draft_assembly_available	confirmed_exact_ncppb_identifier	same_name	no	no		1	0	0
NCPPB 1421	Xanthomonas vesicatoria (ex Doidge 1920) Vauterin et al. 1995	present_in_v2_snapshot	NCPPB 1421													no_confirmed_public_data	no_confirmed_identity_match	not_assessed_no_confirmed_match	no	no		0	0	0
NCPPB 1422	Xanthomonas hortorum pv. carotae (Kendrick 1934) Vauterin et al. 1995	present_in_v2_snapshot	NCPPB 1422; ICMP 5723; LMG 8646; N.066													no_confirmed_public_data	no_confirmed_identity_match	not_assessed_no_confirmed_match	no	no		0	0	0
NCPPB 1423	Xanthomonas vesicatoria (ex Doidge 1920) Vauterin et al. 1995	present_in_v2_snapshot	NCPPB 1423; ICMP 114; LMG 923													no_confirmed_public_data	no_confirmed_identity_match	not_assessed_no_confirmed_match	no	no		0	0	0
NCPPB 1426	Xanthomonas vesicatoria (ex Doidge 1920) Vauterin et al. 1995	present_in_v2_snapshot	NCPPB 1426; ICMP 173; LMG 924													no_confirmed_public_data	no_confirmed_identity_match	not_assessed_no_confirmed_match	no	no		0	0	0
NCPPB 1431	Xanthomonas vesicatoria (ex Doidge 1920) Vauterin et al. 1995	present_in_v2_snapshot	NCPPB 1431; ICMP 112; LMG 925													no_confirmed_public_data	no_confirmed_identity_match	not_assessed_no_confirmed_match	no	no		0	0	0
NCPPB 1433	Xanthomonas citri pv. fuscans (Schaad et al. 2007) Constantin et al. 2016 comb. nov.	present_in_v2_snapshot	NCPPB 1433; LMG 8016; E1309	SAMN03142399		SAMN03142399			GCF_000775215.1	Contig	SRR2052427	PRJNA264773				draft_assembly_available	confirmed_exact_ncppb_identifier	same_name	no	no		1	0	0
NCPPB 1438	Xanthomonas euvesicatoria Vauterin et al. 1995 (Invalid name)	present_in_v2_snapshot	NCPPB 1438; ICMP 172; LMG 926; CFBP 7955; I 608													no_confirmed_public_data	no_confirmed_identity_match	not_assessed_no_confirmed_match	no	no		0	0	0
NCPPB 1439	Xanthomonas citri pv. fuscans (Schaad et al. 2007) Constantin et al. 2016 comb. nov.	present_in_v2_snapshot	NCPPB 1439; E1299													no_confirmed_public_data	no_confirmed_identity_match	not_assessed_no_confirmed_match	no	no		0	0	0
NCPPB 1447	Xanthomonas arboricola pv. juglandis (Pierce 1901) Vauterin et al. 1995	present_in_v2_snapshot	NCPPB 1447	SAMN02469596		SAMN02469596			GCF_000306055.1	Contig		PRJNA84273				draft_assembly_available	confirmed_exact_ncppb_identifier	same_name	no	no		1	0	0
NCPPB 1451	Xanthomonas campestris pv. vitistrifoliae (Padhya et al. 1965) Dye 1978	present_in_v2_snapshot	NCPPB 1451; ICMP 5761; LMG 940													no_confirmed_public_data	no_confirmed_identity_match	not_assessed_no_confirmed_match	no	no		0	0	0
NCPPB 1452	Xanthomonas citri pv. thirumalacharii (Padhya & Patel 1964) Constantin et al. 2016 comb. nov.	present_in_v2_snapshot	NCPPB 1452													no_confirmed_public_data	no_confirmed_identity_match	not_assessed_no_confirmed_match	no	no		0	0	0
NCPPB 1453	Xanthomonas euvesicatoria pv. spermacoces (Srinivasan & Patel 1956) Harrison et al. 2023	present_in_v2_snapshot	NCPPB 1453													no_confirmed_public_data	no_confirmed_identity_match	not_assessed_no_confirmed_match	no	no		0	0	0
NCPPB 1454	Xanthomonas euvesicatoria pv. tribuli (Srinivasan and Patel 1956) Constantin et al. 2016 comb. nov.	present_in_v2_snapshot	NCPPB 1454; ICMP 5753; LMG 873													no_confirmed_public_data	no_confirmed_identity_match	not_assessed_no_confirmed_match	no	no		0	0	0
NCPPB 1455	Xanthomonas campestris pv. lantanae (Srinivasan & Patel 1957) Dye 1978	present_in_v2_snapshot	NCPPB 1455; ICMP 5737; LMG 754	SAMN41763920		SAMN41763920					SRR29334729	PRJNA774146				raw_reads_only	confirmed_exact_ncppb_identifier	same_name	no	no		1	0	0
NCPPB 1457	Xanthomonas euvesicatoria pv. coriandri (Srinivasan et al. 1961) Harrison et al. 2023	present_in_v2_snapshot	NCPPB 1457													no_confirmed_public_data	no_confirmed_identity_match	not_assessed_no_confirmed_match	no	no		0	0	0
NCPPB 1469	Xanthomonas fragariae Kennedy and King 1962	present_in_v2_snapshot	NCPPB 1469; ICMP 5715; ATTCC 33239; VKM B-2165; DSMZ 3587; LMG 708; CFBP 2157	SAMN39942670; SAMEA104068692; SAMN43284562; SAMN43282235; SAMN43282231; SAMN43282199; SAMD00253071		SAMN39942670; SAMEA104068692	SAMEA104068692; SAMN43284562; SAMN43282235; SAMN43282231; SAMN43282199; SAMD00253071		GCF_900183975.1; GCF_042665935.1; GCA_042647025.1; GCF_042647305.1	Complete Genome; Contig	SRR27965832	PRJNA991941; PRJEB20805; PRJNA595761				complete_genome_available	confirmed_exact_ncppb_identifier; confirmed_exact_collection_identifier	same_name	no	no		7	0	0
NCPPB 1471	Xanthomonas citri pv. citri (Hasse 1915) Constantin 2016 comb. nov.	present_in_v2_snapshot	NCPPB 1471; B1603	SAMN30973815		SAMN30973815					SRR21684635	PRJNA883598				raw_reads_only	confirmed_exact_ncppb_identifier	same_name	no	no		1	0	0
NCPPB 1472	Xanthomonas citri pv. citri (Hasse 1915) Constantin 2016 comb. nov.	present_in_v2_snapshot	NCPPB 1472; B1601													no_confirmed_public_data	no_confirmed_identity_match	not_assessed_no_confirmed_match	no	no		0	0	0
NCPPB 1473	Xanthomonas axonopodis pv. ricini (Yoshi & Takimoto 1928) Vauterin et al. 1995	present_in_v2_snapshot	NCPPB 1473; B1559	SAMN42178443		SAMN42178443			GCF_053571445.1	Complete Genome	SRR29654666; SRR30041331	PRJNA1129907				complete_genome_available	confirmed_exact_ncppb_identifier	same_name	no	no		1	0	0
NCPPB 1475	Xanthomonas axonopodis pv. cassiae (Kulkarni et al. 1951) Vauterin et al. 1995	present_in_v2_snapshot	NCPPB 1475; B1479	SAMN42178453		SAMN42178453			GCF_053646575.1	Complete Genome	SRR29654628; SRR30037586	PRJNA1129911				complete_genome_available	confirmed_exact_ncppb_identifier	same_name	no	no		1	0	0
NCPPB 1482	Xanthomonas citri pv. malvacearum (Smith 1901) Constantin et al. 2016 comb. nov.	present_in_v2_snapshot	NCPPB 1482; B1741													no_confirmed_public_data	no_confirmed_identity_match	not_assessed_no_confirmed_match	no	no		0	0	0
NCPPB 1495	Xanthomonas citri pv. fuscans (Schaad et al. 2007) Constantin et al. 2016 comb. nov.	present_in_v2_snapshot	NCPPB 1495; LMG 8017; C398	SAMN03142808		SAMN03142808			GCF_000786915.1	Contig	SRR2052458	PRJNA264808				draft_assembly_available	confirmed_exact_ncppb_identifier	compatible_synonym	no	no		1	0	0
NCPPB 1560	Xanthomonas sp. Dowson 1939	present_in_v2_snapshot	NCPPB 1560	SAMN42161500		SAMN42161500			GCF_041475815.1	Complete Genome	SRR29644176; SRR30040124	PRJNA1129555				complete_genome_available	confirmed_exact_ncppb_identifier	same_name	no	no		1	0	0
NCPPB 1568	Xanthomonas sp. Dowson 1939	present_in_v2_snapshot	NCPPB 1568													no_confirmed_public_data	no_confirmed_identity_match	not_assessed_no_confirmed_match	no	no		0	0	0
NCPPB 1585	Xanthomonas oryzae pv. oryzicola (Fang et al. 1957) Swings et al. 1990	present_in_v2_snapshot	NCPPB 1585; LMG 797; CFBP 2286; B2115	SAMN40354542; SAMN08729510; SAMN03612252		SAMN40354542; SAMN08729510	SAMN03612252		GCF_040202085.2; GCF_003064145.1; GCF_001042735.1	Complete Genome; Scaffold	SRR28281450; SRR30284786; SRR2033534; SRR2047367; SRR2047368; SRR2047369; SRR2047370; SRR2047371	PRJNA991976; PRJNA438823; PRJNA280380; PRJNA283315				complete_genome_available	confirmed_exact_ncppb_identifier; confirmed_exact_collection_identifier	same_name	no	no		3	0	0
NCPPB 1593	Xanthomonas euvesicatoria pv. argemones (Srinivasan et al. 1961) Constantin et al. 2016 comb. nov.	present_in_v2_snapshot	NCPPB 1593; ICMP 1617; LMG 534													no_confirmed_public_data	no_confirmed_identity_match	not_assessed_no_confirmed_match	no	no		0	0	0
NCPPB 1594	Xanthomonas axonopodis pv. nakataecorchorii (Padhya & Patel 1963) Vauterin et al. 1995	present_in_v2_snapshot	NCPPB 1594	SAMN56511363		SAMN56511363			GCF_056612795.1	Complete Genome	SRR37629062; SRR37789879	PRJNA1437458				complete_genome_available	confirmed_exact_ncppb_identifier	same_name	no	no		1	0	0
NCPPB 1595	Xanthomonas euvesicatoria pv. physalidis (Srinivasan et al. 1962) Constantin et al. 2016 comb. nov.	present_in_v2_snapshot	NCPPB 1595													no_confirmed_public_data	no_confirmed_identity_match	not_assessed_no_confirmed_match	no	no		0	0	0
NCPPB 1596	Xanthomonas euvesicatoria pv. spermacoces (Srinivasan & Patel 1956) Harrison et al. 2023	present_in_v2_snapshot	NCPPB 1596													no_confirmed_public_data	no_confirmed_identity_match	not_assessed_no_confirmed_match	no	no		0	0	0
NCPPB 1607	Xanthomonas arboricola pv. pruni (Smith 1903) Vauterin et al. 1995	present_in_v2_snapshot	NCPPB 1607; B2165		SAMEA104068692								GCF_900183975.1		PRJEB20805	ambiguous_needs_review	conflicting_exact_identifier	same_genus_different_species	yes	yes	conflicting_ncppb_identifier	0	1	0
NCPPB 1610	Xanthomonas hortorum pv. pelargonii (Brown 1923) Vauterin et al. 1995	present_in_v2_snapshot	NCPPB 1610													no_confirmed_public_data	no_confirmed_identity_match	not_assessed_no_confirmed_match	no	no		0	0	0
NCPPB 1612	Xanthomonas euvesicatoria pv. blepharidis (Srinivasan & Patel 1956) Harrison et al. 2023	present_in_v2_snapshot	NCPPB 1612; B2175													no_confirmed_public_data	no_confirmed_identity_match	not_assessed_no_confirmed_match	no	no		0	0	0
NCPPB 1615	Xanthomonas hortorum pv. pelargonii (Brown 1923) Vauterin et al. 1995	present_in_v2_snapshot	NCPPB 1615; ICPB XPl99													no_confirmed_public_data	no_confirmed_identity_match	not_assessed_no_confirmed_match	no	no		0	0	0
NCPPB 1616	Xanthomonas vesicatoria (ex Doidge 1920) Vauterin et al. 1995	present_in_v2_snapshot	NCPPB 1616; B2249F													no_confirmed_public_data	no_confirmed_identity_match	not_assessed_no_confirmed_match	no	no		0	0	0
NCPPB 1622	Xanthomonas hyacinthi (Wakker 1883) Vauterin et al. 1995	present_in_v2_snapshot	NCPPB 1622													no_confirmed_public_data	no_confirmed_identity_match	not_assessed_no_confirmed_match	no	no		0	0	0
NCPPB 1628	Xanthomonas euvesicatoria pv. alangii (Padhya & Patel 1962) Constantin et al. 2016 comb. nov.	present_in_v2_snapshot	NCPPB 1628; ICPB XA132													no_confirmed_public_data	no_confirmed_identity_match	not_assessed_no_confirmed_match	no	no		0	0	0
NCPPB 1629	Xanthomonas axonopodis pv. bauhiniae (Padhya et al. 1965) Vauterin et al. 1995	present_in_v2_snapshot	NCPPB 1629	SAMN42283062		SAMN42283062					SRR29695112	PRJNA1131443				raw_reads_only	confirmed_exact_ncppb_identifier	same_name	no	no		1	0	0
NCPPB 1630	Xanthomonas arboricola pv. celebensis (Gaumann 1923) Vauterin et al. 1995	present_in_v2_snapshot	NCPPB 1630; ZZ24	SAMN02854337		SAMN02854337			GCF_000724915.1	Scaffold	SRR1515237	PRJNA252657				draft_assembly_available	confirmed_exact_ncppb_identifier	same_name	no	no		1	0	0
NCPPB 1632	Xanthomonas oryzae pv. oryzicola (Fang et al. 1957) Swings et al. 1990	present_in_v2_snapshot	NCPPB 1632													no_confirmed_public_data	no_confirmed_identity_match	not_assessed_no_confirmed_match	no	no		0	0	0
NCPPB 1633	Xanthomonas citri pv. vignicola (Burkholder 1944) Constantin et al. 2016 comb. nov.	present_in_v2_snapshot	NCPPB 1633; CFBP 7111	SAMN07252112			SAMN07252112		GCF_002218245.1	Complete Genome		PRJNA390891				complete_genome_available	confirmed_exact_collection_identifier	same_name	no	no		1	0	0
NCPPB 1638	Xanthomonas sp. Dowson 1939	present_in_v2_snapshot	NCPPB 1638; B2290	SAMN42161501		SAMN42161501			GCF_041475635.1	Complete Genome	SRR29644175; SRR30040123	PRJNA1129555				complete_genome_available	confirmed_exact_ncppb_identifier	same_name	no	no		1	0	0
NCPPB 1645	Xanthomonas campestris pv. campestris (Pammel 1895) Dowson 1939	present_in_v2_snapshot	NCPPB 1645; B2340; SAL/163/B	SAMN36368322		SAMN36368322			GCA_035023525.1	Contig	SRR25205307	PRJNA988133				draft_assembly_available	confirmed_exact_ncppb_identifier	same_name	no	no		1	0	0
NCPPB 1646	Xanthomonas phaseoli pv. phaseoli (Smith 1897) Constantin et al. 2016 comb. nov.	present_in_v2_snapshot	NCPPB 1646; B2324A		SAMN03175008								GCF_000785925.1	SRR2052876	PRJNA266873	ambiguous_needs_review	conflicting_exact_identifier	same_name	no	yes	conflicting_ncppb_identifier	0	1	0
NCPPB 1648	Xanthomonas campestris pv. campestris (Pammel 1895) Dowson 1939	present_in_v2_snapshot	NCPPB 1648; B2305													no_confirmed_public_data	no_confirmed_identity_match	not_assessed_no_confirmed_match	no	no		0	0	0
NCPPB 1654	Xanthomonas citri pv. fuscans (Schaad et al. 2007) Constantin et al. 2016 comb. nov.	present_in_v2_snapshot	NCPPB 1654; B2330; LMG 837	SAMN03142402		SAMN03142402			GCF_000775185.1	Contig	SRR2052433	PRJNA264775				draft_assembly_available	confirmed_exact_ncppb_identifier	same_name	no	no		1	0	0
NCPPB 1659	Xanthomonas arboricola pv. juglandis (Pierce 1901) Vauterin et al. 1995	present_in_v2_snapshot	NCPPB 1659; B2404													no_confirmed_public_data	no_confirmed_identity_match	not_assessed_no_confirmed_match	no	no		0	0	0
NCPPB 1668	Xanthomonas hortorum pv. cynarae Morinière et al. (2020)	present_in_v2_snapshot	NCPPB 1668; CS56-27													no_confirmed_public_data	no_confirmed_identity_match	not_assessed_no_confirmed_match	no	no		0	0	0
NCPPB 1671	Xanthomonas citri pv. sesbaniae (Patel et al. 1952) Constantin et al. 2016 comb. nov.	present_in_v2_snapshot	NCPPB 1671; B2536													no_confirmed_public_data	no_confirmed_identity_match	not_assessed_no_confirmed_match	no	no		0	0	0
NCPPB 1672	Xanthomonas sp. Dowson 1939	present_in_v2_snapshot	NCPPB 1672; B2540B													no_confirmed_public_data	no_confirmed_identity_match	not_assessed_no_confirmed_match	no	no		0	0	0
NCPPB 1680	Xanthomonas phaseoli pv. phaseoli (Smith 1897) Constantin et al. 2016 comb. nov.	present_in_v2_snapshot	NCPPB 1680; ICPB XP200	SAMN03257737		SAMN03257737			GCF_000808695.2	Contig	SRR2052882	PRJNA269952				draft_assembly_available	confirmed_exact_ncppb_identifier	same_name	no	no		1	0	0
NCPPB 1683	Stenotrophomonas hibiscicola (Moniz 1963) Nguyen et al. 2024	present_in_v2_snapshot	NCPPB 1683; ATCC 19867; ICMP 3945	SAMN02441648; SAMN37626383; SAMN13507659; SAMN02194609			SAMN02441648; SAMN37626383; SAMN13507659; SAMN02194609		GCF_000382065.1	Scaffold	SRR26265284; SRR892271	PRJNA185300; PRJNA1022797				draft_assembly_available	confirmed_exact_collection_identifier	same_name; same_genus_different_species	yes	yes	same_genus_different_species	4	0	0
NCPPB 1684	Xanthomonas axonopodis pv. ricini (Yoshi & Takimoto 1928) Vauterin et al. 1995	present_in_v2_snapshot	NCPPB 1684; ICPB XR117; B2602	SAMN42178444		SAMN42178444			GCF_041462375.1	Complete Genome	SRR29654665; SRR30041330	PRJNA1129907				complete_genome_available	confirmed_exact_ncppb_identifier	same_name	no	no		1	0	0
NCPPB 1685	Xanthomonas campestris pv. campestris (Pammel 1895) Dowson 1939	present_in_v2_snapshot	NCPPB 1685; B2631; WA134													no_confirmed_public_data	no_confirmed_identity_match	not_assessed_no_confirmed_match	no	no		0	0	0
NCPPB 1697	Xanthomonas citri pv. malvacearum (Smith 1901) Constantin et al. 2016 comb. nov.	present_in_v2_snapshot	NCPPB 1697; B2024													no_confirmed_public_data	no_confirmed_identity_match	not_assessed_no_confirmed_match	no	no		0	0	9
NCPPB 1698	Xanthomonas citri pv. malvacearum (Smith 1901) Constantin et al. 2016 comb. nov.	present_in_v2_snapshot	NCPPB 1698; B650; ATCC 14985; LMG 7429; XL59/10													no_confirmed_public_data	no_confirmed_identity_match	not_assessed_no_confirmed_match	no	no		0	0	0
NCPPB 1699	Xanthomonas citri pv. malvacearum (Smith 1901) Constantin et al. 2016 comb. nov.	present_in_v2_snapshot	NCPPB 1699; B2019													no_confirmed_public_data	no_confirmed_identity_match	not_assessed_no_confirmed_match	no	no		0	0	4
NCPPB 1700	Xanthomonas citri pv. malvacearum (Smith 1901) Constantin et al. 2016 comb. nov.	present_in_v2_snapshot	NCPPB 1700; B648; ATCC 14982													no_confirmed_public_data	no_confirmed_identity_match	not_assessed_no_confirmed_match	no	no		0	0	0
NCPPB 1701	Xanthomonas citri pv. malvacearum (Smith 1901) Constantin et al. 2016 comb. nov.	present_in_v2_snapshot	NCPPB 1701; ATCC 14983; B649; XL59/9													no_confirmed_public_data	no_confirmed_identity_match	not_assessed_no_confirmed_match	no	no		0	0	0
NCPPB 1711	Xanthomonas campestris pv. campestris (Pammel 1895) Dowson 1939	present_in_v2_snapshot	NCPPB 1711; B1548; P125	SAMN36346973		SAMN36346973			GCA_035026785.1	Contig	SRR25183328	PRJNA988133				draft_assembly_available	confirmed_exact_ncppb_identifier	same_name	no	no		1	0	0
NCPPB 1712	Xanthomonas citri pv. malvacearum (Smith 1901) Constantin et al. 2016 comb. nov.	present_in_v2_snapshot	NCPPB 1712; B1334													no_confirmed_public_data	no_confirmed_identity_match	not_assessed_no_confirmed_match	no	no		0	0	0
NCPPB 1713	Xanthomonas citri (ex Hasse 1915) Gabriel et al. 1989	present_in_v2_snapshot	NCPPB 1713; B912	SAMN56511364; SAMN03257621		SAMN56511364; SAMN03257621			GCF_000807875.2	Contig	SRR37629061; SRR37789878; SRR2051464	PRJNA1437458; PRJNA269802				draft_assembly_available	confirmed_exact_ncppb_identifier	same_name; compatible_synonym	no	no		2	0	0
NCPPB 1714	Xanthomonas citri pv. glycines (Nakano 1919) Constantin et al. 2016 comb.nov.	present_in_v2_snapshot	NCPPB 1714; B744													no_confirmed_public_data	no_confirmed_identity_match	not_assessed_no_confirmed_match	no	no		0	0	0
NCPPB 1715	Xanthomonas campestris pv. zinniae (Hopkins & Dowson 1949) Dye 1978	present_in_v2_snapshot	NCPPB 1715; B1853													no_confirmed_public_data	no_confirmed_identity_match	not_assessed_no_confirmed_match	no	no		0	0	0
NCPPB 1717	Xanthomonas citri pv. glycines (Nakano 1919) Constantin et al. 2016 comb.nov.	present_in_v2_snapshot	NCPPB 1717; B913													no_confirmed_public_data	no_confirmed_identity_match	not_assessed_no_confirmed_match	no	no		0	0	0
NCPPB 1737	Xanthomonas albilineans (Ashby 1929) Dowson 1943	present_in_v2_snapshot	NCPPB 1737; X.a.7a													no_confirmed_public_data	no_confirmed_identity_match	not_assessed_no_confirmed_match	no	no		0	0	0
NCPPB 1738	Xanthomonas albilineans (Ashby 1929) Dowson 1943	present_in_v2_snapshot	NCPPB 1738													no_confirmed_public_data	no_confirmed_identity_match	not_assessed_no_confirmed_match	no	no		0	0	0
NCPPB 1754	Xanthomonas sp. Dowson 1939	present_in_v2_snapshot	NCPPB 1754; HACC-179; ATCC 17992	SAMN42161502		SAMN42161502			GCF_041475725.1	Complete Genome	SRR29644174; SRR30040122	PRJNA1129555				complete_genome_available	confirmed_exact_ncppb_identifier	same_name	no	no		1	0	0
NCPPB 1755	Xanthomonas euvesicatoria pv. ionidii (Padhya & Patel 1963) Harrison et al. 2023	present_in_v2_snapshot	NCPPB 1755; HACC-180; ATCC 17993													no_confirmed_public_data	no_confirmed_identity_match	not_assessed_no_confirmed_match	no	no		0	0	0
NCPPB 1756	Xanthomonas euvesicatoria pv. physalidis (Srinivasan et al. 1962) Constantin et al. 2016 comb. nov.	present_in_v2_snapshot	NCPPB 1756; HACC-181; ATCC 17994; ICMP 5746; LMG 846	SAMN19988972		SAMN19988972			GCF_019192985.1	Contig	SRR15305417	PRJNA742925				draft_assembly_available	confirmed_exact_ncppb_identifier	same_name	no	no		1	0	0
NCPPB 1757	Xanthomonas euvesicatoria pv. blepharidis (Srinivasan & Patel 1956) Harrison et al. 2023	present_in_v2_snapshot	NCPPB 1757; HACC-182; ATCC 17995; PDDCC 57 22; LMG 557; ICMP 5722	SAMN19988973		SAMN19988973			GCF_019201485.1	Contig	SRR15305423	PRJNA742925				draft_assembly_available	confirmed_exact_ncppb_identifier	same_genus_different_species	yes	yes	same_genus_different_species	1	0	0
NCPPB 1758	Xanthomonas euvesicatoria pv. coriandri (Srinivasan et al. 1961) Harrison et al. 2023	present_in_v2_snapshot	NCPPB 1758; HACC-183; ATCC 17996; ICMP 5725	SAMN19988974		SAMN19988974			GCF_019201305.1	Contig	SRR15305430	PRJNA742925				draft_assembly_available	confirmed_exact_ncppb_identifier	same_genus_different_species	yes	yes	same_genus_different_species	1	0	0
NCPPB 1759	Xanthomonas campestris pv. bilvae Chakravarti et al. 1984	present_in_v2_snapshot	NCPPB 1759; HACC-184	SAMN49561544; SAMEA114332028		SAMN49561544; SAMEA114332028			GCF_052883265.1; GCF_963669615.1	Complete Genome; Contig	ERR12095367	PRJNA1281506; PRJEB65884				complete_genome_available	confirmed_exact_ncppb_identifier	same_genus_different_species	yes	yes	same_genus_different_species	2	0	0
NCPPB 1760	Xanthomonas euvesicatoria pv. spermacoces (Srinivasan & Patel 1956) Harrison et al. 2023	present_in_v2_snapshot	NCPPB 1760; HACC-185; ATCC 17998; ICMP 5751; LMG 868	SAMN19988975		SAMN19988975			GCF_019201445.1	Contig	SRR15305421	PRJNA742925				draft_assembly_available	confirmed_exact_ncppb_identifier	same_genus_different_species	yes	yes	same_genus_different_species	1	0	0
NCPPB 1765	Xanthomonas hortorum pv. pelargonii (Brown 1923) Vauterin et al. 1995	present_in_v2_snapshot	NCPPB 1765													no_confirmed_public_data	no_confirmed_identity_match	not_assessed_no_confirmed_match	no	no		0	0	0
NCPPB 1774	Xanthomonas sp. Dowson 1939	present_in_v2_snapshot	NCPPB 1774													no_confirmed_public_data	no_confirmed_identity_match	not_assessed_no_confirmed_match	no	no		0	0	0
NCPPB 1785	Xanthomonas citri pv. malvacearum (Smith 1901) Constantin et al. 2016 comb. nov.	present_in_v2_snapshot	NCPPB 1785													no_confirmed_public_data	no_confirmed_identity_match	not_assessed_no_confirmed_match	no	no		0	0	0
NCPPB 1786	Xanthomonas euvesicatoria pv. coracanae (Desai et al. 1965) Constantin et al. 2016 comb. nov.	present_in_v2_snapshot	NCPPB 1786; ICMP 5724; LMG 686													no_confirmed_public_data	no_confirmed_identity_match	not_assessed_no_confirmed_match	no	no		0	0	0
NCPPB 1787	Xanthomonas euvesicatoria pv. vernoniae (Patel et al. 1968) Harrison et al. 2023	present_in_v2_snapshot	NCPPB 1787; ICMP 5758; LMG 9058	SAMN19988976		SAMN19988976			GCF_019201345.1	Contig	SRR15305432	PRJNA742925				draft_assembly_available	confirmed_exact_ncppb_identifier	same_genus_different_species	yes	yes	same_genus_different_species	1	0	0
NCPPB 1811	Xanthomonas phaseoli pv. phaseoli (Smith 1897) Constantin et al. 2016 comb. nov.	present_in_v2_snapshot	NCPPB 1811	SAMN03257682; SAMN18440089		SAMN03257682; SAMN18440089			GCF_000808675.2; GCF_017745315.1	Contig; Scaffold	SRR2052881	PRJNA269946; PRJNA716613				draft_assembly_available	confirmed_exact_ncppb_identifier	same_name	no	no		2	0	0
NCPPB 1821	Xanthomonas euvesicatoria pv. alfalfae (ex Riker et al. 1935) Constantin et al. 2016 comb. nov.	present_in_v2_snapshot	NCPPB 1821; CFBP 7120													no_confirmed_public_data	no_confirmed_identity_match	not_assessed_no_confirmed_match	no	no		0	0	0
NCPPB 1822	Xanthomonas fragariae Kennedy and King 1962	present_in_v2_snapshot	NCPPB 1822; ICPB XF105	SAMN39942671; SAMEA4590042		SAMN39942671; SAMEA4590042			GCF_900380035.1	Contig	SRR27965831; ERR2528885	PRJNA991941; PRJEB25730				draft_assembly_available	confirmed_exact_ncppb_identifier	same_name	no	no		2	0	0
NCPPB 1826	Xanthomonas sp. Dowson 1939	present_in_v2_snapshot	NCPPB 1826; C555	SAMN42161503		SAMN42161503			GCF_056725285.1	Complete Genome	SRR29644173; SRR30040121	PRJNA1129555				complete_genome_available	confirmed_exact_ncppb_identifier	same_name	no	no		1	0	0
NCPPB 1827	Xanthomonas citri pv. rhynchosiae (Sabet et al. 1969) Constantin et al. 2016 comb. nov	present_in_v2_snapshot	NCPPB 1827; ICMP 5748; LMG 8021	SAMN42180188		SAMN42180188					SRR29655371; SRR30037966	PRJNA1130015				raw_reads_only	confirmed_exact_ncppb_identifier	same_name	no	no		1	0	0
NCPPB 1828	Xanthomonas euvesicatoria pv. euphorbiae (Sabet et al.1969) Harrison et al. 2023	present_in_v2_snapshot	NCPPB 1828; ICMP 5730; LMG 863	SAMN19988977		SAMN19988977			GCF_019201425.1	Contig	SRR15305420	PRJNA742925				draft_assembly_available	confirmed_exact_ncppb_identifier	same_genus_different_species	yes	yes	same_genus_different_species	1	0	0
NCPPB 1829	Xanthomonas sp. Dowson 1939	present_in_v2_snapshot	NCPPB 1829													no_confirmed_public_data	no_confirmed_identity_match	not_assessed_no_confirmed_match	no	no		0	0	0
NCPPB 1830	Xanthomonas albilineans (Ashby 1929) Dowson 1943	present_in_v2_snapshot	NCPPB 1830													no_confirmed_public_data	no_confirmed_identity_match	not_assessed_no_confirmed_match	no	no		0	0	0
NCPPB 1832	Xanthomonas arboricola pv. celebensis (Gaumann 1923) Vauterin et al. 1995	present_in_v2_snapshot	NCPPB 1832; ATCC 19045; ICMP 1488; LMG 677; ZZ28	SAMN02903333		SAMN02903333			GCF_000724925.1	Scaffold	SRR1515238	PRJNA254393				draft_assembly_available	confirmed_exact_ncppb_identifier	same_name	no	no		1	0	0
NCPPB 1833	Xanthomonas phaseoli pv. dieffenbachiae (McCulloch & Pirone 1939) Constantin et al. 2016 comb. nov.	present_in_v2_snapshot	NCPPB 1833; ICMP 5727; LMG 695; ENA-350	SAMN18440024; SAMN04481176; SAMN02903992		SAMN18440024	SAMN04481176; SAMN02903992		GCF_017746675.1; GCF_001564415.1; GCF_001402235.1	Scaffold; Chromosome; Contig	SRR1509933	PRJNA716613; PRJNA232101; PRJNA254465				chromosome_level_assembly_available	confirmed_exact_ncppb_identifier; confirmed_exact_collection_identifier	same_name	no	no		3	0	1
NCPPB 1834	Xanthomonas phaseoli pv. manihotis (Bondar 1912) Constantin et al. 2016 comb. nov.	present_in_v2_snapshot	NCPPB 1834; ICMP 5741; LMG 773; CFBP 7153; ATCC 49073; ENA-300													no_confirmed_public_data	no_confirmed_identity_match	not_assessed_no_confirmed_match	no	no		0	0	0
NCPPB 1836	Xanthomonas cerealis pv. cerealis Tambong et al. 2024	present_in_v2_snapshot	NCPPB 1836													no_confirmed_public_data	no_confirmed_identity_match	not_assessed_no_confirmed_match	no	no		0	0	0
NCPPB 1837	Xanthomonas graminis pv. phlei Tambong et al. 2024	present_in_v2_snapshot	NCPPB 1837; ICMP 5744; LMG 843; CFBP 2540	SAMN18876900			SAMN18876900		GCF_021919185.1	Complete Genome		PRJNA720632				complete_genome_available	confirmed_exact_collection_identifier	same_name	no	no		1	0	0
NCPPB 1838	Xanthomonas citri pv. vignicola (Burkholder 1944) Constantin et al. 2016 comb. nov.	present_in_v2_snapshot	NCPPB 1838; ICMP 333; ATCC 11648; CFBP 7112; LMG 8752; XV18	SAMN40354538; SAMN07252091		SAMN40354538	SAMN07252091		GCF_040202945.2; GCF_002218265.1	Complete Genome	SRR28281415; SRR30293569	PRJNA991976; PRJNA390892				complete_genome_available	confirmed_exact_ncppb_identifier; confirmed_exact_collection_identifier	same_name	no	no		2	0	0
NCPPB 1839	Xanthomonas hortorum pv. vitians Morinière et al. 2020	present_in_v2_snapshot	NCPPB 1839; ENA-250													no_confirmed_public_data	no_confirmed_identity_match	not_assessed_no_confirmed_match	no	no		0	0	0
NCPPB 1841	Xanthomonas hortorum pv. vitians Morinière et al. 2020	present_in_v2_snapshot	NCPPB 1841; ENA-265													no_confirmed_public_data	no_confirmed_identity_match	not_assessed_no_confirmed_match	no	no		0	0	0
NCPPB 1925	Xanthomonas axonopodis pv. begoniae (Takimoto 1934) Vauterin et al. 1995	present_in_v2_snapshot	NCPPB 1925; ATCC 11726; XB10													no_confirmed_public_data	no_confirmed_identity_match	not_assessed_no_confirmed_match	no	no		0	0	1
NCPPB 1929	Xanthomonas campestris pv. campestris (Pammel 1895) Dowson 1939	present_in_v2_snapshot	NCPPB 1929; ITCC B47													no_confirmed_public_data	no_confirmed_identity_match	not_assessed_no_confirmed_match	no	no		0	0	0
NCPPB 1930	Xanthomonas campestris pv. armoraciae (McCulloch 1929) Dye 1978	present_in_v2_snapshot	NCPPB 1930													no_confirmed_public_data	no_confirmed_identity_match	not_assessed_no_confirmed_match	no	no		0	0	0
NCPPB 1932	Xanthomonas campestris pv. guizotiae (Yirgou 1964) Dye 1978	present_in_v2_snapshot	NCPPB 1932; LMG 731	SAMN56511365		SAMN56511365					SRR37629060; SRR37789877	PRJNA1437458				raw_reads_only	confirmed_exact_ncppb_identifier	same_genus_different_species	yes	yes	same_genus_different_species	1	0	0
NCPPB 1933	Xanthomonas campestris pv. guizotiae (Yirgou 1964) Dye 1978	present_in_v2_snapshot	NCPPB 1933	SAMN56511366		SAMN56511366					SRR37629093; SRR37789910	PRJNA1437458				raw_reads_only	confirmed_exact_ncppb_identifier	same_genus_different_species	yes	yes	same_genus_different_species	1	0	0
NCPPB 1934	Xanthomonas campestris pv. incanae (Kendrick & Baker 1942) Dye 1978	present_in_v2_snapshot	NCPPB 1934		SAMN36318705								GCF_035011385.1	SRR25237018	PRJNA485808	ambiguous_needs_review	unstructured_exact_identifier_only	same_name	no	yes	exact_identifier_only_in_title	0	1	0
NCPPB 1935	Xanthomonas campestris pv. nigromaculans (Takimoto 1927) Dye 1978	present_in_v2_snapshot	NCPPB 1935; ATCC 23390; ICMP 80; LMG 787	SAMN22555463; SAMEA14107389		SAMN22555463; SAMEA14107389	SAMEA14107389		GCA_020783725.1; GCA_938743425.1	Contig; Complete Genome	SRR22272564	PRJNA774146; PRJEB38814				complete_genome_available	confirmed_exact_ncppb_identifier	same_name	no	no		2	0	0
NCPPB 1936	Xanthomonas oryzae pv. oryzae (Ishiyama 1922) Swings et al. 1990	present_in_v2_snapshot	NCPPB 1936													no_confirmed_public_data	no_confirmed_identity_match	not_assessed_no_confirmed_match	no	no		0	0	0
NCPPB 1938	Xanthomonas campestris pv. plantaginis (Thornberry & Anderson 1937) Dye 1978	present_in_v2_snapshot	NCPPB 1938		SAMN36318706								GCF_035011825.1	SRR25237017	PRJNA485808	ambiguous_needs_review	unstructured_exact_identifier_only	same_name	no	yes	exact_identifier_only_in_title	0	1	0
NCPPB 1939	Xanthomonas axonopodis pv. poinsettiicola (Patel et al. 1951) Vauterin et al. 1995	present_in_v2_snapshot	NCPPB 1939	SAMN42178461		SAMN42178461			GCF_041484315.1	Complete Genome	SRR29654626; SRR30037951	PRJNA1129913				complete_genome_available	confirmed_exact_ncppb_identifier	same_name	no	no		1	0	0
NCPPB 1942	Xanthomonas translucens pv. translucens (Jones et al. 1917) Vauterin et al. 1995	present_in_v2_snapshot	NCPPB 1942													no_confirmed_public_data	no_confirmed_identity_match	not_assessed_no_confirmed_match	no	no		0	0	0
NCPPB 1943	Xanthomonas cerealis pv. cerealis Tambong et al. 2024	present_in_v2_snapshot	NCPPB 1943	SAMN05258070		SAMN05258070			GCF_001707115.1	Scaffold	SRR5110836	PRJNA326105				draft_assembly_available	confirmed_exact_ncppb_identifier	same_name	no	no		1	0	0
NCPPB 1944	Xanthomonas cerealis pv. cerealis Tambong et al. 2024	present_in_v2_snapshot	NCPPB 1944; ICPB XT15; ICMP 1409; LMG 679; CFBP 2541	SAMN03246830			SAMN03246830		GCF_000807145.1; GCF_021903335.1	Chromosome; Complete Genome		PRJNA268946; PRJNA720632				complete_genome_available	confirmed_exact_collection_identifier	same_name	no	no		1	0	0
NCPPB 1945	Xanthomonas translucens pv. undulosa (Smith et al. 1919) Vauterin et al. 1995	present_in_v2_snapshot	NCPPB 1945													no_confirmed_public_data	no_confirmed_identity_match	not_assessed_no_confirmed_match	no	no		0	0	0
NCPPB 1946	Xanthomonas campestris pv. raphani (White 1930) Dye 1978	present_in_v2_snapshot	NCPPB 1946; ICMP 1404; LMG 860; ATCC 49079	SAMN36368324; SAMN22552835; SAMN17385960	SAMN36315929	SAMN36368324; SAMN22552835; SAMN17385960	SAMN17385960		GCA_035023745.1; GCF_020813075.1	Contig	SRR25205305; SRR29823164; SRR14648387	PRJNA988133; PRJNA774128; PRJNA693392	GCF_035011485.1	SRR25155931	PRJNA991733	draft_assembly_available	confirmed_exact_ncppb_identifier; unstructured_exact_identifier_only	same_name	no	yes	exact_identifier_only_in_title	3	1	0
NCPPB 1974	Stenotrophomonas maltophilia (Hugh 1981) Palleroni and Bradbury 1993	present_in_v2_snapshot	NCPPB 1974; ATCC 13637; NCTC 10275; DSM 50170	SAMD00538104; SAMN05721779; SAMN01176238		SAMD00538104	SAMD00538104; SAMN05721779; SAMN01176238		GCF_001997185.1	Scaffold	SRR4114369; SRR5481499; SRR5481500; SRR5481501; SRR5481502	PRJNA341407				draft_assembly_available	confirmed_exact_ncppb_identifier; confirmed_exact_collection_identifier	same_name	no	no		3	0	0
NCPPB 1975	Stenotrophomonas maltophilia (Hugh 1981) Palleroni and Bradbury 1993	present_in_v2_snapshot	NCPPB 1975													no_confirmed_public_data	no_confirmed_identity_match	not_assessed_no_confirmed_match	no	no		0	0	0
NCPPB 1981	Xanthomonas sp. Dowson 1939	present_in_v2_snapshot	NCPPB 1981; W135													no_confirmed_public_data	no_confirmed_identity_match	not_assessed_no_confirmed_match	no	no		0	0	0
NCPPB 2005	Xanthomonas vasicola pv. musacearum (Yirgou & Bradbury 1968) Dye 1978	present_in_v2_snapshot	NCPPB 2005; B3100; ICPB XM130; ICMP 2870; CFBP 7123; DSM 24447; LMG 785; ATCC 49084	SAMN49535419; SAMN02471727; SAMN00860199		SAMN49535419; SAMN02471727; SAMN00860199			GCF_055597945.1; GCF_000277875.1	Complete Genome; Scaffold	SRR34103842; SRR34105450; SRR489154	PRJNA1280879; PRJNA73875				complete_genome_available	confirmed_exact_ncppb_identifier	same_name	no	no		3	0	0
NCPPB 2011	Xanthomonas hortorum pv. hederae (Arnaud 1920) Vauterin et al. 1995	present_in_v2_snapshot	NCPPB 2011; C596													no_confirmed_public_data	no_confirmed_identity_match	not_assessed_no_confirmed_match	no	no		0	0	0
NCPPB 2016	Xanthomonas hortorum pv. hederae (Arnaud 1920) Vauterin et al. 1995	present_in_v2_snapshot	NCPPB 2016													no_confirmed_public_data	no_confirmed_identity_match	not_assessed_no_confirmed_match	no	no		0	0	0
NCPPB 2031	Xanthomonas campestris pv. campestris (Pammel 1895) Dowson 1939	present_in_v2_snapshot	NCPPB 2031; XCB-2													no_confirmed_public_data	no_confirmed_identity_match	not_assessed_no_confirmed_match	no	no		0	0	0
NCPPB 2044	Xanthomonas vesicatoria (ex Doidge 1920) Vauterin et al. 1995	present_in_v2_snapshot	NCPPB 2044; 15984													no_confirmed_public_data	no_confirmed_identity_match	not_assessed_no_confirmed_match	no	no		0	0	0
NCPPB 2057	Xanthomonas euvesicatoria pv. heliotropii (Sabet et al.1969) Harrison et al. 2023	present_in_v2_snapshot	NCPPB 2057; Hel 1; ICMP 5778; LMG 735	SAMN19988978		SAMN19988978			GCF_019201405.1	Contig	SRR15305419	PRJNA742925				draft_assembly_available	confirmed_exact_ncppb_identifier	same_genus_different_species	yes	yes	same_genus_different_species	1	0	0
NCPPB 2058	Xanthomonas citri pv. vignaeradiatae (Sabet et al. 1969) Constantin et al. 2016 comb. nov	present_in_v2_snapshot	NCPPB 2058; ICMP 5159	SAMN42278565		SAMN42278565					SRR29692762	PRJNA742925				raw_reads_only	confirmed_exact_ncppb_identifier	same_name	no	no		1	0	0
NCPPB 2059	Xanthomonas citri pv. vignicola (Burkholder 1944) Constantin et al. 2016 comb. nov.	present_in_v2_snapshot	NCPPB 2059													no_confirmed_public_data	no_confirmed_identity_match	not_assessed_no_confirmed_match	no	no		0	0	0
NCPPB 2060	Xanthomonas citri pv. rhynchosiae (Sabet et al. 1969) Constantin et al. 2016 comb. nov	present_in_v2_snapshot	NCPPB 2060	SAMN42180189		SAMN42180189			GCF_053571485.1	Contig	SRR29655370; SRR30037968	PRJNA1130015				draft_assembly_available	confirmed_exact_ncppb_identifier	same_name	no	no		1	0	0
NCPPB 2061	Xanthomonas citri pv. vignicola (Burkholder 1944) Constantin et al. 2016 comb. nov.	present_in_v2_snapshot	NCPPB 2061; CFBP 7113	SAMN07251989			SAMN07251989		GCF_002218285.1	Complete Genome		PRJNA390890				complete_genome_available	confirmed_exact_collection_identifier	same_name	no	no		1	0	0
NCPPB 2062	Xanthomonas euvesicatoria pv. alfalfae (ex Riker et al. 1935) Constantin et al. 2016 comb. nov.	present_in_v2_snapshot	NCPPB 2062; ICMP 5718; LMG 497													no_confirmed_public_data	no_confirmed_identity_match	not_assessed_no_confirmed_match	no	no		0	0	0
NCPPB 2063	Xanthomonas axonopodis pv. cajani (Kulkarni et al. 1950) Vauterin et al. 1995	present_in_v2_snapshot	NCPPB 2063	SAMN42284474		SAMN42284474			GCF_041475655.1	Complete Genome	SRR29694808; SRR30037370	PRJNA1131453				complete_genome_available	confirmed_exact_ncppb_identifier	same_name	no	no		1	0	0
NCPPB 2064	Xanthomonas citri (ex Hasse 1915) Gabriel et al. 1989	present_in_v2_snapshot	NCPPB 2064	SAMN56511367; SAMN03142816		SAMN56511367; SAMN03142816			GCF_000786995.1	Contig	SRR37629092; SRR37789909; SRR2051463	PRJNA1437458; PRJNA264816				draft_assembly_available	confirmed_exact_ncppb_identifier	same_name; compatible_synonym	no	no		2	0	0
NCPPB 2066	Xanthomonas axonopodis pv. phyllanthi (Sabet et al. 1969) Vauterin et al 1995	present_in_v2_snapshot	NCPPB 2066; ICMP 5745; LMG 844	SAMN42278573		SAMN42278573			GCF_041464105.1	Complete Genome	SRR29692753	PRJNA742925				complete_genome_available	confirmed_exact_ncppb_identifier	same_name	no	no		1	0	0
NCPPB 2067	Xanthomonas euvesicatoria pv. euphorbiae (Sabet et al.1969) Harrison et al. 2023	present_in_v2_snapshot	NCPPB 2067													no_confirmed_public_data	no_confirmed_identity_match	not_assessed_no_confirmed_match	no	no		0	0	0
NCPPB 2095	Xanthomonas hyacinthi (Wakker 1883) Vauterin et al. 1995	present_in_v2_snapshot	NCPPB 2095													no_confirmed_public_data	no_confirmed_identity_match	not_assessed_no_confirmed_match	no	no		0	0	0
NCPPB 2097	Xanthomonas euvesicatoria pv. vernoniae (Patel et al. 1968) Harrison et al. 2023	present_in_v2_snapshot	NCPPB 2097													no_confirmed_public_data	no_confirmed_identity_match	not_assessed_no_confirmed_match	no	no		0	0	0
NCPPB 2099	Xanthomonas campestris pv. zantedeschiae (Joubert & Truter 1972) Dye 1978	present_in_v2_snapshot	NCPPB 2099													no_confirmed_public_data	no_confirmed_identity_match	not_assessed_no_confirmed_match	no	no		0	0	0
NCPPB 2147	Pseudomonas sp. Migula 1894	present_in_v2_snapshot	NCPPB 2147													no_confirmed_public_data	no_confirmed_identity_match	not_assessed_no_confirmed_match	no	no		0	0	0
NCPPB 2181	Xanthomonas translucens pv. translucens (Jones et al. 1917) Vauterin et al. 1995	present_in_v2_snapshot	NCPPB 2181; X1-11-2	SAMD00537715		SAMD00537715										biosample_metadata_only_no_linked_sequence	confirmed_exact_ncppb_identifier	same_name	no	no		1	0	1
NCPPB 2182	Xanthomonas campestris pv. gummisudans (McCulloch 1924) Dye 1978	present_in_v2_snapshot	NCPPB 2182; ICMP 5780; LMG 732; S131-84	SAMN42488057		SAMN42488057					SRR29823101	PRJNA742925				raw_reads_only	confirmed_exact_ncppb_identifier	same_name	no	no		1	0	0
NCPPB 2183	Xanthomonas hyacinthi (Wakker 1883) Vauterin et al. 1995	present_in_v2_snapshot	NCPPB 2183; S148-81													no_confirmed_public_data	no_confirmed_identity_match	not_assessed_no_confirmed_match	no	no		0	0	0
NCPPB 2190	Xanthomonas campestris pv. esculenti (Rangasami & Eswaran 1962) Dye 1978	present_in_v2_snapshot	NCPPB 2190; ICMP 5729; LMG 699; ENA-568	SAMN56511368; SAMN22555465		SAMN56511368; SAMN22555465			GCF_020784125.1	Contig	SRR37629091; SRR37789908; SRR22272562	PRJNA1437458; PRJNA774146				draft_assembly_available	confirmed_exact_ncppb_identifier	same_name	no	no		2	0	0
NCPPB 2217	Xylophilus ampelinus (Panagopoulos 1969) Willems et al. 1987	present_in_v2_snapshot	NCPPB 2217; ATCC 33914; DSM 7250; ICMP 4298; ICPB XA138; LMG 5856	SAMN56511392; SAMEA5613848		SAMN56511392	SAMEA5613848				SRR37629173; SRR37786074; ERR3330907	PRJNA1085284; PRJEB32402				raw_reads_only	confirmed_exact_ncppb_identifier; confirmed_exact_collection_identifier	different_lineage; same_name	yes	yes	different_lineage	2	0	0
NCPPB 2218	Xylophilus ampelinus (Panagopoulos 1969) Willems et al. 1987	present_in_v2_snapshot	NCPPB 2218; ICPB XA139													no_confirmed_public_data	no_confirmed_identity_match	not_assessed_no_confirmed_match	no	no		0	0	0
NCPPB 2226	Xanthomonas axonopodis pv. begoniae (Takimoto 1934) Vauterin et al. 1995	present_in_v2_snapshot	NCPPB 2226													no_confirmed_public_data	no_confirmed_identity_match	not_assessed_no_confirmed_match	no	no		0	0	0
NCPPB 2228	Xanthomonas axonopodis pv. biophyti (Patel et al.1969) Vauterin et al. 1995	present_in_v2_snapshot	NCPPB 2228; ICPB XB117; ICMP 2780; LMG 556	SAMN42280121		SAMN42280121					SRR29694609; SRR30018466	PRJNA742925				raw_reads_only	confirmed_exact_ncppb_identifier	same_name	no	no		1	0	0
NCPPB 2229	Xanthomonas campestris pv. leeana (Patel & Kofasthane 1969) Dye 1978	present_in_v2_snapshot	NCPPB 2229; ICPB XL107; ICMP 5738; LMG 9048													no_confirmed_public_data	no_confirmed_identity_match	not_assessed_no_confirmed_match	no	no		0	0	0
NCPPB 2230	Xanthomonas axonopodis pv. fascicularis (Patel & Kotasthane 1969) Vauterin et al. 1995	present_in_v2_snapshot	NCPPB 2230; ICPB XN105; ICMP 5731; LMG 9047	SAMN42278570		SAMN42278570			GCF_041447795.1	Contig	SRR29692756	PRJNA742925				draft_assembly_available	confirmed_exact_ncppb_identifier	same_name	no	no		1	0	0
NCPPB 2247	Xanthomonas albilineans (Ashby 1929) Dowson 1943	present_in_v2_snapshot	NCPPB 2247; B3596													no_confirmed_public_data	no_confirmed_identity_match	not_assessed_no_confirmed_match	no	no		0	0	0
NCPPB 2248	Xanthomonas hortorum pv. vitians Morinière et al. 2020	present_in_v2_snapshot	NCPPB 2248; B3005; MR20213	SAMN09704264		SAMN09704264					SRR7628818	PRJNA482368				raw_reads_only	confirmed_exact_ncppb_identifier	same_name	no	no		1	0	0
NCPPB 2249	Xanthomonas albilineans (Ashby 1929) Dowson 1943	present_in_v2_snapshot	NCPPB 2249; B3891													no_confirmed_public_data	no_confirmed_identity_match	not_assessed_no_confirmed_match	no	no		0	0	0
NCPPB 2250	Xanthomonas sp.	present_in_v2_snapshot	NCPPB 2250; Dowson 1939; B3516a	SAMN42161504		SAMN42161504			GCF_056725265.1	Complete Genome	SRR29644172; SRR30040120	PRJNA1129555				complete_genome_available	confirmed_exact_ncppb_identifier	same_name	no	no		1	0	0
NCPPB 2251	Xanthomonas vasicola pv. musacearum (Yirgou & Bradbury 1968) Dye 1978	present_in_v2_snapshot	NCPPB 2251; B3645; CFBP 7122	SAMN49535420; SAMN42486836; SAMN00991248		SAMN49535420; SAMN42486836; SAMN00991248			GCF_055597905.1; GCF_001189905.1	Complete Genome; Contig	SRR34103841; SRR34105449; SRR29823051; SRR494492	PRJNA1280879; PRJNA743420; PRJNA163287				complete_genome_available	confirmed_exact_ncppb_identifier	same_name	no	no		3	0	0
NCPPB 2255	Xanthomonas phaseoli pv. syngonii (Dickey & Zumoff 1987) Constantin et al. 2016 comb. nov.	present_in_v2_snapshot	NCPPB 2255; 068-1406													no_confirmed_public_data	no_confirmed_identity_match	not_assessed_no_confirmed_match	no	no		0	0	0
NCPPB 2257	Xanthomonas albilineans (Ashby 1929) Dowson 1943	present_in_v2_snapshot	NCPPB 2257													no_confirmed_public_data	no_confirmed_identity_match	not_assessed_no_confirmed_match	no	no		0	0	0
NCPPB 2258	Xanthomonas albilineans (Ashby 1929) Dowson 1943	present_in_v2_snapshot	NCPPB 2258													no_confirmed_public_data	no_confirmed_identity_match	not_assessed_no_confirmed_match	no	no		0	0	0
NCPPB 2269	Xanthomonas hortorum pv. pelargonii (Brown 1923) Vauterin et al. 1995	present_in_v2_snapshot	NCPPB 2269													no_confirmed_public_data	no_confirmed_identity_match	not_assessed_no_confirmed_match	no	no		0	0	0
NCPPB 2297	Xanthomonas sp. Dowson 1939	present_in_v2_snapshot	NCPPB 2297													no_confirmed_public_data	no_confirmed_identity_match	not_assessed_no_confirmed_match	no	no		0	0	0
NCPPB 2336	Xanthomonas hortorum pv. hederae (Arnaud 1920) Vauterin et al. 1995	present_in_v2_snapshot	NCPPB 2336; C721													no_confirmed_public_data	no_confirmed_identity_match	not_assessed_no_confirmed_match	no	no		0	0	0
NCPPB 2337	Xanthomonas dyei pv. eucalypti (Truman 1974) Young et al. 2010	present_in_v2_snapshot	NCPPB 2337; ICPB XE104; ICMP 5382; CFBP 7270; LMG 700	SAMN22555462		SAMN22555462			GCF_020783675.1	Contig	SRR22272559	PRJNA774146				draft_assembly_available	confirmed_exact_ncppb_identifier	same_name	no	no		1	0	0
NCPPB 2338	Xanthomonas dyei pv. eucalypti (Truman 1974) Young et al. 2010	present_in_v2_snapshot	NCPPB 2338; ICPB XE105	SAMN56511369		SAMN56511369					SRR37629090; SRR37789907	PRJNA1437458				raw_reads_only	confirmed_exact_ncppb_identifier	same_name	no	no		1	0	0
NCPPB 2345	Xanthomonas campestris (Pammel 1895) Dowson 1939	present_in_v2_snapshot	NCPPB 2345; A218	SAMN22552837		SAMN22552837			GCF_020812975.1	Contig	SRR29823157	PRJNA774128				draft_assembly_available	confirmed_exact_ncppb_identifier	same_name	no	no		1	0	0
NCPPB 2346	Xanthomonas phaseoli pv. passiflorae (Pereira 1969) Harrison et al. 2023	present_in_v2_snapshot	NCPPB 2346; ICMP 3151; LMG 810; SBF-813	SAMN19988995		SAMN19988995			GCF_019201075.1	Contig	SRR15305435	PRJNA742925				draft_assembly_available	confirmed_exact_ncppb_identifier	same_genus_different_species	yes	yes	same_genus_different_species	1	0	0
NCPPB 2352	Xanthomonas axonopodis pv. maculifoliigardeniae (Ark & Barrett 1946) Vauterin et al. 1995	present_in_v2_snapshot	NCPPB 2352	SAMN42284549		SAMN42284549			GCF_053646475.1	Complete Genome	SRR29695343; SRR30037789	PRJNA1131460				complete_genome_available	confirmed_exact_ncppb_identifier	same_name	no	no		1	0	0
NCPPB 2368	Xanthomonas axonopodis pv. pedalii (Patel & Jindal 1972) Vauterin et al. 1995	present_in_v2_snapshot	NCPPB 2368; ICMP 3030; LMG 812	SAMN42280123		SAMN42280123					SRR29694607; SRR30018464	PRJNA742925				raw_reads_only	confirmed_exact_ncppb_identifier	same_name	no	no		1	0	0
NCPPB 2369	Xanthomonas axonopodis pv. ricini (Yoshi & Takimoto 1928) Vauterin et al. 1995	present_in_v2_snapshot	NCPPB 2369	SAMN42178445		SAMN42178445			GCF_041461625.1	Complete Genome	SRR29654664; SRR30041329	PRJNA1129907				complete_genome_available	confirmed_exact_ncppb_identifier	same_name	no	no		1	0	0
NCPPB 2370	Xanthomonas euvesicatoria pv. heliotropii (Sabet et al.1969) Harrison et al. 2023	present_in_v2_snapshot	NCPPB 2370													no_confirmed_public_data	no_confirmed_identity_match	not_assessed_no_confirmed_match	no	no		0	0	0
NCPPB 2371	Xanthomonas euvesicatoria pv. amorphophalli (Jindal et al. 1972) Constantin et al. 2016 comb. nov.	present_in_v2_snapshot	NCPPB 2371; ICMP 3033; LMG 499													no_confirmed_public_data	no_confirmed_identity_match	not_assessed_no_confirmed_match	no	no		0	0	0
NCPPB 2372	Xanthomonas euvesicatoria pv. fici (Cavara 1905) Harrison et al. 2023	present_in_v2_snapshot	NCPPB 2372; ICMP 3036; LMG 701	SAMN42175581; SAMN19988979		SAMN42175581; SAMN19988979			GCF_041463625.1; GCF_019201375.1	Complete Genome; Contig	SRR29651791; SRR30037665; SRR15305418	PRJNA1129842; PRJNA742925				complete_genome_available	confirmed_exact_ncppb_identifier	same_genus_different_species	yes	yes	same_genus_different_species	2	0	0
NCPPB 2373	Xanthomonas euvesicatoria pv. carissae (Moniz et al. 1964) Harrison et al. 2023	present_in_v2_snapshot	NCPPB 2373; ICMP 3034; LMG 669	SAMN19988980		SAMN19988980			GCF_019201365.1	Contig	SRR15305433	PRJNA742925				draft_assembly_available	confirmed_exact_ncppb_identifier	same_genus_different_species	yes	yes	same_genus_different_species	1	0	0
NCPPB 2374	Xanthomonas euvesicatoria pv. carissae (Moniz et al. 1964) Harrison et al. 2023	present_in_v2_snapshot	NCPPB 2374													no_confirmed_public_data	no_confirmed_identity_match	not_assessed_no_confirmed_match	no	no		0	0	0
NCPPB 2375	Xanthomonas axonopodis pv. axonopodis Starr & Garces 1950	present_in_v2_snapshot	NCPPB 2375; XA113													no_confirmed_public_data	no_confirmed_identity_match	not_assessed_no_confirmed_match	no	no		0	0	0
NCPPB 2376	Xanthomonas axonopodis pv. axonopodis Starr & Garces 1950	present_in_v2_snapshot	NCPPB 2376; XA115													no_confirmed_public_data	no_confirmed_identity_match	not_assessed_no_confirmed_match	no	no		0	0	0
NCPPB 2387	Xanthomonas citri pv. mangiferaeindicae (Patel et al. 1948) Constantin et al. 2016 comb. nov.	present_in_v2_snapshot	NCPPB 2387													no_confirmed_public_data	no_confirmed_identity_match	not_assessed_no_confirmed_match	no	no		0	0	0
NCPPB 2388	Xanthomonas campestris pv. azadirachtae (Desai et al.1966) Dye 1978	present_in_v2_snapshot	NCPPB 2388; ICMP 3102; LMG 543													no_confirmed_public_data	no_confirmed_identity_match	not_assessed_no_confirmed_match	no	no		0	0	0
NCPPB 2389	Xanthomonas translucens pv. translucens (Jones et al. 1917) Vauterin et al. 1995	present_in_v2_snapshot	NCPPB 2389; ICMP 5735													no_confirmed_public_data	no_confirmed_identity_match	not_assessed_no_confirmed_match	no	no		0	0	0
NCPPB 2393	Xanthomonas euvesicatoria pv. alfalfae (ex Riker et al. 1935) Constantin et al. 2016 comb. nov.	present_in_v2_snapshot	NCPPB 2393; Xl-6-1													no_confirmed_public_data	no_confirmed_identity_match	not_assessed_no_confirmed_match	no	no		0	0	0
NCPPB 2417	Xanthomonas vasicola pv. holcicola (Elliott 1930) Vauterin et al. 1995	present_in_v2_snapshot	NCPPB 2417; ICMP 3103; LMG 736; CFBP 2543	SAMN36358005; SAMN03140148; SAMN05560344		SAMN36358005; SAMN03140148	SAMN05560344		GCF_030551335.2; GCF_000772705.2; GCF_002939925.1	Contig	SRR25194035	PRJNA992549; PRJNA264615; PRJNA338648				draft_assembly_available	confirmed_exact_ncppb_identifier; confirmed_exact_collection_identifier	same_name	no	no		3	0	0
NCPPB 2436	Xanthomonas campestris pv. arracaciae (Pereira et al.1971) Dye 1978	present_in_v2_snapshot	NCPPB 2436; ICMP 3518; LMG 536; SBF-913													no_confirmed_public_data	no_confirmed_identity_match	not_assessed_no_confirmed_match	no	no		0	0	0
NCPPB 2438	Xanthomonas citri pv. mangiferaeindicae (Patel et al. 1948) Constantin et al. 2016 comb. nov.	present_in_v2_snapshot	NCPPB 2438; 2UP87													no_confirmed_public_data	no_confirmed_identity_match	not_assessed_no_confirmed_match	no	no		0	0	0
NCPPB 2439	Xanthomonas campestris pv. zinniae (Hopkins & Dowson 1949) Dye 1978	present_in_v2_snapshot	NCPPB 2439; ICMP 5762; LMG 8692	SAMN56511370; SAMN22555466		SAMN56511370; SAMN22555466			GCF_020783815.1	Contig	SRR37629089; SRR37789906; SRR22272569	PRJNA1437458; PRJNA774146				draft_assembly_available	confirmed_exact_ncppb_identifier	same_name	no	no		2	0	0
NCPPB 2443	Xanthomonas phaseoli pv. manihotis (Bondar 1912) Constantin et al. 2016 comb. nov.	present_in_v2_snapshot	NCPPB 2443													no_confirmed_public_data	no_confirmed_identity_match	not_assessed_no_confirmed_match	no	no		0	0	0
NCPPB 2444	Xanthomonas phaseoli pv. manihotis (Bondar 1912) Constantin et al. 2016 comb. nov.	present_in_v2_snapshot	NCPPB 2444													no_confirmed_public_data	no_confirmed_identity_match	not_assessed_no_confirmed_match	no	no		0	0	0
NCPPB 2446	Xanthomonas oryzae pv. oryzae (Ishiyama 1922) Swings et al. 1990	present_in_v2_snapshot	NCPPB 2446; B5000; H5809													no_confirmed_public_data	no_confirmed_identity_match	not_assessed_no_confirmed_match	no	no		0	0	0
NCPPB 2475	Xanthomonas campestris pv. viticola (Nayudu 1972) Dye 1978	present_in_v2_snapshot	NCPPB 2475; ICMP 3867; LMG 965	SAMN26688428; SAMEA3139044			SAMN26688428; SAMEA3139044		GCF_053538855.1; GCF_000723725.2	Contig; Complete Genome		PRJNA816684; PRJEB5493				complete_genome_available	confirmed_exact_collection_identifier	same_genus_different_species	yes	yes	same_genus_different_species	2	0	0
NCPPB 2490	Xanthomonas campestris pv. vitiswoodrowii (Patel & Kulkarni 1951) Dye 1978	present_in_v2_snapshot	NCPPB 2490; B4929													no_confirmed_public_data	no_confirmed_identity_match	not_assessed_no_confirmed_match	no	no		0	0	0
NCPPB 2492	Xanthomonas euvesicatoria pv. clerodendri (Patel et al. 1952) Harrison et al. 2023	present_in_v2_snapshot	NCPPB 2492; B4568b													no_confirmed_public_data	no_confirmed_identity_match	not_assessed_no_confirmed_match	no	no		0	0	0
NCPPB 2493	Sphingomonas paucimobilis (Holmes et al.1977) Yabuchi et al. 1990	present_in_v2_snapshot	NCPPB 2493; B4487													no_confirmed_public_data	no_confirmed_identity_match	not_assessed_no_confirmed_match	no	no		0	0	0
NCPPB 2494	Xanthomonas axonopodis pv. cyamopsidis (Patel et al.1953) Vauterin et al. 1995	present_in_v2_snapshot	NCPPB 2494; B5017	SAMN42180197		SAMN42180197					SRR29655433; SRR30037606	PRJNA1130018				raw_reads_only	confirmed_exact_ncppb_identifier	same_name	no	no		1	0	0
NCPPB 2495	Xanthomonas citri pv. malvacearum (Smith 1901) Constantin et al. 2016 comb. nov.	present_in_v2_snapshot	NCPPB 2495; B4687													no_confirmed_public_data	no_confirmed_identity_match	not_assessed_no_confirmed_match	no	no		0	0	0
NCPPB 2496	Xanthomonas euvesicatoria pv. sesami (Sabet & Dowson 1960) Constantin et al. 2016 comb. nov.	present_in_v2_snapshot	NCPPB 2496; B5078													no_confirmed_public_data	no_confirmed_identity_match	not_assessed_no_confirmed_match	no	no		0	0	0
NCPPB 2497	Xanthomonas sp. Dowson 1939	present_in_v2_snapshot	NCPPB 2497; B4539													no_confirmed_public_data	no_confirmed_identity_match	not_assessed_no_confirmed_match	no	no		0	0	0
NCPPB 2498	Xanthomonas euvesicatoria pv. convolvuli (Nagarkoti et al.1973) Harrison et al. 2023	present_in_v2_snapshot	NCPPB 2498; ICMP 5380; LMG 685; B5081	SAMN19988981		SAMN19988981			GCF_019201245.1	Contig	SRR15305411	PRJNA742925				draft_assembly_available	confirmed_exact_ncppb_identifier	same_genus_different_species	yes	yes	same_genus_different_species	1	0	0
NCPPB 2499	Xanthomonas citri pv. aracearum (Berniac 1974) Constantin et al. 2016 comb. nov.	present_in_v2_snapshot	NCPPB 2499; B4542													no_confirmed_public_data	no_confirmed_identity_match	not_assessed_no_confirmed_match	no	no		0	0	0
NCPPB 2503	Xanthomonas albilineans (Ashby 1929) Dowson 1943	present_in_v2_snapshot	NCPPB 2503													no_confirmed_public_data	no_confirmed_identity_match	not_assessed_no_confirmed_match	no	no		0	0	0
NCPPB 2517	Xanthomonas campestris (Pammel 1895) Dowson 1939	present_in_v2_snapshot	NCPPB 2517	SAMN36368330		SAMN36368330			GCA_035023345.1	Contig	SRR25205298	PRJNA988133				draft_assembly_available	confirmed_exact_ncppb_identifier	same_name	no	no		1	0	0
NCPPB 2550	Xanthomonas phaseoli pv. manihotis (Bondar 1912) Constantin et al. 2016 comb. nov.	present_in_v2_snapshot	NCPPB 2550; IBSP-124													no_confirmed_public_data	no_confirmed_identity_match	not_assessed_no_confirmed_match	no	no		0	0	0
NCPPB 2567	Xanthomonas cucurbitae (ex Bryan 1926) Vauterin et al. 1995	present_in_v2_snapshot	NCPPB 2567; ICMP 203; LMG 7479; ATCC 23378; ICPB XC6	SAMN10290145			SAMN10290145		GCF_009883735.1	Complete Genome	SRR10176392; SRR10176391; SRR10200230; SRR10200229; SRR10200228; SRR10200227; SRR10200226; SRR10200225	PRJNA498325				complete_genome_available	confirmed_exact_collection_identifier	same_name	no	no		1	0	0
NCPPB 2572	Xanthomonas vesicatoria (ex Doidge 1920) Vauterin et al. 1995	present_in_v2_snapshot	NCPPB 2572; XV-69-1													no_confirmed_public_data	no_confirmed_identity_match	not_assessed_no_confirmed_match	no	no		0	0	0
NCPPB 2573	Xanthomonas euvesicatoria pv. euvesicatoria (Jones et al. 2006) Constantin et al. 2016 comb. nov.	present_in_v2_snapshot	NCPPB 2573; LMG 929; XV-69-10													no_confirmed_public_data	no_confirmed_identity_match	not_assessed_no_confirmed_match	no	no		0	0	0
NCPPB 2574	Xanthomonas euvesicatoria pv. euvesicatoria (Jones et al. 2006) Constantin et al. 2016 comb. nov.	present_in_v2_snapshot	NCPPB 2574; LMG 930; XV-69-23													no_confirmed_public_data	no_confirmed_identity_match	not_assessed_no_confirmed_match	no	no		0	0	0
NCPPB 2575	Xanthomonas euvesicatoria pv. euvesicatoria (Jones et al. 2006) Constantin et al. 2016 comb. nov.	present_in_v2_snapshot	NCPPB 2575; LMG 931; XV-69-13													no_confirmed_public_data	no_confirmed_identity_match	not_assessed_no_confirmed_match	no	no		0	0	0
NCPPB 2576	Xanthomonas vesicatoria (ex Doidge 1920) Vauterin et al. 1995	present_in_v2_snapshot	NCPPB 2576; XV-E-3													no_confirmed_public_data	no_confirmed_identity_match	not_assessed_no_confirmed_match	no	no		0	0	0
NCPPB 2586	Xanthomonas sp. Dowson 1939	present_in_v2_snapshot	NCPPB 2586	SAMN42161505; SAMN22552828		SAMN42161505; SAMN22552828			GCF_041475775.1; GCF_020813175.1	Complete Genome; Contig	SRR29644170; SRR30040119; SRR29823156	PRJNA1129555; PRJNA774128				complete_genome_available	confirmed_exact_ncppb_identifier	same_name; compatible_synonym	no	no		2	0	0
NCPPB 2587	Xanthomonas arboricola pv. pruni (Smith 1903) Vauterin et al. 1995	present_in_v2_snapshot	NCPPB 2587													no_confirmed_public_data	no_confirmed_identity_match	not_assessed_no_confirmed_match	no	no		0	0	0
NCPPB 2588	Xanthomonas arboricola pv. pruni (Smith 1903) Vauterin et al. 1995	present_in_v2_snapshot	NCPPB 2588													no_confirmed_public_data	no_confirmed_identity_match	not_assessed_no_confirmed_match	no	no		0	0	0
NCPPB 2592	Xanthomonas euvesicatoria pv. betae (Robbs et al. 1981) Constantin et al. 2016 comb. nov.	present_in_v2_snapshot	NCPPB 2592; ENA-2078; ICMP 8917; LMG 9040													no_confirmed_public_data	no_confirmed_identity_match	not_assessed_no_confirmed_match	no	no		0	0	0
NCPPB 2593	Xanthomonas euvesicatoria pv. euvesicatoria (Jones et al. 2006) Constantin et al. 2016 comb. nov.	present_in_v2_snapshot	NCPPB 2593; LMG 932; ENA-804													no_confirmed_public_data	no_confirmed_identity_match	not_assessed_no_confirmed_match	no	no		0	0	0
NCPPB 2594	Xanthomonas euvesicatoria pv. euvesicatoria (Jones et al. 2006) Constantin et al. 2016 comb. nov.	present_in_v2_snapshot	NCPPB 2594; LMG 933; ENA-734	SAMN03177544			SAMN03177544		GCF_001691375.1	Contig	SRR4714149	PRJNA267091				draft_assembly_available	confirmed_exact_collection_identifier	same_name	no	no		1	0	0
NCPPB 2595	Xanthomonas vesicatoria (ex Doidge 1920) Vauterin et al. 1995	present_in_v2_snapshot	NCPPB 2595; ENA-76													no_confirmed_public_data	no_confirmed_identity_match	not_assessed_no_confirmed_match	no	no		0	0	0
NCPPB 2597	Xanthomonas cucurbitae (ex Bryan 1926) Vauterin et al. 1995	present_in_v2_snapshot	NCPPB 2597; ICMP 2299; LMG 690; DSM 18957; CFBP 2542	SAMN05560221			SAMN05560221		GCF_002939885.1	Scaffold		PRJNA338616				draft_assembly_available	confirmed_exact_collection_identifier	same_name	no	no		1	0	0
NCPPB 2605	Xanthomonas axonopodis pv. begoniae (Takimoto 1934) Vauterin et al. 1995	present_in_v2_snapshot	NCPPB 2605; A493													no_confirmed_public_data	no_confirmed_identity_match	not_assessed_no_confirmed_match	no	no		0	0	0
NCPPB 2614	Xanthomonas campestris pv. viticola (Nayudu 1972) Dye 1978	present_in_v2_snapshot	NCPPB 2614; ICMP 3865													no_confirmed_public_data	no_confirmed_identity_match	not_assessed_no_confirmed_match	no	no		0	0	0
NCPPB 2615	Xanthomonas campestris pv. viticola (Nayudu 1972) Dye 1978	present_in_v2_snapshot	NCPPB 2615													no_confirmed_public_data	no_confirmed_identity_match	not_assessed_no_confirmed_match	no	no		0	0	0
NCPPB 2616	Xanthomonas campestris pv. viticola (Nayudu 1972) Dye 1978	present_in_v2_snapshot	NCPPB 2616													no_confirmed_public_data	no_confirmed_identity_match	not_assessed_no_confirmed_match	no	no		0	0	0
NCPPB 2632	Xanthomonas sp. Dowson 1939	present_in_v2_snapshot	NCPPB 2632; D119	SAMN42161506		SAMN42161506			GCF_041228075.1	Complete Genome	SRR29644169; SRR30016876	PRJNA1085284; PRJNA1129555				complete_genome_available	confirmed_exact_ncppb_identifier	same_name	no	no		1	0	0
NCPPB 2649	Xanthomonas vasicola pv. arecae (Rao & Mohan 1970) Dye 1978. emend. Studholme et al., 2020	present_in_v2_snapshot	NCPPB 2649; ICMP 5719; LMG 533	SAMN03140274		SAMN03140274			GCF_000770355.2	Complete Genome		PRJNA264725				complete_genome_available	confirmed_exact_ncppb_identifier	same_name	no	no		1	0	0
NCPPB 2654	Xanthomonas sp. Dowson 1939	present_in_v2_snapshot	NCPPB 2654; C783	SAMN42161507; SAMN35699823		SAMN42161507; SAMN35699823			GCF_056725245.1; GCF_030287385.1	Complete Genome; Contig	SRR29644168; SRR30040118	PRJNA1129555; PRJNA774146				complete_genome_available	confirmed_exact_ncppb_identifier	same_name	no	no		2	0	0
NCPPB 2665	Xanthomonas citri pv. fuscans (Schaad et al. 2007) Constantin et al. 2016 comb. nov.	present_in_v2_snapshot	NCPPB 2665; IPV-BO 193; LMG 841; BO 193	SAMN03142403		SAMN03142403			GCF_000775195.1	Contig	SRR2052428	PRJNA264776				draft_assembly_available	confirmed_exact_ncppb_identifier	same_name	no	no		1	0	0
NCPPB 2695	Xanthomonas graminis pv. graminis Tambong et al. 2024	present_in_v2_snapshot	NCPPB 2695													no_confirmed_public_data	no_confirmed_identity_match	not_assessed_no_confirmed_match	no	no		0	0	0
NCPPB 2696	Xanthomonas graminis pv. graminis Tambong et al. 2024	present_in_v2_snapshot	NCPPB 2696													no_confirmed_public_data	no_confirmed_identity_match	not_assessed_no_confirmed_match	no	no		0	0	0
NCPPB 2697	Xanthomonas graminis pv. graminis Tambong et al. 2024	present_in_v2_snapshot	NCPPB 2697													no_confirmed_public_data	no_confirmed_identity_match	not_assessed_no_confirmed_match	no	no		0	0	0
NCPPB 2698	Xanthomonas graminis pv. graminis Tambong et al. 2024	present_in_v2_snapshot	NCPPB 2698													no_confirmed_public_data	no_confirmed_identity_match	not_assessed_no_confirmed_match	no	no		0	0	0
NCPPB 2699	Xanthomonas graminis pv. arrhenatheri Tambong et al. 2024	present_in_v2_snapshot	NCPPB 2699													no_confirmed_public_data	no_confirmed_identity_match	not_assessed_no_confirmed_match	no	no		0	0	0
NCPPB 2700	Xanthomonas graminis pv. graminis Tambong et al. 2024	present_in_v2_snapshot	NCPPB 2700; ICMP 5733; LMG 726; ATCC 29091; CFBP 2053	SAMN03892232; SAMN18876882			SAMN03892232; SAMN18876882		GCF_001269865.1; GCF_021903375.1	Scaffold; Complete Genome		PRJNA290469; PRJNA720632				complete_genome_available	confirmed_exact_collection_identifier	same_name	no	no		2	0	0
NCPPB 2701	Xanthomonas graminis pv. graminis Tambong et al. 2024	present_in_v2_snapshot	NCPPB 2701													no_confirmed_public_data	no_confirmed_identity_match	not_assessed_no_confirmed_match	no	no		0	0	0
NCPPB 2817	Xanthomonas cerealis pv. cerealis Tambong et al. 2024	present_in_v2_snapshot	NCPPB 2817; 4081													no_confirmed_public_data	no_confirmed_identity_match	not_assessed_no_confirmed_match	no	no		0	0	0
NCPPB 2819	Xanthomonas cerealis pv. cerealis Tambong et al. 2024	present_in_v2_snapshot	NCPPB 2819; 4230													no_confirmed_public_data	no_confirmed_identity_match	not_assessed_no_confirmed_match	no	no		0	0	0
NCPPB 2820	Xanthomonas translucens pv. translucens (Jones et al. 1917) Vauterin et al. 1995	present_in_v2_snapshot	NCPPB 2820; 5262		SAMN41996496								GCF_041228085.2	SRR29500232; SRR30016866	PRJNA1127218	ambiguous_needs_review	conflicting_exact_identifier	same_genus_different_species	yes	yes	conflicting_ncppb_identifier	0	1	0
NCPPB 2821	Xanthomonas translucens pv. undulosa (Smith et al. 1919) Vauterin et al. 1995	present_in_v2_snapshot	NCPPB 2821; 5523; ICMP 5755; LMG 892; ATCC 35935; CFBP 2055	SAMN18753780			SAMN18753780		GCF_021903275.1	Complete Genome		PRJNA720632				complete_genome_available	confirmed_exact_collection_identifier	same_name	no	no		1	0	0
NCPPB 2822	Xanthomonas translucens pv. secalis (Reddy et al. 1924) Vauterin et al. 1995	present_in_v2_snapshot	NCPPB 2822; 5558; ICMP 5749; LMG 883; CFBP 2539	SAMN18753387			SAMN18753387		GCF_021903295.1	Complete Genome		PRJNA720632				complete_genome_available	confirmed_exact_collection_identifier	same_name	no	no		1	0	0
NCPPB 2825	Xanthomonas translucens pv. undulosa (Smith et al. 1919) Vauterin et al. 1995	present_in_v2_snapshot	NCPPB 2825; 5670													no_confirmed_public_data	no_confirmed_identity_match	not_assessed_no_confirmed_match	no	no		0	0	0
NCPPB 2826	Xanthomonas translucens pv. undulosa (Smith et al. 1919) Vauterin et al. 1995	present_in_v2_snapshot	NCPPB 2826; 5673													no_confirmed_public_data	no_confirmed_identity_match	not_assessed_no_confirmed_match	no	no		0	0	0
NCPPB 2827	Xanthomonas cerealis pv. cerealis Tambong et al. 2024	present_in_v2_snapshot	NCPPB 2827; 5690		SAMN39911788								GCF_040201955.1	SRR27937225; SRR30293612	PRJNA991976	ambiguous_needs_review	provisional_exact_other_reference_identifier	same_genus_different_species	yes	yes	medium_identifier_requires_corroboration; same_genus_different_species	0	1	0
NCPPB 2828	Xanthomonas translucens pv. undulosa (Smith et al. 1919) Vauterin et al. 1995	present_in_v2_snapshot	NCPPB 2828; 5777													no_confirmed_public_data	no_confirmed_identity_match	not_assessed_no_confirmed_match	no	no		0	0	0
NCPPB 2829	Xanthomonas translucens pv. translucens (Jones et al. 1917) Vauterin et al. 1995	present_in_v2_snapshot	NCPPB 2829; 5781													no_confirmed_public_data	no_confirmed_identity_match	not_assessed_no_confirmed_match	no	no		0	0	0
NCPPB 2831	Xanthomonas cerealis pv. cerealis Tambong et al. 2024	present_in_v2_snapshot	NCPPB 2831; 5897													no_confirmed_public_data	no_confirmed_identity_match	not_assessed_no_confirmed_match	no	no		0	0	0
NCPPB 2832	Xanthomonas citri pv. aracearum (Berniac 1974) Constantin et al. 2016 comb. nov.	present_in_v2_snapshot	NCPPB 2832; ICMP 5381; LMG 532	SAMN42278575		SAMN42278575					SRR29692760	PRJNA742925				raw_reads_only	confirmed_exact_ncppb_identifier	same_name	no	no		1	0	0
NCPPB 2834	Xanthomonas citri pv. malvacearum (Smith 1901) Constantin et al. 2016 comb. nov.	present_in_v2_snapshot	NCPPB 2834; UKP 33													no_confirmed_public_data	no_confirmed_identity_match	not_assessed_no_confirmed_match	no	no		0	0	0
NCPPB 2835	Xanthomonas citri pv. malvacearum (Smith 1901) Constantin et al. 2016 comb. nov.	present_in_v2_snapshot	NCPPB 2835; UKP 37													no_confirmed_public_data	no_confirmed_identity_match	not_assessed_no_confirmed_match	no	no		0	0	0
NCPPB 2836	Xanthomonas citri pv. malvacearum (Smith 1901) Constantin et al. 2016 comb. nov.	present_in_v2_snapshot	NCPPB 2836													no_confirmed_public_data	no_confirmed_identity_match	not_assessed_no_confirmed_match	no	no		0	0	0
NCPPB 2837	Xanthomonas citri pv. malvacearum (Smith 1901) Constantin et al. 2016 comb. nov.	present_in_v2_snapshot	NCPPB 2837; UKP 783													no_confirmed_public_data	no_confirmed_identity_match	not_assessed_no_confirmed_match	no	no		0	0	0
NCPPB 2838	Xanthomonas citri pv. malvacearum (Smith 1901) Constantin et al. 2016 comb. nov.	present_in_v2_snapshot	NCPPB 2838; UKP 765													no_confirmed_public_data	no_confirmed_identity_match	not_assessed_no_confirmed_match	no	no		0	0	0
NCPPB 2839	Xanthomonas citri pv. malvacearum (Smith 1901) Constantin et al. 2016 comb. nov.	present_in_v2_snapshot	NCPPB 2839; UKP 784													no_confirmed_public_data	no_confirmed_identity_match	not_assessed_no_confirmed_match	no	no		0	0	0
NCPPB 2840	Xanthomonas citri pv. malvacearum (Smith 1901) Constantin et al. 2016 comb. nov.	present_in_v2_snapshot	NCPPB 2840; UKP 852													no_confirmed_public_data	no_confirmed_identity_match	not_assessed_no_confirmed_match	no	no		0	0	0
NCPPB 2856	Xanthomonas sp. Dowson 1939	present_in_v2_snapshot	NCPPB 2856; C798	SAMN42161508		SAMN42161508			GCF_056675635.1	Contig	SRR29644167	PRJNA1129555				draft_assembly_available	confirmed_exact_ncppb_identifier	same_name	no	no		1	0	0
NCPPB 2857	Xanthomonas campestris pv. campestris (Pammel 1895) Dowson 1939	present_in_v2_snapshot	NCPPB 2857; C799	SAMN36346974		SAMN36346974			GCA_035026865.1	Contig	SRR25183327	PRJNA988133				draft_assembly_available	confirmed_exact_ncppb_identifier	same_name	no	no		1	0	0
NCPPB 2859	Stenotrophomonas sp.	present_in_v2_snapshot	NCPPB 2859													no_confirmed_public_data	no_confirmed_identity_match	not_assessed_no_confirmed_match	no	no		0	0	0
NCPPB 2864	Xanthomonas sp. Dowson 1939	present_in_v2_snapshot	NCPPB 2864	SAMN42161509		SAMN42161509			GCF_056675615.1	Contig	SRR29644166	PRJNA1129555				draft_assembly_available	confirmed_exact_ncppb_identifier	same_name	no	no		1	0	0
NCPPB 2865	Xanthomonas sp. Dowson 1939	present_in_v2_snapshot	NCPPB 2865	SAMN42161510		SAMN42161510			GCF_041475785.1	Complete Genome	SRR29644165; SRR30040143	PRJNA1129555				complete_genome_available	confirmed_exact_ncppb_identifier	same_name	no	no		1	0	0
NCPPB 2866	Xanthomonas sp. Dowson 1939	present_in_v2_snapshot	NCPPB 2866	SAMN42161511		SAMN42161511			GCF_041475745.1	Complete Genome	SRR29644164; SRR30040142	PRJNA1129555				complete_genome_available	confirmed_exact_ncppb_identifier	same_name	no	no		1	0	0
NCPPB 2876	Xanthomonas campestris pv. cannabis Severin 1978	present_in_v2_snapshot	NCPPB 2876													no_confirmed_public_data	no_confirmed_identity_match	not_assessed_no_confirmed_match	no	no		0	0	0
NCPPB 2877	Xanthomonas campestris pv. cannabis Severin 1978	present_in_v2_snapshot	NCPPB 2877; ICMP 6570; LMG 9042; CCUG 28779; DSMZ 44278; ATCC 49725	SAMN03164131		SAMN03164131			GCF_000802365.1	Contig	SRR4718189	PRJNA266578				draft_assembly_available	confirmed_exact_ncppb_identifier	same_genus_different_species	yes	yes	same_genus_different_species	1	0	0
NCPPB 2879	Xanthomonas campestris pv. cannabis Severin 1978	present_in_v2_snapshot	NCPPB 2879; XC12													no_confirmed_public_data	no_confirmed_identity_match	not_assessed_no_confirmed_match	no	no		0	0	0
NCPPB 2885	Xanthomonas citri pv. mangiferaeindicae (Patel et al. 1948) Constantin et al. 2016 comb. nov.	present_in_v2_snapshot	NCPPB 2885; G21.5													no_confirmed_public_data	no_confirmed_identity_match	not_assessed_no_confirmed_match	no	no		0	0	1
NCPPB 2894	Xanthomonas euvesicatoria pv. alfalfae (ex Riker et al. 1935) Constantin et al. 2016 comb. nov.	present_in_v2_snapshot	NCPPB 2894													no_confirmed_public_data	no_confirmed_identity_match	not_assessed_no_confirmed_match	no	no		0	0	0
NCPPB 2896	Xanthomonas arboricola pv. corylina (Miller et al. 1940) Vauterin et al. 1995	present_in_v2_snapshot	NCPPB 2896; 164/7													no_confirmed_public_data	no_confirmed_identity_match	not_assessed_no_confirmed_match	no	no		0	0	0
NCPPB 2898	Xanthomonas arboricola pv. corylina (Miller et al. 1940) Vauterin et al. 1995	present_in_v2_snapshot	NCPPB 2898; ICMP 7080; A724A													no_confirmed_public_data	no_confirmed_identity_match	not_assessed_no_confirmed_match	no	no		0	0	0
NCPPB 2904	Xanthomonas translucens pv. translucens (Jones et al. 1917) Vauterin et al. 1995	present_in_v2_snapshot	NCPPB 2904; A736													no_confirmed_public_data	no_confirmed_identity_match	not_assessed_no_confirmed_match	no	no		0	0	0
NCPPB 2910	Xanthomonas phaseoli pv. manihotis (Bondar 1912) Constantin et al. 2016 comb. nov.	present_in_v2_snapshot	NCPPB 2910; B5271													no_confirmed_public_data	no_confirmed_identity_match	not_assessed_no_confirmed_match	no	no		0	0	0
NCPPB 2914	Xanthomonas citri pv. rhynchosiae (Sabet et al. 1969) Constantin et al. 2016 comb. nov	present_in_v2_snapshot	NCPPB 2914; B5300	SAMN42180190		SAMN42180190			GCF_053571525.1	Contig	SRR29655369; SRR30037967	PRJNA1130015				draft_assembly_available	confirmed_exact_ncppb_identifier	same_name	no	no		1	0	0
NCPPB 2918	Xanthomonas sp. Dowson 1939	present_in_v2_snapshot	NCPPB 2918; BS469	SAMN57360828; SAMN22552833		SAMN57360828; SAMN22552833			GCF_057218975.1; GCF_020813055.1	Contig	SRR38178864; SRR29823155	PRJNA485808; PRJNA774128				draft_assembly_available	confirmed_exact_ncppb_identifier	compatible_synonym	no	no		2	0	0
NCPPB 2919	Xanthomonas phaseoli pv. manihotis (Bondar 1912) Constantin et al. 2016 comb. nov.	present_in_v2_snapshot	NCPPB 2919; B5530; CBZII 5972													no_confirmed_public_data	no_confirmed_identity_match	not_assessed_no_confirmed_match	no	no		0	0	0
NCPPB 2920	Xanthomonas translucens pv. translucens (Jones et al. 1917) Vauterin et al. 1995	present_in_v2_snapshot	NCPPB 2920; B5562													no_confirmed_public_data	no_confirmed_identity_match	not_assessed_no_confirmed_match	no	no		0	0	0
NCPPB 2921	Xanthomonas oryzae pv. oryzicola (Fang et al. 1957) Swings et al. 1990	present_in_v2_snapshot	NCPPB 2921; B5566; PP1312/60													no_confirmed_public_data	no_confirmed_identity_match	not_assessed_no_confirmed_match	no	no		0	0	0
NCPPB 2922	Xanthomonas sp. Dowson 1939	present_in_v2_snapshot	NCPPB 2922; B5577	SAMN43286070; SAMN42485110		SAMN43286070; SAMN42485110			GCF_041520885.1	Contig	SRR30327310; SRR29821703	PRJNA485808				draft_assembly_available	confirmed_exact_ncppb_identifier	same_name; taxonomy_unresolved	yes	yes	taxonomy_unresolved	2	0	0
NCPPB 2925	Xanthomonas sp. Dowson 1939	present_in_v2_snapshot	NCPPB 2925; B5582													no_confirmed_public_data	no_confirmed_identity_match	not_assessed_no_confirmed_match	no	no		0	0	0
NCPPB 2927	Xanthomonas arboricola pv. juglandis (Pierce 1901) Vauterin et al. 1995	present_in_v2_snapshot	NCPPB 2927; B5632													no_confirmed_public_data	no_confirmed_identity_match	not_assessed_no_confirmed_match	no	no		0	0	0
NCPPB 2928	Xanthomonas campestris pv. azadirachtae (Desai et al.1966) Dye 1978	present_in_v2_snapshot	NCPPB 2928; B5643; N318													no_confirmed_public_data	no_confirmed_identity_match	not_assessed_no_confirmed_match	no	no		0	0	2
NCPPB 2930	Xanthomonas vasicola pv. holcicola (Elliott 1930) Vauterin et al. 1995	present_in_v2_snapshot	NCPPB 2930; B5806; PP223	SAMN41764005		SAMN41764005			GCF_042867205.1	Scaffold	SRR29357488	PRJNA1085284				draft_assembly_available	confirmed_exact_ncppb_identifier	different_lineage	yes	yes	different_lineage	1	0	0
NCPPB 2931	Xanthomonas citri pv. glycines (Nakano 1919) Constantin et al. 2016 comb.nov.	present_in_v2_snapshot	NCPPB 2931; B5830													no_confirmed_public_data	no_confirmed_identity_match	not_assessed_no_confirmed_match	no	no		0	0	0
NCPPB 2932	Xanthomonas euvesicatoria pv. daturae (Jain, Dange & Siradhana 1975) Harrison et al. 2023	present_in_v2_snapshot	NCPPB 2932; B5480	SAMN19988982		SAMN19988982			GCF_019201325.1	Contig	SRR15305431	PRJNA742925				draft_assembly_available	confirmed_exact_ncppb_identifier	same_genus_different_species	yes	yes	same_genus_different_species	1	0	0
NCPPB 2933	Xanthomonas sp. Dowson 1939	present_in_v2_snapshot	NCPPB 2933; B6132	SAMN42161512		SAMN42161512			GCF_056725225.1	Complete Genome	SRR29644163; SRR30040141	PRJNA1129555				complete_genome_available	confirmed_exact_ncppb_identifier	same_name	no	no		1	0	0
NCPPB 2934	Xanthomonas sp. Dowson 1939	present_in_v2_snapshot	NCPPB 2934; B6141													no_confirmed_public_data	no_confirmed_identity_match	not_assessed_no_confirmed_match	no	no		0	0	0
NCPPB 2935	Xanthomonas euvesicatoria pv. daturae (Jain, Dange & Siradhana 1975) Harrison et al. 2023	present_in_v2_snapshot	NCPPB 2935; B6144													no_confirmed_public_data	no_confirmed_identity_match	not_assessed_no_confirmed_match	no	no		0	0	0
NCPPB 2936	Xanthomonas euvesicatoria pv. argemones (Srinivasan et al. 1961) Constantin et al. 2016 comb. nov.	present_in_v2_snapshot	NCPPB 2936; B 6149													no_confirmed_public_data	no_confirmed_identity_match	not_assessed_no_confirmed_match	no	no		0	0	0
NCPPB 2938	Xanthomonas citri pv. glycines (Nakano 1919) Constantin et al. 2016 comb.nov.	present_in_v2_snapshot	NCPPB 2938; B6617													no_confirmed_public_data	no_confirmed_identity_match	not_assessed_no_confirmed_match	no	no		0	0	0
NCPPB 2949	Xanthomonas fragariae Kennedy and King 1962	present_in_v2_snapshot	NCPPB 2949; DAR 26146	SAMN39942673		SAMN39942673					SRR27965829	PRJNA991941				raw_reads_only	confirmed_exact_ncppb_identifier	same_name	no	no		1	0	0
NCPPB 2953	Xanthomonas populi (ex Ridé 1958) van den Mooter & Swings 1990	present_in_v2_snapshot	NCPPB 2953; ICPB XP228													no_confirmed_public_data	no_confirmed_identity_match	not_assessed_no_confirmed_match	no	no		0	0	0
NCPPB 2955	Xanthomonas populi (ex Ridé 1958) van den Mooter & Swings 1990	present_in_v2_snapshot	NCPPB 2955; ICPB XP230													no_confirmed_public_data	no_confirmed_identity_match	not_assessed_no_confirmed_match	no	no		0	0	0
NCPPB 2959	Xanthomonas populi (ex Ridé 1958) van den Mooter & Swings 1990	present_in_v2_snapshot	NCPPB 2959; ICMP 5816; ICPB XP231; ATCC 51165; CFBP 1817; LMG 5743	SAMN05560300; SAMN43284582; SAMD00253073; SAMEA5613906			SAMN05560300; SAMN43284582; SAMD00253073; SAMEA5613906		GCF_002940065.1; GCA_042665655.1	Scaffold; Contig	ERR3330981	PRJNA338640; PRJNA595761; PRJEB32402				draft_assembly_available	confirmed_exact_collection_identifier	same_name	no	no		4	0	0
NCPPB 2960	Xanthomonas populi (ex Ridé 1958) van den Mooter & Swings 1990	present_in_v2_snapshot	NCPPB 2960; ICPB XP232													no_confirmed_public_data	no_confirmed_identity_match	not_assessed_no_confirmed_match	no	no		0	0	0
NCPPB 2963	Xanthomonas populi subsp. populi (ex Ridé 1958) van den Mooter & Swings 1990	present_in_v2_snapshot	NCPPB 2963; S62b; ICPB XP235													no_confirmed_public_data	no_confirmed_identity_match	not_assessed_no_confirmed_match	no	no		0	0	0
NCPPB 2965	Xanthomonas phaseoli pv. manihotis (Bondar 1912) Constantin et al. 2016 comb. nov.	present_in_v2_snapshot	NCPPB 2965; IBBF-105													no_confirmed_public_data	no_confirmed_identity_match	not_assessed_no_confirmed_match	no	no		0	0	0
NCPPB 2967	Xanthomonas phaseoli pv. manihotis (Bondar 1912) Constantin et al. 2016 comb. nov.	present_in_v2_snapshot	NCPPB 2967; IBBF-165													no_confirmed_public_data	no_confirmed_identity_match	not_assessed_no_confirmed_match	no	no		0	0	0
NCPPB 2968	Xanthomonas euvesicatoria pv. euvesicatoria (Jones et al. 2006) Constantin et al. 2016 comb. nov.	present_in_v2_snapshot	NCPPB 2968; ATCC 11633; DSM 19128; CFBP 6864; LMG 27970; XV25	SAMN23026081; SAMN05003920; SAMN02903176			SAMN23026081; SAMN05003920; SAMN02903176		GCF_020880415.1; GCF_001401555.1	Contig	SRR16936533; SRR3530404; SRR1509955	PRJNA779265; PRJNA321803; PRJNA254374				draft_assembly_available	confirmed_exact_collection_identifier	same_name	no	no		3	0	0
NCPPB 2969	Xanthomonas albilineans (Ashby 1929) Dowson 1943	present_in_v2_snapshot	NCPPB 2969; ATCC 33915; CFBP 2523; ICMP 196; LMG 494; DSMZ 3583	SAMN37985479; SAMN37985478; SAMN37985477; SAMN37985476; SAMN37985475; SAMN37985474; SAMN37985473; SAMN37985472; SAMN37985471; SAMN37985470; SAMN37985469; SAMN05526486			SAMN37985479; SAMN37985478; SAMN37985477; SAMN37985476; SAMN37985475; SAMN37985474; SAMN37985473; SAMN37985472; SAMN37985471; SAMN37985470; SAMN37985469; SAMN05526486		GCF_002939705.1	Scaffold	SRR26525693; SRR26525694; SRR26525691; SRR26525692; SRR26525689; SRR26525690; SRR26525687; SRR26525688; SRR26525683; SRR26525684; SRR26525679; SRR26525680; SRR26525685; SRR26525686; SRR26525681; SRR26525682; SRR26525677; SRR26525678; SRR26525675; SRR26525676; SRR26525673; SRR26525674	PRJNA1032123; PRJNA338244				draft_assembly_available	confirmed_exact_collection_identifier	same_name	no	no		12	0	5
NCPPB 2970	Xanthomonas campestris pv. papavericola (Bryan and McWhorter 1930) Dye 1978	present_in_v2_snapshot	NCPPB 2970; ATCC 14179; ICMP 220; LMG 809; ICPB XP5	SAMN22552843		SAMN22552843			GCF_020813015.2	Contig	SRR27397525; SRR29823154	PRJNA774128				draft_assembly_available	confirmed_exact_ncppb_identifier	same_name	no	no		1	0	0
NCPPB 2973	Xanthomonas axonopodis pv. cassiae (Kulkarni et al. 1951) Vauterin et al. 1995	present_in_v2_snapshot	NCPPB 2973; ATCC 11638; ICPB XC112; ICMP 358; LMG 675; CFBP 2973; XC18	SAMN42178454		SAMN42178454			GCF_053646635.1	Complete Genome	SRR29654627; SRR30037585	PRJNA1129911				complete_genome_available	confirmed_exact_ncppb_identifier	same_name	no	no		1	0	0
NCPPB 2977	Xanthomonas citri pv. thirumalacharii (Padhya & Patel 1964) Constantin et al. 2016 comb. nov.	present_in_v2_snapshot	NCPPB 2977													no_confirmed_public_data	no_confirmed_identity_match	not_assessed_no_confirmed_match	no	no		0	0	0
NCPPB 2978	Xanthomonas campestris pv. zantedeschiae (Joubert & Truter 1972) Dye 1978	present_in_v2_snapshot	NCPPB 2978; ICMP 2372; LMG 9059													no_confirmed_public_data	no_confirmed_identity_match	not_assessed_no_confirmed_match	no	no		0	0	0
NCPPB 2982	Xanthomonas cissicola (Takimoto 1939) Rudra and Gupta 2021	present_in_v2_snapshot	NCPPB 2982; ICMP 8561; LMG 2167; ATCC 33616; CFBP 2432													no_confirmed_public_data	no_confirmed_identity_match	not_assessed_no_confirmed_match	no	no		0	0	0
NCPPB 2983	Xanthomonas campestris pv. phormiicola (Takimoto 1933) Dye 1978	present_in_v2_snapshot	NCPPB 2983; ICMP 4294; LMG 702	SAMN22555472		SAMN22555472			GCF_020783715.1	Contig	SRR22272563	PRJNA774146				draft_assembly_available	confirmed_exact_ncppb_identifier	same_name	no	no		1	0	0
NCPPB 2985	Xanthomonas hortorum pv. pelargonii (Brown 1923) Vauterin et al. 1995	present_in_v2_snapshot	NCPPB 2985; CFBP 2533; ICMP 4321; LMG 7314; ZJ12	SAMEA6962649; SAMN24251549; SAMN09704270		SAMEA6962649	SAMEA6962649; SAMN24251549; SAMN09704270		GCF_903978215.1; GCF_021353095.1	Complete Genome; Scaffold	ERR4326261; ERR4327119; SRR17286018; SRR7628820	PRJEB38812; PRJNA790934; PRJNA482368				complete_genome_available	confirmed_exact_ncppb_identifier; confirmed_exact_collection_identifier	same_name	no	no		3	0	0
NCPPB 2986	Xanthomonas campestris pv. aberrans (Knosel 1961) Dye 1978	present_in_v2_snapshot	NCPPB 2986; ICMP 4805; LMG 9037	SAMN22552830; SAMN17385948; SAMN36368323		SAMN22552830; SAMN17385948; SAMN36368323	SAMN17385948		GCF_020813115.1; GCA_035023805.1	Contig	SRR29823153; SRR14648466; SRR25205306	PRJNA774128; PRJNA693392; PRJNA988133				draft_assembly_available	confirmed_exact_ncppb_identifier	same_name	no	no		3	0	0
NCPPB 2987	Xanthomonas populi (ex Ridé 1958) van den Mooter & Swings 1990	present_in_v2_snapshot	NCPPB 2987; ICPB XP 237													no_confirmed_public_data	no_confirmed_identity_match	not_assessed_no_confirmed_match	no	no		0	0	0
NCPPB 2997	Xanthomonas axonopodis pv. cyamopsidis (Patel et al.1953) Vauterin et al. 1995	present_in_v2_snapshot	NCPPB 2997	SAMN42180198		SAMN42180198					SRR29655432; SRR30037605	PRJNA1130018				raw_reads_only	confirmed_exact_ncppb_identifier	same_name	no	no		1	0	0
NCPPB 2998	Xanthomonas axonopodis pv. cyamopsidis (Patel et al.1953) Vauterin et al. 1995	present_in_v2_snapshot	NCPPB 2998	SAMN42180199		SAMN42180199					SRR29655431; SRR30037604	PRJNA1130018				raw_reads_only	confirmed_exact_ncppb_identifier	same_name	no	no		1	0	0
NCPPB 3002	Xanthomonas oryzae pv. oryzae (Ishiyama 1922) Swings et al. 1990	present_in_v2_snapshot	NCPPB 3002; ATCC 35933; ICMP 3125; LMG 5047; CFBP 2532	SAMN40354541; SAMN02440720		SAMN40354541	SAMN02440720		GCF_040202795.2; GCF_000482445.1	Complete Genome; Scaffold	SRR28281451; SRR30284785; SRR1592662; SRR1592663	PRJNA991976; PRJNA195863				complete_genome_available	confirmed_exact_ncppb_identifier; confirmed_exact_collection_identifier	same_name	no	no		2	0	0
NCPPB 3003	Xanthomonas axonopodis pv. begoniae (Takimoto 1934) Vauterin et al. 1995	present_in_v2_snapshot	NCPPB 3003; ICPB XB110; CFBP 2524; ICMP 194; ATCC 49082; LMG 7303	SAMN05559875			SAMN05559875		GCF_002940645.1	Scaffold		PRJNA338534				draft_assembly_available	confirmed_exact_collection_identifier	same_name	no	no		1	0	0
NCPPB 3005	Xanthomonas marantae Zagatto & Pereira 1963	present_in_v2_snapshot	NCPPB 3005; IBSP XM1	SAMN41997674		SAMN41997674			GCF_041228095.2	Complete Genome	SRR29501315; SRR30016870	PRJNA774146				complete_genome_available	confirmed_exact_ncppb_identifier	same_genus_different_species	yes	yes	same_genus_different_species	1	0	0
NCPPB 3020	Xanthomonas graminis pv. graminis Tambong et al. 2024	present_in_v2_snapshot	NCPPB 3020; 426 & 427													no_confirmed_public_data	no_confirmed_identity_match	not_assessed_no_confirmed_match	no	no		0	0	0
NCPPB 3022	Xanthomonas oryzae pv. oryzae (Ishiyama 1922) Swings et al. 1990	present_in_v2_snapshot	NCPPB 3022; CIAT 1185													no_confirmed_public_data	no_confirmed_identity_match	not_assessed_no_confirmed_match	no	no		0	0	0
NCPPB 3024	Xanthomonas campestris pv. zinniae (Hopkins & Dowson 1949) Dye 1978	present_in_v2_snapshot	NCPPB 3024; NC334													no_confirmed_public_data	no_confirmed_identity_match	not_assessed_no_confirmed_match	no	no		0	0	0
NCPPB 3026	Xylophilus ampelinus (Panagopoulos 1969) Willems et al. 1987	present_in_v2_snapshot	NCPPB 3026													no_confirmed_public_data	no_confirmed_identity_match	not_assessed_no_confirmed_match	no	no		0	0	0
NCPPB 3027	Xylophilus ampelinus (Panagopoulos 1969) Willems et al. 1987	present_in_v2_snapshot	NCPPB 3027													no_confirmed_public_data	no_confirmed_identity_match	not_assessed_no_confirmed_match	no	no		0	0	0
NCPPB 3028	Xanthomonas fragariae Kennedy and King 1962	present_in_v2_snapshot	NCPPB 3028	SAMN39942674		SAMN39942674					SRR27965828	PRJNA991941				raw_reads_only	confirmed_exact_ncppb_identifier	same_name	no	no		1	0	0
NCPPB 3035	Xanthomonas phaseoli pv. phaseoli (Smith 1897) Constantin et al. 2016 comb. nov.	present_in_v2_snapshot	NCPPB 3035; CFBP 2534; ICMP 5834; ATCC 9563; XP20	SAMN41997685; SAMN03142817		SAMN41997685; SAMN03142817	SAMN41997685		GCF_041228065.2; GCF_000774035.1	Complete Genome; Contig	SRR29501375; SRR30037810; SRR2052883	PRJNA774146; PRJNA264819				complete_genome_available	confirmed_exact_ncppb_identifier	same_name	no	no		2	0	0
NCPPB 3040	Xanthomonas graminis pv. graminis Tambong et al. 2024	present_in_v2_snapshot	NCPPB 3040; A895													no_confirmed_public_data	no_confirmed_identity_match	not_assessed_no_confirmed_match	no	no		0	0	0
NCPPB 3041	Xanthomonas graminis pv. graminis Tambong et al. 2024	present_in_v2_snapshot	NCPPB 3041; A905													no_confirmed_public_data	no_confirmed_identity_match	not_assessed_no_confirmed_match	no	no		0	0	0
NCPPB 3058	Xanthomonas phaseoli pv. manihotis (Bondar 1912) Constantin et al. 2016 comb. nov.	present_in_v2_snapshot	NCPPB 3058													no_confirmed_public_data	no_confirmed_identity_match	not_assessed_no_confirmed_match	no	no		0	0	0
NCPPB 3059	Xanthomonas phaseoli pv. manihotis (Bondar 1912) Constantin et al. 2016 comb. nov.	present_in_v2_snapshot	NCPPB 3059; Z291	SAMEA247356; SAMEA4156338		SAMEA247356; SAMEA4156338										biosample_metadata_only_no_linked_sequence	confirmed_exact_ncppb_identifier	different_lineage	yes	yes	different_lineage	2	0	0
NCPPB 3060	Xanthomonas phaseoli pv. manihotis (Bondar 1912) Constantin et al. 2016 comb. nov.	present_in_v2_snapshot	NCPPB 3060; N578													no_confirmed_public_data	no_confirmed_identity_match	not_assessed_no_confirmed_match	no	no		0	0	0
NCPPB 3061	Xanthomonas cassavae (ex Wiehe & Dowson 1953) Vauterin et al. 1995	present_in_v2_snapshot	NCPPB 3061; ICMP 8816; LMG 671													no_confirmed_public_data	no_confirmed_identity_match	not_assessed_no_confirmed_match	no	no		0	0	0
NCPPB 3062	Xanthomonas cassavae (ex Wiehe & Dowson 1953) Vauterin et al. 1995	present_in_v2_snapshot	NCPPB 3062; LMG 672; R704													no_confirmed_public_data	no_confirmed_identity_match	not_assessed_no_confirmed_match	no	no		0	0	0
NCPPB 3066	Xanthomonas graminis pv. graminis Tambong et al. 2024	present_in_v2_snapshot	NCPPB 3066; A960													no_confirmed_public_data	no_confirmed_identity_match	not_assessed_no_confirmed_match	no	no		0	0	0
NCPPB 3078	Xanthomonas arboricola Vauterin et al. 1995	present_in_v2_snapshot	NCPPB 3078; ENA503													no_confirmed_public_data	no_confirmed_identity_match	not_assessed_no_confirmed_match	no	no		0	0	1
NCPPB 3079	Xanthomonas euvesicatoria pv. paulliniae (Robbs, Medieros & Kimura 1982) Harrison et al. 2023	present_in_v2_snapshot	NCPPB 3079; ICMP 8919; LMG 9053; ENA 2154	SAMN19988983		SAMN19988983			GCF_019201285.1	Contig	SRR15305429	PRJNA742925				draft_assembly_available	confirmed_exact_ncppb_identifier	same_genus_different_species	yes	yes	same_genus_different_species	1	0	0
NCPPB 3082	Xanthomonas euvesicatoria pv. paulliniae (Robbs, Medieros & Kimura 1982) Harrison et al. 2023	present_in_v2_snapshot	NCPPB 3082; ENA 2564													no_confirmed_public_data	no_confirmed_identity_match	not_assessed_no_confirmed_match	no	no		0	0	0
NCPPB 3086	Xanthomonas axonopodis pv. desmodiilaxiflori (Pant & Kulkarni 1977) Vauterin et al. 1995	present_in_v2_snapshot	NCPPB 3086; ICMP 6502; LMG 9046; ITCC 29	SAMN42278568		SAMN42278568			GCF_041475625.1	Complete Genome	SRR29692758; SRR30016546	PRJNA742925				complete_genome_available	confirmed_exact_ncppb_identifier	same_name	no	no		1	0	0
NCPPB 3092	Xanthomonas axonopodis pv. clitoriae (Pandit & Kulkarni 1979) Vauterin et al. 1995	present_in_v2_snapshot	NCPPB 3092; B7090; ICMP 6574; LMG 9045													no_confirmed_public_data	no_confirmed_identity_match	not_assessed_no_confirmed_match	no	no		0	0	0
NCPPB 3110	Xanthomonas citri pv. anacardii (Ah-You et al. 2007) Constantin et al. 2016 comb. nov.	present_in_v2_snapshot	NCPPB 3110; ENA 2530													no_confirmed_public_data	no_confirmed_identity_match	not_assessed_no_confirmed_match	no	no		0	0	0
NCPPB 3114	Xanthomonas citri pv. merremiae (Pant & Kulkarni 1976) Harrison et al. 2023	present_in_v2_snapshot	NCPPB 3114; ICMP 6747; LMG 9051	SAMN19988993		SAMN19988993			GCA_019201545.1	Contig	SRR15305415	PRJNA742925				draft_assembly_available	confirmed_exact_ncppb_identifier	same_genus_different_species	yes	yes	same_genus_different_species	1	0	0
NCPPB 3119	Xanthomonas hortorum pv. pelargonii (Brown 1923) Vauterin et al. 1995	present_in_v2_snapshot	NCPPB 3119													no_confirmed_public_data	no_confirmed_identity_match	not_assessed_no_confirmed_match	no	no		0	0	0
NCPPB 3125	Xanthomonas citri pv. mangiferaeindicae (Patel et al. 1948) Constantin et al. 2016 comb. nov.	present_in_v2_snapshot	NCPPB 3125													no_confirmed_public_data	no_confirmed_identity_match	not_assessed_no_confirmed_match	no	no		0	0	0
NCPPB 3135	Xanthomonas citri pv. citri (Hasse 1915) Constantin 2016 comb. nov.	present_in_v2_snapshot	NCPPB 3135													no_confirmed_public_data	no_confirmed_identity_match	not_assessed_no_confirmed_match	no	no		0	0	0
NCPPB 3136	Xanthomonas citri pv. citri (Hasse 1915) Constantin 2016 comb. nov.	present_in_v2_snapshot	NCPPB 3136													no_confirmed_public_data	no_confirmed_identity_match	not_assessed_no_confirmed_match	no	no		0	0	0
NCPPB 3140	Xanthomonas phaseoli pv. passiflorae (Pereira 1969) Harrison et al. 2023	present_in_v2_snapshot	NCPPB 3140													no_confirmed_public_data	no_confirmed_identity_match	not_assessed_no_confirmed_match	no	no		0	0	0
NCPPB 3155	Xanthomonas arboricola pv. pruni (Smith 1903) Vauterin et al. 1995	present_in_v2_snapshot	NCPPB 3155; 1192-IPV-BO													no_confirmed_public_data	no_confirmed_identity_match	not_assessed_no_confirmed_match	no	no		0	0	0
NCPPB 3156	Xanthomonas arboricola pv. pruni (Smith 1903) Vauterin et al. 1995	present_in_v2_snapshot	NCPPB 3156													no_confirmed_public_data	no_confirmed_identity_match	not_assessed_no_confirmed_match	no	no		0	0	0
NCPPB 3161	Xanthomonas phaseoli pv. manihotis (Bondar 1912) Constantin et al. 2016 comb. nov.	present_in_v2_snapshot	NCPPB 3161; B6812													no_confirmed_public_data	no_confirmed_identity_match	not_assessed_no_confirmed_match	no	no		0	0	0
NCPPB 3162	Xanthomonas vasicola pv. holcicola (Elliott 1930) Vauterin et al. 1995	present_in_v2_snapshot	NCPPB 3162; B6892b	SAMN22555461		SAMN22555461			GCF_020783685.1	Contig	SRR22272560	PRJNA774146				draft_assembly_available	confirmed_exact_ncppb_identifier	same_genus_different_species	yes	yes	same_genus_different_species	1	0	0
NCPPB 3168	Xanthomonas cucurbitae (ex Bryan 1926) Vauterin et al. 1995	present_in_v2_snapshot	NCPPB 3168; B7147													no_confirmed_public_data	no_confirmed_identity_match	not_assessed_no_confirmed_match	no	no		0	0	0
NCPPB 3169	Xanthomonas citri pv. vignicola (Burkholder 1944) Constantin et al. 2016 comb. nov.	present_in_v2_snapshot	NCPPB 3169; CFBP 7114; B 7166													no_confirmed_public_data	no_confirmed_identity_match	not_assessed_no_confirmed_match	no	no		0	0	0
NCPPB 3170	Xanthomonas translucens pv. translucens (Jones et al. 1917) Vauterin et al. 1995	present_in_v2_snapshot	NCPPB 3170; B7205													no_confirmed_public_data	no_confirmed_identity_match	not_assessed_no_confirmed_match	no	no		0	0	0
NCPPB 3172	Xanthomonas phaseoli pv. manihotis (Bondar 1912) Constantin et al. 2016 comb. nov.	present_in_v2_snapshot	NCPPB 3172; B7299													no_confirmed_public_data	no_confirmed_identity_match	not_assessed_no_confirmed_match	no	no		0	0	0
NCPPB 3173	Xanthomonas euvesicatoria pv. coracanae (Desai et al. 1965) Constantin et al. 2016 comb. nov.	present_in_v2_snapshot	NCPPB 3173; B7343													no_confirmed_public_data	no_confirmed_identity_match	not_assessed_no_confirmed_match	no	no		0	0	0
NCPPB 3174	Xanthomonas sp. Dowson 1939	present_in_v2_snapshot	NCPPB 3174; B7344b	SAMN42161513		SAMN42161513			GCF_056725205.1	Complete Genome	SRR29644162; SRR30040140	PRJNA1129555				complete_genome_available	confirmed_exact_ncppb_identifier	same_name	no	no		1	0	0
NCPPB 3176	Xanthomonas translucens pv. translucens (Jones et al. 1917) Vauterin et al. 1995	present_in_v2_snapshot	NCPPB 3176; B7380													no_confirmed_public_data	no_confirmed_identity_match	not_assessed_no_confirmed_match	no	no		0	0	0
NCPPB 3177	Xanthomonas oryzae pv. oryzae (Ishiyama 1922) Swings et al. 1990	present_in_v2_snapshot	NCPPB 3177; B7385													no_confirmed_public_data	no_confirmed_identity_match	not_assessed_no_confirmed_match	no	no		0	0	0
NCPPB 3178	Xanthomonas vesicatoria (ex Doidge 1920) Vauterin et al. 1995	present_in_v2_snapshot	NCPPB 3178; B7440a													no_confirmed_public_data	no_confirmed_identity_match	not_assessed_no_confirmed_match	no	no		0	0	0
NCPPB 3182	Xanthomonas campestris pv. amaranthicola (Patel et al. 1952) Dye 1978	present_in_v2_snapshot	NCPPB 3182; B 7567													no_confirmed_public_data	no_confirmed_identity_match	not_assessed_no_confirmed_match	no	no		0	0	0
NCPPB 3187	Xanthomonas citri pv. vignicola (Burkholder 1944) Constantin et al. 2016 comb. nov.	present_in_v2_snapshot	NCPPB 3187; CFBP 7115; 7613a													no_confirmed_public_data	no_confirmed_identity_match	not_assessed_no_confirmed_match	no	no		0	0	0
NCPPB 3191	Xanthomonas phaseoli pv. manihotis (Bondar 1912) Constantin et al. 2016 comb. nov.	present_in_v2_snapshot	NCPPB 3191; B7790; BM12													no_confirmed_public_data	no_confirmed_identity_match	not_assessed_no_confirmed_match	no	no		0	0	0
NCPPB 3192	Xanthomonas cassavae (ex Wiehe & Dowson 1953) Vauterin et al. 1995	present_in_v2_snapshot	NCPPB 3192; B7791													no_confirmed_public_data	no_confirmed_identity_match	not_assessed_no_confirmed_match	no	no		0	0	0
NCPPB 3194	Xanthomonas phaseoli pv. manihotis (Bondar 1912) Constantin et al. 2016 comb. nov.	present_in_v2_snapshot	NCPPB 3194; B7797													no_confirmed_public_data	no_confirmed_identity_match	not_assessed_no_confirmed_match	no	no		0	0	0
NCPPB 3200	Xanthomonas sp. Dowson 1939	present_in_v2_snapshot	NCPPB 3200; B8059	SAMN42923733		SAMN42923733			GCF_056393585.1	Complete Genome	SRR30041396	PRJNA1129555				complete_genome_available	confirmed_exact_ncppb_identifier	same_name	no	no		1	0	0
NCPPB 3204	Xanthomonas axonopodis pv. cyamopsidis (Patel et al.1953) Vauterin et al. 1995	present_in_v2_snapshot	NCPPB 3204; B8327	SAMN42180200		SAMN42180200					SRR29655430; SRR30037603	PRJNA1130018				raw_reads_only	confirmed_exact_ncppb_identifier	same_name	no	no		1	0	0
NCPPB 3207	Xanthomonas campestris pv. campestris (Pammel 1895) Dowson 1939	present_in_v2_snapshot	NCPPB 3207; B8511													no_confirmed_public_data	no_confirmed_identity_match	not_assessed_no_confirmed_match	no	no		0	0	0
NCPPB 3212	Xanthomonas cerealis pv. cerealis Tambong et al. 2024	present_in_v2_snapshot	NCPPB 3212; B 8597													no_confirmed_public_data	no_confirmed_identity_match	not_assessed_no_confirmed_match	no	no		0	0	0
NCPPB 3213	Xanthomonas campestris pv. bilvae Chakravarti et al. 1984	present_in_v2_snapshot	NCPPB 3213; B 8600; ICMP 8918	SAMN49561543; SAMEA3121378; SAMEA114332029		SAMN49561543; SAMEA3121378; SAMEA114332029			GCF_052883735.1; GCF_001497855.1; GCF_963669635.1	Complete Genome; Scaffold; Contig	ERR12095368	PRJNA1281506; PRJEB7165; PRJEB65884				complete_genome_available	confirmed_exact_ncppb_identifier	same_genus_different_species	yes	yes	same_genus_different_species	3	0	0
NCPPB 3215	Xanthomonas translucens pv. translucens (Jones et al. 1917) Vauterin et al. 1995	present_in_v2_snapshot	NCPPB 3215; B8613													no_confirmed_public_data	no_confirmed_identity_match	not_assessed_no_confirmed_match	no	no		0	0	0
NCPPB 3218	Xanthomonas sp. Dowson 1939	present_in_v2_snapshot	NCPPB 3218; B8718	SAMN42161514		SAMN42161514			GCF_056725185.1	Complete Genome	SRR29644161; SRR30040139	PRJNA1129555				complete_genome_available	confirmed_exact_ncppb_identifier	same_name	no	no		1	0	0
NCPPB 3229	Xanthomonas graminis pv. arrhenatheri Tambong et al. 2024	present_in_v2_snapshot	NCPPB 3229; Xg 719; ICMP 7727; LMG 727; CFBP 2056; ATCC 33803	SAMN19468000; SAMEA3486180			SAMN19468000; SAMEA3486180		GCF_021919285.1; GCF_001282805.1	Complete Genome; Contig		PRJNA720632; PRJEB9902				complete_genome_available	confirmed_exact_collection_identifier	same_name	no	no		2	0	0
NCPPB 3230	Xanthomonas graminis pv. poae Tambong et al. 2024	present_in_v2_snapshot	NCPPB 3230; ICMP 7726; LMG 728; CFBP 2057; ATCC 33804	SAMN05258173; SAMN19467923; SAMEA3486272			SAMN05258173; SAMN19467923; SAMEA3486272		GCF_001707435.1; GCF_021903515.1; GCF_001282765.1	Scaffold; Complete Genome; Contig	SRR5110800	PRJNA326107; PRJNA720632; PRJEB9904				complete_genome_available	confirmed_exact_collection_identifier	same_name	no	no		3	0	0
NCPPB 3231	Xanthomonas graminis pv. phlei Tambong et al. 2024	present_in_v2_snapshot	NCPPB 3231; Xg 729; ICMP 7725; LMG 730; CFBP 2062; ATCC 33805	SAMN19467924; SAMEA3486273			SAMN19467924; SAMEA3486273		GCF_021906975.1; GCF_001282885.1	Complete Genome; Contig		PRJNA720632; PRJEB9905				complete_genome_available	confirmed_exact_collection_identifier	same_name	no	no		2	0	0
NCPPB 3232	Xanthomonas citri pv. citri (Hasse 1915) Constantin 2016 comb. nov.	present_in_v2_snapshot	NCPPB 3232; XC59; IBSP-164													no_confirmed_public_data	no_confirmed_identity_match	not_assessed_no_confirmed_match	no	no		0	0	0
NCPPB 3233	Xanthomonas citri pv. aurantifolii (Schaad et al. 2007) Constantin et al. 2016 comb. nov.	present_in_v2_snapshot	NCPPB 3233; XC70; LMG 9181; IBSF 512													no_confirmed_public_data	no_confirmed_identity_match	not_assessed_no_confirmed_match	no	no		0	0	0
NCPPB 3234	Xanthomonas citri pv. citri (Hasse 1915) Constantin 2016 comb. nov.	present_in_v2_snapshot	NCPPB 3234; XC62; 6501S		SAMEA114332007								GCF_963669835.1	ERR12095346	PRJEB65884	ambiguous_needs_review	provisional_exact_other_reference_identifier	same_name	no	yes	medium_identifier_requires_corroboration	0	1	0
NCPPB 3235	Xanthomonas citri pv. citri (Hasse 1915) Constantin 2016 comb. nov.	present_in_v2_snapshot	NCPPB 3235; XC63													no_confirmed_public_data	no_confirmed_identity_match	not_assessed_no_confirmed_match	no	no		0	0	0
NCPPB 3236	Xanthomonas citri pv. aurantifolii (Schaad et al. 2007) Constantin et al. 2016 comb. nov.	present_in_v2_snapshot	NCPPB 3236; XC64; ICMP 15806; LMG 9179; CFBP 2901	SAMD00253039; SAMEA114331996			SAMD00253039; SAMEA114331996		GCF_963669675.1	Contig	ERR12095335	PRJEB65884				draft_assembly_available	confirmed_exact_collection_identifier	same_name	no	no		2	0	0
NCPPB 3237	Xanthomonas citri pv. aurantifolii (Schaad et al. 2007) Constantin et al. 2016 comb. nov.	present_in_v2_snapshot	NCPPB 3237; XC69		SAMEA114332008; SAMN23026106								GCF_963669495.1; GCF_020879535.1	ERR12095347; SRR16936505	PRJEB65884; PRJNA779265	ambiguous_needs_review	provisional_exact_other_reference_identifier	same_name; same_genus_different_species	yes	yes	medium_identifier_requires_corroboration; medium_identifier_requires_corroboration; same_genus_different_species	0	2	0
NCPPB 3240	Xanthomonas vesicatoria (ex Doidge 1920) Vauterin et al. 1995	present_in_v2_snapshot	NCPPB 3240													no_confirmed_public_data	no_confirmed_identity_match	not_assessed_no_confirmed_match	no	no		0	0	0
NCPPB 3241	Xylophilus ampelinus (Panagopoulos 1969) Willems et al. 1987	present_in_v2_snapshot	NCPPB 3241; 67-2a													no_confirmed_public_data	no_confirmed_identity_match	not_assessed_no_confirmed_match	no	no		0	0	0
NCPPB 3242	Xanthomonas hyacinthi (Wakker 1883) Vauterin et al. 1995	present_in_v2_snapshot	NCPPB 3242; PD28													no_confirmed_public_data	no_confirmed_identity_match	not_assessed_no_confirmed_match	no	no		0	0	0
NCPPB 3245	Xanthomonas campestris pv. centellae Basnyat & Kulkarni 1979	present_in_v2_snapshot	NCPPB 3245; ITCC P32													no_confirmed_public_data	no_confirmed_identity_match	not_assessed_no_confirmed_match	no	no		0	0	0
NCPPB 3290	Xanthomonas campestris pv. campestris (Pammel 1895) Dowson 1939	present_in_v2_snapshot	NCPPB 3290													no_confirmed_public_data	no_confirmed_identity_match	not_assessed_no_confirmed_match	no	no		0	0	0
NCPPB 3291	Xanthomonas campestris pv. campestris (Pammel 1895) Dowson 1939	present_in_v2_snapshot	NCPPB 3291													no_confirmed_public_data	no_confirmed_identity_match	not_assessed_no_confirmed_match	no	no		0	0	0
NCPPB 3292	Xanthomonas campestris pv. campestris (Pammel 1895) Dowson 1939	present_in_v2_snapshot	NCPPB 3292													no_confirmed_public_data	no_confirmed_identity_match	not_assessed_no_confirmed_match	no	no		0	0	0
NCPPB 3301	Xanthomonas oryzae pv. oryzae (Ishiyama 1922) Swings et al. 1990	present_in_v2_snapshot	NCPPB 3301; PX061													no_confirmed_public_data	no_confirmed_identity_match	not_assessed_no_confirmed_match	no	no		0	0	0
NCPPB 3303	Xanthomonas oryzae pv. oryzae (Ishiyama 1922) Swings et al. 1990	present_in_v2_snapshot	NCPPB 3303; PX079													no_confirmed_public_data	no_confirmed_identity_match	not_assessed_no_confirmed_match	no	no		0	0	0
NCPPB 3304	Xanthomonas oryzae pv. oryzae (Ishiyama 1922) Swings et al. 1990	present_in_v2_snapshot	NCPPB 3304; PXO86		SAMN06237132											ambiguous_needs_review	provisional_exact_other_reference_identifier	same_name	no	yes	medium_identifier_requires_corroboration	0	1	0
NCPPB 3311	Xanthomonas vesicatoria (ex Doidge 1920) Vauterin et al. 1995	present_in_v2_snapshot	NCPPB 3311													no_confirmed_public_data	no_confirmed_identity_match	not_assessed_no_confirmed_match	no	no		0	0	0
NCPPB 3312	Xanthomonas vesicatoria (ex Doidge 1920) Vauterin et al. 1995	present_in_v2_snapshot	NCPPB 3312													no_confirmed_public_data	no_confirmed_identity_match	not_assessed_no_confirmed_match	no	no		0	0	0
NCPPB 3313	Xanthomonas campestris pv. campestris (Pammel 1895) Dowson 1939	present_in_v2_snapshot	NCPPB 3313													no_confirmed_public_data	no_confirmed_identity_match	not_assessed_no_confirmed_match	no	no		0	0	0
NCPPB 3314	Xanthomonas vesicatoria (ex Doidge 1920) Vauterin et al. 1995	present_in_v2_snapshot	NCPPB 3314													no_confirmed_public_data	no_confirmed_identity_match	not_assessed_no_confirmed_match	no	no		0	0	0
NCPPB 3315	Xanthomonas vesicatoria (ex Doidge 1920) Vauterin et al. 1995	present_in_v2_snapshot	NCPPB 3315													no_confirmed_public_data	no_confirmed_identity_match	not_assessed_no_confirmed_match	no	no		0	0	0
NCPPB 3329	Xanthomonas hortorum pv. pelargonii (Brown 1923) Vauterin et al. 1995	present_in_v2_snapshot	NCPPB 3329; A2087B													no_confirmed_public_data	no_confirmed_identity_match	not_assessed_no_confirmed_match	no	no		0	0	0
NCPPB 3330	Xanthomonas hortorum pv. pelargonii (Brown 1923) Vauterin et al. 1995	present_in_v2_snapshot	NCPPB 3330; A2087C													no_confirmed_public_data	no_confirmed_identity_match	not_assessed_no_confirmed_match	no	no		0	0	0
NCPPB 3361	Xanthomonas oryzae pv. oryzicola (Fang et al. 1957) Swings et al. 1990	present_in_v2_snapshot	NCPPB 3361; OS-901													no_confirmed_public_data	no_confirmed_identity_match	not_assessed_no_confirmed_match	no	no		0	0	0
NCPPB 3363	Xanthomonas oryzae pv. oryzae (Ishiyama 1922) Swings et al. 1990	present_in_v2_snapshot	NCPPB 3363; OS-14													no_confirmed_public_data	no_confirmed_identity_match	not_assessed_no_confirmed_match	no	no		0	0	0
NCPPB 3380	Xanthomonas phaseoli pv. dieffenbachiae (McCulloch & Pirone 1939) Constantin et al. 2016 comb. nov.	present_in_v2_snapshot	NCPPB 3380; A2192													no_confirmed_public_data	no_confirmed_identity_match	not_assessed_no_confirmed_match	no	no		0	0	0
NCPPB 3381	Xanthomonas hortorum pv. pelargonii (Brown 1923) Vauterin et al. 1995	present_in_v2_snapshot	NCPPB 3381; A2222													no_confirmed_public_data	no_confirmed_identity_match	not_assessed_no_confirmed_match	no	no		0	0	0
NCPPB 3382	Xanthomonas hyacinthi (Wakker 1883) Vauterin et al. 1995	present_in_v2_snapshot	NCPPB 3382; A2184													no_confirmed_public_data	no_confirmed_identity_match	not_assessed_no_confirmed_match	no	no		0	0	0
NCPPB 3426	Xanthomonas populi (ex Ridé 1958) van den Mooter & Swings 1990	present_in_v2_snapshot	NCPPB 3426													no_confirmed_public_data	no_confirmed_identity_match	not_assessed_no_confirmed_match	no	no		0	0	0
NCPPB 3434	Xanthomonas melonis Vauterin et al. 1995	present_in_v2_snapshot	NCPPB 3434; ICMP 8682; LMG 8670; IBSBF 68	SAMN22555469		SAMN22555469			GCF_020783655.1	Contig	SRR22272568	PRJNA774146				draft_assembly_available	confirmed_exact_ncppb_identifier	same_name	no	no		1	0	0
NCPPB 3435	Xanthomonas melonis Vauterin et al. 1995	present_in_v2_snapshot	NCPPB 3435; ICMP 8688; LMG 8673; IBSBF 250													no_confirmed_public_data	no_confirmed_identity_match	not_assessed_no_confirmed_match	no	no		0	0	0
NCPPB 3437	Xanthomonas phaseoli pv. passiflorae (Pereira 1969) Harrison et al. 2023	present_in_v2_snapshot	NCPPB 3437; ICMP 8046													no_confirmed_public_data	no_confirmed_identity_match	not_assessed_no_confirmed_match	no	no		0	0	0
NCPPB 3438	Xanthomonas phaseoli pv. passiflorae (Pereira 1969) Harrison et al. 2023	present_in_v2_snapshot	NCPPB 3438; ICMP 8045; IBSBF 444													no_confirmed_public_data	no_confirmed_identity_match	not_assessed_no_confirmed_match	no	no		0	0	0
NCPPB 3440	Xanthomonas hortorum pv. carotae (Kendrick 1934) Vauterin et al. 1995	present_in_v2_snapshot	NCPPB 3440; IBSBF 368; ICMP 7499	SAMN40354570		SAMN40354570			GCF_040203315.1	Scaffold	SRR28281419; SRR30293563	PRJNA991976				draft_assembly_available	confirmed_exact_ncppb_identifier	same_genus_different_species	yes	yes	same_genus_different_species	1	0	0
NCPPB 3441	Xanthomonas sp. Dowson 1939	present_in_v2_snapshot	NCPPB 3441; IBSBF 511	SAMN42161515		SAMN42161515			GCF_056725165.1	Complete Genome	SRR29644159; SRR30040138	PRJNA1129555				complete_genome_available	confirmed_exact_ncppb_identifier	same_name	no	no		1	0	0
NCPPB 3442	Xanthomonas sp. Dowson 1939	present_in_v2_snapshot	NCPPB 3442; IBSBF 506; ICMP 8925; ENA 3123	SAMN42161516		SAMN42161516	SAMN42161516		GCF_056725145.1	Complete Genome	SRR29644158; SRR30040137	PRJNA1129555				complete_genome_available	confirmed_exact_ncppb_identifier	same_name	no	no		1	0	0
NCPPB 3443	Xanthomonas sp. Dowson 1939	present_in_v2_snapshot	NCPPB 3443; IBSBF 505; ENA 3045	SAMN42161485		SAMN42161485	SAMN42161485		GCF_041475685.1	Complete Genome	SRR29644183; SRR30040136	PRJNA1129555				complete_genome_available	confirmed_exact_ncppb_identifier	same_name	no	no		1	0	0
NCPPB 3456	Xanthomonas hortorum pv. pelargonii (Brown 1923) Vauterin et al. 1995	present_in_v2_snapshot	NCPPB 3456; M192													no_confirmed_public_data	no_confirmed_identity_match	not_assessed_no_confirmed_match	no	no		0	0	0
NCPPB 3457	Xanthomonas hortorum pv. pelargonii (Brown 1923) Vauterin et al. 1995	present_in_v2_snapshot	NCPPB 3457													no_confirmed_public_data	no_confirmed_identity_match	not_assessed_no_confirmed_match	no	no		0	0	0
NCPPB 3479	Xanthomonas citri pv. aracearum (Berniac 1974) Constantin et al. 2016 comb. nov.	present_in_v2_snapshot	NCPPB 3479; PNG11779													no_confirmed_public_data	no_confirmed_identity_match	not_assessed_no_confirmed_match	no	no		0	0	0
NCPPB 3484	Xylophilus ampelinus (Panagopoulos 1969) Willems et al. 1987	present_in_v2_snapshot	NCPPB 3484													no_confirmed_public_data	no_confirmed_identity_match	not_assessed_no_confirmed_match	no	no		0	0	0
NCPPB 3559	Xanthomonas euvesicatoria pv. paulliniae (Robbs, Medieros & Kimura 1982) Harrison et al. 2023	present_in_v2_snapshot	NCPPB 3559													no_confirmed_public_data	no_confirmed_identity_match	not_assessed_no_confirmed_match	no	no		0	0	0
NCPPB 3560	Xanthomonas euvesicatoria pv. viegasii (Robbs et al. 1989) Harrison et al. 2023	present_in_v2_snapshot	NCPPB 3560; IBSBF 575													no_confirmed_public_data	no_confirmed_identity_match	not_assessed_no_confirmed_match	no	no		0	0	0
NCPPB 3561	Xanthomonas euvesicatoria pv. viegasii (Robbs et al. 1989) Harrison et al. 2023	present_in_v2_snapshot	NCPPB 3561; IBSBF 576													no_confirmed_public_data	no_confirmed_identity_match	not_assessed_no_confirmed_match	no	no		0	0	0
NCPPB 3562	Xanthomonas citri pv. citri (Hasse 1915) Constantin 2016 comb. nov.	present_in_v2_snapshot	NCPPB 3562; IIH-Xcc5	SAMN13783129		SAMN13783129					SRR11234662; SRR11234643	PRJNA599566				raw_reads_only	confirmed_exact_ncppb_identifier	same_name	no	no		1	0	0
NCPPB 3563	Xanthomonas citri pv. punicae (Hingorani & Singh 1959) Constantin et al. 2016 comb. nov.	present_in_v2_snapshot	NCPPB 3563; IIH-Xcp1	SAMN06853998		SAMN06853998										biosample_metadata_only_no_linked_sequence	confirmed_exact_ncppb_identifier	same_name	no	no		1	0	1
NCPPB 3566	Xanthomonas campestris pv. campestris (Pammel 1895) Dowson 1939	present_in_v2_snapshot	NCPPB 3566	SAMN36346322		SAMN36346322			GCA_035060515.1	Contig	SRR25181712	PRJNA988133				draft_assembly_available	confirmed_exact_ncppb_identifier	same_name	no	no		1	0	0
NCPPB 3567	Xanthomonas campestris pv. campestris (Pammel 1895) Dowson 1939	present_in_v2_snapshot	NCPPB 3567													no_confirmed_public_data	no_confirmed_identity_match	not_assessed_no_confirmed_match	no	no		0	0	0
NCPPB 3568	Xanthomonas campestris pv. centellae Basnyat & Kulkarni 1979	present_in_v2_snapshot	NCPPB 3568													no_confirmed_public_data	no_confirmed_identity_match	not_assessed_no_confirmed_match	no	no		0	0	0
NCPPB 3569	Xanthomonas sp. Dowson 1939	present_in_v2_snapshot	NCPPB 3569	SAMN42161486		SAMN42161486			GCF_041475645.1	Complete Genome	SRR29644182; SRR30040135	PRJNA1129555				complete_genome_available	confirmed_exact_ncppb_identifier	same_name	no	no		1	0	0
NCPPB 3570	Xanthomonas sp. Dowson 1939	present_in_v2_snapshot	NCPPB 3570	SAMN42161487		SAMN42161487			GCF_056725115.1	Complete Genome	SRR29644171; SRR30040134	PRJNA1129555				complete_genome_available	confirmed_exact_ncppb_identifier	same_name	no	no		1	0	0
NCPPB 3573	Xanthomonas phaseoli pv. dieffenbachiae (McCulloch & Pirone 1939) Constantin et al. 2016 comb. nov.	present_in_v2_snapshot	NCPPB 3573; X2G2													no_confirmed_public_data	no_confirmed_identity_match	not_assessed_no_confirmed_match	no	no		0	0	2
NCPPB 3582	Xanthomonas sp. Dowson 1939	present_in_v2_snapshot	NCPPB 3582; X144	SAMN42161488		SAMN42161488			GCF_041475735.1	Complete Genome	SRR29644160; SRR30040132	PRJNA1129555				complete_genome_available	confirmed_exact_ncppb_identifier	same_name	no	no		1	0	0
NCPPB 3583	Xanthomonas sp. Dowson 1939	present_in_v2_snapshot	NCPPB 3583; X 154	SAMN42161489		SAMN42161489	SAMN42161489		GCF_041475715.1	Complete Genome	SRR29644157; SRR30040131	PRJNA1129555				complete_genome_available	confirmed_exact_ncppb_identifier	same_name	no	no		1	0	0
NCPPB 3586	Xanthomonas phaseoli pv. syngonii (Dickey & Zumoff 1987) Constantin et al. 2016 comb. nov.	present_in_v2_snapshot	NCPPB 3586; ICMP 9154; LMG 9055; L-212	SAMN04481177; SAMN02903174			SAMN04481177; SAMN02903174		GCF_001640215.1; GCA_001412025.2	Scaffold; Contig	SRR1509959; SRR1522064; SRR2182153; SRR3715269	PRJNA232102; PRJNA254370				draft_assembly_available	confirmed_exact_collection_identifier	same_name	no	no		2	0	0
NCPPB 3587	Xanthomonas phaseoli pv. syngonii (Dickey & Zumoff 1987) Constantin et al. 2016 comb. nov.	present_in_v2_snapshot	NCPPB 3587; LX105													no_confirmed_public_data	no_confirmed_identity_match	not_assessed_no_confirmed_match	no	no		0	0	0
NCPPB 3588	Xanthomonas hortorum pv. hederae (Arnaud 1920) Vauterin et al. 1995	present_in_v2_snapshot	NCPPB 3588; PDD-659-82													no_confirmed_public_data	no_confirmed_identity_match	not_assessed_no_confirmed_match	no	no		0	0	0
NCPPB 3589	Xanthomonas hortorum pv. hederae (Arnaud 1920) Vauterin et al. 1995	present_in_v2_snapshot	NCPPB 3589													no_confirmed_public_data	no_confirmed_identity_match	not_assessed_no_confirmed_match	no	no		0	0	0
NCPPB 3592	Xanthomonas hortorum Vauterin et al. 1995	present_in_v2_snapshot	NCPPB 3592; A4102a; 2132A													no_confirmed_public_data	no_confirmed_identity_match	not_assessed_no_confirmed_match	no	no		0	0	0
NCPPB 3593	Xanthomonas hortorum Vauterin et al. 1995	present_in_v2_snapshot	NCPPB 3593; A4102b; 2132B													no_confirmed_public_data	no_confirmed_identity_match	not_assessed_no_confirmed_match	no	no		0	0	0
NCPPB 3595	Xanthomonas phaseoli pv. phaseoli (Smith 1897) Constantin et al. 2016 comb. nov.	present_in_v2_snapshot	NCPPB 3595; XCP1		SAMN30096794								GCF_031630075.1	SRR35018596; SRR35290729	PRJNA865108	ambiguous_needs_review	provisional_exact_other_reference_identifier	same_genus_different_species	yes	yes	medium_identifier_requires_corroboration; same_genus_different_species	0	1	0
NCPPB 3596	Xanthomonas citri pv. mangiferaeindicae (Patel et al. 1948) Constantin et al. 2016 comb. nov.	present_in_v2_snapshot	NCPPB 3596; 11HXCM1													no_confirmed_public_data	no_confirmed_identity_match	not_assessed_no_confirmed_match	no	no		0	0	0
NCPPB 3607	Xanthomonas citri pv. citri (Hasse 1915) Constantin 2016 comb. nov.	present_in_v2_snapshot	NCPPB 3607	SAMEA2827559		SAMEA2827559			GCF_000825345.2	Scaffold		PRJEB7191				draft_assembly_available	confirmed_exact_ncppb_identifier	same_name	no	no		1	0	0
NCPPB 3608	Xanthomonas citri pv. citri (Hasse 1915) Constantin 2016 comb. nov.	present_in_v2_snapshot	NCPPB 3608; IIHXCC2													no_confirmed_public_data	no_confirmed_identity_match	not_assessed_no_confirmed_match	no	no		0	0	0
NCPPB 3609	Xanthomonas citri pv. aurantifolii Schaad et al. 2007	present_in_v2_snapshot	NCPPB 3609; IIHXCC4													no_confirmed_public_data	no_confirmed_identity_match	not_assessed_no_confirmed_match	no	no		0	0	0
NCPPB 3611	Xanthomonas campestris pv. viticola (Nayudu 1972) Dye 1978	present_in_v2_snapshot	NCPPB 3611													no_confirmed_public_data	no_confirmed_identity_match	not_assessed_no_confirmed_match	no	no		0	0	0
NCPPB 3612	Xanthomonas citri pv. citri (Hasse 1915) Constantin 2016 comb. nov.	present_in_v2_snapshot	NCPPB 3612; IIH XCC7	SAMEA2827237; SAMN13783131		SAMEA2827237; SAMN13783131			GCF_000825385.2	Scaffold	SRR11234640	PRJEB7193; PRJNA599566				draft_assembly_available	confirmed_exact_ncppb_identifier	same_name	no	no		2	0	0
NCPPB 3614	Xanthomonas vesicatoria (ex Doidge 1920) Vauterin et al. 1995	present_in_v2_snapshot	NCPPB 3614; 11H XCVe1													no_confirmed_public_data	no_confirmed_identity_match	not_assessed_no_confirmed_match	no	no		0	0	0
NCPPB 3615	Xanthomonas citri pv. citri (Hasse 1915) Constantin 2016 comb. nov.	present_in_v2_snapshot	NCPPB 3615; 11H XCC3	SAMEA2827229; SAMEA2827227		SAMEA2827229; SAMEA2827227			GCF_000825585.2; GCF_000825565.2	Scaffold		PRJEB7202				draft_assembly_available	confirmed_exact_ncppb_identifier	same_name	no	no		2	0	0
NCPPB 3638	Xanthomonas campestris pv. parthenii Chand et al. 1995	present_in_v2_snapshot	NCPPB 3638; RCIIHXCP1													no_confirmed_public_data	no_confirmed_identity_match	not_assessed_no_confirmed_match	no	no		0	0	0
NCPPB 3639	Xanthomonas campestris pv. parthenii Chand et al. 1995	present_in_v2_snapshot	NCPPB 3639; RCIIHXCP2													no_confirmed_public_data	no_confirmed_identity_match	not_assessed_no_confirmed_match	no	no		0	0	0
NCPPB 3640	Xanthomonas campestris pv. parthenii Chand et al. 1995	present_in_v2_snapshot	NCPPB 3640; XCP3		SAMN30096796								GCF_031630015.1	SRR35018594	PRJNA865108	ambiguous_needs_review	provisional_exact_other_reference_identifier	same_genus_different_species	yes	yes	medium_identifier_requires_corroboration; same_genus_different_species	0	1	0
NCPPB 3641	Xanthomonas campestris pv. parthenii Chand et al. 1995	present_in_v2_snapshot	NCPPB 3641; XCP4		SAMN30096797								GCF_031629995.1	SRR35018593	PRJNA865108	ambiguous_needs_review	provisional_exact_other_reference_identifier	same_genus_different_species	yes	yes	medium_identifier_requires_corroboration; same_genus_different_species	0	1	0
NCPPB 3642	Xanthomonas campestris pv. viticola (Nayudu 1972) Dye 1978	present_in_v2_snapshot	NCPPB 3642; IIHXCg3													no_confirmed_public_data	no_confirmed_identity_match	not_assessed_no_confirmed_match	no	no		0	0	0
NCPPB 3646	Xanthomonas cassavae (ex Wiehe & Dowson 1953) Vauterin et al. 1995	present_in_v2_snapshot	NCPPB 3646; ISBF 272; CIAT 1164													no_confirmed_public_data	no_confirmed_identity_match	not_assessed_no_confirmed_match	no	no		0	0	0
NCPPB 3647	Xanthomonas cassavae (ex Wiehe & Dowson 1953) Vauterin et al. 1995	present_in_v2_snapshot	NCPPB 3647; ISBF 273; CIAT 1195													no_confirmed_public_data	no_confirmed_identity_match	not_assessed_no_confirmed_match	no	no		0	0	0
NCPPB 3651	Xanthomonas hortorum pv. carotae (Kendrick 1934) Vauterin et al. 1995	present_in_v2_snapshot	NCPPB 3651; ISBF 366; ICMP 7497; UnB-45													no_confirmed_public_data	no_confirmed_identity_match	not_assessed_no_confirmed_match	no	no		0	0	0
NCPPB 3652	Xanthomonas hortorum pv. carotae (Kendrick 1934) Vauterin et al. 1995	present_in_v2_snapshot	NCPPB 3652; ISBF 367; ICMP 7498; UnB-47													no_confirmed_public_data	no_confirmed_identity_match	not_assessed_no_confirmed_match	no	no		0	0	0
NCPPB 3653	Xanthomonas citri pv. citri (Hasse 1915) Constantin 2016 comb. nov.	present_in_v2_snapshot	NCPPB 3653; ISBF 353													no_confirmed_public_data	no_confirmed_identity_match	not_assessed_no_confirmed_match	no	no		0	0	0
NCPPB 3654	Xanthomonas citri pv. aurantifolii (Schaad et al. 2007) Constantin et al. 2016 comb. nov.	present_in_v2_snapshot	NCPPB 3654; ISBF 380													no_confirmed_public_data	no_confirmed_identity_match	not_assessed_no_confirmed_match	no	no		0	0	0
NCPPB 3655	Xanthomonas citri pv. aurantifolii (Schaad et al. 2007) Constantin et al. 2016 comb. nov.	present_in_v2_snapshot	NCPPB 3655; ISBF 381; ICMP 8432													no_confirmed_public_data	no_confirmed_identity_match	not_assessed_no_confirmed_match	no	no		0	0	0
NCPPB 3656	Xanthomonas phaseoli pv. dieffenbachiae (McCulloch & Pirone 1939) Constantin et al. 2016 comb. nov.	present_in_v2_snapshot	NCPPB 3656; ISBF 255; CIA 2836													no_confirmed_public_data	no_confirmed_identity_match	not_assessed_no_confirmed_match	no	no		0	0	0
NCPPB 3657	Xanthomonas phaseoli pv. dieffenbachiae (McCulloch & Pirone 1939) Constantin et al. 2016 comb. nov.	present_in_v2_snapshot	NCPPB 3657; ISBF 269													no_confirmed_public_data	no_confirmed_identity_match	not_assessed_no_confirmed_match	no	no		0	0	0
NCPPB 3658	Xanthomonas citri pv. glycines (Nakano 1919) Constantin et al. 2016 comb.nov.	present_in_v2_snapshot	NCPPB 3658; ISBF 327; CFBP 7119	SAMN02469937			SAMN02469937		GCF_000488895.1	Chromosome	SRR14027991	PRJNA212249				chromosome_level_assembly_available	confirmed_exact_collection_identifier	same_name	no	no		1	0	0
NCPPB 3659	Xanthomonas citri pv. glycines (Nakano 1919) Constantin et al. 2016 comb.nov.	present_in_v2_snapshot	NCPPB 3659; ISBF 333													no_confirmed_public_data	no_confirmed_identity_match	not_assessed_no_confirmed_match	no	no		0	0	0
NCPPB 3660	Xanthomonas citri pv. fuscans (Schaad et al. 2007) Constantin et al. 2016 comb. nov.	present_in_v2_snapshot	NCPPB 3660; ISBF 253	SAMN03142811		SAMN03142811			GCF_000786925.1	Contig	SRR2052643	PRJNA264814				draft_assembly_available	confirmed_exact_ncppb_identifier	same_name	no	no		1	0	0
NCPPB 3661	Xanthomonas arboricola pv. pruni (Smith 1903) Vauterin et al. 1995	present_in_v2_snapshot	NCPPB 3661; ISBF 443													no_confirmed_public_data	no_confirmed_identity_match	not_assessed_no_confirmed_match	no	no		0	0	0
NCPPB 3662	Xanthomonas axonopodis pv. ricini (Yoshi & Takimoto 1928) Vauterin et al. 1995	present_in_v2_snapshot	NCPPB 3662; ISBF 159; ICMP 7462	SAMN42178438		SAMN42178438			GCF_053571425.1	Complete Genome	SRR29654671; SRR30041328	PRJNA1129907				complete_genome_available	confirmed_exact_ncppb_identifier	same_name	no	no		1	0	0
NCPPB 3663	Xanthomonas hortorum pv. vitians Morinière et al. 2020	present_in_v2_snapshot	NCPPB 3663; ISBF 473													no_confirmed_public_data	no_confirmed_identity_match	not_assessed_no_confirmed_match	no	no		0	0	0
NCPPB 3705	Xanthomonas campestris pv. campestris (Pammel 1895) Dowson 1939	present_in_v2_snapshot	NCPPB 3705													no_confirmed_public_data	no_confirmed_identity_match	not_assessed_no_confirmed_match	no	no		0	0	0
NCPPB 3706	Xanthomonas hortorum pv. pelargonii (Brown 1923) Vauterin et al. 1995	present_in_v2_snapshot	NCPPB 3706													no_confirmed_public_data	no_confirmed_identity_match	not_assessed_no_confirmed_match	no	no		0	0	0
NCPPB 3709	Xanthomonas graminis pv. graminis Tambong et al. 2024	present_in_v2_snapshot	NCPPB 3709	SAMN19468006; SAMEA4072397		SAMN19468006; SAMEA4072397			GCF_055476535.1; GCF_900092565.1	Complete Genome; Contig		PRJNA720632; PRJEB10862				complete_genome_available	confirmed_exact_ncppb_identifier	same_name	no	no		2	0	0
NCPPB 3711	Xanthomonas graminis pv. graminis Tambong et al. 2024	present_in_v2_snapshot	NCPPB 3711	SAMN19021786		SAMN19021786			GCF_030168915.1	Complete Genome		PRJNA720632				complete_genome_available	confirmed_exact_ncppb_identifier	same_name	no	no		1	0	0
NCPPB 3712	Xanthomonas graminis pv. phlei Tambong et al. 2024	present_in_v2_snapshot	NCPPB 3712													no_confirmed_public_data	no_confirmed_identity_match	not_assessed_no_confirmed_match	no	no		0	0	0
NCPPB 3713	Xanthomonas graminis pv. phlei Tambong et al. 2024	present_in_v2_snapshot	NCPPB 3713													no_confirmed_public_data	no_confirmed_identity_match	not_assessed_no_confirmed_match	no	no		0	0	0
NCPPB 3714	Xanthomonas graminis pv. phlei Tambong et al. 2024	present_in_v2_snapshot	NCPPB 3714													no_confirmed_public_data	no_confirmed_identity_match	not_assessed_no_confirmed_match	no	no		0	0	0
NCPPB 3716	Xanthomonas graminis pv. phlei Tambong et al. 2024	present_in_v2_snapshot	NCPPB 3716													no_confirmed_public_data	no_confirmed_identity_match	not_assessed_no_confirmed_match	no	no		0	0	0
NCPPB 3717	Xanthomonas graminis pv. phlei Tambong et al. 2024	present_in_v2_snapshot	NCPPB 3717													no_confirmed_public_data	no_confirmed_identity_match	not_assessed_no_confirmed_match	no	no		0	0	0
NCPPB 3718	Xanthomonas graminis pv. phlei Tambong et al. 2024	present_in_v2_snapshot	NCPPB 3718													no_confirmed_public_data	no_confirmed_identity_match	not_assessed_no_confirmed_match	no	no		0	0	0
NCPPB 3719	Xanthomonas graminis pv. phlei Tambong et al. 2024	present_in_v2_snapshot	NCPPB 3719													no_confirmed_public_data	no_confirmed_identity_match	not_assessed_no_confirmed_match	no	no		0	0	0
NCPPB 3720	Xanthomonas graminis pv. phlei Tambong et al. 2024	present_in_v2_snapshot	NCPPB 3720													no_confirmed_public_data	no_confirmed_identity_match	not_assessed_no_confirmed_match	no	no		0	0	0
NCPPB 3722	Xanthomonas axonopodis pv. begoniae (Takimoto 1934) Vauterin et al. 1995	present_in_v2_snapshot	NCPPB 3722													no_confirmed_public_data	no_confirmed_identity_match	not_assessed_no_confirmed_match	no	no		0	0	0
NCPPB 3742	Xanthomonas citri pv. aurantifolii (Schaad et al. 2007) Constantin et al. 2016 comb. nov.	present_in_v2_snapshot	NCPPB 3742; IBSBF 392													no_confirmed_public_data	no_confirmed_identity_match	not_assessed_no_confirmed_match	no	no		0	0	0
NCPPB 3743	Xanthomonas fragariae Kennedy and King 1962	present_in_v2_snapshot	NCPPB 3743; IBSBF 90	SAMN39942675; SAMEA4590056		SAMN39942675; SAMEA4590056			GCF_900380055.1	Contig	SRR27965827; ERR2528887	PRJNA991941; PRJEB25730				draft_assembly_available	confirmed_exact_ncppb_identifier	same_name	no	no		2	0	0
NCPPB 3744	Xanthomonas arboricola pv. pruni (Smith 1903) Vauterin et al. 1995	present_in_v2_snapshot	NCPPB 3744; ICMP 7492; IBSBF 341													no_confirmed_public_data	no_confirmed_identity_match	not_assessed_no_confirmed_match	no	no		0	0	0
NCPPB 3753	Xanthomonas campestris pv. cannabis Severin 1978	present_in_v2_snapshot	NCPPB 3753; ICMP 9854; XCN 8201	SAMN03164132		SAMN03164132			GCF_000802405.1	Contig	SRR4718190	PRJNA266587				draft_assembly_available	confirmed_exact_ncppb_identifier	same_genus_different_species	yes	yes	same_genus_different_species	1	0	0
NCPPB 3754	Xanthomonas campestris pv. cannabis Severin 1978	present_in_v2_snapshot	NCPPB 3754; ICMP 9857; XCN 8203													no_confirmed_public_data	no_confirmed_identity_match	not_assessed_no_confirmed_match	no	no		0	0	0
NCPPB 3758	Xanthomonas axonopodis pv. cyamopsidis (Patel et al.1953) Vauterin et al. 1995	present_in_v2_snapshot	NCPPB 3758; IBSBF 771	SAMN42180201		SAMN42180201			GCF_041462925.1	Complete Genome	SRR29655429; SRR30037602	PRJNA1130018				complete_genome_available	confirmed_exact_ncppb_identifier	same_name	no	no		1	0	0
NCPPB 3759	Xanthomonas euvesicatoria pv. obscurae (Chand & Singh 1994) Harrison et al. 2023	present_in_v2_snapshot	NCPPB 3759; ICMP 12547	SAMN19988984		SAMN19988984			GCF_019201105.1	Contig	SRR15305426	PRJNA742925				draft_assembly_available	confirmed_exact_ncppb_identifier	same_genus_different_species	yes	yes	same_genus_different_species	1	0	0
NCPPB 3761	Xanthomonas sp. Dowson 1939	present_in_v2_snapshot	NCPPB 3761	SAMN42161490		SAMN42161490			GCF_041475705.1	Complete Genome	SRR29644156; SRR30040130	PRJNA1129555				complete_genome_available	confirmed_exact_ncppb_identifier	same_name	no	no		1	0	0
NCPPB 3776	Xanthomonas arboricola pv. corylina (Miller et al. 1940) Vauterin et al. 1995	present_in_v2_snapshot	NCPPB 3776													no_confirmed_public_data	no_confirmed_identity_match	not_assessed_no_confirmed_match	no	no		0	0	0
NCPPB 3786	Xanthomonas vesicatoria (ex Doidge 1920) Vauterin et al. 1995	present_in_v2_snapshot	NCPPB 3786													no_confirmed_public_data	no_confirmed_identity_match	not_assessed_no_confirmed_match	no	no		0	0	0
NCPPB 3795	Xanthomonas euvesicatoria pv. fici (Cavara 1905) Harrison et al. 2023	present_in_v2_snapshot	NCPPB 3795; ICMP 11060	SAMN42175582		SAMN42175582			GCF_041463615.1	Complete Genome	SRR29651790; SRR30037664	PRJNA1129842				complete_genome_available	confirmed_exact_ncppb_identifier	same_genus_different_species	yes	yes	same_genus_different_species	1	0	0
NCPPB 3796	Xanthomonas euvesicatoria pv. fici (Cavara 1905) Harrison et al. 2023	present_in_v2_snapshot	NCPPB 3796; ICMP 11059	SAMN42175583		SAMN42175583			GCF_041463605.1	Complete Genome	SRR29651789; SRR30037663	PRJNA1129842				complete_genome_available	confirmed_exact_ncppb_identifier	same_genus_different_species	yes	yes	same_genus_different_species	1	0	0
NCPPB 3797	Xanthomonas euvesicatoria pv. fici (Cavara 1905) Harrison et al. 2023	present_in_v2_snapshot	NCPPB 3797; A5125/	SAMN42175584		SAMN42175584			GCF_041463635.1	Complete Genome	SRR29651788; SRR30037662	PRJNA1129842				complete_genome_available	confirmed_exact_ncppb_identifier	same_genus_different_species	yes	yes	same_genus_different_species	1	0	0
NCPPB 3799	Xanthomonas citri pv. citri (Hasse 1915) Constantin 2016 comb. nov.	present_in_v2_snapshot	NCPPB 3799; A5128/1													no_confirmed_public_data	no_confirmed_identity_match	not_assessed_no_confirmed_match	no	no		0	0	0
NCPPB 3800	Xanthomonas vesicatoria (ex Doidge 1920) Vauterin et al. 1995	present_in_v2_snapshot	NCPPB 3800													no_confirmed_public_data	no_confirmed_identity_match	not_assessed_no_confirmed_match	no	no		0	0	0
NCPPB 3801	Xanthomonas vesicatoria (ex Doidge 1920) Vauterin et al. 1995	present_in_v2_snapshot	NCPPB 3801													no_confirmed_public_data	no_confirmed_identity_match	not_assessed_no_confirmed_match	no	no		0	0	0
NCPPB 3829	Xanthomonas graminis pv. phlei Tambong et al. 2024	present_in_v2_snapshot	NCPPB 3829													no_confirmed_public_data	no_confirmed_identity_match	not_assessed_no_confirmed_match	no	no		0	0	0
NCPPB 3830	Xanthomonas graminis pv. phlei Tambong et al. 2024	present_in_v2_snapshot	NCPPB 3830													no_confirmed_public_data	no_confirmed_identity_match	not_assessed_no_confirmed_match	no	no		0	0	0
NCPPB 3831	Xanthomonas graminis pv. phlei Tambong et al. 2024	present_in_v2_snapshot	NCPPB 3831													no_confirmed_public_data	no_confirmed_identity_match	not_assessed_no_confirmed_match	no	no		0	0	0
NCPPB 3832	Xanthomonas citri pv. citri (Hasse 1915) Constantin 2016 comb. nov.	present_in_v2_snapshot	NCPPB 3832; A6340													no_confirmed_public_data	no_confirmed_identity_match	not_assessed_no_confirmed_match	no	no		0	0	0
NCPPB 3870	Xanthomonas arboricola pv. corylina (Miller et al. 1940) Vauterin et al. 1995	present_in_v2_snapshot	NCPPB 3870; ISPAVE-B-018													no_confirmed_public_data	no_confirmed_identity_match	not_assessed_no_confirmed_match	no	no		0	0	0
NCPPB 3875	Xanthomonas arboricola pv. corylina (Miller et al. 1940) Vauterin et al. 1995	present_in_v2_snapshot	NCPPB 3875; ISPAVE-B- 016													no_confirmed_public_data	no_confirmed_identity_match	not_assessed_no_confirmed_match	no	no		0	0	0
NCPPB 3876	Xanthomonas arboricola pv. corylina (Miller et al. 1940) Vauterin et al. 1995	present_in_v2_snapshot	NCPPB 3876; ISPAVE-B-017													no_confirmed_public_data	no_confirmed_identity_match	not_assessed_no_confirmed_match	no	no		0	0	0
NCPPB 3877	Xanthomonas arboricola pv. pruni (Smith 1903) Vauterin et al. 1995	present_in_v2_snapshot	NCPPB 3877; ISPAVE-B-004													no_confirmed_public_data	no_confirmed_identity_match	not_assessed_no_confirmed_match	no	no		0	0	0
NCPPB 3878	Xanthomonas arboricola pv. pruni (Smith 1903) Vauterin et al. 1995	present_in_v2_snapshot	NCPPB 3878; ISPAVE-B-006													no_confirmed_public_data	no_confirmed_identity_match	not_assessed_no_confirmed_match	no	no		0	0	0
NCPPB 3880	Pseudomonas syringae pv. pisi (Sacket 1916) Young, Dye & Wilkie 1978	present_in_v2_snapshot	NCPPB 3880; A5922													no_confirmed_public_data	no_confirmed_identity_match	not_assessed_no_confirmed_match	no	no		0	0	0
NCPPB 3883	Xanthomonas sp. Dowson 1939	present_in_v2_snapshot	NCPPB 3883	SAMN57360827; SAMN22552831		SAMN57360827; SAMN22552831			GCF_020813155.1	Contig	SRR38178865; SRR29823151	PRJNA485808; PRJNA774128				draft_assembly_available	confirmed_exact_ncppb_identifier	compatible_synonym	no	no		2	0	0
NCPPB 3884	Xanthomonas sp. Dowson 1939	present_in_v2_snapshot	NCPPB 3884	SAMN57360826; SAMN22552832		SAMN57360826; SAMN22552832			GCF_020813085.1	Contig	SRR38178866; SRR29823150	PRJNA485808; PRJNA774128				draft_assembly_available	confirmed_exact_ncppb_identifier	compatible_synonym	no	no		2	0	0
NCPPB 3885	Xanthomonas citri pv. vignicola (Burkholder 1944) Constantin et al. 2016 comb. nov.	present_in_v2_snapshot	NCPPB 3885													no_confirmed_public_data	no_confirmed_identity_match	not_assessed_no_confirmed_match	no	no		0	0	0
NCPPB 3886	Xanthomonas euvesicatoria pv. fici (Cavara 1905) Harrison et al. 2023	present_in_v2_snapshot	NCPPB 3886; RC2A	SAMN42175585		SAMN42175585			GCF_041463755.1	Complete Genome	SRR29651787; SRR30037661	PRJNA1129842				complete_genome_available	confirmed_exact_ncppb_identifier	same_genus_different_species	yes	yes	same_genus_different_species	1	0	0
NCPPB 3887	Xanthomonas euvesicatoria pv. fici (Cavara 1905) Harrison et al. 2023	present_in_v2_snapshot	NCPPB 3887; RC2B	SAMN42175586		SAMN42175586			GCF_041463645.1	Complete Genome	SRR29651786; SRR30037660	PRJNA1129842				complete_genome_available	confirmed_exact_ncppb_identifier	same_genus_different_species	yes	yes	same_genus_different_species	1	0	0
NCPPB 3888	Xanthomonas campestris pv. parthenii Chand et al. 1995	present_in_v2_snapshot	NCPPB 3888; ICMP 12476; RC4B	SAMN22555468		SAMN22555468			GCF_020783765.1	Contig	SRR22272566	PRJNA774146				draft_assembly_available	confirmed_exact_ncppb_identifier	same_name	no	no		1	0	0
NCPPB 3890	Xanthomonas campestris pv. campestris (Pammel 1895) Dowson 1939	present_in_v2_snapshot	NCPPB 3890; A6220													no_confirmed_public_data	no_confirmed_identity_match	not_assessed_no_confirmed_match	no	no		0	0	0
NCPPB 3925	Xanthomonas citri pv. vignicola (Burkholder 1944) Constantin et al. 2016 comb. nov.	present_in_v2_snapshot	NCPPB 3925													no_confirmed_public_data	no_confirmed_identity_match	not_assessed_no_confirmed_match	no	no		0	0	0
NCPPB 3926	Xanthomonas citri pv. vignicola (Burkholder 1944) Constantin et al. 2016 comb. nov.	present_in_v2_snapshot	NCPPB 3926													no_confirmed_public_data	no_confirmed_identity_match	not_assessed_no_confirmed_match	no	no		0	0	0
NCPPB 3927	Xanthomonas campestris pv. campestris (Pammel 1895) Dowson 1939	present_in_v2_snapshot	NCPPB 3927; IBSBF 1080	SAMN43286079		SAMN43286079			GCF_041521265.1	Contig	SRR30327315	PRJNA774128				draft_assembly_available	confirmed_exact_ncppb_identifier	same_name	no	no		1	0	0
NCPPB 3931	Xanthomonas hortorum pv. vitians Morinière et al. 2020	present_in_v2_snapshot	NCPPB 3931; A6520/1													no_confirmed_public_data	no_confirmed_identity_match	not_assessed_no_confirmed_match	no	no		0	0	0
NCPPB 3932	Xanthomonas hortorum pv. vitians Morinière et al. 2020	present_in_v2_snapshot	NCPPB 3932; A5420/2													no_confirmed_public_data	no_confirmed_identity_match	not_assessed_no_confirmed_match	no	no		0	0	0
NCPPB 3942	Xanthomonas sp. Dowson 1939	present_in_v2_snapshot	NCPPB 3942													no_confirmed_public_data	no_confirmed_identity_match	not_assessed_no_confirmed_match	no	no		0	0	0
NCPPB 3943	Xanthomonas sp. Dowson 1939	present_in_v2_snapshot	NCPPB 3943													no_confirmed_public_data	no_confirmed_identity_match	not_assessed_no_confirmed_match	no	no		0	0	0
NCPPB 3944	Xanthomonas sp. Dowson 1939	present_in_v2_snapshot	NCPPB 3944													no_confirmed_public_data	no_confirmed_identity_match	not_assessed_no_confirmed_match	no	no		0	0	0
NCPPB 3947	Xanthomonas citri pv. glycines (Nakano 1919) Constantin et al. 2016 comb.nov.	present_in_v2_snapshot	NCPPB 3947; IMI B9313													no_confirmed_public_data	no_confirmed_identity_match	not_assessed_no_confirmed_match	no	no		0	0	0
NCPPB 3948	Xanthomonas axonopodis pv. poinsettiicola (Patel et al. 1951) Vauterin et al. 1995	present_in_v2_snapshot	NCPPB 3948; IMI B9336	SAMN42178462		SAMN42178462			GCF_041489455.1	Complete Genome	SRR29654625; SRR30037950	PRJNA1129913				complete_genome_available	confirmed_exact_ncppb_identifier	same_name	no	no		1	0	0
NCPPB 3949	Xanthomonas oryzae pv. oryzicola (Fang et al. 1957) Swings et al. 1990	present_in_v2_snapshot	NCPPB 3949; IMI B11542													no_confirmed_public_data	no_confirmed_identity_match	not_assessed_no_confirmed_match	no	no		0	0	0
NCPPB 3950	Xanthomonas arboricola pv. corylina (Miller et al. 1940) Vauterin et al. 1995	present_in_v2_snapshot	NCPPB 3950; IMI B11688													no_confirmed_public_data	no_confirmed_identity_match	not_assessed_no_confirmed_match	no	no		0	0	0
NCPPB 3951	Xanthomonas oryzae pv. oryzae (Ishiyama 1922) Swings et al. 1990	present_in_v2_snapshot	NCPPB 3951; IMI B9658													no_confirmed_public_data	no_confirmed_identity_match	not_assessed_no_confirmed_match	no	no		0	0	0
NCPPB 3953	Xanthomonas translucens pv. translucens (Jones et al. 1917) Vauterin et al. 1995	present_in_v2_snapshot	NCPPB 3953; IMI B9124													no_confirmed_public_data	no_confirmed_identity_match	not_assessed_no_confirmed_match	no	no		0	0	0
NCPPB 3954	Xanthomonas vesicatoria (ex Doidge 1920) Vauterin et al. 1995	present_in_v2_snapshot	NCPPB 3954; IMI B11393													no_confirmed_public_data	no_confirmed_identity_match	not_assessed_no_confirmed_match	no	no		0	0	0
NCPPB 3955	Xanthomonas translucens pv. undulosa (Smith et al. 1919) Vauterin et al. 1995	present_in_v2_snapshot	NCPPB 3955; IMI B11426													no_confirmed_public_data	no_confirmed_identity_match	not_assessed_no_confirmed_match	no	no		0	0	0
NCPPB 3956	Xanthomonas sp. Dowson 1939	present_in_v2_snapshot	NCPPB 3956; IMI B11680b													no_confirmed_public_data	no_confirmed_identity_match	not_assessed_no_confirmed_match	no	no		0	0	0
NCPPB 3957	Xanthomonas sp. Dowson 1939	present_in_v2_snapshot	NCPPB 3957; IMI B11059													no_confirmed_public_data	no_confirmed_identity_match	not_assessed_no_confirmed_match	no	no		0	0	0
NCPPB 3959	Xanthomonas sp. Dowson 1939	present_in_v2_snapshot	NCPPB 3959; IMI B102166	SAMN42161491		SAMN42161491			GCF_056675575.1	Contig	SRR29644155	PRJNA1129555				draft_assembly_available	confirmed_exact_ncppb_identifier	same_name	no	no		1	0	0
NCPPB 3960	Xanthomonas hortorum pv. pelargonii (Brown 1923) Vauterin et al. 1995	present_in_v2_snapshot	NCPPB 3960; CSL962462													no_confirmed_public_data	no_confirmed_identity_match	not_assessed_no_confirmed_match	no	no		0	0	0
NCPPB 4013	Xanthomonas campestris pv. asclepiadis Flynn & Vidaver 1995	present_in_v2_snapshot	NCPPB 4013; ICMP 10007	SAMN56511371; SAMN22555464		SAMN56511371; SAMN22555464			GCF_020784175.1	Contig	SRR37629088; SRR37789905; SRR22272570	PRJNA1437458; PRJNA774146				draft_assembly_available	confirmed_exact_ncppb_identifier	same_name	no	no		2	0	0
NCPPB 4014	Xanthomonas campestris pv. asclepiadis Flynn & Vidaver 1995	present_in_v2_snapshot	NCPPB 4014													no_confirmed_public_data	no_confirmed_identity_match	not_assessed_no_confirmed_match	no	no		0	0	0
NCPPB 4015	Xanthomonas campestris pv. asclepiadis Flynn & Vidaver 1995	present_in_v2_snapshot	NCPPB 4015													no_confirmed_public_data	no_confirmed_identity_match	not_assessed_no_confirmed_match	no	no		0	0	0
NCPPB 4031	Xanthomonas hortorum pv. pelargonii (Brown 1923) Vauterin et al. 1995	present_in_v2_snapshot	NCPPB 4031; 972200; ADAS 97001669													no_confirmed_public_data	no_confirmed_identity_match	not_assessed_no_confirmed_match	no	no		0	0	0
NCPPB 4032	Xanthomonas hortorum pv. pelargonii (Brown 1923) Vauterin et al. 1995	present_in_v2_snapshot	NCPPB 4032; 972270													no_confirmed_public_data	no_confirmed_identity_match	not_assessed_no_confirmed_match	no	no		0	0	0
NCPPB 4033	Xanthomonas hortorum pv. vitians Morinière et al. 2020	present_in_v2_snapshot	NCPPB 4033; 700a													no_confirmed_public_data	no_confirmed_identity_match	not_assessed_no_confirmed_match	no	no		0	0	0
NCPPB 4034	Xanthomonas hortorum pv. vitians Morinière et al. 2020	present_in_v2_snapshot	NCPPB 4034; 701a													no_confirmed_public_data	no_confirmed_identity_match	not_assessed_no_confirmed_match	no	no		0	0	0
NCPPB 4037	Xanthomonas sp. Dowson 1939	present_in_v2_snapshot	NCPPB 4037; 981703	SAMN42161492; SAMN22552836		SAMN42161492; SAMN22552836			GCF_041475695.1; GCF_020812955.1	Complete Genome; Contig	SRR29644154; SRR30040129; SRR29823163	PRJNA1129555; PRJNA774128				complete_genome_available	confirmed_exact_ncppb_identifier	same_name; compatible_synonym	no	no		2	0	0
NCPPB 4058	Xanthomonas hortorum pv. vitians Morinière et al. 2020	present_in_v2_snapshot	NCPPB 4058; 985855	SAMN24251536		SAMN24251536			GCF_021352915.1	Scaffold	SRR17286009	PRJNA790934				draft_assembly_available	confirmed_exact_ncppb_identifier	same_name	no	no		1	0	0
NCPPB 4181	Xanthomonas fragariae Kennedy and King 1962	present_in_v2_snapshot	NCPPB 4181	SAMN39942677		SAMN39942677					SRR27965825	PRJNA991941				raw_reads_only	confirmed_exact_ncppb_identifier	same_name	no	no		1	0	0
NCPPB 4183	Xanthomonas arboricola pv. fragariae Janse et al 2001	present_in_v2_snapshot	NCPPB 4183; PD2806													no_confirmed_public_data	no_confirmed_identity_match	not_assessed_no_confirmed_match	no	no		0	0	0
NCPPB 4210	Xanthomonas sp. Dowson 1939	present_in_v2_snapshot	NCPPB 4210													no_confirmed_public_data	no_confirmed_identity_match	not_assessed_no_confirmed_match	no	no		0	0	0
NCPPB 4231	Xanthomonas sp. Dowson 1939	present_in_v2_snapshot	NCPPB 4231; 2011627	SAMN22552841		SAMN22552841			GCF_020812995.1	Contig	SRR29823162	PRJNA774128				draft_assembly_available	confirmed_exact_ncppb_identifier	same_genus_different_species	yes	yes	same_genus_different_species	1	0	0
NCPPB 4232	Xanthomonas sp. Dowson 1939	present_in_v2_snapshot	NCPPB 4232; 2011626	SAMN22552842		SAMN22552842			GCF_020813195.1	Contig	SRR29823161	PRJNA774128				draft_assembly_available	confirmed_exact_ncppb_identifier	same_genus_different_species	yes	yes	same_genus_different_species	1	0	0
NCPPB 4321	Xanthomonas euvesicatoria pv. perforans (Jones et al. 2006) Constantin et al. 2016 comb. nov.	present_in_v2_snapshot	NCPPB 4321; XV938; DSM 18975	SAMN14837221			SAMN14837221		GCF_013112235.1	Contig	SRR11788032	PRJNA630460				draft_assembly_available	confirmed_exact_collection_identifier	compatible_synonym	no	no		1	0	0
NCPPB 4322	Xanthomonas euvesicatoria pv. perforans (Jones et al. 2006) Constantin et al. 2016 comb. nov.	present_in_v2_snapshot	NCPPB 4322; XV1220		SAMN23026091								GCF_020879955.1	SRR16936522	PRJNA779265	ambiguous_needs_review	provisional_exact_other_reference_identifier	compatible_synonym	no	yes	medium_identifier_requires_corroboration	0	1	0
NCPPB 4323	Xanthomonas hortorum pv. gardneri Morinière et al. (2020)	present_in_v2_snapshot	NCPPB 4323; XV444													no_confirmed_public_data	no_confirmed_identity_match	not_assessed_no_confirmed_match	no	no		0	0	0
NCPPB 4324	Xanthomonas hortorum pv. gardneri Morinière et al. (2020)	present_in_v2_snapshot	NCPPB 4324; XV448													no_confirmed_public_data	no_confirmed_identity_match	not_assessed_no_confirmed_match	no	no		0	0	0
NCPPB 4326	Xanthomonas campestris pv. zantedeschiae (Joubert & Truter 1972) Dye 1978	present_in_v2_snapshot	NCPPB 4326; Xcz A5													no_confirmed_public_data	no_confirmed_identity_match	not_assessed_no_confirmed_match	no	no		0	0	0
NCPPB 4340	Xanthomonas campestris pv. zinniae (Hopkins & Dowson 1949) Dye 1978	present_in_v2_snapshot	NCPPB 4340; UN-20506424													no_confirmed_public_data	no_confirmed_identity_match	not_assessed_no_confirmed_match	no	no		0	0	0
NCPPB 4341	Xanthomonas sacchari Vauterin et al. 1995	present_in_v2_snapshot	NCPPB 4341; VdM4; LMG 471													no_confirmed_public_data	no_confirmed_identity_match	not_assessed_no_confirmed_match	no	no		0	0	0
NCPPB 4342	Xanthomonas arboricola pv. populi (ex de Kam 1984) Vauterin et al. 1995	present_in_v2_snapshot	NCPPB 4342; Dsk 129; ICMP 8923; LMG 12141													no_confirmed_public_data	no_confirmed_identity_match	not_assessed_no_confirmed_match	no	no		0	0	0
NCPPB 4343	Xanthomonas bromi Vauterin et al. 1995	present_in_v2_snapshot	NCPPB 4343; 1601-1; ICMP 12545; CFBP 1976; LMG 947													no_confirmed_public_data	no_confirmed_identity_match	not_assessed_no_confirmed_match	no	no		0	0	0
NCPPB 4344	Xanthomonas campestris pv. brunneivaginae (Luo et al. 1988)Young et al. 1996	present_in_v2_snapshot	NCPPB 4344; 03-29991; ICMP 9991													no_confirmed_public_data	no_confirmed_identity_match	not_assessed_no_confirmed_match	no	no		0	0	0
NCPPB 4345	Xanthomonas campestris pv. cannae Easwaramurthy et al. 1984	present_in_v2_snapshot	NCPPB 4345; ICMP 8306; LMG 9043	SAMN22555471		SAMN22555471			GCA_020783755.1	Contig	SRR22272565	PRJNA774146				draft_assembly_available	confirmed_exact_ncppb_identifier	same_name	no	no		1	0	0
NCPPB 4346	Xanthomonas campestris pv. leersiae (ex Fang et al. 1957) Young et al. 1991	present_in_v2_snapshot	NCPPB 4346; ICMP 8788	SAMN10956069; SAMN03862116		SAMN10956069; SAMN03862116			GCF_001276975.2	Complete Genome	SRR8618953; SRR2133447	PRJNA522811; PRJNA257008				complete_genome_available	confirmed_exact_ncppb_identifier	same_genus_different_species	yes	yes	same_genus_different_species	2	0	0
NCPPB 4347	Xanthomonas campestris pv. malloti Goto 1993	present_in_v2_snapshot	NCPPB 4347; ICMP 11536; ATCC 51262	SAMN42488056		SAMN42488056					SRR29823102	PRJNA742925				raw_reads_only	confirmed_exact_ncppb_identifier	same_name	no	no		1	0	0
NCPPB 4348	Xanthomonas euvesicatoria pv. mirabilis (ex Durgapal & Trivedi 1976) Harrison et al. 2023	present_in_v2_snapshot	NCPPB 4348; ICMP 8949	SAMN19988985		SAMN19988985			GCF_019201145.1	Contig	SRR15305428	PRJNA742925				draft_assembly_available	confirmed_exact_ncppb_identifier	compatible_synonym	no	no		1	0	0
NCPPB 4349	Xanthomonas euvesicatoria pv. pennamericanum (Qhobela & Claflin 1988) Harrison et al. 2023	present_in_v2_snapshot	NCPPB 4349; ICMP 9627; ATCC 49152	SAMN19988986		SAMN19988986			GCF_019201165.1	Contig	SRR15305416	PRJNA742925				draft_assembly_available	confirmed_exact_ncppb_identifier	compatible_synonym	no	no		1	0	0
NCPPB 4350	Xanthomonas codiaei Vauterin et al. 1995	present_in_v2_snapshot	NCPPB 4350; X259 (87-56A); LMG 8678; ICMP 9513; ATCC 700187	SAMN56511372; SAMN44672901; SAMD00253079		SAMN56511372; SAMN44672901	SAMD00253079		GCF_046365405.1	Contig	SRR37629087; SRR37789904; SRR31305555	PRJNA1437458; PRJNA1129913				draft_assembly_available	confirmed_exact_ncppb_identifier; confirmed_exact_collection_identifier	same_name	no	no		3	0	0
NCPPB 4351	Xanthomonas euvesicatoria pv. viegasii (Robbs et al. 1989) Harrison et al. 2023	present_in_v2_snapshot	NCPPB 4351	SAMN19988987		SAMN19988987			GCF_019201265.1	Contig	SRR15305410	PRJNA742925				draft_assembly_available	confirmed_exact_ncppb_identifier	compatible_synonym	no	no		1	0	0
NCPPB 4352	Xanthomonas euvesicatoria pv. zingibericola (Ren & Fang 1981) Harrison et al. 2023	present_in_v2_snapshot	NCPPB 4352; ICMP 8787; LMG 9060	SAMN19988988		SAMN19988988			GCF_019201205.1	Contig	SRR15305413	PRJNA742925				draft_assembly_available	confirmed_exact_ncppb_identifier	compatible_synonym	no	no		1	0	0
NCPPB 4353	Xanthomonas theicola (Uehara et al. 1980) Vauterin et al. 1995	present_in_v2_snapshot	NCPPB 4353; ICMP 6774; LMG 8684													no_confirmed_public_data	no_confirmed_identity_match	not_assessed_no_confirmed_match	no	no		0	0	0
NCPPB 4355	Xanthomonas euvesicatoria pv. allii (Kadota et al. 2000) Constantin et al. 2016 comb. nov.	present_in_v2_snapshot	NCPPB 4355; CFBP 6369	SAMN02646549			SAMN02646549		GCF_000730305.1	Chromosome		PRJNA231977				chromosome_level_assembly_available	confirmed_exact_collection_identifier	same_name	no	no		1	0	0
NCPPB 4356	Xanthomonas hortorum pv. cynarae Morinière et al. (2020)	present_in_v2_snapshot	NCPPB 4356; CFBP 4188; ICMP 16775	SAMN09704276; SAMN24251551; SAMN05560222; SAMD00253043		SAMN09704276	SAMN24251551; SAMN05560222; SAMD00253043		GCF_021352995.1; GCF_002939985.1	Scaffold	SRR7628813; SRR17286016	PRJNA482368; PRJNA790934; PRJNA338618				draft_assembly_available	confirmed_exact_ncppb_identifier; confirmed_exact_collection_identifier	same_name	no	no		4	0	0
NCPPB 4363	Xanthomonas dyei pv. dysoxyli (Hutchinson 1949) Young et al. 2010	present_in_v2_snapshot	NCPPB 4363; ICMP 2415; CFBP 7260	SAMN56511373		SAMN56511373					SRR37629086; SRR37789903	PRJNA1437458				raw_reads_only	confirmed_exact_ncppb_identifier	same_name	no	no		1	0	0
NCPPB 4364	Xanthomonas dyei pv. dysoxyli (Hutchinson 1949) Young et al. 2010	present_in_v2_snapshot	NCPPB 4364; ICMP 6465; CFBP 7262	SAMN56511374		SAMN56511374					SRR37629085; SRR37789902	PRJNA1437458				raw_reads_only	confirmed_exact_ncppb_identifier	same_name	no	no		1	0	0
NCPPB 4367	Xanthomonas dyei pv. dysoxyli (Hutchinson 1949) Young et al. 2010	present_in_v2_snapshot	NCPPB 4367; ICMP 16473	SAMN56511375		SAMN56511375					SRR37629084; SRR37789901	PRJNA1437458				raw_reads_only	confirmed_exact_ncppb_identifier	same_name	no	no		1	0	0
NCPPB 4372	Xanthomonas euvesicatoria pv. allii (Kadota et al. 2000) Constantin et al. 2016 comb. nov.	present_in_v2_snapshot	NCPPB 4372; IBSBF 618													no_confirmed_public_data	no_confirmed_identity_match	not_assessed_no_confirmed_match	no	no		0	0	0
NCPPB 4373	Xanthomonas citri pv. aurantifolii (Schaad et al. 2007) Constantin et al. 2016 comb. nov.	present_in_v2_snapshot	NCPPB 4373; 1472; IBSBF 1472													no_confirmed_public_data	no_confirmed_identity_match	not_assessed_no_confirmed_match	no	no		0	0	269
NCPPB 4374	Xanthomonas citri pv. aurantifolii (Schaad et al. 2007) Constantin et al. 2016 comb. nov.	present_in_v2_snapshot	NCPPB 4374; 1497; IBSBF 1497													no_confirmed_public_data	no_confirmed_identity_match	not_assessed_no_confirmed_match	no	no		0	0	0
NCPPB 4375	Xanthomonas citri pv. citri (Hasse 1915) Constantin 2016 comb. nov.	present_in_v2_snapshot	NCPPB 4375; 1594; IBSBF 1594		SAMN56511363								GCF_056612795.1	SRR37629062; SRR37789879	PRJNA1437458	ambiguous_needs_review	conflicting_exact_identifier	compatible_synonym	no	yes	conflicting_ncppb_identifier	0	1	0
NCPPB 4376	Xanthomonas euvesicatoria pv. citrumelonis (Schaad et al. 2007) Constantin et al. 2016 comb. nov.	present_in_v2_snapshot	NCPPB 4376; 1925; IBSBF 1925; LMG 9325	SAMEA114332027			SAMEA114332027		GCF_963669575.1	Contig	ERR12095366	PRJEB65884				draft_assembly_available	confirmed_exact_collection_identifier	same_name	no	no		1	0	0
NCPPB 4377	Xanthomonas citri pv. aurantifolii (Schaad et al. 2007) Constantin et al. 2016 comb. nov.	present_in_v2_snapshot	NCPPB 4377; 1583; IBSBF 1583													no_confirmed_public_data	no_confirmed_identity_match	not_assessed_no_confirmed_match	no	no		0	0	0
NCPPB 4378	Xanthomonas vasicola pv. musacearum (Yirgou & Bradbury 1968) Dye 1978	present_in_v2_snapshot	NCPPB 4378; 034/LRA/05; CFBP 7166	SAMN20034692		SAMN20034692			GCF_019209705.1	Contig	SRR29823136	PRJNA743420				draft_assembly_available	confirmed_exact_ncppb_identifier	same_name	no	no		1	0	0
NCPPB 4379	Xanthomonas vasicola pv. musacearum (Yirgou & Bradbury 1968) Dye 1978	present_in_v2_snapshot	NCPPB 4379; KY44	SAMN49535423; SAMN00991242		SAMN49535423; SAMN00991242			GCF_055597685.1; GCF_000277895.2	Complete Genome	SRR34103838; SRR34105446; SRR494484	PRJNA1280879; PRJNA73877; PRJNA73875				complete_genome_available	confirmed_exact_ncppb_identifier	same_name	no	no		2	0	0
NCPPB 4380	Xanthomonas vasicola pv. musacearum (Yirgou & Bradbury 1968) Dye 1978	present_in_v2_snapshot	NCPPB 4380; 038/KBA/05	SAMN00991243		SAMN00991243			GCF_000277915.1	Scaffold	SRR494485	PRJNA73879; PRJNA73875				draft_assembly_available	confirmed_exact_ncppb_identifier	same_name	no	no		1	0	0
NCPPB 4381	Xanthomonas vasicola pv. musacearum (Yirgou & Bradbury 1968) Dye 1978	present_in_v2_snapshot	NCPPB 4381; 014/LUW/05	SAMN49535422; SAMN00002877		SAMN49535422; SAMN00002877			GCF_055598165.1; GCF_000159815.1	Complete Genome; Scaffold	SRR34103839; SRR34105447; SRR020203	PRJNA1280879; PRJNA31215				complete_genome_available	confirmed_exact_ncppb_identifier	same_name	no	no		2	0	0
NCPPB 4383	Xanthomonas vasicola pv. musacearum (Yirgou & Bradbury 1968) Dye 1978	present_in_v2_snapshot	NCPPB 4383; 071/WSK/05	SAMN00991249		SAMN00991249					SRR494493	PRJNA163289				raw_reads_only	confirmed_exact_ncppb_identifier	same_name	no	no		1	0	0
NCPPB 4384	Xanthomonas vasicola pv. musacearum (Yirgou & Bradbury 1968) Dye 1978	present_in_v2_snapshot	NCPPB 4384; 041/NSG/05	SAMN00991244		SAMN00991244			GCF_000277935.1	Scaffold	SRR494488	PRJNA73881; PRJNA73875				draft_assembly_available	confirmed_exact_ncppb_identifier	same_name	no	no		1	0	0
NCPPB 4385	Xanthomonas vasicola pv. musacearum (Yirgou & Bradbury 1968) Dye 1978	present_in_v2_snapshot	NCPPB 4385; 031/KIB/05													no_confirmed_public_data	no_confirmed_identity_match	not_assessed_no_confirmed_match	no	no		0	0	0
NCPPB 4386	Xanthomonas vasicola pv. musacearum (Yirgou & Bradbury 1968) Dye 1978	present_in_v2_snapshot	NCPPB 4386; 005/WKS/05; CFBP 7167													no_confirmed_public_data	no_confirmed_identity_match	not_assessed_no_confirmed_match	no	no		0	0	0
NCPPB 4387	Xanthomonas vasicola pv. musacearum (Yirgou & Bradbury 1968) Dye 1978	present_in_v2_snapshot	NCPPB 4387; IMI 392223; CFBP 7168	SAMN00991250		SAMN00991250					SRR494494	PRJNA163291				raw_reads_only	confirmed_exact_ncppb_identifier	same_name	no	no		1	0	0
NCPPB 4388	Xanthomonas vasicola pv. musacearum (Yirgou & Bradbury 1968) Dye 1978	present_in_v2_snapshot	NCPPB 4388; IMI 392224; CFBP 7169													no_confirmed_public_data	no_confirmed_identity_match	not_assessed_no_confirmed_match	no	no		0	0	0
NCPPB 4389	Xanthomonas vasicola pv. musacearum (Yirgou & Bradbury 1968) Dye 1978	present_in_v2_snapshot	NCPPB 4389; IMI 393640; CFBP 7170	SAMN00991251		SAMN00991251					SRR494495	PRJNA163293				raw_reads_only	confirmed_exact_ncppb_identifier	same_name	no	no		1	0	0
NCPPB 4390	Xanthomonas vasicola pv. musacearum (Yirgou & Bradbury 1968) Dye 1978	present_in_v2_snapshot	NCPPB 4390; IMI 393641; CFBP 7171	SAMN20034693		SAMN20034693			GCF_019209735.1	Contig	SRR29823135	PRJNA743420				draft_assembly_available	confirmed_exact_ncppb_identifier	same_name	no	no		1	0	0
NCPPB 4391	Xanthomonas vasicola pv. musacearum (Yirgou & Bradbury 1968) Dye 1978	present_in_v2_snapshot	NCPPB 4391; IMI 393646; CFBP 7172	SAMN41763921		SAMN41763921					SRR29334731	PRJNA743420				raw_reads_only	confirmed_exact_ncppb_identifier	same_name	no	no		1	0	0
NCPPB 4392	Xanthomonas vasicola pv. musacearum (Yirgou & Bradbury 1968) Dye 1978	present_in_v2_snapshot	NCPPB 4392; 394051; CFBP 7173	SAMN02471739; SAMN00991254		SAMN02471739; SAMN00991254			GCF_000277955.1	Scaffold	SRR494498	PRJNA163301; PRJNA73875				draft_assembly_available	confirmed_exact_ncppb_identifier	same_name	no	no		2	0	0
NCPPB 4393	Xanthomonas vasicola pv. musacearum (Yirgou & Bradbury 1968) Dye 1978	present_in_v2_snapshot	NCPPB 4393; 394052; CFBP 7174	SAMN42486834; SAMN02471171; SAMN00752561		SAMN42486834; SAMN02471171; SAMN00752561			GCF_000225975.1	Contig	SRR29823053; SRR364088	PRJNA743420; PRJNA73027				draft_assembly_available	confirmed_exact_ncppb_identifier	same_name; same_genus_different_species	yes	yes	same_genus_different_species	3	0	0
NCPPB 4394	Xanthomonas vasicola pv. musacearum (Yirgou & Bradbury 1968) Dye 1978	present_in_v2_snapshot	NCPPB 4394; 354053; CFBP 7175	SAMN00991245		SAMN00991245			GCF_000277975.1	Scaffold	SRR494489	PRJNA73883; PRJNA73875				draft_assembly_available	confirmed_exact_ncppb_identifier	same_name	no	no		1	0	0
NCPPB 4395	Xanthomonas vasicola pv. musacearum (Yirgou & Bradbury 1968) Dye 1978	present_in_v2_snapshot	NCPPB 4395; CFBP 7176	SAMN49535421; SAMN00991246		SAMN49535421; SAMN00991246			GCF_055597605.1	Complete Genome	SRR34103840; SRR34105448; SRR494490	PRJNA1280879; PRJNA73875				complete_genome_available	confirmed_exact_ncppb_identifier	same_name	no	no		2	0	0
NCPPB 4397	Xanthomonas euvesicatoria pv. allii (Kadota et al. 2000) Constantin et al. 2016 comb. nov.	present_in_v2_snapshot	NCPPB 4397; ISBF 594; ICMP 9278													no_confirmed_public_data	no_confirmed_identity_match	not_assessed_no_confirmed_match	no	no		0	0	0
NCPPB 4398	Xanthomonas euvesicatoria pv. allii (Kadota et al. 2000) Constantin et al. 2016 comb. nov.	present_in_v2_snapshot	NCPPB 4398; ISBF 595; ICMP 9279													no_confirmed_public_data	no_confirmed_identity_match	not_assessed_no_confirmed_match	no	no		0	0	0
NCPPB 4399	Xanthomonas campestris pv. tardicrescens (McCulloch 1937) Dye 1978	present_in_v2_snapshot	NCPPB 4399; ICMP 15863													no_confirmed_public_data	no_confirmed_identity_match	not_assessed_no_confirmed_match	no	no		0	0	0
NCPPB 4402	Xanthomonas axonopodis	present_in_v2_snapshot	NCPPB 4402; LMG 8237; PD 772													no_confirmed_public_data	no_confirmed_identity_match	not_assessed_no_confirmed_match	no	no		0	0	0
NCPPB 4403	Xanthomonas citri pv. malvacearum (Smith 1901) Constantin et al. 2016 comb. nov.	present_in_v2_snapshot	NCPPB 4403; ICMP 217-62; ICMP 217; ATCC 9924	SAMN43282785; SAMN43281686; SAMD00253057			SAMN43282785; SAMN43281686; SAMD00253057		GCF_042431565.1	Scaffold		PRJNA595761				draft_assembly_available	confirmed_exact_collection_identifier	same_name	no	no		3	0	0
NCPPB 4404	Xanthomonas campestris pv. thespesiae Patil & Kulkarni 1981	present_in_v2_snapshot	NCPPB 4404; LMG 9057; ICMP 7466; ITCC P33													no_confirmed_public_data	no_confirmed_identity_match	not_assessed_no_confirmed_match	no	no		0	0	0
NCPPB 4405	Xanthomonas bromi Vauterin et al. 1995	present_in_v2_snapshot	NCPPB 4405; LMG 8273; ICMP 6482													no_confirmed_public_data	no_confirmed_identity_match	not_assessed_no_confirmed_match	no	no		0	0	0
NCPPB 4407	Xanthomonas sacchari Vauterin et al. 1995	present_in_v2_snapshot	NCPPB 4407; LMG 476	SAMN03265443			SAMN03265443		GCF_000831625.1	Scaffold		PRJNA270308				draft_assembly_available	confirmed_exact_collection_identifier	same_name	no	no		1	0	0
NCPPB 4409	Xanthomonas arboricola pv. fragariae Janse et al 2001	present_in_v2_snapshot	NCPPB 4409; LMG 19145; PD 2780	SAMEA104393682			SAMEA104393682		GCF_900240435.1	Contig		PRJEB23514				draft_assembly_available	confirmed_exact_collection_identifier	same_name	no	no		1	0	0
NCPPB 4410	Xanthomonas hortorum pv. carotae (Kendrick 1934) Vauterin et al. 1995	present_in_v2_snapshot	NCPPB 4410; 8356		SAMN40354567								GCF_040202675.1	SRR28281423; SRR30293566	PRJNA991976	ambiguous_needs_review	provisional_exact_other_reference_identifier	same_genus_different_species	yes	yes	medium_identifier_requires_corroboration; same_genus_different_species	0	1	0
NCPPB 4411	Xanthomonas hortorum pv. carotae (Kendrick 1934) Vauterin et al. 1995	present_in_v2_snapshot	NCPPB 4411; 8394													no_confirmed_public_data	no_confirmed_identity_match	not_assessed_no_confirmed_match	no	no		0	0	0
NCPPB 4412	Xanthomonas euvesicatoria pv. alfalfae (ex Riker et al. 1935) Constantin et al. 2016 comb. nov.	present_in_v2_snapshot	NCPPB 4412; LMG 495; ATCC 11765; CFBP 7686	SAMN05003921; SAMN02903171			SAMN05003921; SAMN02903171		GCF_001401625.1	Contig	SRR3530426; SRR1510075	PRJNA321805; PRJNA254238				draft_assembly_available	confirmed_exact_collection_identifier	compatible_synonym; same_name	no	no		2	0	0
NCPPB 4413	Xanthomonas campestris (Pammel 1895) Dowson 1939	present_in_v2_snapshot	NCPPB 4413													no_confirmed_public_data	no_confirmed_identity_match	not_assessed_no_confirmed_match	no	no		0	0	0
NCPPB 4414	Xanthomonas campestris (Pammel 1895) Dowson 1939	present_in_v2_snapshot	NCPPB 4414; Protect 1599													no_confirmed_public_data	no_confirmed_identity_match	not_assessed_no_confirmed_match	no	no		0	0	0
NCPPB 4415	Xanthomonas campestris (Pammel 1895) Dowson 1939	present_in_v2_snapshot	NCPPB 4415; Protect 766													no_confirmed_public_data	no_confirmed_identity_match	not_assessed_no_confirmed_match	no	no		0	0	0
NCPPB 4418	Xanthomonas campestris (Pammel 1895) Dowson 1939	present_in_v2_snapshot	NCPPB 4418													no_confirmed_public_data	no_confirmed_identity_match	not_assessed_no_confirmed_match	no	no		0	0	0
NCPPB 4433	Xanthomonas vasicola pv. musacearum (Yirgou & Bradbury 1968) Dye 1978	present_in_v2_snapshot	NCPPB 4433; 20709953	SAMN00991252		SAMN00991252					SRR494496	PRJNA163297				raw_reads_only	confirmed_exact_ncppb_identifier	same_name	no	no		1	0	0
NCPPB 4434	Xanthomonas vasicola pv. musacearum (Yirgou & Bradbury 1968) Dye 1978	present_in_v2_snapshot	NCPPB 4434; 20702295	SAMN00991253		SAMN00991253					SRR494497	PRJNA163299				raw_reads_only	confirmed_exact_ncppb_identifier	same_name	no	no		1	0	0
NCPPB 4435	Xanthomonas hortorum Vauterin et al. 1995	present_in_v2_snapshot	NCPPB 4435; 20722939													no_confirmed_public_data	no_confirmed_identity_match	not_assessed_no_confirmed_match	no	no		0	0	0
NCPPB 4446	Xanthomonas dyei Young et al. 2010	present_in_v2_snapshot	NCPPB 4446; ICMP 12167; CFBP 7245	SAMN56511376; SAMN05560230; SAMN43282364; SAMN43282128; SAMN43281663; SAMD00253031		SAMN56511376	SAMN05560230; SAMN43282364; SAMN43282128; SAMN43281663; SAMD00253031		GCF_002939865.1; GCF_042685705.1; GCF_042648245.1; GCF_042432045.1	Scaffold; Contig	SRR37629082; SRR37789899	PRJNA1437458; PRJNA338624; PRJNA595761				draft_assembly_available	confirmed_exact_ncppb_identifier; confirmed_exact_collection_identifier	same_name	no	no		6	0	0
NCPPB 4448	Xanthomonas translucens pv. pistaciae Giblot-Ducray et al 2009	present_in_v2_snapshot	NCPPB 4448; CS283; ICMP 16316													no_confirmed_public_data	no_confirmed_identity_match	not_assessed_no_confirmed_match	no	no		0	0	0
NCPPB 4449	Xanthomonas cerealis pv. pistaciae Tambong et al. 2024	present_in_v2_snapshot	NCPPB 4449; CS284; ICMP 16317	SAMN21172023			SAMN21172023		GCF_021906995.1	Complete Genome		PRJNA720632				complete_genome_available	confirmed_exact_collection_identifier	same_name	no	no		1	0	0
NCPPB 4450	Xanthomonas campestris (Pammel 1895) Dowson 1939	present_in_v2_snapshot	NCPPB 4450													no_confirmed_public_data	no_confirmed_identity_match	not_assessed_no_confirmed_match	no	no		0	0	0
NCPPB 4451	Xanthomonas campestris pv. raphani (White 1930) Dye 1978	present_in_v2_snapshot	NCPPB 4451													no_confirmed_public_data	no_confirmed_identity_match	not_assessed_no_confirmed_match	no	no		0	0	0
NCPPB 4466	Xanthomonas sp. Dowson 1939	present_in_v2_snapshot	NCPPB 4466; WHRI 64A	SAMN42161493; SAMN40354561		SAMN42161493	SAMN40354561		GCF_056725105.1; GCF_040203125.2	Complete Genome	SRR29644153; SRR30040128; SRR28281429; SRR30293598	PRJNA1129555; PRJNA991976				complete_genome_available	confirmed_exact_ncppb_identifier; confirmed_exact_collection_identifier	same_name; compatible_synonym	no	no		2	0	0
NCPPB 4468	Xanthomonas sp. Dowson 1939	present_in_v2_snapshot	NCPPB 4468; CSL972199	SAMN42161495		SAMN42161495			GCF_041475675.1	Complete Genome	SRR29644181; SRR30040126	PRJNA1129555				complete_genome_available	confirmed_exact_ncppb_identifier	same_name	no	no		1	0	0
NCPPB 4584	Xanthomonas graminis pv. arrhenatheri Tambong et al. 2024	present_in_v2_snapshot	NCPPB 4584; NCPPB 2699; LMG 588; ATCC 29090													no_confirmed_public_data	no_confirmed_identity_match	not_assessed_no_confirmed_match	no	no		0	0	0
NCPPB 4590	Xanthomonas citri pv. citri (Hasse 1915) Constantin 2016 comb. nov.	present_in_v2_snapshot	NCPPB 4590; CFBP 3369; LMG 9322; ICMP 15804; ATCC 49118; ICPB 10518; D 3213	SAMN40354539; SAMN47254572; SAMEA114332011; SAMN05003919; SAMN02903175		SAMN40354539	SAMN47254572; SAMEA114332011; SAMN05003919; SAMN02903175		GCF_040202855.1; GCF_056846615.1; GCF_963669775.1; GCF_001401655.1	Scaffold; Complete Genome; Contig	SRR28281414; SRR30293561; SRR32606474; ERR12095350; SRR3530231; SRR1509921	PRJNA991976; PRJNA1232944; PRJEB65884; PRJNA321802; PRJNA254373				complete_genome_available	confirmed_exact_ncppb_identifier; confirmed_exact_collection_identifier	same_name	no	no		5	0	0
NCPPB 4594	Xanthomonas sp. Dowson 1939	present_in_v2_snapshot	NCPPB 4594	SAMN56511377		SAMN56511377					SRR37629081; SRR37789898	PRJNA1437458				raw_reads_only	confirmed_exact_ncppb_identifier	same_genus_different_species	yes	yes	same_genus_different_species	1	0	0
NCPPB 4600	Xanthomonas nasturtii Vicente et al. 2017	present_in_v2_snapshot	NCPPB 4600; WHRI 8853	SAMN27412262; SAMN04922375			SAMN27412262; SAMN04922375		GCF_023337295.3; GCF_001660815.1	Complete Genome; Contig	SRR25378124; SRR27397231; SRR6131963	PRJNA982082; PRJNA320159				complete_genome_available	confirmed_exact_collection_identifier	same_name	no	no		2	0	0
NCPPB 4601	Xanthomonas floridensis Vicente et al. 2017	present_in_v2_snapshot	NCPPB 4601; WHRI 8848	SAMN36318506; SAMN04922374			SAMN36318506; SAMN04922374		GCF_034929335.1; GCF_001642575.1	Contig	SRR25160157; SRR6130696	PRJNA991923; PRJNA320158				draft_assembly_available	confirmed_exact_collection_identifier	same_name	no	no		2	0	0
NCPPB 4613	Xanthomonas vasicola pv. vasculorum (Cobb 1894) Lang et al. 2017	present_in_v2_snapshot	NCPPB 4613; NE744	SAMN36357967		SAMN36357967			GCF_030551435.2	Contig	SRR25194058	PRJNA992549				draft_assembly_available	confirmed_exact_ncppb_identifier	same_name	no	no		1	0	0
NCPPB 4614	Xanthomonas vasicola pv. vasculorum (Cobb 1894) Lang et al. 2017	present_in_v2_snapshot	NCPPB 4614; SAM119	SAMN36357968	SAMN36357978	SAMN36357968			GCF_030551355.2	Contig	SRR25194047	PRJNA992549	GCF_045887055.1	SRR25194028	PRJNA992549	draft_assembly_available	confirmed_exact_ncppb_identifier; provisional_exact_other_reference_identifier	same_name	no	yes	medium_identifier_requires_corroboration	1	1	0
NCPPB 4615	Xanthomonas campestris pv. campestris (Pammel 1895) Dowson 1939	present_in_v2_snapshot	NCPPB 4615; B100; CFBP 7306; ATCC 29497; DSMZ 1526		SAMN25050887									SRR17731511; SRR17731510; SRR17731509; SRR17731508; SRR17731507; SRR17731506; SRR17731505; SRR17731504; SRR17731503; SRR17731502; SRR17731501; SRR17731500	PRJNA798238	ambiguous_needs_review	unstructured_exact_identifier_only	same_name	no	yes	exact_identifier_only_in_title	0	1	0
NCPPB 4618	Xanthomonas phaseoli (ex Smith) Gabriel et al. 1989 VP	present_in_v2_snapshot	NCPPB 4618; LMG 29033; ATCC 49119	SAMN26806290			SAMN26806290		GCA_022749655.1	Complete Genome		PRJNA817702				complete_genome_available	confirmed_exact_collection_identifier	same_name	no	no		1	0	0
NCPPB 4622	Xanthomonas nasturtii	present_in_v2_snapshot	NCPPB 4622; Protect 13 E6													no_confirmed_public_data	no_confirmed_identity_match	not_assessed_no_confirmed_match	no	no		0	0	0
NCPPB 4623	Xanthomonas arboricola pv. pruni (Smith) Vauterin et al.	present_in_v2_snapshot	NCPPB 4623; Protect OB Box 3 A6													no_confirmed_public_data	no_confirmed_identity_match	not_assessed_no_confirmed_match	no	no		0	0	0
NCPPB 4625	Xanthomonas campestris pv. armoraciae	present_in_v2_snapshot	NCPPB 4625; WHRI 8481; CSL 20313511													no_confirmed_public_data	no_confirmed_identity_match	not_assessed_no_confirmed_match	no	no		0	0	0
NCPPB 4629	Xanthomonas dyei Young et al. 2010	present_in_v2_snapshot	NCPPB 4629; ICMP 1921; CFBP 7268; PDDCC 1921	SAMN56511378		SAMN56511378					SRR37629080; SRR37789897	PRJNA1437458				raw_reads_only	confirmed_exact_ncppb_identifier	same_name	no	no		1	0	0
NCPPB 4630	Xanthomonas dyei Young et al. 2010	present_in_v2_snapshot	NCPPB 4630; ICMP 2374; CFBP 7269; PDDCC 2374; ZZ22	SAMN56511379		SAMN56511379					SRR37629079; SRR37789896	PRJNA1437458				raw_reads_only	confirmed_exact_ncppb_identifier	same_name	no	no		1	0	0
NCPPB 4631	Xanthomonas campestris	present_in_v2_snapshot	NCPPB 4631; WHRI 8482; CSL 20313251	SAMN40354518			SAMN40354518		GCF_040194495.1	Scaffold	SRR28281129; SRR30295612	PRJNA991952				draft_assembly_available	confirmed_exact_collection_identifier	same_name	no	no		1	0	0
NCPPB 4632	Xanthomonas dyei pv. eucalypti Young et al. 2010	present_in_v2_snapshot	NCPPB 4632; ICMP 6041; CFBP 7261	SAMN56511380		SAMN56511380					SRR37629078; SRR37789895	PRJNA1437458				raw_reads_only	confirmed_exact_ncppb_identifier	same_name	no	no		1	0	0
NCPPB 4633	Xanthomonas dyei Young et al. 2010	present_in_v2_snapshot	NCPPB 4633; ICMP 6759	SAMN56511381		SAMN56511381					SRR37629077; SRR37789894	PRJNA1437458				raw_reads_only	confirmed_exact_ncppb_identifier	same_name	no	no		1	0	0
NCPPB 4634	Xanthomonas dyei Young et al. 2010	present_in_v2_snapshot	NCPPB 4634; ICMP 13401; CFBP 7271	SAMN56511382		SAMN56511382					SRR37629076; SRR37789893	PRJNA1437458				raw_reads_only	confirmed_exact_ncppb_identifier	same_name	no	no		1	0	0
NCPPB 4635	Xanthomonas campestris pv. tardicrescens	present_in_v2_snapshot	NCPPB 4635; ICMP 4292													no_confirmed_public_data	no_confirmed_identity_match	not_assessed_no_confirmed_match	no	no		0	0	0
NCPPB 4660	Xanthomonas campestris pv. campestris (Pammel 1895) Dowson 1939	present_in_v2_snapshot	NCPPB 4660; WHRI 8891A	SAMN36001536			SAMN36001536		GCF_034553975.1	Contig	SRR25039487	PRJNA988133				draft_assembly_available	confirmed_exact_collection_identifier	same_name	no	no		1	0	0
NCPPB 4661	Xanthomonas campestris pv. campestris (Pammel 1895) Dowson 1939	present_in_v2_snapshot	NCPPB 4661; WHRI 3811	SAMN36368309; SAMN10440464			SAMN36368309; SAMN10440464		GCA_035023425.1; GCF_047458975.1	Contig	SRR25205302	PRJNA988133; PRJNA505826				draft_assembly_available	confirmed_exact_collection_identifier	same_name	no	no		2	0	0
NCPPB 4662	Xanthomonas campestris pv. campestris (Pammel 1895) Dowson 1939	present_in_v2_snapshot	NCPPB 4662; WHRI 8909A	SAMN36001539			SAMN36001539		GCF_034554015.1	Contig	SRR25039484	PRJNA988133				draft_assembly_available	confirmed_exact_collection_identifier	same_name	no	no		1	0	0
NCPPB 4663	Xanthomonas campestris pv. campestris (Pammel 1895) Dowson 1939	present_in_v2_snapshot	NCPPB 4663; WHRI 8960	SAMN36293677			SAMN36293677		GCF_035011845.1	Contig	SRR25133474	PRJNA485808				draft_assembly_available	confirmed_exact_collection_identifier	same_name	no	no		1	0	0
NCPPB 4664	Xanthomonas campestris pv. campestris (Pammel 1895) Dowson 1939	present_in_v2_snapshot	NCPPB 4664; WHRI 8959A	SAMN36001541			SAMN36001541		GCF_034554075.1	Contig	SRR25039482	PRJNA988133				draft_assembly_available	confirmed_exact_collection_identifier	same_name	no	no		1	0	0
NCPPB 4665	Xanthomonas campestris pv. campestris (Pammel 1895) Dowson 1939	present_in_v2_snapshot	NCPPB 4665; WHRI 8964	SAMN36001542			SAMN36001542		GCF_034554095.1	Contig	SRR25039481	PRJNA988133				draft_assembly_available	confirmed_exact_collection_identifier	same_name	no	no		1	0	0
NCPPB 4666	Xanthomonas nasturtii Vicente et al., 2017	present_in_v2_snapshot	NCPPB 4666; WHRI 8984	SAMN27412261; SAMN09828208			SAMN27412261; SAMN09828208		GCF_023337315.1; GCF_003409975.1	Contig; Scaffold	SRR25378123	PRJNA982082; PRJNA485802				draft_assembly_available	confirmed_exact_collection_identifier	same_name	no	no		2	0	0
NCPPB 4668	Xanthomonas campestris pv. campestris (Pammel 1895) Dowson 1939	present_in_v2_snapshot	NCPPB 4668; WHRI 6181	SAMN36346923; SAMN10440477			SAMN36346923; SAMN10440477		GCA_035023305.1; GCF_047458755.1	Contig	SRR25183374; SRR25183344	PRJNA988133; PRJNA505826				draft_assembly_available	confirmed_exact_collection_identifier	same_name	no	no		2	0	0
NCPPB 4669	Xanthomonas campestris pv. campestris (Pammel 1895) Dowson 1939	present_in_v2_snapshot	NCPPB 4669; WHRI 8450A	SAMN36368340; SAMN10440482			SAMN36368340; SAMN10440482		GCA_035025925.1; GCA_056578565.1	Contig	SRR25205287	PRJNA988133; PRJNA505826				draft_assembly_available	confirmed_exact_collection_identifier	same_name	no	no		2	0	0
NCPPB 4670	Xanthomonas campestris pv. campestris (Pammel 1895) Dowson 1939	present_in_v2_snapshot	NCPPB 4670; WHRI 3849A	SAMN36368317; SAMN10440467			SAMN36368317; SAMN10440467		GCF_047458875.1	Contig	SRR25205312	PRJNA988133; PRJNA505826				draft_assembly_available	confirmed_exact_collection_identifier	same_name	no	no		2	0	0
NCPPB 4671	Xanthomonas campestris pv. campestris (Pammel 1895) Dowson 1939	present_in_v2_snapshot	NCPPB 4671; WHRI 1279A	SAMN36368308; SAMN10440469			SAMN36368308; SAMN10440469		GCF_047458835.1	Contig	SRR25205313	PRJNA988133; PRJNA505826				draft_assembly_available	confirmed_exact_collection_identifier	same_name	no	no		2	0	0
NCPPB 4675	Xanthomonas euroxanthea Martins et al. 2020	present_in_v2_snapshot	NCPPB 4675; CPBF 424; LMG 31037	SAMEA4722874; SAMEA7742038		SAMEA4722874	SAMEA4722874; SAMEA7742038		GCF_900476395.1; GCF_905187425.1	Contig; Complete Genome	ERR2767969; ERR5106569	PRJEB27248; PRJEB42194				complete_genome_available	confirmed_exact_ncppb_identifier; confirmed_exact_collection_identifier	same_name	no	no		2	0	0
NCPPB 4676	Xanthomonas arboricola pv. juglandis	present_in_v2_snapshot	NCPPB 4676; CPBF 1521; LMG 31040	SAMEA4722873			SAMEA4722873		GCF_900476315.1	Contig	ERR2767972	PRJEB27248				draft_assembly_available	confirmed_exact_collection_identifier	same_name	no	no		1	0	0
NCPPB 4678	Xanthomonas campestris pv. campestris (Pammel 1895) Dowson 1939	present_in_v2_snapshot	NCPPB 4678	SAMN56511383; SAMN43286080	SAMN49888164	SAMN56511383; SAMN43286080			GCF_041521225.1	Contig	SRR37629075; SRR37789892; SRR30327314	PRJNA1437458; PRJNA774128				draft_assembly_available	confirmed_exact_ncppb_identifier; unstructured_exact_identifier_only	same_name	no	yes	exact_identifier_only_in_title	2	1	0
NCPPB 4679	Xanthomonas campestris pv. campestris (Pammel 1895) Dowson 1939	present_in_v2_snapshot	NCPPB 4679	SAMN56511384	SAMN49888165	SAMN56511384					SRR37629074; SRR37789891	PRJNA1437458				raw_reads_only	confirmed_exact_ncppb_identifier; unstructured_exact_identifier_only	same_name	no	yes	exact_identifier_only_in_title	1	1	0
NCPPB 4680	Xanthomonas campestris pv. campestris (Pammel 1895) Dowson 1939	present_in_v2_snapshot	NCPPB 4680; Xc23	SAMN56511385; SAMN43286081		SAMN56511385; SAMN43286081			GCF_041521275.1	Contig	SRR37629073; SRR37789890; SRR30327313	PRJNA1437458; PRJNA774128				draft_assembly_available	confirmed_exact_ncppb_identifier	same_name	no	no		2	0	0
NCPPB 4681	Xanthomonas campestris pv. campestris (Pammel 1895) Dowson 1939	present_in_v2_snapshot	NCPPB 4681; Xc27	SAMN56511386	SAMN17198917; SAMN17198916; SAMN17198915	SAMN56511386					SRR37629071; SRR37789888	PRJNA1437458	GCF_028750535.1; GCF_028750555.1; GCF_028750515.1	SRR14108855; SRR14108857; SRR14108858	PRJNA689092	raw_reads_only	confirmed_exact_ncppb_identifier; provisional_exact_other_reference_identifier	same_name	no	yes	medium_identifier_requires_corroboration	1	3	0
NCPPB 4682	Xanthomonas campestris pv. campestris (Pammel 1895) Dowson 1939	present_in_v2_snapshot	NCPPB 4682; Xc318	SAMN56511387; SAMN43286082		SAMN56511387; SAMN43286082			GCF_041519825.1	Contig	SRR37629070; SRR37789887; SRR30327312	PRJNA1437458; PRJNA774128				draft_assembly_available	confirmed_exact_ncppb_identifier	same_name	no	no		2	0	0
NCPPB 4692	Xanthomonas hydrangeae Dia et al. 2021	present_in_v2_snapshot	NCPPB 4692; GBBC 2123; LMG 31884	SAMN41996498; SAMEA7356589		SAMN41996498	SAMEA7356589		GCF_041228055.1; GCA_905142475.1	Complete Genome	SRR29500230; SRR30016869; ERR4656966; ERR4656970	PRJNA1127218; PRJEB38813				complete_genome_available	confirmed_exact_ncppb_identifier; confirmed_exact_collection_identifier	same_name	no	no		2	0	0
NCPPB 4693	Xanthomonas hydrangeae Dia et al. 2021	present_in_v2_snapshot	NCPPB 4693; GBBC 2199; LMG 31886	SAMEA7356591			SAMEA7356591		GCF_905142465.1	Complete Genome	ERR4656968; ERR4656972	PRJEB38813				complete_genome_available	confirmed_exact_collection_identifier	same_name	no	no		1	0	0
NCPPB 4698	Xanthomonas hortorum Vauterin et al. 1995	present_in_v2_snapshot	NCPPB 4698; 1294-6													no_confirmed_public_data	no_confirmed_identity_match	not_assessed_no_confirmed_match	no	no		0	0	0
NCPPB 4699	Xanthomonas hortorum Vauterin et al. 1995	present_in_v2_snapshot	NCPPB 4699; 0894-4													no_confirmed_public_data	no_confirmed_identity_match	not_assessed_no_confirmed_match	no	no		0	0	0
NCPPB 4700	Xanthomonas hortorum Vauterin et al. 1995	present_in_v2_snapshot	NCPPB 4700; 1294-9													no_confirmed_public_data	no_confirmed_identity_match	not_assessed_no_confirmed_match	no	no		0	0	0
NCPPB 4701	Xanthomonas campestris pv. incanae (Kendrick & Baker 1942) Dye 1978	present_in_v2_snapshot	NCPPB 4701; CFBP 5686-20													no_confirmed_public_data	no_confirmed_identity_match	not_assessed_no_confirmed_match	no	no		0	0	0
NCPPB 4702	Xanthomonas campestris pv. incanae (Kendrick & Baker 1942) Dye 1978	present_in_v2_snapshot	NCPPB 4702; CFBP 1371-04													no_confirmed_public_data	no_confirmed_identity_match	not_assessed_no_confirmed_match	no	no		0	0	0
NCPPB 4703	Xanthomonas campestris pv. incanae (Kendrick & Baker 1942) Dye 1978	present_in_v2_snapshot	NCPPB 4703; CFBP 1606-13													no_confirmed_public_data	no_confirmed_identity_match	not_assessed_no_confirmed_match	no	no		0	0	0
NCPPB 4704	Xanthomonas vasicola pv. vasculorum (Cobb 1894) Lang et al. 2017	present_in_v2_snapshot	NCPPB 4704; Co-126-2		SAMN36357988								GCF_045892355.1	SRR25194051	PRJNA992549	ambiguous_needs_review	provisional_exact_other_reference_identifier	same_name	no	yes	medium_identifier_requires_corroboration	0	1	0
NCPPB 4705	Xanthomonas vasicola pv. vasculorum (Cobb 1894) Lang et al. 2017	present_in_v2_snapshot	NCPPB 4705; Arg-1A		SAMN36357994; SAMN07735936								GCF_045887275.1; GCF_002490275.1	SRR25194045	PRJNA992549; PRJNA413069	ambiguous_needs_review	provisional_exact_other_reference_identifier	same_name	no	yes	medium_identifier_requires_corroboration	0	2	0
NCPPB 4706	Xanthomonas vasicola pv. vasculorum (Cobb 1894) Lang et al. 2017	present_in_v2_snapshot	NCPPB 4706													no_confirmed_public_data	no_confirmed_identity_match	not_assessed_no_confirmed_match	no	no		0	0	0
NCPPB 4707	Xanthomonas vasicola pv. vasculorum (Cobb 1894) Lang et al. 2017	present_in_v2_snapshot	NCPPB 4707; ARG-3A		SAMN36357996								GCF_045892375.1	SRR25194044	PRJNA992549	ambiguous_needs_review	provisional_exact_other_reference_identifier	same_name	no	yes	medium_identifier_requires_corroboration	0	1	0
NCPPB 4708	Xanthomonas vasicola pv. vasculorum (Cobb 1894) Lang et al. 2017	present_in_v2_snapshot	NCPPB 4708; IL02(1)YDC													no_confirmed_public_data	no_confirmed_identity_match	not_assessed_no_confirmed_match	no	no		0	0	0
NCPPB 4709	Xanthomonas vasicola pv. holcicola (Elliott 1930) Vauterin et al. 1995	present_in_v2_snapshot	NCPPB 4709; NE-18 Xvh		SAMN36358007								GCF_045886155.1	SRR25194033	PRJNA992549	ambiguous_needs_review	provisional_exact_other_reference_identifier	same_name	no	yes	medium_identifier_requires_corroboration	0	1	0
NCPPB 4710	Xanthomonas vasicola pv. vasculorum (Cobb 1894) Lang et al. 2017	present_in_v2_snapshot	NCPPB 4710; Arg-2B		SAMN36701295; SAMN36357995; SAMN08773711								GCF_045897655.1; GCF_003725055.1	SRR25411579	PRJNA992549; PRJNA413069	ambiguous_needs_review	provisional_exact_other_reference_identifier	same_name	no	yes	medium_identifier_requires_corroboration	0	3	0
NCPPB 4711	Xanthomonas vasicola pv. vasculorum (Cobb 1894) Lang et al. 2017	present_in_v2_snapshot	NCPPB 4711													no_confirmed_public_data	no_confirmed_identity_match	not_assessed_no_confirmed_match	no	no		0	0	0
NCPPB 4712	Xanthomonas vasicola pv. vasculorum (Cobb 1894) Lang et al. 2017	present_in_v2_snapshot	NCPPB 4712; ARG-6B		SAMN36701296; SAMN36357998; SAMN08773805								GCF_045897635.1; GCF_003725115.1	SRR25411578	PRJNA992549; PRJNA413069	ambiguous_needs_review	provisional_exact_other_reference_identifier	same_name	no	yes	medium_identifier_requires_corroboration	0	3	0
NCPPB 4713	Xanthomonas vasicola pv. vasculorum (Cobb 1894) Lang et al. 2017	present_in_v2_snapshot	NCPPB 4713; IL-1(1)YDC													no_confirmed_public_data	no_confirmed_identity_match	not_assessed_no_confirmed_match	no	no		0	0	2
NCPPB 4714	Xanthomonas vasicola pv. vasculorum (Cobb 1894) Lang et al. 2017	present_in_v2_snapshot	NCPPB 4714; ARG 4B		SAMN36357997								GCF_045892395.1	SRR25194043	PRJNA992549	ambiguous_needs_review	provisional_exact_other_reference_identifier	same_name	no	yes	medium_identifier_requires_corroboration	0	1	0
NCPPB 4715	Xanthomonas vasicola pv. vasculorum (Cobb 1894) Lang et al. 2017	present_in_v2_snapshot	NCPPB 4715; IAO2													no_confirmed_public_data	no_confirmed_identity_match	not_assessed_no_confirmed_match	no	no		0	0	0
NCPPB 4716	Xanthomonas vasicola pv. vasculorum (Cobb 1894) Lang et al. 2017	present_in_v2_snapshot	NCPPB 4716; NE-16		SAMN36357991								GCF_045886435.1	SRR25194049	PRJNA992549	ambiguous_needs_review	provisional_exact_other_reference_identifier	same_name	no	yes	medium_identifier_requires_corroboration	0	1	0
NCPPB 4717	Xanthomonas campestris pv. asclepiadis Flynn & Vidaver	present_in_v2_snapshot	NCPPB 4717; 10197-90; ICMP 10197													no_confirmed_public_data	no_confirmed_identity_match	not_assessed_no_confirmed_match	no	no		0	0	0
NCPPB 4718	Xanthomonas campestris pv. asclepiadis Flynn & Vidaver	present_in_v2_snapshot	NCPPB 4718; 10194-90; ICMP 10194													no_confirmed_public_data	no_confirmed_identity_match	not_assessed_no_confirmed_match	no	no		0	0	0
NCPPB 4719	Xanthomonas campestris pv. asclepiadis Flynn & Vidaver	present_in_v2_snapshot	NCPPB 4719; ICMP 10195													no_confirmed_public_data	no_confirmed_identity_match	not_assessed_no_confirmed_match	no	no		0	0	0
NCPPB 4720	Xanthomonas campestris pv. cannae Easwaramurthy et al.	present_in_v2_snapshot	NCPPB 4720; ICMP 8410-83; ICMP 8410													no_confirmed_public_data	no_confirmed_identity_match	not_assessed_no_confirmed_match	no	no		0	0	0
NCPPB 4721	Xanthomonas euvesicatoria pv. viegasii (Robbs et al. 1989) Harrison et al. 2023	present_in_v2_snapshot	NCPPB 4721; 13093-96; ICMP 13093													no_confirmed_public_data	no_confirmed_identity_match	not_assessed_no_confirmed_match	no	no		0	0	0
NCPPB 4722	Xanthomonas euvesicatoria pv. viegasii (Robbs et al. 1989) Harrison et al. 2023	present_in_v2_snapshot	NCPPB 4722; 9262-87; ICMP 9262													no_confirmed_public_data	no_confirmed_identity_match	not_assessed_no_confirmed_match	no	no		0	0	0
NCPPB 4727	Xanthomonas euvesicatoria pv. zingibericola (Ren and Fang 1981) Harrison et al. 2023	present_in_v2_snapshot	NCPPB 4727; ICMP 8883													no_confirmed_public_data	no_confirmed_identity_match	not_assessed_no_confirmed_match	no	no		0	0	0
NCPPB 4728	Xanthomonas euvesicatoria pv. zingibericola (Ren and Fang 1981) Harrison et al. 2023	present_in_v2_snapshot	NCPPB 4728; ICMP 8884													no_confirmed_public_data	no_confirmed_identity_match	not_assessed_no_confirmed_match	no	no		0	0	0
NCPPB 4729	Xanthomonas euvesicatoria pv. viegasii (Robbs et al. 1989) Harrison et al. 2023	present_in_v2_snapshot	NCPPB 4729; ICMP 13091													no_confirmed_public_data	no_confirmed_identity_match	not_assessed_no_confirmed_match	no	no		0	0	0
NCPPB 4730	Xanthomonas euvesicatoria pv. zingibericola (Ren & Fang 1981) Harrison et al. 2023	present_in_v2_snapshot	NCPPB 4730; ICMP 11134													no_confirmed_public_data	no_confirmed_identity_match	not_assessed_no_confirmed_match	no	no		0	0	0
NCPPB 4731	Xanthomonas campestris pv. leersiae (ex Fang et al. 1957) Young et al. 1991	present_in_v2_snapshot	NCPPB 4731; ICMP 12321													no_confirmed_public_data	no_confirmed_identity_match	not_assessed_no_confirmed_match	no	no		0	0	0
NCPPB 4732	Xanthomonas campestris pv. leersiae (ex Fang et al. 1957) Young et al. 1991	present_in_v2_snapshot	NCPPB 4732; ICMP 8789; PDDCC 8789													no_confirmed_public_data	no_confirmed_identity_match	not_assessed_no_confirmed_match	no	no		0	0	0
NCPPB 4733	Xanthomonas campestris pv. cannae Easwaramurthy et al. 1984	present_in_v2_snapshot	NCPPB 4733; ICMP 8412; PDDCC 8412													no_confirmed_public_data	no_confirmed_identity_match	not_assessed_no_confirmed_match	no	no		0	0	0
NCPPB 4753	Xanthomonas prunicola Lopez et al	present_in_v2_snapshot	NCPPB 4753; CFBP 8353	SAMN08031359			SAMN08031359		GCF_002846205.1	Contig		PRJNA418695				draft_assembly_available	confirmed_exact_collection_identifier	same_name	no	no		1	0	0
NCPPB 4754	Xanthomonas prunicola Lopez et al. 2018	present_in_v2_snapshot	NCPPB 4754; CFBP 8354	SAMN08031988			SAMN08031988		GCF_002846225.1	Contig		PRJNA418711				draft_assembly_available	confirmed_exact_collection_identifier	same_name	no	no		1	0	0
NCPPB 4755	Xanthomonas prunicola Lopez et al. 2018	present_in_v2_snapshot	NCPPB 4755; CFBP 8355	SAMN08032457			SAMN08032457		GCF_002846195.1	Contig		PRJNA418723				draft_assembly_available	confirmed_exact_collection_identifier	same_name	no	no		1	0	0
NCPPB 4763	Xanthomonas hortorum Vauterin et al. 1995	present_in_v2_snapshot	NCPPB 4763; NBC5720; LMG 33367													no_confirmed_public_data	no_confirmed_identity_match	not_assessed_no_confirmed_match	no	no		0	0	0
NCPPB 4770	Xanthomonas campestris pv. campestris (Pammel 1895) Dowson 1939	present_in_v2_snapshot	NCPPB 4770; 2023024626													no_confirmed_public_data	no_confirmed_identity_match	not_assessed_no_confirmed_match	no	no		0	0	0
NCPPB 4771	Xanthomonas campestris pv. campestris (Pammel 1895) Dowson 1939	present_in_v2_snapshot	NCPPB 4771; 2023027163		SAMN53688592								GCF_054065415.1	SRR36323703	PRJNA485808	ambiguous_needs_review	provisional_exact_other_reference_identifier	same_name	no	yes	medium_identifier_requires_corroboration	0	1	0
NCPPB 4772	Xanthomonas fragariae Kennedy and King 1962	present_in_v2_snapshot	NCPPB 4772; 2023027127	SAMN39942678		SAMN39942678					SRR27965824	PRJNA991941				raw_reads_only	confirmed_exact_ncppb_identifier	same_name	no	no		1	0	0
