query_id	ncppb_number	query_track	query_tier	searched_identifier	ncbi_uid	biosample_accession	organism	taxid	title	strain	isolate	culture_collection	bio_material	sample_name	identity_aliases	identifiers	host	geographic_location	collection_date	isolation_source	attributes_json	raw_xml_cache_path	source_url	status	error
fdd998afce0c22f2caea; 608ccfced838506b6300	NCPPB 2930	ncppb_number	expected_genus:Sphingomonas; exact_full_identifier	NCPPB; NCPPB 2930	41764005	SAMN41764005	Sphingomonas sp. NCPPB 2930	3162788	Genome sequencing of NCPPB 2930 (listed as Xanthomonas vasicola pv. holcicola)	NCPPB 2930		NCPPB:2930	J.F. Bradbury			BioSample: SAMN41764005; NCPPB_2930; SRA: SRS21581860	Sorghum bicolor	Solomon Islands	1977		"{""biomaterial_provider"":[""J.F. Bradbury""],""collected_by"":[""ex G. Jackson PP223""],""collection_date"":[""1977""],""culture_collection"":[""NCPPB:2930""],""geo_loc_name"":[""Solomon Islands""],""host"":[""Sorghum bicolor""],""sample_type"":[""Cell culture""],""strain"":[""NCPPB 2930""]}"	.cache/ncbi/v2_1/efetch_94bc73f4953fbbd6003a6f71ebdfb4c8230335def592901b6432b2f2b09cab5b.xml	https://www.ncbi.nlm.nih.gov/biosample/SAMN41764005	ok	
89f15bc2014630205e1e; 17fb17474efcd1cbf70e	NCPPB 1974	ncppb_number	expected_genus:Stenotrophomonas; exact_full_identifier	NCPPB; NCPPB 1974	31049491	SAMD00538104	Stenotrophomonas maltophilia	40324	Stenotrophomonas maltophilia NBRC 14161	NBRC 14161		NBRC:14161		NBRC 14161	AS 1.1788 ; ATCC 13637 ; BCRC 10737 ; CCM 1640 ; CCUG 559 B ; CCUG 5866 ; CFBP 3035 ; CIP 60.77 ; DSM 50170 ; IAM 12423 ; JCM 1975 ; LMG 958 ; NCAIM B.01119 ; NCCB 68018 ; NCIMB 9203 ; NCPPB 1974 ; NCTC 10257 ; NRRL B-2756 ; VKM B-591	BioSample: SAMD00538104		missing	missing	oropharyngeal region of patient with mouth cancer	"{""Other_CC"":[""AS 1.1788 ; ATCC 13637 ; BCRC 10737 ; CCM 1640 ; CCUG 559 B ; CCUG 5866 ; CFBP 3035 ; CIP 60.77 ; DSM 50170 ; IAM 12423 ; JCM 1975 ; LMG 958 ; NCAIM B.01119 ; NCCB 68018 ; NCIMB 9203 ; NCPPB 1974 ; NCTC 10257 ; NRRL B-2756 ; VKM B-591""],""collection_date"":[""missing""],""culture_collection"":[""NBRC:14161""],""geo_loc_name"":[""missing""],""history"":[""IFO 14161 <- Kansai Med. Univ. (E. Yabuuchi, KM 2491) <- NCTC 10257 <- ATCC 13637 <- R. Hugh, RH810-2""],""isolation_source"":[""oropharyngeal region of patient with mouth cancer""],""link"":[""http://purl.jp/bio/103/nite/nbrc/cultures/00014161""],""medium1"":[""802""],""medium1_URL"":[""http://purl.jp/bio/103/nite/nbrc/medium/000802""],""rehydration_fluid_URL"":[""http://purl.jp/bio/103/nite/nbrc/medium/000702""],""rehydration_fluid_no"":[""702""],""repository"":[""NITE Biological Resource Center""],""sample_name"":[""NBRC 14161""],""sample_type"":[""cell culture""],""strain"":[""NBRC 14161""],""temperature_to"":[""30""],""type-material"":[""type strain of Psedomonas maltophilia""],""type_status"":[""type strain""],""validity"":[""Y""]}"	.cache/ncbi/v2_1/efetch_85988f61703dd600cd34c3eee12f0d55109c7c00f318febfa15ae3bf79a620a7.xml	https://www.ncbi.nlm.nih.gov/biosample/SAMD00538104	ok	
9a5a419bbd06149334ec; fc04870697d11da903a7	NCPPB 1058	ncppb_number	expected_genus:Xanthomonas; exact_full_identifier	NCPPB; NCPPB 1058	3142815	SAMN03142815	Xanthomonas citri pv. fuscans	366649	Microbe sample from Xanthomonas citri pv. fuscans	NCPPB 1058		NCPPB:1058				BioSample: SAMN03142815; NCPPB 1058; SRA: SRS954084	Phaseolus vulgaris	Ethiopia	1961	missing	"{""collected_by"":[""A.C. Hayward""],""collection_date"":[""1961""],""culture-collection"":[""NCPPB:1058""],""geo_loc_name"":[""Ethiopia""],""host"":[""Phaseolus vulgaris""],""isolation_source"":[""missing""],""pathovar"":[""fuscans""],""sample_type"":[""missing""],""strain"":[""NCPPB 1058""]}"	.cache/ncbi/v2_1/efetch_1d87dd683a4b2a45cb6cf73549ea1a6c05b4fa06096e52901c1da51e76c76b7b.xml	https://www.ncbi.nlm.nih.gov/biosample/SAMN03142815	ok	
9a5a419bbd06149334ec; b64bfa9f26e4e2228eb4	NCPPB 3660	ncppb_number	expected_genus:Xanthomonas; exact_full_identifier	NCPPB; NCPPB 3660	3142811	SAMN03142811	Xanthomonas citri pv. fuscans	366649	Microbe sample from Xanthomonas citri pv. fuscans	NCPPB 3660		NCPPB:3660				BioSample: SAMN03142811; NCPPB 3660; SRA: SRS954273	Phaseolus vulgaris	Brazil	1975	missing	"{""collection_date"":[""1975""],""culture-collection"":[""NCPPB:3660""],""geo_loc_name"":[""Brazil""],""host"":[""Phaseolus vulgaris""],""isolation_source"":[""missing""],""pathovar"":[""fuscans""],""sample_type"":[""missing""],""strain"":[""NCPPB 3660""]}"	.cache/ncbi/v2_1/efetch_1d87dd683a4b2a45cb6cf73549ea1a6c05b4fa06096e52901c1da51e76c76b7b.xml	https://www.ncbi.nlm.nih.gov/biosample/SAMN03142811	ok	
9a5a419bbd06149334ec; 1f121f467c334db79cb5	NCPPB 1402	ncppb_number	expected_genus:Xanthomonas; exact_full_identifier	NCPPB; NCPPB 1402	3142810	SAMN03142810	Xanthomonas citri pv. fuscans	366649	Microbe sample from Xanthomonas citri pv. fuscans	NCPPB 1402		NCPPB:1402				BioSample: SAMN03142810; NCPPB 1402; SRA: SRS954100	Phaseolus vulgaris	Uganda	1962	missing	"{""collected_by"":[""A.C. Hayward""],""collection_date"":[""1962""],""culture-collection"":[""NCPPB:1402""],""geo_loc_name"":[""Uganda""],""host"":[""Phaseolus vulgaris""],""isolation_source"":[""missing""],""pathovar"":[""fuscans""],""sample_type"":[""missing""],""strain"":[""NCPPB 1402""]}"	.cache/ncbi/v2_1/efetch_1d87dd683a4b2a45cb6cf73549ea1a6c05b4fa06096e52901c1da51e76c76b7b.xml	https://www.ncbi.nlm.nih.gov/biosample/SAMN03142810	ok	
9a5a419bbd06149334ec; b8dce6a4f2cdd0092752	NCPPB 1056	ncppb_number	expected_genus:Xanthomonas; exact_full_identifier	NCPPB; NCPPB 1056	3142809	SAMN03142809	Xanthomonas citri pv. fuscans	366649	Microbe sample from Xanthomonas citri pv. fuscans	NCPPB 1056		NCPPB:1056				BioSample: SAMN03142809; NCPPB1056; SRA: SRS954083	Phaseolus vulgaris	United Kingdom	1961	missing	"{""collected_by"":[""A.C. Hayward""],""collection_date"":[""1961""],""culture-collection"":[""NCPPB:1056""],""geo_loc_name"":[""United Kingdom""],""host"":[""Phaseolus vulgaris""],""isolation_source"":[""missing""],""pathovar"":[""fuscans""],""sample_type"":[""missing""],""strain"":[""NCPPB 1056""]}"	.cache/ncbi/v2_1/efetch_1d87dd683a4b2a45cb6cf73549ea1a6c05b4fa06096e52901c1da51e76c76b7b.xml	https://www.ncbi.nlm.nih.gov/biosample/SAMN03142809	ok	
9a5a419bbd06149334ec; 572b59afcbfc0bbdb853	NCPPB 2665	ncppb_number	expected_genus:Xanthomonas; exact_full_identifier	NCPPB; NCPPB 2665	3142403	SAMN03142403	Xanthomonas citri pv. fuscans	366649	Microbe sample from Xanthomonas citri pv. fuscans	NCPPB 2665						BioSample: SAMN03142403; NCPPB2665; SRA: SRS954086	Phaseolus vulgaris	Italy	1973	missing	"{""collected_by"":[""D. Alberto""],""collection_date"":[""1973""],""geo_loc_name"":[""Italy""],""host"":[""Phaseolus vulgaris""],""isolation_source"":[""missing""],""pathovar"":[""fuscans""],""sample_type"":[""missing""],""strain"":[""NCPPB 2665""]}"	.cache/ncbi/v2_1/efetch_1d87dd683a4b2a45cb6cf73549ea1a6c05b4fa06096e52901c1da51e76c76b7b.xml	https://www.ncbi.nlm.nih.gov/biosample/SAMN03142403	ok	
9a5a419bbd06149334ec; 5a02661bcb0f21035805	NCPPB 1654	ncppb_number	expected_genus:Xanthomonas; exact_full_identifier	NCPPB; NCPPB 1654	3142402	SAMN03142402	Xanthomonas citri pv. fuscans	366649	Microbe sample from Xanthomonas citri pv. fuscans	NCPPB 1654						BioSample: SAMN03142402; NCPPB1654; SRA: SRS954088	Phaseolus vulgaris	South Africa	1963	missing	"{""collected_by"":[""B.H. Boelema""],""collection_date"":[""1963""],""geo_loc_name"":[""South Africa""],""host"":[""Phaseolus vulgaris""],""isolation_source"":[""missing""],""pathovar"":[""fuscans""],""sample_type"":[""missing""],""strain"":[""NCPPB 1654""]}"	.cache/ncbi/v2_1/efetch_1d87dd683a4b2a45cb6cf73549ea1a6c05b4fa06096e52901c1da51e76c76b7b.xml	https://www.ncbi.nlm.nih.gov/biosample/SAMN03142402	ok	
9a5a419bbd06149334ec; b25dd3cdde976d603fe3	NCPPB 1433	ncppb_number	expected_genus:Xanthomonas; exact_full_identifier	NCPPB; NCPPB 1433	3142399	SAMN03142399	Xanthomonas citri pv. fuscans	366649	Microbe sample from Xanthomonas citri pv. fuscans	NCPPB 1433						BioSample: SAMN03142399; NCPPB1433; SRA: SRS954085	Phaseolus vulgaris	Hungary	1956	missing	"{""collected_by"":[""Z. Klement""],""collection_date"":[""1956""],""geo_loc_name"":[""Hungary""],""host"":[""Phaseolus vulgaris""],""isolation_source"":[""missing""],""pathovar"":[""fuscans""],""sample_type"":[""missing""],""strain"":[""NCPPB 1433""]}"	.cache/ncbi/v2_1/efetch_1d87dd683a4b2a45cb6cf73549ea1a6c05b4fa06096e52901c1da51e76c76b7b.xml	https://www.ncbi.nlm.nih.gov/biosample/SAMN03142399	ok	
9a5a419bbd06149334ec; a795899be0ba95f42f5c	NCPPB 381	ncppb_number	expected_genus:Xanthomonas; exact_full_identifier	NCPPB; NCPPB 381	3142398	SAMN03142398	Xanthomonas citri pv. fuscans	366649	Microbe sample from Xanthomonas citri pv. fuscans	NCPPB 381						BioSample: SAMN03142398; NCPPB381; SRA: SRS954274	Phaseolus vulgaris	Canada	1957	missing	"{""collection_date"":[""1957""],""geo_loc_name"":[""Canada""],""host"":[""Phaseolus vulgaris""],""isolation_source"":[""missing""],""pathovar"":[""fuscans""],""sample_type"":[""missing""],""strain"":[""NCPPB 381""],""type-material"":[""type strain of Xanthomonas fuscans""]}"	.cache/ncbi/v2_1/efetch_1d87dd683a4b2a45cb6cf73549ea1a6c05b4fa06096e52901c1da51e76c76b7b.xml	https://www.ncbi.nlm.nih.gov/biosample/SAMN03142398	ok	
9a5a419bbd06149334ec; 47f404d74fab4ca80a9e	NCPPB 670	ncppb_number	expected_genus:Xanthomonas; exact_full_identifier	NCPPB; NCPPB 670	3097370	SAMN03097370	Xanthomonas citri pv. fuscans	366649	Microbe sample from Xanthomonas citri pv. fuscans	NCPPB 670		NCPPB:670				BioSample: SAMN03097370; NCPPB670; SRA: SRS954099	Phaseolus vulgaris	Uganda	1958	Infected bean plant	"{""collection_date"":[""1958""],""culture_collection"":[""NCPPB:670""],""geo_loc_name"":[""Uganda""],""host"":[""Phaseolus vulgaris""],""isolation_source"":[""Infected bean plant""],""pathovar"":[""fuscans""],""sample_type"":[""missing""],""strain"":[""NCPPB 670""]}"	.cache/ncbi/v2_1/efetch_735d8f8ccf46cf9f5e2f29e314c8634be72cb116fa0e8a003a1726550bbc0b46.xml	https://www.ncbi.nlm.nih.gov/biosample/SAMN03097370	ok	
9a5a419bbd06149334ec; bc297b7ad471c301eec9	NCPPB 2877	ncppb_number	expected_genus:Xanthomonas; exact_full_identifier	NCPPB; NCPPB 2877	3164131	SAMN03164131	Xanthomonas cannabis pv. cannabis	1885894	Xanthomonas campestris pv. cannabis str. NCPPB 2877	NCPPB 2877		NCPPB:2877				BioSample: SAMN03164131; Xcannabis_NCPPB2877; SRA: SRS1768447	Cannabis sativa	Romania: Lovrin, Timis County	1974-07	missing	"{""Tax ID"":[""1885894""],""collected_by"":[""I. Sandru""],""collection_date"":[""1974-07""],""culture_collection"":[""NCPPB:2877""],""geo_loc_name"":[""Romania: Lovrin, Timis County""],""host"":[""Cannabis sativa""],""isolation_source"":[""missing""],""pathovar"":[""cannabis""],""sample_type"":[""missing""],""strain"":[""NCPPB 2877""],""type-material"":[""type strain of Xanthomonas cannabis""]}"	.cache/ncbi/v2_1/efetch_1d87dd683a4b2a45cb6cf73549ea1a6c05b4fa06096e52901c1da51e76c76b7b.xml	https://www.ncbi.nlm.nih.gov/biosample/SAMN03164131	ok	
9a5a419bbd06149334ec; aee375fe4450d4449203	NCPPB 2918	ncppb_number	expected_genus:Xanthomonas; exact_full_identifier	NCPPB; NCPPB 2918	57360828	SAMN57360828	Xanthomonas campestris	339	Microbe sample from Xanthomonas campestris	NCPPB 2918		NCPPB:2918	J.F. Bradbury			BioSample: SAMN57360828; NCPPB_2918; SRA: SRS28844359	Crambe	Malawi	1973		"{""biomaterial_provider"":[""J.F. Bradbury""],""collected_by"":[""J.F. Bradbury""],""collection_date"":[""1973""],""culture_collection"":[""NCPPB:2918""],""geo_loc_name"":[""Malawi""],""host"":[""Crambe""],""sample_type"":[""Cell culture""],""strain"":[""NCPPB 2918""]}"	.cache/ncbi/v2_1/efetch_825ecc5bb14f6df0c57e704db5b70c5926b96686ad03393d6efd1aa18548fc76.xml	https://www.ncbi.nlm.nih.gov/biosample/SAMN57360828	ok	
9a5a419bbd06149334ec; 358e4810b411370fbe86	NCPPB 3883	ncppb_number	expected_genus:Xanthomonas; exact_full_identifier	NCPPB; NCPPB 3883	57360827	SAMN57360827	Xanthomonas campestris	339	Microbe sample from Xanthomonas campestris	NCPPB 3883		NCPPB:3883	C.N. Hodge			BioSample: SAMN57360827; NCPPB_3883; SRA: SRS28844358	Crambe hispanica subsp. abyssinica	USA	1990		"{""biomaterial_provider"":[""C.N. Hodge""],""collected_by"":[""J.D. Mihail""],""collection_date"":[""1990""],""culture_collection"":[""NCPPB:3883""],""geo_loc_name"":[""USA""],""host"":[""Crambe hispanica subsp. abyssinica""],""sample_type"":[""Cell culture""],""strain"":[""NCPPB 3883""]}"	.cache/ncbi/v2_1/efetch_825ecc5bb14f6df0c57e704db5b70c5926b96686ad03393d6efd1aa18548fc76.xml	https://www.ncbi.nlm.nih.gov/biosample/SAMN57360827	ok	
9a5a419bbd06149334ec; 9b00424acf478d7b317a	NCPPB 3884	ncppb_number	expected_genus:Xanthomonas; exact_full_identifier	NCPPB; NCPPB 3884	57360826	SAMN57360826	Xanthomonas campestris	339	Microbe sample from Xanthomonas campestris	NCPPB 3884		NCPPB:3884	C.N. Hodge			BioSample: SAMN57360826; NCPPB_3884; SRA: SRS28844357	Crambe hispanica subsp. abyssinica	USA	1990		"{""biomaterial_provider"":[""C.N. Hodge""],""collected_by"":[""J.D. Mihail""],""collection_date"":[""1990""],""culture_collection"":[""NCPPB:3884""],""geo_loc_name"":[""USA""],""host"":[""Crambe hispanica subsp. abyssinica""],""sample_type"":[""Cell culture""],""strain"":[""NCPPB 3884""]}"	.cache/ncbi/v2_1/efetch_825ecc5bb14f6df0c57e704db5b70c5926b96686ad03393d6efd1aa18548fc76.xml	https://www.ncbi.nlm.nih.gov/biosample/SAMN57360826	ok	
9a5a419bbd06149334ec; 1aaa8b1f7071f7fa18d4	NCPPB 942	ncppb_number	expected_genus:Xanthomonas; exact_full_identifier	NCPPB; NCPPB 942	57360824	SAMN57360824	Xanthomonas campestris pv. barbareae	461407	Microbe sample from Xanthomonas campestris pv. barbareae	NCPPB 942		NCPPB:942				BioSample: SAMN57360824; NCPPB_942; SRA: SRS28844355	Barbarea vulgaris	USA	1939		"{""collected_by"":[""W.H. Burkholder""],""collection_date"":[""1939""],""culture_collection"":[""NCPPB:942""],""geo_loc_name"":[""USA""],""host"":[""Barbarea vulgaris""],""sample_type"":[""Cell culture""],""strain"":[""NCPPB 942""]}"	.cache/ncbi/v2_1/efetch_825ecc5bb14f6df0c57e704db5b70c5926b96686ad03393d6efd1aa18548fc76.xml	https://www.ncbi.nlm.nih.gov/biosample/SAMN57360824	ok	
9a5a419bbd06149334ec; e90c2e88a09c71a8aa7d	NCPPB 3442	ncppb_number	expected_genus:Xanthomonas; exact_full_identifier	NCPPB; NCPPB 3442	42161516	SAMN42161516	Xanthomonas sp. NCPPB 3442	3698924	Genome sequencing of Xanthomonas sp. NCPPB 3442	NCPPB 3442		NCPPB:3442	J.R. Neto			BioSample: SAMN42161516; 3442; SRA: SRS21840235	Cordia goeldiana	Brazil	1982		"{""biomaterial_provider"":[""J.R. Neto""],""collected_by"":[""ex C.F. Robbs ENA 3123""],""collection_date"":[""1982""],""culture_collection"":[""NCPPB:3442""],""geo_loc_name"":[""Brazil""],""host"":[""Cordia goeldiana""],""sample_type"":[""Cell culture""],""strain"":[""NCPPB 3442""]}"	.cache/ncbi/v2_1/efetch_8ec2141c87acd40792a90a4e277782ac1e620c234591cd9898396a29132fc936.xml	https://www.ncbi.nlm.nih.gov/biosample/SAMN42161516	ok	
9a5a419bbd06149334ec; 9fcb2294b84fd9facb07	NCPPB 3441	ncppb_number	expected_genus:Xanthomonas; exact_full_identifier	NCPPB; NCPPB 3441	42161515	SAMN42161515	Xanthomonas sp. NCPPB 3441	3698925	Genome sequencing of Xanthomonas sp. NCPPB 3441	NCPPB 3441		NCPPB:3441				BioSample: SAMN42161515; 3441; SRA: SRS21840234	Cordia goeldiana	Brazil	1985		"{""collected_by"":[""J.R. Neto IBSBF 511""],""collection_date"":[""1985""],""culture_collection"":[""NCPPB:3441""],""geo_loc_name"":[""Brazil""],""host"":[""Cordia goeldiana""],""sample_type"":[""Cell culture""],""strain"":[""NCPPB 3441""]}"	.cache/ncbi/v2_1/efetch_8ec2141c87acd40792a90a4e277782ac1e620c234591cd9898396a29132fc936.xml	https://www.ncbi.nlm.nih.gov/biosample/SAMN42161515	ok	
9a5a419bbd06149334ec; 0b03e0d477391f877005	NCPPB 3218	ncppb_number	expected_genus:Xanthomonas; exact_full_identifier	NCPPB; NCPPB 3218	42161514	SAMN42161514	Xanthomonas sp. NCPPB 3218	487553	Genome sequencing of Xanthomonas sp. NCPPB 3218	NCPPB 3218		NCPPB:3218	J.F. Bradbury			BioSample: SAMN42161514; 3218; SRA: SRS21840231	Syzygium aromaticum	Indonesia	1980		"{""biomaterial_provider"":[""J.F. Bradbury""],""collected_by"":[""C.P. Bennett Y3""],""collection_date"":[""1980""],""culture_collection"":[""NCPPB:3218""],""geo_loc_name"":[""Indonesia""],""host"":[""Syzygium aromaticum""],""sample_type"":[""Cell culture""],""strain"":[""NCPPB 3218""]}"	.cache/ncbi/v2_1/efetch_8ec2141c87acd40792a90a4e277782ac1e620c234591cd9898396a29132fc936.xml	https://www.ncbi.nlm.nih.gov/biosample/SAMN42161514	ok	
9a5a419bbd06149334ec; c5380c65ec0aef063045	NCPPB 3174	ncppb_number	expected_genus:Xanthomonas; exact_full_identifier	NCPPB; NCPPB 3174	42161513	SAMN42161513	Xanthomonas sp. NCPPB 3174	487551	Genome sequencing of Xanthomonas sp. NCPPB 3174	NCPPB 3174		NCPPB:3174	J.F. Bradbury			BioSample: SAMN42161513; 3174; SRA: SRS21840232	Setaria italica	India	1977		"{""biomaterial_provider"":[""J.F. Bradbury""],""collected_by"":[""J.F. Bradbury""],""collection_date"":[""1977""],""culture_collection"":[""NCPPB:3174""],""geo_loc_name"":[""India""],""host"":[""Setaria italica""],""sample_type"":[""Cell culture""],""strain"":[""NCPPB 3174""]}"	.cache/ncbi/v2_1/efetch_8ec2141c87acd40792a90a4e277782ac1e620c234591cd9898396a29132fc936.xml	https://www.ncbi.nlm.nih.gov/biosample/SAMN42161513	ok	
9a5a419bbd06149334ec; f8f79cf002f22ff2038b	NCPPB 2933	ncppb_number	expected_genus:Xanthomonas; exact_full_identifier	NCPPB; NCPPB 2933	42161512	SAMN42161512	Xanthomonas sp. NCPPB 2933	487548	Genome sequencing of Xanthomonas sp. NCPPB 2933	NCPPB 2933		NCPPB:2933	J.F. Bradbury			BioSample: SAMN42161512; 2933; SRA: SRS21840230	Calendula officinalis	United Kingdom	1974		"{""biomaterial_provider"":[""J.F. Bradbury""],""collected_by"":[""J.F. Bradbury B6132""],""collection_date"":[""1974""],""culture_collection"":[""NCPPB:2933""],""geo_loc_name"":[""United Kingdom""],""host"":[""Calendula officinalis""],""sample_type"":[""Cell culture""],""strain"":[""NCPPB 2933""]}"	.cache/ncbi/v2_1/efetch_8ec2141c87acd40792a90a4e277782ac1e620c234591cd9898396a29132fc936.xml	https://www.ncbi.nlm.nih.gov/biosample/SAMN42161512	ok	
9a5a419bbd06149334ec; 62607a5ffcc1035c3214	NCPPB 2654	ncppb_number	expected_genus:Xanthomonas; exact_full_identifier	NCPPB; NCPPB 2654	42161507	SAMN42161507	Xanthomonas sp. NCPPB 2654	487541	Genome sequencing of Xanthomonas sp. NCPPB 2654	NCPPB 2654		NCPPB:2654	F. Catton			BioSample: SAMN42161507; 2654; SRA: SRS21840227	Phaseolus vulgaris	United Kingdom	1974		"{""biomaterial_provider"":[""F. Catton""],""collected_by"":[""F.W. Catton C783""],""collection_date"":[""1974""],""culture_collection"":[""NCPPB:2654""],""geo_loc_name"":[""United Kingdom""],""host"":[""Phaseolus vulgaris""],""sample_type"":[""Cell culture""],""strain"":[""NCPPB 2654""]}"	.cache/ncbi/v2_1/efetch_8ec2141c87acd40792a90a4e277782ac1e620c234591cd9898396a29132fc936.xml	https://www.ncbi.nlm.nih.gov/biosample/SAMN42161507	ok	
9a5a419bbd06149334ec; 1a87ca88ff213f9a7612	NCPPB 2250	ncppb_number	expected_genus:Xanthomonas; exact_full_identifier	NCPPB; NCPPB 2250	42161504	SAMN42161504	Xanthomonas sp. NCPPB 2250	487538	Genome sequencing of Xanthomonas sp. NCPPB 2250	NCPPB 2250		NCPPB:2250	J.F. Bradbury			BioSample: SAMN42161504; 2250; SRA: SRS21840219	Zingiber officinale	Mauritius	1967		"{""biomaterial_provider"":[""J.F. Bradbury""],""collected_by"":[""J.F. Bradbury B3516a""],""collection_date"":[""1967""],""culture_collection"":[""NCPPB:2250""],""geo_loc_name"":[""Mauritius""],""host"":[""Zingiber officinale""],""sample_type"":[""Cell culture""],""strain"":[""NCPPB 2250""]}"	.cache/ncbi/v2_1/efetch_8ec2141c87acd40792a90a4e277782ac1e620c234591cd9898396a29132fc936.xml	https://www.ncbi.nlm.nih.gov/biosample/SAMN42161504	ok	
9a5a419bbd06149334ec; 330e65fb7c4feed8d411	NCPPB 1826	ncppb_number	expected_genus:Xanthomonas; exact_full_identifier	NCPPB; NCPPB 1826	42161503	SAMN42161503	Xanthomonas sp. NCPPB 1826	487537	Genome sequencing of Xanthomonas sp. NCPPB 1826	NCPPB 1826		NCPPB:1826	G.E. Jones			BioSample: SAMN42161503; 1826; SRA: SRS21840213	Prunus domestica	United Kingdom	1966		"{""biomaterial_provider"":[""G.E. Jones""],""collected_by"":[""G.E. Jones C555""],""collection_date"":[""1966""],""culture_collection"":[""NCPPB:1826""],""geo_loc_name"":[""United Kingdom""],""host"":[""Prunus domestica""],""sample_type"":[""Cell culture""],""strain"":[""NCPPB 1826""]}"	.cache/ncbi/v2_1/efetch_8ec2141c87acd40792a90a4e277782ac1e620c234591cd9898396a29132fc936.xml	https://www.ncbi.nlm.nih.gov/biosample/SAMN42161503	ok	
9a5a419bbd06149334ec; e7aa9ca4575c2cfe85b2	NCPPB 901	ncppb_number	expected_genus:Xanthomonas; exact_full_identifier	NCPPB; NCPPB 901	42161496	SAMN42161496	Xanthomonas sp. NCPPB 901	487572	Genome sequencing of Xanthomonas sp. NCPPB 901	NCPPB 901		NCPPB:901	A.C. Hayward			BioSample: SAMN42161496; 901; SRA: SRS21840216	Gossypium sp.	India	Not collected		"{""biomaterial_provider"":[""A.C. Hayward""],""collected_by"":[""ex N.B. Kulkarni""],""collection_date"":[""Not collected""],""culture_collection"":[""NCPPB:901""],""geo_loc_name"":[""India""],""host"":[""Gossypium sp.""],""sample_type"":[""Cell culture""],""strain"":[""NCPPB 901""]}"	.cache/ncbi/v2_1/efetch_94bc73f4953fbbd6003a6f71ebdfb4c8230335def592901b6432b2f2b09cab5b.xml	https://www.ncbi.nlm.nih.gov/biosample/SAMN42161496	ok	
9a5a419bbd06149334ec; 25c26b4212825c1ce543	NCPPB 4466	ncppb_number	expected_genus:Xanthomonas; exact_full_identifier	NCPPB; NCPPB 4466	42161493	SAMN42161493	Xanthomonas sp. NCPPB 4466	3698923	Genome sequencing of Xanthomonas dyei pv. lobeliae NCPPB 4466	NCPPB 4466		NCPPB:4466				BioSample: SAMN42161493; 4466; SRA: SRS21840240	Lobelia erinus	Not collected	Not collected		"{""collection_date"":[""Not collected""],""culture_collection"":[""NCPPB:4466""],""geo_loc_name"":[""Not collected""],""host"":[""Lobelia erinus""],""sample_type"":[""Cell culture""],""strain"":[""NCPPB 4466""]}"	.cache/ncbi/v2_1/efetch_94bc73f4953fbbd6003a6f71ebdfb4c8230335def592901b6432b2f2b09cab5b.xml	https://www.ncbi.nlm.nih.gov/biosample/SAMN42161493	ok	
9a5a419bbd06149334ec; 0319ef0623ea008edd8b	NCPPB 3570	ncppb_number	expected_genus:Xanthomonas; exact_full_identifier	NCPPB; NCPPB 3570	42161487	SAMN42161487	Xanthomonas sp. NCPPB 3570	487555	Genome sequencing of Xanthomonas sp. NCPPB 3570	NCPPB 3570		NCPPB:3570				BioSample: SAMN42161487; 3570; SRA: SRS21840222	Xanthosoma sagittifolium	Venezuela:Maracay	Not collected		"{""collected_by"":[""G. E. Trujillo P.""],""collection_date"":[""Not collected""],""culture_collection"":[""NCPPB:3570""],""geo_loc_name"":[""Venezuela:Maracay""],""host"":[""Xanthosoma sagittifolium""],""sample_type"":[""Cell culture""],""strain"":[""NCPPB 3570""]}"	.cache/ncbi/v2_1/efetch_94bc73f4953fbbd6003a6f71ebdfb4c8230335def592901b6432b2f2b09cab5b.xml	https://www.ncbi.nlm.nih.gov/biosample/SAMN42161487	ok	
9a5a419bbd06149334ec; eca1b01b2ccd419040fe	NCPPB 2866	ncppb_number	expected_genus:Xanthomonas; exact_full_identifier	NCPPB; NCPPB 2866	42161511	SAMN42161511	Xanthomonas sp. NCPPB 2866	487545	Genome sequencing of Xanthomonas sp. NCPPB 2866	NCPPB 2866		NCPPB:2866	F. Catton			BioSample: SAMN42161511; 2866; SRA: SRS21840229	Chrysanthemum x morifolium	Netherlands	1975		"{""Tax ID"":[""487545""],""biomaterial_provider"":[""F. Catton""],""collected_by"":[""F.W. Catton 212,75,6""],""collection_date"":[""1975""],""culture_collection"":[""NCPPB:2866""],""geo_loc_name"":[""Netherlands""],""host"":[""Chrysanthemum x morifolium""],""sample_type"":[""Cell culture""],""strain"":[""NCPPB 2866""]}"	.cache/ncbi/v2_1/efetch_8ec2141c87acd40792a90a4e277782ac1e620c234591cd9898396a29132fc936.xml	https://www.ncbi.nlm.nih.gov/biosample/SAMN42161511	ok	
9a5a419bbd06149334ec; efc3e20bb974f6c09ef2	NCPPB 2865	ncppb_number	expected_genus:Xanthomonas; exact_full_identifier	NCPPB; NCPPB 2865	42161510	SAMN42161510	Xanthomonas sp. NCPPB 2865	487544	Genome sequencing of Xanthomonas sp. NCPPB 2865	NCPPB 2865		NCPPB:2865	F. Catton			BioSample: SAMN42161510; 2865; SRA: SRS21840228	Chrysanthemum x morifolium	Netherlands	1975		"{""Tax ID"":[""487544""],""biomaterial_provider"":[""F. Catton""],""collected_by"":[""F.W. Catton 212,75,1""],""collection_date"":[""1975""],""culture_collection"":[""NCPPB:2865""],""geo_loc_name"":[""Netherlands""],""host"":[""Chrysanthemum x morifolium""],""sample_type"":[""Cell culture""],""strain"":[""NCPPB 2865""]}"	.cache/ncbi/v2_1/efetch_8ec2141c87acd40792a90a4e277782ac1e620c234591cd9898396a29132fc936.xml	https://www.ncbi.nlm.nih.gov/biosample/SAMN42161510	ok	
9a5a419bbd06149334ec; 56c67d0e007520150b9f	NCPPB 2864	ncppb_number	expected_genus:Xanthomonas; exact_full_identifier	NCPPB; NCPPB 2864	42161509	SAMN42161509	Xanthomonas sp. NCPPB 2864	487543	Genome sequencing of Xanthomonas sp. NCPPB 2864	NCPPB 2864		NCPPB:2864	F. Catton			BioSample: SAMN42161509; 2864; SRA: SRS21840226	Chrysanthemum x morifolium	Netherlands	1975		"{""biomaterial_provider"":[""F. Catton""],""collected_by"":[""F.W. Catton 211/75/2""],""collection_date"":[""1975""],""culture_collection"":[""NCPPB:2864""],""geo_loc_name"":[""Netherlands""],""host"":[""Chrysanthemum x morifolium""],""sample_type"":[""Cell culture""],""strain"":[""NCPPB 2864""]}"	.cache/ncbi/v2_1/efetch_8ec2141c87acd40792a90a4e277782ac1e620c234591cd9898396a29132fc936.xml	https://www.ncbi.nlm.nih.gov/biosample/SAMN42161509	ok	
9a5a419bbd06149334ec; e468b9983a9c70408e01	NCPPB 2856	ncppb_number	expected_genus:Xanthomonas; exact_full_identifier	NCPPB; NCPPB 2856	42161508	SAMN42161508	Xanthomonas sp. NCPPB 2856	487542	Genome sequencing of Xanthomonas sp. NCPPB 2856	NCPPB 2856		NCPPB:2856	F. Catton			BioSample: SAMN42161508; 2856; SRA: SRS21840225	Chrysanthemum x morifolium	Netherlands	1975		"{""biomaterial_provider"":[""F. Catton""],""collected_by"":[""F.W. Catton C798""],""collection_date"":[""1975""],""culture_collection"":[""NCPPB:2856""],""geo_loc_name"":[""Netherlands""],""host"":[""Chrysanthemum x morifolium""],""sample_type"":[""Cell culture""],""strain"":[""NCPPB 2856""]}"	.cache/ncbi/v2_1/efetch_8ec2141c87acd40792a90a4e277782ac1e620c234591cd9898396a29132fc936.xml	https://www.ncbi.nlm.nih.gov/biosample/SAMN42161508	ok	
9a5a419bbd06149334ec; 1ee4ed2a76b6aaeedd26	NCPPB 1638	ncppb_number	expected_genus:Xanthomonas; exact_full_identifier	NCPPB; NCPPB 1638	42161501	SAMN42161501	Xanthomonas sp. NCPPB 1638	487535	Genome sequencing of Xanthomonas sp. NCPPB 1638	NCPPB 1638		NCPPB:1638	A.C. Hayward			BioSample: SAMN42161501; 1638; SRA: SRS21840217	Cucurbita melopepo	Uganda	1964		"{""Tax ID"":[""487535""],""biomaterial_provider"":[""A.C. Hayward""],""collected_by"":[""A.C. Hayward B2290""],""collection_date"":[""1964""],""culture_collection"":[""NCPPB:1638""],""geo_loc_name"":[""Uganda""],""host"":[""Cucurbita melopepo""],""sample_type"":[""Cell culture""],""strain"":[""NCPPB 1638""]}"	.cache/ncbi/v2_1/efetch_94bc73f4953fbbd6003a6f71ebdfb4c8230335def592901b6432b2f2b09cab5b.xml	https://www.ncbi.nlm.nih.gov/biosample/SAMN42161501	ok	
9a5a419bbd06149334ec; 8816356fa662ded460ea	NCPPB 3959	ncppb_number	expected_genus:Xanthomonas; exact_full_identifier	NCPPB; NCPPB 3959	42161491	SAMN42161491	Xanthomonas sp. NCPPB 3959	487567	Genome sequencing of Xanthomonas sp. NCPPB 3959	NCPPB 3959		NCPPB:3959	J. Kolkowski, IMI			BioSample: SAMN42161491; 3959; SRA: SRS21840238	Persea americana	New Zealand	Not collected		"{""biomaterial_provider"":[""J. Kolkowski, IMI""],""collected_by"":[""J. Bradbury""],""collection_date"":[""Not collected""],""culture_collection"":[""NCPPB:3959""],""geo_loc_name"":[""New Zealand""],""host"":[""Persea americana""],""sample_type"":[""Cell culture""],""strain"":[""NCPPB 3959""]}"	.cache/ncbi/v2_1/efetch_94bc73f4953fbbd6003a6f71ebdfb4c8230335def592901b6432b2f2b09cab5b.xml	https://www.ncbi.nlm.nih.gov/biosample/SAMN42161491	ok	
9a5a419bbd06149334ec; af839f0b0a3afbda1c58	NCPPB 1132	ncppb_number	expected_genus:Xanthomonas; exact_full_identifier	NCPPB; NCPPB 1132	56511359	SAMN56511359	Xanthomonas sp. NCPPB 1132	487528	Genome sequencing of Xanthomonas NCPPB 1132	NCPPB 1132		NCPPB:1132	A.C. Hayward			BioSample: SAMN56511359; NCPPB_1132; SRA: SRS28401800	Musa banksii var. samoensis	Samoa	1961		"{""biomaterial_provider"":[""A.C. Hayward""],""collected_by"":[""A.C. Hayward""],""collection_date"":[""1961""],""culture_collection"":[""NCPPB:1132""],""geo_loc_name"":[""Samoa""],""host"":[""Musa banksii var. samoensis""],""sample_type"":[""Cell culture""],""strain"":[""NCPPB 1132""]}"	.cache/ncbi/v2_1/efetch_825ecc5bb14f6df0c57e704db5b70c5926b96686ad03393d6efd1aa18548fc76.xml	https://www.ncbi.nlm.nih.gov/biosample/SAMN56511359	ok	
9a5a419bbd06149334ec; a71b53c642f54a3bcebf	NCPPB 1131	ncppb_number	expected_genus:Xanthomonas; exact_full_identifier	NCPPB; NCPPB 1131	56511358	SAMN56511358	Xanthomonas sp. NCPPB 1131	487527	Genome sequencing of Xanthomonas NCPPB 1131	NCPPB 1131		NCPPB:1131	A.C. Hayward			BioSample: SAMN56511358; NCPPB_1131; SRA: SRS28401789	Musa x paradisiaca	American Samoa	1961		"{""biomaterial_provider"":[""A.C. Hayward""],""collected_by"":[""A.C. Hayward""],""collection_date"":[""1961""],""culture_collection"":[""NCPPB:1131""],""geo_loc_name"":[""American Samoa""],""host"":[""Musa x paradisiaca""],""sample_type"":[""Cell culture""],""strain"":[""NCPPB 1131""]}"	.cache/ncbi/v2_1/efetch_825ecc5bb14f6df0c57e704db5b70c5926b96686ad03393d6efd1aa18548fc76.xml	https://www.ncbi.nlm.nih.gov/biosample/SAMN56511358	ok	
9a5a419bbd06149334ec; fa7171f5fa0eebdd70d4	NCPPB 3200	ncppb_number	expected_genus:Xanthomonas; exact_full_identifier	NCPPB; NCPPB 3200	42923733	SAMN42923733	Xanthomonas sp. NCPPB 3200	487552	Genome sequencing of Xanthomonas sp. NCPPB 3200	NCPPB 3200		NCPPB:3200	J.F. Bradbury			BioSample: SAMN42923733; NCPPB3200; SRA: SRS22170124	Chrysanthemum x morifolium	Kenya	1979		"{""biomaterial_provider"":[""J.F. Bradbury""],""collected_by"":[""J.F. Bradbury""],""collection_date"":[""1979""],""culture_collection"":[""NCPPB:3200""],""geo_loc_name"":[""Kenya""],""host"":[""Chrysanthemum x morifolium""],""sample_type"":[""Cell culture""],""strain"":[""NCPPB 3200""]}"	.cache/ncbi/v2_1/efetch_b8a2dc52465e775fad057a87fb6945e3cc9613c772e40d22a4935fdc66a59fd3.xml	https://www.ncbi.nlm.nih.gov/biosample/SAMN42923733	ok	
9a5a419bbd06149334ec; 3a4946bc09fb5d43b819	NCPPB 3086	ncppb_number	expected_genus:Xanthomonas; exact_full_identifier	NCPPB; NCPPB 3086	42278568	SAMN42278568	Xanthomonas axonopodis pv. desmodiilaxiflori	487829	Genome sequencing of Xanthomonas axonopodis pv. desmodiilaxiflori (Pant & Kulkarni 1977) Vauterin et al. 1995 NCPPB 3086	NCPPB 3086		NCPPB:3086				BioSample: SAMN42278568; 3086; SRA: SRS21884766	Sohmaea laxiflora	India	1971		"{""collected_by"":[""ex ITCC 29 ex N.M. Pant""],""collection_date"":[""1971""],""culture_collection"":[""NCPPB:3086""],""geo_loc_name"":[""India""],""host"":[""Sohmaea laxiflora""],""pathovar"":[""desmodiilaxiflori""],""sample_type"":[""Cell culture""],""strain"":[""NCPPB 3086""],""type-material"":[""pathotype strain of Xanthomonas axonopodis pv. desmodiilaxiflori""]}"	.cache/ncbi/v2_1/efetch_8ec2141c87acd40792a90a4e277782ac1e620c234591cd9898396a29132fc936.xml	https://www.ncbi.nlm.nih.gov/biosample/SAMN42278568	ok	
9a5a419bbd06149334ec; 7d7a739f27c0e974ff9b	NCPPB 900	ncppb_number	expected_genus:Xanthomonas; exact_full_identifier	NCPPB; NCPPB 900	56511391	SAMN56511391	Xanthomonas axonopodis pv. vasculorum	325777	Genome sequencing of Xanthomonas NCPPB 900	NCPPB 900		NCPPB:900	A.C. Hayward			BioSample: SAMN56511391; NCPPB_900; SRA: SRS28401806	Saccharum officinarum	Reunion	1960		"{""biomaterial_provider"":[""A.C. Hayward""],""collected_by"":[""A.C. Hayward""],""collection_date"":[""1960""],""culture_collection"":[""NCPPB:900""],""geo_loc_name"":[""Reunion""],""host"":[""Saccharum officinarum""],""sample_type"":[""Cell culture""],""strain"":[""NCPPB 900""]}"	.cache/ncbi/v2_1/efetch_825ecc5bb14f6df0c57e704db5b70c5926b96686ad03393d6efd1aa18548fc76.xml	https://www.ncbi.nlm.nih.gov/biosample/SAMN56511391	ok	
9a5a419bbd06149334ec; 007f256e77f7c7756334	NCPPB 881	ncppb_number	expected_genus:Xanthomonas; exact_full_identifier	NCPPB; NCPPB 881	56511390	SAMN56511390	Xanthomonas hortorum ATCC 19865	925777	Genome sequencing of Xanthomonas NCPPB 881	NCPPB 881		NCPPB:881	D.Sutic			BioSample: SAMN56511390; NCPPB_881; SRA: SRS28401805	Solanum lycopersicum	Serbia	1953		"{""biomaterial_provider"":[""D.Sutic""],""collected_by"":[""D.Sutic""],""collection_date"":[""1953""],""culture_collection"":[""NCPPB:881""],""geo_loc_name"":[""Serbia""],""host"":[""Solanum lycopersicum""],""sample_type"":[""Cell culture""],""strain"":[""NCPPB 881""],""type-material"":[""type strain of Pseudomonas gardneri""]}"	.cache/ncbi/v2_1/efetch_825ecc5bb14f6df0c57e704db5b70c5926b96686ad03393d6efd1aa18548fc76.xml	https://www.ncbi.nlm.nih.gov/biosample/SAMN56511390	ok	
9a5a419bbd06149334ec; ba06ca2ace152775e00f	NCPPB 557	ncppb_number	expected_genus:Xanthomonas; exact_full_identifier	NCPPB; NCPPB 557	56511389	SAMN56511389	Xanthomonas citri	346	Genome sequencing of Xanthomonas NCPPB 557	NCPPB 557		NCPPB:557				BioSample: SAMN56511389; NCPPB_557; SRA: SRS28401804	Lablab purpureus	Sudan	1957		"{""collected_by"":[""K.A. Sabet""],""collection_date"":[""1957""],""culture_collection"":[""NCPPB:557""],""geo_loc_name"":[""Sudan""],""host"":[""Lablab purpureus""],""sample_type"":[""Cell culture""],""strain"":[""NCPPB 557""]}"	.cache/ncbi/v2_1/efetch_825ecc5bb14f6df0c57e704db5b70c5926b96686ad03393d6efd1aa18548fc76.xml	https://www.ncbi.nlm.nih.gov/biosample/SAMN56511389	ok	
9a5a419bbd06149334ec; d7bec21a0fce84a874e3	NCPPB 556	ncppb_number	expected_genus:Xanthomonas; exact_full_identifier	NCPPB; NCPPB 556	56511388	SAMN56511388	Xanthomonas citri	346	Genome sequencing of Xanthomonas NCPPB 556	NCPPB 556		NCPPB:556				BioSample: SAMN56511388; NCPPB_556; SRA: SRS28401803	Lablab purpureus	Sudan	1957		"{""collected_by"":[""K.A. Sabet""],""collection_date"":[""1957""],""culture_collection"":[""NCPPB:556""],""geo_loc_name"":[""Sudan""],""host"":[""Lablab purpureus""],""sample_type"":[""Cell culture""],""strain"":[""NCPPB 556""]}"	.cache/ncbi/v2_1/efetch_825ecc5bb14f6df0c57e704db5b70c5926b96686ad03393d6efd1aa18548fc76.xml	https://www.ncbi.nlm.nih.gov/biosample/SAMN56511388	ok	
9a5a419bbd06149334ec; 3e460d4244a0f30c585e	NCPPB 4682	ncppb_number	expected_genus:Xanthomonas; exact_full_identifier	NCPPB; NCPPB 4682	56511387	SAMN56511387	Xanthomonas campestris pv. campestris	340	Genome sequencing of Xanthomonas NCPPB 4682	NCPPB 4682 (Xc318)		NCPPB:4682	Tatjana Popovic Milanovic			BioSample: SAMN56511387; NCPPB_4682; SRA: SRS28401802	Brassica napus	Serbia	2014		"{""biomaterial_provider"":[""Tatjana Popovic Milanovic""],""collected_by"":[""Tatjana Popovic Milanovic""],""collection_date"":[""2014""],""culture_collection"":[""NCPPB:4682""],""geo_loc_name"":[""Serbia""],""host"":[""Brassica napus""],""sample_type"":[""Cell culture""],""strain"":[""NCPPB 4682 (Xc318)""]}"	.cache/ncbi/v2_1/efetch_825ecc5bb14f6df0c57e704db5b70c5926b96686ad03393d6efd1aa18548fc76.xml	https://www.ncbi.nlm.nih.gov/biosample/SAMN56511387	ok	
9a5a419bbd06149334ec; 256a3deda88e65a8b91a	NCPPB 4681	ncppb_number	expected_genus:Xanthomonas; exact_full_identifier	NCPPB; NCPPB 4681	56511386	SAMN56511386	Xanthomonas campestris pv. campestris	340	Genome sequencing of Xanthomonas NCPPB 4681	NCPPB 4681 (Xc27)		NCPPB:4681	Tatjana Popovic Milanovic			BioSample: SAMN56511386; NCPPB_4681; SRA: SRS28401801	Brassica napus	Serbia	2014		"{""biomaterial_provider"":[""Tatjana Popovic Milanovic""],""collected_by"":[""Tatjana Popovic Milanovic""],""collection_date"":[""2014""],""culture_collection"":[""NCPPB:4681""],""geo_loc_name"":[""Serbia""],""host"":[""Brassica napus""],""sample_type"":[""Cell culture""],""strain"":[""NCPPB 4681 (Xc27)""]}"	.cache/ncbi/v2_1/efetch_825ecc5bb14f6df0c57e704db5b70c5926b96686ad03393d6efd1aa18548fc76.xml	https://www.ncbi.nlm.nih.gov/biosample/SAMN56511386	ok	
9a5a419bbd06149334ec; a9e8d0ffe3a87848e1c6	NCPPB 4680	ncppb_number	expected_genus:Xanthomonas; exact_full_identifier	NCPPB; NCPPB 4680	56511385	SAMN56511385	Xanthomonas campestris pv. campestris	340	Genome sequencing of Xanthomonas NCPPB 4680	NCPPB 4680 (Xc23)		NCPPB:4680	Tatjana Popovic Milanovic			BioSample: SAMN56511385; NCPPB_4680; SRA: SRS28401799	Brassica napus	Serbia	2014		"{""biomaterial_provider"":[""Tatjana Popovic Milanovic""],""collected_by"":[""Tatjana Popovic Milanovic""],""collection_date"":[""2014""],""culture_collection"":[""NCPPB:4680""],""geo_loc_name"":[""Serbia""],""host"":[""Brassica napus""],""sample_type"":[""Cell culture""],""strain"":[""NCPPB 4680 (Xc23)""]}"	.cache/ncbi/v2_1/efetch_825ecc5bb14f6df0c57e704db5b70c5926b96686ad03393d6efd1aa18548fc76.xml	https://www.ncbi.nlm.nih.gov/biosample/SAMN56511385	ok	
9a5a419bbd06149334ec; 887dc6d8d53789a6cbc3	NCPPB 4679	ncppb_number	expected_genus:Xanthomonas; exact_full_identifier	NCPPB; NCPPB 4679	56511384	SAMN56511384	Xanthomonas campestris pv. campestris	340	Genome sequencing of Xanthomonas NCPPB 4679	NCPPB 4679 (Xc9)		NCPPB:4679	Tatjana Popovic Milanovic			BioSample: SAMN56511384; NCPPB_4679; SRA: SRS28401798	Brassica napus	Serbia	2014		"{""biomaterial_provider"":[""Tatjana Popovic Milanovic""],""collected_by"":[""Tatjana Popovic Milanovic""],""collection_date"":[""2014""],""culture_collection"":[""NCPPB:4679""],""geo_loc_name"":[""Serbia""],""host"":[""Brassica napus""],""sample_type"":[""Cell culture""],""strain"":[""NCPPB 4679 (Xc9)""]}"	.cache/ncbi/v2_1/efetch_825ecc5bb14f6df0c57e704db5b70c5926b96686ad03393d6efd1aa18548fc76.xml	https://www.ncbi.nlm.nih.gov/biosample/SAMN56511384	ok	
9a5a419bbd06149334ec; e5dcff8f4d82823b4883	NCPPB 4678	ncppb_number	expected_genus:Xanthomonas; exact_full_identifier	NCPPB; NCPPB 4678	56511383	SAMN56511383	Xanthomonas campestris pv. campestris	340	Genome sequencing of Xanthomonas NCPPB 4678	NCPPB 4678 (Xc6)		NCPPB:4678	Tatjana Popovic Milanovic			BioSample: SAMN56511383; NCPPB_4678; SRA: SRS28401797	Brassica napus	Serbia	2014		"{""biomaterial_provider"":[""Tatjana Popovic Milanovic""],""collected_by"":[""Tatjana Popovic Milanovic""],""collection_date"":[""2014""],""culture_collection"":[""NCPPB:4678""],""geo_loc_name"":[""Serbia""],""host"":[""Brassica napus""],""sample_type"":[""Cell culture""],""strain"":[""NCPPB 4678 (Xc6)""]}"	.cache/ncbi/v2_1/efetch_825ecc5bb14f6df0c57e704db5b70c5926b96686ad03393d6efd1aa18548fc76.xml	https://www.ncbi.nlm.nih.gov/biosample/SAMN56511383	ok	
9a5a419bbd06149334ec; 527522c384353d5f9ddf	NCPPB 4634	ncppb_number	expected_genus:Xanthomonas; exact_full_identifier	NCPPB; NCPPB 4634	56511382	SAMN56511382	Xanthomonas dyei	743699	Genome sequencing of Xanthomonas NCPPB 4634	NCPPB 4634		NCPPB:4634	Maureen Fletcher			BioSample: SAMN56511382; NCPPB_4634; SRA: SRS28401796	Olea europaea cv. Barnea	New Zealand	1997		"{""biomaterial_provider"":[""Maureen Fletcher""],""collected_by"":[""Robert K. Taylor""],""collection_date"":[""1997""],""culture_collection"":[""NCPPB:4634""],""geo_loc_name"":[""New Zealand""],""host"":[""Olea europaea cv. Barnea""],""sample_type"":[""Cell culture""],""strain"":[""NCPPB 4634""]}"	.cache/ncbi/v2_1/efetch_825ecc5bb14f6df0c57e704db5b70c5926b96686ad03393d6efd1aa18548fc76.xml	https://www.ncbi.nlm.nih.gov/biosample/SAMN56511382	ok	
9a5a419bbd06149334ec; 8b3b79722537cf278da1	NCPPB 4633	ncppb_number	expected_genus:Xanthomonas; exact_full_identifier	NCPPB; NCPPB 4633	56511381	SAMN56511381	Xanthomonas dyei	743699	Genome sequencing of Xanthomonas NCPPB 4633	NCPPB 4633		NCPPB:4633	Maureen Fletcher			BioSample: SAMN56511381; NCPPB_4633; SRA: SRS28401795	Diospyros kaki	New Zealand	1979		"{""biomaterial_provider"":[""Maureen Fletcher""],""collected_by"":[""J.M. Young""],""collection_date"":[""1979""],""culture_collection"":[""NCPPB:4633""],""geo_loc_name"":[""New Zealand""],""host"":[""Diospyros kaki""],""sample_type"":[""Cell culture""],""strain"":[""NCPPB 4633""]}"	.cache/ncbi/v2_1/efetch_825ecc5bb14f6df0c57e704db5b70c5926b96686ad03393d6efd1aa18548fc76.xml	https://www.ncbi.nlm.nih.gov/biosample/SAMN56511381	ok	
9a5a419bbd06149334ec; 24fd226be14e44e0f555	NCPPB 4632	ncppb_number	expected_genus:Xanthomonas; exact_full_identifier	NCPPB; NCPPB 4632	56511380	SAMN56511380	Xanthomonas dyei	743699	Genome sequencing of Xanthomonas NCPPB 4632	NCPPB 4632		NCPPB:4632	Maureen Fletcher			BioSample: SAMN56511380; NCPPB_4632; SRA: SRS28401794	Eucalyptus sp.	New Zealand	1978		"{""biomaterial_provider"":[""Maureen Fletcher""],""collected_by"":[""D.R.W. Watson""],""collection_date"":[""1978""],""culture_collection"":[""NCPPB:4632""],""geo_loc_name"":[""New Zealand""],""host"":[""Eucalyptus sp.""],""sample_type"":[""Cell culture""],""strain"":[""NCPPB 4632""]}"	.cache/ncbi/v2_1/efetch_825ecc5bb14f6df0c57e704db5b70c5926b96686ad03393d6efd1aa18548fc76.xml	https://www.ncbi.nlm.nih.gov/biosample/SAMN56511380	ok	
9a5a419bbd06149334ec; 0dfef139e1838558c8e5	NCPPB 4630	ncppb_number	expected_genus:Xanthomonas; exact_full_identifier	NCPPB; NCPPB 4630	56511379	SAMN56511379	Xanthomonas dyei	743699	Genome sequencing of Xanthomonas NCPPB 4630	NCPPB 4630		NCPPB:4630	Maureen Fletcher			BioSample: SAMN56511379; NCPPB_4630; SRA: SRS28401793	Aralia sp.	New Zealand	Not collected		"{""biomaterial_provider"":[""Maureen Fletcher""],""collected_by"":[""Douglas W. Dye""],""collection_date"":[""Not collected""],""culture_collection"":[""NCPPB:4630""],""geo_loc_name"":[""New Zealand""],""host"":[""Aralia sp.""],""sample_type"":[""Cell culture""],""strain"":[""NCPPB 4630""]}"	.cache/ncbi/v2_1/efetch_825ecc5bb14f6df0c57e704db5b70c5926b96686ad03393d6efd1aa18548fc76.xml	https://www.ncbi.nlm.nih.gov/biosample/SAMN56511379	ok	
9a5a419bbd06149334ec; 978c2c25ae773ff606d7	NCPPB 4629	ncppb_number	expected_genus:Xanthomonas; exact_full_identifier	NCPPB; NCPPB 4629	56511378	SAMN56511378	Xanthomonas dyei	743699	Genome sequencing of Xanthomonas NCPPB 4629	NCPPB 4629		NCPPB:4629	Maureen Fletcher			BioSample: SAMN56511378; NCPPB_4629; SRA: SRS28401792	Philotheca myoporoides	New Zealand	1967		"{""biomaterial_provider"":[""Maureen Fletcher""],""collected_by"":[""Douglas W. Dye""],""collection_date"":[""1967""],""culture_collection"":[""NCPPB:4629""],""geo_loc_name"":[""New Zealand""],""host"":[""Philotheca myoporoides""],""sample_type"":[""Cell culture""],""strain"":[""NCPPB 4629""]}"	.cache/ncbi/v2_1/efetch_825ecc5bb14f6df0c57e704db5b70c5926b96686ad03393d6efd1aa18548fc76.xml	https://www.ncbi.nlm.nih.gov/biosample/SAMN56511378	ok	
9a5a419bbd06149334ec; ce2ca9b4095cfce1f414	NCPPB 4594	ncppb_number	expected_genus:Xanthomonas; exact_full_identifier	NCPPB; NCPPB 4594	56511377	SAMN56511377	Xanthomonas cannabis pv. phaseoli	1885902	Genome sequencing of Xanthomonas NCPPB 4594	NCPPB 4594 (Nyagatare)		NCPPB:4594	Valentine Aritua			BioSample: SAMN56511377; NCPPB_4594; SRA: SRS28401791	Phaseolus vulgaris	Rwanda	2013		"{""biomaterial_provider"":[""Valentine Aritua""],""collected_by"":[""Fred Kato""],""collection_date"":[""2013""],""culture_collection"":[""NCPPB:4594""],""geo_loc_name"":[""Rwanda""],""host"":[""Phaseolus vulgaris""],""sample_type"":[""Cell culture""],""strain"":[""NCPPB 4594 (Nyagatare)""]}"	.cache/ncbi/v2_1/efetch_825ecc5bb14f6df0c57e704db5b70c5926b96686ad03393d6efd1aa18548fc76.xml	https://www.ncbi.nlm.nih.gov/biosample/SAMN56511377	ok	
9a5a419bbd06149334ec; bde22f8fdc937442b685	NCPPB 4446	ncppb_number	expected_genus:Xanthomonas; exact_full_identifier	NCPPB; NCPPB 4446	56511376	SAMN56511376	Xanthomonas dyei	743699	Genome sequencing of Xanthomonas NCPPB 4446	NCPPB 4446		NCPPB:4446	J. Young			BioSample: SAMN56511376; NCPPB_4446; SRA: SRS28401790	Metrosideros excelsa	New Zealand	2017		"{""biomaterial_provider"":[""J. Young""],""collection_date"":[""2017""],""culture_collection"":[""NCPPB:4446""],""geo_loc_name"":[""New Zealand""],""host"":[""Metrosideros excelsa""],""sample_type"":[""Cell culture""],""strain"":[""NCPPB 4446""],""type-material"":[""type strain of Xanthomonas dyei""]}"	.cache/ncbi/v2_1/efetch_825ecc5bb14f6df0c57e704db5b70c5926b96686ad03393d6efd1aa18548fc76.xml	https://www.ncbi.nlm.nih.gov/biosample/SAMN56511376	ok	
9a5a419bbd06149334ec; 13975423984341fdadc8	NCPPB 4367	ncppb_number	expected_genus:Xanthomonas; exact_full_identifier	NCPPB; NCPPB 4367	56511375	SAMN56511375	Xanthomonas dyei pv. dysoxyli	517755	Genome sequencing of Xanthomonas NCPPB 4367	NCPPB 4367		NCPPB:4367	J. Young			BioSample: SAMN56511375; NCPPB_4367; SRA: SRS28401788	Didymocheton spectabilis	New Zealand	2006		"{""biomaterial_provider"":[""J. Young""],""collected_by"":[""J. Young""],""collection_date"":[""2006""],""culture_collection"":[""NCPPB:4367""],""geo_loc_name"":[""New Zealand""],""host"":[""Didymocheton spectabilis""],""sample_type"":[""Cell culture""],""strain"":[""NCPPB 4367""]}"	.cache/ncbi/v2_1/efetch_825ecc5bb14f6df0c57e704db5b70c5926b96686ad03393d6efd1aa18548fc76.xml	https://www.ncbi.nlm.nih.gov/biosample/SAMN56511375	ok	
9a5a419bbd06149334ec; 299e2d6e016707e20b34	NCPPB 4364	ncppb_number	expected_genus:Xanthomonas; exact_full_identifier	NCPPB; NCPPB 4364	56511374	SAMN56511374	Xanthomonas dyei pv. dysoxyli	517755	Genome sequencing of Xanthomonas NCPPB 4364	NCPPB 4364		NCPPB:4364	J. Young			BioSample: SAMN56511374; NCPPB_4364; SRA: SRS28401787	Didymocheton spectabilis	New Zealand	1979		"{""biomaterial_provider"":[""J. Young""],""collected_by"":[""J. Young""],""collection_date"":[""1979""],""culture_collection"":[""NCPPB:4364""],""geo_loc_name"":[""New Zealand""],""host"":[""Didymocheton spectabilis""],""sample_type"":[""Cell culture""],""strain"":[""NCPPB 4364""]}"	.cache/ncbi/v2_1/efetch_825ecc5bb14f6df0c57e704db5b70c5926b96686ad03393d6efd1aa18548fc76.xml	https://www.ncbi.nlm.nih.gov/biosample/SAMN56511374	ok	
9a5a419bbd06149334ec; b20780b10adc681605f5	NCPPB 4363	ncppb_number	expected_genus:Xanthomonas; exact_full_identifier	NCPPB; NCPPB 4363	56511373	SAMN56511373	Xanthomonas dyei pv. dysoxyli	517755	Genome sequencing of Xanthomonas NCPPB 4363	NCPPB 4363		NCPPB:4363	J. Young			BioSample: SAMN56511373; NCPPB_4363; SRA: SRS28401786	Didymocheton spectabilis	New Zealand	1968		"{""biomaterial_provider"":[""J. Young""],""collected_by"":[""J. Young""],""collection_date"":[""1968""],""culture_collection"":[""NCPPB:4363""],""geo_loc_name"":[""New Zealand""],""host"":[""Didymocheton spectabilis""],""sample_type"":[""Cell culture""],""strain"":[""NCPPB 4363""],""type-material"":[""pathotype strain of Pseudomonas dysoxyli""]}"	.cache/ncbi/v2_1/efetch_825ecc5bb14f6df0c57e704db5b70c5926b96686ad03393d6efd1aa18548fc76.xml	https://www.ncbi.nlm.nih.gov/biosample/SAMN56511373	ok	
9a5a419bbd06149334ec; 5240e7b37e286a5e6416	NCPPB 4350	ncppb_number	expected_genus:Xanthomonas; exact_full_identifier	NCPPB; NCPPB 4350	56511372	SAMN56511372	Xanthomonas codiaei	56463	Genome sequencing of Xanthomonas NCPPB 4350	NCPPB 4350		NCPPB:4350	A.R. Chase			BioSample: SAMN56511372; NCPPB_4350; SRA: SRS28401785	Euphorbia pulcherrima	USA	1987		"{""biomaterial_provider"":[""A.R. Chase""],""collected_by"":[""A.R. Chase""],""collection_date"":[""1987""],""culture_collection"":[""NCPPB:4350""],""geo_loc_name"":[""USA""],""host"":[""Euphorbia pulcherrima""],""sample_type"":[""Cell culture""],""strain"":[""NCPPB 4350""]}"	.cache/ncbi/v2_1/efetch_825ecc5bb14f6df0c57e704db5b70c5926b96686ad03393d6efd1aa18548fc76.xml	https://www.ncbi.nlm.nih.gov/biosample/SAMN56511372	ok	
9a5a419bbd06149334ec; d2f015964ba3951de0ea	NCPPB 4013	ncppb_number	expected_genus:Xanthomonas; exact_full_identifier	NCPPB; NCPPB 4013	56511371	SAMN56511371	Xanthomonas campestris pv. asclepiadis	2887372	Genome sequencing of Xanthomonas NCPPB 4013	NCPPB 4013		NCPPB:4013	P. Lambrecht			BioSample: SAMN56511371; NCPPB_4013; SRA: SRS28401784	Asclepias syriaca	USA	Not collected		"{""biomaterial_provider"":[""P. Lambrecht""],""collection_date"":[""Not collected""],""culture_collection"":[""NCPPB:4013""],""geo_loc_name"":[""USA""],""host"":[""Asclepias syriaca""],""sample_type"":[""Cell culture""],""strain"":[""NCPPB 4013""],""type-material"":[""pathotype strain of Xanthomonas campestris pv. asclepiadis""]}"	.cache/ncbi/v2_1/efetch_825ecc5bb14f6df0c57e704db5b70c5926b96686ad03393d6efd1aa18548fc76.xml	https://www.ncbi.nlm.nih.gov/biosample/SAMN56511371	ok	
9a5a419bbd06149334ec; 1a246c124f050c773291	NCPPB 2439	ncppb_number	expected_genus:Xanthomonas; exact_full_identifier	NCPPB; NCPPB 2439	56511370	SAMN56511370	Xanthomonas campestris pv. zinniae	83854	Genome sequencing of Xanthomonas NCPPB 2439	NCPPB 2439		NCPPB:2439				BioSample: SAMN56511370; NCPPB_2439; SRA: SRS28401783	Zinnia elegans	Australia	1969		"{""collected_by"":[""A.C. Hayward""],""collection_date"":[""1969""],""culture_collection"":[""NCPPB:2439""],""geo_loc_name"":[""Australia""],""host"":[""Zinnia elegans""],""sample_type"":[""Cell culture""],""strain"":[""NCPPB 2439""]}"	.cache/ncbi/v2_1/efetch_825ecc5bb14f6df0c57e704db5b70c5926b96686ad03393d6efd1aa18548fc76.xml	https://www.ncbi.nlm.nih.gov/biosample/SAMN56511370	ok	
9a5a419bbd06149334ec; 55506c0e4030b5337625	NCPPB 2338	ncppb_number	expected_genus:Xanthomonas; exact_full_identifier	NCPPB; NCPPB 2338	56511369	SAMN56511369	Xanthomonas dyei pv. eucalypti	487864	Genome sequencing of Xanthomonas NCPPB 2338	NCPPB 2338		NCPPB:2338	R. Truman			BioSample: SAMN56511369; NCPPB_2338; SRA: SRS28401782	Corymbia citriodora	Australia	1967		"{""biomaterial_provider"":[""R. Truman""],""collection_date"":[""1967""],""culture_collection"":[""NCPPB:2338""],""geo_loc_name"":[""Australia""],""host"":[""Corymbia citriodora""],""sample_type"":[""Cell culture""],""strain"":[""NCPPB 2338""]}"	.cache/ncbi/v2_1/efetch_825ecc5bb14f6df0c57e704db5b70c5926b96686ad03393d6efd1aa18548fc76.xml	https://www.ncbi.nlm.nih.gov/biosample/SAMN56511369	ok	
9a5a419bbd06149334ec; 731e1d32ee1dea32281c	NCPPB 2190	ncppb_number	expected_genus:Xanthomonas; exact_full_identifier	NCPPB; NCPPB 2190	56511368	SAMN56511368	Xanthomonas campestris pv. esculenti	487863	Genome sequencing of Xanthomonas NCPPB 2190	NCPPB 2190		NCPPB:2190				BioSample: SAMN56511368; NCPPB_2190; SRA: SRS28401781	Abelmoschus esculentus	Brazil	1968		"{""collected_by"":[""C. F. Robbs""],""collection_date"":[""1968""],""culture_collection"":[""NCPPB:2190""],""geo_loc_name"":[""Brazil""],""host"":[""Abelmoschus esculentus""],""sample_type"":[""Cell culture""],""strain"":[""NCPPB 2190""]}"	.cache/ncbi/v2_1/efetch_825ecc5bb14f6df0c57e704db5b70c5926b96686ad03393d6efd1aa18548fc76.xml	https://www.ncbi.nlm.nih.gov/biosample/SAMN56511368	ok	
9a5a419bbd06149334ec; 066c1561480c242a8f50	NCPPB 2064	ncppb_number	expected_genus:Xanthomonas; exact_full_identifier	NCPPB; NCPPB 2064	56511367	SAMN56511367	Xanthomonas citri	346	Genome sequencing of Xanthomonas NCPPB 2064	NCPPB 2064		NCPPB:2064				BioSample: SAMN56511367; NCPPB_2064; SRA: SRS28401780	Lablab purpureus	Sudan	1965		"{""collected_by"":[""K.A. Sabet""],""collection_date"":[""1965""],""culture_collection"":[""NCPPB:2064""],""geo_loc_name"":[""Sudan""],""host"":[""Lablab purpureus""],""sample_type"":[""Cell culture""],""strain"":[""NCPPB 2064""]}"	.cache/ncbi/v2_1/efetch_825ecc5bb14f6df0c57e704db5b70c5926b96686ad03393d6efd1aa18548fc76.xml	https://www.ncbi.nlm.nih.gov/biosample/SAMN56511367	ok	
9a5a419bbd06149334ec; c2ec8d308b23449945a6	NCPPB 1933	ncppb_number	expected_genus:Xanthomonas; exact_full_identifier	NCPPB; NCPPB 1933	56511366	SAMN56511366	Xanthomonas arboricola pv. guizotiae	487867	Genome sequencing of Xanthomonas NCPPB 1933	NCPPB 1933		NCPPB:1933				BioSample: SAMN56511366; NCPPB_1933; SRA: SRS28401779	Guizotia abyssinica	Ethiopia	Not collected		"{""collected_by"":[""D. Yirgou""],""collection_date"":[""Not collected""],""culture_collection"":[""NCPPB:1933""],""geo_loc_name"":[""Ethiopia""],""host"":[""Guizotia abyssinica""],""sample_type"":[""Cell culture""],""strain"":[""NCPPB 1933""]}"	.cache/ncbi/v2_1/efetch_825ecc5bb14f6df0c57e704db5b70c5926b96686ad03393d6efd1aa18548fc76.xml	https://www.ncbi.nlm.nih.gov/biosample/SAMN56511366	ok	
9a5a419bbd06149334ec; d67f34edd47ef26cbebd	NCPPB 1932	ncppb_number	expected_genus:Xanthomonas; exact_full_identifier	NCPPB; NCPPB 1932	56511365	SAMN56511365	Xanthomonas arboricola pv. guizotiae	487867	Genome sequencing of Xanthomonas NCPPB 1932	NCPPB 1932		NCPPB:1932				BioSample: SAMN56511365; NCPPB_1932; SRA: SRS28401812	Guizotia abyssinica	Ethiopia	Not collected		"{""collected_by"":[""D. Yirgou""],""collection_date"":[""Not collected""],""culture_collection"":[""NCPPB:1932""],""geo_loc_name"":[""Ethiopia""],""host"":[""Guizotia abyssinica""],""sample_type"":[""Cell culture""],""strain"":[""NCPPB 1932""]}"	.cache/ncbi/v2_1/efetch_825ecc5bb14f6df0c57e704db5b70c5926b96686ad03393d6efd1aa18548fc76.xml	https://www.ncbi.nlm.nih.gov/biosample/SAMN56511365	ok	
9a5a419bbd06149334ec; d05524206a910a974acb	NCPPB 1713	ncppb_number	expected_genus:Xanthomonas; exact_full_identifier	NCPPB; NCPPB 1713	56511364	SAMN56511364	Xanthomonas citri	346	Genome sequencing of Xanthomonas NCPPB 1713	NCPPB 1713		NCPPB:1713				BioSample: SAMN56511364; NCPPB_1713; SRA: SRS28401811	Lablab purpureus	Zimbabwe	1962		"{""collected_by"":[""A.C. Hayward""],""collection_date"":[""1962""],""culture_collection"":[""NCPPB:1713""],""geo_loc_name"":[""Zimbabwe""],""host"":[""Lablab purpureus""],""sample_type"":[""Cell culture""],""strain"":[""NCPPB 1713""]}"	.cache/ncbi/v2_1/efetch_825ecc5bb14f6df0c57e704db5b70c5926b96686ad03393d6efd1aa18548fc76.xml	https://www.ncbi.nlm.nih.gov/biosample/SAMN56511364	ok	
9a5a419bbd06149334ec; 4cd614523c1ead49d2c8	NCPPB 1594	ncppb_number	expected_genus:Xanthomonas; exact_full_identifier	NCPPB; NCPPB 1594	56511363	SAMN56511363	Xanthomonas axonopodis pv. nakataecorchori	487835	Genome sequencing of Xanthomonas NCPPB 1594	NCPPB 1594		NCPPB:1594	M.K. Patel			BioSample: SAMN56511363; NCPPB_1594; SRA: SRS28401810	Corchorus aestuans	India	1961		"{""biomaterial_provider"":[""M.K. Patel""],""collected_by"":[""A.C. Padhya""],""collection_date"":[""1961""],""culture_collection"":[""NCPPB:1594""],""geo_loc_name"":[""India""],""host"":[""Corchorus aestuans""],""sample_type"":[""Cell culture""],""strain"":[""NCPPB 1594""]}"	.cache/ncbi/v2_1/efetch_825ecc5bb14f6df0c57e704db5b70c5926b96686ad03393d6efd1aa18548fc76.xml	https://www.ncbi.nlm.nih.gov/biosample/SAMN56511363	ok	
9a5a419bbd06149334ec; 3d22eefe426698a5ab0a	NCPPB 151	ncppb_number	expected_genus:Xanthomonas; exact_full_identifier	NCPPB; NCPPB 151	56511362	SAMN56511362	Xanthomonas campestris pv. papavericola	487881	Genome sequencing of Xanthomonas NCPPB 151	NCPPB 151		NCPPB:151	G. Orian			BioSample: SAMN56511362; NCPPB_151; SRA: SRS28401809	Argemone sp.	Mauritius	Not collected		"{""biomaterial_provider"":[""G. Orian""],""collection_date"":[""Not collected""],""culture_collection"":[""NCPPB:151""],""geo_loc_name"":[""Mauritius""],""host"":[""Argemone sp.""],""sample_type"":[""Cell culture""],""strain"":[""NCPPB 151""]}"	.cache/ncbi/v2_1/efetch_825ecc5bb14f6df0c57e704db5b70c5926b96686ad03393d6efd1aa18548fc76.xml	https://www.ncbi.nlm.nih.gov/biosample/SAMN56511362	ok	
9a5a419bbd06149334ec; 8b35737f17fcfdc57f5e	NCPPB 1337	ncppb_number	expected_genus:Xanthomonas; exact_full_identifier	NCPPB; NCPPB 1337	56511361	SAMN56511361	Xanthomonas axonopodis pv. nakataecorchori	487835	Genome sequencing of Xanthomonas NCPPB 1337	NCPPB 1337		NCPPB:1337				BioSample: SAMN56511361; NCPPB_1337; SRA: SRS28401808	Corchorus aestuans	India	1961		"{""collected_by"":[""A.C. Padhya""],""collection_date"":[""1961""],""culture_collection"":[""NCPPB:1337""],""geo_loc_name"":[""India""],""host"":[""Corchorus aestuans""],""sample_type"":[""Cell culture""],""strain"":[""NCPPB 1337""]}"	.cache/ncbi/v2_1/efetch_825ecc5bb14f6df0c57e704db5b70c5926b96686ad03393d6efd1aa18548fc76.xml	https://www.ncbi.nlm.nih.gov/biosample/SAMN56511361	ok	
9a5a419bbd06149334ec; 8fe0c6311074e2a72207	NCPPB 1155	ncppb_number	expected_genus:Xanthomonas; exact_full_identifier	NCPPB; NCPPB 1155	56511360	SAMN56511360	Xanthomonas dyei pv. laureliae	487872	Genome sequencing of Xanthomonas NCPPB 1155	NCPPB 1155		NCPPB:1155				BioSample: SAMN56511360; NCPPB_1155; SRA: SRS28401807	Laurelia novae-zelandiae	New Zealand	1960		"{""collected_by"":[""D.W. Dye""],""collection_date"":[""1960""],""culture_collection"":[""NCPPB:1155""],""geo_loc_name"":[""New Zealand""],""host"":[""Laurelia novae-zelandiae""],""sample_type"":[""Cell culture""],""strain"":[""NCPPB 1155""],""type-material"":[""pathotype strain of Xanthomonas laureliae""]}"	.cache/ncbi/v2_1/efetch_825ecc5bb14f6df0c57e704db5b70c5926b96686ad03393d6efd1aa18548fc76.xml	https://www.ncbi.nlm.nih.gov/biosample/SAMN56511360	ok	
9a5a419bbd06149334ec; 4aea593a653c91308ec9	NCPPB 1061	ncppb_number	expected_genus:Xanthomonas; exact_full_identifier	NCPPB; NCPPB 1061	56511357	SAMN56511357	Xanthomonas campestris pv. plantaginis	487888	Genome sequencing of Xanthomonas NCPPB 1061	NCPPB 1061		NCPPB:1061				BioSample: SAMN56511357; NCPPB_1061; SRA: SRS28401778	Plantago lanceolata	Ethiopia	1961		"{""collected_by"":[""A.C. Hayward""],""collection_date"":[""1961""],""culture_collection"":[""NCPPB:1061""],""geo_loc_name"":[""Ethiopia""],""host"":[""Plantago lanceolata""],""sample_type"":[""Cell culture""],""strain"":[""NCPPB 1061""]}"	.cache/ncbi/v2_1/efetch_825ecc5bb14f6df0c57e704db5b70c5926b96686ad03393d6efd1aa18548fc76.xml	https://www.ncbi.nlm.nih.gov/biosample/SAMN56511357	ok	
9a5a419bbd06149334ec; a4ed97e31668fdc9e2a4	NCPPB 1059	ncppb_number	expected_genus:Xanthomonas; exact_full_identifier	NCPPB; NCPPB 1059	56511356	SAMN56511356	Xanthomonas campestris pv. papavericola	487881	Genome sequencing of Xanthomonas NCPPB 1059	NCPPB 1059		NCPPB:1059				BioSample: SAMN56511356; NCPPB_1059; SRA: SRS28401777	Papaver somniferum	Ethiopia	1961		"{""collected_by"":[""A.C. Hayward""],""collection_date"":[""1961""],""culture_collection"":[""NCPPB:1059""],""geo_loc_name"":[""Ethiopia""],""host"":[""Papaver somniferum""],""sample_type"":[""Cell culture""],""strain"":[""NCPPB 1059""]}"	.cache/ncbi/v2_1/efetch_825ecc5bb14f6df0c57e704db5b70c5926b96686ad03393d6efd1aa18548fc76.xml	https://www.ncbi.nlm.nih.gov/biosample/SAMN56511356	ok	
9a5a419bbd06149334ec; c7821f111911c4e7f284	NCPPB 1759	ncppb_number	expected_genus:Xanthomonas; exact_full_identifier	NCPPB; NCPPB 1759	49561544	SAMN49561544	Xanthomonas citri pv. bilvae	487854	Microbe sample from Xanthomonas citri pv. bilvae	NCPPB 1759						BioSample: SAMN49561544; NCPPB1759	Limonia acidissima	India	1965		"{""collection_date"":[""1965""],""geo_loc_name"":[""India""],""host"":[""Limonia acidissima""],""sample_type"":[""cell culture""],""strain"":[""NCPPB 1759""]}"	.cache/ncbi/v2_1/efetch_fb49fcf5c2f6dce58c10306573e4f6c58da0b6b8f9c990f630c1da495a8a9c2e.xml	https://www.ncbi.nlm.nih.gov/biosample/SAMN49561544	ok	
9a5a419bbd06149334ec; 8e26e82da884441e8e9e	NCPPB 3213	ncppb_number	expected_genus:Xanthomonas; exact_full_identifier	NCPPB; NCPPB 3213	49561543	SAMN49561543	Xanthomonas citri pv. bilvae	487854	Microbe sample from Xanthomonas citri pv. bilvae	NCPPB 3213						BioSample: SAMN49561543; NCPPB3213	Aegle marmelos	India	1982		"{""collection_date"":[""1982""],""geo_loc_name"":[""India""],""host"":[""Aegle marmelos""],""sample_type"":[""cell culture""],""strain"":[""NCPPB 3213""]}"	.cache/ncbi/v2_1/efetch_fb49fcf5c2f6dce58c10306573e4f6c58da0b6b8f9c990f630c1da495a8a9c2e.xml	https://www.ncbi.nlm.nih.gov/biosample/SAMN49561543	ok	
9a5a419bbd06149334ec; 60489ebcb438bfb72b55	NCPPB 3761	ncppb_number	expected_genus:Xanthomonas; exact_full_identifier	NCPPB; NCPPB 3761	42161490	SAMN42161490	Xanthomonas sp. NCPPB 3761	487559	Genome sequencing of Xanthomonas sp. NCPPB 3761	NCPPB 3761		NCPPB:3761	R. Chand			BioSample: SAMN42161490; 3761; SRA: SRS21840237	Lathyrus oleraceus	India	1991		"{""Tax ID"":[""487559""],""biomaterial_provider"":[""R. Chand""],""collected_by"":[""R. Chand 4""],""collection_date"":[""1991""],""culture_collection"":[""NCPPB:3761""],""geo_loc_name"":[""India""],""host"":[""Lathyrus oleraceus""],""sample_type"":[""Cell culture""],""strain"":[""NCPPB 3761""]}"	.cache/ncbi/v2_1/efetch_94bc73f4953fbbd6003a6f71ebdfb4c8230335def592901b6432b2f2b09cab5b.xml	https://www.ncbi.nlm.nih.gov/biosample/SAMN42161490	ok	
9a5a419bbd06149334ec	NCPPB 1946	ncppb_number	expected_genus:Xanthomonas	NCPPB	36368324	SAMN36368324	Xanthomonas campestris pv. campestris	340	Genome sequencing of Xcc WHRI3883 (NCPPB 1946)	WHRI 3883 (NCPPB 1946)						BioSample: SAMN36368324; 3883; SRA: SRS18228609	Raphanus raphanistrum subsp. sativus	USA	1966		"{""Race"":[""5""],""collection_date"":[""1966""],""geo_loc_name"":[""USA""],""host"":[""Raphanus raphanistrum subsp. sativus""],""pathovar"":[""campestris""],""sample_type"":[""Cell culture""],""strain"":[""WHRI 3883 (NCPPB 1946)""]}"	.cache/ncbi/v2_1/efetch_780fbd8936fb24ced43d9056979d76fa93cd426bf4689a40c0a73a5bb1a24240.xml	https://www.ncbi.nlm.nih.gov/biosample/SAMN36368324	ok	
9a5a419bbd06149334ec	NCPPB 3566	ncppb_number	expected_genus:Xanthomonas	NCPPB	36346322	SAMN36346322	Xanthomonas campestris pv. campestris	340	Genome sequencing of Xcc WHRI 8804 (NCPPB 3566)	WHRI 8804 (NCPPB 3566)						BioSample: SAMN36346322; 8804; SRA: SRS18205268	Raphanus raphanistrum subsp. sativus	India	not collected		"{""collection_date"":[""not collected""],""geo_loc_name"":[""India""],""host"":[""Raphanus raphanistrum subsp. sativus""],""pathovar"":[""campestris""],""sample_type"":[""Cell culture""],""strain"":[""WHRI 8804 (NCPPB 3566)""]}"	.cache/ncbi/v2_1/efetch_e55a217eafd1f40b60947b9466882d1b8fc3a1639ac4d565d06aa0629904e8ae.xml	https://www.ncbi.nlm.nih.gov/biosample/SAMN36346322	ok	
9a5a419bbd06149334ec; ace709cba31153155b45	NCPPB 4379	ncppb_number	expected_genus:Xanthomonas; exact_full_identifier	NCPPB; NCPPB 4379	49535423	SAMN49535423	Xanthomonas vasicola pv. musacearum	454958	Microbe sample from Xanthomonas vasicola pv. musacearum	NCPPB 4379		NCPPB:4379	Valentine Aritua			BioSample: SAMN49535423; NCPPB_4379; SRA: SRS25468203	Musa sp.	Uganda:Kayunga	2005		"{""biomaterial_provider"":[""Valentine Aritua""],""collected_by"":[""Valentine Aritua""],""collection_date"":[""2005""],""culture_collection"":[""NCPPB:4379""],""geo_loc_name"":[""Uganda:Kayunga""],""host"":[""Musa sp.""],""sample_type"":[""Cell culture""],""strain"":[""NCPPB 4379""]}"	.cache/ncbi/v2_1/efetch_fb49fcf5c2f6dce58c10306573e4f6c58da0b6b8f9c990f630c1da495a8a9c2e.xml	https://www.ncbi.nlm.nih.gov/biosample/SAMN49535423	ok	
9a5a419bbd06149334ec; 00d37dfe93efbdc30bb5	NCPPB 4381	ncppb_number	expected_genus:Xanthomonas; exact_full_identifier	NCPPB; NCPPB 4381	49535422	SAMN49535422	Xanthomonas vasicola pv. musacearum	454958	Microbe sample from Xanthomonas vasicola pv. musacearum	NCPPB 4381		NCPPB:4381	Valentine Aritua			BioSample: SAMN49535422; NCPPB_4381; SRA: SRS25468202	Musa sp.	Uganda:Luwero	2005		"{""biomaterial_provider"":[""Valentine Aritua""],""collected_by"":[""Valentine Aritua""],""collection_date"":[""2005""],""culture_collection"":[""NCPPB:4381""],""geo_loc_name"":[""Uganda:Luwero""],""host"":[""Musa sp.""],""sample_type"":[""Cell culture""],""strain"":[""NCPPB 4381""]}"	.cache/ncbi/v2_1/efetch_fb49fcf5c2f6dce58c10306573e4f6c58da0b6b8f9c990f630c1da495a8a9c2e.xml	https://www.ncbi.nlm.nih.gov/biosample/SAMN49535422	ok	
9a5a419bbd06149334ec; bff73806d00d604cc23b	NCPPB 4395	ncppb_number	expected_genus:Xanthomonas; exact_full_identifier	NCPPB; NCPPB 4395	49535421	SAMN49535421	Xanthomonas vasicola pv. musacearum	454958	Microbe sample from Xanthomonas vasicola pv. musacearum	NCPPB 4395		NCPPB:4395	Valentine Aritua			BioSample: SAMN49535421; NCPPB_4395; SRA: SRS25468201	Musa sp.	Tanzania:Kagera	2007		"{""biomaterial_provider"":[""Valentine Aritua""],""collected_by"":[""Valentine Aritua""],""collection_date"":[""2007""],""culture_collection"":[""NCPPB:4395""],""geo_loc_name"":[""Tanzania:Kagera""],""host"":[""Musa sp.""],""sample_type"":[""Cell culture""],""strain"":[""NCPPB 4395""]}"	.cache/ncbi/v2_1/efetch_fb49fcf5c2f6dce58c10306573e4f6c58da0b6b8f9c990f630c1da495a8a9c2e.xml	https://www.ncbi.nlm.nih.gov/biosample/SAMN49535421	ok	
9a5a419bbd06149334ec; cd2d13c05c2f7fb598d0	NCPPB 2251	ncppb_number	expected_genus:Xanthomonas; exact_full_identifier	NCPPB; NCPPB 2251	49535420	SAMN49535420	Xanthomonas vasicola pv. musacearum	454958	Microbe sample from Xanthomonas vasicola pv. musacearum	NCPPB 2251		NCPPB:2251	J.F. Bradbury			BioSample: SAMN49535420; NCPPB_2251; SRA: SRS25468200	Musa sp.	Ethiopia	1967		"{""biomaterial_provider"":[""J.F. Bradbury""],""collected_by"":[""ex D. Yirgou""],""collection_date"":[""1967""],""culture_collection"":[""NCPPB:2251""],""geo_loc_name"":[""Ethiopia""],""host"":[""Musa sp.""],""sample_type"":[""Cell culture""],""strain"":[""NCPPB 2251""]}"	.cache/ncbi/v2_1/efetch_fb49fcf5c2f6dce58c10306573e4f6c58da0b6b8f9c990f630c1da495a8a9c2e.xml	https://www.ncbi.nlm.nih.gov/biosample/SAMN49535420	ok	
9a5a419bbd06149334ec; b686998d9285a3908faa	NCPPB 2005	ncppb_number	expected_genus:Xanthomonas; exact_full_identifier	NCPPB; NCPPB 2005	49535419	SAMN49535419	Xanthomonas vasicola pv. musacearum	454958	Microbe sample from Xanthomonas vasicola pv. musacearum	NCPPB 2005		NCPPB:2005	J.F. Bradbury			BioSample: SAMN49535419; NCPPB_2005; SRA: SRS25468199	Ensete ventricosum	Ethiopia	1966		"{""biomaterial_provider"":[""J.F. Bradbury""],""collected_by"":[""ex D. Yirgou""],""collection_date"":[""1966""],""culture_collection"":[""NCPPB:2005""],""geo_loc_name"":[""Ethiopia""],""host"":[""Ensete ventricosum""],""sample_type"":[""Cell culture""],""strain"":[""NCPPB 2005""],""type-material"":[""pathotype strain of Xanthomonas musacearum""]}"	.cache/ncbi/v2_1/efetch_fb49fcf5c2f6dce58c10306573e4f6c58da0b6b8f9c990f630c1da495a8a9c2e.xml	https://www.ncbi.nlm.nih.gov/biosample/SAMN49535419	ok	
9a5a419bbd06149334ec; b8b154beaad41addfa43	NCPPB 3709	ncppb_number	expected_genus:Xanthomonas; exact_full_identifier	NCPPB; NCPPB 3709	19468006	SAMN19468006	Xanthomonas graminis pv. graminis	134874	Xanthomonas translucens pv. graminis NCPPB 3709	NCPPB 3709						BioSample: SAMN19468006; XTG_NCPPB3709	Lolium multiflorum	Norway	1990		"{""collected_by"":[""A. Sletten""],""collection_date"":[""1990""],""geo_loc_name"":[""Norway""],""host"":[""Lolium multiflorum""],""pathovar"":[""graminis""],""sample_type"":[""whole organism""],""strain"":[""NCPPB 3709""]}"	.cache/ncbi/v2_1/efetch_37d8944caa924bec9d37b885aef8093954bac3495e037f63b1aeb634992f5a21.xml	https://www.ncbi.nlm.nih.gov/biosample/SAMN19468006	ok	
9a5a419bbd06149334ec; 8eddbea125580bbcb7d5	NCPPB 3711	ncppb_number	expected_genus:Xanthomonas; exact_full_identifier	NCPPB; NCPPB 3711	19021786	SAMN19021786	Xanthomonas graminis pv. graminis	134874	Xanthomonas translucens pv. graminis NCPPB 3711	NCPPB 3711		NCPPB:3711				BioSample: SAMN19021786; XTG_NCPPB3711	Phalaris arundinacea	Norway	1990		"{""collected_by"":[""A. Sletten""],""collection_date"":[""1990""],""culture_collection"":[""NCPPB:3711""],""geo_loc_name"":[""Norway""],""host"":[""Phalaris arundinacea""],""pathovar"":[""graminis""],""sample_type"":[""whole organism""],""strain"":[""NCPPB 3711""]}"	.cache/ncbi/v2_1/efetch_cbe376b0c133682caa7daeaad578e491957f7de946720278e1c8d38e13a3b4b6.xml	https://www.ncbi.nlm.nih.gov/biosample/SAMN19021786	ok	
9a5a419bbd06149334ec	NCPPB 3709	ncppb_number	expected_genus:Xanthomonas	NCPPB	6159902	SAMEA4072397	Xanthomonas graminis pv. graminis	134874	Draft genome sequence of Xanthomonas translucens pv. graminis NCPPB 3709		NCPPB 3709			3709		BioSample: SAMEA4072397; SRA: ERS1243507			2011		"{""ENA first public"":[""2016-12-15""],""ENA last update"":[""2016-10-21""],""ENA-CHECKLIST"":[""ERC000020""],""External Id"":[""SAMEA4072397""],""INSDC center alias"":[""CEBITEC""],""INSDC center name"":[""Center for Biotechnology, Bielefeld University""],""INSDC first public"":[""2016-12-15T17:01:21Z""],""INSDC last update"":[""2016-10-21T09:42:18Z""],""INSDC status"":[""public""],""Submitter Id"":[""3709""],""collection date"":[""2011""],""environment (biome)"":[""grass""],""environment (feature)"":[""grass""],""environment (material)"":[""grass""],""geographic location (country and/or sea)"":[""Norway""],""geographic location (latitude)"":[""59.55""],""geographic location (longitude)"":[""10.45""],""investigation type"":[""mimarks-survey""],""isolate"":[""NCPPB 3709""],""pathovar"":[""graminis""],""plant-associated environmental package"":[""plant-associated""],""project name"":[""3709""],""sample name"":[""3709""],""sequencing method"":[""Illumina MiSeq""]}"	.cache/ncbi/v2_1/efetch_3f582a594609bb470f3151d75429d96009724f647e7971ebfba655eb732c664f.xml	https://www.ncbi.nlm.nih.gov/biosample/SAMEA4072397	ok	
9a5a419bbd06149334ec; a0c6e7888d855c616421	NCPPB 1943	ncppb_number	expected_genus:Xanthomonas; exact_full_identifier	NCPPB; NCPPB 1943	5258070	SAMN05258070	Xanthomonas cerealis pv. cerealis	152263	Microbe sample from Xanthomonas cerealis pv. cerealis	NCPPB1943		NCPPB:1943				BioSample: SAMN05258070; NCPPB1943; SRA: SRS1860214	Hordeum vulgare	USA	1942		"{""collection_date"":[""1942""],""culture_collection"":[""NCPPB:1943""],""geo_loc_name"":[""USA""],""host"":[""Hordeum vulgare""],""pathovar"":[""cerealis""],""sample_type"":[""cell culture""],""strain"":[""NCPPB1943""]}"	.cache/ncbi/v2_1/efetch_3f582a594609bb470f3151d75429d96009724f647e7971ebfba655eb732c664f.xml	https://www.ncbi.nlm.nih.gov/biosample/SAMN05258070	ok	
9a5a419bbd06149334ec; 5240e7b37e286a5e6416	NCPPB 4350	ncppb_number	expected_genus:Xanthomonas; exact_full_identifier	NCPPB; NCPPB 4350	44672901	SAMN44672901	Xanthomonas codiaei	56463	Microbe sample from Xanthomonas codiaei	NCPPB 4350		NCPPB:4350	A.R. Chase			BioSample: SAMN44672901; NCPPB4350; SRA: SRS23176291	Euphorbia pulcherrima	USA	1987		"{""biomaterial_provider"":[""A.R. Chase""],""collected_by"":[""A.R. Chase""],""collection_date"":[""1987""],""culture_collection"":[""NCPPB:4350""],""geo_loc_name"":[""USA""],""host"":[""Euphorbia pulcherrima""],""sample_type"":[""Cell culture""],""strain"":[""NCPPB 4350""]}"	.cache/ncbi/v2_1/efetch_b8a2dc52465e775fad057a87fb6945e3cc9613c772e40d22a4935fdc66a59fd3.xml	https://www.ncbi.nlm.nih.gov/biosample/SAMN44672901	ok	
9a5a419bbd06149334ec; 3e460d4244a0f30c585e	NCPPB 4682	ncppb_number	expected_genus:Xanthomonas; exact_full_identifier	NCPPB; NCPPB 4682	43286082	SAMN43286082	Xanthomonas campestris pv. campestris	340	Genome sequencing of Xanthomonas campestris NCPPB 4682 at Fera	NCPPB 4682		NCPPB:4682				BioSample: SAMN43286082; NCPPB 4682; SRA: SRS22419060	Brassica napus	Serbia	2014		"{""collected_by"":[""Tatjana Popovic""],""collection_date"":[""2014""],""culture_collection"":[""NCPPB:4682""],""geo_loc_name"":[""Serbia""],""host"":[""Brassica napus""],""note"":[""Xc318""],""pathovar"":[""campestris""],""sample_type"":[""Cell culture""],""strain"":[""NCPPB 4682""]}"	.cache/ncbi/v2_1/efetch_b8a2dc52465e775fad057a87fb6945e3cc9613c772e40d22a4935fdc66a59fd3.xml	https://www.ncbi.nlm.nih.gov/biosample/SAMN43286082	ok	
9a5a419bbd06149334ec; a9e8d0ffe3a87848e1c6	NCPPB 4680	ncppb_number	expected_genus:Xanthomonas; exact_full_identifier	NCPPB; NCPPB 4680	43286081	SAMN43286081	Xanthomonas campestris pv. campestris	340	Genome sequencing of Xanthomonas campestris NCPPB 4680 at Fera	NCPPB 4680		NCPPB:4680				BioSample: SAMN43286081; NCPPB 4680; SRA: SRS22419058	Brassica napus	Serbia	2014		"{""collected_by"":[""Tatjana Popovic""],""collection_date"":[""2014""],""culture_collection"":[""NCPPB:4680""],""geo_loc_name"":[""Serbia""],""host"":[""Brassica napus""],""note"":[""Xc23""],""pathovar"":[""campestris""],""sample_type"":[""Cell culture""],""strain"":[""NCPPB 4680""]}"	.cache/ncbi/v2_1/efetch_b8a2dc52465e775fad057a87fb6945e3cc9613c772e40d22a4935fdc66a59fd3.xml	https://www.ncbi.nlm.nih.gov/biosample/SAMN43286081	ok	
9a5a419bbd06149334ec; e5dcff8f4d82823b4883	NCPPB 4678	ncppb_number	expected_genus:Xanthomonas; exact_full_identifier	NCPPB; NCPPB 4678	43286080	SAMN43286080	Xanthomonas campestris pv. campestris	340	Genome sequencing of Xanthomonas campestris NCPPB 4678 at Fera	NCPPB 4678		NCPPB:4678				BioSample: SAMN43286080; NCPPB 4678; SRA: SRS22419059	Brassica napus	Serbia	2014		"{""collected_by"":[""Tatjana Popovic""],""collection_date"":[""2014""],""culture_collection"":[""NCPPB:4678""],""geo_loc_name"":[""Serbia""],""host"":[""Brassica napus""],""note"":[""Xc6""],""pathovar"":[""campestris""],""sample_type"":[""Cell culture""],""strain"":[""NCPPB 4678""]}"	.cache/ncbi/v2_1/efetch_b8a2dc52465e775fad057a87fb6945e3cc9613c772e40d22a4935fdc66a59fd3.xml	https://www.ncbi.nlm.nih.gov/biosample/SAMN43286080	ok	
9a5a419bbd06149334ec; c61eed97f47eaf1eb8ce	NCPPB 2922	ncppb_number	expected_genus:Xanthomonas; exact_full_identifier	NCPPB; NCPPB 2922	43286070	SAMN43286070	Xanthomonas sp. NCPPB 2922	487547	Genome sequencing of X. campestris NCPPB 2922 at Fera	NCPPB 2922		NCPPB:2922	J.F. Bradbury			BioSample: SAMN43286070; NCPPB2922; SRA: SRS22419056	Matthiola incana	Zimbabwe	1977		"{""biomaterial_provider"":[""J.F. Bradbury""],""collected_by"":[""J.F. Bradbury""],""collection_date"":[""1977""],""culture_collection"":[""NCPPB:2922""],""geo_loc_name"":[""Zimbabwe""],""host"":[""Matthiola incana""],""sample_type"":[""Cell culture""],""strain"":[""NCPPB 2922""]}"	.cache/ncbi/v2_1/efetch_b8a2dc52465e775fad057a87fb6945e3cc9613c772e40d22a4935fdc66a59fd3.xml	https://www.ncbi.nlm.nih.gov/biosample/SAMN43286070	ok	
9a5a419bbd06149334ec; abbf6b065ea7504a7762	NCPPB 1144	ncppb_number	expected_genus:Xanthomonas; exact_full_identifier	NCPPB; NCPPB 1144	43286083	SAMN43286083	Xanthomonas campestris pv. campestris	340	Genome sequencing of Xanthomonas campestris NCPPB 1144 at Fera	NCPPB 1144		NCPPB:1144				BioSample: SAMN43286083; NCPPB 1144; SRA: SRS22419062	Brassica oleracea var. capitata	United Kingdom	1962		"{""collected_by"":[""L.A.E. Baker X9""],""collection_date"":[""1962""],""culture_collection"":[""NCPPB:1144""],""geo_loc_name"":[""United Kingdom""],""host"":[""Brassica oleracea var. capitata""],""pathovar"":[""campestris""],""sample_type"":[""Cell culture""],""strain"":[""NCPPB 1144""]}"	.cache/ncbi/v2_1/efetch_b8a2dc52465e775fad057a87fb6945e3cc9613c772e40d22a4935fdc66a59fd3.xml	https://www.ncbi.nlm.nih.gov/biosample/SAMN43286083	ok	
9a5a419bbd06149334ec; 262977f1d6905369cb60	NCPPB 3927	ncppb_number	expected_genus:Xanthomonas; exact_full_identifier	NCPPB; NCPPB 3927	43286079	SAMN43286079	Xanthomonas campestris pv. campestris	340	Genome sequencing of Xanthomonas campestris NCPPB 3927 at Fera	NCPPB 3927		NCPPB:3927	J.R Neto			BioSample: SAMN43286079; NCPPB 3927; SRA: SRS22419057	Brassica napus var. olerfera	Brazil	1994		"{""biomaterial_provider"":[""J.R Neto""],""collected_by"":[""ex V.A. Malarotta Jr.""],""collection_date"":[""1994""],""culture_collection"":[""NCPPB:3927""],""geo_loc_name"":[""Brazil""],""host"":[""Brassica napus var. olerfera""],""pathovar"":[""campestris""],""sample_type"":[""Cell culture""],""strain"":[""NCPPB 3927""]}"	.cache/ncbi/v2_1/efetch_b8a2dc52465e775fad057a87fb6945e3cc9613c772e40d22a4935fdc66a59fd3.xml	https://www.ncbi.nlm.nih.gov/biosample/SAMN43286079	ok	
9a5a419bbd06149334ec; ee7455f465848a14c6f7	NCPPB 2586	ncppb_number	expected_genus:Xanthomonas; exact_full_identifier	NCPPB; NCPPB 2586	42161505	SAMN42161505	Xanthomonas sp. NCPPB 2586	487540	Genome sequencing of Xanthomonas sp. NCPPB 2586	NCPPB 2586		NCPPB:2586	S.Vir			BioSample: SAMN42161505; 2586; SRA: SRS21840223	Brassica juncea	India	1972		"{""Tax ID"":[""487540""],""biomaterial_provider"":[""S.Vir""],""collected_by"":[""S.Vir""],""collection_date"":[""1972""],""culture_collection"":[""NCPPB:2586""],""geo_loc_name"":[""India""],""host"":[""Brassica juncea""],""sample_type"":[""Cell culture""],""strain"":[""NCPPB 2586""]}"	.cache/ncbi/v2_1/efetch_8ec2141c87acd40792a90a4e277782ac1e620c234591cd9898396a29132fc936.xml	https://www.ncbi.nlm.nih.gov/biosample/SAMN42161505	ok	
9a5a419bbd06149334ec; f90d5a7ee3b5f5db2699	NCPPB 1754	ncppb_number	expected_genus:Xanthomonas; exact_full_identifier	NCPPB; NCPPB 1754	42161502	SAMN42161502	Xanthomonas sp. NCPPB 1754	487536	Genome sequencing of Xanthomonas sp. NCPPB 1754	NCPPB 1754		NCPPB:1754	M.J. Thirumalachar			BioSample: SAMN42161502; 1754; SRA: SRS21840218	Celsia sp.	India	Not collected		"{""Tax ID"":[""487536""],""biomaterial_provider"":[""M.J. Thirumalachar""],""collected_by"":[""ex M.C. Srinivasan""],""collection_date"":[""Not collected""],""culture_collection"":[""NCPPB:1754""],""geo_loc_name"":[""India""],""host"":[""Celsia sp.""],""sample_type"":[""Cell culture""],""strain"":[""NCPPB 1754""]}"	.cache/ncbi/v2_1/efetch_94bc73f4953fbbd6003a6f71ebdfb4c8230335def592901b6432b2f2b09cab5b.xml	https://www.ncbi.nlm.nih.gov/biosample/SAMN42161502	ok	
9a5a419bbd06149334ec; 1431aa3d05fff274cf24	NCPPB 1560	ncppb_number	expected_genus:Xanthomonas; exact_full_identifier	NCPPB; NCPPB 1560	42161500	SAMN42161500	Xanthomonas sp. NCPPB 1560	487533	Genome sequencing of Xanthomonas sp. NCPPB 1560	NCPPB 1560		NCPPB:1560	R.A. Lelliott			BioSample: SAMN42161500; 1560; SRA: SRS21840215	Lobelia erinus	United Kingdom	1963		"{""Tax ID"":[""487533""],""biomaterial_provider"":[""R.A. Lelliott""],""collected_by"":[""R.A. Lelliott 479""],""collection_date"":[""1963""],""culture_collection"":[""NCPPB:1560""],""geo_loc_name"":[""United Kingdom""],""host"":[""Lobelia erinus""],""sample_type"":[""Cell culture""],""strain"":[""NCPPB 1560""]}"	.cache/ncbi/v2_1/efetch_94bc73f4953fbbd6003a6f71ebdfb4c8230335def592901b6432b2f2b09cab5b.xml	https://www.ncbi.nlm.nih.gov/biosample/SAMN42161500	ok	
9a5a419bbd06149334ec; 961316f89c400300fdd0	NCPPB 1325	ncppb_number	expected_genus:Xanthomonas; exact_full_identifier	NCPPB; NCPPB 1325	42161499	SAMN42161499	Xanthomonas sp. NCPPB 1325	487529	Genome sequencing of Xanthomonas sp. NCPPB 1325	NCPPB 1325		NCPPB:1325	A.C. Hayward			BioSample: SAMN42161499; 1325; SRA: SRS21840221	Helianthus annuus	Uganda	1962		"{""Tax ID"":[""487529""],""biomaterial_provider"":[""A.C. Hayward""],""collected_by"":[""ex C.L.A. Leakey""],""collection_date"":[""1962""],""culture_collection"":[""NCPPB:1325""],""geo_loc_name"":[""Uganda""],""host"":[""Helianthus annuus""],""sample_type"":[""Cell culture""],""strain"":[""NCPPB 1325""]}"	.cache/ncbi/v2_1/efetch_94bc73f4953fbbd6003a6f71ebdfb4c8230335def592901b6432b2f2b09cab5b.xml	https://www.ncbi.nlm.nih.gov/biosample/SAMN42161499	ok	
9a5a419bbd06149334ec; b5b2fd945ae7d02ea625	NCPPB 1068	ncppb_number	expected_genus:Xanthomonas; exact_full_identifier	NCPPB; NCPPB 1068	42161498	SAMN42161498	Xanthomonas sp. NCPPB 1068	487525	Genome sequencing of Xanthomonas sp. NCPPB 1068	NCPPB 1068		NCPPB:1068	A.C. Hayward			BioSample: SAMN42161498; 1068; SRA: SRS21840220	Nicotiana tabacum	Malawi	1961		"{""Tax ID"":[""487525""],""biomaterial_provider"":[""A.C. Hayward""],""collected_by"":[""A.C. Hayward B689A""],""collection_date"":[""1961""],""culture_collection"":[""NCPPB:1068""],""geo_loc_name"":[""Malawi""],""host"":[""Nicotiana tabacum""],""sample_type"":[""Cell culture""],""strain"":[""NCPPB 1068""]}"	.cache/ncbi/v2_1/efetch_94bc73f4953fbbd6003a6f71ebdfb4c8230335def592901b6432b2f2b09cab5b.xml	https://www.ncbi.nlm.nih.gov/biosample/SAMN42161498	ok	
9a5a419bbd06149334ec; 9a592ad2f631502ba14f	NCPPB 1062	ncppb_number	expected_genus:Xanthomonas; exact_full_identifier	NCPPB; NCPPB 1062	42161497	SAMN42161497	Xanthomonas sp. NCPPB 1062	487523	Genome sequencing of Xanthomonas sp. NCPPB 1062	NCPPB 1062		NCPPB:1062	A.C. Hayward			BioSample: SAMN42161497; 1062; SRA: SRS21840214	Dioscorea esculenta	Papua New Guinea	1961		"{""Tax ID"":[""487523""],""biomaterial_provider"":[""A.C. Hayward""],""collected_by"":[""A.C. Hayward B644""],""collection_date"":[""1961""],""culture_collection"":[""NCPPB:1062""],""geo_loc_name"":[""Papua New Guinea""],""host"":[""Dioscorea esculenta""],""sample_type"":[""Cell culture""],""strain"":[""NCPPB 1062""]}"	.cache/ncbi/v2_1/efetch_94bc73f4953fbbd6003a6f71ebdfb4c8230335def592901b6432b2f2b09cab5b.xml	https://www.ncbi.nlm.nih.gov/biosample/SAMN42161497	ok	
9a5a419bbd06149334ec; 51963884a5c64208230b	NCPPB 4468	ncppb_number	expected_genus:Xanthomonas; exact_full_identifier	NCPPB; NCPPB 4468	42161495	SAMN42161495	Xanthomonas sp. NCPPB 4468	3243405	Genome sequencing of Xanthomonas dyei pv. lobeliae NCPPB 4468	NCPPB 4468		NCPPB:4468				BioSample: SAMN42161495; 4468; SRA: SRS21840212	Lobelia erinus	Not collected	Not collected		"{""collection_date"":[""Not collected""],""culture_collection"":[""NCPPB:4468""],""geo_loc_name"":[""Not collected""],""host"":[""Lobelia erinus""],""sample_type"":[""Cell culture""],""strain"":[""NCPPB 4468""]}"	.cache/ncbi/v2_1/efetch_94bc73f4953fbbd6003a6f71ebdfb4c8230335def592901b6432b2f2b09cab5b.xml	https://www.ncbi.nlm.nih.gov/biosample/SAMN42161495	ok	
9a5a419bbd06149334ec; 70924eb177ffbf373cc3	NCPPB 4037	ncppb_number	expected_genus:Xanthomonas; exact_full_identifier	NCPPB; NCPPB 4037	42161492	SAMN42161492	Xanthomonas sp. NCPPB 4037	487568	Genome sequencing of Xanthomonas sp. NCPPB 4037	NCPPB 4037		NCPPB:4037	A. Aspin			BioSample: SAMN42161492; 4037; SRA: SRS21840239	Nemesia sp.	United Kingdom	1998		"{""Tax ID"":[""487568""],""biomaterial_provider"":[""A. Aspin""],""collected_by"":[""A. Aspin""],""collection_date"":[""1998""],""culture_collection"":[""NCPPB:4037""],""geo_loc_name"":[""United Kingdom""],""host"":[""Nemesia sp.""],""sample_type"":[""Cell culture""],""strain"":[""NCPPB 4037""]}"	.cache/ncbi/v2_1/efetch_94bc73f4953fbbd6003a6f71ebdfb4c8230335def592901b6432b2f2b09cab5b.xml	https://www.ncbi.nlm.nih.gov/biosample/SAMN42161492	ok	
9a5a419bbd06149334ec; 7bd76cabb3c7d8ec76f3	NCPPB 3583	ncppb_number	expected_genus:Xanthomonas; exact_full_identifier	NCPPB; NCPPB 3583	42161489	SAMN42161489	Xanthomonas sp. NCPPB 3583	487558	Genome sequencing of Xanthomonas sp. NCPPB 3583	NCPPB 3583		NCPPB:3583				BioSample: SAMN42161489; 3583; SRA: SRS21840236	Strelitzia reginae	USA	Not collected		"{""Tax ID"":[""487558""],""collected_by"":[""A R. Chase X 154""],""collection_date"":[""Not collected""],""culture_collection"":[""NCPPB:3583""],""geo_loc_name"":[""USA""],""host"":[""Strelitzia reginae""],""sample_type"":[""Cell culture""],""strain"":[""NCPPB 3583""]}"	.cache/ncbi/v2_1/efetch_94bc73f4953fbbd6003a6f71ebdfb4c8230335def592901b6432b2f2b09cab5b.xml	https://www.ncbi.nlm.nih.gov/biosample/SAMN42161489	ok	
9a5a419bbd06149334ec; 5b2cfc3c978af98cff25	NCPPB 3582	ncppb_number	expected_genus:Xanthomonas; exact_full_identifier	NCPPB; NCPPB 3582	42161488	SAMN42161488	Xanthomonas sp. NCPPB 3582	487557	Genome sequencing of Xanthomonas sp. NCPPB 3582	NCPPB 3582		NCPPB:3582				BioSample: SAMN42161488; 3582; SRA: SRS21840233	Strelitzia reginae	USA	Not collected		"{""Tax ID"":[""487557""],""collected_by"":[""A.R. Chase X144""],""collection_date"":[""Not collected""],""culture_collection"":[""NCPPB:3582""],""geo_loc_name"":[""USA""],""host"":[""Strelitzia reginae""],""sample_type"":[""Cell culture""],""strain"":[""NCPPB 3582""]}"	.cache/ncbi/v2_1/efetch_94bc73f4953fbbd6003a6f71ebdfb4c8230335def592901b6432b2f2b09cab5b.xml	https://www.ncbi.nlm.nih.gov/biosample/SAMN42161488	ok	
9a5a419bbd06149334ec; 084757a078fd7863d07e	NCPPB 3569	ncppb_number	expected_genus:Xanthomonas; exact_full_identifier	NCPPB; NCPPB 3569	42161486	SAMN42161486	Xanthomonas sp. NCPPB 3569	487554	Genome sequencing of Xanthomonas sp. NCPPB 3569	NCPPB 3569		NCPPB:3569				BioSample: SAMN42161486; 3569; SRA: SRS21840210	Ipomoea batatas	Venezuela:Maracay	Not collected		"{""Tax ID"":[""487554""],""collected_by"":[""G. E. Trujillo P.""],""collection_date"":[""Not collected""],""culture_collection"":[""NCPPB:3569""],""geo_loc_name"":[""Venezuela:Maracay""],""host"":[""Ipomoea batatas""],""sample_type"":[""Cell culture""],""strain"":[""NCPPB 3569""]}"	.cache/ncbi/v2_1/efetch_94bc73f4953fbbd6003a6f71ebdfb4c8230335def592901b6432b2f2b09cab5b.xml	https://www.ncbi.nlm.nih.gov/biosample/SAMN42161486	ok	
9a5a419bbd06149334ec; 65a8923e7883b91a66ba	NCPPB 3443	ncppb_number	expected_genus:Xanthomonas; exact_full_identifier	NCPPB; NCPPB 3443	42161485	SAMN42161485	Xanthomonas sp. NCPPB 3443	3243407	Genome sequencing of Xanthomonas sp. NCPPB 3443	NCPPB 3443		NCPPB:3443	J.R. Neto			BioSample: SAMN42161485; 3443; SRA: SRS21840211	Cordia goeldiana	Brazil	1981		"{""biomaterial_provider"":[""J.R. Neto""],""collected_by"":[""ex C.F. Robbs ENA 3045""],""collection_date"":[""1981""],""culture_collection"":[""NCPPB:3443""],""geo_loc_name"":[""Brazil""],""host"":[""Cordia goeldiana""],""sample_type"":[""Cell culture""],""strain"":[""NCPPB 3443""]}"	.cache/ncbi/v2_1/efetch_94bc73f4953fbbd6003a6f71ebdfb4c8230335def592901b6432b2f2b09cab5b.xml	https://www.ncbi.nlm.nih.gov/biosample/SAMN42161485	ok	
9a5a419bbd06149334ec; c93cba6168b9d71a477d	NCPPB 2632	ncppb_number	expected_genus:Xanthomonas; exact_full_identifier	NCPPB; NCPPB 2632	42161506	SAMN42161506	Xanthomonas sp. NCPPB 2632	3240912	Genome sequencing of Xanthomonas begoniae NCPPB 2632	NCPPB 2632		NCPPB:2632				BioSample: SAMN42161506; 2632; SRA: SRS21840224	Lolium perenne	United Kingdom	1973		"{""Tax ID"":[""3240912""],""collected_by"":[""B. Austin D119""],""collection_date"":[""1973""],""culture_collection"":[""NCPPB:2632""],""geo_loc_name"":[""United Kingdom""],""host"":[""Lolium perenne""],""sample_type"":[""Cell culture""],""strain"":[""NCPPB 2632""]}"	.cache/ncbi/v2_1/efetch_8ec2141c87acd40792a90a4e277782ac1e620c234591cd9898396a29132fc936.xml	https://www.ncbi.nlm.nih.gov/biosample/SAMN42161506	ok	
9a5a419bbd06149334ec; 0117654cced4c210bf52	NCPPB 3005	ncppb_number	expected_genus:Xanthomonas; exact_full_identifier	NCPPB; NCPPB 3005	41997674	SAMN41997674	Xanthomonas sp. NCPPB 3005	3240913	Genome sequencing of Xanthomonas marantae Zagatto & Pereira 1963	NCPPB 3005		NCPPB:3005				BioSample: SAMN41997674; NCPPB3005; SRA: SRS21711509	Maranta arundinacea	Brazil	1964		"{""Tax ID"":[""3240913""],""collected_by"":[""ex C.F. Robbs IBSP XM1""],""collection_date"":[""1964""],""culture_collection"":[""NCPPB:3005""],""geo_loc_name"":[""Brazil""],""host"":[""Maranta arundinacea""],""sample_type"":[""Cell culture""],""strain"":[""NCPPB 3005""]}"	.cache/ncbi/v2_1/efetch_94bc73f4953fbbd6003a6f71ebdfb4c8230335def592901b6432b2f2b09cab5b.xml	https://www.ncbi.nlm.nih.gov/biosample/SAMN41997674	ok	
9a5a419bbd06149334ec; aff1c6c051ce2f215426	NCPPB 570	ncppb_number	expected_genus:Xanthomonas; exact_full_identifier	NCPPB; NCPPB 570	42488058	SAMN42488058	Xanthomonas campestris pv. amaranthicola	54735	Genome sequencing of Xanthomonas campestris pv. amaranthicola (Patel et al. 1952) Dye 1978	NCPPB 570		NCPPB:570	ex M.K. Patel 16			BioSample: SAMN42488058; NCPPB_570; SRA: SRS21990995	Amaranthus viridis	India	Not collected		"{""biomaterial_provider"":[""ex M.K. Patel 16""],""collection_date"":[""Not collected""],""culture_collection"":[""NCPPB:570""],""geo_loc_name"":[""India""],""host"":[""Amaranthus viridis""],""pathovar"":[""amaranthicola""],""sample_type"":[""Cell culture""],""strain"":[""NCPPB 570""],""type-material"":[""pathotype strain of Xanthomonas campestris pv. amaranthicola""]}"	.cache/ncbi/v2_1/efetch_b8a2dc52465e775fad057a87fb6945e3cc9613c772e40d22a4935fdc66a59fd3.xml	https://www.ncbi.nlm.nih.gov/biosample/SAMN42488058	ok	
9a5a419bbd06149334ec; 085f819298063499ec9c	NCPPB 2182	ncppb_number	expected_genus:Xanthomonas; exact_full_identifier	NCPPB; NCPPB 2182	42488057	SAMN42488057	Xanthomonas campestris pv. gummisudans	487868	Genome sequencing of Xanthomonas campestris pv. gummisudans (McCulloch 1924) Dye 1978	NCPPB 2182		NCPPB:2182	G.J. Saaltink			BioSample: SAMN42488057; NCPPB_2182; SRA: SRS21990994	Gladiolus sp.	Netherlands	1965		"{""biomaterial_provider"":[""G.J. Saaltink""],""collected_by"":[""ex W. Kamerman S131-84""],""collection_date"":[""1965""],""culture_collection"":[""NCPPB:2182""],""geo_loc_name"":[""Netherlands""],""host"":[""Gladiolus sp.""],""pathovar"":[""gummisudans""],""sample_type"":[""Cell culture""],""strain"":[""NCPPB 2182""]}"	.cache/ncbi/v2_1/efetch_b8a2dc52465e775fad057a87fb6945e3cc9613c772e40d22a4935fdc66a59fd3.xml	https://www.ncbi.nlm.nih.gov/biosample/SAMN42488057	ok	
9a5a419bbd06149334ec; e40b3025c608f3be4206	NCPPB 4347	ncppb_number	expected_genus:Xanthomonas; exact_full_identifier	NCPPB; NCPPB 4347	42488056	SAMN42488056	Xanthomonas campestris pv. malloti	487876	Genome sequencing of Xanthomonas campestris pv. malloti Goto 1993	NCPPB 4347		NCPPB:4347	M. Goto			BioSample: SAMN42488056; NCPPB_4347; SRA: SRS21990993	Mallotus japonicus	Japan	Not collected		"{""biomaterial_provider"":[""M. Goto""],""collected_by"":[""M. Goto""],""collection_date"":[""Not collected""],""culture_collection"":[""NCPPB:4347""],""geo_loc_name"":[""Japan""],""host"":[""Mallotus japonicus""],""pathovar"":[""malloti""],""sample_type"":[""Cell culture""],""strain"":[""NCPPB 4347""]}"	.cache/ncbi/v2_1/efetch_b8a2dc52465e775fad057a87fb6945e3cc9613c772e40d22a4935fdc66a59fd3.xml	https://www.ncbi.nlm.nih.gov/biosample/SAMN42488056	ok	
9a5a419bbd06149334ec; cd2d13c05c2f7fb598d0	NCPPB 2251	ncppb_number	expected_genus:Xanthomonas; exact_full_identifier	NCPPB; NCPPB 2251	42486836	SAMN42486836	Xanthomonas vasicola pv. musacearum	454958	Genome sequencing of X. vasicola pv. musacearum NCPPB 2251	NCPPB 2251		NCPPB:2251	J.F. Bradbury			BioSample: SAMN42486836; NCPPB 2251 XT; SRA: SRS21990946	Ensete ventricosum	Ethiopia	1967		"{""biomaterial_provider"":[""J.F. Bradbury""],""collected_by"":[""ex D. Yirgou""],""collection_date"":[""1967""],""culture_collection"":[""NCPPB:2251""],""geo_loc_name"":[""Ethiopia""],""host"":[""Ensete ventricosum""],""pathovar"":[""musacearum""],""sample_type"":[""Cell culture""],""strain"":[""NCPPB 2251""]}"	.cache/ncbi/v2_1/efetch_b8a2dc52465e775fad057a87fb6945e3cc9613c772e40d22a4935fdc66a59fd3.xml	https://www.ncbi.nlm.nih.gov/biosample/SAMN42486836	ok	
9a5a419bbd06149334ec; 8a659b5e531ef67a2428	NCPPB 4393	ncppb_number	expected_genus:Xanthomonas; exact_full_identifier	NCPPB; NCPPB 4393	42486834	SAMN42486834	Xanthomonas vasicola pv. musacearum	454958	Genome sequencing of X. vasicola pv. musacearum NCPPB 4393	NCPPB 4393		NCPPB:4393	Valentine Aritua			BioSample: SAMN42486834; NCPPB 4393 XT; SRA: SRS21990944	Musa	Tanzania	2007		"{""biomaterial_provider"":[""Valentine Aritua""],""collected_by"":[""Valentine Aritua""],""collection_date"":[""2007""],""culture_collection"":[""NCPPB:4393""],""geo_loc_name"":[""Tanzania""],""host"":[""Musa""],""pathovar"":[""musacearum""],""sample_type"":[""Cell culture""],""strain"":[""NCPPB 4393""]}"	.cache/ncbi/v2_1/efetch_b8a2dc52465e775fad057a87fb6945e3cc9613c772e40d22a4935fdc66a59fd3.xml	https://www.ncbi.nlm.nih.gov/biosample/SAMN42486834	ok	
9a5a419bbd06149334ec; c61eed97f47eaf1eb8ce	NCPPB 2922	ncppb_number	expected_genus:Xanthomonas; exact_full_identifier	NCPPB; NCPPB 2922	42485110	SAMN42485110	Xanthomonas	338	Genome sequencing of Xanthomonas sp. NCPPB 2922	NCPPB 2922		NCPPB:2922	J.F. Bradbury			BioSample: SAMN42485110; NCPPB 2922; SRA: SRS21990127	Matthiola incana	Zimbabwe	1973		"{""biomaterial_provider"":[""J.F. Bradbury""],""collected_by"":[""J.F. Bradbury""],""collection_date"":[""1973""],""culture_collection"":[""NCPPB:2922""],""geo_loc_name"":[""Zimbabwe""],""host"":[""Matthiola incana""],""sample_type"":[""Cell culture""],""strain"":[""NCPPB 2922""]}"	.cache/ncbi/v2_1/efetch_b8a2dc52465e775fad057a87fb6945e3cc9613c772e40d22a4935fdc66a59fd3.xml	https://www.ncbi.nlm.nih.gov/biosample/SAMN42485110	ok	
9a5a419bbd06149334ec; a6a8bdf03dc620a01010	NCPPB 4232	ncppb_number	expected_genus:Xanthomonas; exact_full_identifier	NCPPB; NCPPB 4232	22552842	SAMN22552842	Xanthomonas campestris	339	Microbe sample from Xanthomonas campestris	NCPPB 4232						BioSample: SAMN22552842; NCPPB4232; SRA: SRS21991047	Beta vulgaris var. Cicla	United Kingdom	not collected		"{""collected_by"":[""H. Stanford""],""collection_date"":[""not collected""],""geo_loc_name"":[""United Kingdom""],""host"":[""Beta vulgaris var. Cicla""],""sample_type"":[""cell culture""],""strain"":[""NCPPB 4232""]}"	.cache/ncbi/v2_1/efetch_37d8944caa924bec9d37b885aef8093954bac3495e037f63b1aeb634992f5a21.xml	https://www.ncbi.nlm.nih.gov/biosample/SAMN22552842	ok	
9a5a419bbd06149334ec; 2517f1adddc8dfc7f996	NCPPB 4231	ncppb_number	expected_genus:Xanthomonas; exact_full_identifier	NCPPB; NCPPB 4231	22552841	SAMN22552841	Xanthomonas campestris	339	Microbe sample from Xanthomonas campestris	NCPPB 4231						BioSample: SAMN22552841; NCPPB4231; SRA: SRS21991046	Beta vulgaris var. Cicla	United Kingdom	not collected		"{""collected_by"":[""H. Stanford""],""collection_date"":[""not collected""],""geo_loc_name"":[""United Kingdom""],""host"":[""Beta vulgaris var. Cicla""],""sample_type"":[""cell culture""],""strain"":[""NCPPB 4231""]}"	.cache/ncbi/v2_1/efetch_37d8944caa924bec9d37b885aef8093954bac3495e037f63b1aeb634992f5a21.xml	https://www.ncbi.nlm.nih.gov/biosample/SAMN22552841	ok	
9a5a419bbd06149334ec; 4aea593a653c91308ec9	NCPPB 1061	ncppb_number	expected_genus:Xanthomonas; exact_full_identifier	NCPPB; NCPPB 1061	22552840	SAMN22552840	Xanthomonas campestris pv. plantaginis	487888	Microbe sample from Xanthomonas campestris pv. plantaginis	NCPPB 1061						BioSample: SAMN22552840; NCPPB1061; SRA: SRS21991043	Plantago lanceolata	Ethiopia	not collected		"{""collected_by"":[""A.C. Hayward""],""collection_date"":[""not collected""],""geo_loc_name"":[""Ethiopia""],""host"":[""Plantago lanceolata""],""pathovar"":[""plantaginis""],""sample_type"":[""cell culture""],""strain"":[""NCPPB 1061""]}"	.cache/ncbi/v2_1/efetch_37d8944caa924bec9d37b885aef8093954bac3495e037f63b1aeb634992f5a21.xml	https://www.ncbi.nlm.nih.gov/biosample/SAMN22552840	ok	
9a5a419bbd06149334ec; 937cbfc464d33f52ba78	NCPPB 937	ncppb_number	expected_genus:Xanthomonas; exact_full_identifier	NCPPB; NCPPB 937	22552838	SAMN22552838	Xanthomonas campestris pv. incanae	92826	Microbe sample from Xanthomonas campestris pv. incanae	NCPPB 937						BioSample: SAMN22552838; NCPPB937; SRA: SRS21991049	Matthiola sp.	USA	not collected		"{""collected_by"":[""C.E. Williamson""],""collection_date"":[""not collected""],""geo_loc_name"":[""USA""],""host"":[""Matthiola sp.""],""pathovar"":[""incanae""],""sample_type"":[""cell culture""],""strain"":[""NCPPB 937""]}"	.cache/ncbi/v2_1/efetch_37d8944caa924bec9d37b885aef8093954bac3495e037f63b1aeb634992f5a21.xml	https://www.ncbi.nlm.nih.gov/biosample/SAMN22552838	ok	
9a5a419bbd06149334ec; 4fcec6a7982f4ea986b7	NCPPB 2345	ncppb_number	expected_genus:Xanthomonas; exact_full_identifier	NCPPB; NCPPB 2345	22552837	SAMN22552837	Xanthomonas campestris	339	Microbe sample from Xanthomonas campestris	NCPPB 2345						BioSample: SAMN22552837; NCPPB2345; SRA: SRS21991050	Erysimum cheiri	United Kingdom	not collected		"{""collected_by"":[""J. Oxtoby""],""collection_date"":[""not collected""],""geo_loc_name"":[""United Kingdom""],""host"":[""Erysimum cheiri""],""sample_type"":[""cell culture""],""strain"":[""NCPPB 2345""]}"	.cache/ncbi/v2_1/efetch_37d8944caa924bec9d37b885aef8093954bac3495e037f63b1aeb634992f5a21.xml	https://www.ncbi.nlm.nih.gov/biosample/SAMN22552837	ok	
9a5a419bbd06149334ec; 70924eb177ffbf373cc3	NCPPB 4037	ncppb_number	expected_genus:Xanthomonas; exact_full_identifier	NCPPB; NCPPB 4037	22552836	SAMN22552836	Xanthomonas campestris	339	Microbe sample from Xanthomonas campestris	NCPPB 4037						BioSample: SAMN22552836; NCPPB4037; SRA: SRS21991045	Nemesia sp.	United Kingdom	not collected		"{""collected_by"":[""A. Aspin""],""collection_date"":[""not collected""],""geo_loc_name"":[""United Kingdom""],""host"":[""Nemesia sp.""],""sample_type"":[""cell culture""],""strain"":[""NCPPB 4037""]}"	.cache/ncbi/v2_1/efetch_37d8944caa924bec9d37b885aef8093954bac3495e037f63b1aeb634992f5a21.xml	https://www.ncbi.nlm.nih.gov/biosample/SAMN22552836	ok	
9a5a419bbd06149334ec; 21442e45c1e705fe82e8	NCPPB 1946	ncppb_number	expected_genus:Xanthomonas; exact_full_identifier	NCPPB; NCPPB 1946	22552835	SAMN22552835	Xanthomonas campestris pv. raphani	359385	Microbe sample from Xanthomonas campestris pv. raphani	NCPPB 1946						BioSample: SAMN22552835; NCPPB1946; SRA: SRS21991044	Raphanus sativus	USA	not collected		"{""collected_by"":[""R. Lincoln""],""collection_date"":[""not collected""],""geo_loc_name"":[""USA""],""host"":[""Raphanus sativus""],""pathovar"":[""raphani""],""sample_type"":[""cell culture""],""strain"":[""NCPPB 1946""]}"	.cache/ncbi/v2_1/efetch_37d8944caa924bec9d37b885aef8093954bac3495e037f63b1aeb634992f5a21.xml	https://www.ncbi.nlm.nih.gov/biosample/SAMN22552835	ok	
9a5a419bbd06149334ec; 4435978c8cd5b96061d3	NCPPB 528	ncppb_number	expected_genus:Xanthomonas; exact_full_identifier	NCPPB; NCPPB 528	22552834	SAMN22552834	Xanthomonas campestris pv. campestris	340	Microbe sample from Xanthomonas campestris pv. campestris	NCPPB 528						BioSample: SAMN22552834; NCPPB528; SRA: SRS21991048	Brassica oleracea var. gemmifera	United Kingdom	not collected		"{""collected_by"":[""E. Billing""],""collection_date"":[""not collected""],""geo_loc_name"":[""United Kingdom""],""host"":[""Brassica oleracea var. gemmifera""],""pathovar"":[""campestris""],""sample_type"":[""cell culture""],""strain"":[""NCPPB 528""],""type-material"":[""type strain of Xanthomonas campestris""]}"	.cache/ncbi/v2_1/efetch_37d8944caa924bec9d37b885aef8093954bac3495e037f63b1aeb634992f5a21.xml	https://www.ncbi.nlm.nih.gov/biosample/SAMN22552834	ok	
9a5a419bbd06149334ec; aee375fe4450d4449203	NCPPB 2918	ncppb_number	expected_genus:Xanthomonas; exact_full_identifier	NCPPB; NCPPB 2918	22552833	SAMN22552833	Xanthomonas campestris	339	Microbe sample from Xanthomonas campestris	NCPPB 2918						BioSample: SAMN22552833; NCPPB2918; SRA: SRS21991052	Crambe sp.	Malawi	not collected		"{""collected_by"":[""J.F. Bradbury""],""collection_date"":[""not collected""],""geo_loc_name"":[""Malawi""],""host"":[""Crambe sp.""],""sample_type"":[""cell culture""],""strain"":[""NCPPB 2918""]}"	.cache/ncbi/v2_1/efetch_37d8944caa924bec9d37b885aef8093954bac3495e037f63b1aeb634992f5a21.xml	https://www.ncbi.nlm.nih.gov/biosample/SAMN22552833	ok	
9a5a419bbd06149334ec; 9b00424acf478d7b317a	NCPPB 3884	ncppb_number	expected_genus:Xanthomonas; exact_full_identifier	NCPPB; NCPPB 3884	22552832	SAMN22552832	Xanthomonas campestris	339	Microbe sample from Xanthomonas campestris	NCPPB 3884						BioSample: SAMN22552832; NCPPB3884; SRA: SRS21991056	Crambe hispanica subsp. abyssinica	USA	not collected		"{""collected_by"":[""J.D. Mihail""],""collection_date"":[""not collected""],""geo_loc_name"":[""USA""],""host"":[""Crambe hispanica subsp. abyssinica""],""sample_type"":[""cell culture""],""strain"":[""NCPPB 3884""]}"	.cache/ncbi/v2_1/efetch_37d8944caa924bec9d37b885aef8093954bac3495e037f63b1aeb634992f5a21.xml	https://www.ncbi.nlm.nih.gov/biosample/SAMN22552832	ok	
9a5a419bbd06149334ec; 358e4810b411370fbe86	NCPPB 3883	ncppb_number	expected_genus:Xanthomonas; exact_full_identifier	NCPPB; NCPPB 3883	22552831	SAMN22552831	Xanthomonas campestris	339	Microbe sample from Xanthomonas campestris	NCPPB 3883						BioSample: SAMN22552831; NCPPB3883; SRA: SRS21991055	Crambe hispanica subsp. abyssinica	USA	not collected		"{""collected_by"":[""J.D. Mihail""],""collection_date"":[""not collected""],""geo_loc_name"":[""USA""],""host"":[""Crambe hispanica subsp. abyssinica""],""sample_type"":[""cell culture""],""strain"":[""NCPPB 3883""]}"	.cache/ncbi/v2_1/efetch_37d8944caa924bec9d37b885aef8093954bac3495e037f63b1aeb634992f5a21.xml	https://www.ncbi.nlm.nih.gov/biosample/SAMN22552831	ok	
9a5a419bbd06149334ec; 76a62c2a0dac4fe55c7c	NCPPB 2986	ncppb_number	expected_genus:Xanthomonas; exact_full_identifier	NCPPB; NCPPB 2986	22552830	SAMN22552830	Xanthomonas campestris pv. aberrans	461406	Microbe sample from Xanthomonas campestris pv. aberrans	NCPPB 2986						BioSample: SAMN22552830; NCPPB2986; SRA: SRS21991053	Brassica oleracea var. capitata	Australia	not collected		"{""collected_by"":[""M.L. Moffett""],""collection_date"":[""not collected""],""geo_loc_name"":[""Australia""],""host"":[""Brassica oleracea var. capitata""],""pathovar"":[""aberrans""],""sample_type"":[""cell culture""],""strain"":[""NCPPB 2986""]}"	.cache/ncbi/v2_1/efetch_37d8944caa924bec9d37b885aef8093954bac3495e037f63b1aeb634992f5a21.xml	https://www.ncbi.nlm.nih.gov/biosample/SAMN22552830	ok	
9a5a419bbd06149334ec; 52d9509f838f3d53dc3f	NCPPB 347	ncppb_number	expected_genus:Xanthomonas; exact_full_identifier	NCPPB; NCPPB 347	22552829	SAMN22552829	Xanthomonas campestris pv. armoraciae	329463	Microbe sample from Xanthomonas campestris pv. armoraciae	NCPPB 347						BioSample: SAMN22552829; NCPPB347; SRA: SRS21991054	Iberis sp.	Tanzania	not collected		"{""collected_by"":[""G.B. Wallace""],""collection_date"":[""not collected""],""geo_loc_name"":[""Tanzania""],""host"":[""Iberis sp.""],""pathovar"":[""armoraciae""],""sample_type"":[""cell culture""],""strain"":[""NCPPB 347""],""type-material"":[""pathotype strain of Xanthomonas campestris pv. armoraciae""]}"	.cache/ncbi/v2_1/efetch_37d8944caa924bec9d37b885aef8093954bac3495e037f63b1aeb634992f5a21.xml	https://www.ncbi.nlm.nih.gov/biosample/SAMN22552829	ok	
9a5a419bbd06149334ec; ee7455f465848a14c6f7	NCPPB 2586	ncppb_number	expected_genus:Xanthomonas; exact_full_identifier	NCPPB; NCPPB 2586	22552828	SAMN22552828	Xanthomonas campestris	339	Microbe sample from Xanthomonas campestris	NCPPB 2586						BioSample: SAMN22552828; NCPPB2586; SRA: SRS21991051	Brassica juncea	India	not collected		"{""collected_by"":[""S. Vir""],""collection_date"":[""not collected""],""geo_loc_name"":[""India""],""host"":[""Brassica juncea""],""sample_type"":[""cell culture""],""strain"":[""NCPPB 2586""]}"	.cache/ncbi/v2_1/efetch_37d8944caa924bec9d37b885aef8093954bac3495e037f63b1aeb634992f5a21.xml	https://www.ncbi.nlm.nih.gov/biosample/SAMN22552828	ok	
9a5a419bbd06149334ec; 5f252ce042b4918c650c	NCPPB 889	ncppb_number	expected_genus:Xanthomonas; exact_full_identifier	NCPPB; NCPPB 889	20080225	SAMN20080225	Xanthomonas vasicola pv. vasculorum	325776	Pathogen: environmental/food/other sample from Xanthomonas vasicola pv. vasculorum	NCPPB 889		NCPPB:889				BioSample: SAMN20080225; Xvv889; SRA: SRS21991029	Saccharum officinarum	South Africa	not collected	missing	"{""collected_by"":[""A. C. Hayward""],""collection_date"":[""not collected""],""culture_collection"":[""NCPPB:889""],""geo_loc_name"":[""South Africa""],""host"":[""Saccharum officinarum""],""isolation_source"":[""missing""],""lat_lon"":[""not collected""],""pathovar"":[""vasculorum""],""strain"":[""NCPPB 889""]}"	.cache/ncbi/v2_1/efetch_37d8944caa924bec9d37b885aef8093954bac3495e037f63b1aeb634992f5a21.xml	https://www.ncbi.nlm.nih.gov/biosample/SAMN20080225	ok	
9a5a419bbd06149334ec; b67abe79555f2f238f20	NCPPB 4390	ncppb_number	expected_genus:Xanthomonas; exact_full_identifier	NCPPB; NCPPB 4390	20034693	SAMN20034693	Xanthomonas vasicola pv. musacearum	454958	Microbe sample from Xanthomonas vasicola pv. musacearum	NCPPB 4390		NCPPB:4390				BioSample: SAMN20034693; NCPPB4390; SRA: SRS21991027	Musa sp.	Rwanda	2005		"{""collected_by"":[""Valentine Aritua""],""collection_date"":[""2005""],""culture_collection"":[""NCPPB:4390""],""geo_loc_name"":[""Rwanda""],""host"":[""Musa sp.""],""pathovar"":[""musacearum""],""sample_type"":[""Cell culture""],""strain"":[""NCPPB 4390""]}"	.cache/ncbi/v2_1/efetch_37d8944caa924bec9d37b885aef8093954bac3495e037f63b1aeb634992f5a21.xml	https://www.ncbi.nlm.nih.gov/biosample/SAMN20034693	ok	
9a5a419bbd06149334ec; 39bd214525bf40d1676c	NCPPB 4378	ncppb_number	expected_genus:Xanthomonas; exact_full_identifier	NCPPB; NCPPB 4378	20034692	SAMN20034692	Xanthomonas vasicola pv. musacearum	454958	Microbe sample from Xanthomonas vasicola pv. musacearum	NCPPB 4378		NCPPB:4378				BioSample: SAMN20034692; NCPPB4378; SRA: SRS21991026	Musa sp.	Uganda	2005		"{""collected_by"":[""Valentine Aritua""],""collection_date"":[""2005""],""culture_collection"":[""NCPPB:4378""],""geo_loc_name"":[""Uganda""],""host"":[""Musa sp.""],""pathovar"":[""musacearum""],""sample_type"":[""Cell culture""],""strain"":[""NCPPB 4378""]}"	.cache/ncbi/v2_1/efetch_37d8944caa924bec9d37b885aef8093954bac3495e037f63b1aeb634992f5a21.xml	https://www.ncbi.nlm.nih.gov/biosample/SAMN20034692	ok	
9a5a419bbd06149334ec; 118fa6d8ebc30e036a27	NCPPB 795	ncppb_number	expected_genus:Xanthomonas; exact_full_identifier	NCPPB; NCPPB 795	20034691	SAMN20034691	Xanthomonas vasicola pv. vasculorum	325776	Microbe sample from Xanthomonas vasicola pv. vasculorum	NCPPB 795		NCPPB:795				BioSample: SAMN20034691; NCPPB795; SRA: SRS21991028	Saccharum officinarum	Madagascar	Not collected		"{""collected_by"":[""P. Baudin""],""collection_date"":[""Not collected""],""culture_collection"":[""NCPPB:795""],""geo_loc_name"":[""Madagascar""],""host"":[""Saccharum officinarum""],""pathovar"":[""vasculorum""],""sample_type"":[""Cell culture""],""strain"":[""NCPPB 795""]}"	.cache/ncbi/v2_1/efetch_37d8944caa924bec9d37b885aef8093954bac3495e037f63b1aeb634992f5a21.xml	https://www.ncbi.nlm.nih.gov/biosample/SAMN20034691	ok	
9a5a419bbd06149334ec; 2678734a3bfd8a3112d4	NCPPB 2352	ncppb_number	expected_genus:Xanthomonas; exact_full_identifier	NCPPB; NCPPB 2352	42284549	SAMN42284549	Xanthomonas axonopodis pv. maculifoliigardeniae	487832	Genome sequencing of Xanthomonas axonopodis pv. maculifoliigardeniae (Ark & Barrett 1946) Vauterin et al. 1995 NCPPB 2352	NCPPB 2352		NCPPB:2352				BioSample: SAMN42284549; 2352; SRA: SRS21886899	Ixora coccinea	USA	1969		"{""collected_by"":[""J.W. Miller 069-3050""],""collection_date"":[""1969""],""culture_collection"":[""NCPPB:2352""],""geo_loc_name"":[""USA""],""host"":[""Ixora coccinea""],""pathovar"":[""maculifoliigardeniae""],""sample_type"":[""Cell culture""],""strain"":[""NCPPB 2352""]}"	.cache/ncbi/v2_1/efetch_8ec2141c87acd40792a90a4e277782ac1e620c234591cd9898396a29132fc936.xml	https://www.ncbi.nlm.nih.gov/biosample/SAMN42284549	ok	
9a5a419bbd06149334ec; 5b92a0be27c9e5e7514e	NCPPB 972	ncppb_number	expected_genus:Xanthomonas; exact_full_identifier	NCPPB; NCPPB 972	42284548	SAMN42284548	Xanthomonas axonopodis pv. maculifoliigardeniae	487832	Genome sequencing of Xanthomonas axonopodis pv. maculifoliigardeniae (Ark & Barrett 1946) Vauterin et al. 1995 NCPPB 972	NCPPB 972		NCPPB:972	ICPB XM16			BioSample: SAMN42284548; 972; SRA: SRS21886897	Gardenia sp.	USA	Not collected		"{""biomaterial_provider"":[""ICPB XM16""],""collected_by"":[""ex P.A. Ark 2""],""collection_date"":[""Not collected""],""culture_collection"":[""NCPPB:972""],""geo_loc_name"":[""USA""],""host"":[""Gardenia sp.""],""pathovar"":[""maculifoliigardeniae""],""sample_type"":[""Cell culture""],""strain"":[""NCPPB 972""]}"	.cache/ncbi/v2_1/efetch_8ec2141c87acd40792a90a4e277782ac1e620c234591cd9898396a29132fc936.xml	https://www.ncbi.nlm.nih.gov/biosample/SAMN42284548	ok	
9a5a419bbd06149334ec; 82f7a1424139a3425b9f	NCPPB 971	ncppb_number	expected_genus:Xanthomonas; exact_full_identifier	NCPPB; NCPPB 971	42284547	SAMN42284547	Xanthomonas axonopodis pv. maculifoliigardeniae	487832	Genome sequencing of Xanthomonas axonopodis pv. maculifoliigardeniae (Ark & Barrett 1946) Vauterin et al. 1995 NCPPB 971	NCPPB 971		NCPPB:971	ICPB XM15			BioSample: SAMN42284547; 971; SRA: SRS21886900	Gardenia sp.	USA	Not collected		"{""biomaterial_provider"":[""ICPB XM15""],""collected_by"":[""ex P.A. Ark 1""],""collection_date"":[""Not collected""],""culture_collection"":[""NCPPB:971""],""geo_loc_name"":[""USA""],""host"":[""Gardenia sp.""],""pathovar"":[""maculifoliigardeniae""],""sample_type"":[""Cell culture""],""strain"":[""NCPPB 971""]}"	.cache/ncbi/v2_1/efetch_8ec2141c87acd40792a90a4e277782ac1e620c234591cd9898396a29132fc936.xml	https://www.ncbi.nlm.nih.gov/biosample/SAMN42284547	ok	
9a5a419bbd06149334ec; c6c3dfa61a6ed87c0f9d	NCPPB 646	ncppb_number	expected_genus:Xanthomonas; exact_full_identifier	NCPPB; NCPPB 646	42284537	SAMN42284537	Xanthomonas axonopodis pv. khayae	487831	Genome sequencing of Xanthomonas axonopodis pv. khayae (Sabet 1959) Vauterin et al. 1995 NCPPB 646	NCPPB 646		NCPPB:646				BioSample: SAMN42284537; 646; SRA: SRS21886733	Khaya senegalensis	Sudan	1957		"{""collected_by"":[""K.A. Sabet Kh2""],""collection_date"":[""1957""],""culture_collection"":[""NCPPB:646""],""geo_loc_name"":[""Sudan""],""host"":[""Khaya senegalensis""],""pathovar"":[""khayae""],""sample_type"":[""Cell culture""],""strain"":[""NCPPB 646""]}"	.cache/ncbi/v2_1/efetch_8ec2141c87acd40792a90a4e277782ac1e620c234591cd9898396a29132fc936.xml	https://www.ncbi.nlm.nih.gov/biosample/SAMN42284537	ok	
9a5a419bbd06149334ec; 652355ec6fd53c41adbe	NCPPB 536	ncppb_number	expected_genus:Xanthomonas; exact_full_identifier	NCPPB; NCPPB 536	42284536	SAMN42284536	Xanthomonas axonopodis pv. khayae	487831	Genome sequencing of Xanthomonas axonopodis pv. khayae (Sabet 1959) Vauterin et al. 1995 NCPPB 536	NCPPB 536		NCPPB:536				BioSample: SAMN42284536; 536; SRA: SRS21886732	Khaya senegalensis	Sudan	Not collected		"{""collected_by"":[""K.A. Sabet Khl""],""collection_date"":[""Not collected""],""culture_collection"":[""NCPPB:536""],""geo_loc_name"":[""Sudan""],""host"":[""Khaya senegalensis""],""pathovar"":[""khayae""],""sample_type"":[""Cell culture""],""strain"":[""NCPPB 536""]}"	.cache/ncbi/v2_1/efetch_8ec2141c87acd40792a90a4e277782ac1e620c234591cd9898396a29132fc936.xml	https://www.ncbi.nlm.nih.gov/biosample/SAMN42284536	ok	
9a5a419bbd06149334ec; 7c0c2d49d56956389985	NCPPB 2063	ncppb_number	expected_genus:Xanthomonas; exact_full_identifier	NCPPB; NCPPB 2063	42284474	SAMN42284474	Xanthomonas axonopodis pv. cajani	487827	Genome sequencing of Xanthomonas axonopodis pv. cajani (Kulkarni et al. 1950) Vauterin et al. 1995 NCPPB 2063	NCPPB 2063		NCPPB:2063				BioSample: SAMN42284474; 2063; SRA: SRS21886675	Cajanus cajan	Sudan	1966		"{""collected_by"":[""K.A. Sabet Caj 1""],""collection_date"":[""1966""],""culture_collection"":[""NCPPB:2063""],""geo_loc_name"":[""Sudan""],""host"":[""Cajanus cajan""],""pathovar"":[""cajani""],""sample_type"":[""Cell culture""],""strain"":[""NCPPB 2063""]}"	.cache/ncbi/v2_1/efetch_8ec2141c87acd40792a90a4e277782ac1e620c234591cd9898396a29132fc936.xml	https://www.ncbi.nlm.nih.gov/biosample/SAMN42284474	ok	
9a5a419bbd06149334ec; 46ebd939ccd2a6592658	NCPPB 573	ncppb_number	expected_genus:Xanthomonas; exact_full_identifier	NCPPB; NCPPB 573	42284473	SAMN42284473	Xanthomonas axonopodis pv. cajani	487827	Genome sequencing of Xanthomonas axonopodis pv. cajani (Kulkarni et al. 1950) Vauterin et al. 1995 NCPPB 573	NCPPB 573		NCPPB:573	ICPB XC111			BioSample: SAMN42284473; 573; SRA: SRS21886674	Cajanus cajan	India	1950		"{""biomaterial_provider"":[""ICPB XC111""],""collected_by"":[""ex M.K. Patel 5""],""collection_date"":[""1950""],""culture_collection"":[""NCPPB:573""],""geo_loc_name"":[""India""],""host"":[""Cajanus cajan""],""pathovar"":[""cajani""],""sample_type"":[""Cell culture""],""strain"":[""NCPPB 573""],""type-material"":[""pathotype strain of Xanthomonas axonopodis pv. cajani""]}"	.cache/ncbi/v2_1/efetch_8ec2141c87acd40792a90a4e277782ac1e620c234591cd9898396a29132fc936.xml	https://www.ncbi.nlm.nih.gov/biosample/SAMN42284473	ok	
9a5a419bbd06149334ec; 214c2ccf24a23da5bf28	NCPPB 485	ncppb_number	expected_genus:Xanthomonas; exact_full_identifier	NCPPB; NCPPB 485	42284446	SAMN42284446	Xanthomonas axonopodis pv. betlicola	487825	Genome sequencing of Xanthomonas axonopodis pv. betlicola (Patel et al. 1951) Vauterin et al. 1995 NCPPB 485	NCPPB 485		NCPPB:485	ITCC B45			BioSample: SAMN42284446; 485; SRA: SRS21886825	Piper betle	India	1953		"{""biomaterial_provider"":[""ITCC B45""],""collection_date"":[""1953""],""culture_collection"":[""NCPPB:485""],""geo_loc_name"":[""India""],""host"":[""Piper betle""],""pathovar"":[""betlicola""],""sample_type"":[""Cell culture""],""strain"":[""NCPPB 485""]}"	.cache/ncbi/v2_1/efetch_8ec2141c87acd40792a90a4e277782ac1e620c234591cd9898396a29132fc936.xml	https://www.ncbi.nlm.nih.gov/biosample/SAMN42284446	ok	
9a5a419bbd06149334ec; 00e9f40de9ef7629e934	NCPPB 1629	ncppb_number	expected_genus:Xanthomonas; exact_full_identifier	NCPPB; NCPPB 1629	42283062	SAMN42283062	Xanthomonas axonopodis pv. bauhiniae	487824	Genome sequencing of Xanthomonas axonopodis pv. bauhiniae (Padhya et al. 1965) Vauterin et al. 1995 NCPPB 1629	NCPPB 1629		NCPPB:1629	ICPB XB112			BioSample: SAMN42283062; 1629; SRA: SRS21886786	Bauhinia racemosa	India	1961		"{""biomaterial_provider"":[""ICPB XB112""],""collected_by"":[""ex A.C. Padhya""],""collection_date"":[""1961""],""culture_collection"":[""NCPPB:1629""],""geo_loc_name"":[""India""],""host"":[""Bauhinia racemosa""],""pathovar"":[""bauhiniae""],""sample_type"":[""Cell culture""],""strain"":[""NCPPB 1629""]}"	.cache/ncbi/v2_1/efetch_8ec2141c87acd40792a90a4e277782ac1e620c234591cd9898396a29132fc936.xml	https://www.ncbi.nlm.nih.gov/biosample/SAMN42283062	ok	
9a5a419bbd06149334ec; 69c9ace24fc5ad4f19ab	NCPPB 2368	ncppb_number	expected_genus:Xanthomonas; exact_full_identifier	NCPPB; NCPPB 2368	42280123	SAMN42280123	Xanthomonas axonopodis pv. pedalii	487836	Genome sequencing of Xanthomonas axonopodis pv. pedalii (Patel & Jindal 1972) Vauterin et al. 1995 NCPPB 2368	NCPPB 2368		NCPPB:2368	P.N. Patel			BioSample: SAMN42280123; 2368; SRA: SRS21886534	Pedalium murex	India	1967		"{""biomaterial_provider"":[""P.N. Patel""],""collected_by"":[""ex J.K. Jindal""],""collection_date"":[""1967""],""culture_collection"":[""NCPPB:2368""],""geo_loc_name"":[""India""],""host"":[""Pedalium murex""],""pathovar"":[""pedalii""],""sample_type"":[""Cell culture""],""strain"":[""NCPPB 2368""]}"	.cache/ncbi/v2_1/efetch_8ec2141c87acd40792a90a4e277782ac1e620c234591cd9898396a29132fc936.xml	https://www.ncbi.nlm.nih.gov/biosample/SAMN42280123	ok	
9a5a419bbd06149334ec; 229e1fd8cafdd7b138ee	NCPPB 840	ncppb_number	expected_genus:Xanthomonas; exact_full_identifier	NCPPB; NCPPB 840	42280122	SAMN42280122	Xanthomonas axonopodis pv. patelii	473413	Genome sequencing of Xanthomonas axonopodis pv. patelii (Desai & Shah 1959) Vauterin et al. 1995 NCPPB 840	NCPPB 840		NCPPB:840	M.K. Patel			BioSample: SAMN42280122; 840; SRA: SRS21886533	Crotalaria juncea	India	1959		"{""biomaterial_provider"":[""M.K. Patel""],""collected_by"":[""ex M.K. Desai""],""collection_date"":[""1959""],""culture_collection"":[""NCPPB:840""],""geo_loc_name"":[""India""],""host"":[""Crotalaria juncea""],""pathovar"":[""patelii""],""sample_type"":[""Cell culture""],""strain"":[""NCPPB 840""]}"	.cache/ncbi/v2_1/efetch_8ec2141c87acd40792a90a4e277782ac1e620c234591cd9898396a29132fc936.xml	https://www.ncbi.nlm.nih.gov/biosample/SAMN42280122	ok	
9a5a419bbd06149334ec; 95b0f7029c3e77d13c89	NCPPB 2228	ncppb_number	expected_genus:Xanthomonas; exact_full_identifier	NCPPB; NCPPB 2228	42280121	SAMN42280121	Xanthomonas axonopodis pv. biophyti	487826	Genome sequencing of Xanthomonas axonopodis pv. biophyti (Patel et al.1969) Vauterin et al. 1995 NCPPB 2228	NCPPB 2228		NCPPB:2228				BioSample: SAMN42280121; 2228; SRA: SRS21886532	Biophytum sensitivum	India	1967		"{""collected_by"":[""A.M. Patel""],""collection_date"":[""1967""],""culture_collection"":[""NCPPB:2228""],""geo_loc_name"":[""India""],""host"":[""Biophytum sensitivum""],""pathovar"":[""biophyti""],""sample_type"":[""Cell culture""],""strain"":[""NCPPB 2228""]}"	.cache/ncbi/v2_1/efetch_8ec2141c87acd40792a90a4e277782ac1e620c234591cd9898396a29132fc936.xml	https://www.ncbi.nlm.nih.gov/biosample/SAMN42280121	ok	
9a5a419bbd06149334ec; 1a27af3b6358dd90f280	NCPPB 2832	ncppb_number	expected_genus:Xanthomonas; exact_full_identifier	NCPPB; NCPPB 2832	42278575	SAMN42278575	Xanthomonas citri pv. aracearum	487848	Genome sequencing of Xanthomonas citri pv. aracearum (Berniac 1974) Constantin et al. 2016 comb. nov. NCPPB 2832	NCPPB 2832		NCPPB:2832	M. Berniac			BioSample: SAMN42278575; 2832; SRA: SRS21884764	Xanthosoma sagittifolium	Guadeloupe	1972		"{""biomaterial_provider"":[""M. Berniac""],""collected_by"":[""ex M. Beramis""],""collection_date"":[""1972""],""culture_collection"":[""NCPPB:2832""],""geo_loc_name"":[""Guadeloupe""],""host"":[""Xanthosoma sagittifolium""],""pathovar"":[""aracearum""],""sample_type"":[""Cell culture""],""strain"":[""NCPPB 2832""],""type-material"":[""pathotype strain of Xanthomonas citri pv. aracearum""]}"	.cache/ncbi/v2_1/efetch_8ec2141c87acd40792a90a4e277782ac1e620c234591cd9898396a29132fc936.xml	https://www.ncbi.nlm.nih.gov/biosample/SAMN42278575	ok	
9a5a419bbd06149334ec; 088e8e6142d8bc9fa251	NCPPB 584	ncppb_number	expected_genus:Xanthomonas; exact_full_identifier	NCPPB; NCPPB 584	42278574	SAMN42278574	Xanthomonas axonopodis pv. tamarindi	473416	Genome sequencing ofXanthomonas axonopodis pv. tamarindi (Patel et al. 1951) Vauterin et al. 1995 NCPPB 584	NCPPB 584		NCPPB:584				BioSample: SAMN42278574; 584; SRA: SRS21884772	Tamarindus indica	India	1950		"{""collected_by"":[""ex M.K. Patel 7""],""collection_date"":[""1950""],""culture_collection"":[""NCPPB:584""],""geo_loc_name"":[""India""],""host"":[""Tamarindus indica""],""pathovar"":[""tamarindi""],""sample_type"":[""Cell culture""],""strain"":[""NCPPB 584""]}"	.cache/ncbi/v2_1/efetch_8ec2141c87acd40792a90a4e277782ac1e620c234591cd9898396a29132fc936.xml	https://www.ncbi.nlm.nih.gov/biosample/SAMN42278574	ok	
9a5a419bbd06149334ec; 05d16fa41516e50be911	NCPPB 2066	ncppb_number	expected_genus:Xanthomonas; exact_full_identifier	NCPPB; NCPPB 2066	42278573	SAMN42278573	Xanthomonas axonopodis pv. phyllanthi	473414	Genome sequencing of Xanthomonas axonopodis pv. phyllanthi (Sabet et al. 1969) Vauterin et al 1995 NCPPB 2066	NCPPB 2066		NCPPB:2066				BioSample: SAMN42278573; 2066; SRA: SRS21884771	Phyllanthus niruri	Sudan	1965		"{""collected_by"":[""K.A. Sabet Phyl 1""],""collection_date"":[""1965""],""culture_collection"":[""NCPPB:2066""],""geo_loc_name"":[""Sudan""],""host"":[""Phyllanthus niruri""],""pathovar"":[""phyllanthi""],""sample_type"":[""Cell culture""],""strain"":[""NCPPB 2066""]}"	.cache/ncbi/v2_1/efetch_8ec2141c87acd40792a90a4e277782ac1e620c234591cd9898396a29132fc936.xml	https://www.ncbi.nlm.nih.gov/biosample/SAMN42278573	ok	
9a5a419bbd06149334ec; 8b35737f17fcfdc57f5e	NCPPB 1337	ncppb_number	expected_genus:Xanthomonas; exact_full_identifier	NCPPB; NCPPB 1337	42278572	SAMN42278572	Xanthomonas axonopodis pv. nakataecorchori	487835	Genome sequencing ofXanthomonas axonopodis pv. nakataecorchori (Padhya & Patel 1963) Vauterin et al. 1995 NCPPB 1337	NCPPB 1337		NCPPB:1337				BioSample: SAMN42278572; 1337; SRA: SRS21884770	Corchorus aestuans var. aestuans	India	1961		"{""collected_by"":[""ex A.C. Padhya""],""collection_date"":[""1961""],""culture_collection"":[""NCPPB:1337""],""geo_loc_name"":[""India""],""host"":[""Corchorus aestuans var. aestuans""],""pathovar"":[""nakataecorchori""],""sample_type"":[""Cell culture""],""strain"":[""NCPPB 1337""]}"	.cache/ncbi/v2_1/efetch_8ec2141c87acd40792a90a4e277782ac1e620c234591cd9898396a29132fc936.xml	https://www.ncbi.nlm.nih.gov/biosample/SAMN42278572	ok	
9a5a419bbd06149334ec; 1bd0b43f1485f1d51d50	NCPPB 993	ncppb_number	expected_genus:Xanthomonas; exact_full_identifier	NCPPB; NCPPB 993	42278571	SAMN42278571	Xanthomonas axonopodis pv. lespedezae	473412	Genome sequencing of Xanthomonas axonopodis pv. lespedezae (Ayers et al. 1939) Vauterin et al. 1995 NCPPB 993	NCPPB 993		NCPPB:993				BioSample: SAMN42278571; 993; SRA: SRS21884769	Lespedeza	USA	1944		"{""collected_by"":[""ex C. Lefebvre""],""collection_date"":[""1944""],""culture_collection"":[""NCPPB:993""],""geo_loc_name"":[""USA""],""host"":[""Lespedeza""],""pathovar"":[""lespedezae""],""sample_type"":[""Cell culture""],""strain"":[""NCPPB 993""]}"	.cache/ncbi/v2_1/efetch_8ec2141c87acd40792a90a4e277782ac1e620c234591cd9898396a29132fc936.xml	https://www.ncbi.nlm.nih.gov/biosample/SAMN42278571	ok	
9a5a419bbd06149334ec; d36dc3d3d02792a442d6	NCPPB 2230	ncppb_number	expected_genus:Xanthomonas; exact_full_identifier	NCPPB; NCPPB 2230	42278570	SAMN42278570	Xanthomonas axonopodis pv. fascicularis	487830	Genome sequencing of Xanthomonas axonopodis pv. fascicularis (Patel & Kotasthane 1969) Vauterin et al. 1995 NCPPB 2230	NCPPB 2230		NCPPB:2230				BioSample: SAMN42278570; 2230; SRA: SRS21884768	Corchorus fascicularis	India	1967		"{""collected_by"":[""A.M. Patel""],""collection_date"":[""1967""],""culture_collection"":[""NCPPB:2230""],""geo_loc_name"":[""India""],""host"":[""Corchorus fascicularis""],""pathovar"":[""fascicularis""],""sample_type"":[""Cell culture""],""strain"":[""NCPPB 2230""]}"	.cache/ncbi/v2_1/efetch_8ec2141c87acd40792a90a4e277782ac1e620c234591cd9898396a29132fc936.xml	https://www.ncbi.nlm.nih.gov/biosample/SAMN42278570	ok	
9a5a419bbd06149334ec; e1ef1da585564a10288d	NCPPB 885	ncppb_number	expected_genus:Xanthomonas; exact_full_identifier	NCPPB; NCPPB 885	42278569	SAMN42278569	Xanthomonas axonopodis pv. desmodiirotundifolii	473410	Genome sequencing of Xanthomonas axonopodis pv. desmodiirotundifolii (Desai & Shah 1960) Vauterin et al. 1995 NCPPB 885	NCPPB 885		NCPPB:885	A.C. Hayward			BioSample: SAMN42278569; 885; SRA: SRS21884767	Desmodium rotundifolium	India	Not collected		"{""biomaterial_provider"":[""A.C. Hayward""],""collected_by"":[""ex R.M. Patel""],""collection_date"":[""Not collected""],""culture_collection"":[""NCPPB:885""],""geo_loc_name"":[""India""],""host"":[""Desmodium rotundifolium""],""pathovar"":[""desmodiirotundifolii""],""sample_type"":[""Cell culture""],""strain"":[""NCPPB 885""]}"	.cache/ncbi/v2_1/efetch_8ec2141c87acd40792a90a4e277782ac1e620c234591cd9898396a29132fc936.xml	https://www.ncbi.nlm.nih.gov/biosample/SAMN42278569	ok	
9a5a419bbd06149334ec; 0fe1f82827c2f1dcaad3	NCPPB 577	ncppb_number	expected_genus:Xanthomonas; exact_full_identifier	NCPPB; NCPPB 577	42278567	SAMN42278567	Xanthomonas axonopodis pv. desmodiigangetici	473409	Genome sequencing of Xanthomonas axonopodis pv. desmodiigangetici (Patel & Moniz 1948) Vauterin et al. 1995 NCPPB 577	NCPPB 577		NCPPB:577				BioSample: SAMN42278567; 577; SRA: SRS21884765	Pleurolobus gangeticus	India	1943		"{""collected_by"":[""ex M.K. Patel 3""],""collection_date"":[""1943""],""culture_collection"":[""NCPPB:577""],""geo_loc_name"":[""India""],""host"":[""Pleurolobus gangeticus""],""pathovar"":[""desmodiigangetici""],""sample_type"":[""Cell culture""],""strain"":[""NCPPB 577""]}"	.cache/ncbi/v2_1/efetch_8ec2141c87acd40792a90a4e277782ac1e620c234591cd9898396a29132fc936.xml	https://www.ncbi.nlm.nih.gov/biosample/SAMN42278567	ok	
9a5a419bbd06149334ec; aeaf7b206bd86af3463a	NCPPB 481	ncppb_number	expected_genus:Xanthomonas; exact_full_identifier	NCPPB; NCPPB 481	42278566	SAMN42278566	Xanthomonas axonopodis pv. biophyti	487826	Genome sequencing of Xanthomonas axonopodis pv. biophyti (Patel et al.1969) Vauterin et al. 1995 NCPPB 481	NCPPB 481		NCPPB:481				BioSample: SAMN42278566; 481; SRA: SRS21884763	Biophytum sensitivum	India	1967		"{""collected_by"":[""A.M. Patel""],""collection_date"":[""1967""],""culture_collection"":[""NCPPB:481""],""geo_loc_name"":[""India""],""host"":[""Biophytum sensitivum""],""pathovar"":[""biophyti""],""sample_type"":[""Cell culture""],""strain"":[""NCPPB 481""]}"	.cache/ncbi/v2_1/efetch_8ec2141c87acd40792a90a4e277782ac1e620c234591cd9898396a29132fc936.xml	https://www.ncbi.nlm.nih.gov/biosample/SAMN42278566	ok	
9a5a419bbd06149334ec; 6e69f657ed06071e7235	NCPPB 2058	ncppb_number	expected_genus:Xanthomonas; exact_full_identifier	NCPPB; NCPPB 2058	42278565	SAMN42278565	Xanthomonas citri pv. vignaeradiatae	487841	Genome sequencing of Xanthomonas citri pv. vignaeradiatae (Sabet et al. 1969) Constantin et al. 2016 comb. nov. NCPPB 2058	NCPPB 2058		NCPPB:2058				BioSample: SAMN42278565; 2058; SRA: SRS21884762	Vigna radiata	Sudan	1966		"{""collected_by"":[""K.A. Sabet Phas 2""],""collection_date"":[""1966""],""culture_collection"":[""NCPPB:2058""],""geo_loc_name"":[""Sudan""],""host"":[""Vigna radiata""],""pathovar"":[""vignaeradiatae""],""sample_type"":[""Cell culture""],""strain"":[""NCPPB 2058""],""type-material"":[""pathotype strain of Xanthomonas citri pv. vignaeradiatae""]}"	.cache/ncbi/v2_1/efetch_8ec2141c87acd40792a90a4e277782ac1e620c234591cd9898396a29132fc936.xml	https://www.ncbi.nlm.nih.gov/biosample/SAMN42278565	ok	
9a5a419bbd06149334ec; d4fac59d5e508d8e2f6f	NCPPB 637	ncppb_number	expected_genus:Xanthomonas; exact_full_identifier	NCPPB; NCPPB 637	42180202	SAMN42180202	Xanthomonas axonopodis pv. cyamopsidis	473407	Genome sequencing of Xanthomonas axonopodis pv. cyamopsidis NCPPB 637	NCPPB 637		NCPPB:637	A.C. Hayward			BioSample: SAMN42180202; 637; SRA: SRS21850071	Cyamopsis tetragonoloba	India	Not collected		"{""biomaterial_provider"":[""A.C. Hayward""],""collected_by"":[""ex M.K. Patel""],""collection_date"":[""Not collected""],""culture_collection"":[""NCPPB:637""],""geo_loc_name"":[""India""],""host"":[""Cyamopsis tetragonoloba""],""pathovar"":[""cyamopsidis""],""sample_type"":[""Cell culture""],""strain"":[""NCPPB 637""]}"	.cache/ncbi/v2_1/efetch_8ec2141c87acd40792a90a4e277782ac1e620c234591cd9898396a29132fc936.xml	https://www.ncbi.nlm.nih.gov/biosample/SAMN42180202	ok	
9a5a419bbd06149334ec; b1f4018a9b8097bf34cf	NCPPB 3758	ncppb_number	expected_genus:Xanthomonas; exact_full_identifier	NCPPB; NCPPB 3758	42180201	SAMN42180201	Xanthomonas axonopodis pv. cyamopsidis	473407	Genome sequencing of Xanthomonas axonopodis pv. cyamopsidis NCPPB 3758	NCPPB 3758		NCPPB:3758	J.R. Neto			BioSample: SAMN42180201; 3758; SRA: SRS21850070	Cyamopsis tetragonoloba	Brazil	1990		"{""biomaterial_provider"":[""J.R. Neto""],""collected_by"":[""ex I.M.G. Almeida""],""collection_date"":[""1990""],""culture_collection"":[""NCPPB:3758""],""geo_loc_name"":[""Brazil""],""host"":[""Cyamopsis tetragonoloba""],""pathovar"":[""cyamopsidis""],""sample_type"":[""Cell culture""],""strain"":[""NCPPB 3758""]}"	.cache/ncbi/v2_1/efetch_8ec2141c87acd40792a90a4e277782ac1e620c234591cd9898396a29132fc936.xml	https://www.ncbi.nlm.nih.gov/biosample/SAMN42180201	ok	
9a5a419bbd06149334ec; a84ddd5fa0df6409a5eb	NCPPB 3204	ncppb_number	expected_genus:Xanthomonas; exact_full_identifier	NCPPB; NCPPB 3204	42180200	SAMN42180200	Xanthomonas axonopodis pv. cyamopsidis	473407	Genome sequencing of Xanthomonas axonopodis pv. cyamopsidis NCPPB 3204	NCPPB 3204		NCPPB:3204	J.F. Bradbury			BioSample: SAMN42180200; 3204; SRA: SRS21850069	Cyamopsis tetragonoloba	Sudan	1979		"{""biomaterial_provider"":[""J.F. Bradbury""],""collected_by"":[""R. Billington""],""collection_date"":[""1979""],""culture_collection"":[""NCPPB:3204""],""geo_loc_name"":[""Sudan""],""host"":[""Cyamopsis tetragonoloba""],""pathovar"":[""cyamopsidis""],""sample_type"":[""Cell culture""],""strain"":[""NCPPB 3204""]}"	.cache/ncbi/v2_1/efetch_8ec2141c87acd40792a90a4e277782ac1e620c234591cd9898396a29132fc936.xml	https://www.ncbi.nlm.nih.gov/biosample/SAMN42180200	ok	
9a5a419bbd06149334ec; 3ecefbbea4ac8ea01956	NCPPB 2998	ncppb_number	expected_genus:Xanthomonas; exact_full_identifier	NCPPB; NCPPB 2998	42180199	SAMN42180199	Xanthomonas axonopodis pv. cyamopsidis	473407	Genome sequencing of Xanthomonas axonopodis pv. cyamopsidis NCPPB 2998	NCPPB 2998		NCPPB:2998				BioSample: SAMN42180199; 2998; SRA: SRS21850068	Cyamopsis tetragonoloba	USA	1968		"{""collected_by"":[""ex R.G. Orellana 19""],""collection_date"":[""1968""],""culture_collection"":[""NCPPB:2998""],""geo_loc_name"":[""USA""],""host"":[""Cyamopsis tetragonoloba""],""pathovar"":[""cyamopsidis""],""sample_type"":[""Cell culture""],""strain"":[""NCPPB 2998""]}"	.cache/ncbi/v2_1/efetch_8ec2141c87acd40792a90a4e277782ac1e620c234591cd9898396a29132fc936.xml	https://www.ncbi.nlm.nih.gov/biosample/SAMN42180199	ok	
9a5a419bbd06149334ec; e838867e948d3418af75	NCPPB 2997	ncppb_number	expected_genus:Xanthomonas; exact_full_identifier	NCPPB; NCPPB 2997	42180198	SAMN42180198	Xanthomonas axonopodis pv. cyamopsidis	473407	Genome sequencing of Xanthomonas axonopodis pv. cyamopsidis NCPPB 2997	NCPPB 2997		NCPPB:2997				BioSample: SAMN42180198; 2997; SRA: SRS21850067	Cyamopsis tetragonoloba	USA	1968		"{""collected_by"":[""ex R.G. Orellana 14""],""collection_date"":[""1968""],""culture_collection"":[""NCPPB:2997""],""geo_loc_name"":[""USA""],""host"":[""Cyamopsis tetragonoloba""],""pathovar"":[""cyamopsidis""],""sample_type"":[""Cell culture""],""strain"":[""NCPPB 2997""]}"	.cache/ncbi/v2_1/efetch_8ec2141c87acd40792a90a4e277782ac1e620c234591cd9898396a29132fc936.xml	https://www.ncbi.nlm.nih.gov/biosample/SAMN42180198	ok	
9a5a419bbd06149334ec; ffaefe17223b66b84b09	NCPPB 2494	ncppb_number	expected_genus:Xanthomonas; exact_full_identifier	NCPPB; NCPPB 2494	42180197	SAMN42180197	Xanthomonas axonopodis pv. cyamopsidis	473407	Genome sequencing of Xanthomonas axonopodis pv. cyamopsidis NCPPB 2494	NCPPB 2494		NCPPB:2494	J.F. Bradbury			BioSample: SAMN42180197; 2494; SRA: SRS21850066	Cyamopsis tetragonoloba	India	Not collected		"{""biomaterial_provider"":[""J.F. Bradbury""],""collected_by"":[""ex S.V. Hegde Guar 1""],""collection_date"":[""Not collected""],""culture_collection"":[""NCPPB:2494""],""geo_loc_name"":[""India""],""host"":[""Cyamopsis tetragonoloba""],""pathovar"":[""cyamopsidis""],""sample_type"":[""Cell culture""],""strain"":[""NCPPB 2494""]}"	.cache/ncbi/v2_1/efetch_8ec2141c87acd40792a90a4e277782ac1e620c234591cd9898396a29132fc936.xml	https://www.ncbi.nlm.nih.gov/biosample/SAMN42180197	ok	
9a5a419bbd06149334ec; 077b9447848568a098ab	NCPPB 2914	ncppb_number	expected_genus:Xanthomonas; exact_full_identifier	NCPPB; NCPPB 2914	42180190	SAMN42180190	Xanthomonas citri pv. rhynchosiae	473424	Genome sequencing of Xanthomonas citri pv. rhynchosiae (Sabet et al. 1969) Constantin et al. 2016 comb. nov., NCPPB 2914	NCPPB 2914		NCPPB:2914	J.F. Bradbury			BioSample: SAMN42180190; 2914; SRA: SRS21850009	Rhynchosiae phaseoloides	Barbados	1972		"{""biomaterial_provider"":[""J.F. Bradbury""],""collected_by"":[""D. Norse 507""],""collection_date"":[""1972""],""culture_collection"":[""NCPPB:2914""],""geo_loc_name"":[""Barbados""],""host"":[""Rhynchosiae phaseoloides""],""pathovar"":[""rhynchosiae""],""sample_type"":[""Cell culture""],""strain"":[""NCPPB 2914""]}"	.cache/ncbi/v2_1/efetch_8ec2141c87acd40792a90a4e277782ac1e620c234591cd9898396a29132fc936.xml	https://www.ncbi.nlm.nih.gov/biosample/SAMN42180190	ok	
9a5a419bbd06149334ec; 6b37eb310bcfa7ed5a66	NCPPB 2060	ncppb_number	expected_genus:Xanthomonas; exact_full_identifier	NCPPB; NCPPB 2060	42180189	SAMN42180189	Xanthomonas citri pv. rhynchosiae	473424	Genome sequencing of Xanthomonas citri pv. rhynchosiae (Sabet et al. 1969) Constantin et al. 2016 comb. nov., NCPPB 2060	NCPPB 2060		NCPPB:2060				BioSample: SAMN42180189; 2060; SRA: SRS21850008	Rhynchosia minima	Sudan	1966		"{""collected_by"":[""K.A. Sabet Rhyn 2""],""collection_date"":[""1966""],""culture_collection"":[""NCPPB:2060""],""geo_loc_name"":[""Sudan""],""host"":[""Rhynchosia minima""],""pathovar"":[""rhynchosiae""],""sample_type"":[""Cell culture""],""strain"":[""NCPPB 2060""]}"	.cache/ncbi/v2_1/efetch_8ec2141c87acd40792a90a4e277782ac1e620c234591cd9898396a29132fc936.xml	https://www.ncbi.nlm.nih.gov/biosample/SAMN42180189	ok	
9a5a419bbd06149334ec; b755e0959d3c4543ef4b	NCPPB 1827	ncppb_number	expected_genus:Xanthomonas; exact_full_identifier	NCPPB; NCPPB 1827	42180188	SAMN42180188	Xanthomonas citri pv. rhynchosiae	473424	Genome sequencing of Xanthomonas citri pv. rhynchosiae (Sabet et al. 1969) Constantin et al. 2016 comb. nov., NCPPB 1827	NCPPB 1827		NCPPB:1827				BioSample: SAMN42180188; 1827; SRA: SRS21850007	Rhynchosia minima	Sudan	1965		"{""collected_by"":[""K.A. Sabet Rhyn 1""],""collection_date"":[""1965""],""culture_collection"":[""NCPPB:1827""],""geo_loc_name"":[""Sudan""],""host"":[""Rhynchosia minima""],""pathovar"":[""rhynchosiae""],""sample_type"":[""Cell culture""],""strain"":[""NCPPB 1827""],""type-material"":[""pathotype strain of Xanthomonas citri pv. rhynchosiae""]}"	.cache/ncbi/v2_1/efetch_8ec2141c87acd40792a90a4e277782ac1e620c234591cd9898396a29132fc936.xml	https://www.ncbi.nlm.nih.gov/biosample/SAMN42180188	ok	
9a5a419bbd06149334ec; 198573b38c9bd51a7495	NCPPB 581	ncppb_number	expected_genus:Xanthomonas; exact_full_identifier	NCPPB; NCPPB 581	42178463	SAMN42178463	Xanthomonas axonopodis pv. poinsettiicola	375353	Genome sequencing of Xanthomonas campestris pv. poinsettiicola NCPPB 581	NCPPB:581		NCPPB:581	ex M.K. Patel 12			BioSample: SAMN42178463; 581; SRA: SRS21849264	Euphorbia pulcherrima	India	1950		"{""biomaterial_provider"":[""ex M.K. Patel 12""],""collection_date"":[""1950""],""culture_collection"":[""NCPPB:581""],""geo_loc_name"":[""India""],""host"":[""Euphorbia pulcherrima""],""pathovar"":[""poinsettiicola""],""sample_type"":[""Cell culture""],""strain"":[""NCPPB:581""],""type-material"":[""pathotype strain of Xanthomonas axonopodis pv. poinsettiicola""]}"	.cache/ncbi/v2_1/efetch_8ec2141c87acd40792a90a4e277782ac1e620c234591cd9898396a29132fc936.xml	https://www.ncbi.nlm.nih.gov/biosample/SAMN42178463	ok	
9a5a419bbd06149334ec; 4d981935d51634e873ea	NCPPB 3948	ncppb_number	expected_genus:Xanthomonas; exact_full_identifier	NCPPB; NCPPB 3948	42178462	SAMN42178462	Xanthomonas axonopodis pv. poinsettiicola	375353	Genome sequencing of Xanthomonas campestris pv. poinsettiicola NCPPB 3948	NCPPB:3948		NCPPB:3948	J. Kolkowski, IMI			BioSample: SAMN42178462; 3948; SRA: SRS21849263	Euphorbia cyathophora	Australia	Not collected		"{""biomaterial_provider"":[""J. Kolkowski, IMI""],""collected_by"":[""J.Bradbury""],""collection_date"":[""Not collected""],""culture_collection"":[""NCPPB:3948""],""geo_loc_name"":[""Australia""],""host"":[""Euphorbia cyathophora""],""pathovar"":[""poinsettiicola""],""sample_type"":[""Cell culture""],""strain"":[""NCPPB:3948""]}"	.cache/ncbi/v2_1/efetch_8ec2141c87acd40792a90a4e277782ac1e620c234591cd9898396a29132fc936.xml	https://www.ncbi.nlm.nih.gov/biosample/SAMN42178462	ok	
9a5a419bbd06149334ec; 7dd1536880816097469f	NCPPB 1939	ncppb_number	expected_genus:Xanthomonas; exact_full_identifier	NCPPB; NCPPB 1939	42178461	SAMN42178461	Xanthomonas axonopodis pv. poinsettiicola	375353	Genome sequencing of Xanthomonas campestris pv. poinsettiicola NCPPB 1939	NCPPB:1939		NCPPB:1939	ex L.A. McFadden XP6			BioSample: SAMN42178461; 1939; SRA: SRS21849262	Euphorbia pulcherrima	USA	1960		"{""biomaterial_provider"":[""ex L.A. McFadden XP6""],""collection_date"":[""1960""],""culture_collection"":[""NCPPB:1939""],""geo_loc_name"":[""USA""],""host"":[""Euphorbia pulcherrima""],""pathovar"":[""poinsettiicola""],""sample_type"":[""Cell culture""],""strain"":[""NCPPB:1939""]}"	.cache/ncbi/v2_1/efetch_8ec2141c87acd40792a90a4e277782ac1e620c234591cd9898396a29132fc936.xml	https://www.ncbi.nlm.nih.gov/biosample/SAMN42178461	ok	
9a5a419bbd06149334ec; 1d0c221123f0790df6cd	NCPPB 2973	ncppb_number	expected_genus:Xanthomonas; exact_full_identifier	NCPPB; NCPPB 2973	42178454	SAMN42178454	Xanthomonas axonopodis pv. cassiae	473405	Genome sequencing of Xanthomonas campestris pv. cassiae NCPPB 2973	NCPPB 2973		NCPPB:2973	PDDCC 0358; ex D.W. Dye YD2 ex W.H. Burkholder XC18			BioSample: SAMN42178454; 2973; SRA: SRS21849268	Senna tora	India	1962		"{""biomaterial_provider"":[""PDDCC 0358; ex D.W. Dye YD2 ex W.H. Burkholder XC18""],""collected_by"":[""M.K. Patel""],""collection_date"":[""1962""],""culture_collection"":[""NCPPB:2973""],""geo_loc_name"":[""India""],""host"":[""Senna tora""],""pathovar"":[""cassiae""],""sample_type"":[""Cell culture""],""strain"":[""NCPPB 2973""]}"	.cache/ncbi/v2_1/efetch_8ec2141c87acd40792a90a4e277782ac1e620c234591cd9898396a29132fc936.xml	https://www.ncbi.nlm.nih.gov/biosample/SAMN42178454	ok	
9a5a419bbd06149334ec; 8e775fe446fd667c22a5	NCPPB 1475	ncppb_number	expected_genus:Xanthomonas; exact_full_identifier	NCPPB; NCPPB 1475	42178453	SAMN42178453	Xanthomonas axonopodis pv. cassiae	473405	Genome sequencing of Xanthomonas campestris pv. cassiae NCPPB 1475	NCPPB 1475		NCPPB:1475				BioSample: SAMN42178453; 1475; SRA: SRS21849267	Senna tora	India	1963		"{""collected_by"":[""A.C. Hayward B1479""],""collection_date"":[""1963""],""culture_collection"":[""NCPPB:1475""],""geo_loc_name"":[""India""],""host"":[""Senna tora""],""pathovar"":[""cassiae""],""sample_type"":[""Cell culture""],""strain"":[""NCPPB 1475""]}"	.cache/ncbi/v2_1/efetch_8ec2141c87acd40792a90a4e277782ac1e620c234591cd9898396a29132fc936.xml	https://www.ncbi.nlm.nih.gov/biosample/SAMN42178453	ok	
9a5a419bbd06149334ec; 9ed91152565138575f33	NCPPB 645	ncppb_number	expected_genus:Xanthomonas; exact_full_identifier	NCPPB; NCPPB 645	42178452	SAMN42178452	Xanthomonas axonopodis pv. cassiae	473405	Genome sequencing of Xanthomonas campestris pv. cassiae NCPPB 645	NCPPB 645		NCPPB:645				BioSample: SAMN42178452; 645; SRA: SRS21849266	Senna alexandrina	Sudan	1957		"{""collected_by"":[""K.A. Sabet Cas 2""],""collection_date"":[""1957""],""culture_collection"":[""NCPPB:645""],""geo_loc_name"":[""Sudan""],""host"":[""Senna alexandrina""],""pathovar"":[""cassiae""],""sample_type"":[""Cell culture""],""strain"":[""NCPPB 645""]}"	.cache/ncbi/v2_1/efetch_8ec2141c87acd40792a90a4e277782ac1e620c234591cd9898396a29132fc936.xml	https://www.ncbi.nlm.nih.gov/biosample/SAMN42178452	ok	
9a5a419bbd06149334ec; 49e6fc15c1b0ba65ac3b	NCPPB 478	ncppb_number	expected_genus:Xanthomonas; exact_full_identifier	NCPPB; NCPPB 478	42178451	SAMN42178451	Xanthomonas axonopodis pv. cassiae	473405	Genome sequencing of Xanthomonas campestris pv. cassiae NCPPB 478	NCPPB 478		NCPPB:478	ex M.K. Desai			BioSample: SAMN42178451; 478; SRA: SRS21849265	Senna tora	India	Not collected		"{""biomaterial_provider"":[""ex M.K. Desai""],""collection_date"":[""Not collected""],""culture_collection"":[""NCPPB:478""],""geo_loc_name"":[""India""],""host"":[""Senna tora""],""pathovar"":[""cassiae""],""sample_type"":[""Cell culture""],""strain"":[""NCPPB 478""]}"	.cache/ncbi/v2_1/efetch_8ec2141c87acd40792a90a4e277782ac1e620c234591cd9898396a29132fc936.xml	https://www.ncbi.nlm.nih.gov/biosample/SAMN42178451	ok	
9a5a419bbd06149334ec; c71a46c44f94f36c66da	NCPPB 113	ncppb_number	expected_genus:Xanthomonas; exact_full_identifier	NCPPB; NCPPB 113	42178446	SAMN42178446	Xanthomonas axonopodis pv. ricini	473415	Genome sequencing of Xanthomonas campestris pv. ricini NCPPB 113	NCPPB 113		NCPPB:113	C. G. Hansford			BioSample: SAMN42178446; 113; SRA: SRS21849309	Ricinus communis	Uganda	Not collected		"{""biomaterial_provider"":[""C. G. Hansford""],""collection_date"":[""Not collected""],""culture_collection"":[""NCPPB:113""],""geo_loc_name"":[""Uganda""],""host"":[""Ricinus communis""],""pathovar"":[""ricini""],""sample_type"":[""Cell culture""],""strain"":[""NCPPB 113""]}"	.cache/ncbi/v2_1/efetch_8ec2141c87acd40792a90a4e277782ac1e620c234591cd9898396a29132fc936.xml	https://www.ncbi.nlm.nih.gov/biosample/SAMN42178446	ok	
9a5a419bbd06149334ec; d3458b199c319b65ca93	NCPPB 2369	ncppb_number	expected_genus:Xanthomonas; exact_full_identifier	NCPPB; NCPPB 2369	42178445	SAMN42178445	Xanthomonas axonopodis pv. ricini	473415	Genome sequencing of Xanthomonas campestris pv. ricini NCPPB 2369	NCPPB 2369		NCPPB:2369				BioSample: SAMN42178445; 2369; SRA: SRS21849308	Ricinus communis	India	1969		"{""collected_by"":[""ex J.K. Jindal""],""collection_date"":[""1969""],""culture_collection"":[""NCPPB:2369""],""geo_loc_name"":[""India""],""host"":[""Ricinus communis""],""pathovar"":[""ricini""],""sample_type"":[""Cell culture""],""strain"":[""NCPPB 2369""]}"	.cache/ncbi/v2_1/efetch_8ec2141c87acd40792a90a4e277782ac1e620c234591cd9898396a29132fc936.xml	https://www.ncbi.nlm.nih.gov/biosample/SAMN42178445	ok	
9a5a419bbd06149334ec; 1e07fbd15d92ccbe6077	NCPPB 1684	ncppb_number	expected_genus:Xanthomonas; exact_full_identifier	NCPPB; NCPPB 1684	42178444	SAMN42178444	Xanthomonas axonopodis pv. ricini	473415	Genome sequencing of Xanthomonas campestris pv. ricini NCPPB 1684	NCPPB 1684		NCPPB:1684	P.N. Patel			BioSample: SAMN42178444; 1684; SRA: SRS21849307	Ricinus communis	Kenya	1964		"{""biomaterial_provider"":[""P.N. Patel""],""collected_by"":[""A.C. Hayward B2602""],""collection_date"":[""1964""],""culture_collection"":[""NCPPB:1684""],""geo_loc_name"":[""Kenya""],""host"":[""Ricinus communis""],""pathovar"":[""ricini""],""sample_type"":[""Cell culture""],""strain"":[""NCPPB 1684""]}"	.cache/ncbi/v2_1/efetch_8ec2141c87acd40792a90a4e277782ac1e620c234591cd9898396a29132fc936.xml	https://www.ncbi.nlm.nih.gov/biosample/SAMN42178444	ok	
9a5a419bbd06149334ec; 919ec08b6adf4009818e	NCPPB 1473	ncppb_number	expected_genus:Xanthomonas; exact_full_identifier	NCPPB; NCPPB 1473	42178443	SAMN42178443	Xanthomonas axonopodis pv. ricini	473415	Genome sequencing of Xanthomonas campestris pv. ricini NCPPB 1473	NCPPB 1473		NCPPB:1473				BioSample: SAMN42178443; 1473; SRA: SRS21849306	Ricinus communis	Zimbabwe	1963		"{""collected_by"":[""A.C. Hayward B1559""],""collection_date"":[""1963""],""culture_collection"":[""NCPPB:1473""],""geo_loc_name"":[""Zimbabwe""],""host"":[""Ricinus communis""],""pathovar"":[""ricini""],""sample_type"":[""Cell culture""],""strain"":[""NCPPB 1473""]}"	.cache/ncbi/v2_1/efetch_8ec2141c87acd40792a90a4e277782ac1e620c234591cd9898396a29132fc936.xml	https://www.ncbi.nlm.nih.gov/biosample/SAMN42178443	ok	
9a5a419bbd06149334ec; 11fb84d87c198768dcf6	NCPPB 1324	ncppb_number	expected_genus:Xanthomonas; exact_full_identifier	NCPPB; NCPPB 1324	42178442	SAMN42178442	Xanthomonas axonopodis pv. ricini	473415	Genome sequencing of Xanthomonas campestris pv. ricini NCPPB 1324	NCPPB 1324		NCPPB:1324				BioSample: SAMN42178442; 1324; SRA: SRS21849305	Ricinus communis	Hong Kong	1962		"{""collected_by"":[""A.C. Hayward B1167""],""collection_date"":[""1962""],""culture_collection"":[""NCPPB:1324""],""geo_loc_name"":[""Hong Kong""],""host"":[""Ricinus communis""],""pathovar"":[""ricini""],""sample_type"":[""Cell culture""],""strain"":[""NCPPB 1324""]}"	.cache/ncbi/v2_1/efetch_8ec2141c87acd40792a90a4e277782ac1e620c234591cd9898396a29132fc936.xml	https://www.ncbi.nlm.nih.gov/biosample/SAMN42178442	ok	
9a5a419bbd06149334ec; be9c0234b15219fe6cbd	NCPPB 1063	ncppb_number	expected_genus:Xanthomonas; exact_full_identifier	NCPPB; NCPPB 1063	42178441	SAMN42178441	Xanthomonas axonopodis pv. ricini	473415	Genome sequencing of Xanthomonas campestris pv. ricini NCPPB 1063	NCPPB 1063		NCPPB:1063				BioSample: SAMN42178441; 1063; SRA: SRS21849304	Ricinus communis	Ethiopia	1961		"{""collected_by"":[""A.C. Hayward B651""],""collection_date"":[""1961""],""culture_collection"":[""NCPPB:1063""],""geo_loc_name"":[""Ethiopia""],""host"":[""Ricinus communis""],""pathovar"":[""ricini""],""sample_type"":[""Cell culture""],""strain"":[""NCPPB 1063""]}"	.cache/ncbi/v2_1/efetch_8ec2141c87acd40792a90a4e277782ac1e620c234591cd9898396a29132fc936.xml	https://www.ncbi.nlm.nih.gov/biosample/SAMN42178441	ok	
9a5a419bbd06149334ec; 5272350b19ea746ec37e	NCPPB 535	ncppb_number	expected_genus:Xanthomonas; exact_full_identifier	NCPPB; NCPPB 535	42178440	SAMN42178440	Xanthomonas axonopodis pv. ricini	473415	Genome sequencing of Xanthomonas campestris pv. ricini NCPPB 535	NCPPB 535		NCPPB:535				BioSample: SAMN42178440; 535; SRA: SRS21849302	Ricinus communis	Sudan	1957		"{""collected_by"":[""K.A. Sabet Ric 3""],""collection_date"":[""1957""],""culture_collection"":[""NCPPB:535""],""geo_loc_name"":[""Sudan""],""host"":[""Ricinus communis""],""pathovar"":[""ricini""],""sample_type"":[""Cell culture""],""strain"":[""NCPPB 535""]}"	.cache/ncbi/v2_1/efetch_8ec2141c87acd40792a90a4e277782ac1e620c234591cd9898396a29132fc936.xml	https://www.ncbi.nlm.nih.gov/biosample/SAMN42178440	ok	
9a5a419bbd06149334ec; 18e1d8a4b20aa8091b14	NCPPB 488	ncppb_number	expected_genus:Xanthomonas; exact_full_identifier	NCPPB; NCPPB 488	42178439	SAMN42178439	Xanthomonas axonopodis pv. ricini	473415	Genome sequencing of Xanthomonas campestris pv. ricini NCPPB 488	NCPPB 488		NCPPB:488	ITCC B48			BioSample: SAMN42178439; 488; SRA: SRS21849303	Ricinus communis	India	Not collected		"{""biomaterial_provider"":[""ITCC B48""],""collected_by"":[""ex M.K. Patel""],""collection_date"":[""Not collected""],""culture_collection"":[""NCPPB:488""],""geo_loc_name"":[""India""],""host"":[""Ricinus communis""],""pathovar"":[""ricini""],""sample_type"":[""Cell culture""],""strain"":[""NCPPB 488""]}"	.cache/ncbi/v2_1/efetch_8ec2141c87acd40792a90a4e277782ac1e620c234591cd9898396a29132fc936.xml	https://www.ncbi.nlm.nih.gov/biosample/SAMN42178439	ok	
9a5a419bbd06149334ec; a1b7e1fb0c60402e0b01	NCPPB 3662	ncppb_number	expected_genus:Xanthomonas; exact_full_identifier	NCPPB; NCPPB 3662	42178438	SAMN42178438	Xanthomonas axonopodis pv. ricini	473415	Genome sequencing of Xanthomonas campestris pv. ricini NCPPB 3662	NCPPB 3662		NCPPB:3662	J.R. Neto			BioSample: SAMN42178438; 3662; SRA: SRS21849301	Ricinus communis	Brazil	1978		"{""biomaterial_provider"":[""J.R. Neto""],""collection_date"":[""1978""],""culture_collection"":[""NCPPB:3662""],""geo_loc_name"":[""Brazil""],""host"":[""Ricinus communis""],""pathovar"":[""ricini""],""sample_type"":[""Cell culture""],""strain"":[""NCPPB 3662""]}"	.cache/ncbi/v2_1/efetch_8ec2141c87acd40792a90a4e277782ac1e620c234591cd9898396a29132fc936.xml	https://www.ncbi.nlm.nih.gov/biosample/SAMN42178438	ok	
9a5a419bbd06149334ec; fd6fa679476f2ae3005d	NCPPB 3887	ncppb_number	expected_genus:Xanthomonas; exact_full_identifier	NCPPB; NCPPB 3887	42175586	SAMN42175586	Xanthomonas campestris pv. fici	487866	Genome sequencing of Xanthomonas campestris pv. fici NCPPB 3887	NCPPB 3887		NCPPB:3887	R. Chand			BioSample: SAMN42175586; 3887; SRA: SRS21846550	Unknown	India	1993		"{""biomaterial_provider"":[""R. Chand""],""collected_by"":[""R. Chand RC2B""],""collection_date"":[""1993""],""culture_collection"":[""NCPPB:3887""],""geo_loc_name"":[""India""],""host"":[""Unknown""],""sample_type"":[""Cell culture""],""strain"":[""NCPPB 3887""]}"	.cache/ncbi/v2_1/efetch_8ec2141c87acd40792a90a4e277782ac1e620c234591cd9898396a29132fc936.xml	https://www.ncbi.nlm.nih.gov/biosample/SAMN42175586	ok	
9a5a419bbd06149334ec; 73e9dd79bacbc80f31f6	NCPPB 3886	ncppb_number	expected_genus:Xanthomonas; exact_full_identifier	NCPPB; NCPPB 3886	42175585	SAMN42175585	Xanthomonas campestris pv. fici	487866	Genome sequencing of Xanthomonas campestris pv. fici NCPPB 3886	NCPPB 3886		NCPPB:3886	R. Chand			BioSample: SAMN42175585; 3886; SRA: SRS21846549	Ficus religiosa	India	1993		"{""biomaterial_provider"":[""R. Chand""],""collected_by"":[""R. Chand RC2A""],""collection_date"":[""1993""],""culture_collection"":[""NCPPB:3886""],""geo_loc_name"":[""India""],""host"":[""Ficus religiosa""],""sample_type"":[""Cell culture""],""strain"":[""NCPPB 3886""]}"	.cache/ncbi/v2_1/efetch_8ec2141c87acd40792a90a4e277782ac1e620c234591cd9898396a29132fc936.xml	https://www.ncbi.nlm.nih.gov/biosample/SAMN42175585	ok	
9a5a419bbd06149334ec; 997746ef6c22eb8c8ddd	NCPPB 3797	ncppb_number	expected_genus:Xanthomonas; exact_full_identifier	NCPPB; NCPPB 3797	42175584	SAMN42175584	Xanthomonas campestris pv. fici	487866	Genome sequencing of Xanthomonas campestris pv. fici NCPPB 3797	NCPPB 3797		NCPPB:3797	J.E. Sellwood			BioSample: SAMN42175584; 3797; SRA: SRS21846547	Unknown	Australia	1991		"{""biomaterial_provider"":[""J.E. Sellwood""],""collected_by"":[""J.E. Sellwood A5125""],""collection_date"":[""1991""],""culture_collection"":[""NCPPB:3797""],""geo_loc_name"":[""Australia""],""host"":[""Unknown""],""sample_type"":[""Cell culture""],""strain"":[""NCPPB 3797""]}"	.cache/ncbi/v2_1/efetch_8ec2141c87acd40792a90a4e277782ac1e620c234591cd9898396a29132fc936.xml	https://www.ncbi.nlm.nih.gov/biosample/SAMN42175584	ok	
9a5a419bbd06149334ec; c79e2b0993ba6cf81fe1	NCPPB 3796	ncppb_number	expected_genus:Xanthomonas; exact_full_identifier	NCPPB; NCPPB 3796	42175583	SAMN42175583	Xanthomonas campestris pv. fici	487866	Genome sequencing of Xanthomonas campestris pv. fici NCPPB 3796	NCPPB 3796		NCPPB:3796				BioSample: SAMN42175583; 3796; SRA: SRS21846546	Unknown	Australia	1991		"{""collected_by"":[""J. Duff 19206""],""collection_date"":[""1991""],""culture_collection"":[""NCPPB:3796""],""geo_loc_name"":[""Australia""],""host"":[""Unknown""],""sample_type"":[""Cell culture""],""strain"":[""NCPPB 3796""]}"	.cache/ncbi/v2_1/efetch_8ec2141c87acd40792a90a4e277782ac1e620c234591cd9898396a29132fc936.xml	https://www.ncbi.nlm.nih.gov/biosample/SAMN42175583	ok	
9a5a419bbd06149334ec; d079d2e9c72f1fba3719	NCPPB 3795	ncppb_number	expected_genus:Xanthomonas; exact_full_identifier	NCPPB; NCPPB 3795	42175582	SAMN42175582	Xanthomonas campestris pv. fici	487866	Genome sequencing of Xanthomonas campestris pv. fici NCPPB 3795	NCPPB 3795		NCPPB:3795				BioSample: SAMN42175582; 3795; SRA: SRS21846548	Ficus microcarpa var. hillii	Australia	1991		"{""collected_by"":[""J. Duff 19207""],""collection_date"":[""1991""],""culture_collection"":[""NCPPB:3795""],""geo_loc_name"":[""Australia""],""host"":[""Ficus microcarpa var. hillii""],""sample_type"":[""Cell culture""],""strain"":[""NCPPB 3795""]}"	.cache/ncbi/v2_1/efetch_8ec2141c87acd40792a90a4e277782ac1e620c234591cd9898396a29132fc936.xml	https://www.ncbi.nlm.nih.gov/biosample/SAMN42175582	ok	
9a5a419bbd06149334ec; a8786b069a8d4c19f07b	NCPPB 2372	ncppb_number	expected_genus:Xanthomonas; exact_full_identifier	NCPPB; NCPPB 2372	42175581	SAMN42175581	Xanthomonas campestris pv. fici	487866	Genome sequencing of Xanthomonas campestris pv. fici NCPPB 2372	NCPPB 2372		NCPPB:2372	P.N. Patel			BioSample: SAMN42175581; 2372; SRA: SRS21846545	Ficus religiosa	India	1968		"{""biomaterial_provider"":[""P.N. Patel""],""collected_by"":[""ex J.K. Jindal""],""collection_date"":[""1968""],""culture_collection"":[""NCPPB:2372""],""geo_loc_name"":[""India""],""host"":[""Ficus religiosa""],""sample_type"":[""Cell culture""],""strain"":[""NCPPB 2372""]}"	.cache/ncbi/v2_1/efetch_8ec2141c87acd40792a90a4e277782ac1e620c234591cd9898396a29132fc936.xml	https://www.ncbi.nlm.nih.gov/biosample/SAMN42175581	ok	
9a5a419bbd06149334ec	NCPPB 1946	ncppb_number	expected_genus:Xanthomonas	NCPPB	17385960	SAMN17385960	Xanthomonas campestris	339	MIGS Cultured Bacterial/Archaeal sample from Xanthomonas campestris	DAR-75960					X63, ICMP 1404, LMG 860, NCPPB 1946, CFBP 5827, ATCC 49079	BioSample: SAMN17385960; DAR-75960; SRA: SRS9061340	Raphanus sativus	USA	1940		"{""collection_date"":[""1940""],""env_broad_scale"":[""not applicable""],""env_local_scale"":[""not applicable""],""env_medium"":[""not applicable""],""geo_loc_name"":[""USA""],""host"":[""Raphanus sativus""],""isol_growth_condt"":[""https://doi.org/10.1111/j.1472-765X.2006.01887.x""],""isolate_name_alias"":[""X63, ICMP 1404, LMG 860, NCPPB 1946, CFBP 5827, ATCC 49079""],""lat_lon"":[""missing""],""num_replicons"":[""not collected""],""pathovar"":[""raphani""],""ref_biomaterial"":[""https://doi.org/10.1111/j.1365-3059.2005.01186.x""],""strain"":[""DAR-75960""]}"	.cache/ncbi/v2_1/efetch_d18021f24be666d2ee23fbd3549d1935b73b9e2719bdf190640e976f26b27a17.xml	https://www.ncbi.nlm.nih.gov/biosample/SAMN17385960	ok	
9a5a419bbd06149334ec	NCPPB 2986	ncppb_number	expected_genus:Xanthomonas	NCPPB	17385948	SAMN17385948	Xanthomonas campestris	339	MIGS Cultured Bacterial/Archaeal sample from Xanthomonas campestris	DAR-75944					X59, ICMP 4805, LMG 9037, NCPPB 2986	BioSample: SAMN17385948; DAR-75944; SRA: SRS9061545	Brassica oleracea var. capitata	Australia: Queensland, Redland Bay	1975	leaf	"{""collection_date"":[""1975""],""env_broad_scale"":[""not applicable""],""env_local_scale"":[""not applicable""],""env_medium"":[""not applicable""],""geo_loc_name"":[""Australia: Queensland, Redland Bay""],""host"":[""Brassica oleracea var. capitata""],""isol_growth_condt"":[""https://doi.org/10.1111/j.1472-765X.2006.01887.x""],""isolate_name_alias"":[""X59, ICMP 4805, LMG 9037, NCPPB 2986""],""isolation_source"":[""leaf""],""lat_lon"":[""missing""],""num_replicons"":[""not collected""],""pathovar"":[""campestris""],""ref_biomaterial"":[""https://doi.org/10.1111/j.1365-3059.2005.01186.x""],""strain"":[""DAR-75944""]}"	.cache/ncbi/v2_1/efetch_d18021f24be666d2ee23fbd3549d1935b73b9e2719bdf190640e976f26b27a17.xml	https://www.ncbi.nlm.nih.gov/biosample/SAMN17385948	ok	
9a5a419bbd06149334ec; 52d9509f838f3d53dc3f	NCPPB 347	ncppb_number	expected_genus:Xanthomonas; exact_full_identifier	NCPPB; NCPPB 347	17385947	SAMN17385947	Xanthomonas campestris	339	MIGS Cultured Bacterial/Archaeal sample from Xanthomonas campestris	DAR-75942					X60, ICMP 7, LMG 535, NCPPB 347, CFBP 3838	BioSample: SAMN17385947; DAR-75942; SRA: SRS9061547	Iberis sp.	Tanzania	1954		"{""collection_date"":[""1954""],""env_broad_scale"":[""not applicable""],""env_local_scale"":[""not applicable""],""env_medium"":[""not applicable""],""geo_loc_name"":[""Tanzania""],""host"":[""Iberis sp.""],""isol_growth_condt"":[""https://doi.org/10.1111/j.1472-765X.2006.01887.x""],""isolate_name_alias"":[""X60, ICMP 7, LMG 535, NCPPB 347, CFBP 3838""],""lat_lon"":[""missing""],""num_replicons"":[""not collected""],""pathovar"":[""campestris""],""ref_biomaterial"":[""https://doi.org/10.1111/j.1365-3059.2005.01186.x""],""strain"":[""DAR-75942""]}"	.cache/ncbi/v2_1/efetch_d18021f24be666d2ee23fbd3549d1935b73b9e2719bdf190640e976f26b27a17.xml	https://www.ncbi.nlm.nih.gov/biosample/SAMN17385947	ok	
9a5a419bbd06149334ec; b265a55809b4014d080f	NCPPB 465	ncppb_number	expected_genus:Xanthomonas; exact_full_identifier	NCPPB; NCPPB 465	41997687	SAMN41997687	Xanthomonas campestris pv. olitorii	487880	Microbe sample from Xanthomonas campestris pv. olitorii	NCPPB 465		NCPPB:465				BioSample: SAMN41997687; NCPPB465-June_2024; SRA: SRS21711643	Corchorus olitorius	Sudan	1956		"{""collected_by"":[""K.A. Sabet""],""collection_date"":[""1956""],""culture_collection"":[""NCPPB:465""],""geo_loc_name"":[""Sudan""],""host"":[""Corchorus olitorius""],""pathovar"":[""olitorii""],""sample_type"":[""Cell culture""],""strain"":[""NCPPB 465""]}"	.cache/ncbi/v2_1/efetch_94bc73f4953fbbd6003a6f71ebdfb4c8230335def592901b6432b2f2b09cab5b.xml	https://www.ncbi.nlm.nih.gov/biosample/SAMN41997687	ok	
9a5a419bbd06149334ec; 04787cd71eaf58051897	NCPPB 464	ncppb_number	expected_genus:Xanthomonas; exact_full_identifier	NCPPB; NCPPB 464	41997686	SAMN41997686	Xanthomonas campestris pv. olitorii	487880	Microbe sample from Xanthomonas campestris pv. olitorii	NCPPB 464		NCPPB:464				BioSample: SAMN41997686; NCPPB464-June_2024; SRA: SRS21711642	Corchorus olitorius	Sudan	1956		"{""collected_by"":[""K.A. Sabet""],""collection_date"":[""1956""],""culture_collection"":[""NCPPB:464""],""geo_loc_name"":[""Sudan""],""host"":[""Corchorus olitorius""],""pathovar"":[""olitorii""],""sample_type"":[""Cell culture""],""strain"":[""NCPPB 464""]}"	.cache/ncbi/v2_1/efetch_94bc73f4953fbbd6003a6f71ebdfb4c8230335def592901b6432b2f2b09cab5b.xml	https://www.ncbi.nlm.nih.gov/biosample/SAMN41997686	ok	
9a5a419bbd06149334ec; 943e5fab617c58154195	NCPPB 3035	ncppb_number	expected_genus:Xanthomonas; exact_full_identifier	NCPPB; NCPPB 3035	41997685	SAMN41997685	Xanthomonas phaseoli pv. phaseoli	317013	Microbe sample from Xanthomonas phaseoli pv. phaseoli	NCPPB 3035		NCPPB:3035	ex ATCC 9563 ex W.H. Burkholder XP20			BioSample: SAMN41997685; NCPPB3035; SRA: SRS21711569	Phaseolus vulgaris	USA	Not collected		"{""biomaterial_provider"":[""ex ATCC 9563 ex W.H. Burkholder XP20""],""collection_date"":[""Not collected""],""culture_collection"":[""NCPPB:3035""],""geo_loc_name"":[""USA""],""host"":[""Phaseolus vulgaris""],""pathovar"":[""phaseoli""],""sample_type"":[""Cell culture""],""strain"":[""NCPPB 3035""],""type-material"":[""pathotype strain of Xanthomonas phaseoli pv. phaseoli""]}"	.cache/ncbi/v2_1/efetch_94bc73f4953fbbd6003a6f71ebdfb4c8230335def592901b6432b2f2b09cab5b.xml	https://www.ncbi.nlm.nih.gov/biosample/SAMN41997685	ok	
9a5a419bbd06149334ec; 3f7ca35ccc7c9992f3d6	NCPPB 4692	ncppb_number	expected_genus:Xanthomonas; exact_full_identifier	NCPPB; NCPPB 4692	41996498	SAMN41996498	Xanthomonas hydrangeae	2775159	Microbe sample from Xanthomonas hydrangeae	NCPPB 4692		NCPPB:4692	Bart Cottyn			BioSample: SAMN41996498; NCPPB4692; SRA: SRS21710462	Hydrangea arborescens cv Bella Anna	Belgium	2011		"{""biomaterial_provider"":[""Bart Cottyn""],""collected_by"":[""Johan Van Vaerenbergh""],""collection_date"":[""2011""],""culture_collection"":[""NCPPB:4692""],""geo_loc_name"":[""Belgium""],""host"":[""Hydrangea arborescens cv Bella Anna""],""sample_type"":[""Cell culture""],""strain"":[""NCPPB 4692""]}"	.cache/ncbi/v2_1/efetch_94bc73f4953fbbd6003a6f71ebdfb4c8230335def592901b6432b2f2b09cab5b.xml	https://www.ncbi.nlm.nih.gov/biosample/SAMN41996498	ok	
9a5a419bbd06149334ec; 51c3e613807b79bc8c59	NCPPB 416	ncppb_number	expected_genus:Xanthomonas; exact_full_identifier	NCPPB; NCPPB 416	41996497	SAMN41996497	Xanthomonas arboricola pv. pruni	69929	Microbe sample from Xanthomonas arboricola pv. pruni	NCPPB 416		NCPPB:416				BioSample: SAMN41996497; NCPPB416; SRA: SRS21710461	Prunus salicina	New Zealand	1953		"{""collected_by"":[""D.W. Dye Tl""],""collection_date"":[""1953""],""culture_collection"":[""NCPPB:416""],""geo_loc_name"":[""New Zealand""],""host"":[""Prunus salicina""],""pathovar"":[""pruni""],""sample_type"":[""Cell culture""],""strain"":[""NCPPB 416""]}"	.cache/ncbi/v2_1/efetch_94bc73f4953fbbd6003a6f71ebdfb4c8230335def592901b6432b2f2b09cab5b.xml	https://www.ncbi.nlm.nih.gov/biosample/SAMN41996497	ok	
9a5a419bbd06149334ec; 2a7ebd0f8a26ddb86409	NCPPB 935	ncppb_number	expected_genus:Xanthomonas; exact_full_identifier	NCPPB; NCPPB 935	41996496	SAMN41996496	Xanthomonas arboricola pv. corylina	487821	Microbe sample from Xanthomonas arboricola pv. corylina	NCPPB 935		NCPPB:935	ex P.W. Miller 5262			BioSample: SAMN41996496; NCPPB935; SRA: SRS21710460	Corylus maxima	USA	1939		"{""biomaterial_provider"":[""ex P.W. Miller 5262""],""collection_date"":[""1939""],""culture_collection"":[""NCPPB:935""],""geo_loc_name"":[""USA""],""host"":[""Corylus maxima""],""pathovar"":[""corylina""],""sample_type"":[""Cell culture""],""strain"":[""NCPPB 935""]}"	.cache/ncbi/v2_1/efetch_94bc73f4953fbbd6003a6f71ebdfb4c8230335def592901b6432b2f2b09cab5b.xml	https://www.ncbi.nlm.nih.gov/biosample/SAMN41996496	ok	
9a5a419bbd06149334ec; 96e23e06007dd502877d	NCPPB 976	ncppb_number	expected_genus:Xanthomonas; exact_full_identifier	NCPPB; NCPPB 976	9704274	SAMN09704274	Xanthomonas axonopodis pv. vitians	487843	Microbe sample from Xanthomonas axonopodis pv. vitians	NCPPB 976			NCPPB: 976			BioSample: SAMN09704274; NCPPB 976; SRA: SRS3615065	missing	USA	missing	missing	"{""biomaterial_provider"":[""NCPPB: 976""],""collected_by"":[""Brown N.A.""],""collection_date"":[""missing""],""geo_loc_name"":[""USA""],""host"":[""missing""],""isolation_source"":[""missing""],""pathovar"":[""vitians""],""sample_type"":[""missing""],""strain"":[""NCPPB 976""],""type-material"":[""pathotype strain of Xanthomonas axonopodis pv. vitians""]}"	.cache/ncbi/v2_1/efetch_00f24fdff8e637d10976460b8101e1e572fb7d22cd0bf10df0471841ca0c84a4.xml	https://www.ncbi.nlm.nih.gov/biosample/SAMN09704274	ok	
9a5a419bbd06149334ec; 9e4b888cc3783db1262b	NCPPB 939	ncppb_number	expected_genus:Xanthomonas; exact_full_identifier	NCPPB; NCPPB 939	8729581	SAMN08729581	Xanthomonas hortorum pv. hederae	453603	Microbe sample from Xanthomonas hortorum pv. hederae	WHRI 7744		NCPPB:939				BioSample: SAMN08729581; NCPPB_939; SRA: SRS3626863	Hedera helix	USA	1961		"{""collection_date"":[""1961""],""culture-collection"":[""NCPPB:939""],""geo_loc_name"":[""USA""],""host"":[""Hedera helix""],""pathovar"":[""hederae""],""sample_type"":[""Cell culture""],""strain"":[""WHRI 7744""],""type-material"":[""pathotype strain of Xanthomonas hortorum pv. hederae""]}"	.cache/ncbi/v2_1/efetch_f7100daa816e4896d362060a32920fa7a17f8abd47e04a2fa9fddcf4d3daeab9.xml	https://www.ncbi.nlm.nih.gov/biosample/SAMN08729581	ok	
9a5a419bbd06149334ec	NCPPB 3440	ncppb_number	expected_genus:Xanthomonas	NCPPB	40354570	SAMN40354570	Xanthomonas sp. WHRI 8393	3161574	Microbe sample from Xanthomonas sp. WHRI 8393	WHRI 8393					NCPPB 3440	BioSample: SAMN40354570; MG1_SGP8_G10_8393; SRA: SRS20715804	Daucus carota	Brazil	1985		"{""collection_date"":[""1985""],""geo_loc_name"":[""Brazil""],""host"":[""Daucus carota""],""isolate-name-alias"":[""NCPPB 3440""],""sample_type"":[""Cell culture""],""strain"":[""WHRI 8393""]}"	.cache/ncbi/v2_1/efetch_94bc73f4953fbbd6003a6f71ebdfb4c8230335def592901b6432b2f2b09cab5b.xml	https://www.ncbi.nlm.nih.gov/biosample/SAMN40354570	ok	
9a5a419bbd06149334ec	NCPPB 230	ncppb_number	expected_genus:Xanthomonas	NCPPB	40354569	SAMN40354569	Xanthomonas sp. WHRI 8391	3161573	Microbe sample from Xanthomonas sp. WHRI 8391	WHRI 8391					NCPPB 230	BioSample: SAMN40354569; MG1_SGP8_G9_8391; SRA: SRS20715802	Not collected	USA	1949		"{""collection_date"":[""1949""],""geo_loc_name"":[""USA""],""host"":[""Not collected""],""isolate-name-alias"":[""NCPPB 230""],""sample_type"":[""Cell culture""],""strain"":[""WHRI 8391""]}"	.cache/ncbi/v2_1/efetch_94bc73f4953fbbd6003a6f71ebdfb4c8230335def592901b6432b2f2b09cab5b.xml	https://www.ncbi.nlm.nih.gov/biosample/SAMN40354569	ok	
9a5a419bbd06149334ec	NCPPB 425	ncppb_number	expected_genus:Xanthomonas	NCPPB	40354566	SAMN40354566	Xanthomonas sp. WHRI 8338	3161570	Microbe sample from Xanthomonas sp. WHRI 8338	WHRI 8338					NCPPB 425	BioSample: SAMN40354566; MG1_SGP8_G5_8338; SRA: SRS20715799	Not collected	Canada	1967		"{""collection_date"":[""1967""],""geo_loc_name"":[""Canada""],""host"":[""Not collected""],""isolate-name-alias"":[""NCPPB 425""],""sample_type"":[""Cell culture""],""strain"":[""WHRI 8338""]}"	.cache/ncbi/v2_1/efetch_94bc73f4953fbbd6003a6f71ebdfb4c8230335def592901b6432b2f2b09cab5b.xml	https://www.ncbi.nlm.nih.gov/biosample/SAMN40354566	ok	
9a5a419bbd06149334ec; 9bd073fb43d2ba418ea4	NCPPB 1585	ncppb_number	expected_genus:Xanthomonas; exact_full_identifier	NCPPB; NCPPB 1585	40354542	SAMN40354542	Xanthomonas oryzae pv. oryzicola	129394	Microbe sample from Xanthomonas oryzae pv. oryzicola	WHRI 5234					NCPPB 1585	BioSample: SAMN40354542; MG1_SGP8_C8_5234; SRA: SRS20715773	Oryza sativa	Malaysia	1964		"{""collection_date"":[""1964""],""geo_loc_name"":[""Malaysia""],""host"":[""Oryza sativa""],""isolate-name-alias"":[""NCPPB 1585""],""pathovar"":[""oryzicola""],""sample_type"":[""Cell culture""],""strain"":[""WHRI 5234""],""type-material"":[""pathotype strain of Xanthomonas oryzae pv. oryzicola""]}"	.cache/ncbi/v2_1/efetch_3d82ddf50c6209a0b5b35aac2b5bba24027140e82dd86c53efa932e033168fb3.xml	https://www.ncbi.nlm.nih.gov/biosample/SAMN40354542	ok	
9a5a419bbd06149334ec	NCPPB 3002	ncppb_number	expected_genus:Xanthomonas	NCPPB	40354541	SAMN40354541	Xanthomonas oryzae pv. oryzae	64187	Microbe sample from Xanthomonas oryzae pv. oryzae	WHRI 5233					NCPPB 3002	BioSample: SAMN40354541; MG1_SGP8_C7_5233; SRA: SRS20715772	Oryza sativa	India	1977		"{""collection_date"":[""1977""],""geo_loc_name"":[""India""],""host"":[""Oryza sativa""],""isolate-name-alias"":[""NCPPB 3002""],""pathovar"":[""oryzae""],""sample_type"":[""Cell culture""],""strain"":[""WHRI 5233""]}"	.cache/ncbi/v2_1/efetch_3d82ddf50c6209a0b5b35aac2b5bba24027140e82dd86c53efa932e033168fb3.xml	https://www.ncbi.nlm.nih.gov/biosample/SAMN40354541	ok	
9a5a419bbd06149334ec	NCPPB 4590	ncppb_number	expected_genus:Xanthomonas	NCPPB	40354539	SAMN40354539	Xanthomonas citri pv. citri	611301	Microbe sample from Xanthomonas citri pv. citri	WHRI 10264					NCPPB 4590	BioSample: SAMN40354539; MG1_SGP8_C12_10264; SRA: SRS20715809	Citrus x aurantiifolia	USA	2015		"{""collection_date"":[""2015""],""geo_loc_name"":[""USA""],""host"":[""Citrus x aurantiifolia""],""isolate-name-alias"":[""NCPPB 4590""],""pathovar"":[""citri""],""sample_type"":[""Cell culture""],""strain"":[""WHRI 10264""]}"	.cache/ncbi/v2_1/efetch_3d82ddf50c6209a0b5b35aac2b5bba24027140e82dd86c53efa932e033168fb3.xml	https://www.ncbi.nlm.nih.gov/biosample/SAMN40354539	ok	
9a5a419bbd06149334ec; 911a15d064ed77f38a98	NCPPB 1838	ncppb_number	expected_genus:Xanthomonas; exact_full_identifier	NCPPB; NCPPB 1838	40354538	SAMN40354538	Xanthomonas citri pv. fuscans	366649	Microbe sample from Xanthomonas citri pv. fuscans	WHRI 10263					NCPPB 1838	BioSample: SAMN40354538; MG1_SGP8_C11_10263; SRA: SRS20715808	Vigna unguiculata subsp. unguiculata	Not collected	1966		"{""collection_date"":[""1966""],""geo_loc_name"":[""Not collected""],""host"":[""Vigna unguiculata subsp. unguiculata""],""isolate-name-alias"":[""NCPPB 1838""],""pathovar"":[""fuscans""],""sample_type"":[""Cell culture""],""strain"":[""WHRI 10263""]}"	.cache/ncbi/v2_1/efetch_3d82ddf50c6209a0b5b35aac2b5bba24027140e82dd86c53efa932e033168fb3.xml	https://www.ncbi.nlm.nih.gov/biosample/SAMN40354538	ok	
9a5a419bbd06149334ec; 72183c57bdf766e20307	NCPPB 633	ncppb_number	expected_genus:Xanthomonas; exact_full_identifier	NCPPB; NCPPB 633	40354537	SAMN40354537	Xanthomonas citri pv. malvacearum	86040	Microbe sample from Xanthomonas citri pv. malvacearum	WHRI 10262					NCPPB 633	BioSample: SAMN40354537; MG1_SGP8_C10_10262; SRA: SRS20715807	Gossypium	Sudan	1959		"{""collection_date"":[""1959""],""geo_loc_name"":[""Sudan""],""host"":[""Gossypium""],""isolate-name-alias"":[""NCPPB 633""],""pathovar"":[""malvacearum""],""sample_type"":[""Cell culture""],""strain"":[""WHRI 10262""]}"	.cache/ncbi/v2_1/efetch_3d82ddf50c6209a0b5b35aac2b5bba24027140e82dd86c53efa932e033168fb3.xml	https://www.ncbi.nlm.nih.gov/biosample/SAMN40354537	ok	
9a5a419bbd06149334ec; a795899be0ba95f42f5c	NCPPB 381	ncppb_number	expected_genus:Xanthomonas; exact_full_identifier	NCPPB; NCPPB 381	40354536	SAMN40354536	Xanthomonas citri pv. fuscans	366649	Microbe sample from Xanthomonas citri pv. fuscans	WHRI 10261					NCPPB 381	BioSample: SAMN40354536; MG1_SGP8_C9_10261; SRA: SRS20715806	Phaseolus vulgaris	Canada	1957		"{""collection_date"":[""1957""],""geo_loc_name"":[""Canada""],""host"":[""Phaseolus vulgaris""],""isolate-name-alias"":[""NCPPB 381""],""pathovar"":[""fuscans""],""sample_type"":[""Cell culture""],""strain"":[""WHRI 10261""]}"	.cache/ncbi/v2_1/efetch_3d82ddf50c6209a0b5b35aac2b5bba24027140e82dd86c53efa932e033168fb3.xml	https://www.ncbi.nlm.nih.gov/biosample/SAMN40354536	ok	
9a5a419bbd06149334ec; 72183c57bdf766e20307	NCPPB 633	ncppb_number	expected_genus:Xanthomonas; exact_full_identifier	NCPPB; NCPPB 633	40354530	SAMN40354530	Xanthomonas citri pv. malvacearum	86040	Microbe sample from Xanthomonas citri pv. malvacearum	WHRI 5232					NCPPB 633	BioSample: SAMN40354530; SGP7_H3_5232; SRA: SRS20715769	Gossypium	Sudan	1994		"{""collection_date"":[""1994""],""geo_loc_name"":[""Sudan""],""host"":[""Gossypium""],""isolate-name-alias"":[""NCPPB 633""],""pathovar"":[""malvacearum""],""sample_type"":[""Cell culture""],""strain"":[""WHRI 5232""],""type-material"":[""pathotype strain of Xanthomonas citri pv. malvacearum""]}"	.cache/ncbi/v2_1/efetch_3d82ddf50c6209a0b5b35aac2b5bba24027140e82dd86c53efa932e033168fb3.xml	https://www.ncbi.nlm.nih.gov/biosample/SAMN40354530	ok	
9a5a419bbd06149334ec; 2bcb694a189d664a172f	NCPPB 4391	ncppb_number	expected_genus:Xanthomonas; exact_full_identifier	NCPPB; NCPPB 4391	41763921	SAMN41763921	Xanthomonas vasicola pv. musacearum	454958	Genome sequencing of Xanthomonas vasicola pv. musacearum NCPPB 4391 (contaminated)	NCPPB 4391		NCPPB:4391	Valentine Aritua			BioSample: SAMN41763921; NCPPB_4391; SRA: SRS21561745	Musa sp.	Rwanda	2005		"{""biomaterial_provider"":[""Valentine Aritua""],""collected_by"":[""Valentine Aritua""],""collection_date"":[""2005""],""culture_collection"":[""NCPPB:4391""],""geo_loc_name"":[""Rwanda""],""host"":[""Musa sp.""],""pathovar"":[""musacearum""],""sample_type"":[""Cell culture""],""strain"":[""NCPPB 4391""]}"	.cache/ncbi/v2_1/efetch_94bc73f4953fbbd6003a6f71ebdfb4c8230335def592901b6432b2f2b09cab5b.xml	https://www.ncbi.nlm.nih.gov/biosample/SAMN41763921	ok	
9a5a419bbd06149334ec; 859f7d93320ad3849a8f	NCPPB 1455	ncppb_number	expected_genus:Xanthomonas; exact_full_identifier	NCPPB; NCPPB 1455	41763920	SAMN41763920	Xanthomonas campestris pv. lantanae	487871	Genome sequencing of Xanthomonas campestris pv. lantanae NCPPB 1455 (contaminated)	NCPPB 1455		NCPPB:1455	M.K. Patel			BioSample: SAMN41763920; NCPPB_1455; SRA: SRS21561743	Lantana camara var. aculeata	India	1956		"{""biomaterial_provider"":[""M.K. Patel""],""collected_by"":[""M.C. Srinivasan""],""collection_date"":[""1956""],""culture_collection"":[""NCPPB:1455""],""geo_loc_name"":[""India""],""host"":[""Lantana camara var. aculeata""],""pathovar"":[""lantanae""],""sample_type"":[""Cell culture""],""strain"":[""NCPPB 1455""]}"	.cache/ncbi/v2_1/efetch_94bc73f4953fbbd6003a6f71ebdfb4c8230335def592901b6432b2f2b09cab5b.xml	https://www.ncbi.nlm.nih.gov/biosample/SAMN41763920	ok	
9a5a419bbd06149334ec	NCPPB 4058	ncppb_number	expected_genus:Xanthomonas	NCPPB	24251536	SAMN24251536	Xanthomonas hortorum pv. vitians	83224	Microbe sample from Xanthomonas hortorum pv. vitians	NCPPB 4058						BioSample: SAMN24251536; NCPPB 4058; SRA: SRS11360896	Lactuca sativa	United Kingdom	missing	field	"{""collection_date"":[""missing""],""geo_loc_name"":[""United Kingdom""],""host"":[""Lactuca sativa""],""isolation_source"":[""field""],""pathovar"":[""vitians""],""sample_type"":[""cell culture""],""strain"":[""NCPPB 4058""]}"	.cache/ncbi/v2_1/efetch_37d8944caa924bec9d37b885aef8093954bac3495e037f63b1aeb634992f5a21.xml	https://www.ncbi.nlm.nih.gov/biosample/SAMN24251536	ok	
9a5a419bbd06149334ec; 84866be164e37a518f55	NCPPB 232	ncppb_number	expected_genus:Xanthomonas; exact_full_identifier	NCPPB; NCPPB 232	15671172	SAMEA6962647	Xanthomonas hortorum pv. vitians	83224	Xanthomonas hortorum pv. vitians CFBP 498	CFBP 498		CFBP:498; NCPPB:232		CFBP 498		BioSample: SAMEA6962647; SRA: ERS4672509	Lactuca sp.		1949		"{""ENA-CHECKLIST"":[""ERC000011""],""ENA-FIRST-PUBLIC"":[""2020-07-28T17:04:56Z""],""ENA-LAST-UPDATE"":[""2020-06-15T22:04:36Z""],""External Id"":[""SAMEA6962647""],""INSDC center name"":[""Zurich University of Applied Sciences (ZHAW), School of Life Sciences and Facility Management, Institute of Natural Resource Sciences""],""INSDC first public"":[""2020-07-28T17:04:56Z""],""INSDC last update"":[""2020-06-15T22:04:36Z""],""INSDC status"":[""public""],""Submitter Id"":[""CFBP 498""],""collected by"":[""M.P. Starr""],""collection date"":[""1949""],""culture collection"":[""CFBP:498"",""NCPPB:232""],""geographic location (country and/or sea)"":[""USA""],""host scientific name"":[""Lactuca sp.""],""pathovar"":[""vitians""],""sample name"":[""CFBP 498""],""scientific_name"":[""Xanthomonas hortorum pv. vitians""],""strain"":[""CFBP 498""]}"	.cache/ncbi/v2_1/efetch_5436aa06399483d326b3bb35b35449299ae8390c479f935bb1cdc706a2106a2a.xml	https://www.ncbi.nlm.nih.gov/biosample/SAMEA6962647	ok	
9a5a419bbd06149334ec	NCPPB 2248	ncppb_number	expected_genus:Xanthomonas	NCPPB	9704264	SAMN09704264	Xanthomonas hortorum pv. vitians	83224	Microbe sample from Xanthomonas hortorum pv. vitians	NCPPB 2248			NCPPB: 2248			BioSample: SAMN09704264; NCPPB 2248; SRA: SRS3615061	Lactuca sativa	Zimbabwe	missing	missing	"{""biomaterial_provider"":[""NCPPB: 2248""],""collection_date"":[""missing""],""geo_loc_name"":[""Zimbabwe""],""host"":[""Lactuca sativa""],""isolation_source"":[""missing""],""pathovar"":[""vitians""],""sample_type"":[""missing""],""strain"":[""NCPPB 2248""]}"	.cache/ncbi/v2_1/efetch_f7100daa816e4896d362060a32920fa7a17f8abd47e04a2fa9fddcf4d3daeab9.xml	https://www.ncbi.nlm.nih.gov/biosample/SAMN09704264	ok	
9a5a419bbd06149334ec; db958261bbe2b826c0aa	NCPPB 1822	ncppb_number	expected_genus:Xanthomonas; exact_full_identifier	NCPPB; NCPPB 1822	39942671	SAMN39942671	Xanthomonas fragariae	48664	Microbe sample from Xanthomonas fragariae	NCPPB 1822		NCPPB:1822	R.A. Lelliott			BioSample: SAMN39942671; NCPPB 1822; SRA: SRS20477261	Fragaria chiloensis var. ananassa	USA	Not collected		"{""biomaterial_provider"":[""R.A. Lelliott""],""collection_date"":[""Not collected""],""culture_collection"":[""NCPPB:1822""],""geo_loc_name"":[""USA""],""host"":[""Fragaria chiloensis var. ananassa""],""sample_type"":[""Cell culture""],""strain"":[""NCPPB 1822""]}"	.cache/ncbi/v2_1/efetch_3d82ddf50c6209a0b5b35aac2b5bba24027140e82dd86c53efa932e033168fb3.xml	https://www.ncbi.nlm.nih.gov/biosample/SAMN39942671	ok	
9a5a419bbd06149334ec; 51c3e613807b79bc8c59	NCPPB 416	ncppb_number	expected_genus:Xanthomonas; exact_full_identifier	NCPPB; NCPPB 416	39942831	SAMN39942831	Xanthomonas arboricola pv. pruni	69929	Microbe sample from Xanthomonas arboricola pv. pruni	NCPPB 416		NCPPB:416				BioSample: SAMN39942831; NCPPB_416; SRA: SRS20460169	Prunus salicina	New Zealand	Not collected		"{""collected_by"":[""D.W. Dye""],""collection_date"":[""Not collected""],""culture_collection"":[""NCPPB:416""],""geo_loc_name"":[""New Zealand""],""host"":[""Prunus salicina""],""pathovar"":[""pruni""],""sample_type"":[""Cell culture""],""strain"":[""NCPPB 416""]}"	.cache/ncbi/v2_1/efetch_3d82ddf50c6209a0b5b35aac2b5bba24027140e82dd86c53efa932e033168fb3.xml	https://www.ncbi.nlm.nih.gov/biosample/SAMN39942831	ok	
9a5a419bbd06149334ec; 8093310e052362a5b943	NCPPB 4772	ncppb_number	expected_genus:Xanthomonas; exact_full_identifier	NCPPB; NCPPB 4772	39942678	SAMN39942678	Xanthomonas fragariae	48664	Microbe sample from Xanthomonas fragariae	NCPPB 4772		NCPPB:4772				BioSample: SAMN39942678; NCPPB 4772; SRA: SRS20460935	Not collected	Not collected	Not collected		"{""collection_date"":[""Not collected""],""culture_collection"":[""NCPPB:4772""],""geo_loc_name"":[""Not collected""],""host"":[""Not collected""],""sample_type"":[""Cell culture""],""strain"":[""NCPPB 4772""]}"	.cache/ncbi/v2_1/efetch_3d82ddf50c6209a0b5b35aac2b5bba24027140e82dd86c53efa932e033168fb3.xml	https://www.ncbi.nlm.nih.gov/biosample/SAMN39942678	ok	
9a5a419bbd06149334ec; c9c03cdd441f6c64d29d	NCPPB 4181	ncppb_number	expected_genus:Xanthomonas; exact_full_identifier	NCPPB; NCPPB 4181	39942677	SAMN39942677	Xanthomonas fragariae	48664	Microbe sample from Xanthomonas fragariae	NCPPB 4181		NCPPB:4181	H. Stanford			BioSample: SAMN39942677; NCPPB 4181; SRA: SRS20460015	Not collected	Not collected	Not collected		"{""biomaterial_provider"":[""H. Stanford""],""collection_date"":[""Not collected""],""culture_collection"":[""NCPPB:4181""],""geo_loc_name"":[""Not collected""],""host"":[""Not collected""],""sample_type"":[""Cell culture""],""strain"":[""NCPPB 4181""]}"	.cache/ncbi/v2_1/efetch_3d82ddf50c6209a0b5b35aac2b5bba24027140e82dd86c53efa932e033168fb3.xml	https://www.ncbi.nlm.nih.gov/biosample/SAMN39942677	ok	
9a5a419bbd06149334ec; cce3d4e9e45f35f27ec3	NCPPB 3743	ncppb_number	expected_genus:Xanthomonas; exact_full_identifier	NCPPB; NCPPB 3743	39942675	SAMN39942675	Xanthomonas fragariae	48664	Microbe sample from Xanthomonas fragariae	NCPPB 3743		NCPPB:3743	J.R. Neto			BioSample: SAMN39942675; NCPPB 3743; SRA: SRS20460013	Fragaria sp.	Brazil	Not collected		"{""biomaterial_provider"":[""J.R. Neto""],""collection_date"":[""Not collected""],""culture_collection"":[""NCPPB:3743""],""geo_loc_name"":[""Brazil""],""host"":[""Fragaria sp.""],""host cultivar"":[""Campinas""],""sample_type"":[""Cell culture""],""strain"":[""NCPPB 3743""]}"	.cache/ncbi/v2_1/efetch_3d82ddf50c6209a0b5b35aac2b5bba24027140e82dd86c53efa932e033168fb3.xml	https://www.ncbi.nlm.nih.gov/biosample/SAMN39942675	ok	
9a5a419bbd06149334ec; 8471ec7c9ff3bdced5b8	NCPPB 3028	ncppb_number	expected_genus:Xanthomonas; exact_full_identifier	NCPPB; NCPPB 3028	39942674	SAMN39942674	Xanthomonas fragariae	48664	Microbe sample from Xanthomonas fragariae	NCPPB 3028		NCPPB:3028	J.R. Neto			BioSample: SAMN39942674; NCPPB 3028; SRA: SRS20460014	Fragaria sp.	Brazil	1977		"{""biomaterial_provider"":[""J.R. Neto""],""collection_date"":[""1977""],""culture_collection"":[""NCPPB:3028""],""geo_loc_name"":[""Brazil""],""host"":[""Fragaria sp.""],""sample_type"":[""Cell culture""],""strain"":[""NCPPB 3028""]}"	.cache/ncbi/v2_1/efetch_3d82ddf50c6209a0b5b35aac2b5bba24027140e82dd86c53efa932e033168fb3.xml	https://www.ncbi.nlm.nih.gov/biosample/SAMN39942674	ok	
9a5a419bbd06149334ec; 568c3df94877a1668297	NCPPB 2949	ncppb_number	expected_genus:Xanthomonas; exact_full_identifier	NCPPB; NCPPB 2949	39942673	SAMN39942673	Xanthomonas fragariae	48664	Microbe sample from Xanthomonas fragariae	NCPPB 2949		NCPPB:2949	P.C. Fahy			BioSample: SAMN39942673; NCPPB 2949; SRA: SRS20460474	Fragaria x ananassa	Australia	1975		"{""biomaterial_provider"":[""P.C. Fahy""],""collection_date"":[""1975""],""culture_collection"":[""NCPPB:2949""],""geo_loc_name"":[""Australia""],""host"":[""Fragaria x ananassa""],""sample_type"":[""Cell culture""],""strain"":[""NCPPB 2949""]}"	.cache/ncbi/v2_1/efetch_3d82ddf50c6209a0b5b35aac2b5bba24027140e82dd86c53efa932e033168fb3.xml	https://www.ncbi.nlm.nih.gov/biosample/SAMN39942673	ok	
9a5a419bbd06149334ec; a0d783a94497aa1e9739	NCPPB 1469	ncppb_number	expected_genus:Xanthomonas; exact_full_identifier	NCPPB; NCPPB 1469	39942670	SAMN39942670	Xanthomonas fragariae	48664	Microbe sample from Xanthomonas fragariae	NCPPB 1469		NCPPB:1469	H. Stanford			BioSample: SAMN39942670; NCPPB 1469; SRA: SRS20460011	Not collected	Not collected	Not collected		"{""biomaterial_provider"":[""H. Stanford""],""collection_date"":[""Not collected""],""culture_collection"":[""NCPPB:1469""],""geo_loc_name"":[""Not collected""],""host"":[""Not collected""],""sample_type"":[""Cell culture""],""strain"":[""NCPPB 1469""],""type-material"":[""type strain of Xanthomonas fragariae""]}"	.cache/ncbi/v2_1/efetch_3d82ddf50c6209a0b5b35aac2b5bba24027140e82dd86c53efa932e033168fb3.xml	https://www.ncbi.nlm.nih.gov/biosample/SAMN39942670	ok	
9a5a419bbd06149334ec; 832c686aeccbd1a1968b	NCPPB 4675	ncppb_number	expected_genus:Xanthomonas; exact_full_identifier	NCPPB; NCPPB 4675	9576250	SAMEA4722874	Xanthomonas euroxanthea	2259622	Xanthomonas euroxanthea CPBF 424	CPBF 424	CPBF 424	CCOS:1891; NCPPB:4675; BCCM/LMG:31037		CPBF 424		BioSample: SAMEA4722874; SRA: ERS2543014	Juglans regia		2016-04	Dormant walnut bud (J. regia)	"{""ENA-CHECKLIST"":[""ERC000028""],""ENA-FIRST-PUBLIC"":[""2018-06-14T17:03:26Z""],""ENA-LAST-UPDATE"":[""2020-09-18T13:38:38Z""],""External Id"":[""SAMEA4722874""],""INSDC center name"":[""Zurich University of Applied Sciences (ZHAW), School of Life Sciences and Facility Management, Institute of Natural Resource Sciences""],""INSDC first public"":[""2018-06-14T17:03:26Z""],""INSDC last update"":[""2020-09-18T13:38:38Z""],""INSDC status"":[""public""],""Submitter Id"":[""CPBF 424""],""collection date"":[""2016-04""],""culture collection"":[""CCOS:1891"",""NCPPB:4675"",""BCCM/LMG:31037""],""geographic location (country and/or sea)"":[""Portugal""],""geographic location (region and locality)"":[""Loures""],""host health state"":[""diseased""],""host scientific name"":[""Juglans regia""],""isolate"":[""CPBF 424""],""isolation source"":[""Dormant walnut bud (J. regia)""],""sample name"":[""CPBF 424""],""scientific_name"":[""Xanthomonas euroxanthea""],""strain"":[""CPBF 424""],""type material"":[""type strain of Xanthomonas euroxanthea""],""type-material"":[""type strain of Xanthomonas euroxanthea""]}"	.cache/ncbi/v2_1/efetch_f7100daa816e4896d362060a32920fa7a17f8abd47e04a2fa9fddcf4d3daeab9.xml	https://www.ncbi.nlm.nih.gov/biosample/SAMEA4722874	ok	
9a5a419bbd06149334ec	NCPPB 3743	ncppb_number	expected_genus:Xanthomonas	NCPPB	8970083	SAMEA4590056	Xanthomonas fragariae	48664	Xanthomonas fragariae NCPPB 3743	NCPPB 3743	NCPPB 3743			NCPPB 3743		BioSample: SAMEA4590056; SRA: ERS2410776	Fragaria hybrid cv. Campinas		1990	diseased strawberry	"{""ENA-CHECKLIST"":[""ERC000028""],""ENA-FIRST-PUBLIC"":[""2018-04-22T17:03:33Z""],""ENA-LAST-UPDATE"":[""2018-04-17T16:41:03Z""],""External Id"":[""SAMEA4590056""],""INSDC center name"":[""Zurich University of Applied Sciences (ZHAW), School of Life Sciences and Facility Management, Institute of Natural Resource Sciences""],""INSDC first public"":[""2018-04-22T17:03:33Z""],""INSDC last update"":[""2018-04-17T16:41:03Z""],""INSDC status"":[""public""],""Submitter Id"":[""NCPPB 3743""],""collection date"":[""1990""],""crispr"":[""Xf-CGr-II""],""crispr spacer sequence"":[""B""],""geographic location (country and/or sea)"":[""Brazil""],""host health state"":[""diseased""],""host scientific name"":[""Fragaria hybrid cv. Campinas""],""isolate"":[""NCPPB 3743""],""isolation source"":[""diseased strawberry""],""mlva"":[""I""],""sample name"":[""NCPPB 3743""],""scientific_name"":[""Xanthomonas fragariae""],""strain"":[""NCPPB 3743""]}"	.cache/ncbi/v2_1/efetch_f7100daa816e4896d362060a32920fa7a17f8abd47e04a2fa9fddcf4d3daeab9.xml	https://www.ncbi.nlm.nih.gov/biosample/SAMEA4590056	ok	
9a5a419bbd06149334ec	NCPPB 1822	ncppb_number	expected_genus:Xanthomonas	NCPPB	8970069	SAMEA4590042	Xanthomonas fragariae	48664	Xanthomonas fragariae NCPPB 1822	NCPPB 1822	NCPPB 1822			NCPPB 1822		BioSample: SAMEA4590042; SRA: ERS2410762	Fragaria chiloensis var. ananassa		1966	diseased strawberry	"{""ENA-CHECKLIST"":[""ERC000028""],""ENA-FIRST-PUBLIC"":[""2018-04-22T17:03:33Z""],""ENA-LAST-UPDATE"":[""2018-04-17T16:41:02Z""],""External Id"":[""SAMEA4590042""],""INSDC center name"":[""Zurich University of Applied Sciences (ZHAW), School of Life Sciences and Facility Management, Institute of Natural Resource Sciences""],""INSDC first public"":[""2018-04-22T17:03:33Z""],""INSDC last update"":[""2018-04-17T16:41:02Z""],""INSDC status"":[""public""],""Submitter Id"":[""NCPPB 1822""],""collection date"":[""1966""],""crispr"":[""Xf-CGr-II""],""crispr spacer sequence"":[""A""],""geographic location (country and/or sea)"":[""USA""],""host health state"":[""diseased""],""host scientific name"":[""Fragaria chiloensis var. ananassa""],""isolate"":[""NCPPB 1822""],""isolation source"":[""diseased strawberry""],""mlva"":[""I""],""sample name"":[""NCPPB 1822""],""scientific_name"":[""Xanthomonas fragariae""],""strain"":[""NCPPB 1822""]}"	.cache/ncbi/v2_1/efetch_f7100daa816e4896d362060a32920fa7a17f8abd47e04a2fa9fddcf4d3daeab9.xml	https://www.ncbi.nlm.nih.gov/biosample/SAMEA4590042	ok	
9a5a419bbd06149334ec	NCPPB 3213	ncppb_number	expected_genus:Xanthomonas	NCPPB	3225033	SAMEA3121378	Xanthomonas citri pv. bilvae	487854	Procaryotic genome sequencing	NCPPB 3213				AWS_PRJEB7165		BioSample: SAMEA3121378; SRA: ERS605528					"{""ENA-CHECKLIST"":[""ERC000011""],""ENA-FIRST-PUBLIC"":[""2014-11-27T17:02:16Z""],""ENA-LAST-UPDATE"":[""2018-03-09T12:12:24Z""],""External Id"":[""SAMEA3121378""],""INSDC center name"":[""Genoscope CEA""],""INSDC first public"":[""2014-11-27T17:02:16Z""],""INSDC last update"":[""2018-03-09T12:12:24Z""],""INSDC status"":[""public""],""Submitter Id"":[""AWS_PRJEB7165""],""pathovar"":[""bilvae""],""sample name"":[""AWS_PRJEB7165""],""scientific_name"":[""Xanthomonas citri pv. bilvae""],""strain"":[""NCPPB 3213""]}"	.cache/ncbi/v2_1/efetch_1d87dd683a4b2a45cb6cf73549ea1a6c05b4fa06096e52901c1da51e76c76b7b.xml	https://www.ncbi.nlm.nih.gov/biosample/SAMEA3121378	ok	
9a5a419bbd06149334ec; b5f7e2f0ce61050d064d	NCPPB 2970	ncppb_number	expected_genus:Xanthomonas; exact_full_identifier	NCPPB; NCPPB 2970	22552843	SAMN22552843	Xanthomonas campestris pv. papavericola	487881	Microbe sample from Xanthomonas campestris pv. papavericola	NCPPB 2970						BioSample: SAMN22552843; NCPPB2970; SRA: SRS20033127	Papaver rhoeas	USA	not collected		"{""collected_by"":[""M.K. Bryan""],""collection_date"":[""not collected""],""geo_loc_name"":[""USA""],""host"":[""Papaver rhoeas""],""pathovar"":[""papavericola""],""sample_type"":[""cell culture""],""strain"":[""NCPPB 2970""]}"	.cache/ncbi/v2_1/efetch_37d8944caa924bec9d37b885aef8093954bac3495e037f63b1aeb634992f5a21.xml	https://www.ncbi.nlm.nih.gov/biosample/SAMN22552843	ok	
9a5a419bbd06149334ec; f4a1c5e3bd09771ed1d7	NCPPB 983	ncppb_number	expected_genus:Xanthomonas; exact_full_identifier	NCPPB; NCPPB 983	22552839	SAMN22552839	Xanthomonas campestris pv. barbareae	461407	Microbe sample from Xanthomonas campestris pv. barbareae	NCPPB 983						BioSample: SAMN22552839; NCPPB983; SRA: SRS20033126	Barbarea vulgaris	USA	not collected		"{""collected_by"":[""W.H. Burkholder""],""collection_date"":[""not collected""],""geo_loc_name"":[""USA""],""host"":[""Barbarea vulgaris""],""pathovar"":[""barbareae""],""sample_type"":[""cell culture""],""strain"":[""NCPPB 983""]}"	.cache/ncbi/v2_1/efetch_37d8944caa924bec9d37b885aef8093954bac3495e037f63b1aeb634992f5a21.xml	https://www.ncbi.nlm.nih.gov/biosample/SAMN22552839	ok	
9a5a419bbd06149334ec; 007f256e77f7c7756334	NCPPB 881	ncppb_number	expected_genus:Xanthomonas; exact_full_identifier	NCPPB; NCPPB 881	9704275	SAMN09704275	Xanthomonas hortorum ATCC 19865	925777	Microbe sample from Xanthomonas hortorum ATCC 19865	NCPPB 881			NCPPB: 881			BioSample: SAMN09704275; NCPPB 881; SRA: SRS3615064	Solanum lycopersicum	Yugoslavia	missing	missing	"{""biomaterial_provider"":[""NCPPB: 881""],""collected_by"":[""Sutic D.""],""collection_date"":[""missing""],""geo_loc_name"":[""Yugoslavia""],""host"":[""Solanum lycopersicum""],""isolation_source"":[""missing""],""sample_type"":[""missing""],""strain"":[""NCPPB 881""],""type-material"":[""type strain of Pseudomonas gardneri""]}"	.cache/ncbi/v2_1/efetch_00f24fdff8e637d10976460b8101e1e572fb7d22cd0bf10df0471841ca0c84a4.xml	https://www.ncbi.nlm.nih.gov/biosample/SAMN09704275	ok	
9a5a419bbd06149334ec; 54da778397d2e313711a	NCPPB 2649	ncppb_number	expected_genus:Xanthomonas; exact_full_identifier	NCPPB; NCPPB 2649	3140274	SAMN03140274	Xanthomonas vasicola pv. arecae	487849	Microbe sample from Xanthomonas vasicola pv. arecae	NCPPB 2649						BioSample: SAMN03140274; NCPPB2649	Areca catechu	India	1974	missing	"{""collected_by"":[""S. K. Mohan""],""collection_date"":[""1974""],""geo_loc_name"":[""India""],""host"":[""Areca catechu""],""isolation_source"":[""missing""],""pathovar"":[""arecae""],""sample_type"":[""missing""],""strain"":[""NCPPB 2649""],""type-material"":[""pathotype strain of Xanthomonas arecae""]}"	.cache/ncbi/v2_1/efetch_1d87dd683a4b2a45cb6cf73549ea1a6c05b4fa06096e52901c1da51e76c76b7b.xml	https://www.ncbi.nlm.nih.gov/biosample/SAMN03140274	ok	
9a5a419bbd06149334ec; b686998d9285a3908faa	NCPPB 2005	ncppb_number	expected_genus:Xanthomonas; exact_full_identifier	NCPPB; NCPPB 2005	2471727	SAMN02471727	Xanthomonas vasicola pv. musacearum NCPPB 2005	1094183	Sample from Xanthomonas vasicola pv. musacearum NCPPB 2005	NCPPB 2005		NCPPB:2005				BioSample: SAMN02471727; AKBE	banana			banana wilt	"{""culture-collection"":[""NCPPB:2005""],""host"":[""banana""],""isolation-source"":[""banana wilt""],""pathovar"":[""musacearum""],""strain"":[""NCPPB 2005""],""type-material"":[""pathotype strain of Xanthomonas musacearum""]}"	.cache/ncbi/v2_1/efetch_735d8f8ccf46cf9f5e2f29e314c8634be72cb116fa0e8a003a1726550bbc0b46.xml	https://www.ncbi.nlm.nih.gov/biosample/SAMN02471727	ok	
9a5a419bbd06149334ec	NCPPB 1759	ncppb_number	expected_genus:Xanthomonas	NCPPB	37783306	SAMEA114332028	Xanthomonas citri	346	Xanthomonas citri NCPPB 1759		NCPPB 1759			NCPPB 1759		BioSample: SAMEA114332028; SRA: ERS16321134	Feronia elephantacum		not provided	Feronia elephantacum	"{""ENA-CHECKLIST"":[""ERC000028""],""INSDC center name"":[""NVWA""],""Submitter Id"":[""NCPPB 1759""],""collection date"":[""not provided""],""geographic location (country and/or sea)"":[""India""],""host health state"":[""not provided""],""host scientific name"":[""Feronia elephantacum""],""isolate"":[""NCPPB 1759""],""isolation_source"":[""Feronia elephantacum""],""sample name"":[""NCPPB 1759""],""scientific_name"":[""Xanthomonas citri""]}"	.cache/ncbi/v2_1/efetch_3a239b2df6180270b1a8e23c97c382a5dade709fc6159aae5c28bbc7c265d089.xml	https://www.ncbi.nlm.nih.gov/biosample/SAMEA114332028	ok	
9a5a419bbd06149334ec	NCPPB 409	ncppb_number	expected_genus:Xanthomonas	NCPPB	37783109	SAMEA114331998	Xanthomonas citri pv. citri	611301	Xanthomonas citri pv. citri NCPPB 409		NCPPB 409			NCPPB 409		BioSample: SAMEA114331998; SRA: ERS16321104	Citrus x limon		1956	Citrus limon	"{""ENA-CHECKLIST"":[""ERC000028""],""INSDC center name"":[""NVWA""],""Submitter Id"":[""NCPPB 409""],""collection date"":[""1956""],""geographic location (country and/or sea)"":[""New Zealand""],""host health state"":[""not provided""],""host scientific name"":[""Citrus x limon""],""isolate"":[""NCPPB 409""],""isolation_source"":[""Citrus limon""],""pathovar"":[""citri""],""sample name"":[""NCPPB 409""],""scientific_name"":[""Xanthomonas citri pv. citri""]}"	.cache/ncbi/v2_1/efetch_3a239b2df6180270b1a8e23c97c382a5dade709fc6159aae5c28bbc7c265d089.xml	https://www.ncbi.nlm.nih.gov/biosample/SAMEA114331998	ok	
9a5a419bbd06149334ec	NCPPB 3213	ncppb_number	expected_genus:Xanthomonas	NCPPB	37783003	SAMEA114332029	Xanthomonas citri	346	Xanthomonas citri NCPPB 3213		NCPPB 3213			NCPPB 3213		BioSample: SAMEA114332029; SRA: ERS16321135	Aegle marmelos		1980	Aegle marmelos	"{""ENA-CHECKLIST"":[""ERC000028""],""INSDC center name"":[""NVWA""],""Submitter Id"":[""NCPPB 3213""],""collection date"":[""1980""],""geographic location (country and/or sea)"":[""India""],""host health state"":[""not provided""],""host scientific name"":[""Aegle marmelos""],""isolate"":[""NCPPB 3213""],""isolation_source"":[""Aegle marmelos""],""sample name"":[""NCPPB 3213""],""scientific_name"":[""Xanthomonas citri""]}"	.cache/ncbi/v2_1/efetch_33f325d4639c5200deafc6e84bf5bbebfdd0c8529a362eede937d4d9df23d7ea.xml	https://www.ncbi.nlm.nih.gov/biosample/SAMEA114332029	ok	
9a5a419bbd06149334ec; 548ca45fd890fa34511e	NCPPB 4392	ncppb_number	expected_genus:Xanthomonas; exact_full_identifier	NCPPB; NCPPB 4392	2471739	SAMN02471739	Xanthomonas vasicola pv. musacearum NCPPB 4392	1184263	Sample from Xanthomonas vasicola pv. musacearum NCPPB 4392	NCPPB 4392		NCPPB:4392				BioSample: SAMN02471739; AKBI	banana			banana wilt	"{""culture-collection"":[""NCPPB:4392""],""host"":[""banana""],""isolation-source"":[""banana wilt""],""pathovar"":[""musacearum""],""strain"":[""NCPPB 4392""]}"	.cache/ncbi/v2_1/efetch_735d8f8ccf46cf9f5e2f29e314c8634be72cb116fa0e8a003a1726550bbc0b46.xml	https://www.ncbi.nlm.nih.gov/biosample/SAMN02471739	ok	
9a5a419bbd06149334ec	NCPPB 1159	ncppb_number	expected_genus:Xanthomonas	NCPPB	1090336	SAMN01090336	Xanthomonas phaseoli pv. manihotis str. NCPPB 1159	1185700	Xanthomonas axonopodis pv. manihotis str. NCPPB 1159	NCPPB 1159						"BioSample: SAMN01090336; ""University of California, Berkeley"": PRJNA163795; SRA: SRS350306"					"{""pathovar"":[""manihotis""],""strain"":[""NCPPB 1159""]}"	.cache/ncbi/v2_1/efetch_9a6b3525df161b5bebe32f3baffc9f81c75f0978908c4b9416c7b69b38741858.xml	https://www.ncbi.nlm.nih.gov/biosample/SAMN01090336	ok	
9a5a419bbd06149334ec	NCPPB 2251	ncppb_number	expected_genus:Xanthomonas	NCPPB	991248	SAMN00991248	Xanthomonas vasicola pv. musacearum NCPPB 2251	1184256	Xcm NCPPB 2251	NCPPB 2251						BioSample: SAMN00991248; University of Exeter: Xcm NCPPB 2251; SRA: SRS326303					"{""pathovar"":[""musacearum""],""strain"":[""NCPPB 2251""]}"	.cache/ncbi/v2_1/efetch_9a6b3525df161b5bebe32f3baffc9f81c75f0978908c4b9416c7b69b38741858.xml	https://www.ncbi.nlm.nih.gov/biosample/SAMN00991248	ok	
9a5a419bbd06149334ec	NCPPB 4394	ncppb_number	expected_genus:Xanthomonas	NCPPB	991245	SAMN00991245	Xanthomonas vasicola pv. musacearum NCPPB 4394	1094187	Xcm NCPPB 4394	NCPPB 4394						BioSample: SAMN00991245; The University of East Anglia: Xcm NCPPB 4394; SRA: SRS312431					"{""pathovar"":[""musacearum NCPPB 4394""],""strain"":[""NCPPB 4394""]}"	.cache/ncbi/v2_1/efetch_9a6b3525df161b5bebe32f3baffc9f81c75f0978908c4b9416c7b69b38741858.xml	https://www.ncbi.nlm.nih.gov/biosample/SAMN00991245	ok	
9a5a419bbd06149334ec	NCPPB 4384	ncppb_number	expected_genus:Xanthomonas	NCPPB	991244	SAMN00991244	Xanthomonas vasicola pv. musacearum NCPPB 4384	1094186	Xcm NCPPB 4384	NCPPB 4384						BioSample: SAMN00991244; The University of East Anglia: Xcm NCPPB 4384; SRA: SRS312430					"{""pathovar"":[""musacearum NCPPB 4384""],""strain"":[""NCPPB 4384""]}"	.cache/ncbi/v2_1/efetch_9a6b3525df161b5bebe32f3baffc9f81c75f0978908c4b9416c7b69b38741858.xml	https://www.ncbi.nlm.nih.gov/biosample/SAMN00991244	ok	
9a5a419bbd06149334ec	NCPPB 4380	ncppb_number	expected_genus:Xanthomonas	NCPPB	991243	SAMN00991243	Xanthomonas vasicola pv. musacearum NCPPB 4380	1094185	Xcm NCPPB 4380	NCPPB 4380						BioSample: SAMN00991243; The University of East Anglia: Xcm NCPPB 4380; SRA: SRS312429					"{""pathovar"":[""musacearum NCPPB 4380""],""strain"":[""NCPPB 4380""]}"	.cache/ncbi/v2_1/efetch_9a6b3525df161b5bebe32f3baffc9f81c75f0978908c4b9416c7b69b38741858.xml	https://www.ncbi.nlm.nih.gov/biosample/SAMN00991243	ok	
9a5a419bbd06149334ec	NCPPB 4379	ncppb_number	expected_genus:Xanthomonas	NCPPB	991242	SAMN00991242	Xanthomonas vasicola pv. musacearum NCPPB 4379	1094184	Xcm NCPPB 4379	NCPPB 4379						BioSample: SAMN00991242; The University of East Anglia: Xcm NCPPB 4379; SRA: SRS312428					"{""pathovar"":[""musacearum NCPPB 4379""],""strain"":[""NCPPB 4379""]}"	.cache/ncbi/v2_1/efetch_9a6b3525df161b5bebe32f3baffc9f81c75f0978908c4b9416c7b69b38741858.xml	https://www.ncbi.nlm.nih.gov/biosample/SAMN00991242	ok	
9a5a419bbd06149334ec; b686998d9285a3908faa	NCPPB 2005	ncppb_number	expected_genus:Xanthomonas; exact_full_identifier	NCPPB; NCPPB 2005	860199	SAMN00860199	Xanthomonas vasicola pv. musacearum NCPPB 2005	1094183	Draft genome sequence of Xanthomonas campestris pv. musacearum NCPPB2005	NCPPB 2005						BioSample: SAMN00860199; The University of East Anglia: NCPPB2005; SRA: SRS309831					"{""pathovar"":[""musacearum NCPPB 2005""],""strain"":[""NCPPB 2005""],""type-material"":[""pathotype strain of Xanthomonas vasicola pv. musacearum""]}"	.cache/ncbi/v2_1/efetch_9a6b3525df161b5bebe32f3baffc9f81c75f0978908c4b9416c7b69b38741858.xml	https://www.ncbi.nlm.nih.gov/biosample/SAMN00860199	ok	
9a5a419bbd06149334ec; 00d37dfe93efbdc30bb5	NCPPB 4381	ncppb_number	expected_genus:Xanthomonas; exact_full_identifier	NCPPB; NCPPB 4381	2877	SAMN00002877	Xanthomonas vasicola pv. musacearum NCPPB 4381	559737	Generic sample from Xanthomonas campestris pv. musacearum NCPPB 4381	NCPPB 4381		NCPPB:4381				BioSample: SAMN00002877; The Sainsbury Laboratory: XCM4381_SAMPLE; SRA: SRS004487					"{""culture-collection"":[""NCPPB:4381""],""pathovar"":[""musacearum""],""strain"":[""NCPPB 4381""]}"	.cache/ncbi/v2_1/efetch_9a6b3525df161b5bebe32f3baffc9f81c75f0978908c4b9416c7b69b38741858.xml	https://www.ncbi.nlm.nih.gov/biosample/SAMN00002877	ok	
9a5a419bbd06149334ec	NCPPB 1381	ncppb_number	expected_genus:Xanthomonas	NCPPB	36701289	SAMN36701289	Xanthomonas vasicola pv. vasculorum	325776	Genome sequencing of Xanthomonas vasicola NCPPB 1381	NCPPB 1381			A.C. Hayward			BioSample: SAMN36701289; NCPPB 1381 Fera June 2023; SRA: SRS18410241	Saccharum officinarum	Zimbabwe	1962		"{""biomaterial_provider"":[""A.C. Hayward""],""collection_date"":[""1962""],""geo_loc_name"":[""Zimbabwe""],""host"":[""Saccharum officinarum""],""pathovar"":[""vasculorum""],""sample_type"":[""Cell culture""],""strain"":[""NCPPB 1381""]}"	.cache/ncbi/v2_1/efetch_33f325d4639c5200deafc6e84bf5bbebfdd0c8529a362eede937d4d9df23d7ea.xml	https://www.ncbi.nlm.nih.gov/biosample/SAMN36701289	ok	
9a5a419bbd06149334ec	NCPPB 1326	ncppb_number	expected_genus:Xanthomonas	NCPPB	36701288	SAMN36701288	Xanthomonas vasicola pv. vasculorum	325776	Genome sequencing of Xanthomonas vasicola NCPPB 1326	NCPPB 1326			A.C. Hayward			BioSample: SAMN36701288; NCPPB 1326 Fera June 2023; SRA: SRS18410240	Saccharum officinarum	Zimbabwe	1962		"{""biomaterial_provider"":[""A.C. Hayward""],""collection_date"":[""1962""],""geo_loc_name"":[""Zimbabwe""],""host"":[""Saccharum officinarum""],""pathovar"":[""vasculorum""],""sample_type"":[""Cell culture""],""strain"":[""NCPPB 1326""]}"	.cache/ncbi/v2_1/efetch_33f325d4639c5200deafc6e84bf5bbebfdd0c8529a362eede937d4d9df23d7ea.xml	https://www.ncbi.nlm.nih.gov/biosample/SAMN36701288	ok	
9a5a419bbd06149334ec; a5c305b098d28c703d8f	NCPPB 2337	ncppb_number	expected_genus:Xanthomonas; exact_full_identifier	NCPPB; NCPPB 2337	22555462	SAMN22555462	Xanthomonas dyei pv. eucalypti	487864	Microbe sample from Xanthomonas dyei pv. eucalypti	NCPPB 2337		NCPPB:2337				BioSample: SAMN22555462; NCPPB2337; SRA: SRS15743721	Corymbia citriodora	Australia	not collected		"{""collection_date"":[""not collected""],""culture_collection"":[""NCPPB:2337""],""geo_loc_name"":[""Australia""],""host"":[""Corymbia citriodora""],""pathovar"":[""eucalypti""],""sample_type"":[""cell culture""],""strain"":[""NCPPB 2337""],""type-material"":[""pathotype strain of Xanthomonas campestris pv. eucalypti""]}"	.cache/ncbi/v2_1/efetch_37d8944caa924bec9d37b885aef8093954bac3495e037f63b1aeb634992f5a21.xml	https://www.ncbi.nlm.nih.gov/biosample/SAMN22555462	ok	
9a5a419bbd06149334ec	NCPPB 1938	ncppb_number	expected_genus:Xanthomonas	NCPPB	36318706	SAMN36318706	Xanthomonas campestris pv. plantaginis	487888	Genome sequencing of Xanthomonas campestris pv. plantaginis WHRI 8522 (NCPPB 1938)	WHRI 8522						BioSample: SAMN36318706; 8522; SRA: SRS18258548	Plantago lanceolata	Ethiopia	not collected		"{""collection_date"":[""not collected""],""geo_loc_name"":[""Ethiopia""],""host"":[""Plantago lanceolata""],""pathovar"":[""plantaginis""],""sample_type"":[""Cell culture""],""strain"":[""WHRI 8522""]}"	.cache/ncbi/v2_1/efetch_e55a217eafd1f40b60947b9466882d1b8fc3a1639ac4d565d06aa0629904e8ae.xml	https://www.ncbi.nlm.nih.gov/biosample/SAMN36318706	ok	
9a5a419bbd06149334ec	NCPPB 1934	ncppb_number	expected_genus:Xanthomonas	NCPPB	36318705	SAMN36318705	Xanthomonas campestris pv. incanae	92826	Genome sequencing of Xanthomonas campestris pv. incanae WHRI 6378 (NCPPB 1934)	WHRI 6378						BioSample: SAMN36318705; 6378; SRA: SRS18258547	Matthiola incana	USA	1949		"{""collection_date"":[""1949""],""geo_loc_name"":[""USA""],""host"":[""Matthiola incana""],""pathovar"":[""incanae""],""sample_type"":[""Cell culture""],""strain"":[""WHRI 6378""]}"	.cache/ncbi/v2_1/efetch_e55a217eafd1f40b60947b9466882d1b8fc3a1639ac4d565d06aa0629904e8ae.xml	https://www.ncbi.nlm.nih.gov/biosample/SAMN36318705	ok	
9a5a419bbd06149334ec	NCPPB 2517	ncppb_number	expected_genus:Xanthomonas	NCPPB	36368330	SAMN36368330	Xanthomonas campestris pv. campestris	340	Genome sequencing of Xcc WHRI5219 (NCPPB 2517)	WHRI 5219 (NCPPB 2517)						BioSample: SAMN36368330; 5219; SRA: SRS18228617	Erysimum cheiri	United Kingdom	1973		"{""Race"":[""not collected""],""collection_date"":[""1973""],""geo_loc_name"":[""United Kingdom""],""host"":[""Erysimum cheiri""],""pathovar"":[""campestris""],""sample_type"":[""Cell culture""],""strain"":[""WHRI 5219 (NCPPB 2517)""]}"	.cache/ncbi/v2_1/efetch_33f325d4639c5200deafc6e84bf5bbebfdd0c8529a362eede937d4d9df23d7ea.xml	https://www.ncbi.nlm.nih.gov/biosample/SAMN36368330	ok	
9a5a419bbd06149334ec; 4435978c8cd5b96061d3	NCPPB 528	ncppb_number	expected_genus:Xanthomonas; exact_full_identifier	NCPPB; NCPPB 528	36368329	SAMN36368329	Xanthomonas campestris pv. campestris	340	Genome sequencing of Xcc WHRI5212 (NCPPB 528)	WHRI 5212 (NCPPB 528)						BioSample: SAMN36368329; 5212; SRA: SRS18228613	Brassica oleracea	United Kingdom	1957		"{""Race"":[""3""],""collection_date"":[""1957""],""geo_loc_name"":[""United Kingdom""],""host"":[""Brassica oleracea""],""pathovar"":[""campestris""],""sample_type"":[""Cell culture""],""strain"":[""WHRI 5212 (NCPPB 528)""]}"	.cache/ncbi/v2_1/efetch_33f325d4639c5200deafc6e84bf5bbebfdd0c8529a362eede937d4d9df23d7ea.xml	https://www.ncbi.nlm.nih.gov/biosample/SAMN36368329	ok	
9a5a419bbd06149334ec	NCPPB 2986	ncppb_number	expected_genus:Xanthomonas	NCPPB	36368323	SAMN36368323	Xanthomonas campestris pv. campestris	340	Genome sequencing of Xcc WHRI3880 (NCPPB 2986)	WHRI 3880 (NCPPB 2986)						BioSample: SAMN36368323; 3880; SRA: SRS18228611	Brassica oleracea	Australia	1975		"{""Race"":[""5""],""collection_date"":[""1975""],""geo_loc_name"":[""Australia""],""host"":[""Brassica oleracea""],""pathovar"":[""campestris""],""sample_type"":[""Cell culture""],""strain"":[""WHRI 3880 (NCPPB 2986)""]}"	.cache/ncbi/v2_1/efetch_780fbd8936fb24ced43d9056979d76fa93cd426bf4689a40c0a73a5bb1a24240.xml	https://www.ncbi.nlm.nih.gov/biosample/SAMN36368323	ok	
9a5a419bbd06149334ec	NCPPB 1645	ncppb_number	expected_genus:Xanthomonas	NCPPB	36368322	SAMN36368322	Xanthomonas campestris pv. campestris	340	Genome sequencing of Xcc WHRI3877 (NCPPB 1645)	WHRI 3877 (NCPPB 1645)						BioSample: SAMN36368322; 3877; SRA: SRS18228606	Brassica oleracea	Kenya	1964		"{""Race"":[""1""],""collection_date"":[""1964""],""geo_loc_name"":[""Kenya""],""host"":[""Brassica oleracea""],""pathovar"":[""campestris""],""sample_type"":[""Cell culture""],""strain"":[""WHRI 3877 (NCPPB 1645)""]}"	.cache/ncbi/v2_1/efetch_780fbd8936fb24ced43d9056979d76fa93cd426bf4689a40c0a73a5bb1a24240.xml	https://www.ncbi.nlm.nih.gov/biosample/SAMN36368322	ok	
9a5a419bbd06149334ec	NCPPB 1043	ncppb_number	expected_genus:Xanthomonas	NCPPB	36368321	SAMN36368321	Xanthomonas campestris pv. campestris	340	Genome sequencing of Xcc WHRI3876 (NCPPB 1043)	WHRI 3876 (NCPPB 1043)						BioSample: SAMN36368321; 3876; SRA: SRS18228608	Brassica oleracea	Papua New Guinea	1961		"{""Race"":[""1""],""collection_date"":[""1961""],""geo_loc_name"":[""Papua New Guinea""],""host"":[""Brassica oleracea""],""pathovar"":[""campestris""],""sample_type"":[""Cell culture""],""strain"":[""WHRI 3876 (NCPPB 1043)""]}"	.cache/ncbi/v2_1/efetch_780fbd8936fb24ced43d9056979d76fa93cd426bf4689a40c0a73a5bb1a24240.xml	https://www.ncbi.nlm.nih.gov/biosample/SAMN36368321	ok	
9a5a419bbd06149334ec; 2607bc2bb96c353a9998	NCPPB 2417	ncppb_number	expected_genus:Xanthomonas; exact_full_identifier	NCPPB; NCPPB 2417	36358005	SAMN36358005	Xanthomonas vasicola	56459	NCPPB 2417	NCPPB 2417						BioSample: SAMN36358005; NCPPB 2417; SRA: SRS18217091	Sorghum bicolor	New Zealand	1969		"{""collection_date"":[""1969""],""geo_loc_name"":[""New Zealand""],""host"":[""Sorghum bicolor""],""sample_type"":[""Cell culture""],""strain"":[""NCPPB 2417""],""type-material"":[""type strain of Xanthomonas vasicola""]}"	.cache/ncbi/v2_1/efetch_780fbd8936fb24ced43d9056979d76fa93cd426bf4689a40c0a73a5bb1a24240.xml	https://www.ncbi.nlm.nih.gov/biosample/SAMN36358005	ok	
9a5a419bbd06149334ec	NCPPB 895	ncppb_number	expected_genus:Xanthomonas	NCPPB	36357973	SAMN36357973	Xanthomonas vasicola	56459	NCPPB 895	NCPPB 895						BioSample: SAMN36357973; NCPPB 895; SRA: SRS18217096	Saccharum officinarum	Madagascar	1960		"{""collection_date"":[""1960""],""geo_loc_name"":[""Madagascar""],""host"":[""Saccharum officinarum""],""sample_type"":[""Cell culture""],""strain"":[""NCPPB 895""]}"	.cache/ncbi/v2_1/efetch_780fbd8936fb24ced43d9056979d76fa93cd426bf4689a40c0a73a5bb1a24240.xml	https://www.ncbi.nlm.nih.gov/biosample/SAMN36357973	ok	
9a5a419bbd06149334ec	NCPPB 889	ncppb_number	expected_genus:Xanthomonas	NCPPB	36357971	SAMN36357971	Xanthomonas vasicola	56459	NCPPB 889	NCPPB 889						BioSample: SAMN36357971; NCPPB 889; SRA: SRS18217094	Saccharum officinarum	South Africa	1960		"{""collection_date"":[""1960""],""geo_loc_name"":[""South Africa""],""host"":[""Saccharum officinarum""],""sample_type"":[""Cell culture""],""strain"":[""NCPPB 889""]}"	.cache/ncbi/v2_1/efetch_780fbd8936fb24ced43d9056979d76fa93cd426bf4689a40c0a73a5bb1a24240.xml	https://www.ncbi.nlm.nih.gov/biosample/SAMN36357971	ok	
9a5a419bbd06149334ec	NCPPB 795	ncppb_number	expected_genus:Xanthomonas	NCPPB	36357970	SAMN36357970	Xanthomonas vasicola	56459	NCPPB 795	NCPPB 795						BioSample: SAMN36357970; NCPPB 795; SRA: SRS18217093	Saccharum officinarum	Madagascar	not collected		"{""collection_date"":[""not collected""],""geo_loc_name"":[""Madagascar""],""host"":[""Saccharum officinarum""],""sample_type"":[""Cell culture""],""strain"":[""NCPPB 795""]}"	.cache/ncbi/v2_1/efetch_780fbd8936fb24ced43d9056979d76fa93cd426bf4689a40c0a73a5bb1a24240.xml	https://www.ncbi.nlm.nih.gov/biosample/SAMN36357970	ok	
9a5a419bbd06149334ec	NCPPB 702	ncppb_number	expected_genus:Xanthomonas	NCPPB	36357969	SAMN36357969	Xanthomonas vasicola	56459	NCPPB 702	NCPPB 702						BioSample: SAMN36357969; NCPPB 702; SRA: SRS18217089	Saccharum officinarum	Zimbabwe	1959		"{""collection_date"":[""1959""],""geo_loc_name"":[""Zimbabwe""],""host"":[""Saccharum officinarum""],""sample_type"":[""Cell culture""],""strain"":[""NCPPB 702""]}"	.cache/ncbi/v2_1/efetch_780fbd8936fb24ced43d9056979d76fa93cd426bf4689a40c0a73a5bb1a24240.xml	https://www.ncbi.nlm.nih.gov/biosample/SAMN36357969	ok	
9a5a419bbd06149334ec; 71759bc57bc9bccb8f98	NCPPB 4614	ncppb_number	expected_genus:Xanthomonas; exact_full_identifier	NCPPB; NCPPB 4614	36357968	SAMN36357968	Xanthomonas vasicola	56459	NCPPB 4614	NCPPB 4614						BioSample: SAMN36357968; NCPPB 4614; SRA: SRS18217078	Zea mays	South Africa	1988		"{""collection_date"":[""1988""],""geo_loc_name"":[""South Africa""],""host"":[""Zea mays""],""sample_type"":[""Cell culture""],""strain"":[""NCPPB 4614""]}"	.cache/ncbi/v2_1/efetch_780fbd8936fb24ced43d9056979d76fa93cd426bf4689a40c0a73a5bb1a24240.xml	https://www.ncbi.nlm.nih.gov/biosample/SAMN36357968	ok	
9a5a419bbd06149334ec	NCPPB 4613	ncppb_number	expected_genus:Xanthomonas	NCPPB	36357967	SAMN36357967	Xanthomonas vasicola	56459	NCPPB 4613	NCPPB 4613						BioSample: SAMN36357967; NCPPB 4613; SRA: SRS18217067	Zea mays	USA	2015		"{""collection_date"":[""2015""],""geo_loc_name"":[""USA""],""host"":[""Zea mays""],""sample_type"":[""Cell culture""],""strain"":[""NCPPB 4613""]}"	.cache/ncbi/v2_1/efetch_780fbd8936fb24ced43d9056979d76fa93cd426bf4689a40c0a73a5bb1a24240.xml	https://www.ncbi.nlm.nih.gov/biosample/SAMN36357967	ok	
9a5a419bbd06149334ec	NCPPB 206	ncppb_number	expected_genus:Xanthomonas	NCPPB	36357966	SAMN36357966	Xanthomonas vasicola	56459	NCPPB 206	NCPPB 206						BioSample: SAMN36357966; NCPPB 206; SRA: SRS18217069	Zea mays	South Africa	not collected		"{""collection_date"":[""not collected""],""geo_loc_name"":[""South Africa""],""host"":[""Zea mays""],""sample_type"":[""Cell culture""],""strain"":[""NCPPB 206""]}"	.cache/ncbi/v2_1/efetch_780fbd8936fb24ced43d9056979d76fa93cd426bf4689a40c0a73a5bb1a24240.xml	https://www.ncbi.nlm.nih.gov/biosample/SAMN36357966	ok	
9a5a419bbd06149334ec	NCPPB 2857	ncppb_number	expected_genus:Xanthomonas	NCPPB	36346974	SAMN36346974	Xanthomonas campestris pv. campestris	340	Genome sequencing of Xcc WHRI 6383 (NCPPB 2857)	WHRI 6383 (NCPPB 2857)						BioSample: SAMN36346974; 6383; SRA: SRS18206857	Brassica napus	not collected	not collected		"{""Race"":[""not collected""],""collection_date"":[""not collected""],""geo_loc_name"":[""not collected""],""host"":[""Brassica napus""],""pathovar"":[""campestris""],""sample_type"":[""Cell culture""],""strain"":[""WHRI 6383 (NCPPB 2857)""]}"	.cache/ncbi/v2_1/efetch_8f3995ab3144e3937fa5c3f98582dd460cf3b18638c3bf2d13bcc99fd696a865.xml	https://www.ncbi.nlm.nih.gov/biosample/SAMN36346974	ok	
9a5a419bbd06149334ec	NCPPB 1711	ncppb_number	expected_genus:Xanthomonas	NCPPB	36346973	SAMN36346973	Xanthomonas campestris pv. campestris	340	Genome sequencing of Xcc WHRI 6382 (NCPPB 1711)	WHRI 6382 (NCPPB 1711)						BioSample: SAMN36346973; 6382; SRA: SRS18206853	Brassica rapa	Canada	1953		"{""Race"":[""5""],""collection_date"":[""1953""],""geo_loc_name"":[""Canada""],""host"":[""Brassica rapa""],""pathovar"":[""campestris""],""sample_type"":[""Cell culture""],""strain"":[""WHRI 6382 (NCPPB 1711)""]}"	.cache/ncbi/v2_1/efetch_8f3995ab3144e3937fa5c3f98582dd460cf3b18638c3bf2d13bcc99fd696a865.xml	https://www.ncbi.nlm.nih.gov/biosample/SAMN36346973	ok	
9a5a419bbd06149334ec	NCPPB 529	ncppb_number	expected_genus:Xanthomonas	NCPPB	36346972	SAMN36346972	Xanthomonas campestris pv. campestris	340	Genome sequencing of Xcc WHRI 6381 (NCPPB 529)	WHRI 6381 (NCPPB 529)						BioSample: SAMN36346972; 6381; SRA: SRS18206854	Brassica oleracea	United Kingdom	1957		"{""Race"":[""1""],""collection_date"":[""1957""],""geo_loc_name"":[""United Kingdom""],""host"":[""Brassica oleracea""],""pathovar"":[""campestris""],""sample_type"":[""Cell culture""],""strain"":[""WHRI 6381 (NCPPB 529)""]}"	.cache/ncbi/v2_1/efetch_8f3995ab3144e3937fa5c3f98582dd460cf3b18638c3bf2d13bcc99fd696a865.xml	https://www.ncbi.nlm.nih.gov/biosample/SAMN36346972	ok	
9a5a419bbd06149334ec	NCPPB 404	ncppb_number	expected_genus:Xanthomonas	NCPPB	36346971	SAMN36346971	Xanthomonas campestris pv. campestris	340	Genome sequencing of Xcc WHRI 6380 (NCPPB 404)	WHRI 6380 (NCPPB 404)						BioSample: SAMN36346971; 6380; SRA: SRS18206851	Brassica napus subsp. rapifera	New Zealand	1953		"{""Race"":[""not collected""],""collection_date"":[""1953""],""geo_loc_name"":[""New Zealand""],""host"":[""Brassica napus subsp. rapifera""],""pathovar"":[""campestris""],""sample_type"":[""Cell culture""],""strain"":[""WHRI 6380 (NCPPB 404)""]}"	.cache/ncbi/v2_1/efetch_8f3995ab3144e3937fa5c3f98582dd460cf3b18638c3bf2d13bcc99fd696a865.xml	https://www.ncbi.nlm.nih.gov/biosample/SAMN36346971	ok	
9a5a419bbd06149334ec	NCPPB 45	ncppb_number	expected_genus:Xanthomonas	NCPPB	36346970	SAMN36346970	Xanthomonas campestris pv. campestris	340	Genome sequencing of Xcc WHRI 6379 (NCPPB 45)	WHRI 6379 (NCPPB 45)						BioSample: SAMN36346970; 6379; SRA: SRS18206855	Brassica napus	United Kingdom	1941		"{""Race"":[""not collected""],""collection_date"":[""1941""],""geo_loc_name"":[""United Kingdom""],""host"":[""Brassica napus""],""pathovar"":[""campestris""],""sample_type"":[""Cell culture""],""strain"":[""WHRI 6379 (NCPPB 45)""]}"	.cache/ncbi/v2_1/efetch_8f3995ab3144e3937fa5c3f98582dd460cf3b18638c3bf2d13bcc99fd696a865.xml	https://www.ncbi.nlm.nih.gov/biosample/SAMN36346970	ok	
9a5a419bbd06149334ec	NCPPB 1381	ncppb_number	expected_genus:Xanthomonas	NCPPB	36357975	SAMN36357975	Xanthomonas vasicola	56459	NCPPB 1381	NCPPB 1381						BioSample: SAMN36357975; NCPPB 1381	Saccharum officinarum	Zimbabwe	1962		"{""collection_date"":[""1962""],""geo_loc_name"":[""Zimbabwe""],""host"":[""Saccharum officinarum""],""sample_type"":[""Cell culture""],""strain"":[""NCPPB 1381""]}"	.cache/ncbi/v2_1/efetch_780fbd8936fb24ced43d9056979d76fa93cd426bf4689a40c0a73a5bb1a24240.xml	https://www.ncbi.nlm.nih.gov/biosample/SAMN36357975	ok	
9a5a419bbd06149334ec	NCPPB 1326	ncppb_number	expected_genus:Xanthomonas	NCPPB	36357974	SAMN36357974	Xanthomonas vasicola	56459	NCPPB 1326	NCPPB 1326						BioSample: SAMN36357974; NCPPB 1326	Saccharum officinarum	Zimbabwe	1962		"{""collection_date"":[""1962""],""geo_loc_name"":[""Zimbabwe""],""host"":[""Saccharum officinarum""],""sample_type"":[""Cell culture""],""strain"":[""NCPPB 1326""]}"	.cache/ncbi/v2_1/efetch_780fbd8936fb24ced43d9056979d76fa93cd426bf4689a40c0a73a5bb1a24240.xml	https://www.ncbi.nlm.nih.gov/biosample/SAMN36357974	ok	
9a5a419bbd06149334ec	NCPPB 1946	ncppb_number	expected_genus:Xanthomonas	NCPPB	36315929	SAMN36315929	Xanthomonas campestris pv. raphani	359385	Genome sequencing of X. campestris pv. raphani WHRI 8303 (NCPPB 1946)	WHRI 8303						BioSample: SAMN36315929; 8303; SRA: SRS18183268	Brassica rapa	USA	1994		"{""Race"":[""3""],""collection_date"":[""1994""],""geo_loc_name"":[""USA""],""host"":[""Brassica rapa""],""pathovar"":[""raphani""],""sample_type"":[""Cell culture""],""strain"":[""WHRI 8303""]}"	.cache/ncbi/v2_1/efetch_1d306981387f8bde1215b8327eeb97e2704ab6402ae46f16721e97eab812fc98.xml	https://www.ncbi.nlm.nih.gov/biosample/SAMN36315929	ok	
9a5a419bbd06149334ec; 62607a5ffcc1035c3214	NCPPB 2654	ncppb_number	expected_genus:Xanthomonas; exact_full_identifier	NCPPB; NCPPB 2654	35699823	SAMN35699823	Xanthomonas sp. NCPPB 2654	487541	Microbe sample from Xanthomonas sp. NCPPB 2654	NCPPB 2654		NCPPB:2654	NCPPB			BioSample: SAMN35699823; NCPPB2654	Phaseolus vulgaris (Navy bean)	United Kingdom	missing		"{""biomaterial_provider"":[""NCPPB""],""collected_by"":[""F.W. Catton""],""collection_date"":[""missing""],""culture_collection"":[""NCPPB:2654""],""geo_loc_name"":[""United Kingdom""],""host"":[""Phaseolus vulgaris (Navy bean)""],""sample_type"":[""Cell culture""],""strain"":[""NCPPB 2654""]}"	.cache/ncbi/v2_1/efetch_85988f61703dd600cd34c3eee12f0d55109c7c00f318febfa15ae3bf79a620a7.xml	https://www.ncbi.nlm.nih.gov/biosample/SAMN35699823	ok	
9a5a419bbd06149334ec; 1560c797dd0481f78272	NCPPB 1471	ncppb_number	expected_genus:Xanthomonas; exact_full_identifier	NCPPB; NCPPB 1471	30973815	SAMN30973815	Xanthomonas citri pv. citri	611301	MIGS Cultured Bacterial/Archaeal sample from Xanthomonas citri pv. citri	NCPPB-1471						BioSample: SAMN30973815; NCPPB-1471; SRA: SRS15214120	Citrus x paradisi	China	1963		"{""collection_date"":[""1963""],""env_broad_scale"":[""agricultural field""],""env_local_scale"":[""citrus grove""],""env_medium"":[""leaf""],""geo_loc_name"":[""China""],""host"":[""Citrus x paradisi""],""isol_growth_condt"":[""PMID: 26699528""],""lat_lon"":[""35.86166 N 104.195397 E""],""num_replicons"":[""2""],""pathovar"":[""citri""],""ref_biomaterial"":[""NA""],""strain"":[""NCPPB-1471""]}"	.cache/ncbi/v2_1/efetch_45a5e49e2e7d932eb0583eea59f97e8c82ea5ce0447f75ff8ca54f1efae61e77.xml	https://www.ncbi.nlm.nih.gov/biosample/SAMN30973815	ok	
9a5a419bbd06149334ec; 350cc25e3ebe4f7bbb4b	NCPPB 2346	ncppb_number	expected_genus:Xanthomonas; exact_full_identifier	NCPPB; NCPPB 2346	19988995	SAMN19988995	Xanthomonas campestris pv. passiflorae	487883	Microbe sample from Xanthomonas campestris pv. passiflorae	NCPPB 2346		NCPPB:2346				BioSample: SAMN19988995; NCPPB2346; SRA: SRS9645966	Passiflora edulis	Brazil	not collected		"{""collected_by"":[""A.L.G. Pereira""],""collection_date"":[""not collected""],""culture_collection"":[""NCPPB:2346""],""geo_loc_name"":[""Brazil""],""host"":[""Passiflora edulis""],""pathovar"":[""passiflorae""],""sample_type"":[""cell culture""],""strain"":[""NCPPB 2346""],""type-material"":[""pathotype strain of Xanthomonas campestris pv. passiflorae""]}"	.cache/ncbi/v2_1/efetch_37d8944caa924bec9d37b885aef8093954bac3495e037f63b1aeb634992f5a21.xml	https://www.ncbi.nlm.nih.gov/biosample/SAMN19988995	ok	
9a5a419bbd06149334ec; 18a932ad59a7d297b09a	NCPPB 2983	ncppb_number	expected_genus:Xanthomonas; exact_full_identifier	NCPPB; NCPPB 2983	22555472	SAMN22555472	Xanthomonas campestris pv. phormiicola	487886	Microbe sample from Xanthomonas campestris pv. phormiicola	NCPPB 2983		NCPPB:2983				BioSample: SAMN22555472; NCPPB2983; SRA: SRS15743717	Phormium tenax	Japan	not collected		"{""collected_by"":[""M. Goto""],""collection_date"":[""not collected""],""culture_collection"":[""NCPPB:2983""],""geo_loc_name"":[""Japan""],""host"":[""Phormium tenax""],""pathovar"":[""phormiicola""],""sample_type"":[""cell culture""],""strain"":[""NCPPB 2983""]}"	.cache/ncbi/v2_1/efetch_37d8944caa924bec9d37b885aef8093954bac3495e037f63b1aeb634992f5a21.xml	https://www.ncbi.nlm.nih.gov/biosample/SAMN22555472	ok	
9a5a419bbd06149334ec; bf6ab99d608e14bb6bfa	NCPPB 4345	ncppb_number	expected_genus:Xanthomonas; exact_full_identifier	NCPPB; NCPPB 4345	22555471	SAMN22555471	Xanthomonas campestris pv. cannae	487856	Microbe sample from Xanthomonas campestris pv. cannae	NCPPB 4345		NCPPB:4345				BioSample: SAMN22555471; NCPPB4345; SRA: SRS15743715	Canna x generalis	India	not collected		"{""collected_by"":[""R. Easwaramurthy""],""collection_date"":[""not collected""],""culture_collection"":[""NCPPB:4345""],""geo_loc_name"":[""India""],""host"":[""Canna x generalis""],""pathovar"":[""cannae""],""sample_type"":[""cell culture""],""strain"":[""NCPPB 4345""]}"	.cache/ncbi/v2_1/efetch_37d8944caa924bec9d37b885aef8093954bac3495e037f63b1aeb634992f5a21.xml	https://www.ncbi.nlm.nih.gov/biosample/SAMN22555471	ok	
9a5a419bbd06149334ec; 362f68b0d1c414d5b713	NCPPB 1067	ncppb_number	expected_genus:Xanthomonas; exact_full_identifier	NCPPB; NCPPB 1067	22555470	SAMN22555470	Xanthomonas sp. NCPPB 1067	487524	Microbe sample from Xanthomonas sp. NCPPB 1067	NCPPB 1067		NCPPB:1067				BioSample: SAMN22555470; NCPPB1067; SRA: SRS15743713	Raphanus sativus	Vanuatu	not collected		"{""collected_by"":[""A. C. Hayward""],""collection_date"":[""not collected""],""culture_collection"":[""NCPPB:1067""],""geo_loc_name"":[""Vanuatu""],""host"":[""Raphanus sativus""],""sample_type"":[""cell culture""],""strain"":[""NCPPB 1067""]}"	.cache/ncbi/v2_1/efetch_37d8944caa924bec9d37b885aef8093954bac3495e037f63b1aeb634992f5a21.xml	https://www.ncbi.nlm.nih.gov/biosample/SAMN22555470	ok	
9a5a419bbd06149334ec; e3c129649f36de91ac88	NCPPB 3434	ncppb_number	expected_genus:Xanthomonas; exact_full_identifier	NCPPB; NCPPB 3434	22555469	SAMN22555469	Xanthomonas melonis	56456	Microbe sample from Xanthomonas melonis	NCPPB 3434		NCPPB:3434				BioSample: SAMN22555469; NCPPB3434; SRA: SRS15743712	Cucumis melo	Brazil	not collected		"{""collected_by"":[""J. R. Neto""],""collection_date"":[""not collected""],""culture_collection"":[""NCPPB:3434""],""geo_loc_name"":[""Brazil""],""host"":[""Cucumis melo""],""sample_type"":[""cell culture""],""strain"":[""NCPPB 3434""],""type-material"":[""type strain of Xanthomonas melonis""]}"	.cache/ncbi/v2_1/efetch_37d8944caa924bec9d37b885aef8093954bac3495e037f63b1aeb634992f5a21.xml	https://www.ncbi.nlm.nih.gov/biosample/SAMN22555469	ok	
9a5a419bbd06149334ec; 39e4e21fe3c6a50b5dce	NCPPB 3888	ncppb_number	expected_genus:Xanthomonas; exact_full_identifier	NCPPB; NCPPB 3888	22555468	SAMN22555468	Xanthomonas campestris pv. parthenii	487882	Microbe sample from Xanthomonas campestris pv. parthenii	NCPPB 3888		NCPPB:3888				BioSample: SAMN22555468; NCPPB3888; SRA: SRS15743714	Parthenium hysterophorus	India	not collected		"{""collected_by"":[""R. Chand""],""collection_date"":[""not collected""],""culture_collection"":[""NCPPB:3888""],""geo_loc_name"":[""India""],""host"":[""Parthenium hysterophorus""],""pathovar"":[""parthenii""],""sample_type"":[""cell culture""],""strain"":[""NCPPB 3888""]}"	.cache/ncbi/v2_1/efetch_37d8944caa924bec9d37b885aef8093954bac3495e037f63b1aeb634992f5a21.xml	https://www.ncbi.nlm.nih.gov/biosample/SAMN22555468	ok	
9a5a419bbd06149334ec; fb388d3b532d07057689	NCPPB 101	ncppb_number	expected_genus:Xanthomonas; exact_full_identifier	NCPPB; NCPPB 101	22555467	SAMN22555467	Xanthomonas cassavae CFBP 4642	1219375	Microbe sample from Xanthomonas cassavae CFBP 4642	NCPPB 101		NCPPB:101				BioSample: SAMN22555467; NCPPB101; SRA: SRS15743719	Manihot esculenta	Malawi	not collected		"{""collection_date"":[""not collected""],""culture_collection"":[""NCPPB:101""],""geo_loc_name"":[""Malawi""],""host"":[""Manihot esculenta""],""sample_type"":[""cell culture""],""strain"":[""NCPPB 101""],""type-material"":[""type strain of Xanthomonas cassavae""]}"	.cache/ncbi/v2_1/efetch_37d8944caa924bec9d37b885aef8093954bac3495e037f63b1aeb634992f5a21.xml	https://www.ncbi.nlm.nih.gov/biosample/SAMN22555467	ok	
9a5a419bbd06149334ec; 1a246c124f050c773291	NCPPB 2439	ncppb_number	expected_genus:Xanthomonas; exact_full_identifier	NCPPB; NCPPB 2439	22555466	SAMN22555466	Xanthomonas campestris pv. zinniae	83854	Microbe sample from Xanthomonas campestris pv. zinniae	NCPPB 2439		NCPPB:2439				BioSample: SAMN22555466; NCPPB2439; SRA: SRS15743711	Zinnia elegans	Australia	not collected		"{""collected_by"":[""A. C. Hayward""],""collection_date"":[""not collected""],""culture_collection"":[""NCPPB:2439""],""geo_loc_name"":[""Australia""],""host"":[""Zinnia elegans""],""pathovar"":[""zinniae""],""sample_type"":[""cell culture""],""strain"":[""NCPPB 2439""]}"	.cache/ncbi/v2_1/efetch_37d8944caa924bec9d37b885aef8093954bac3495e037f63b1aeb634992f5a21.xml	https://www.ncbi.nlm.nih.gov/biosample/SAMN22555466	ok	
9a5a419bbd06149334ec; 731e1d32ee1dea32281c	NCPPB 2190	ncppb_number	expected_genus:Xanthomonas; exact_full_identifier	NCPPB; NCPPB 2190	22555465	SAMN22555465	Xanthomonas campestris pv. esculenti	487863	Microbe sample from Xanthomonas campestris pv. esculenti	NCPPB 2190		NCPPB:2190				BioSample: SAMN22555465; NCPPB2190; SRA: SRS15743718	Abelmoschus esculentus	Brazil	not collected		"{""collected_by"":[""C. F. Robbs""],""collection_date"":[""not collected""],""culture_collection"":[""NCPPB:2190""],""geo_loc_name"":[""Brazil""],""host"":[""Abelmoschus esculentus""],""pathovar"":[""esculenti""],""sample_type"":[""cell culture""],""strain"":[""NCPPB 2190""]}"	.cache/ncbi/v2_1/efetch_37d8944caa924bec9d37b885aef8093954bac3495e037f63b1aeb634992f5a21.xml	https://www.ncbi.nlm.nih.gov/biosample/SAMN22555465	ok	
9a5a419bbd06149334ec; d2f015964ba3951de0ea	NCPPB 4013	ncppb_number	expected_genus:Xanthomonas; exact_full_identifier	NCPPB; NCPPB 4013	22555464	SAMN22555464	Xanthomonas campestris pv. asclepiadis	2887372	Microbe sample from Xanthomonas campestris pv. asclepiadis	NCPPB 4013		NCPPB:4013				BioSample: SAMN22555464; NCPPB4013; SRA: SRS15743710	Asclepias syriaca	USA	not collected		"{""collection_date"":[""not collected""],""culture_collection"":[""NCPPB:4013""],""geo_loc_name"":[""USA""],""host"":[""Asclepias syriaca""],""pathovar"":[""asclepiadis""],""sample_type"":[""cell culture""],""strain"":[""NCPPB 4013""],""type-material"":[""pathotype strain of Xanthomonas campestris pv. asclepiadis""]}"	.cache/ncbi/v2_1/efetch_37d8944caa924bec9d37b885aef8093954bac3495e037f63b1aeb634992f5a21.xml	https://www.ncbi.nlm.nih.gov/biosample/SAMN22555464	ok	
9a5a419bbd06149334ec; 9178845df4785e770bd3	NCPPB 1935	ncppb_number	expected_genus:Xanthomonas; exact_full_identifier	NCPPB; NCPPB 1935	22555463	SAMN22555463	Xanthomonas campestris pv. nigromaculans	487879	Microbe sample from Xanthomonas campestris pv. nigromaculans	NCPPB 1935		NCPPB:1935				BioSample: SAMN22555463; NCPPB1935; SRA: SRS15743716	not collected	Japan	not collected		"{""collected_by"":[""N. Okabe""],""collection_date"":[""not collected""],""culture_collection"":[""NCPPB:1935""],""geo_loc_name"":[""Japan""],""host"":[""not collected""],""pathovar"":[""nigromaculans""],""sample_type"":[""cell culture""],""strain"":[""NCPPB 1935""]}"	.cache/ncbi/v2_1/efetch_37d8944caa924bec9d37b885aef8093954bac3495e037f63b1aeb634992f5a21.xml	https://www.ncbi.nlm.nih.gov/biosample/SAMN22555463	ok	
9a5a419bbd06149334ec; 677b3faa20f6fae08b6e	NCPPB 3162	ncppb_number	expected_genus:Xanthomonas; exact_full_identifier	NCPPB; NCPPB 3162	22555461	SAMN22555461	Xanthomonas citri	346	Microbe sample from Xanthomonas citri	NCPPB 3162		NCPPB:3162				BioSample: SAMN22555461; NCPPB3162; SRA: SRS15743720	Sorghum sp.	India	not collected		"{""collected_by"":[""J.F. Bradbury""],""collection_date"":[""not collected""],""culture_collection"":[""NCPPB:3162""],""geo_loc_name"":[""India""],""host"":[""Sorghum sp.""],""sample_type"":[""cell culture""],""strain"":[""NCPPB 3162""]}"	.cache/ncbi/v2_1/efetch_37d8944caa924bec9d37b885aef8093954bac3495e037f63b1aeb634992f5a21.xml	https://www.ncbi.nlm.nih.gov/biosample/SAMN22555461	ok	
9a5a419bbd06149334ec	NCPPB 2181	ncppb_number	expected_genus:Xanthomonas	NCPPB	31049104	SAMD00537715	Xanthomonas translucens	343	Xanthomonas translucens NBRC 13559	NBRC 13559		NBRC:13559		NBRC 13559	MAFF 301035 ; NCPPB 2181	BioSample: SAMD00537715		Japan	missing	orchard grass, Dactylis glomerata	"{""Other_CC"":[""MAFF 301035 ; NCPPB 2181""],""collection_date"":[""missing""],""culture_collection"":[""NBRC:13559""],""geo_loc_name"":[""Japan""],""history"":[""IFO 13559 <- Nat. Inst. Agro-Environ. Sci. (T. Tominaga, X1-11-2)""],""isolation_source"":[""orchard grass, Dactylis glomerata""],""link"":[""http://purl.jp/bio/103/nite/nbrc/cultures/00013559""],""medium1"":[""802""],""medium1_URL"":[""http://purl.jp/bio/103/nite/nbrc/medium/000802""],""rehydration_fluid_URL"":[""http://purl.jp/bio/103/nite/nbrc/medium/000702""],""rehydration_fluid_no"":[""702""],""repository"":[""NITE Biological Resource Center""],""sample_name"":[""NBRC 13559""],""sample_type"":[""cell culture""],""source_area"":[""Iwate""],""strain"":[""NBRC 13559""],""temperature_to"":[""30""],""type_status"":[""non-type strain""],""validity"":[""Y""]}"	.cache/ncbi/v2_1/efetch_45a5e49e2e7d932eb0583eea59f97e8c82ea5ce0447f75ff8ca54f1efae61e77.xml	https://www.ncbi.nlm.nih.gov/biosample/SAMD00537715	ok	
9a5a419bbd06149334ec; 877b3538147f16d93aec	NCPPB 762	ncppb_number	expected_genus:Xanthomonas; exact_full_identifier	NCPPB; NCPPB 762	31049102	SAMD00537713	Xanthomonas pisi	56457	Xanthomonas pisi NBRC 13556	NBRC 13556		NBRC:13556		NBRC 13556	MAFF 301207 ; NCPPB 762	BioSample: SAMD00537713		Japan	missing	garden pea, Pisum sativum	"{""Other_CC"":[""MAFF 301207 ; NCPPB 762""],""collection_date"":[""missing""],""culture_collection"":[""NBRC:13556""],""geo_loc_name"":[""Japan""],""history"":[""IFO 13556 <- Nat. Inst. Agro-Environ. Sci. (NIAS X1-9-1) <- M. Goto""],""isolation_source"":[""garden pea, Pisum sativum""],""link"":[""http://purl.jp/bio/103/nite/nbrc/cultures/00013556""],""medium1"":[""802""],""medium1_URL"":[""http://purl.jp/bio/103/nite/nbrc/medium/000802""],""rehydration_fluid_URL"":[""http://purl.jp/bio/103/nite/nbrc/medium/000702""],""rehydration_fluid_no"":[""702""],""repository"":[""NITE Biological Resource Center""],""sample_name"":[""NBRC 13556""],""sample_type"":[""cell culture""],""source_area"":[""Shizuoka""],""strain"":[""NBRC 13556""],""temperature_to"":[""30""],""type_status"":[""non-type strain""],""validity"":[""Y""]}"	.cache/ncbi/v2_1/efetch_45a5e49e2e7d932eb0583eea59f97e8c82ea5ce0447f75ff8ca54f1efae61e77.xml	https://www.ncbi.nlm.nih.gov/biosample/SAMD00537713	ok	
9a5a419bbd06149334ec; 9178845df4785e770bd3	NCPPB 1935	ncppb_number	expected_genus:Xanthomonas; exact_full_identifier	NCPPB; NCPPB 1935	28580523	SAMEA14107389	Xanthomonas campestris pv. nigromaculans	487879	Xanthomonas campestris pv. nigromaculans NCPPB 1935	NCPPB 1935		BCCM/LMG:787; NCPPB:1935; ICMP:80; ATCC:23390		NCPPB 1935		BioSample: SAMEA14107389; SRA: ERS11710466			1959		"{""ENA first public"":[""2022-05-21""],""ENA last update"":[""2022-05-21""],""ENA-CHECKLIST"":[""ERC000011""],""External Id"":[""SAMEA14107389""],""INSDC center alias"":[""Zurich University of Applied Sciences (ZHAW), School of Life Sciences and Facility Management, Institute of Natural Resource Sciences""],""INSDC center name"":[""Zurich University of Applied Sciences (ZHAW), School of Life Sciences and Facility Management, Institute of Natural Resource Sciences""],""INSDC first public"":[""2022-05-21T00:14:59Z""],""INSDC last update"":[""2022-05-21T00:14:59Z""],""INSDC status"":[""public""],""Submitter Id"":[""NCPPB 1935""],""collected by"":[""N. Okabe""],""collection date"":[""1959""],""culture collection"":[""BCCM/LMG:787"",""NCPPB:1935"",""ICMP:80"",""ATCC:23390""],""geographic location (country and/or sea)"":[""Japan""],""pathovar"":[""nigromaculans""],""sample name"":[""NCPPB 1935""],""strain"":[""NCPPB 1935""]}"	.cache/ncbi/v2_1/efetch_45a5e49e2e7d932eb0583eea59f97e8c82ea5ce0447f75ff8ca54f1efae61e77.xml	https://www.ncbi.nlm.nih.gov/biosample/SAMEA14107389	ok	
9a5a419bbd06149334ec; 08caa403a6715b7c3fe4	NCPPB 940	ncppb_number	expected_genus:Xanthomonas; exact_full_identifier	NCPPB; NCPPB 940	15671177	SAMEA6962652	Xanthomonas hortorum pv. taraxaci	487905	Xanthomonas hortorum pv. taraxaci NCPPB 940	NCPPB 940		ICMP:579; NCPPB:940; BCCM/LMG:870; ATCC:19138; CFBP:410		NCPPB 940		BioSample: SAMEA6962652; SRA: ERS4672514	Taraxacum kok-saghyz		1942		"{""ENA first public"":[""2020-07-28""],""ENA-CHECKLIST"":[""ERC000011""],""ENA-LAST-UPDATE"":[""2022-06-28""],""External Id"":[""SAMEA6962652""],""INSDC center alias"":[""Zurich University of Applied Sciences (ZHAW), School of Life Sciences and Facility Management, Institute of Natural Resource Sciences""],""INSDC center name"":[""Zurich University of Applied Sciences (ZHAW), School of Life Sciences and Facility Management, Institute of Natural Resource Sciences""],""INSDC first public"":[""2020-07-28T17:04:56Z""],""INSDC last update"":[""2022-06-28T14:09:49Z""],""INSDC status"":[""public""],""Submitter Id"":[""NCPPB 940""],""collected by"":[""J. Niederhauser""],""collection date"":[""1942""],""culture collection"":[""ICMP:579"",""NCPPB:940"",""BCCM/LMG:870"",""ATCC:19138"",""CFBP:410""],""geographic location (country and/or sea)"":[""USA""],""geographic location (region and locality)"":[""New York, Ithaca""],""host scientific name"":[""Taraxacum kok-saghyz""],""pathovar"":[""taraxaci""],""sample name"":[""NCPPB 940""],""strain"":[""NCPPB 940""]}"	.cache/ncbi/v2_1/efetch_5436aa06399483d326b3bb35b35449299ae8390c479f935bb1cdc706a2106a2a.xml	https://www.ncbi.nlm.nih.gov/biosample/SAMEA6962652	ok	
9a5a419bbd06149334ec; 8335396176ff20dca5c0	NCPPB 2985	ncppb_number	expected_genus:Xanthomonas; exact_full_identifier	NCPPB; NCPPB 2985	15671174	SAMEA6962649	Xanthomonas hortorum pv. pelargonii	453602	Xanthomonas hortorum pv. pelargonii CFBP 2533	CFBP 2533	Kemp 41	BCCM/LMG:7314; NCPPB:2985; ICMP:4321; CFBP:2533		CFBP 2533		BioSample: SAMEA6962649; SRA: ERS4672511	Pelargonium peltatum		1974		"{""ENA first public"":[""2020-07-28""],""ENA-CHECKLIST"":[""ERC000011""],""ENA-LAST-UPDATE"":[""2022-06-28""],""External Id"":[""SAMEA6962649""],""INSDC center alias"":[""Zurich University of Applied Sciences (ZHAW), School of Life Sciences and Facility Management, Institute of Natural Resource Sciences""],""INSDC center name"":[""Zurich University of Applied Sciences (ZHAW), School of Life Sciences and Facility Management, Institute of Natural Resource Sciences""],""INSDC first public"":[""2020-07-28T17:04:56Z""],""INSDC last update"":[""2022-06-28T14:07:53Z""],""INSDC status"":[""public""],""Submitter Id"":[""CFBP 2533""],""collected by"":[""W.J. Kamp""],""collection date"":[""1974""],""culture collection"":[""BCCM/LMG:7314"",""NCPPB:2985"",""ICMP:4321"",""CFBP:2533""],""geographic location (country and/or sea)"":[""New Zealand""],""host scientific name"":[""Pelargonium peltatum""],""isolate"":[""Kemp 41""],""pathovar"":[""pelargonii""],""sample name"":[""CFBP 2533""],""strain"":[""CFBP 2533""],""type_material"":[""pathotype strain of Xanthomonas hortorum pv. pelargonii""]}"	.cache/ncbi/v2_1/efetch_5436aa06399483d326b3bb35b35449299ae8390c479f935bb1cdc706a2106a2a.xml	https://www.ncbi.nlm.nih.gov/biosample/SAMEA6962649	ok	
9a5a419bbd06149334ec; a0d783a94497aa1e9739	NCPPB 1469	ncppb_number	expected_genus:Xanthomonas; exact_full_identifier	NCPPB; NCPPB 1469	7162776	SAMEA104068692	Xanthomonas fragariae	48664	Xanthomonas fragariae PD885	PD885		NCPPB:1469; ICMP:5715; VKM:B-2165; BCCM/LMG:708; CFBP:2157; ATCC:33239; DSM:3587		PD8851		BioSample: SAMEA104068692; SRA: ERS1732585					"{""ENA first public"":[""2017-05-23""],""ENA-CHECKLIST"":[""ERC000011""],""ENA-LAST-UPDATE"":[""2022-06-28""],""External Id"":[""SAMEA104068692""],""INSDC center alias"":[""JLU""],""INSDC center name"":[""Justus Liebig Universitat""],""INSDC first public"":[""2017-05-23T17:01:33Z""],""INSDC last update"":[""2022-06-28T13:57:58Z""],""INSDC status"":[""public""],""Submitter Id"":[""PD8851""],""culture_collection"":[""NCPPB:1469"",""ICMP:5715"",""VKM:B-2165"",""BCCM/LMG:708"",""CFBP:2157"",""ATCC:33239"",""DSM:3587""],""sample name"":[""PD8851""],""strain"":[""PD885""],""type_material"":[""type strain of Xanthomonas fragariae""]}"	.cache/ncbi/v2_1/efetch_3f582a594609bb470f3151d75429d96009724f647e7971ebfba655eb732c664f.xml	https://www.ncbi.nlm.nih.gov/biosample/SAMEA104068692	ok	
9a5a419bbd06149334ec; 2e9c315ba24e93e25806	NCPPB 585	ncppb_number	expected_genus:Xanthomonas; exact_full_identifier	NCPPB; NCPPB 585	19988994	SAMN19988994	Xanthomonas campestris pv. trichodesmae	487895	Microbe sample from Xanthomonas campestris pv. trichodesmae	NCPPB 585		NCPPB:585				BioSample: SAMN19988994; NCPPB585; SRA: SRS9645976	Trichodesma zeylanicum	India	not collected		"{""collected_by"":[""M.K. Patel""],""collection_date"":[""not collected""],""culture_collection"":[""NCPPB:585""],""geo_loc_name"":[""India""],""host"":[""Trichodesma zeylanicum""],""pathovar"":[""trichodesmae""],""sample_type"":[""cell culture""],""strain"":[""NCPPB 585""]}"	.cache/ncbi/v2_1/efetch_37d8944caa924bec9d37b885aef8093954bac3495e037f63b1aeb634992f5a21.xml	https://www.ncbi.nlm.nih.gov/biosample/SAMN19988994	ok	
9a5a419bbd06149334ec; a291d1265944efd19d01	NCPPB 3114	ncppb_number	expected_genus:Xanthomonas; exact_full_identifier	NCPPB; NCPPB 3114	19988993	SAMN19988993	Xanthomonas campestris pv. merremiae	487877	Microbe sample from Xanthomonas campestris pv. merremiae	NCPPB 3114		NCPPB:3114				BioSample: SAMN19988993; NCPPB3114; SRA: SRS9645985	Merremia gangetica	India	not collected		"{""collected_by"":[""N.M. Pant""],""collection_date"":[""not collected""],""culture_collection"":[""NCPPB:3114""],""geo_loc_name"":[""India""],""host"":[""Merremia gangetica""],""pathovar"":[""merremiae""],""sample_type"":[""cell culture""],""strain"":[""NCPPB 3114""]}"	.cache/ncbi/v2_1/efetch_37d8944caa924bec9d37b885aef8093954bac3495e037f63b1aeb634992f5a21.xml	https://www.ncbi.nlm.nih.gov/biosample/SAMN19988993	ok	
9a5a419bbd06149334ec; 6b30fd211dd7356cb421	NCPPB 586	ncppb_number	expected_genus:Xanthomonas; exact_full_identifier	NCPPB; NCPPB 586	19988992	SAMN19988992	Xanthomonas campestris pv. uppalii	487896	Microbe sample from Xanthomonas campestris pv. uppalii	NCPPB 586		NCPPB:586				BioSample: SAMN19988992; NCPPB586; SRA: SRS9645973	Ipomoea muricata	India	not collected		"{""collected_by"":[""M.K. Patel""],""collection_date"":[""not collected""],""culture_collection"":[""NCPPB:586""],""geo_loc_name"":[""India""],""host"":[""Ipomoea muricata""],""pathovar"":[""uppalii""],""sample_type"":[""cell culture""],""strain"":[""NCPPB 586""]}"	.cache/ncbi/v2_1/efetch_37d8944caa924bec9d37b885aef8093954bac3495e037f63b1aeb634992f5a21.xml	https://www.ncbi.nlm.nih.gov/biosample/SAMN19988992	ok	
9a5a419bbd06149334ec; ac55685234678502a3b1	NCPPB 579	ncppb_number	expected_genus:Xanthomonas; exact_full_identifier	NCPPB; NCPPB 579	19988991	SAMN19988991	Xanthomonas campestris pv. lawsoniae	487873	Microbe sample from Xanthomonas campestris pv. lawsoniae	NCPPB 579		NCPPB:579				BioSample: SAMN19988991; NCPPB579; SRA: SRS9645986	Lawsonia inermis	India	not collected		"{""collected_by"":[""M.K. Patel""],""collection_date"":[""not collected""],""culture_collection"":[""NCPPB:579""],""geo_loc_name"":[""India""],""host"":[""Lawsonia inermis""],""pathovar"":[""lawsoniae""],""sample_type"":[""cell culture""],""strain"":[""NCPPB 579""]}"	.cache/ncbi/v2_1/efetch_37d8944caa924bec9d37b885aef8093954bac3495e037f63b1aeb634992f5a21.xml	https://www.ncbi.nlm.nih.gov/biosample/SAMN19988991	ok	
9a5a419bbd06149334ec; 20a5e0a55e5ad616b710	NCPPB 575	ncppb_number	expected_genus:Xanthomonas; exact_full_identifier	NCPPB; NCPPB 575	19988990	SAMN19988990	Xanthomonas campestris pv. clerodendri	487859	Microbe sample from Xanthomonas campestris pv. clerodendri	NCPPB 575		NCPPB:575				BioSample: SAMN19988990; NCPPB575; SRA: SRS9645988	Clerodendrum sp.	India	not collected		"{""collected_by"":[""M.K. Patel""],""collection_date"":[""not collected""],""culture_collection"":[""NCPPB:575""],""geo_loc_name"":[""India""],""host"":[""Clerodendrum sp.""],""pathovar"":[""clerodendri""],""sample_type"":[""cell culture""],""strain"":[""NCPPB 575""]}"	.cache/ncbi/v2_1/efetch_37d8944caa924bec9d37b885aef8093954bac3495e037f63b1aeb634992f5a21.xml	https://www.ncbi.nlm.nih.gov/biosample/SAMN19988990	ok	
9a5a419bbd06149334ec; 04787cd71eaf58051897	NCPPB 464	ncppb_number	expected_genus:Xanthomonas; exact_full_identifier	NCPPB; NCPPB 464	19988989	SAMN19988989	Xanthomonas campestris pv. olitorii	487880	Microbe sample from Xanthomonas campestris pv. olitorii	NCPPB 464		NCPPB:464				BioSample: SAMN19988989; NCPPB464; SRA: SRS9645965	Corchorus olitorius	Sudan	not collected		"{""collected_by"":[""K.A. Sabet""],""collection_date"":[""not collected""],""culture_collection"":[""NCPPB:464""],""geo_loc_name"":[""Sudan""],""host"":[""Corchorus olitorius""],""pathovar"":[""olitorii""],""sample_type"":[""cell culture""],""strain"":[""NCPPB 464""]}"	.cache/ncbi/v2_1/efetch_37d8944caa924bec9d37b885aef8093954bac3495e037f63b1aeb634992f5a21.xml	https://www.ncbi.nlm.nih.gov/biosample/SAMN19988989	ok	
9a5a419bbd06149334ec; fa1601887708eb609b8c	NCPPB 4352	ncppb_number	expected_genus:Xanthomonas; exact_full_identifier	NCPPB; NCPPB 4352	19988988	SAMN19988988	Xanthomonas campestris pv. zingibericola	487903	Microbe sample from Xanthomonas campestris pv. zingibericola	NCPPB 4352		NCPPB:4352				BioSample: SAMN19988988; NCPPB4352; SRA: SRS9645987	Ginger	China	not collected		"{""collected_by"":[""X.Z. Ren""],""collection_date"":[""not collected""],""culture_collection"":[""NCPPB:4352""],""geo_loc_name"":[""China""],""host"":[""Ginger""],""pathovar"":[""zingibericola""],""sample_type"":[""cell culture""],""strain"":[""NCPPB 4352""]}"	.cache/ncbi/v2_1/efetch_37d8944caa924bec9d37b885aef8093954bac3495e037f63b1aeb634992f5a21.xml	https://www.ncbi.nlm.nih.gov/biosample/SAMN19988988	ok	
9a5a419bbd06149334ec; 111297a024696273d495	NCPPB 4351	ncppb_number	expected_genus:Xanthomonas; exact_full_identifier	NCPPB; NCPPB 4351	19988987	SAMN19988987	Xanthomonas campestris pv. viegasii	487898	Microbe sample from Xanthomonas campestris pv. viegasii	NCPPB 4351		NCPPB:4351				BioSample: SAMN19988987; NCPPB4351; SRA: SRS9645990	Pachystachys lutea	Brazil	not collected		"{""collected_by"":[""J.R.Neto""],""collection_date"":[""not collected""],""culture_collection"":[""NCPPB:4351""],""geo_loc_name"":[""Brazil""],""host"":[""Pachystachys lutea""],""pathovar"":[""viegasii""],""sample_type"":[""cell culture""],""strain"":[""NCPPB 4351""]}"	.cache/ncbi/v2_1/efetch_37d8944caa924bec9d37b885aef8093954bac3495e037f63b1aeb634992f5a21.xml	https://www.ncbi.nlm.nih.gov/biosample/SAMN19988987	ok	
9a5a419bbd06149334ec; 1d3cc6f0dc3c6f1e33df	NCPPB 4349	ncppb_number	expected_genus:Xanthomonas; exact_full_identifier	NCPPB; NCPPB 4349	19988986	SAMN19988986	Xanthomonas campestris pv. pennamericanum	487885	Microbe sample from Xanthomonas campestris pv. pennamericanum	NCPPB 4349		NCPPB:4349				BioSample: SAMN19988986; NCPPB4349; SRA: SRS9645984	Cenchrus americanus	Nigeria	not collected		"{""collected_by"":[""L.E.Claflin""],""collection_date"":[""not collected""],""culture_collection"":[""NCPPB:4349""],""geo_loc_name"":[""Nigeria""],""host"":[""Cenchrus americanus""],""pathovar"":[""pennamericanum""],""sample_type"":[""cell culture""],""strain"":[""NCPPB 4349""]}"	.cache/ncbi/v2_1/efetch_37d8944caa924bec9d37b885aef8093954bac3495e037f63b1aeb634992f5a21.xml	https://www.ncbi.nlm.nih.gov/biosample/SAMN19988986	ok	
9a5a419bbd06149334ec; e31567b5bb80a1d59583	NCPPB 4348	ncppb_number	expected_genus:Xanthomonas; exact_full_identifier	NCPPB; NCPPB 4348	19988985	SAMN19988985	Xanthomonas campestris pv. mirabilis	487878	Microbe sample from Xanthomonas campestris pv. mirabilis	NCPPB 4348		NCPPB:4348				BioSample: SAMN19988985; NCPPB4348; SRA: SRS9645972	Mirabilis jalapa	India	not collected		"{""collected_by"":[""Durgapal. J.C.""],""collection_date"":[""not collected""],""culture_collection"":[""NCPPB:4348""],""geo_loc_name"":[""India""],""host"":[""Mirabilis jalapa""],""pathovar"":[""mirabilis""],""sample_type"":[""cell culture""],""strain"":[""NCPPB 4348""]}"	.cache/ncbi/v2_1/efetch_37d8944caa924bec9d37b885aef8093954bac3495e037f63b1aeb634992f5a21.xml	https://www.ncbi.nlm.nih.gov/biosample/SAMN19988985	ok	
9a5a419bbd06149334ec; d78b7274a8a628bebbf3	NCPPB 3759	ncppb_number	expected_genus:Xanthomonas; exact_full_identifier	NCPPB; NCPPB 3759	19988984	SAMN19988984	Xanthomonas campestris pv. obscurae	2854747	Microbe sample from Xanthomonas campestris pv. obscurae	NCPPB 3759		NCPPB:3759				BioSample: SAMN19988984; NCPPB3759; SRA: SRS9645974	Ipomea obscura	India	not collected		"{""collected_by"":[""R. Chand""],""collection_date"":[""not collected""],""culture_collection"":[""NCPPB:3759""],""geo_loc_name"":[""India""],""host"":[""Ipomea obscura""],""pathovar"":[""obscurae""],""sample_type"":[""cell culture""],""strain"":[""NCPPB 3759""],""type_material"":[""pathotype strain of Xanthomonas campestris pv. obscurae""]}"	.cache/ncbi/v2_1/efetch_37d8944caa924bec9d37b885aef8093954bac3495e037f63b1aeb634992f5a21.xml	https://www.ncbi.nlm.nih.gov/biosample/SAMN19988984	ok	
9a5a419bbd06149334ec; 501db1ac9163c05e4edb	NCPPB 3079	ncppb_number	expected_genus:Xanthomonas; exact_full_identifier	NCPPB; NCPPB 3079	19988983	SAMN19988983	Xanthomonas campestris pv. paulliniae	487884	Microbe sample from Xanthomonas campestris pv. paulliniae	NCPPB 3079		NCPPB:3079				BioSample: SAMN19988983; NCPPB3079; SRA: SRS9645971	Paullinia cupana	Brazil	not collected		"{""collected_by"":[""C.F. Robbs""],""collection_date"":[""not collected""],""culture_collection"":[""NCPPB:3079""],""geo_loc_name"":[""Brazil""],""host"":[""Paullinia cupana""],""pathovar"":[""paulliniae""],""sample_type"":[""cell culture""],""strain"":[""NCPPB 3079""]}"	.cache/ncbi/v2_1/efetch_37d8944caa924bec9d37b885aef8093954bac3495e037f63b1aeb634992f5a21.xml	https://www.ncbi.nlm.nih.gov/biosample/SAMN19988983	ok	
9a5a419bbd06149334ec; c1cbefa3c6a06277b3fe	NCPPB 2932	ncppb_number	expected_genus:Xanthomonas; exact_full_identifier	NCPPB; NCPPB 2932	19988982	SAMN19988982	Xanthomonas campestris pv. daturae	487861	Microbe sample from Xanthomonas campestris pv. daturae	NCPPB 2932		NCPPB:2932				BioSample: SAMN19988982; NCPPB2932; SRA: SRS9645969	Datura metel	India	not collected		"{""collected_by"":[""B.S. Siradhana""],""collection_date"":[""not collected""],""culture_collection"":[""NCPPB:2932""],""geo_loc_name"":[""India""],""host"":[""Datura metel""],""pathovar"":[""daturae""],""sample_type"":[""cell culture""],""strain"":[""NCPPB 2932""]}"	.cache/ncbi/v2_1/efetch_37d8944caa924bec9d37b885aef8093954bac3495e037f63b1aeb634992f5a21.xml	https://www.ncbi.nlm.nih.gov/biosample/SAMN19988982	ok	
9a5a419bbd06149334ec; cd1bd406d203d193af27	NCPPB 2498	ncppb_number	expected_genus:Xanthomonas; exact_full_identifier	NCPPB; NCPPB 2498	19988981	SAMN19988981	Xanthomonas campestris pv. convolvuli	487860	Microbe sample from Xanthomonas campestris pv. convolvuli	NCPPB 2498		NCPPB:2498				BioSample: SAMN19988981; NCPPB2498; SRA: SRS9645989	Convolvulus arvensis	India	not collected		"{""collected_by"":[""J.F. Bradbury""],""collection_date"":[""not collected""],""culture_collection"":[""NCPPB:2498""],""geo_loc_name"":[""India""],""host"":[""Convolvulus arvensis""],""pathovar"":[""convolvuli""],""sample_type"":[""cell culture""],""strain"":[""NCPPB 2498""]}"	.cache/ncbi/v2_1/efetch_37d8944caa924bec9d37b885aef8093954bac3495e037f63b1aeb634992f5a21.xml	https://www.ncbi.nlm.nih.gov/biosample/SAMN19988981	ok	
9a5a419bbd06149334ec; 02a145c6b000f8dc7ec4	NCPPB 2373	ncppb_number	expected_genus:Xanthomonas; exact_full_identifier	NCPPB; NCPPB 2373	19988980	SAMN19988980	Xanthomonas campestris pv. carissae	487857	Microbe sample from Xanthomonas campestris pv. carissae	NCPPB 2373		NCPPB:2373				BioSample: SAMN19988980; NCPPB2373; SRA: SRS9645968	Carissa carandas	India	not collected		"{""collected_by"":[""J.K. Jindal""],""collection_date"":[""not collected""],""culture_collection"":[""NCPPB:2373""],""geo_loc_name"":[""India""],""host"":[""Carissa carandas""],""pathovar"":[""carissae""],""sample_type"":[""cell culture""],""strain"":[""NCPPB 2373""]}"	.cache/ncbi/v2_1/efetch_37d8944caa924bec9d37b885aef8093954bac3495e037f63b1aeb634992f5a21.xml	https://www.ncbi.nlm.nih.gov/biosample/SAMN19988980	ok	
9a5a419bbd06149334ec; a8786b069a8d4c19f07b	NCPPB 2372	ncppb_number	expected_genus:Xanthomonas; exact_full_identifier	NCPPB; NCPPB 2372	19988979	SAMN19988979	Xanthomonas campestris pv. fici	487866	Microbe sample from Xanthomonas campestris pv. fici	NCPPB 2372		NCPPB:2372				BioSample: SAMN19988979; NCPPB2372; SRA: SRS9645982	Ficus religiosa	India	not collected		"{""collected_by"":[""J.K. Jindal""],""collection_date"":[""not collected""],""culture_collection"":[""NCPPB:2372""],""geo_loc_name"":[""India""],""host"":[""Ficus religiosa""],""pathovar"":[""fici""],""sample_type"":[""cell culture""],""strain"":[""NCPPB 2372""]}"	.cache/ncbi/v2_1/efetch_37d8944caa924bec9d37b885aef8093954bac3495e037f63b1aeb634992f5a21.xml	https://www.ncbi.nlm.nih.gov/biosample/SAMN19988979	ok	
9a5a419bbd06149334ec; 952bd690e7114a79d9ae	NCPPB 2057	ncppb_number	expected_genus:Xanthomonas; exact_full_identifier	NCPPB; NCPPB 2057	19988978	SAMN19988978	Xanthomonas campestris pv. heliotropii	487869	Microbe sample from Xanthomonas campestris pv. heliotropii	NCPPB 2057		NCPPB:2057				BioSample: SAMN19988978; NCPPB2057; SRA: SRS9645981	Heliotropium sp.	Sudan	not collected		"{""collection_date"":[""not collected""],""culture_collection"":[""NCPPB:2057""],""geo_loc_name"":[""Sudan""],""host"":[""Heliotropium sp.""],""pathovar"":[""heliotropii""],""sample_type"":[""cell culture""],""strain"":[""NCPPB 2057""]}"	.cache/ncbi/v2_1/efetch_37d8944caa924bec9d37b885aef8093954bac3495e037f63b1aeb634992f5a21.xml	https://www.ncbi.nlm.nih.gov/biosample/SAMN19988978	ok	
9a5a419bbd06149334ec; 81358a535edd1d953124	NCPPB 1828	ncppb_number	expected_genus:Xanthomonas; exact_full_identifier	NCPPB; NCPPB 1828	19988977	SAMN19988977	Xanthomonas campestris pv. euphorbiae	487865	Microbe sample from Xanthomonas campestris pv. euphorbiae	NCPPB 1828		NCPPB:1828				BioSample: SAMN19988977; NCPPB1828; SRA: SRS9645980	Euphorbia acalyphoides	Sudan	not collected		"{""collection_date"":[""not collected""],""culture_collection"":[""NCPPB:1828""],""geo_loc_name"":[""Sudan""],""host"":[""Euphorbia acalyphoides""],""pathovar"":[""euphorbiae""],""sample_type"":[""cell culture""],""strain"":[""NCPPB 1828""]}"	.cache/ncbi/v2_1/efetch_37d8944caa924bec9d37b885aef8093954bac3495e037f63b1aeb634992f5a21.xml	https://www.ncbi.nlm.nih.gov/biosample/SAMN19988977	ok	
9a5a419bbd06149334ec; 4772118ea4ed967d67ac	NCPPB 1787	ncppb_number	expected_genus:Xanthomonas; exact_full_identifier	NCPPB; NCPPB 1787	19988976	SAMN19988976	Xanthomonas campestris pv. veroniae	487897	Microbe sample from Xanthomonas campestris pv. veroniae	NCPPB 1787		NCPPB:1787				BioSample: SAMN19988976; NCPPB1787; SRA: SRS9645967	Cyanthillium cinereum	India	not collected		"{""collected_by"":[""M.K.Patel""],""collection_date"":[""not collected""],""culture_collection"":[""NCPPB:1787""],""geo_loc_name"":[""India""],""host"":[""Cyanthillium cinereum""],""pathovar"":[""veroniae""],""sample_type"":[""cell culture""],""strain"":[""NCPPB 1787""]}"	.cache/ncbi/v2_1/efetch_37d8944caa924bec9d37b885aef8093954bac3495e037f63b1aeb634992f5a21.xml	https://www.ncbi.nlm.nih.gov/biosample/SAMN19988976	ok	
9a5a419bbd06149334ec; cfcdf79ea3fc744c0822	NCPPB 1760	ncppb_number	expected_genus:Xanthomonas; exact_full_identifier	NCPPB; NCPPB 1760	19988975	SAMN19988975	Xanthomonas campestris pv. spermacoces	487890	Microbe sample from Xanthomonas campestris pv. spermacoces	NCPPB 1760		NCPPB:1760				BioSample: SAMN19988975; NCPPB1760; SRA: SRS9645979	Spermacoce hispida	India	not collected		"{""collection_date"":[""not collected""],""culture_collection"":[""NCPPB:1760""],""geo_loc_name"":[""India""],""host"":[""Spermacoce hispida""],""pathovar"":[""spermacoces""],""sample_type"":[""cell culture""],""strain"":[""NCPPB 1760""]}"	.cache/ncbi/v2_1/efetch_37d8944caa924bec9d37b885aef8093954bac3495e037f63b1aeb634992f5a21.xml	https://www.ncbi.nlm.nih.gov/biosample/SAMN19988975	ok	
9a5a419bbd06149334ec; ac1290a8e4b6efe35ca8	NCPPB 1758	ncppb_number	expected_genus:Xanthomonas; exact_full_identifier	NCPPB; NCPPB 1758	19988974	SAMN19988974	Xanthomonas campestris pv. coriandri	279089	Microbe sample from Xanthomonas campestris pv. coriandri	NCPPB 1758		NCPPB:1758				BioSample: SAMN19988974; NCPPB1758; SRA: SRS9645970	Coriandrum sativum	India	not collected		"{""collection_date"":[""not collected""],""culture_collection"":[""NCPPB:1758""],""geo_loc_name"":[""India""],""host"":[""Coriandrum sativum""],""pathovar"":[""coriandri""],""sample_type"":[""cell culture""],""strain"":[""NCPPB 1758""]}"	.cache/ncbi/v2_1/efetch_37d8944caa924bec9d37b885aef8093954bac3495e037f63b1aeb634992f5a21.xml	https://www.ncbi.nlm.nih.gov/biosample/SAMN19988974	ok	
9a5a419bbd06149334ec; cbfb12d3d681476eda96	NCPPB 1757	ncppb_number	expected_genus:Xanthomonas; exact_full_identifier	NCPPB; NCPPB 1757	19988973	SAMN19988973	Xanthomonas campestris pv. blepharidis	487855	Microbe sample from Xanthomonas campestris pv. blepharidis	NCPPB 1757		NCPPB:1757				BioSample: SAMN19988973; NCPPB1757; SRA: SRS9645977	Blepharis sp.	India	not collected		"{""collection_date"":[""not collected""],""culture_collection"":[""NCPPB:1757""],""geo_loc_name"":[""India""],""host"":[""Blepharis sp.""],""pathovar"":[""blepharidis""],""sample_type"":[""cell culture""],""strain"":[""NCPPB 1757""]}"	.cache/ncbi/v2_1/efetch_37d8944caa924bec9d37b885aef8093954bac3495e037f63b1aeb634992f5a21.xml	https://www.ncbi.nlm.nih.gov/biosample/SAMN19988973	ok	
9a5a419bbd06149334ec; d7e685e30e6d6ccda7f1	NCPPB 1756	ncppb_number	expected_genus:Xanthomonas; exact_full_identifier	NCPPB; NCPPB 1756	19988972	SAMN19988972	Xanthomonas euvesicatoria pv. physalidis	487887	Microbe sample from Xanthomonas euvesicatoria pv. physalidis	NCPPB 1756		NCPPB:1756				BioSample: SAMN19988972; NCPPB1756; SRA: SRS9645983	Physalis minima	India	not collected		"{""collection_date"":[""not collected""],""culture_collection"":[""NCPPB:1756""],""geo_loc_name"":[""India""],""host"":[""Physalis minima""],""pathovar"":[""physalidis""],""sample_type"":[""cell culture""],""strain"":[""NCPPB 1756""],""type_material"":[""pathotype strain of Xanthomonas euvesicatoria pv. physalidis""]}"	.cache/ncbi/v2_1/efetch_37d8944caa924bec9d37b885aef8093954bac3495e037f63b1aeb634992f5a21.xml	https://www.ncbi.nlm.nih.gov/biosample/SAMN19988972	ok	
9a5a419bbd06149334ec; 5f26858cf094fb17202a	NCPPB 1334	ncppb_number	expected_genus:Xanthomonas; exact_full_identifier	NCPPB; NCPPB 1334	19988970	SAMN19988970	Xanthomonas campestris pv. ionidii	487870	Microbe sample from Xanthomonas campestris pv. ionidii	NCPPB 1334		NCPPB:1334				BioSample: SAMN19988970; NCPPB1334; SRA: SRS9645978	Ionidium sp.	India	not collected		"{""collected_by"":[""A.C. Padhya""],""collection_date"":[""not collected""],""culture_collection"":[""NCPPB:1334""],""geo_loc_name"":[""India""],""host"":[""Ionidium sp.""],""pathovar"":[""ionidii""],""sample_type"":[""cell culture""],""strain"":[""NCPPB 1334""]}"	.cache/ncbi/v2_1/efetch_37d8944caa924bec9d37b885aef8093954bac3495e037f63b1aeb634992f5a21.xml	https://www.ncbi.nlm.nih.gov/biosample/SAMN19988970	ok	
9a5a419bbd06149334ec; 11c63502fba58e8872b3	NCPPB 1128	ncppb_number	expected_genus:Xanthomonas; exact_full_identifier	NCPPB; NCPPB 1128	3777426	SAMN03777426	Xanthomonas sp. NCPPB 1128	1775876	Microbe sample from Xanthomonas sp. NCPPB 1128	NCPPB 1128		NCPPB:1128				BioSample: SAMN03777426; NCPPB1128; SRA: SRS986225		Jamaica	1961	Phaseolus vulgaris	"{""collected_by"":[""A.C. Hayward""],""collection_date"":[""1961""],""culture_collection"":[""NCPPB:1128""],""geo_loc_name"":[""Jamaica""],""isolation_source"":[""Phaseolus vulgaris""],""pathovar"":[""phaseoli""],""sample_type"":[""Cell culture""],""strain"":[""NCPPB 1128""]}"	.cache/ncbi/v2_1/efetch_1d87dd683a4b2a45cb6cf73549ea1a6c05b4fa06096e52901c1da51e76c76b7b.xml	https://www.ncbi.nlm.nih.gov/biosample/SAMN03777426	ok	
9a5a419bbd06149334ec; af839f0b0a3afbda1c58	NCPPB 1132	ncppb_number	expected_genus:Xanthomonas; exact_full_identifier	NCPPB; NCPPB 1132	752560	SAMN00752560	Xanthomonas sp. NCPPB 1132	487528	Xanthomonas species NCPPB1132	NCPPB 1132						BioSample: SAMN00752560; The University of East Anglia: NCPPB1132; SRA: SRS270177					"{""strain"":[""NCPPB 1132""]}"	.cache/ncbi/v2_1/efetch_9a6b3525df161b5bebe32f3baffc9f81c75f0978908c4b9416c7b69b38741858.xml	https://www.ncbi.nlm.nih.gov/biosample/SAMN00752560	ok	
9a5a419bbd06149334ec; a71b53c642f54a3bcebf	NCPPB 1131	ncppb_number	expected_genus:Xanthomonas; exact_full_identifier	NCPPB; NCPPB 1131	752559	SAMN00752559	Xanthomonas sp. NCPPB 1131	487527	Xanthomonas species NCPPB1131	NCPPB 1131						BioSample: SAMN00752559; The University of East Anglia: NCPPB1131; SRA: SRS270176					"{""strain"":[""NCPPB 1131""]}"	.cache/ncbi/v2_1/efetch_9a6b3525df161b5bebe32f3baffc9f81c75f0978908c4b9416c7b69b38741858.xml	https://www.ncbi.nlm.nih.gov/biosample/SAMN00752559	ok	
9a5a419bbd06149334ec; 98ef89c2877f62274054	NCPPB 702	ncppb_number	expected_genus:Xanthomonas; exact_full_identifier	NCPPB; NCPPB 702	2876	SAMN00002876	Xanthomonas vasicola pv. vasculorum NCPPB 702	559736	Generic sample from Xanthomonas vasicola pv. vasculorum	NCPPB 702		NCPPB:702				BioSample: SAMN00002876; The Sainsbury Laboratory: XVV702_SAMPLE; SRA: SRS004486					"{""culture-collection"":[""NCPPB:702""],""pathovar"":[""vasculorum""],""strain"":[""NCPPB 702""]}"	.cache/ncbi/v2_1/efetch_9a6b3525df161b5bebe32f3baffc9f81c75f0978908c4b9416c7b69b38741858.xml	https://www.ncbi.nlm.nih.gov/biosample/SAMN00002876	ok	
9a5a419bbd06149334ec; 2a7ebd0f8a26ddb86409	NCPPB 935	ncppb_number	expected_genus:Xanthomonas; exact_full_identifier	NCPPB; NCPPB 935	21223412	SAMEA7984667	Xanthomonas arboricola pv. corylina	487821	Xanthomonas arboricola pv. corylina CFBP 1159	CFBP 1159		BCCM/LMG:689; NCPPB:935; ICMP:5726; DSM:60239; ATCC:19313; CFBP:1159		CFBP 1159		BioSample: SAMEA7984667; SRA: ERS5671950	Corylus maxima		1939	leaf spots	"{""ENA first public"":[""2021-08-23""],""ENA last update"":[""2021-08-23""],""ENA-CHECKLIST"":[""ERC000011""],""External Id"":[""SAMEA7984667""],""INSDC center alias"":[""Zurich University of Applied Sciences (ZHAW), School of Life Sciences and Facility Management, Institute of Natural Resource Sciences""],""INSDC center name"":[""Zurich University of Applied Sciences (ZHAW), School of Life Sciences and Facility Management, Institute of Natural Resource Sciences""],""INSDC first public"":[""2021-08-23T12:14:52Z""],""INSDC last update"":[""2021-08-23T12:14:52Z""],""INSDC status"":[""public""],""Submitter Id"":[""CFBP 1159""],""collected by"":[""P.W. Miller""],""collection date"":[""1939""],""culture collection"":[""BCCM/LMG:689"",""NCPPB:935"",""ICMP:5726"",""DSM:60239"",""ATCC:19313"",""CFBP:1159""],""geographic location (country and/or sea)"":[""USA""],""geographic location (region and locality)"":[""Oregon""],""host health state"":[""diseased""],""host scientific name"":[""Corylus maxima""],""isolation source"":[""leaf spots""],""pathovar"":[""corylina""],""sample name"":[""CFBP 1159""],""strain"":[""CFBP 1159""]}"	.cache/ncbi/v2_1/efetch_37d8944caa924bec9d37b885aef8093954bac3495e037f63b1aeb634992f5a21.xml	https://www.ncbi.nlm.nih.gov/biosample/SAMEA7984667	ok	
9a5a419bbd06149334ec	NCPPB 3607	ncppb_number	expected_genus:Xanthomonas	NCPPB	3154120	SAMEA2827559	Xanthomonas citri pv. citri	611301	Xanthomonas citri pv. citri strain NCPPB 3607	NCPPB 3607				14		BioSample: SAMEA2827559; SRA: ERS571107	C. aurantifolia		1988	C. aurantifolia	"{""ENA first public"":[""2014-10-30""],""ENA last update"":[""2016-10-21""],""ENA-CHECKLIST"":[""ERC000028""],""External Id"":[""SAMEA2827559""],""INSDC center alias"":[""CIRAD""],""INSDC center name"":[""CIRAD""],""INSDC first public"":[""2014-10-30T17:01:28Z""],""INSDC last update"":[""2016-10-21T09:44:57Z""],""INSDC status"":[""public""],""Submitter Id"":[""14""],""collection date"":[""1988""],""geographic location (country and/or sea)"":[""India""],""host scientific name"":[""C. aurantifolia""],""isolation source"":[""C. aurantifolia""],""pathovar"":[""citri""],""sample name"":[""14""],""serovar"":[""A*""],""strain"":[""NCPPB 3607""]}"	.cache/ncbi/v2_1/efetch_1d87dd683a4b2a45cb6cf73549ea1a6c05b4fa06096e52901c1da51e76c76b7b.xml	https://www.ncbi.nlm.nih.gov/biosample/SAMEA2827559	ok	
9a5a419bbd06149334ec	NCPPB 3612	ncppb_number	expected_genus:Xanthomonas	NCPPB	3154118	SAMEA2827237	Xanthomonas citri pv. citri	611301	Xanthomonas citri pv. citri strain NCPPB 3612	NCPPB 3612				12		BioSample: SAMEA2827237; SRA: ERS571013	C. aurantifolia		1988	C. aurantifolia	"{""ENA first public"":[""2014-10-30""],""ENA last update"":[""2016-10-21""],""ENA-CHECKLIST"":[""ERC000028""],""External Id"":[""SAMEA2827237""],""INSDC center alias"":[""CIRAD""],""INSDC center name"":[""CIRAD""],""INSDC first public"":[""2014-10-30T17:01:28Z""],""INSDC last update"":[""2016-10-21T09:44:57Z""],""INSDC status"":[""public""],""Submitter Id"":[""12""],""collection date"":[""1988""],""geographic location (country and/or sea)"":[""India""],""host scientific name"":[""C. aurantifolia""],""isolation source"":[""C. aurantifolia""],""pathovar"":[""citri""],""sample name"":[""12""],""serovar"":[""A""],""strain"":[""NCPPB 3612""]}"	.cache/ncbi/v2_1/efetch_1d87dd683a4b2a45cb6cf73549ea1a6c05b4fa06096e52901c1da51e76c76b7b.xml	https://www.ncbi.nlm.nih.gov/biosample/SAMEA2827237	ok	
9a5a419bbd06149334ec	NCPPB 3615	ncppb_number	expected_genus:Xanthomonas	NCPPB	3154110	SAMEA2827229	Xanthomonas citri pv. citri	611301	Xanthomonas citri pv. citri strain NCPPB 3615	NCPPB 3615				3b		BioSample: SAMEA2827229; SRA: ERS571005	C. aurantifolia		1989	C. aurantifolia	"{""ENA first public"":[""2014-10-30""],""ENA last update"":[""2016-10-21""],""ENA-CHECKLIST"":[""ERC000028""],""External Id"":[""SAMEA2827229""],""INSDC center alias"":[""CIRAD""],""INSDC center name"":[""CIRAD""],""INSDC first public"":[""2014-10-30T17:01:28Z""],""INSDC last update"":[""2016-10-21T09:44:56Z""],""INSDC status"":[""public""],""Submitter Id"":[""3b""],""collection date"":[""1989""],""geographic location (country and/or sea)"":[""India""],""host scientific name"":[""C. aurantifolia""],""isolation source"":[""C. aurantifolia""],""pathovar"":[""citri""],""sample name"":[""3b""],""serovar"":[""A*""],""strain"":[""NCPPB 3615""]}"	.cache/ncbi/v2_1/efetch_1d87dd683a4b2a45cb6cf73549ea1a6c05b4fa06096e52901c1da51e76c76b7b.xml	https://www.ncbi.nlm.nih.gov/biosample/SAMEA2827229	ok	
9a5a419bbd06149334ec	NCPPB 3615	ncppb_number	expected_genus:Xanthomonas	NCPPB	3154108	SAMEA2827227	Xanthomonas citri pv. citri	611301	Xanthomonas citri pv. citri strain NCPPB 3615	NCPPB 3615				3		BioSample: SAMEA2827227; SRA: ERS571003	C. aurantifolia		1989	C. aurantifolia	"{""ENA first public"":[""2014-10-30""],""ENA last update"":[""2016-10-21""],""ENA-CHECKLIST"":[""ERC000028""],""External Id"":[""SAMEA2827227""],""INSDC center alias"":[""CIRAD""],""INSDC center name"":[""CIRAD""],""INSDC first public"":[""2014-10-30T17:01:28Z""],""INSDC last update"":[""2016-10-21T09:44:55Z""],""INSDC status"":[""public""],""Submitter Id"":[""3""],""collection date"":[""1989""],""geographic location (country and/or sea)"":[""India""],""host scientific name"":[""C. aurantifolia""],""isolation source"":[""C. aurantifolia""],""pathovar"":[""citri""],""sample name"":[""3""],""serovar"":[""A*""],""strain"":[""NCPPB 3615""]}"	.cache/ncbi/v2_1/efetch_1d87dd683a4b2a45cb6cf73549ea1a6c05b4fa06096e52901c1da51e76c76b7b.xml	https://www.ncbi.nlm.nih.gov/biosample/SAMEA2827227	ok	
9a5a419bbd06149334ec; 2853c4bdc99577a289cb	NCPPB 1336	ncppb_number	expected_genus:Xanthomonas; exact_full_identifier	NCPPB; NCPPB 1336	19988971	SAMN19988971	Xanthomonas euvesicatoria pv. alangii	487845	Microbe sample from Xanthomonas euvesicatoria pv. alangii	NCPPB 1336		NCPPB:1336				BioSample: SAMN19988971; NCPPB1336; SRA: SRS9645975	Alangium sp.	India	not collected		"{""collected_by"":[""A.C. Padhya""],""collection_date"":[""not collected""],""culture_collection"":[""NCPPB:1336""],""geo_loc_name"":[""India""],""host"":[""Alangium sp.""],""pathovar"":[""alangii""],""sample_type"":[""cell culture""],""strain"":[""NCPPB 1336""],""type_material"":[""pathotype strain of Xanthomonas euvesicatoria pv. alangii""]}"	.cache/ncbi/v2_1/efetch_37d8944caa924bec9d37b885aef8093954bac3495e037f63b1aeb634992f5a21.xml	https://www.ncbi.nlm.nih.gov/biosample/SAMN19988971	ok	
9a5a419bbd06149334ec; 39e9c1c06a1b6a89ca6e	NCPPB 1833	ncppb_number	expected_genus:Xanthomonas; exact_full_identifier	NCPPB; NCPPB 1833	18440024	SAMN18440024	Xanthomonas phaseoli pv. dieffenbachiae	92828	Xanth_NCPPB1833	NCPPB 1833						BioSample: SAMN18440024; NCPPB1833	Anthurium	Brazil	1965	missing	"{""collection_date"":[""1965""],""geo_loc_name"":[""Brazil""],""host"":[""Anthurium""],""isolation_source"":[""missing""],""pathovar"":[""dieffenbachiae""],""sample_type"":[""cell culture""],""strain"":[""NCPPB 1833""],""type-material"":[""pathotype strain of Xanthomonas phaseoli pv. dieffenbachiae""]}"	.cache/ncbi/v2_1/efetch_cbe376b0c133682caa7daeaad578e491957f7de946720278e1c8d38e13a3b4b6.xml	https://www.ncbi.nlm.nih.gov/biosample/SAMN18440024	ok	
9a5a419bbd06149334ec; e3091cb25148195fea64	NCPPB 3753	ncppb_number	expected_genus:Xanthomonas; exact_full_identifier	NCPPB; NCPPB 3753	3164132	SAMN03164132	Xanthomonas cannabis pv. cannabis	1885894	Xanthomonas campestris pv. cannabis str. NCPPB 3753	NCPPB 3753		NCPPB:3753				BioSample: SAMN03164132; Xcannabis_NCPPB3753; SRA: SRS1768448	Cannabis sativa	Japan: Tochigi	1982-08	leaf	"{""Tax ID"":[""1885894""],""collected_by"":[""Y. Takikawa""],""collection_date"":[""1982-08""],""culture_collection"":[""NCPPB:3753""],""geo_loc_name"":[""Japan: Tochigi""],""host"":[""Cannabis sativa""],""isolation_source"":[""leaf""],""pathovar"":[""cannabis""],""sample_type"":[""missing""],""strain"":[""NCPPB 3753""]}"	.cache/ncbi/v2_1/efetch_1d87dd683a4b2a45cb6cf73549ea1a6c05b4fa06096e52901c1da51e76c76b7b.xml	https://www.ncbi.nlm.nih.gov/biosample/SAMN03164132	ok	
9a5a419bbd06149334ec; 4cfb0a4417ba38715771	NCPPB 226	ncppb_number	expected_genus:Xanthomonas; exact_full_identifier	NCPPB; NCPPB 226	13783184	SAMN13783184	Xanthomonas citri pv. citri	611301	Microbe sample from Xanthomonas citri pv. citri	NCPPB_226						BioSample: SAMN13783184; NCPPB_226; SRA: SRS6252265	Citrus sp.	New Zealand	1949	Citrus leaf	"{""collection_date"":[""1949""],""geo_loc_name"":[""New Zealand""],""host"":[""Citrus sp.""],""isolation_source"":[""Citrus leaf""],""pathovar"":[""citri""],""sample_type"":[""pure culture""],""strain"":[""NCPPB_226""]}"	.cache/ncbi/v2_1/efetch_5436aa06399483d326b3bb35b35449299ae8390c479f935bb1cdc706a2106a2a.xml	https://www.ncbi.nlm.nih.gov/biosample/SAMN13783184	ok	
9a5a419bbd06149334ec; 4d792925580bce4d422a	NCPPB 211	ncppb_number	expected_genus:Xanthomonas; exact_full_identifier	NCPPB; NCPPB 211	13783128	SAMN13783128	Xanthomonas citri pv. citri	611301	Microbe sample from Xanthomonas citri pv. citri	NCPPB_211						BioSample: SAMN13783128; NCPPB_211; SRA: SRS6252264	Citrus sp.	India	1948	Citrus leaf	"{""collection_date"":[""1948""],""geo_loc_name"":[""India""],""host"":[""Citrus sp.""],""isolation_source"":[""Citrus leaf""],""pathovar"":[""citri""],""sample_type"":[""pure culture""],""strain"":[""NCPPB_211""]}"	.cache/ncbi/v2_1/efetch_5436aa06399483d326b3bb35b35449299ae8390c479f935bb1cdc706a2106a2a.xml	https://www.ncbi.nlm.nih.gov/biosample/SAMN13783128	ok	
9a5a419bbd06149334ec	NCPPB 4356	ncppb_number	expected_genus:Xanthomonas	NCPPB	9704276	SAMN09704276	Xanthomonas hortorum pv. cynarae	2754057	Microbe sample from Xanthomonas hortorum pv. cynarae	NCPPB 4356			NCPPB: 4356			BioSample: SAMN09704276; NCPPB 4356; SRA: SRS3615066	Cynara cardunculus var. scolymus	France	1996	missing	"{""biomaterial_provider"":[""NCPPB: 4356""],""collected_by"":[""Tanguy J.L.""],""collection_date"":[""1996""],""geo_loc_name"":[""France""],""host"":[""Cynara cardunculus var. scolymus""],""isolation_source"":[""missing""],""pathovar"":[""cynarae""],""sample_type"":[""missing""],""strain"":[""NCPPB 4356""]}"	.cache/ncbi/v2_1/efetch_00f24fdff8e637d10976460b8101e1e572fb7d22cd0bf10df0471841ca0c84a4.xml	https://www.ncbi.nlm.nih.gov/biosample/SAMN09704276	ok	
9a5a419bbd06149334ec; 548ca45fd890fa34511e	NCPPB 4392	ncppb_number	expected_genus:Xanthomonas; exact_full_identifier	NCPPB; NCPPB 4392	991254	SAMN00991254	Xanthomonas vasicola pv. musacearum	454958	Xanthomonas campestris pv. musacearum NCPPB 4392							BioSample: SAMN00991254; The University of East Anglia: Xcm NCPPB4392; SRA: SRS331874					"{""pathovar"":[""musacearum""]}"	.cache/ncbi/v2_1/efetch_9a6b3525df161b5bebe32f3baffc9f81c75f0978908c4b9416c7b69b38741858.xml	https://www.ncbi.nlm.nih.gov/biosample/SAMN00991254	ok	
9a5a419bbd06149334ec	NCPPB 4434	ncppb_number	expected_genus:Xanthomonas	NCPPB	991253	SAMN00991253	Xanthomonas vasicola pv. musacearum	454958	Xanthomonas campestris pv. musacearum NCPPB 4434							BioSample: SAMN00991253; University of Exeter: Xcm NCPPB 4434; SRA: SRS326308					"{""pathovar"":[""musacearum""]}"	.cache/ncbi/v2_1/efetch_9a6b3525df161b5bebe32f3baffc9f81c75f0978908c4b9416c7b69b38741858.xml	https://www.ncbi.nlm.nih.gov/biosample/SAMN00991253	ok	
9a5a419bbd06149334ec	NCPPB 4433	ncppb_number	expected_genus:Xanthomonas	NCPPB	991252	SAMN00991252	Xanthomonas vasicola pv. musacearum	454958	Xcm NCPPB 4433							BioSample: SAMN00991252; University of Exeter: Xcm NCPPB 4433; SRA: SRS326307					"{""pathovar"":[""musacearum""]}"	.cache/ncbi/v2_1/efetch_9a6b3525df161b5bebe32f3baffc9f81c75f0978908c4b9416c7b69b38741858.xml	https://www.ncbi.nlm.nih.gov/biosample/SAMN00991252	ok	
9a5a419bbd06149334ec	NCPPB 4389	ncppb_number	expected_genus:Xanthomonas	NCPPB	991251	SAMN00991251	Xanthomonas vasicola pv. musacearum	454958	Xcm NCPPB 4389							BioSample: SAMN00991251; University of Exeter: Xcm NCPPB 4389; SRA: SRS326306					"{""pathovar"":[""musacearum""]}"	.cache/ncbi/v2_1/efetch_9a6b3525df161b5bebe32f3baffc9f81c75f0978908c4b9416c7b69b38741858.xml	https://www.ncbi.nlm.nih.gov/biosample/SAMN00991251	ok	
9a5a419bbd06149334ec	NCPPB 4387	ncppb_number	expected_genus:Xanthomonas	NCPPB	991250	SAMN00991250	Xanthomonas vasicola pv. musacearum	454958	Xcm NCPPB 4387							BioSample: SAMN00991250; University of Exeter: Xcm NCPPB 4387; SRA: SRS326305					"{""pathovar"":[""musacearum""]}"	.cache/ncbi/v2_1/efetch_9a6b3525df161b5bebe32f3baffc9f81c75f0978908c4b9416c7b69b38741858.xml	https://www.ncbi.nlm.nih.gov/biosample/SAMN00991250	ok	
9a5a419bbd06149334ec	NCPPB 4383	ncppb_number	expected_genus:Xanthomonas	NCPPB	991249	SAMN00991249	Xanthomonas vasicola pv. musacearum	454958	Xanthomonas campestris pv. musacearum NCPPB 4383 draft genome sequence							BioSample: SAMN00991249; University of Exeter: Xcm NCPPB 4383; SRA: SRS326304					"{""pathovar"":[""musacearum""]}"	.cache/ncbi/v2_1/efetch_9a6b3525df161b5bebe32f3baffc9f81c75f0978908c4b9416c7b69b38741858.xml	https://www.ncbi.nlm.nih.gov/biosample/SAMN00991249	ok	
9a5a419bbd06149334ec	NCPPB 4395	ncppb_number	expected_genus:Xanthomonas	NCPPB	991246	SAMN00991246	Xanthomonas vasicola pv. musacearum	454958	Xcm NCPPB 4395							BioSample: SAMN00991246; The University of East Anglia: Xcm NCPPB 4395; SRA: SRS312432					"{""pathovar"":[""musacearum""]}"	.cache/ncbi/v2_1/efetch_9a6b3525df161b5bebe32f3baffc9f81c75f0978908c4b9416c7b69b38741858.xml	https://www.ncbi.nlm.nih.gov/biosample/SAMN00991246	ok	
9a5a419bbd06149334ec; 72183c57bdf766e20307	NCPPB 633	ncppb_number	expected_genus:Xanthomonas; exact_full_identifier	NCPPB; NCPPB 633	8729580	SAMN08729580	Xanthomonas citri pv. malvacearum	86040	Microbe sample from Xanthomonas citri pv. malvacearum	WHRI 5232		NCPPB:633				BioSample: SAMN08729580; NCPPB_633; SRA: SRS3626153	Gossypium sp.	Sudan	1959		"{""collection_date"":[""1959""],""culture_collection"":[""NCPPB:633""],""geo_loc_name"":[""Sudan""],""host"":[""Gossypium sp.""],""pathovar"":[""malvacearum""],""sample_type"":[""Cell culture""],""strain"":[""WHRI 5232""],""type-material"":[""pathotype strain of Xanthomonas citri pv. malvacearum""]}"	.cache/ncbi/v2_1/efetch_f7100daa816e4896d362060a32920fa7a17f8abd47e04a2fa9fddcf4d3daeab9.xml	https://www.ncbi.nlm.nih.gov/biosample/SAMN08729580	ok	
9a5a419bbd06149334ec; 9bd073fb43d2ba418ea4	NCPPB 1585	ncppb_number	expected_genus:Xanthomonas; exact_full_identifier	NCPPB; NCPPB 1585	8729510	SAMN08729510	Xanthomonas oryzae pv. oryzicola	129394	Microbe sample from Xanthomonas oryzae pv. oryzicola	WHRI 5234		NCPPB:1585				BioSample: SAMN08729510; NCPPB_1585; SRA: SRS3627047	Oryza sativa	Malaysia	1964		"{""collection_date"":[""1964""],""culture_collection"":[""NCPPB:1585""],""geo_loc_name"":[""Malaysia""],""host"":[""Oryza sativa""],""pathovar"":[""oryzicola""],""sample_type"":[""Cell culture""],""strain"":[""WHRI 5234""],""type-material"":[""pathotype strain of Xanthomonas oryzae pv. oryzicola""]}"	.cache/ncbi/v2_1/efetch_f7100daa816e4896d362060a32920fa7a17f8abd47e04a2fa9fddcf4d3daeab9.xml	https://www.ncbi.nlm.nih.gov/biosample/SAMN08729510	ok	
9a5a419bbd06149334ec; d05524206a910a974acb	NCPPB 1713	ncppb_number	expected_genus:Xanthomonas; exact_full_identifier	NCPPB; NCPPB 1713	3257621	SAMN03257621	Xanthomonas phaseoli pv. phaseoli	317013	Microbe sample from Xanthomonas phaseoli pv. phaseoli	NCPPB 1713		NCPPB:1713				BioSample: SAMN03257621; NCPPB 1713; SRA: SRS953210	Lablab purpureus	Zimbabwe	1962		"{""collection_date"":[""1962""],""culture_collection"":[""NCPPB:1713""],""geo_loc_name"":[""Zimbabwe""],""host"":[""Lablab purpureus""],""pathovar"":[""phaseoli""],""sample_type"":[""Bacterial culture""],""strain"":[""NCPPB 1713""]}"	.cache/ncbi/v2_1/efetch_1d87dd683a4b2a45cb6cf73549ea1a6c05b4fa06096e52901c1da51e76c76b7b.xml	https://www.ncbi.nlm.nih.gov/biosample/SAMN03257621	ok	
9a5a419bbd06149334ec	NCPPB 556	ncppb_number	expected_genus:Xanthomonas	NCPPB	3203484	SAMN03203484	Xanthomonas phaseoli pv. phaseoli	317013	Microbe sample from Xanthomonas phaseoli pv. phaseoli	NCPPB 556						BioSample: SAMN03203484; NCPPB 556; SRA: SRS953207	Lablab purpureus	Sudan	1957	missing	"{""collected_by"":[""K.A. Sabet""],""collection_date"":[""1957""],""geo_loc_name"":[""Sudan""],""host"":[""Lablab purpureus""],""isolation_source"":[""missing""],""pathovar"":[""phaseoli""],""sample_type"":[""Bacterial culture""],""strain"":[""NCPPB 556""]}"	.cache/ncbi/v2_1/efetch_1d87dd683a4b2a45cb6cf73549ea1a6c05b4fa06096e52901c1da51e76c76b7b.xml	https://www.ncbi.nlm.nih.gov/biosample/SAMN03203484	ok	
9a5a419bbd06149334ec; 943e5fab617c58154195	NCPPB 3035	ncppb_number	expected_genus:Xanthomonas; exact_full_identifier	NCPPB; NCPPB 3035	3142817	SAMN03142817	Xanthomonas phaseoli pv. phaseoli	317013	Microbe sample from Xanthomonas phaseoli pv. phaseoli	NCPPB 3035		NCPPB:3035				BioSample: SAMN03142817; NCPPB 3035; SRA: SRS954510	Phaseolus vulgaris	USA	1978	missing	"{""collection_date"":[""1978""],""culture-collection"":[""NCPPB:3035""],""geo_loc_name"":[""USA""],""host"":[""Phaseolus vulgaris""],""isolation_source"":[""missing""],""pathovar"":[""phaseoli""],""sample_type"":[""missing""],""strain"":[""NCPPB 3035""],""type-material"":[""pathotype strain of Xanthomonas phaseoli pv. phaseoli""]}"	.cache/ncbi/v2_1/efetch_1d87dd683a4b2a45cb6cf73549ea1a6c05b4fa06096e52901c1da51e76c76b7b.xml	https://www.ncbi.nlm.nih.gov/biosample/SAMN03142817	ok	
9a5a419bbd06149334ec; 066c1561480c242a8f50	NCPPB 2064	ncppb_number	expected_genus:Xanthomonas; exact_full_identifier	NCPPB; NCPPB 2064	3142816	SAMN03142816	Xanthomonas phaseoli pv. phaseoli	317013	Microbe sample from Xanthomonas phaseoli pv. phaseoli	NCPPB 2064		NCPPB:2064				BioSample: SAMN03142816; NCPPB2064; SRA: SRS953209	Lablab purpureus	Sudan	1965	missing	"{""collected_by"":[""K.A. Sabet""],""collection_date"":[""1965""],""culture-collection"":[""NCPPB:2064""],""geo_loc_name"":[""Sudan""],""host"":[""Lablab purpureus""],""isolation_source"":[""missing""],""pathovar"":[""phaseoli""],""sample_type"":[""missing""],""strain"":[""NCPPB 2064""]}"	.cache/ncbi/v2_1/efetch_1d87dd683a4b2a45cb6cf73549ea1a6c05b4fa06096e52901c1da51e76c76b7b.xml	https://www.ncbi.nlm.nih.gov/biosample/SAMN03142816	ok	
9a5a419bbd06149334ec; 2607bc2bb96c353a9998	NCPPB 2417	ncppb_number	expected_genus:Xanthomonas; exact_full_identifier	NCPPB; NCPPB 2417	3140148	SAMN03140148	Xanthomonas vasicola	56459	Microbe sample from Xanthomonas vasicola	NCPPB 2417						BioSample: SAMN03140148; NCPPB2417	Sorghum bicolor	New Zealand	1969	missing	"{""collection_date"":[""1969""],""geo_loc_name"":[""New Zealand""],""host"":[""Sorghum bicolor""],""isolation_source"":[""missing""],""sample_type"":[""missing""],""strain"":[""NCPPB 2417""],""type-material"":[""type strain of Xanthomonas vasicola""]}"	.cache/ncbi/v2_1/efetch_1d87dd683a4b2a45cb6cf73549ea1a6c05b4fa06096e52901c1da51e76c76b7b.xml	https://www.ncbi.nlm.nih.gov/biosample/SAMN03140148	ok	
9a5a419bbd06149334ec; 00fb7d198a3ba6d2fc6e	NCPPB 1241	ncppb_number	expected_genus:Xanthomonas; exact_full_identifier	NCPPB; NCPPB 1241	3140147	SAMN03140147	Xanthomonas vasicola	56459	Microbe sample from Xanthomonas vasicola	NCPPB 1241						BioSample: SAMN03140147; NCPPB1241	Sorghum bicolor	Australia	1962	missing	"{""collection_date"":[""1962""],""geo_loc_name"":[""Australia""],""host"":[""Sorghum bicolor""],""isolation_source"":[""missing""],""sample_type"":[""missing""],""strain"":[""NCPPB 1241""]}"	.cache/ncbi/v2_1/efetch_1d87dd683a4b2a45cb6cf73549ea1a6c05b4fa06096e52901c1da51e76c76b7b.xml	https://www.ncbi.nlm.nih.gov/biosample/SAMN03140147	ok	
9a5a419bbd06149334ec; 11d89a956429c9c55c30	NCPPB 1060	ncppb_number	expected_genus:Xanthomonas; exact_full_identifier	NCPPB; NCPPB 1060	3140122	SAMN03140122	Xanthomonas vasicola	56459	Microbe sample from Xanthomonas vasicola	NCPPB 1060						BioSample: SAMN03140122; NCPPB1060	Sorghum bicolor	Ethiopia	1961	missing	"{""collection_date"":[""1961""],""geo_loc_name"":[""Ethiopia""],""host"":[""Sorghum bicolor""],""isolation_source"":[""missing""],""sample_type"":[""missing""],""strain"":[""NCPPB 1060""]}"	.cache/ncbi/v2_1/efetch_735d8f8ccf46cf9f5e2f29e314c8634be72cb116fa0e8a003a1726550bbc0b46.xml	https://www.ncbi.nlm.nih.gov/biosample/SAMN03140122	ok	
9a5a419bbd06149334ec; df1321ab5ce1c7f90744	NCPPB 4346	ncppb_number	expected_genus:Xanthomonas; exact_full_identifier	NCPPB; NCPPB 4346	10956069	SAMN10956069	Xanthomonas oryzae	347	Xanthomonas oryzae pv. leersiae strain NCPPB4346	NCPPB 4346	NA	NCPPB:4346				BioSample: SAMN10956069; Xol_NCPPB4346; SRA: SRS4398334	Leersia hexandra	China	1980	Rice fields	"{""collection_date"":[""1980""],""culture_collection"":[""NCPPB:4346""],""geo_loc_name"":[""China""],""host"":[""Leersia hexandra""],""isolate"":[""NA""],""isolation_source"":[""Rice fields""],""sample_type"":[""Leaf tissue""],""strain"":[""NCPPB 4346""]}"	.cache/ncbi/v2_1/efetch_00f24fdff8e637d10976460b8101e1e572fb7d22cd0bf10df0471841ca0c84a4.xml	https://www.ncbi.nlm.nih.gov/biosample/SAMN10956069	ok	
9a5a419bbd06149334ec	NCPPB 3563	ncppb_number	expected_genus:Xanthomonas	NCPPB	6853998	SAMN06853998	Xanthomonas citri pv. punicae	487838	Microbe sample from Xanthomonas axonopodis pv. punicae	NCPPB 3563						BioSample: SAMN06853998; Xanthomonas axonopodis pv. punicae	Punica granatum	India	1986		"{""collection_date"":[""1986""],""geo_loc_name"":[""India""],""host"":[""Punica granatum""],""pathovar"":[""punicae""],""sample_type"":[""whole organism""],""strain"":[""NCPPB 3563""]}"	.cache/ncbi/v2_1/efetch_3f582a594609bb470f3151d75429d96009724f647e7971ebfba655eb732c664f.xml	https://www.ncbi.nlm.nih.gov/biosample/SAMN06853998	ok	
9a5a419bbd06149334ec; 610f706cb027d5d1e8ad	NCPPB 1138	ncppb_number	expected_genus:Xanthomonas; exact_full_identifier	NCPPB; NCPPB 1138	3262510	SAMN03262510	Xanthomonas phaseoli pv. phaseoli	317013	Microbe sample from Xanthomonas phaseoli pv. phaseoli	NCPPB 1138		NCPPB:1138				BioSample: SAMN03262510; NCPPB 1138; SRA: SRS956625	Phaseolus vulgaris	Zambia	1961		"{""collection_date"":[""1961""],""culture_collection"":[""NCPPB:1138""],""geo_loc_name"":[""Zambia""],""host"":[""Phaseolus vulgaris""],""pathovar"":[""phaseoli""],""sample_type"":[""Bacterial culture""],""strain"":[""NCPPB 1138""]}"	.cache/ncbi/v2_1/efetch_1d87dd683a4b2a45cb6cf73549ea1a6c05b4fa06096e52901c1da51e76c76b7b.xml	https://www.ncbi.nlm.nih.gov/biosample/SAMN03262510	ok	
9a5a419bbd06149334ec; a3220ab617e392b148ca	NCPPB 220	ncppb_number	expected_genus:Xanthomonas; exact_full_identifier	NCPPB; NCPPB 220	3262509	SAMN03262509	Xanthomonas phaseoli pv. phaseoli	317013	Microbe sample from Xanthomonas phaseoli pv. phaseoli	NCPPB 220		NCPPB:220				BioSample: SAMN03262509; NCPPB 220; SRA: SRS954511	Phaseolus vulgaris	USA	unknown		"{""collection_date"":[""unknown""],""culture_collection"":[""NCPPB:220""],""geo_loc_name"":[""USA""],""host"":[""Phaseolus vulgaris""],""pathovar"":[""phaseoli""],""sample_type"":[""Bacterial culture""],""strain"":[""NCPPB 220""]}"	.cache/ncbi/v2_1/efetch_1d87dd683a4b2a45cb6cf73549ea1a6c05b4fa06096e52901c1da51e76c76b7b.xml	https://www.ncbi.nlm.nih.gov/biosample/SAMN03262509	ok	
9a5a419bbd06149334ec; 4b46fbf21e32013cc52c	NCPPB 1680	ncppb_number	expected_genus:Xanthomonas; exact_full_identifier	NCPPB; NCPPB 1680	3257737	SAMN03257737	Xanthomonas phaseoli pv. phaseoli	317013	Microbe sample from Xanthomonas phaseoli pv. phaseoli	NCPPB 1680		NCPPB:1680				BioSample: SAMN03257737; NCPPB 1680; SRA: SRS954508	Phaseolus vulgaris	Tanzania	1964		"{""collection_date"":[""1964""],""culture_collection"":[""NCPPB:1680""],""geo_loc_name"":[""Tanzania""],""host"":[""Phaseolus vulgaris""],""pathovar"":[""phaseoli""],""sample_type"":[""Bacterial culture""],""strain"":[""NCPPB 1680""]}"	.cache/ncbi/v2_1/efetch_1d87dd683a4b2a45cb6cf73549ea1a6c05b4fa06096e52901c1da51e76c76b7b.xml	https://www.ncbi.nlm.nih.gov/biosample/SAMN03257737	ok	
9a5a419bbd06149334ec; 085e34f48c0fbe3779e8	NCPPB 1811	ncppb_number	expected_genus:Xanthomonas; exact_full_identifier	NCPPB; NCPPB 1811	3257682	SAMN03257682	Xanthomonas phaseoli pv. phaseoli	317013	Microbe sample from Xanthomonas phaseoli pv. phaseoli	NCPPB 1811		NCPPB:1811				BioSample: SAMN03257682; NCPPB 1811; SRA: SRS954507	Phaseolus vulgaris	Romania	1966		"{""collection_date"":[""1966""],""culture_collection"":[""NCPPB:1811""],""geo_loc_name"":[""Romania""],""host"":[""Phaseolus vulgaris""],""pathovar"":[""phaseoli""],""sample_type"":[""Bacterial culture""],""strain"":[""NCPPB 1811""]}"	.cache/ncbi/v2_1/efetch_1d87dd683a4b2a45cb6cf73549ea1a6c05b4fa06096e52901c1da51e76c76b7b.xml	https://www.ncbi.nlm.nih.gov/biosample/SAMN03257682	ok	
9a5a419bbd06149334ec; ba06ca2ace152775e00f	NCPPB 557	ncppb_number	expected_genus:Xanthomonas; exact_full_identifier	NCPPB; NCPPB 557	3257620	SAMN03257620	Xanthomonas phaseoli pv. phaseoli	317013	Microbe sample from Xanthomonas phaseoli pv. phaseoli	NCPPB 557		NCPPB:557				BioSample: SAMN03257620; NCPPB 557; SRA: SRS953208	Phaseolus vulgaris	Sudan	1957		"{""collection_date"":[""1957""],""culture_collection"":[""NCPPB:557""],""geo_loc_name"":[""Sudan""],""host"":[""Phaseolus vulgaris""],""pathovar"":[""phaseoli""],""sample_type"":[""Bacterial culture""],""strain"":[""NCPPB 557""]}"	.cache/ncbi/v2_1/efetch_1d87dd683a4b2a45cb6cf73549ea1a6c05b4fa06096e52901c1da51e76c76b7b.xml	https://www.ncbi.nlm.nih.gov/biosample/SAMN03257620	ok	
9a5a419bbd06149334ec	NCPPB 1420	ncppb_number	expected_genus:Xanthomonas	NCPPB	3175025	SAMN03175025	Xanthomonas phaseoli pv. phaseoli	317013	Microbe sample from Xanthomonas phaseoli pv. phaseoli	NCPPB 1420						BioSample: SAMN03175025; NCPPB 1420; SRA: SRS954506	Phaseolus vulgaris	Hungary	1956	missing	"{""collected_by"":[""Z. Klement""],""collection_date"":[""1956""],""geo_loc_name"":[""Hungary""],""host"":[""Phaseolus vulgaris""],""isolation_source"":[""missing""],""pathovar"":[""phaseoli""],""sample_type"":[""Bacterial culture""],""strain"":[""NCPPB 1420""]}"	.cache/ncbi/v2_1/efetch_1d87dd683a4b2a45cb6cf73549ea1a6c05b4fa06096e52901c1da51e76c76b7b.xml	https://www.ncbi.nlm.nih.gov/biosample/SAMN03175025	ok	
9a5a419bbd06149334ec	NCPPB 301	ncppb_number	expected_genus:Xanthomonas	NCPPB	3175018	SAMN03175018	Xanthomonas phaseoli pv. phaseoli	317013	Microbe sample from Xanthomonas phaseoli pv. phaseoli	NCPPB 301						BioSample: SAMN03175018; NCPPB 301; SRA: SRS954505	Phaseolus vulgaris	Canada	1951	missing	"{""collection_date"":[""1951""],""geo_loc_name"":[""Canada""],""host"":[""Phaseolus vulgaris""],""isolation_source"":[""missing""],""pathovar"":[""phaseoli""],""sample_type"":[""Bacterial culture""],""strain"":[""NCPPB 301""]}"	.cache/ncbi/v2_1/efetch_1d87dd683a4b2a45cb6cf73549ea1a6c05b4fa06096e52901c1da51e76c76b7b.xml	https://www.ncbi.nlm.nih.gov/biosample/SAMN03175018	ok	
9a5a419bbd06149334ec	NCPPB 646	ncppb_number	expected_genus:Xanthomonas	NCPPB	3175008	SAMN03175008	Xanthomonas phaseoli pv. phaseoli	317013	Microbe sample from Xanthomonas phaseoli pv. phaseoli	NCPPB 1646						BioSample: SAMN03175008; NCPPB 646; SRA: SRS954504	Phaseolus vulgaris	Australia	1964	missing	"{""collection_date"":[""1964""],""geo_loc_name"":[""Australia""],""host"":[""Phaseolus vulgaris""],""isolation_source"":[""missing""],""pathovar"":[""phaseoli""],""sample_type"":[""Bacterial culture""],""strain"":[""NCPPB 1646""]}"	.cache/ncbi/v2_1/efetch_1d87dd683a4b2a45cb6cf73549ea1a6c05b4fa06096e52901c1da51e76c76b7b.xml	https://www.ncbi.nlm.nih.gov/biosample/SAMN03175008	ok	
9a5a419bbd06149334ec	NCPPB 1646	ncppb_number	expected_genus:Xanthomonas	NCPPB	3175008	SAMN03175008	Xanthomonas phaseoli pv. phaseoli	317013	Microbe sample from Xanthomonas phaseoli pv. phaseoli	NCPPB 1646						BioSample: SAMN03175008; NCPPB 646; SRA: SRS954504	Phaseolus vulgaris	Australia	1964	missing	"{""collection_date"":[""1964""],""geo_loc_name"":[""Australia""],""host"":[""Phaseolus vulgaris""],""isolation_source"":[""missing""],""pathovar"":[""phaseoli""],""sample_type"":[""Bacterial culture""],""strain"":[""NCPPB 1646""]}"	.cache/ncbi/v2_1/efetch_1d87dd683a4b2a45cb6cf73549ea1a6c05b4fa06096e52901c1da51e76c76b7b.xml	https://www.ncbi.nlm.nih.gov/biosample/SAMN03175008	ok	
9a5a419bbd06149334ec; 18640f050f4d752e7ce8	NCPPB 1495	ncppb_number	expected_genus:Xanthomonas; exact_full_identifier	NCPPB; NCPPB 1495	3142808	SAMN03142808	Xanthomonas phaseoli pv. phaseoli	317013	Microbe sample from Xanthomonas phaseoli pv. phaseoli	NCPPB 1495		NCPPB:1495				BioSample: SAMN03142808; NCPPB 1495; SRA: SRS954103	Phaseolus vulgaris	United Kingdom	1963	missing	"{""collected_by"":[""G.E. Jones""],""collection_date"":[""1963""],""culture-collection"":[""NCPPB:1495""],""geo_loc_name"":[""United Kingdom""],""host"":[""Phaseolus vulgaris""],""isolation_source"":[""missing""],""pathovar"":[""phaseoli""],""sample_type"":[""missing""],""strain"":[""NCPPB 1495""]}"	.cache/ncbi/v2_1/efetch_1d87dd683a4b2a45cb6cf73549ea1a6c05b4fa06096e52901c1da51e76c76b7b.xml	https://www.ncbi.nlm.nih.gov/biosample/SAMN03142808	ok	
9a5a419bbd06149334ec; 3cc8567d2a6cd3338174	NCPPB 1158	ncppb_number	expected_genus:Xanthomonas; exact_full_identifier	NCPPB; NCPPB 1158	3142401	SAMN03142401	Xanthomonas phaseoli pv. phaseoli	317013	Microbe sample from Xanthomonas phaseoli pv. phaseoli	NCPPB 1158						BioSample: SAMN03142401; NCPPB1158; SRA: SRS954101	Phaseolus vulgaris	United Kingdom	1961	missing	"{""collected_by"":[""D.C. Graham""],""collection_date"":[""1961""],""geo_loc_name"":[""United Kingdom""],""host"":[""Phaseolus vulgaris""],""isolation_source"":[""missing""],""pathovar"":[""phaseoli""],""sample_type"":[""missing""],""strain"":[""NCPPB 1158""]}"	.cache/ncbi/v2_1/efetch_1d87dd683a4b2a45cb6cf73549ea1a6c05b4fa06096e52901c1da51e76c76b7b.xml	https://www.ncbi.nlm.nih.gov/biosample/SAMN03142401	ok	
9a5a419bbd06149334ec; 67d78d89f53f123f465c	NCPPB 1326	ncppb_number	expected_genus:Xanthomonas; exact_full_identifier	NCPPB; NCPPB 1326	2471728	SAMN02471728	Xanthomonas vasicola pv. vasculorum NCPPB 1326	1094174	Sample from Xanthomonas vasicola pv. vasculorum NCPPB 1326	NCPPB 1326		NCPPB:1326				BioSample: SAMN02471728; AKBK	sugarcane				"{""culture-collection"":[""NCPPB:1326""],""host"":[""sugarcane""],""pathovar"":[""vasculorum""],""strain"":[""NCPPB 1326""]}"	.cache/ncbi/v2_1/efetch_735d8f8ccf46cf9f5e2f29e314c8634be72cb116fa0e8a003a1726550bbc0b46.xml	https://www.ncbi.nlm.nih.gov/biosample/SAMN02471728	ok	
9a5a419bbd06149334ec; 8a659b5e531ef67a2428	NCPPB 4393	ncppb_number	expected_genus:Xanthomonas; exact_full_identifier	NCPPB; NCPPB 4393	2471171	SAMN02471171	Xanthomonas sacchari NCPPB 4393	1084662	Sample from Xanthomonas sacchari NCPPB 4393	NCPPB 4393		NCPPB:4393				BioSample: SAMN02471171; AGDB	insect	Tanzania		insect associated with banana plant	"{""country"":[""Tanzania""],""culture-collection"":[""NCPPB:4393""],""host"":[""insect""],""isolation-source"":[""insect associated with banana plant""],""strain"":[""NCPPB 4393""]}"	.cache/ncbi/v2_1/efetch_735d8f8ccf46cf9f5e2f29e314c8634be72cb116fa0e8a003a1726550bbc0b46.xml	https://www.ncbi.nlm.nih.gov/biosample/SAMN02471171	ok	
9a5a419bbd06149334ec; 60db16b820ca50380917	NCPPB 1447	ncppb_number	expected_genus:Xanthomonas; exact_full_identifier	NCPPB; NCPPB 1447	2469596	SAMN02469596	Xanthomonas arboricola pv. juglandis str. NCPPB 1447	1169848	Sample from Xanthomonas arboricola pv. juglandis str. NCPPB 1447	NCPPB 1447		NCPPB:1447				BioSample: SAMN02469596; AJTL					"{""culture-collection"":[""NCPPB:1447""],""pathovar"":[""juglandis""],""strain"":[""NCPPB 1447""]}"	.cache/ncbi/v2_1/efetch_9a6b3525df161b5bebe32f3baffc9f81c75f0978908c4b9416c7b69b38741858.xml	https://www.ncbi.nlm.nih.gov/biosample/SAMN02469596	ok	
9a5a419bbd06149334ec	NCPPB 895	ncppb_number	expected_genus:Xanthomonas	NCPPB	2439007	SAMN02439007	Xanthomonas vasicola pv. vasculorum NCPPB 895	1184266	General Sample for Xanthomonas vasicola pv. vasculorum NCPPB 895	NCPPB 895		NCPPB: 895				BioSample: SAMN02439007; Xvv 895; SRA: SRS512944		Madagascar: former Malagasy Republic	1960		"{""collection_date"":[""1960""],""culture_collection"":[""NCPPB: 895""],""geo_loc_name"":[""Madagascar: former Malagasy Republic""],""pathovar"":[""vasculorum""],""specific_host"":[""Saccharum officinarum""],""strain"":[""NCPPB 895""]}"	.cache/ncbi/v2_1/efetch_9a6b3525df161b5bebe32f3baffc9f81c75f0978908c4b9416c7b69b38741858.xml	https://www.ncbi.nlm.nih.gov/biosample/SAMN02439007	ok	
9a5a419bbd06149334ec	NCPPB 1381	ncppb_number	expected_genus:Xanthomonas	NCPPB	991255	SAMN00991255	Xanthomonas vasicola pv. vasculorum NCPPB 1381	1094180	Xvv NCPPB 1381	NCPPB 1381						BioSample: SAMN00991255; University of Exeter: Xvv NCPPB 1381; SRA: SRS331875					"{""strain"":[""NCPPB 1381""]}"	.cache/ncbi/v2_1/efetch_9a6b3525df161b5bebe32f3baffc9f81c75f0978908c4b9416c7b69b38741858.xml	https://www.ncbi.nlm.nih.gov/biosample/SAMN00991255	ok	
9a5a419bbd06149334ec; dedc3b9c8090fac812ac	NCPPB 1394	ncppb_number	expected_genus:Xanthomonas; exact_full_identifier	NCPPB; NCPPB 1394	3145753	SAMN03145753	Xanthomonas vasicola	56459	Microbe sample from Xanthomonas vasicola	NCPPB 1394		NCPPB:1394				BioSample: SAMN03145753; NCPPB 1394		Sri Lanka	1963	Tripsacum laxum	"{""collected_by"":[""A.C. Hayward""],""collection_date"":[""1963""],""culture-collection"":[""NCPPB:1394""],""geo_loc_name"":[""Sri Lanka""],""isolation_source"":[""Tripsacum laxum""],""sample_type"":[""missing""],""strain"":[""NCPPB 1394""]}"	.cache/ncbi/v2_1/efetch_1d87dd683a4b2a45cb6cf73549ea1a6c05b4fa06096e52901c1da51e76c76b7b.xml	https://www.ncbi.nlm.nih.gov/biosample/SAMN03145753	ok	
9a5a419bbd06149334ec	NCPPB 1832	ncppb_number	expected_genus:Xanthomonas	NCPPB	2903333	SAMN02903333	Xanthomonas arboricola pv. celebensis	454957	Microbe sample from Xanthomonas arboricola pv. celebensis	NCPPB 1832						BioSample: SAMN02903333; NCPPB 1832; SRA: SRS660421	Musa sp.	New Zealand	1960	banana plant	"{""collection_date"":[""1960""],""geo_loc_name"":[""New Zealand""],""host"":[""Musa sp.""],""isolation_source"":[""banana plant""],""pathovar"":[""celebensis""],""sample_type"":[""missing""],""strain"":[""NCPPB 1832""]}"	.cache/ncbi/v2_1/efetch_735d8f8ccf46cf9f5e2f29e314c8634be72cb116fa0e8a003a1726550bbc0b46.xml	https://www.ncbi.nlm.nih.gov/biosample/SAMN02903333	ok	
9a5a419bbd06149334ec	NCPPB 1630	ncppb_number	expected_genus:Xanthomonas	NCPPB	2854337	SAMN02854337	Xanthomonas arboricola pv. celebensis	454957	Microbe sample from Xanthomonas arboricola pv. celebensis	NCPPB 1630						BioSample: SAMN02854337; NCPPB 1630; SRA: SRS660420	Musa sp. (banana)	New Zealand	1960	banana plant	"{""collection_date"":[""1960""],""geo_loc_name"":[""New Zealand""],""host"":[""Musa sp. (banana)""],""isolation_source"":[""banana plant""],""pathovar"":[""celebensis""],""sample_type"":[""missing""],""strain"":[""NCPPB 1630""]}"	.cache/ncbi/v2_1/efetch_735d8f8ccf46cf9f5e2f29e314c8634be72cb116fa0e8a003a1726550bbc0b46.xml	https://www.ncbi.nlm.nih.gov/biosample/SAMN02854337	ok	
9a5a419bbd06149334ec	NCPPB 900	ncppb_number	expected_genus:Xanthomonas	NCPPB	2854335	SAMN02854335	Xanthomonas axonopodis pv. vasculorum	325777	Microbe sample from Xanthomonas axonopodis pv. vasculorum	NCPPB 900						BioSample: SAMN02854335; NCPPB 900; SRA: SRS660419	Saccharum officinarum (sugarcane)	Reunion	1960	sugarcane plant	"{""collection_date"":[""1960""],""geo_loc_name"":[""Reunion""],""host"":[""Saccharum officinarum (sugarcane)""],""isolation_source"":[""sugarcane plant""],""pathovar"":[""vasculorum""],""sample_type"":[""missing""],""strain"":[""NCPPB 900""]}"	.cache/ncbi/v2_1/efetch_735d8f8ccf46cf9f5e2f29e314c8634be72cb116fa0e8a003a1726550bbc0b46.xml	https://www.ncbi.nlm.nih.gov/biosample/SAMN02854335	ok	
9a5a419bbd06149334ec; 8061e569bba9e60a3b7f	NCPPB 206	ncppb_number	expected_genus:Xanthomonas; exact_full_identifier	NCPPB; NCPPB 206	991256	SAMN00991256	Xanthomonas vasicola pv. vasculorum NCPPB 206	1094181	Xvv NCPPB206	NCPPB 206						BioSample: SAMN00991256; University of Exeter: Xvv NCPPB206; SRA: SRS331876					"{""pathovar"":[""vasculorum NCPPB 206""],""strain"":[""NCPPB 206""]}"	.cache/ncbi/v2_1/efetch_9a6b3525df161b5bebe32f3baffc9f81c75f0978908c4b9416c7b69b38741858.xml	https://www.ncbi.nlm.nih.gov/biosample/SAMN00991256	ok	
9a5a419bbd06149334ec; dedc3b9c8090fac812ac	NCPPB 1394	ncppb_number	expected_genus:Xanthomonas; exact_full_identifier	NCPPB; NCPPB 1394	3140149	SAMN03140149	Xanthomonas vasicola	56459	Microbe sample from Xanthomonas vasicola	NCPPB 1394						BioSample: SAMN03140149; NCPPB1394	Tripsacum laxum	Sri Lanka	1963	missing	"{""collection_date"":[""1963""],""geo_loc_name"":[""Sri Lanka""],""host"":[""Tripsacum laxum""],""isolation_source"":[""missing""],""sample_type"":[""missing""],""strain"":[""NCPPB 1394""]}"	.cache/ncbi/v2_1/efetch_1d87dd683a4b2a45cb6cf73549ea1a6c05b4fa06096e52901c1da51e76c76b7b.xml	https://www.ncbi.nlm.nih.gov/biosample/SAMN03140149	ok	
9a5a419bbd06149334ec; 0f7ee51b1a7d256fc843	NCPPB 989	ncppb_number	expected_genus:Xanthomonas; exact_full_identifier	NCPPB; NCPPB 989	3140188	SAMN03140188	Xanthomonas vasicola	56459	Microbe sample from Xanthomonas vasicola	NCPPB 989						BioSample: SAMN03140188; NCPPB989	Holcus sp.	USA	1942	missing	"{""collection_date"":[""1942""],""geo_loc_name"":[""USA""],""host"":[""Holcus sp.""],""isolation_source"":[""missing""],""sample_type"":[""missing""],""strain"":[""NCPPB 989""]}"	.cache/ncbi/v2_1/efetch_1d87dd683a4b2a45cb6cf73549ea1a6c05b4fa06096e52901c1da51e76c76b7b.xml	https://www.ncbi.nlm.nih.gov/biosample/SAMN03140188	ok	
9a5a419bbd06149334ec; 2379e0d24c5c6de55898	NCPPB 1395	ncppb_number	expected_genus:Xanthomonas; exact_full_identifier	NCPPB; NCPPB 1395	3140175	SAMN03140175	Xanthomonas vasicola	56459	Microbe sample from Xanthomonas vasicola	NCPPB 1395						BioSample: SAMN03140175; NCPPB1395	Tripsacum laxum	Sri Lanka	1963	missing	"{""collection_date"":[""1963""],""geo_loc_name"":[""Sri Lanka""],""host"":[""Tripsacum laxum""],""isolation_source"":[""missing""],""sample_type"":[""missing""],""strain"":[""NCPPB 1395""]}"	.cache/ncbi/v2_1/efetch_1d87dd683a4b2a45cb6cf73549ea1a6c05b4fa06096e52901c1da51e76c76b7b.xml	https://www.ncbi.nlm.nih.gov/biosample/SAMN03140175	ok	
9a5a419bbd06149334ec; 0128cfdedb07f537429b	NCPPB 902	ncppb_number	expected_genus:Xanthomonas; exact_full_identifier	NCPPB; NCPPB 902	3140174	SAMN03140174	Xanthomonas vasicola	56459	Microbe sample from Xanthomonas vasicola	NCPPB 902						BioSample: SAMN03140174; NCPPB902	Tripsacum laxum	Sri Lanka	1961	missing	"{""collection_date"":[""1961""],""geo_loc_name"":[""Sri Lanka""],""host"":[""Tripsacum laxum""],""isolation_source"":[""missing""],""sample_type"":[""missing""],""strain"":[""NCPPB 902""]}"	.cache/ncbi/v2_1/efetch_1d87dd683a4b2a45cb6cf73549ea1a6c05b4fa06096e52901c1da51e76c76b7b.xml	https://www.ncbi.nlm.nih.gov/biosample/SAMN03140174	ok	
9a5a419bbd06149334ec; bf24c9ca35f1a80dbf76	NCPPB 1396	ncppb_number	expected_genus:Xanthomonas; exact_full_identifier	NCPPB; NCPPB 1396	3140173	SAMN03140173	Xanthomonas vasicola	56459	Microbe sample from Xanthomonas vasicola	NCPPB 1396						BioSample: SAMN03140173; NCPPB1396	Tripsacum laxum	Sri Lanka	1963	missing	"{""collection_date"":[""1963""],""geo_loc_name"":[""Sri Lanka""],""host"":[""Tripsacum laxum""],""isolation_source"":[""missing""],""sample_type"":[""missing""],""strain"":[""NCPPB 1396""]}"	.cache/ncbi/v2_1/efetch_1d87dd683a4b2a45cb6cf73549ea1a6c05b4fa06096e52901c1da51e76c76b7b.xml	https://www.ncbi.nlm.nih.gov/biosample/SAMN03140173	ok	
9a5a419bbd06149334ec	NCPPB 1326	ncppb_number	expected_genus:Xanthomonas	NCPPB	991247	SAMN00991247	Xanthomonas vasicola pv. vasculorum NCPPB 1326	1094174	Xvv NCPPB 1326	NCPPB 1326						BioSample: SAMN00991247; University of Exeter: Xvv NCPPB 1326; SRA: SRS312433					"{""strain"":[""NCPPB 1326""]}"	.cache/ncbi/v2_1/efetch_9a6b3525df161b5bebe32f3baffc9f81c75f0978908c4b9416c7b69b38741858.xml	https://www.ncbi.nlm.nih.gov/biosample/SAMN00991247	ok	
9a5a419bbd06149334ec; 8a659b5e531ef67a2428	NCPPB 4393	ncppb_number	expected_genus:Xanthomonas; exact_full_identifier	NCPPB; NCPPB 4393	752561	SAMN00752561	Xanthomonas sacchari NCPPB 4393	1084662	Xanthomonas sacchari NCPPB 4393	NCPPB 4393						BioSample: SAMN00752561; The University of East Anglia: NCPPB4393; SRA: SRS270178					"{""strain"":[""NCPPB 4393""]}"	.cache/ncbi/v2_1/efetch_9a6b3525df161b5bebe32f3baffc9f81c75f0978908c4b9416c7b69b38741858.xml	https://www.ncbi.nlm.nih.gov/biosample/SAMN00752561	ok	
73c0b5fd40862afb8c1c; 68b4024c1b77d4c9f04d	NCPPB 2217	ncppb_number	unfiltered_fallback; exact_full_identifier	NCPPB; NCPPB 2217	56511392	SAMN56511392	Staphylococcus aureus	1280	Genome sequencing of NCPPB 2217 (listed as Xylophilus ampelinus)	NCPPB 2217		NCPPB:2217				BioSample: SAMN56511392; NCPPB_2217; SRA: SRS28401890	Vitis vinifera var. sultana	Greece	1968		"{""collected_by"":[""C.G. Panagopoulos""],""collection_date"":[""1968""],""culture_collection"":[""NCPPB:2217""],""geo_loc_name"":[""Greece""],""host"":[""Vitis vinifera var. sultana""],""sample_type"":[""Cell culture""],""strain"":[""NCPPB 2217""]}"	.cache/ncbi/v2_1/efetch_825ecc5bb14f6df0c57e704db5b70c5926b96686ad03393d6efd1aa18548fc76.xml	https://www.ncbi.nlm.nih.gov/biosample/SAMN56511392	ok	
4df90705532931103d54	NCPPB 45	ncppb_number	exact_full_identifier	NCPPB 45																				no_hit	
d0fa3e2697fab0bcb58f	NCPPB 109	ncppb_number	exact_full_identifier	NCPPB 109																				no_hit	
4a51f2f4599bdf83a6d1	NCPPB 174	ncppb_number	exact_full_identifier	NCPPB 174																				no_hit	
3f16812ff653fcce3d2e	NCPPB 181	ncppb_number	exact_full_identifier	NCPPB 181																				no_hit	
b6ba102061826a27636d	NCPPB 182	ncppb_number	exact_full_identifier	NCPPB 182																				no_hit	
ef8961f4db0089510ec0	NCPPB 184	ncppb_number	exact_full_identifier	NCPPB 184																				no_hit	
6c4221c88f7051dfe69f	NCPPB 185	ncppb_number	exact_full_identifier	NCPPB 185																				no_hit	
308d78ef14e62606129c	NCPPB 186	ncppb_number	exact_full_identifier	NCPPB 186																				no_hit	
bfc47278172837a7a2d1	NCPPB 187	ncppb_number	exact_full_identifier	NCPPB 187																				no_hit	
efa2b0396a4597791e39	NCPPB 195	ncppb_number	exact_full_identifier	NCPPB 195																				no_hit	
c009cfbb1df7b6228e16	NCPPB 196	ncppb_number	exact_full_identifier	NCPPB 196																				no_hit	
268c0c90d8c2255a572c	NCPPB 200	ncppb_number	exact_full_identifier	NCPPB 200																				no_hit	
555a2d554e9e360210e0	NCPPB 205	ncppb_number	exact_full_identifier	NCPPB 205																				no_hit	
6f56de4607197aa51ef6	NCPPB 208	ncppb_number	exact_full_identifier	NCPPB 208																				no_hit	
4baa15ee115db917a209	NCPPB 210	ncppb_number	exact_full_identifier	NCPPB 210																				no_hit	
b3b78c5e1cb644901ae7	NCPPB 212	ncppb_number	exact_full_identifier	NCPPB 212																				no_hit	
32a9b1502949f361e150	NCPPB 230	ncppb_number	exact_full_identifier	NCPPB 230																				no_hit	
0d680d44812b7c454738	NCPPB 240	ncppb_number	exact_full_identifier	NCPPB 240																				no_hit	
9b6ea6f000db3105195f	NCPPB 241	ncppb_number	exact_full_identifier	NCPPB 241																				no_hit	
c1f9e9fa97a5574cac54	NCPPB 243	ncppb_number	exact_full_identifier	NCPPB 243																				no_hit	
585ee9bfb292ccc1ef53	NCPPB 273	ncppb_number	exact_full_identifier	NCPPB 273																				no_hit	
fae4fdddef0dd798542a	NCPPB 279	ncppb_number	exact_full_identifier	NCPPB 279																				no_hit	
6e58055cffa77e53a371	NCPPB 290	ncppb_number	exact_full_identifier	NCPPB 290																				no_hit	
9eebf947d07fc67fe43d	NCPPB 293	ncppb_number	exact_full_identifier	NCPPB 293																				no_hit	
74b6176ee99ca2152aaa	NCPPB 301	ncppb_number	exact_full_identifier	NCPPB 301																				no_hit	
9d69edc904c4175e0f98	NCPPB 302	ncppb_number	exact_full_identifier	NCPPB 302																				no_hit	
4089d53854013cb3753b	NCPPB 305	ncppb_number	exact_full_identifier	NCPPB 305																				no_hit	
82f07c28db0944fae07c	NCPPB 315	ncppb_number	exact_full_identifier	NCPPB 315																				no_hit	
4ee9b84ba5b8b83a660c	NCPPB 348	ncppb_number	exact_full_identifier	NCPPB 348																				no_hit	
96216a310796cd101294	NCPPB 362	ncppb_number	exact_full_identifier	NCPPB 362																				no_hit	
6e0014c71efe6759f728	NCPPB 400	ncppb_number	exact_full_identifier	NCPPB 400																				no_hit	
04a98846447b66ab43d5	NCPPB 403	ncppb_number	exact_full_identifier	NCPPB 403																				no_hit	
5e4a03e1fb34ee5b534a	NCPPB 404	ncppb_number	exact_full_identifier	NCPPB 404																				no_hit	
d64a9ea8d46186f0099f	NCPPB 405	ncppb_number	exact_full_identifier	NCPPB 405																				no_hit	
2b6a0b816e167dab1e48	NCPPB 406	ncppb_number	exact_full_identifier	NCPPB 406	13783185	SAMN13783185	Xanthomonas citri pv. citri	611301	Microbe sample from Xanthomonas citri pv. citri	NCPPB406						BioSample: SAMN13783185; NCPPB406; SRA: SRS6252268	Citrus sp.	New Zealand	1957	Citrus leaf	"{""collection_date"":[""1957""],""geo_loc_name"":[""New Zealand""],""host"":[""Citrus sp.""],""isolation_source"":[""Citrus leaf""],""pathovar"":[""citri""],""sample_type"":[""pure culture""],""strain"":[""NCPPB406""]}"	.cache/ncbi/v2_1/efetch_5436aa06399483d326b3bb35b35449299ae8390c479f935bb1cdc706a2106a2a.xml	https://www.ncbi.nlm.nih.gov/biosample/SAMN13783185	ok	
ec623921845e8d1bda46	NCPPB 407	ncppb_number	exact_full_identifier	NCPPB 407																				no_hit	
c431961cad2b2c7a3df2	NCPPB 408	ncppb_number	exact_full_identifier	NCPPB 408																				no_hit	
c40614cb739d3772248e	NCPPB 409	ncppb_number	exact_full_identifier	NCPPB 409																				no_hit	
1fda0cc891baf9b5a063	NCPPB 410	ncppb_number	exact_full_identifier	NCPPB 410																				no_hit	
7f69f598a14d677f5aab	NCPPB 411	ncppb_number	exact_full_identifier	NCPPB 411																				no_hit	
f74e76d6682b5aeff114	NCPPB 412	ncppb_number	exact_full_identifier	NCPPB 412																				no_hit	
adf36f56ee69437fec84	NCPPB 414	ncppb_number	exact_full_identifier	NCPPB 414																				no_hit	
b941a97c2e27d1a1a182	NCPPB 415	ncppb_number	exact_full_identifier	NCPPB 415																				no_hit	
a7d4ce9af1ba14f4e8d1	NCPPB 418	ncppb_number	exact_full_identifier	NCPPB 418																				no_hit	
ad552111b32130725bce	NCPPB 419	ncppb_number	exact_full_identifier	NCPPB 419																				no_hit	
f983cb079d920319febc	NCPPB 420	ncppb_number	exact_full_identifier	NCPPB 420																				no_hit	
c092c704745287a0c0bf	NCPPB 421	ncppb_number	exact_full_identifier	NCPPB 421																				no_hit	
47c6dfe9c9a5404d9372	NCPPB 422	ncppb_number	exact_full_identifier	NCPPB 422																				no_hit	
0e894fd810006119f572	NCPPB 423	ncppb_number	exact_full_identifier	NCPPB 423																				no_hit	
2481c5e4453a57d1843d	NCPPB 424	ncppb_number	exact_full_identifier	NCPPB 424																				no_hit	
db6db52664e3db93894e	NCPPB 425	ncppb_number	exact_full_identifier	NCPPB 425																				no_hit	
84aec072a50ad1b21be4	NCPPB 457	ncppb_number	exact_full_identifier	NCPPB 457																				no_hit	
2076315c7b7cfe739938	NCPPB 466	ncppb_number	exact_full_identifier	NCPPB 466																				no_hit	
ef09ce6ba2b7ea1cc185	NCPPB 473	ncppb_number	exact_full_identifier	NCPPB 473																				no_hit	
80ce5f836aa6f4a5f726	NCPPB 476	ncppb_number	exact_full_identifier	NCPPB 476																				no_hit	
030190d061afb8126004	NCPPB 477	ncppb_number	exact_full_identifier	NCPPB 477																				no_hit	
d186041de309a14cd621	NCPPB 479	ncppb_number	exact_full_identifier	NCPPB 479																				no_hit	
2c4fc81496be8d178e9f	NCPPB 480	ncppb_number	exact_full_identifier	NCPPB 480																				no_hit	
14f6c8be58b172eaab7b	NCPPB 490	ncppb_number	exact_full_identifier	NCPPB 490																				no_hit	
0fc7b656f9f00852a871	NCPPB 509	ncppb_number	exact_full_identifier	NCPPB 509																				no_hit	
8bde9a3d6b81594684f5	NCPPB 510	ncppb_number	exact_full_identifier	NCPPB 510																				no_hit	
79b5352998a09a1ab81c	NCPPB 526	ncppb_number	exact_full_identifier	NCPPB 526																				no_hit	
97da914d7f9d6d45e38b	NCPPB 529	ncppb_number	exact_full_identifier	NCPPB 529																				no_hit	
90433d2d4ba452b3835f	NCPPB 554	ncppb_number	exact_full_identifier	NCPPB 554																				no_hit	
2f0ad865a502999cb50d	NCPPB 555	ncppb_number	exact_full_identifier	NCPPB 555																				no_hit	
6508b5b6c6a8a3a4c3b0	NCPPB 571	ncppb_number	exact_full_identifier	NCPPB 571																				no_hit	
45247a0897bb37fc4d49	NCPPB 578	ncppb_number	exact_full_identifier	NCPPB 578																				no_hit	
a7d4eac24eab29780876	NCPPB 582	ncppb_number	exact_full_identifier	NCPPB 582																				no_hit	
7064a9ef7425c136cbae	NCPPB 599	ncppb_number	exact_full_identifier	NCPPB 599																				no_hit	
b6f8eeaa9dd1a987f785	NCPPB 614	ncppb_number	exact_full_identifier	NCPPB 614																				no_hit	
be4293558513056b81f2	NCPPB 631	ncppb_number	exact_full_identifier	NCPPB 631																				no_hit	
3aec4aa21957a626a1b1	NCPPB 634	ncppb_number	exact_full_identifier	NCPPB 634																				no_hit	
401c78161646b3e3ffbb	NCPPB 638	ncppb_number	exact_full_identifier	NCPPB 638																				no_hit	
4aba4506f28fbd9d59ec	NCPPB 642	ncppb_number	exact_full_identifier	NCPPB 642																				no_hit	
ac62cd38ef114359c47e	NCPPB 647	ncppb_number	exact_full_identifier	NCPPB 647																				no_hit	
49808b3d6d0cb3f68cc3	NCPPB 648	ncppb_number	exact_full_identifier	NCPPB 648																				no_hit	
9e252a48202805bbc3d8	NCPPB 701	ncppb_number	exact_full_identifier	NCPPB 701																				no_hit	
f2c046d44f44f459aa29	NCPPB 761	ncppb_number	exact_full_identifier	NCPPB 761																				no_hit	
a29090d6d73392dd1e04	NCPPB 793	ncppb_number	exact_full_identifier	NCPPB 793																				no_hit	
136ca44cb6299600b9ac	NCPPB 875	ncppb_number	exact_full_identifier	NCPPB 875																				no_hit	
2728b58015e3be986299	NCPPB 884	ncppb_number	exact_full_identifier	NCPPB 884																				no_hit	
64bffc69bdb5031c62a3	NCPPB 887	ncppb_number	exact_full_identifier	NCPPB 887																				no_hit	
fa34df50cb47d7a4d804	NCPPB 888	ncppb_number	exact_full_identifier	NCPPB 888																				no_hit	
e366e54b94e0faa2a029	NCPPB 891	ncppb_number	exact_full_identifier	NCPPB 891																				no_hit	
f8f339a96c4d00f8e2f6	NCPPB 892	ncppb_number	exact_full_identifier	NCPPB 892																				no_hit	
b2bfe9a0b420ade3c9a1	NCPPB 893	ncppb_number	exact_full_identifier	NCPPB 893																				no_hit	
b3742a42498de001f4bc	NCPPB 895	ncppb_number	exact_full_identifier	NCPPB 895																				no_hit	
89b5907601aaa6f4ccc4	NCPPB 896	ncppb_number	exact_full_identifier	NCPPB 896																				no_hit	
b69fb9580528e34dc302	NCPPB 897	ncppb_number	exact_full_identifier	NCPPB 897																				no_hit	
36b41bc2d38929fd5b19	NCPPB 899	ncppb_number	exact_full_identifier	NCPPB 899																				no_hit	
6fdb5060b392d12ffbea	NCPPB 916	ncppb_number	exact_full_identifier	NCPPB 916																				no_hit	
9caa65212822b3741e9f	NCPPB 917	ncppb_number	exact_full_identifier	NCPPB 917																				no_hit	
b62abc6d4efa21daff1c	NCPPB 918	ncppb_number	exact_full_identifier	NCPPB 918																				no_hit	
a06522e63bd5e52f5b1c	NCPPB 922	ncppb_number	exact_full_identifier	NCPPB 922																				no_hit	
44403a56bd401dbdba40	NCPPB 923	ncppb_number	exact_full_identifier	NCPPB 923																				no_hit	
c1c08af8ec033a24003d	NCPPB 924	ncppb_number	exact_full_identifier	NCPPB 924																				no_hit	
9f1d988c6acef12c7826	NCPPB 926	ncppb_number	exact_full_identifier	NCPPB 926																				no_hit	
22177f68f277f337b4e0	NCPPB 936	ncppb_number	exact_full_identifier	NCPPB 936																				no_hit	
42e46dffadcbf6f0012c	NCPPB 938	ncppb_number	exact_full_identifier	NCPPB 938																				no_hit	
9be9a09c50c3dfb7942e	NCPPB 941	ncppb_number	exact_full_identifier	NCPPB 941																				no_hit	
2ffaa806e3a0fe4ee390	NCPPB 969	ncppb_number	exact_full_identifier	NCPPB 969																				no_hit	
e967fdbb04f354b8723c	NCPPB 970	ncppb_number	exact_full_identifier	NCPPB 970																				no_hit	
d495bac3b1e53385be4b	NCPPB 973	ncppb_number	exact_full_identifier	NCPPB 973																				no_hit	
8901b6975edb0122ed47	NCPPB 974	ncppb_number	exact_full_identifier	NCPPB 974																				no_hit	
ef2cce68aa812517394e	NCPPB 975	ncppb_number	exact_full_identifier	NCPPB 975																				no_hit	
067df65c0ba00891d27f	NCPPB 984	ncppb_number	exact_full_identifier	NCPPB 984																				no_hit	
44e53eb8ee18fe10a157	NCPPB 985	ncppb_number	exact_full_identifier	NCPPB 985																				no_hit	
ea90ffd4fb48691d2ea3	NCPPB 986	ncppb_number	exact_full_identifier	NCPPB 986																				no_hit	
a18b3f22414846458297	NCPPB 987	ncppb_number	exact_full_identifier	NCPPB 987																				no_hit	
6ee987f0ed4ea0bdabc6	NCPPB 990	ncppb_number	exact_full_identifier	NCPPB 990																				no_hit	
ce57685c1e695e77f90b	NCPPB 994	ncppb_number	exact_full_identifier	NCPPB 994																				no_hit	
f9121b1bdb1a71bedc25	NCPPB 1009	ncppb_number	exact_full_identifier	NCPPB 1009																				no_hit	
4b7a5036008a29feb1ee	NCPPB 1014	ncppb_number	exact_full_identifier	NCPPB 1014																				no_hit	
74dc99f8c146a7926d21	NCPPB 1025	ncppb_number	exact_full_identifier	NCPPB 1025																				no_hit	
a3807d7e67de1e1b8c57	NCPPB 1043	ncppb_number	exact_full_identifier	NCPPB 1043																				no_hit	
84af2aa4ab49065e4e4d	NCPPB 1046	ncppb_number	exact_full_identifier	NCPPB 1046																				no_hit	
2a3be2eccb274904cad6	NCPPB 1048	ncppb_number	exact_full_identifier	NCPPB 1048																				no_hit	
9bf788b3bb8239b6d9c9	NCPPB 1050	ncppb_number	exact_full_identifier	NCPPB 1050																				no_hit	
2009eb03c4f447b5c44b	NCPPB 1117	ncppb_number	exact_full_identifier	NCPPB 1117																				no_hit	
d2d5c474351156d2fae4	NCPPB 1124	ncppb_number	exact_full_identifier	NCPPB 1124																				no_hit	
580d725adce692b69e6c	NCPPB 1129	ncppb_number	exact_full_identifier	NCPPB 1129																				no_hit	
26f8f4ab4cbe2860239b	NCPPB 1135	ncppb_number	exact_full_identifier	NCPPB 1135																				no_hit	
3ca8b5a87840299cad29	NCPPB 1136	ncppb_number	exact_full_identifier	NCPPB 1136																				no_hit	
95133591e8b48370eae0	NCPPB 1141	ncppb_number	exact_full_identifier	NCPPB 1141																				no_hit	
fcc9ac8dbbb15397eddd	NCPPB 1143	ncppb_number	exact_full_identifier	NCPPB 1143																				no_hit	
76db09fd24a4bc6f780f	NCPPB 1145	ncppb_number	exact_full_identifier	NCPPB 1145																				no_hit	
4d4955c274f3690c8427	NCPPB 1146	ncppb_number	exact_full_identifier	NCPPB 1146																				no_hit	
da25b6a8aee87f97fd02	NCPPB 1147	ncppb_number	exact_full_identifier	NCPPB 1147																				no_hit	
a69e6ebb568552d6a227	NCPPB 1148	ncppb_number	exact_full_identifier	NCPPB 1148																				no_hit	
38768cfa4341ea939ea8	NCPPB 1149	ncppb_number	exact_full_identifier	NCPPB 1149																				no_hit	
1ec75a2408626b8a8104	NCPPB 1150	ncppb_number	exact_full_identifier	NCPPB 1150																				no_hit	
dd6bba172265ecf2fc43	NCPPB 1151	ncppb_number	exact_full_identifier	NCPPB 1151																				no_hit	
49b990f3f880e98652ac	NCPPB 1152	ncppb_number	exact_full_identifier	NCPPB 1152																				no_hit	
7a7b3437d55be32a44e5	NCPPB 1153	ncppb_number	exact_full_identifier	NCPPB 1153																				no_hit	
d052fc2c4e2db5d7f03b	NCPPB 1154	ncppb_number	exact_full_identifier	NCPPB 1154																				no_hit	
9d6f878302a8dd2d8601	NCPPB 1159	ncppb_number	exact_full_identifier	NCPPB 1159																				no_hit	
5b9741f6247dc4929a86	NCPPB 1160	ncppb_number	exact_full_identifier	NCPPB 1160																				no_hit	
fdac0d8b4623ce4fdd1c	NCPPB 1161	ncppb_number	exact_full_identifier	NCPPB 1161																				no_hit	
8e8922c6d07b14d32f61	NCPPB 1235	ncppb_number	exact_full_identifier	NCPPB 1235																				no_hit	
60f286fe3973932b0c90	NCPPB 1244	ncppb_number	exact_full_identifier	NCPPB 1244																				no_hit	
90a0afbbff9d60c1723b	NCPPB 1332	ncppb_number	exact_full_identifier	NCPPB 1332																				no_hit	
81147870ac488b11d687	NCPPB 1381	ncppb_number	exact_full_identifier	NCPPB 1381																				no_hit	
da978d2b01059f0f7c96	NCPPB 1393	ncppb_number	exact_full_identifier	NCPPB 1393																				no_hit	
35b66c44b790a8ce334a	NCPPB 1420	ncppb_number	exact_full_identifier	NCPPB 1420																				no_hit	
195b161879b935199d1b	NCPPB 1421	ncppb_number	exact_full_identifier	NCPPB 1421																				no_hit	
aa192ce7a85a3f95e074	NCPPB 1422	ncppb_number	exact_full_identifier	NCPPB 1422																				no_hit	
046a47056c89e353454f	NCPPB 1423	ncppb_number	exact_full_identifier	NCPPB 1423																				no_hit	
a8fd5b2a9ce62b5d1ff5	NCPPB 1426	ncppb_number	exact_full_identifier	NCPPB 1426																				no_hit	
d7ce7209b4c9c1fe86be	NCPPB 1431	ncppb_number	exact_full_identifier	NCPPB 1431																				no_hit	
fc2c62479e6cbb585266	NCPPB 1438	ncppb_number	exact_full_identifier	NCPPB 1438																				no_hit	
67830d64c210fb414539	NCPPB 1439	ncppb_number	exact_full_identifier	NCPPB 1439																				no_hit	
6e23af40bf46c7207ea2	NCPPB 1451	ncppb_number	exact_full_identifier	NCPPB 1451																				no_hit	
3373ef3b48e7a308642b	NCPPB 1452	ncppb_number	exact_full_identifier	NCPPB 1452																				no_hit	
fd3ddd4207aa1798e168	NCPPB 1453	ncppb_number	exact_full_identifier	NCPPB 1453																				no_hit	
fa5c6c7b702f2ea0dec5	NCPPB 1454	ncppb_number	exact_full_identifier	NCPPB 1454																				no_hit	
e3694cc579203ef9da9a	NCPPB 1457	ncppb_number	exact_full_identifier	NCPPB 1457																				no_hit	
4feea3dc53f04d5681d2	NCPPB 1472	ncppb_number	exact_full_identifier	NCPPB 1472																				no_hit	
87cfc33f836100081261	NCPPB 1482	ncppb_number	exact_full_identifier	NCPPB 1482																				no_hit	
a2ce261a332fb080fe1c	NCPPB 1568	ncppb_number	exact_full_identifier	NCPPB 1568																				no_hit	
31ebdf3c52661e50c99e	NCPPB 1593	ncppb_number	exact_full_identifier	NCPPB 1593																				no_hit	
2d98b58d6b22cd40599f	NCPPB 1595	ncppb_number	exact_full_identifier	NCPPB 1595																				no_hit	
9ff37a5cc12d097c34bd	NCPPB 1596	ncppb_number	exact_full_identifier	NCPPB 1596																				no_hit	
7a17772ea38d8cc6f093	NCPPB 1607	ncppb_number	exact_full_identifier	NCPPB 1607																				no_hit	
7731cc8b47cb7f30094c	NCPPB 1610	ncppb_number	exact_full_identifier	NCPPB 1610																				no_hit	
1a376e8a4c0cb059ba9a	NCPPB 1612	ncppb_number	exact_full_identifier	NCPPB 1612																				no_hit	
6e3e249fa3ebd42b6aa9	NCPPB 1615	ncppb_number	exact_full_identifier	NCPPB 1615																				no_hit	
2b4ea7955ea785cb33c1	NCPPB 1616	ncppb_number	exact_full_identifier	NCPPB 1616																				no_hit	
1e77d453041d197cc974	NCPPB 1622	ncppb_number	exact_full_identifier	NCPPB 1622																				no_hit	
bb14d3efe92e375aea87	NCPPB 1628	ncppb_number	exact_full_identifier	NCPPB 1628																				no_hit	
96a147e59ba91a19c01b	NCPPB 1630	ncppb_number	exact_full_identifier	NCPPB 1630																				no_hit	
043434bfeee7ca459bcb	NCPPB 1632	ncppb_number	exact_full_identifier	NCPPB 1632																				no_hit	
369ff7937fe1eba3b9d7	NCPPB 1633	ncppb_number	exact_full_identifier	NCPPB 1633																				no_hit	
f17988fcf6e10bfe5ecb	NCPPB 1645	ncppb_number	exact_full_identifier	NCPPB 1645																				no_hit	
c51acf9226c10f570965	NCPPB 1646	ncppb_number	exact_full_identifier	NCPPB 1646																				no_hit	
573a36fc43e0f8590713	NCPPB 1648	ncppb_number	exact_full_identifier	NCPPB 1648																				no_hit	
ff1b086b53539cb6cd4d	NCPPB 1659	ncppb_number	exact_full_identifier	NCPPB 1659																				no_hit	
68bd7eebf7bbd5537c05	NCPPB 1668	ncppb_number	exact_full_identifier	NCPPB 1668																				no_hit	
be85da88929baff7e57e	NCPPB 1671	ncppb_number	exact_full_identifier	NCPPB 1671																				no_hit	
72a50d4dcfb8f5490505	NCPPB 1672	ncppb_number	exact_full_identifier	NCPPB 1672																				no_hit	
41c4b80417dc11f53a1f	NCPPB 1683	ncppb_number	exact_full_identifier	NCPPB 1683																				no_hit	
d9fc98e5463d1f0f2aec	NCPPB 1685	ncppb_number	exact_full_identifier	NCPPB 1685																				no_hit	
87ea2b13ad9737d87aa8	NCPPB 1697	ncppb_number	exact_full_identifier	NCPPB 1697																				no_hit	
cdb747bc2bf1ac97e674	NCPPB 1698	ncppb_number	exact_full_identifier	NCPPB 1698																				no_hit	
cb7c864e898ec66de758	NCPPB 1699	ncppb_number	exact_full_identifier	NCPPB 1699																				no_hit	
902fa4308924f04f6885	NCPPB 1700	ncppb_number	exact_full_identifier	NCPPB 1700																				no_hit	
aa6a0e91cad32296aa3a	NCPPB 1701	ncppb_number	exact_full_identifier	NCPPB 1701																				no_hit	
de072d990e775cd67d9c	NCPPB 1711	ncppb_number	exact_full_identifier	NCPPB 1711																				no_hit	
26b0e227b17769240624	NCPPB 1712	ncppb_number	exact_full_identifier	NCPPB 1712																				no_hit	
8648b8b98223f6547313	NCPPB 1714	ncppb_number	exact_full_identifier	NCPPB 1714																				no_hit	
af5a200547d85634dc13	NCPPB 1715	ncppb_number	exact_full_identifier	NCPPB 1715																				no_hit	
f636722ffae407e165e3	NCPPB 1717	ncppb_number	exact_full_identifier	NCPPB 1717																				no_hit	
8998e02f2809e53313a6	NCPPB 1737	ncppb_number	exact_full_identifier	NCPPB 1737																				no_hit	
28101e0b84a1f5b20054	NCPPB 1738	ncppb_number	exact_full_identifier	NCPPB 1738																				no_hit	
402c2276349775ad9190	NCPPB 1755	ncppb_number	exact_full_identifier	NCPPB 1755																				no_hit	
78f41a5b73ee154e902d	NCPPB 1765	ncppb_number	exact_full_identifier	NCPPB 1765																				no_hit	
ef91414bf4cad8585860	NCPPB 1774	ncppb_number	exact_full_identifier	NCPPB 1774																				no_hit	
56ea4aca73400fd51f07	NCPPB 1785	ncppb_number	exact_full_identifier	NCPPB 1785																				no_hit	
4937630981d3822805f4	NCPPB 1786	ncppb_number	exact_full_identifier	NCPPB 1786																				no_hit	
085e34f48c0fbe3779e8	NCPPB 1811	ncppb_number	exact_full_identifier	NCPPB 1811	18440089	SAMN18440089	Xanthomonas phaseoli pv. phaseoli	317013	xanth_NCPPB1811	NCPPB1811						BioSample: SAMN18440089; NCPPB1811	Phaseoli vulgaris	Romania	1966	missing	"{""collection_date"":[""1966""],""geo_loc_name"":[""Romania""],""host"":[""Phaseoli vulgaris""],""isolation_source"":[""missing""],""pathovar"":[""phaseoli""],""sample_type"":[""cell culture""],""strain"":[""NCPPB1811""]}"	.cache/ncbi/v2_1/efetch_cbe376b0c133682caa7daeaad578e491957f7de946720278e1c8d38e13a3b4b6.xml	https://www.ncbi.nlm.nih.gov/biosample/SAMN18440089	ok	
4c65aac1a8c886f1f7aa	NCPPB 1821	ncppb_number	exact_full_identifier	NCPPB 1821																				no_hit	
2e46a9310980adf2ab07	NCPPB 1829	ncppb_number	exact_full_identifier	NCPPB 1829																				no_hit	
bf3c1282245c7f23998a	NCPPB 1830	ncppb_number	exact_full_identifier	NCPPB 1830																				no_hit	
2b7e0b20264c3ae3ae1f	NCPPB 1832	ncppb_number	exact_full_identifier	NCPPB 1832																				no_hit	
28974bf5cb94af563895	NCPPB 1834	ncppb_number	exact_full_identifier	NCPPB 1834																				no_hit	
71affb1dca25182ea2ea	NCPPB 1836	ncppb_number	exact_full_identifier	NCPPB 1836																				no_hit	
c0c4659e98f5cebe4a95	NCPPB 1837	ncppb_number	exact_full_identifier	NCPPB 1837																				no_hit	
803ca09a5eb034bcce8c	NCPPB 1839	ncppb_number	exact_full_identifier	NCPPB 1839																				no_hit	
34c6483c30d8f9dc38ef	NCPPB 1841	ncppb_number	exact_full_identifier	NCPPB 1841																				no_hit	
77aef057d9ed944dc7e7	NCPPB 1925	ncppb_number	exact_full_identifier	NCPPB 1925																				no_hit	
2deb1e72ebc7618449f5	NCPPB 1929	ncppb_number	exact_full_identifier	NCPPB 1929																				no_hit	
606409e9701e552db6bf	NCPPB 1930	ncppb_number	exact_full_identifier	NCPPB 1930																				no_hit	
6d8978b4dd02b86adf8a	NCPPB 1934	ncppb_number	exact_full_identifier	NCPPB 1934																				no_hit	
7f8b4181379e9c0ffc3a	NCPPB 1936	ncppb_number	exact_full_identifier	NCPPB 1936																				no_hit	
ac54e8e51f2ba68266ea	NCPPB 1938	ncppb_number	exact_full_identifier	NCPPB 1938																				no_hit	
52431946569ec1506331	NCPPB 1942	ncppb_number	exact_full_identifier	NCPPB 1942																				no_hit	
17e60ba80b320bbc35da	NCPPB 1944	ncppb_number	exact_full_identifier	NCPPB 1944																				no_hit	
a22715f352fcca0e07a8	NCPPB 1945	ncppb_number	exact_full_identifier	NCPPB 1945																				no_hit	
5b2b0bdcf6162c9957b2	NCPPB 1975	ncppb_number	exact_full_identifier	NCPPB 1975																				no_hit	
9ecd8010c9207310af4d	NCPPB 1981	ncppb_number	exact_full_identifier	NCPPB 1981																				no_hit	
400f232619a262ca344a	NCPPB 2011	ncppb_number	exact_full_identifier	NCPPB 2011																				no_hit	
95567d1a1b37b17f21a5	NCPPB 2016	ncppb_number	exact_full_identifier	NCPPB 2016																				no_hit	
4a180f14823a44fecffd	NCPPB 2031	ncppb_number	exact_full_identifier	NCPPB 2031																				no_hit	
5b9e8a3f47b4adc490c6	NCPPB 2044	ncppb_number	exact_full_identifier	NCPPB 2044																				no_hit	
15d3aef5764598b821fb	NCPPB 2059	ncppb_number	exact_full_identifier	NCPPB 2059																				no_hit	
fa22cc619bde66c5187c	NCPPB 2061	ncppb_number	exact_full_identifier	NCPPB 2061																				no_hit	
284e5f979a7bf5e2f9c5	NCPPB 2062	ncppb_number	exact_full_identifier	NCPPB 2062																				no_hit	
64ee2241d49737926e81	NCPPB 2067	ncppb_number	exact_full_identifier	NCPPB 2067																				no_hit	
f928d9487f314a71d14e	NCPPB 2095	ncppb_number	exact_full_identifier	NCPPB 2095																				no_hit	
29dd782999a761656d1d	NCPPB 2097	ncppb_number	exact_full_identifier	NCPPB 2097																				no_hit	
d468325335398c05c236	NCPPB 2099	ncppb_number	exact_full_identifier	NCPPB 2099																				no_hit	
84de1e7ba7d05dbb2bfd	NCPPB 2147	ncppb_number	exact_full_identifier	NCPPB 2147																				no_hit	
eec2123f6cb777b97da1	NCPPB 2181	ncppb_number	exact_full_identifier	NCPPB 2181																				no_hit	
e2d15c9a88994f943e8b	NCPPB 2183	ncppb_number	exact_full_identifier	NCPPB 2183																				no_hit	
811f0e1c47c926d4319d	NCPPB 2218	ncppb_number	exact_full_identifier	NCPPB 2218																				no_hit	
50bccac8de9d4d00d15c	NCPPB 2226	ncppb_number	exact_full_identifier	NCPPB 2226																				no_hit	
e97dccda4167fad96fb1	NCPPB 2229	ncppb_number	exact_full_identifier	NCPPB 2229																				no_hit	
a6232e59a4f7f318594d	NCPPB 2247	ncppb_number	exact_full_identifier	NCPPB 2247																				no_hit	
4909a0bd0623b8b29992	NCPPB 2248	ncppb_number	exact_full_identifier	NCPPB 2248																				no_hit	
d68b0de63e9fa6e68c99	NCPPB 2249	ncppb_number	exact_full_identifier	NCPPB 2249																				no_hit	
0a002761229da32dcf1c	NCPPB 2255	ncppb_number	exact_full_identifier	NCPPB 2255																				no_hit	
9d62c83a1ebf6a4becfb	NCPPB 2257	ncppb_number	exact_full_identifier	NCPPB 2257																				no_hit	
26b450397e26d72e5e1f	NCPPB 2258	ncppb_number	exact_full_identifier	NCPPB 2258																				no_hit	
54786bf003c426fdd662	NCPPB 2269	ncppb_number	exact_full_identifier	NCPPB 2269																				no_hit	
6420269dcad134583615	NCPPB 2297	ncppb_number	exact_full_identifier	NCPPB 2297																				no_hit	
2bc63700c21b739dc042	NCPPB 2336	ncppb_number	exact_full_identifier	NCPPB 2336																				no_hit	
73f01551bb94560ccf3e	NCPPB 2370	ncppb_number	exact_full_identifier	NCPPB 2370																				no_hit	
c317507bc82719fcd1f2	NCPPB 2371	ncppb_number	exact_full_identifier	NCPPB 2371																				no_hit	
08ef2469040f5a359f5d	NCPPB 2374	ncppb_number	exact_full_identifier	NCPPB 2374																				no_hit	
51189b2194e3a9741705	NCPPB 2375	ncppb_number	exact_full_identifier	NCPPB 2375																				no_hit	
7d379153fb7185afacc9	NCPPB 2376	ncppb_number	exact_full_identifier	NCPPB 2376																				no_hit	
246ea5c41833b99b037f	NCPPB 2387	ncppb_number	exact_full_identifier	NCPPB 2387																				no_hit	
a0775f89156ae5fd2a54	NCPPB 2388	ncppb_number	exact_full_identifier	NCPPB 2388																				no_hit	
bc02dd29818bb0362754	NCPPB 2389	ncppb_number	exact_full_identifier	NCPPB 2389																				no_hit	
97cfba4442bb4d4a59ba	NCPPB 2393	ncppb_number	exact_full_identifier	NCPPB 2393																				no_hit	
b43b24532b014f5fcea6	NCPPB 2436	ncppb_number	exact_full_identifier	NCPPB 2436																				no_hit	
ca679c944994ec1ae9e3	NCPPB 2438	ncppb_number	exact_full_identifier	NCPPB 2438																				no_hit	
f56e8a231257b1ce8171	NCPPB 2443	ncppb_number	exact_full_identifier	NCPPB 2443																				no_hit	
9370571e811005cbdda9	NCPPB 2444	ncppb_number	exact_full_identifier	NCPPB 2444																				no_hit	
e631484a57e2c1778fbd	NCPPB 2446	ncppb_number	exact_full_identifier	NCPPB 2446																				no_hit	
84c51e4276328823ad42	NCPPB 2475	ncppb_number	exact_full_identifier	NCPPB 2475																				no_hit	
4438fc50afc72c118de7	NCPPB 2490	ncppb_number	exact_full_identifier	NCPPB 2490																				no_hit	
cdbb7d280625523bd89c	NCPPB 2492	ncppb_number	exact_full_identifier	NCPPB 2492																				no_hit	
07c4d3852314fc83772f	NCPPB 2493	ncppb_number	exact_full_identifier	NCPPB 2493																				no_hit	
d3fe00aecd493412bf43	NCPPB 2495	ncppb_number	exact_full_identifier	NCPPB 2495																				no_hit	
43f1ea5ed6e0d79c5373	NCPPB 2496	ncppb_number	exact_full_identifier	NCPPB 2496																				no_hit	
99b955e452abcc06b3fc	NCPPB 2497	ncppb_number	exact_full_identifier	NCPPB 2497																				no_hit	
d686fe87c9599dec70af	NCPPB 2499	ncppb_number	exact_full_identifier	NCPPB 2499																				no_hit	
9676683f0b8c829cde95	NCPPB 2503	ncppb_number	exact_full_identifier	NCPPB 2503																				no_hit	
8ade1a9bbeeab3b432e2	NCPPB 2517	ncppb_number	exact_full_identifier	NCPPB 2517																				no_hit	
b35db2f7d5e04a576238	NCPPB 2550	ncppb_number	exact_full_identifier	NCPPB 2550																				no_hit	
0203c705a7d52fa14779	NCPPB 2567	ncppb_number	exact_full_identifier	NCPPB 2567																				no_hit	
774f1c292ea0ab64fdfe	NCPPB 2572	ncppb_number	exact_full_identifier	NCPPB 2572																				no_hit	
57e979691e813bf11697	NCPPB 2573	ncppb_number	exact_full_identifier	NCPPB 2573																				no_hit	
1f503b4e28d8b5e817b9	NCPPB 2574	ncppb_number	exact_full_identifier	NCPPB 2574																				no_hit	
0dff5a642642fd6b59e1	NCPPB 2575	ncppb_number	exact_full_identifier	NCPPB 2575																				no_hit	
3c3abfb8ae996b304278	NCPPB 2576	ncppb_number	exact_full_identifier	NCPPB 2576																				no_hit	
330df7bd56e6dc7afd64	NCPPB 2587	ncppb_number	exact_full_identifier	NCPPB 2587																				no_hit	
cc670e94ab6d3c6ece7a	NCPPB 2588	ncppb_number	exact_full_identifier	NCPPB 2588																				no_hit	
9087d6929433e345fc3d	NCPPB 2592	ncppb_number	exact_full_identifier	NCPPB 2592																				no_hit	
8ad3ec392e16927b9354	NCPPB 2593	ncppb_number	exact_full_identifier	NCPPB 2593																				no_hit	
19684a4fd9b6e3426990	NCPPB 2594	ncppb_number	exact_full_identifier	NCPPB 2594																				no_hit	
3b491dc8a9846aa95c01	NCPPB 2595	ncppb_number	exact_full_identifier	NCPPB 2595																				no_hit	
2565b9dbac200e0bc470	NCPPB 2597	ncppb_number	exact_full_identifier	NCPPB 2597																				no_hit	
d446930e5559e09bbb00	NCPPB 2605	ncppb_number	exact_full_identifier	NCPPB 2605																				no_hit	
9f0a3bbea41bd15e8388	NCPPB 2614	ncppb_number	exact_full_identifier	NCPPB 2614																				no_hit	
7714811c8ba8381eb871	NCPPB 2615	ncppb_number	exact_full_identifier	NCPPB 2615																				no_hit	
0f571592e7b17b913fd1	NCPPB 2616	ncppb_number	exact_full_identifier	NCPPB 2616																				no_hit	
6b256980f24416351c70	NCPPB 2695	ncppb_number	exact_full_identifier	NCPPB 2695																				no_hit	
f53f4e942795d6cb638c	NCPPB 2696	ncppb_number	exact_full_identifier	NCPPB 2696																				no_hit	
a602b7e864e5b8470537	NCPPB 2697	ncppb_number	exact_full_identifier	NCPPB 2697																				no_hit	
684eba7c0928130eca01	NCPPB 2698	ncppb_number	exact_full_identifier	NCPPB 2698																				no_hit	
89f0bc8d41cc42a43519	NCPPB 2699	ncppb_number	exact_full_identifier	NCPPB 2699																				no_hit	
4a369d47a1003104d641	NCPPB 2700	ncppb_number	exact_full_identifier	NCPPB 2700																				no_hit	
35e7c3020a67a8597abe	NCPPB 2701	ncppb_number	exact_full_identifier	NCPPB 2701																				no_hit	
2caa876d1bcc3148e8da	NCPPB 2817	ncppb_number	exact_full_identifier	NCPPB 2817																				no_hit	
b4e321bcda425a5e74c4	NCPPB 2819	ncppb_number	exact_full_identifier	NCPPB 2819																				no_hit	
063b9900bce44c42c209	NCPPB 2820	ncppb_number	exact_full_identifier	NCPPB 2820																				no_hit	
c293c34abf0ddd8b4b7c	NCPPB 2821	ncppb_number	exact_full_identifier	NCPPB 2821																				no_hit	
09dd11c1c7fe6c41ccc0	NCPPB 2822	ncppb_number	exact_full_identifier	NCPPB 2822																				no_hit	
bb7a6aa59c7b41d1d29b	NCPPB 2825	ncppb_number	exact_full_identifier	NCPPB 2825																				no_hit	
5c7f5a40b6be201ebbed	NCPPB 2826	ncppb_number	exact_full_identifier	NCPPB 2826																				no_hit	
5a9781cea36c2b50a56f	NCPPB 2827	ncppb_number	exact_full_identifier	NCPPB 2827																				no_hit	
4934e51cc1847feab7d4	NCPPB 2828	ncppb_number	exact_full_identifier	NCPPB 2828																				no_hit	
b35df90016fff42540dd	NCPPB 2829	ncppb_number	exact_full_identifier	NCPPB 2829																				no_hit	
8a5e0a7560a4242b898e	NCPPB 2831	ncppb_number	exact_full_identifier	NCPPB 2831																				no_hit	
6b23f77f27ba7c559cc1	NCPPB 2834	ncppb_number	exact_full_identifier	NCPPB 2834																				no_hit	
ac59257ce091caaef582	NCPPB 2835	ncppb_number	exact_full_identifier	NCPPB 2835																				no_hit	
09d95c02173918a284eb	NCPPB 2836	ncppb_number	exact_full_identifier	NCPPB 2836																				no_hit	
be016cf69bda05e41373	NCPPB 2837	ncppb_number	exact_full_identifier	NCPPB 2837																				no_hit	
915cca4f6b0790b4f916	NCPPB 2838	ncppb_number	exact_full_identifier	NCPPB 2838																				no_hit	
4b1f54cee2fb9fbf945b	NCPPB 2839	ncppb_number	exact_full_identifier	NCPPB 2839																				no_hit	
d9889d489fdef0f9e182	NCPPB 2840	ncppb_number	exact_full_identifier	NCPPB 2840																				no_hit	
f1c4b56da0bc0609fae3	NCPPB 2857	ncppb_number	exact_full_identifier	NCPPB 2857																				no_hit	
7506a80e852b8a561d0e	NCPPB 2859	ncppb_number	exact_full_identifier	NCPPB 2859																				no_hit	
d4f67635ea1ed20a6937	NCPPB 2876	ncppb_number	exact_full_identifier	NCPPB 2876																				no_hit	
791b3981e62bc88c4f00	NCPPB 2879	ncppb_number	exact_full_identifier	NCPPB 2879																				no_hit	
9b8346d497f8d37f36e7	NCPPB 2885	ncppb_number	exact_full_identifier	NCPPB 2885																				no_hit	
aff6e825a26cd20b38ec	NCPPB 2894	ncppb_number	exact_full_identifier	NCPPB 2894																				no_hit	
dd9b539400e194b2689f	NCPPB 2896	ncppb_number	exact_full_identifier	NCPPB 2896																				no_hit	
db09679a2811611e3ae4	NCPPB 2898	ncppb_number	exact_full_identifier	NCPPB 2898																				no_hit	
fd91f65dbcf3c66c50d3	NCPPB 2904	ncppb_number	exact_full_identifier	NCPPB 2904																				no_hit	
5a2491b4f6317d7cc3e7	NCPPB 2910	ncppb_number	exact_full_identifier	NCPPB 2910																				no_hit	
bd9110882f73d264ff42	NCPPB 2919	ncppb_number	exact_full_identifier	NCPPB 2919																				no_hit	
82d86fde06d1c68ef8bf	NCPPB 2920	ncppb_number	exact_full_identifier	NCPPB 2920																				no_hit	
6b14590929a629153409	NCPPB 2921	ncppb_number	exact_full_identifier	NCPPB 2921																				no_hit	
a666703bda19c6c99d3a	NCPPB 2925	ncppb_number	exact_full_identifier	NCPPB 2925																				no_hit	
0c72713a330589a2d294	NCPPB 2927	ncppb_number	exact_full_identifier	NCPPB 2927																				no_hit	
6a9d3f133af325e7fa3a	NCPPB 2928	ncppb_number	exact_full_identifier	NCPPB 2928																				no_hit	
f40092c5b31d30f202da	NCPPB 2931	ncppb_number	exact_full_identifier	NCPPB 2931																				no_hit	
814386bbe80ffbb5c9b6	NCPPB 2934	ncppb_number	exact_full_identifier	NCPPB 2934																				no_hit	
541df9944df69f9284cb	NCPPB 2935	ncppb_number	exact_full_identifier	NCPPB 2935																				no_hit	
00dd69ec785d79225703	NCPPB 2936	ncppb_number	exact_full_identifier	NCPPB 2936																				no_hit	
ccfa8327f01db262dfd6	NCPPB 2938	ncppb_number	exact_full_identifier	NCPPB 2938																				no_hit	
c156265b267c83c4fa85	NCPPB 2953	ncppb_number	exact_full_identifier	NCPPB 2953																				no_hit	
d441b9f67a897702e858	NCPPB 2955	ncppb_number	exact_full_identifier	NCPPB 2955																				no_hit	
c0ada2af0849872c515f	NCPPB 2959	ncppb_number	exact_full_identifier	NCPPB 2959																				no_hit	
c9bbf333046a0ce6511a	NCPPB 2960	ncppb_number	exact_full_identifier	NCPPB 2960																				no_hit	
0aecc37a11e327375b35	NCPPB 2963	ncppb_number	exact_full_identifier	NCPPB 2963																				no_hit	
1cd186de63ea183a3c2c	NCPPB 2965	ncppb_number	exact_full_identifier	NCPPB 2965																				no_hit	
187d4a2d361fe4bffe47	NCPPB 2967	ncppb_number	exact_full_identifier	NCPPB 2967																				no_hit	
3a5e79bd961019138383	NCPPB 2968	ncppb_number	exact_full_identifier	NCPPB 2968																				no_hit	
43b4ee8ff1d03a32f218	NCPPB 2969	ncppb_number	exact_full_identifier	NCPPB 2969																				no_hit	
42160c2d6455ab39fc2c	NCPPB 2977	ncppb_number	exact_full_identifier	NCPPB 2977																				no_hit	
3faa57df3b1c49487d83	NCPPB 2978	ncppb_number	exact_full_identifier	NCPPB 2978																				no_hit	
715d5e86b7d8b965e254	NCPPB 2982	ncppb_number	exact_full_identifier	NCPPB 2982																				no_hit	
40dcd9c3b9ea33391269	NCPPB 2987	ncppb_number	exact_full_identifier	NCPPB 2987																				no_hit	
a9e8a013e50233f7d35a	NCPPB 3002	ncppb_number	exact_full_identifier	NCPPB 3002																				no_hit	
3f95920c601ef33a8318	NCPPB 3003	ncppb_number	exact_full_identifier	NCPPB 3003																				no_hit	
cc3d69e24e3baa156a6c	NCPPB 3020	ncppb_number	exact_full_identifier	NCPPB 3020																				no_hit	
4f3e10cd67b447479921	NCPPB 3022	ncppb_number	exact_full_identifier	NCPPB 3022																				no_hit	
3e801c3285b6a45a919e	NCPPB 3024	ncppb_number	exact_full_identifier	NCPPB 3024																				no_hit	
6942f62380dbfb99f6f9	NCPPB 3026	ncppb_number	exact_full_identifier	NCPPB 3026																				no_hit	
543412a038363a9f68f9	NCPPB 3027	ncppb_number	exact_full_identifier	NCPPB 3027																				no_hit	
aadc4defd952c8400041	NCPPB 3040	ncppb_number	exact_full_identifier	NCPPB 3040																				no_hit	
3f5c397c4f2ecd232468	NCPPB 3041	ncppb_number	exact_full_identifier	NCPPB 3041																				no_hit	
a2cfd4d888dd1b2793a2	NCPPB 3058	ncppb_number	exact_full_identifier	NCPPB 3058																				no_hit	
d1bd15f87177514388e8	NCPPB 3059	ncppb_number	exact_full_identifier	NCPPB 3059	5039844	SAMEA247356	Ralstonia solanacearum	305	Sample from Ralstonia solanacearum	NCPPB3059				source NCPPB3059		BioSample: SAMEA247356					"{""Sample Name"":[""source NCPPB3059""],""genotype"":[""Phylotype III""],""strain"":[""NCPPB3059""]}"	.cache/ncbi/v2_1/efetch_3f582a594609bb470f3151d75429d96009724f647e7971ebfba655eb732c664f.xml	https://www.ncbi.nlm.nih.gov/biosample/SAMEA247356	ok	
d1bd15f87177514388e8	NCPPB 3059	ncppb_number	exact_full_identifier	NCPPB 3059	4692119	SAMEA4156338	Ralstonia solanacearum	305	Sample from Ralstonia solanacearum	NCPPB3059				source NCPPB3059		BioSample: SAMEA4156338					"{""Sample Name"":[""source NCPPB3059""],""genotype"":[""Phylotype III""],""strain"":[""NCPPB3059""]}"	.cache/ncbi/v2_1/efetch_1d87dd683a4b2a45cb6cf73549ea1a6c05b4fa06096e52901c1da51e76c76b7b.xml	https://www.ncbi.nlm.nih.gov/biosample/SAMEA4156338	ok	
77dc06ef777260377397	NCPPB 3060	ncppb_number	exact_full_identifier	NCPPB 3060																				no_hit	
529fefc6305b17b12d57	NCPPB 3061	ncppb_number	exact_full_identifier	NCPPB 3061																				no_hit	
cff12ba669c1af76fd61	NCPPB 3062	ncppb_number	exact_full_identifier	NCPPB 3062																				no_hit	
82d5187c64b2c6ffd29c	NCPPB 3066	ncppb_number	exact_full_identifier	NCPPB 3066																				no_hit	
8efbfee2b30bc2755953	NCPPB 3078	ncppb_number	exact_full_identifier	NCPPB 3078																				no_hit	
427e1a54c572f6cd0068	NCPPB 3082	ncppb_number	exact_full_identifier	NCPPB 3082																				no_hit	
2a940558c113935ba933	NCPPB 3092	ncppb_number	exact_full_identifier	NCPPB 3092																				no_hit	
2a9ef4da2fb778b4a528	NCPPB 3110	ncppb_number	exact_full_identifier	NCPPB 3110																				no_hit	
2d1ce93b88f04639831e	NCPPB 3119	ncppb_number	exact_full_identifier	NCPPB 3119																				no_hit	
db4c0bace519a7273c0a	NCPPB 3125	ncppb_number	exact_full_identifier	NCPPB 3125																				no_hit	
23a1dbc145e9119bed49	NCPPB 3135	ncppb_number	exact_full_identifier	NCPPB 3135																				no_hit	
fa53da462626ac44a5dd	NCPPB 3136	ncppb_number	exact_full_identifier	NCPPB 3136																				no_hit	
34af773932dbbc627613	NCPPB 3140	ncppb_number	exact_full_identifier	NCPPB 3140																				no_hit	
c8fcc32b3b3138b025d3	NCPPB 3155	ncppb_number	exact_full_identifier	NCPPB 3155																				no_hit	
1298aa3d1bdd01e9f0ad	NCPPB 3156	ncppb_number	exact_full_identifier	NCPPB 3156																				no_hit	
ab229cf0291064577e53	NCPPB 3161	ncppb_number	exact_full_identifier	NCPPB 3161																				no_hit	
b5a36a6d76bb9b4457bf	NCPPB 3168	ncppb_number	exact_full_identifier	NCPPB 3168																				no_hit	
270f4e077dc62c1052f4	NCPPB 3169	ncppb_number	exact_full_identifier	NCPPB 3169																				no_hit	
0c8cc73750dac757d077	NCPPB 3170	ncppb_number	exact_full_identifier	NCPPB 3170																				no_hit	
7cd5339cee11f1d6473b	NCPPB 3172	ncppb_number	exact_full_identifier	NCPPB 3172																				no_hit	
54741f9085fce1f58f67	NCPPB 3173	ncppb_number	exact_full_identifier	NCPPB 3173																				no_hit	
161f6560839934320b12	NCPPB 3176	ncppb_number	exact_full_identifier	NCPPB 3176																				no_hit	
7bd74686ef9e5ce81384	NCPPB 3177	ncppb_number	exact_full_identifier	NCPPB 3177																				no_hit	
536faaba401f4bcd400c	NCPPB 3178	ncppb_number	exact_full_identifier	NCPPB 3178																				no_hit	
5c5257dbdbc132ea2056	NCPPB 3182	ncppb_number	exact_full_identifier	NCPPB 3182																				no_hit	
8f1c1a20f01ca3b41776	NCPPB 3187	ncppb_number	exact_full_identifier	NCPPB 3187																				no_hit	
e5f8b66e9f4ea3e75206	NCPPB 3191	ncppb_number	exact_full_identifier	NCPPB 3191																				no_hit	
527d0ee9bb3c290665fd	NCPPB 3192	ncppb_number	exact_full_identifier	NCPPB 3192																				no_hit	
7a9d268dccba9690206f	NCPPB 3194	ncppb_number	exact_full_identifier	NCPPB 3194																				no_hit	
f284f35b0358862159c9	NCPPB 3207	ncppb_number	exact_full_identifier	NCPPB 3207																				no_hit	
3f2d1cc2e774c685bab2	NCPPB 3212	ncppb_number	exact_full_identifier	NCPPB 3212																				no_hit	
3cd70136cd2ffb41fa54	NCPPB 3215	ncppb_number	exact_full_identifier	NCPPB 3215																				no_hit	
9a63843d17cbc1e21d49	NCPPB 3229	ncppb_number	exact_full_identifier	NCPPB 3229																				no_hit	
fc6a5e03570223a0d1a6	NCPPB 3230	ncppb_number	exact_full_identifier	NCPPB 3230																				no_hit	
71eac8a96297aaeee268	NCPPB 3231	ncppb_number	exact_full_identifier	NCPPB 3231																				no_hit	
3a3042f0e921786249ee	NCPPB 3232	ncppb_number	exact_full_identifier	NCPPB 3232																				no_hit	
ce6960fca1528c4bf1e2	NCPPB 3233	ncppb_number	exact_full_identifier	NCPPB 3233																				no_hit	
43a822024da2c3233a79	NCPPB 3234	ncppb_number	exact_full_identifier	NCPPB 3234																				no_hit	
7126ae07e4699c10f22d	NCPPB 3235	ncppb_number	exact_full_identifier	NCPPB 3235																				no_hit	
c9443fe632816083d87f	NCPPB 3236	ncppb_number	exact_full_identifier	NCPPB 3236																				no_hit	
8269f8a272df1cac6bbc	NCPPB 3237	ncppb_number	exact_full_identifier	NCPPB 3237																				no_hit	
03e93ad20dfd1e124124	NCPPB 3240	ncppb_number	exact_full_identifier	NCPPB 3240																				no_hit	
6a58d496d83b6066b414	NCPPB 3241	ncppb_number	exact_full_identifier	NCPPB 3241																				no_hit	
d2809a07b528e743f809	NCPPB 3242	ncppb_number	exact_full_identifier	NCPPB 3242																				no_hit	
f934128fa475c3f2c763	NCPPB 3245	ncppb_number	exact_full_identifier	NCPPB 3245																				no_hit	
e466565ed1c1022cb06e	NCPPB 3290	ncppb_number	exact_full_identifier	NCPPB 3290																				no_hit	
1900899c79621bd22112	NCPPB 3291	ncppb_number	exact_full_identifier	NCPPB 3291																				no_hit	
dfbb2fe11abeccf6a993	NCPPB 3292	ncppb_number	exact_full_identifier	NCPPB 3292																				no_hit	
31fe0449cdd6066546fc	NCPPB 3301	ncppb_number	exact_full_identifier	NCPPB 3301																				no_hit	
d703aabc54c65d4a535d	NCPPB 3303	ncppb_number	exact_full_identifier	NCPPB 3303																				no_hit	
44829d471eeb2bf5665f	NCPPB 3304	ncppb_number	exact_full_identifier	NCPPB 3304																				no_hit	
cc136cb59771ee48aa23	NCPPB 3311	ncppb_number	exact_full_identifier	NCPPB 3311																				no_hit	
96ced7440bce78c58c05	NCPPB 3312	ncppb_number	exact_full_identifier	NCPPB 3312																				no_hit	
28a0405a275cbde18137	NCPPB 3313	ncppb_number	exact_full_identifier	NCPPB 3313																				no_hit	
14cbc06da0aa063d2f70	NCPPB 3314	ncppb_number	exact_full_identifier	NCPPB 3314																				no_hit	
1636d3a032d89c2f77b1	NCPPB 3315	ncppb_number	exact_full_identifier	NCPPB 3315																				no_hit	
049a6bff37e99c6761e3	NCPPB 3329	ncppb_number	exact_full_identifier	NCPPB 3329																				no_hit	
70fb9ad2b897cb94350e	NCPPB 3330	ncppb_number	exact_full_identifier	NCPPB 3330																				no_hit	
3bc06c33a1b8acfe98cd	NCPPB 3361	ncppb_number	exact_full_identifier	NCPPB 3361																				no_hit	
bd620f6f53d05967b277	NCPPB 3363	ncppb_number	exact_full_identifier	NCPPB 3363																				no_hit	
102273216f78ce894c9b	NCPPB 3380	ncppb_number	exact_full_identifier	NCPPB 3380																				no_hit	
7edb900e2c02e2b7f615	NCPPB 3381	ncppb_number	exact_full_identifier	NCPPB 3381																				no_hit	
68b4322b01ddac27ec5e	NCPPB 3382	ncppb_number	exact_full_identifier	NCPPB 3382																				no_hit	
aaee244d082b80de88b5	NCPPB 3426	ncppb_number	exact_full_identifier	NCPPB 3426																				no_hit	
b8b63bc288bf74258c6b	NCPPB 3435	ncppb_number	exact_full_identifier	NCPPB 3435																				no_hit	
8be570bd12696c8d8e20	NCPPB 3437	ncppb_number	exact_full_identifier	NCPPB 3437																				no_hit	
4de0b92b205571afd647	NCPPB 3438	ncppb_number	exact_full_identifier	NCPPB 3438																				no_hit	
1e0c32708f38b91bb23c	NCPPB 3440	ncppb_number	exact_full_identifier	NCPPB 3440																				no_hit	
db8058360a99adb8bb83	NCPPB 3456	ncppb_number	exact_full_identifier	NCPPB 3456																				no_hit	
a88dcd893731bdb2c181	NCPPB 3457	ncppb_number	exact_full_identifier	NCPPB 3457																				no_hit	
b2e2ec0636b856f2e824	NCPPB 3479	ncppb_number	exact_full_identifier	NCPPB 3479																				no_hit	
95486874557b9b6bd3d4	NCPPB 3484	ncppb_number	exact_full_identifier	NCPPB 3484																				no_hit	
bfefb8ef155c2dd56468	NCPPB 3559	ncppb_number	exact_full_identifier	NCPPB 3559																				no_hit	
fa65aa23e054d28cc029	NCPPB 3560	ncppb_number	exact_full_identifier	NCPPB 3560																				no_hit	
864f98089fb451ff98f2	NCPPB 3561	ncppb_number	exact_full_identifier	NCPPB 3561																				no_hit	
916ce1792e039bb6f8e2	NCPPB 3562	ncppb_number	exact_full_identifier	NCPPB 3562	13783129	SAMN13783129	Xanthomonas citri pv. citri	611301	Microbe sample from Xanthomonas citri pv. citri	NCPPB3562						BioSample: SAMN13783129; NCPPB3562; SRA: SRS6252267	Citrus x limon	India	1988	Citrus leaf	"{""collection_date"":[""1988""],""geo_loc_name"":[""India""],""host"":[""Citrus x limon""],""isolation_source"":[""Citrus leaf""],""pathovar"":[""citri""],""sample_type"":[""pure culture""],""strain"":[""NCPPB3562""]}"	.cache/ncbi/v2_1/efetch_5436aa06399483d326b3bb35b35449299ae8390c479f935bb1cdc706a2106a2a.xml	https://www.ncbi.nlm.nih.gov/biosample/SAMN13783129	ok	
dfb3ffe2df7f53345a12	NCPPB 3563	ncppb_number	exact_full_identifier	NCPPB 3563																				no_hit	
70a960498f491c5c9525	NCPPB 3566	ncppb_number	exact_full_identifier	NCPPB 3566																				no_hit	
85d1adc837c9637c15a5	NCPPB 3567	ncppb_number	exact_full_identifier	NCPPB 3567																				no_hit	
5f156424ea8dbae56a86	NCPPB 3568	ncppb_number	exact_full_identifier	NCPPB 3568																				no_hit	
c12964423dfbe845c2c1	NCPPB 3573	ncppb_number	exact_full_identifier	NCPPB 3573																				no_hit	
95759a73c51a200e77d0	NCPPB 3586	ncppb_number	exact_full_identifier	NCPPB 3586																				no_hit	
c88c08461a91c212aad7	NCPPB 3587	ncppb_number	exact_full_identifier	NCPPB 3587																				no_hit	
26d3c8e7adb704085690	NCPPB 3588	ncppb_number	exact_full_identifier	NCPPB 3588																				no_hit	
c30def8f76b5bfe787b3	NCPPB 3589	ncppb_number	exact_full_identifier	NCPPB 3589																				no_hit	
364464f6e1284d65a48b	NCPPB 3592	ncppb_number	exact_full_identifier	NCPPB 3592																				no_hit	
fe5148d24c914551cdc6	NCPPB 3593	ncppb_number	exact_full_identifier	NCPPB 3593																				no_hit	
a4e411cc33098aea7859	NCPPB 3595	ncppb_number	exact_full_identifier	NCPPB 3595																				no_hit	
6f2d8a55862b2c5c7d11	NCPPB 3596	ncppb_number	exact_full_identifier	NCPPB 3596																				no_hit	
bcfc2a0f088895a4921a	NCPPB 3607	ncppb_number	exact_full_identifier	NCPPB 3607																				no_hit	
ad9b5bb9a05be4c67eb7	NCPPB 3608	ncppb_number	exact_full_identifier	NCPPB 3608																				no_hit	
084babfb9b846be81a94	NCPPB 3609	ncppb_number	exact_full_identifier	NCPPB 3609																				no_hit	
be3f10f4f5dd152a59ed	NCPPB 3611	ncppb_number	exact_full_identifier	NCPPB 3611																				no_hit	
9b1353b80330ef112ace	NCPPB 3612	ncppb_number	exact_full_identifier	NCPPB 3612	13783131	SAMN13783131	Xanthomonas citri pv. citri	611301	Microbe sample from Xanthomonas citri pv. citri	NCPPB3612						BioSample: SAMN13783131; NCPPB3612; SRA: SRS6252285	Citrus x aurantiifolia	India	1988	Citrus leaf	"{""collection_date"":[""1988""],""geo_loc_name"":[""India""],""host"":[""Citrus x aurantiifolia""],""isolation_source"":[""Citrus leaf""],""pathovar"":[""citri""],""sample_type"":[""pure culture""],""strain"":[""NCPPB3612""]}"	.cache/ncbi/v2_1/efetch_5436aa06399483d326b3bb35b35449299ae8390c479f935bb1cdc706a2106a2a.xml	https://www.ncbi.nlm.nih.gov/biosample/SAMN13783131	ok	
7e3df3fcf1f5d5676e30	NCPPB 3614	ncppb_number	exact_full_identifier	NCPPB 3614																				no_hit	
b7fa26e85c90f7658e38	NCPPB 3615	ncppb_number	exact_full_identifier	NCPPB 3615																				no_hit	
853040cfa211570fe9ac	NCPPB 3638	ncppb_number	exact_full_identifier	NCPPB 3638																				no_hit	
4479b98cf226c36dc84c	NCPPB 3639	ncppb_number	exact_full_identifier	NCPPB 3639																				no_hit	
479602b70e3e3e21bbd2	NCPPB 3640	ncppb_number	exact_full_identifier	NCPPB 3640																				no_hit	
49917d7775cf3a39a3c0	NCPPB 3641	ncppb_number	exact_full_identifier	NCPPB 3641																				no_hit	
1fbcedd4c3d716d39974	NCPPB 3642	ncppb_number	exact_full_identifier	NCPPB 3642																				no_hit	
2e699dc0a0d2e7f1429b	NCPPB 3646	ncppb_number	exact_full_identifier	NCPPB 3646																				no_hit	
404f8e64417e2b33c2cc	NCPPB 3647	ncppb_number	exact_full_identifier	NCPPB 3647																				no_hit	
5c05ca1a6e2cfeb6b7a5	NCPPB 3651	ncppb_number	exact_full_identifier	NCPPB 3651																				no_hit	
ba2301a992c5d7e6741b	NCPPB 3652	ncppb_number	exact_full_identifier	NCPPB 3652																				no_hit	
b8c3cf38494d1f3a4a81	NCPPB 3653	ncppb_number	exact_full_identifier	NCPPB 3653																				no_hit	
a4e36f433a51adda6327	NCPPB 3654	ncppb_number	exact_full_identifier	NCPPB 3654																				no_hit	
69c241343051c991c14a	NCPPB 3655	ncppb_number	exact_full_identifier	NCPPB 3655																				no_hit	
3347194ad2b0a3649609	NCPPB 3656	ncppb_number	exact_full_identifier	NCPPB 3656																				no_hit	
461f242111dad1a03c96	NCPPB 3657	ncppb_number	exact_full_identifier	NCPPB 3657																				no_hit	
a06c35cf30842ecfcbd6	NCPPB 3658	ncppb_number	exact_full_identifier	NCPPB 3658																				no_hit	
4cac5d23c365bbe57463	NCPPB 3659	ncppb_number	exact_full_identifier	NCPPB 3659																				no_hit	
fdbe6000aed052495b7f	NCPPB 3661	ncppb_number	exact_full_identifier	NCPPB 3661																				no_hit	
f171da4ad12fd5d16b2e	NCPPB 3663	ncppb_number	exact_full_identifier	NCPPB 3663																				no_hit	
469b0d043bd774b474cc	NCPPB 3705	ncppb_number	exact_full_identifier	NCPPB 3705																				no_hit	
b272ed7197dd294690ad	NCPPB 3706	ncppb_number	exact_full_identifier	NCPPB 3706																				no_hit	
3b01571ab30489797f69	NCPPB 3712	ncppb_number	exact_full_identifier	NCPPB 3712																				no_hit	
38d0021e3ece26b20d68	NCPPB 3713	ncppb_number	exact_full_identifier	NCPPB 3713																				no_hit	
c74426901b044a993f13	NCPPB 3714	ncppb_number	exact_full_identifier	NCPPB 3714																				no_hit	
5fe9708c2a05fd1db0dd	NCPPB 3716	ncppb_number	exact_full_identifier	NCPPB 3716																				no_hit	
c2830d2e85bde8ea179d	NCPPB 3717	ncppb_number	exact_full_identifier	NCPPB 3717																				no_hit	
8a1f46c16aef7e66819d	NCPPB 3718	ncppb_number	exact_full_identifier	NCPPB 3718																				no_hit	
3a8b46899bc61b28b295	NCPPB 3719	ncppb_number	exact_full_identifier	NCPPB 3719																				no_hit	
de99a7b6f603a0598315	NCPPB 3720	ncppb_number	exact_full_identifier	NCPPB 3720																				no_hit	
d251c02dadc8c91ca4af	NCPPB 3722	ncppb_number	exact_full_identifier	NCPPB 3722																				no_hit	
d00b297e7694fdd727fc	NCPPB 3742	ncppb_number	exact_full_identifier	NCPPB 3742																				no_hit	
4ddbaa9244eff1f7cf69	NCPPB 3744	ncppb_number	exact_full_identifier	NCPPB 3744																				no_hit	
eb63662cc33a843d53c4	NCPPB 3754	ncppb_number	exact_full_identifier	NCPPB 3754																				no_hit	
2f375de87d715de7d2f0	NCPPB 3776	ncppb_number	exact_full_identifier	NCPPB 3776																				no_hit	
72541a221d25066dff1e	NCPPB 3786	ncppb_number	exact_full_identifier	NCPPB 3786																				no_hit	
31541f7b3b9fc9052b82	NCPPB 3799	ncppb_number	exact_full_identifier	NCPPB 3799																				no_hit	
056929a9295488479581	NCPPB 3800	ncppb_number	exact_full_identifier	NCPPB 3800																				no_hit	
32456e4a078132b1d0aa	NCPPB 3801	ncppb_number	exact_full_identifier	NCPPB 3801																				no_hit	
fa73ee3a1f83fdd07756	NCPPB 3829	ncppb_number	exact_full_identifier	NCPPB 3829																				no_hit	
cf4dc788df2df76acaef	NCPPB 3830	ncppb_number	exact_full_identifier	NCPPB 3830																				no_hit	
3ae7c42158e079ec9550	NCPPB 3831	ncppb_number	exact_full_identifier	NCPPB 3831																				no_hit	
f725f9e0913b4e777862	NCPPB 3832	ncppb_number	exact_full_identifier	NCPPB 3832																				no_hit	
d92f9719c1f7b700d4a3	NCPPB 3870	ncppb_number	exact_full_identifier	NCPPB 3870																				no_hit	
c4044c7d918061f74d84	NCPPB 3875	ncppb_number	exact_full_identifier	NCPPB 3875																				no_hit	
8d2a78fc1924cd23a828	NCPPB 3876	ncppb_number	exact_full_identifier	NCPPB 3876																				no_hit	
f4480780c668c309cfdc	NCPPB 3877	ncppb_number	exact_full_identifier	NCPPB 3877																				no_hit	
f4bf447287869dd51023	NCPPB 3878	ncppb_number	exact_full_identifier	NCPPB 3878																				no_hit	
60a47889d74726810758	NCPPB 3880	ncppb_number	exact_full_identifier	NCPPB 3880																				no_hit	
a1ef40f2f2b6ed75b5ff	NCPPB 3885	ncppb_number	exact_full_identifier	NCPPB 3885																				no_hit	
18c597b8a316ea1e32c7	NCPPB 3890	ncppb_number	exact_full_identifier	NCPPB 3890																				no_hit	
b713d3a3450a24d4d4f2	NCPPB 3925	ncppb_number	exact_full_identifier	NCPPB 3925																				no_hit	
aae2c0816aa6e8ce59f5	NCPPB 3926	ncppb_number	exact_full_identifier	NCPPB 3926																				no_hit	
4db8820c4474563cbb97	NCPPB 3931	ncppb_number	exact_full_identifier	NCPPB 3931																				no_hit	
15bbe9cfb1d8d0894773	NCPPB 3932	ncppb_number	exact_full_identifier	NCPPB 3932																				no_hit	
4f4f5e23afa612e6ef46	NCPPB 3942	ncppb_number	exact_full_identifier	NCPPB 3942																				no_hit	
c93191c40cca47656236	NCPPB 3943	ncppb_number	exact_full_identifier	NCPPB 3943																				no_hit	
a9accc2a562dcc19d5b3	NCPPB 3944	ncppb_number	exact_full_identifier	NCPPB 3944																				no_hit	
beac93d18b1414ee55dc	NCPPB 3947	ncppb_number	exact_full_identifier	NCPPB 3947																				no_hit	
059b318900001ef976c2	NCPPB 3949	ncppb_number	exact_full_identifier	NCPPB 3949																				no_hit	
666ec98bef1b3af5609b	NCPPB 3950	ncppb_number	exact_full_identifier	NCPPB 3950																				no_hit	
8f2f0d53f98bc7023c7b	NCPPB 3951	ncppb_number	exact_full_identifier	NCPPB 3951																				no_hit	
2f722989c7e1d52df606	NCPPB 3953	ncppb_number	exact_full_identifier	NCPPB 3953																				no_hit	
27d47b35a9edb21d36a9	NCPPB 3954	ncppb_number	exact_full_identifier	NCPPB 3954																				no_hit	
f7e9d6d56a46ac82484b	NCPPB 3955	ncppb_number	exact_full_identifier	NCPPB 3955																				no_hit	
8f267f5013bb78c28b67	NCPPB 3956	ncppb_number	exact_full_identifier	NCPPB 3956																				no_hit	
ea2acdce3f1130dcb297	NCPPB 3957	ncppb_number	exact_full_identifier	NCPPB 3957																				no_hit	
4ebe4b4f1c85bdc12c46	NCPPB 3960	ncppb_number	exact_full_identifier	NCPPB 3960																				no_hit	
8a8439d85d98e8f0aa92	NCPPB 4014	ncppb_number	exact_full_identifier	NCPPB 4014																				no_hit	
bdbd9282deea7c11e71d	NCPPB 4015	ncppb_number	exact_full_identifier	NCPPB 4015																				no_hit	
f99eaa18dfae3aef26db	NCPPB 4031	ncppb_number	exact_full_identifier	NCPPB 4031																				no_hit	
c0d91dbec870a89ae19d	NCPPB 4032	ncppb_number	exact_full_identifier	NCPPB 4032																				no_hit	
9376f390cb3814645fe4	NCPPB 4033	ncppb_number	exact_full_identifier	NCPPB 4033																				no_hit	
50289259c1a941a9dda9	NCPPB 4034	ncppb_number	exact_full_identifier	NCPPB 4034																				no_hit	
6d0ce63efbcd216ed335	NCPPB 4058	ncppb_number	exact_full_identifier	NCPPB 4058																				no_hit	
2e6575c3ac7da26585b3	NCPPB 4183	ncppb_number	exact_full_identifier	NCPPB 4183																				no_hit	
8e9c52978d06b4199901	NCPPB 4210	ncppb_number	exact_full_identifier	NCPPB 4210																				no_hit	
115b237cfa26cc71531a	NCPPB 4321	ncppb_number	exact_full_identifier	NCPPB 4321																				no_hit	
38e22d562bae25fba67a	NCPPB 4322	ncppb_number	exact_full_identifier	NCPPB 4322																				no_hit	
59fac10732891eace578	NCPPB 4323	ncppb_number	exact_full_identifier	NCPPB 4323																				no_hit	
5cb44c8c8a36ad35217c	NCPPB 4324	ncppb_number	exact_full_identifier	NCPPB 4324																				no_hit	
a18f083cfab667ad850a	NCPPB 4326	ncppb_number	exact_full_identifier	NCPPB 4326																				no_hit	
1410f3f6d4e9295e774b	NCPPB 4340	ncppb_number	exact_full_identifier	NCPPB 4340																				no_hit	
5082ced2d2d64111b074	NCPPB 4341	ncppb_number	exact_full_identifier	NCPPB 4341																				no_hit	
99ba9ba9cbaa58cfc881	NCPPB 4342	ncppb_number	exact_full_identifier	NCPPB 4342																				no_hit	
93adc53e07df15e6a83a	NCPPB 4343	ncppb_number	exact_full_identifier	NCPPB 4343																				no_hit	
ea92ae8b4df92cc63c93	NCPPB 4344	ncppb_number	exact_full_identifier	NCPPB 4344																				no_hit	
df1321ab5ce1c7f90744	NCPPB 4346	ncppb_number	exact_full_identifier	NCPPB 4346	3862116	SAMN03862116	Xanthomonas oryzae	347	Xanthomonas oryzae NCPPB4346	NCPPB4346	Not applicable					BioSample: SAMN03862116; XANT001; SRA: SRS1016221		China	1980	Missing	"{""Collection method"":[""Missing""],""Genotype"":[""Not applicable""],""Isolate"":[""Not applicable""],""Other_strain_designation"":[""ICMP 8788""],""Serotype"":[""Not applicable""],""Serovar"":[""Not applicable""],""Strain"":[""NCPPB4346""],""Subgroup"":[""Not applicable""],""Subtype"":[""Not applicable""],""collected_by"":[""Z. Fang""],""collection_date"":[""1980""],""geo_loc_name"":[""China""],""host_description"":[""Southern cutgrass,clubhead cutgrass, and swamp rice grass""],""host_disease"":[""Leaf streak""],""host_tissue_sampled"":[""leaf""],""isolation_source"":[""Missing""],""lab_host"":[""Not applicable""],""lat_lon"":[""Missing""],""note"":[""Originally submitted as Xanthomonas campestris pv. leersiae but changed to Xanthomonas oryzae in February 2019""],""passage_history"":[""Missing""],""provider"":[""Dr. Jan Leach, CSU""],""specific_host"":[""Leersia hexandra""],""specimen_category"":[""clinical or host-associated pathogen""],""uFORGE_Sample_ID"":[""XANT001""]}"	.cache/ncbi/v2_1/efetch_1d87dd683a4b2a45cb6cf73549ea1a6c05b4fa06096e52901c1da51e76c76b7b.xml	https://www.ncbi.nlm.nih.gov/biosample/SAMN03862116	ok	
3adf53cf2dad5f36d9b4	NCPPB 4353	ncppb_number	exact_full_identifier	NCPPB 4353																				no_hit	
3e2506263f6dc025d17d	NCPPB 4355	ncppb_number	exact_full_identifier	NCPPB 4355																				no_hit	
f5287a7f29d2b2da608e	NCPPB 4356	ncppb_number	exact_full_identifier	NCPPB 4356																				no_hit	
69c4c671221ec88c0a82	NCPPB 4372	ncppb_number	exact_full_identifier	NCPPB 4372																				no_hit	
62241edfb4616ce76049	NCPPB 4373	ncppb_number	exact_full_identifier	NCPPB 4373																				no_hit	
a4da06dcba6faa36277e	NCPPB 4374	ncppb_number	exact_full_identifier	NCPPB 4374																				no_hit	
74c12754b2dab357000c	NCPPB 4375	ncppb_number	exact_full_identifier	NCPPB 4375																				no_hit	
721dc342584b6ddbd957	NCPPB 4376	ncppb_number	exact_full_identifier	NCPPB 4376																				no_hit	
7649e633569332c50b32	NCPPB 4377	ncppb_number	exact_full_identifier	NCPPB 4377																				no_hit	
41c752a2dc0888501c39	NCPPB 4380	ncppb_number	exact_full_identifier	NCPPB 4380																				no_hit	
8e28d6e18a11530e9780	NCPPB 4383	ncppb_number	exact_full_identifier	NCPPB 4383																				no_hit	
64b4cbafeadeba7bc1c4	NCPPB 4384	ncppb_number	exact_full_identifier	NCPPB 4384																				no_hit	
bfe271c9f7a04a2b39fa	NCPPB 4385	ncppb_number	exact_full_identifier	NCPPB 4385																				no_hit	
41ddaf502f7b3d40c230	NCPPB 4386	ncppb_number	exact_full_identifier	NCPPB 4386																				no_hit	
741c0012e6cc68a5fdfd	NCPPB 4387	ncppb_number	exact_full_identifier	NCPPB 4387																				no_hit	
484c6617fbb013ec1f57	NCPPB 4388	ncppb_number	exact_full_identifier	NCPPB 4388																				no_hit	
6d2980518cbd4ceca90d	NCPPB 4389	ncppb_number	exact_full_identifier	NCPPB 4389																				no_hit	
c9180f99975a2e00ebd3	NCPPB 4394	ncppb_number	exact_full_identifier	NCPPB 4394																				no_hit	
7b161bfb386abf1bf06f	NCPPB 4397	ncppb_number	exact_full_identifier	NCPPB 4397																				no_hit	
2949c568c39af724b3a9	NCPPB 4398	ncppb_number	exact_full_identifier	NCPPB 4398																				no_hit	
a0d75e497e9c88f2e54c	NCPPB 4399	ncppb_number	exact_full_identifier	NCPPB 4399																				no_hit	
836f6efa7850f4fb23f7	NCPPB 4402	ncppb_number	exact_full_identifier	NCPPB 4402																				no_hit	
d4355e17da8f5e34e0d9	NCPPB 4403	ncppb_number	exact_full_identifier	NCPPB 4403																				no_hit	
ce9b0519c01f2ec01b6d	NCPPB 4404	ncppb_number	exact_full_identifier	NCPPB 4404																				no_hit	
430fbc19c290183f472f	NCPPB 4405	ncppb_number	exact_full_identifier	NCPPB 4405																				no_hit	
2781f6fa01dd7a6057c1	NCPPB 4407	ncppb_number	exact_full_identifier	NCPPB 4407																				no_hit	
d77ac17e82bfc5fd1754	NCPPB 4409	ncppb_number	exact_full_identifier	NCPPB 4409																				no_hit	
e6c4b5af830e8c511d9d	NCPPB 4410	ncppb_number	exact_full_identifier	NCPPB 4410																				no_hit	
45d51b2b535d8e98be69	NCPPB 4411	ncppb_number	exact_full_identifier	NCPPB 4411																				no_hit	
1dbd4cd12598bac76a36	NCPPB 4412	ncppb_number	exact_full_identifier	NCPPB 4412																				no_hit	
e09a781a988f39e541f4	NCPPB 4413	ncppb_number	exact_full_identifier	NCPPB 4413																				no_hit	
e617aba1eece6d1c3149	NCPPB 4414	ncppb_number	exact_full_identifier	NCPPB 4414																				no_hit	
91908ef0c7aab046d2c7	NCPPB 4415	ncppb_number	exact_full_identifier	NCPPB 4415																				no_hit	
e22b7d0d9fe6dc338335	NCPPB 4418	ncppb_number	exact_full_identifier	NCPPB 4418																				no_hit	
040d61d103a9a3d0a69b	NCPPB 4433	ncppb_number	exact_full_identifier	NCPPB 4433																				no_hit	
2e07e843c5ed5454d8df	NCPPB 4434	ncppb_number	exact_full_identifier	NCPPB 4434																				no_hit	
2a446703b1dca335b7cf	NCPPB 4435	ncppb_number	exact_full_identifier	NCPPB 4435																				no_hit	
d1ef8a70f637573f0fd0	NCPPB 4448	ncppb_number	exact_full_identifier	NCPPB 4448																				no_hit	
f12e69ccc287ccf6ec01	NCPPB 4449	ncppb_number	exact_full_identifier	NCPPB 4449																				no_hit	
ef43f256718c04e17211	NCPPB 4450	ncppb_number	exact_full_identifier	NCPPB 4450																				no_hit	
2313b4f1267d3fa1479e	NCPPB 4451	ncppb_number	exact_full_identifier	NCPPB 4451																				no_hit	
eb7e426deaff0faf2636	NCPPB 4584	ncppb_number	exact_full_identifier	NCPPB 4584																				no_hit	
a69bb29e35cd4f8934a4	NCPPB 4590	ncppb_number	exact_full_identifier	NCPPB 4590																				no_hit	
9ddc10af52390549590b	NCPPB 4600	ncppb_number	exact_full_identifier	NCPPB 4600																				no_hit	
3a0cf8e46d011734e8fc	NCPPB 4601	ncppb_number	exact_full_identifier	NCPPB 4601																				no_hit	
88b2d9f99244809c1e36	NCPPB 4613	ncppb_number	exact_full_identifier	NCPPB 4613																				no_hit	
1c0b7130b281fbabc6e5	NCPPB 4615	ncppb_number	exact_full_identifier	NCPPB 4615																				no_hit	
4815a914521216f95e02	NCPPB 4618	ncppb_number	exact_full_identifier	NCPPB 4618																				no_hit	
922545f3d3ab809ee8bc	NCPPB 4622	ncppb_number	exact_full_identifier	NCPPB 4622																				no_hit	
8750f5682b637edd3abd	NCPPB 4623	ncppb_number	exact_full_identifier	NCPPB 4623																				no_hit	
65a1946f3325f1233a59	NCPPB 4625	ncppb_number	exact_full_identifier	NCPPB 4625																				no_hit	
f2fc9615e2f2a34b6007	NCPPB 4631	ncppb_number	exact_full_identifier	NCPPB 4631																				no_hit	
9396936e687eee1426c5	NCPPB 4635	ncppb_number	exact_full_identifier	NCPPB 4635																				no_hit	
b2bb51872ab8ce0575de	NCPPB 4660	ncppb_number	exact_full_identifier	NCPPB 4660																				no_hit	
f69a1f69473cd0792735	NCPPB 4661	ncppb_number	exact_full_identifier	NCPPB 4661																				no_hit	
83ad4ac75181f68a0d97	NCPPB 4662	ncppb_number	exact_full_identifier	NCPPB 4662																				no_hit	
0dc8eac13b52336fec01	NCPPB 4663	ncppb_number	exact_full_identifier	NCPPB 4663																				no_hit	
03c79232109f29ef00b1	NCPPB 4664	ncppb_number	exact_full_identifier	NCPPB 4664																				no_hit	
ca3e438528f3a3306d4a	NCPPB 4665	ncppb_number	exact_full_identifier	NCPPB 4665																				no_hit	
fdd1b837c11522df0313	NCPPB 4666	ncppb_number	exact_full_identifier	NCPPB 4666																				no_hit	
d97a8421ddfcc4a03acd	NCPPB 4668	ncppb_number	exact_full_identifier	NCPPB 4668																				no_hit	
5e1bdcc213d858a95398	NCPPB 4669	ncppb_number	exact_full_identifier	NCPPB 4669																				no_hit	
bfec8062afe48665e1f8	NCPPB 4670	ncppb_number	exact_full_identifier	NCPPB 4670																				no_hit	
511bac5805b3447d39e5	NCPPB 4671	ncppb_number	exact_full_identifier	NCPPB 4671																				no_hit	
54945d6adfb638f7ff6d	NCPPB 4676	ncppb_number	exact_full_identifier	NCPPB 4676																				no_hit	
e5dcff8f4d82823b4883	NCPPB 4678	ncppb_number	exact_full_identifier	NCPPB 4678	49888164	SAMN49888164	Xanthomonas campestris pv. campestris	340	CFBP8914, NCPPB4678	xc6		CIRM-CFBP:8914	CIRM-CFBP			BioSample: SAMN49888164; xc6	Brassica napus subsp. oleifera (WOSR)	Serbia	2014		"{""biomaterial_provider"":[""CIRM-CFBP""],""collection_date"":[""2014""],""culture_collection"":[""CIRM-CFBP:8914""],""geo_loc_name"":[""Serbia""],""host"":[""Brassica napus subsp. oleifera (WOSR)""],""identified_by"":[""Tatjana Popovic""],""sample_type"":[""cell culture""],""strain"":[""xc6""]}"	.cache/ncbi/v2_1/efetch_fb49fcf5c2f6dce58c10306573e4f6c58da0b6b8f9c990f630c1da495a8a9c2e.xml	https://www.ncbi.nlm.nih.gov/biosample/SAMN49888164	ok	
887dc6d8d53789a6cbc3	NCPPB 4679	ncppb_number	exact_full_identifier	NCPPB 4679	49888165	SAMN49888165	Xanthomonas campestris pv. campestris	340	CFBP8915, NCPPB4679	xc9		CIRM-CFBP:8915	CIRM-CFBP			BioSample: SAMN49888165; xc9	Brassica napus subsp. oleifera (WOSR)	Serbia	2014		"{""biomaterial_provider"":[""CIRM-CFBP""],""collection_date"":[""2014""],""culture_collection"":[""CIRM-CFBP:8915""],""geo_loc_name"":[""Serbia""],""host"":[""Brassica napus subsp. oleifera (WOSR)""],""identified_by"":[""Tatjana Popovic""],""sample_type"":[""cell culture""],""strain"":[""xc9""]}"	.cache/ncbi/v2_1/efetch_fb49fcf5c2f6dce58c10306573e4f6c58da0b6b8f9c990f630c1da495a8a9c2e.xml	https://www.ncbi.nlm.nih.gov/biosample/SAMN49888165	ok	
94a5c210132bcab039e3	NCPPB 4693	ncppb_number	exact_full_identifier	NCPPB 4693																				no_hit	
639abcf2568368eddc0b	NCPPB 4698	ncppb_number	exact_full_identifier	NCPPB 4698																				no_hit	
02721e16d74340434b6b	NCPPB 4699	ncppb_number	exact_full_identifier	NCPPB 4699																				no_hit	
27310683a9e1e6d528a2	NCPPB 4700	ncppb_number	exact_full_identifier	NCPPB 4700																				no_hit	
043f742a8e9a1f5be806	NCPPB 4701	ncppb_number	exact_full_identifier	NCPPB 4701																				no_hit	
88a303b3845d6d11c6f4	NCPPB 4702	ncppb_number	exact_full_identifier	NCPPB 4702																				no_hit	
4530921b56566c35ac8e	NCPPB 4703	ncppb_number	exact_full_identifier	NCPPB 4703																				no_hit	
3f0aae0c6cae448aa2c6	NCPPB 4704	ncppb_number	exact_full_identifier	NCPPB 4704																				no_hit	
3e8efea1eef18eca5457	NCPPB 4705	ncppb_number	exact_full_identifier	NCPPB 4705																				no_hit	
6d26b0161c0a6ca57386	NCPPB 4706	ncppb_number	exact_full_identifier	NCPPB 4706																				no_hit	
d9ce6b730a492a721a89	NCPPB 4707	ncppb_number	exact_full_identifier	NCPPB 4707																				no_hit	
a45a95ad8fc80550fa67	NCPPB 4708	ncppb_number	exact_full_identifier	NCPPB 4708																				no_hit	
223f8f2ac7b095a9e5a9	NCPPB 4709	ncppb_number	exact_full_identifier	NCPPB 4709																				no_hit	
cc8e1de5a43e29e0b36c	NCPPB 4710	ncppb_number	exact_full_identifier	NCPPB 4710																				no_hit	
b3eabebce55ece38eae9	NCPPB 4711	ncppb_number	exact_full_identifier	NCPPB 4711																				no_hit	
c2c3bdd2e12f0f9d8db1	NCPPB 4712	ncppb_number	exact_full_identifier	NCPPB 4712																				no_hit	
4b94fdd44dba838b8219	NCPPB 4713	ncppb_number	exact_full_identifier	NCPPB 4713																				no_hit	
260f5f0c01d1c85d807a	NCPPB 4714	ncppb_number	exact_full_identifier	NCPPB 4714																				no_hit	
89b696b189adc11e8366	NCPPB 4715	ncppb_number	exact_full_identifier	NCPPB 4715																				no_hit	
d30791ddcac8255e3f81	NCPPB 4716	ncppb_number	exact_full_identifier	NCPPB 4716																				no_hit	
7bf966893b9a7cbe3ea2	NCPPB 4717	ncppb_number	exact_full_identifier	NCPPB 4717																				no_hit	
2c528218abd67874e836	NCPPB 4718	ncppb_number	exact_full_identifier	NCPPB 4718																				no_hit	
6a05677b4dee56710056	NCPPB 4719	ncppb_number	exact_full_identifier	NCPPB 4719																				no_hit	
ed9028685c698207f124	NCPPB 4720	ncppb_number	exact_full_identifier	NCPPB 4720																				no_hit	
480b567f27e7faa1d978	NCPPB 4721	ncppb_number	exact_full_identifier	NCPPB 4721																				no_hit	
49bbb66006d915304731	NCPPB 4722	ncppb_number	exact_full_identifier	NCPPB 4722																				no_hit	
e1aa37514a3b2ab4b810	NCPPB 4727	ncppb_number	exact_full_identifier	NCPPB 4727																				no_hit	
0ba895d527e9c71131ca	NCPPB 4728	ncppb_number	exact_full_identifier	NCPPB 4728																				no_hit	
03d3f371c782cddc3158	NCPPB 4729	ncppb_number	exact_full_identifier	NCPPB 4729																				no_hit	
ac76d05df61d936e8083	NCPPB 4730	ncppb_number	exact_full_identifier	NCPPB 4730																				no_hit	
8ccd430074eb991bd617	NCPPB 4731	ncppb_number	exact_full_identifier	NCPPB 4731																				no_hit	
869e5cb1274d4727db93	NCPPB 4732	ncppb_number	exact_full_identifier	NCPPB 4732																				no_hit	
42a70bda1f53e9b68e39	NCPPB 4733	ncppb_number	exact_full_identifier	NCPPB 4733																				no_hit	
924c5b78078d2140855a	NCPPB 4753	ncppb_number	exact_full_identifier	NCPPB 4753																				no_hit	
2eaa396348a2150f4d62	NCPPB 4754	ncppb_number	exact_full_identifier	NCPPB 4754																				no_hit	
5c317bed0f84180d35f7	NCPPB 4755	ncppb_number	exact_full_identifier	NCPPB 4755																				no_hit	
9e7d2a4b545ebf2926e3	NCPPB 4763	ncppb_number	exact_full_identifier	NCPPB 4763																				no_hit	
2215a2f1d90bd1dca6d1	NCPPB 4770	ncppb_number	exact_full_identifier	NCPPB 4770																				no_hit	
de67fba646aa12379515	NCPPB 4771	ncppb_number	exact_full_identifier	NCPPB 4771																				no_hit	
20cc497f8d8c8fe4bc18	NCPPB 1683	other_references	expected_genus:Stenotrophomonas	ATCC	2441648	SAMN02441648	Stenotrophomonas hibiscicola ATCC 19867	1279018	Generic sample from Stenotrophomonas maltophilia ATCC 19867	ATCC 19867		ATCC:19867				BioSample: SAMN02441648; ARNB		Missing	Missing		"{""GOLD Stamp ID"":[""Gi15375""],""Isolation Site"":[""Plant""],""Type Strain"":[""No""],""alt_elev"":[""Missing""],""biotic_relationship"":[""Missing""],""collection_date"":[""Missing""],""country"":[""Missing""],""culture-collection"":[""ATCC:19867""],""environment"":[""Host""],""isol_growth_condt"":[""Missing""],""lat_lon"":[""Missing""],""project_name"":[""Stenotrophomonas maltophilia ATCC 19867""],""ref_biomaterial"":[""ATCC 19867""],""rel_to_oxygen"":[""Missing""],""strain"":[""ATCC 19867""],""trophic_level"":[""Missing""],""type-material"":[""type strain of Pseudomonas hibiscicola""]}"	.cache/ncbi/v2_1/efetch_9a6b3525df161b5bebe32f3baffc9f81c75f0978908c4b9416c7b69b38741858.xml	https://www.ncbi.nlm.nih.gov/biosample/SAMN02441648	ok	
20cc497f8d8c8fe4bc18	NCPPB 1683	other_references	expected_genus:Stenotrophomonas	ATCC	37626383	SAMN37626383	Stenotrophomonas hibiscicola	86189	FRB3	ATCC 19867	Dairy farm waste					BioSample: SAMN37626383; FRB3; SRA: SRS19036752		Bangladesh: Nayabazar, Chittagong	2019-04-04	soil	"{""collection_date"":[""2019-04-04""],""geo_loc_name"":[""Bangladesh: Nayabazar, Chittagong""],""isolate"":[""Dairy farm waste""],""isolation_source"":[""soil""],""sample_type"":[""Microbial culture""],""strain"":[""ATCC 19867""],""type-material"":[""type strain of Pseudomonas hibiscicola""]}"	.cache/ncbi/v2_1/efetch_33f325d4639c5200deafc6e84bf5bbebfdd0c8529a362eede937d4d9df23d7ea.xml	https://www.ncbi.nlm.nih.gov/biosample/SAMN37626383	ok	
20cc497f8d8c8fe4bc18	NCPPB 1974	other_references	expected_genus:Stenotrophomonas	ATCC	5721779	SAMN05721779	Stenotrophomonas maltophilia	40324	CDPH_C51	ATCC 13637		ATCC:13637				BioSample: SAMN05721779; CDPH_C51; SRA: SRS1663161	missing	missing	missing	missing	"{""collected_by"":[""missing""],""collection_date"":[""missing""],""culture-collection"":[""ATCC:13637""],""geo_loc_name"":[""missing""],""host"":[""missing""],""host_disease"":[""missing""],""isolation_source"":[""missing""],""lat_lon"":[""missing""],""strain"":[""ATCC 13637""],""type-material"":[""type strain of Psedomonas maltophilia""]}"	.cache/ncbi/v2_1/efetch_3f582a594609bb470f3151d75429d96009724f647e7971ebfba655eb732c664f.xml	https://www.ncbi.nlm.nih.gov/biosample/SAMN05721779	ok	
20cc497f8d8c8fe4bc18; c5acff9677117344e2c2	NCPPB 1974	other_references	expected_genus:Stenotrophomonas	ATCC; DSM	31049491	SAMD00538104	Stenotrophomonas maltophilia	40324	Stenotrophomonas maltophilia NBRC 14161	NBRC 14161		NBRC:14161		NBRC 14161	AS 1.1788 ; ATCC 13637 ; BCRC 10737 ; CCM 1640 ; CCUG 559 B ; CCUG 5866 ; CFBP 3035 ; CIP 60.77 ; DSM 50170 ; IAM 12423 ; JCM 1975 ; LMG 958 ; NCAIM B.01119 ; NCCB 68018 ; NCIMB 9203 ; NCPPB 1974 ; NCTC 10257 ; NRRL B-2756 ; VKM B-591	BioSample: SAMD00538104		missing	missing	oropharyngeal region of patient with mouth cancer	"{""Other_CC"":[""AS 1.1788 ; ATCC 13637 ; BCRC 10737 ; CCM 1640 ; CCUG 559 B ; CCUG 5866 ; CFBP 3035 ; CIP 60.77 ; DSM 50170 ; IAM 12423 ; JCM 1975 ; LMG 958 ; NCAIM B.01119 ; NCCB 68018 ; NCIMB 9203 ; NCPPB 1974 ; NCTC 10257 ; NRRL B-2756 ; VKM B-591""],""collection_date"":[""missing""],""culture_collection"":[""NBRC:14161""],""geo_loc_name"":[""missing""],""history"":[""IFO 14161 <- Kansai Med. Univ. (E. Yabuuchi, KM 2491) <- NCTC 10257 <- ATCC 13637 <- R. Hugh, RH810-2""],""isolation_source"":[""oropharyngeal region of patient with mouth cancer""],""link"":[""http://purl.jp/bio/103/nite/nbrc/cultures/00014161""],""medium1"":[""802""],""medium1_URL"":[""http://purl.jp/bio/103/nite/nbrc/medium/000802""],""rehydration_fluid_URL"":[""http://purl.jp/bio/103/nite/nbrc/medium/000702""],""rehydration_fluid_no"":[""702""],""repository"":[""NITE Biological Resource Center""],""sample_name"":[""NBRC 14161""],""sample_type"":[""cell culture""],""strain"":[""NBRC 14161""],""temperature_to"":[""30""],""type-material"":[""type strain of Psedomonas maltophilia""],""type_status"":[""type strain""],""validity"":[""Y""]}"	.cache/ncbi/v2_1/efetch_85988f61703dd600cd34c3eee12f0d55109c7c00f318febfa15ae3bf79a620a7.xml	https://www.ncbi.nlm.nih.gov/biosample/SAMD00538104	ok	
20cc497f8d8c8fe4bc18	NCPPB 1683	other_references	expected_genus:Stenotrophomonas	ATCC	13507659	SAMN13507659	Stenotrophomonas maltophilia	40324	Microbe sample from Stenotrophomonas maltophilia	ATCC 19867; AB021405	66					BioSample: SAMN13507659; DR66_R2A_02	Duellmanohyla rufioculis	Costa Rica: Monteverde	2012-05-22	Skin swaps DR	"{""collection_date"":[""2012-05-22""],""geo_loc_name"":[""Costa Rica: Monteverde""],""host"":[""Duellmanohyla rufioculis""],""isolate"":[""66""],""isolation_source"":[""Skin swaps DR""],""sample_type"":[""bacterial isolation""],""strain"":[""ATCC 19867; AB021405""]}"	.cache/ncbi/v2_1/efetch_5436aa06399483d326b3bb35b35449299ae8390c479f935bb1cdc706a2106a2a.xml	https://www.ncbi.nlm.nih.gov/biosample/SAMN13507659	ok	
20cc497f8d8c8fe4bc18	NCPPB 1683	other_references	expected_genus:Stenotrophomonas	ATCC	2194609	SAMN02194609	Stenotrophomonas maltophilia	40324	Sample from Stenotrophomonas maltophilia	ATCC 19867						BioSample: SAMN02194609; JGI: 31039; SRA: SRS438836					"{""STRAIN"":[""ATCC 19867""],""Sample Number"":[""None""]}"	.cache/ncbi/v2_1/efetch_9a6b3525df161b5bebe32f3baffc9f81c75f0978908c4b9416c7b69b38741858.xml	https://www.ncbi.nlm.nih.gov/biosample/SAMN02194609	ok	
7c594b0c6cb20d8bae53	NCPPB 4590	other_references	expected_genus:Xanthomonas	ATCC	47254572	SAMN47254572	Xanthomonas citri pv. citri	611301	Pathogen: clinical or host-associated sample from Xanthomonas citri pv. citri	ATCC 49118		ATCC:49118			T2	BioSample: SAMN47254572; ATCC49118; SRA: SRS24281959	Citrus x aurantiifolia	USA	1989	infected plant	"{""collected_by"":[""NSW Department of Primary Industries""],""collection_date"":[""1989""],""culture-collection"":[""ATCC:49118""],""geo_loc_name"":[""USA""],""host"":[""Citrus x aurantiifolia""],""host_disease"":[""canker type A""],""isolate-name-alias"":[""T2""],""isolation_source"":[""infected plant""],""lat_lon"":[""not collected""],""strain"":[""ATCC 49118""],""type-material"":[""type strain of Xanthomonas citri""]}"	.cache/ncbi/v2_1/efetch_fb49fcf5c2f6dce58c10306573e4f6c58da0b6b8f9c990f630c1da495a8a9c2e.xml	https://www.ncbi.nlm.nih.gov/biosample/SAMN47254572	ok	
7c594b0c6cb20d8bae53	NCPPB 973	other_references	expected_genus:Xanthomonas	ATCC	23026111	SAMN23026111	Xanthomonas translucens pv. translucens	134875	Microbe sample from Xanthomonas translucens pv. translucens	ATCC 19319		ATCC:19319				BioSample: SAMN23026111; BAC970b; SRA: SRS11062553	Barley	USA: Minnesota	missing		"{""collected_by"":[""Diane Cuppels""],""collection_date"":[""missing""],""culture-collection"":[""ATCC:19319""],""geo_loc_name"":[""USA: Minnesota""],""host"":[""Barley""],""identified_by"":[""J. Tambong""],""pathovar"":[""translucens""],""sample_type"":[""single cell""],""strain"":[""ATCC 19319""],""type-material"":[""pathotype strain of Xanthomonas translucens pv. translucens""]}"	.cache/ncbi/v2_1/efetch_37d8944caa924bec9d37b885aef8093954bac3495e037f63b1aeb634992f5a21.xml	https://www.ncbi.nlm.nih.gov/biosample/SAMN23026111	ok	
7c594b0c6cb20d8bae53	NCPPB 3230	other_references	expected_genus:Xanthomonas	ATCC	5258173	SAMN05258173	Xanthomonas graminis pv. poae	227946	Microbe sample from Xanthomonas graminis pv. poae	ATCC 33804		ATCC:33804				BioSample: SAMN05258173; X. translucens poad ATCC33804; SRA: SRS1860179	Poa trivialis	Switzerland	1978		"{""collected_by"":[""J. Herzog""],""collection_date"":[""1978""],""culture_collection"":[""ATCC:33804""],""geo_loc_name"":[""Switzerland""],""host"":[""Poa trivialis""],""pathovar"":[""poae""],""sample_type"":[""cell culture""],""strain"":[""ATCC 33804""],""type-material"":[""pathotype strain of Xanthomonas campestris pv. poae""]}"	.cache/ncbi/v2_1/efetch_3f582a594609bb470f3151d75429d96009724f647e7971ebfba655eb732c664f.xml	https://www.ncbi.nlm.nih.gov/biosample/SAMN05258173	ok	
7c594b0c6cb20d8bae53	NCPPB 881	other_references	expected_genus:Xanthomonas	ATCC	33574910	SAMN33574910	Xanthomonas hortorum ATCC 19865	925777	Microbe sample from Xanthomonas hortorum ATCC 19865	ATCC 19865		ATCC:19865				BioSample: SAMN33574910; X. gardneri ATCC19865; SRA: SRS16943530	tomato	Yugoslavia	1951		"{""collection_date"":[""1951""],""culture_collection"":[""ATCC:19865""],""geo_loc_name"":[""Yugoslavia""],""host"":[""tomato""],""sample_type"":[""Cell culture""],""strain"":[""ATCC 19865""],""type-material"":[""type strain of Pseudomonas gardneri""]}"	.cache/ncbi/v2_1/efetch_85988f61703dd600cd34c3eee12f0d55109c7c00f318febfa15ae3bf79a620a7.xml	https://www.ncbi.nlm.nih.gov/biosample/SAMN33574910	ok	
7c594b0c6cb20d8bae53	NCPPB 411	other_references	expected_genus:Xanthomonas	ATCC	43400626	SAMN43400626	Xanthomonas arboricola pv. juglandis	195709	MIGS Cultured Bacterial/Archaeal sample from Xanthomonas arboricola pv. juglandis	ATCC 49083						BioSample: SAMN43400626; ATCC 49083	Juglandis regia	New Zealand	1956		"{""collection_date"":[""1956""],""env_broad_scale"":[""not applicable""],""env_local_scale"":[""not applicable""],""env_medium"":[""Plant""],""geo_loc_name"":[""New Zealand""],""host"":[""Juglandis regia""],""isol_growth_condt"":[""YGCP medium 30""],""lat_lon"":[""Missing""],""num_replicons"":[""1""],""pathovar"":[""juglandis""],""ref_biomaterial"":[""Jacques MA et al. (2015)""],""strain"":[""ATCC 49083""],""type-material"":[""type strain of Xanthomonas arboricola""]}"	.cache/ncbi/v2_1/efetch_b8a2dc52465e775fad057a87fb6945e3cc9613c772e40d22a4935fdc66a59fd3.xml	https://www.ncbi.nlm.nih.gov/biosample/SAMN43400626	ok	
7c594b0c6cb20d8bae53; 6242a1c5f8aea9ade2e9; 3bfb311b4a97bebee373	NCPPB 1946	other_references	expected_genus:Xanthomonas	ATCC; ICMP; LMG	17385960	SAMN17385960	Xanthomonas campestris	339	MIGS Cultured Bacterial/Archaeal sample from Xanthomonas campestris	DAR-75960					X63, ICMP 1404, LMG 860, NCPPB 1946, CFBP 5827, ATCC 49079	BioSample: SAMN17385960; DAR-75960; SRA: SRS9061340	Raphanus sativus	USA	1940		"{""collection_date"":[""1940""],""env_broad_scale"":[""not applicable""],""env_local_scale"":[""not applicable""],""env_medium"":[""not applicable""],""geo_loc_name"":[""USA""],""host"":[""Raphanus sativus""],""isol_growth_condt"":[""https://doi.org/10.1111/j.1472-765X.2006.01887.x""],""isolate_name_alias"":[""X63, ICMP 1404, LMG 860, NCPPB 1946, CFBP 5827, ATCC 49079""],""lat_lon"":[""missing""],""num_replicons"":[""not collected""],""pathovar"":[""raphani""],""ref_biomaterial"":[""https://doi.org/10.1111/j.1365-3059.2005.01186.x""],""strain"":[""DAR-75960""]}"	.cache/ncbi/v2_1/efetch_d18021f24be666d2ee23fbd3549d1935b73b9e2719bdf190640e976f26b27a17.xml	https://www.ncbi.nlm.nih.gov/biosample/SAMN17385960	ok	
7c594b0c6cb20d8bae53	NCPPB 3035	other_references	expected_genus:Xanthomonas	ATCC	41997685	SAMN41997685	Xanthomonas phaseoli pv. phaseoli	317013	Microbe sample from Xanthomonas phaseoli pv. phaseoli	NCPPB 3035		NCPPB:3035	ex ATCC 9563 ex W.H. Burkholder XP20			BioSample: SAMN41997685; NCPPB3035; SRA: SRS21711569	Phaseolus vulgaris	USA	Not collected		"{""biomaterial_provider"":[""ex ATCC 9563 ex W.H. Burkholder XP20""],""collection_date"":[""Not collected""],""culture_collection"":[""NCPPB:3035""],""geo_loc_name"":[""USA""],""host"":[""Phaseolus vulgaris""],""pathovar"":[""phaseoli""],""sample_type"":[""Cell culture""],""strain"":[""NCPPB 3035""],""type-material"":[""pathotype strain of Xanthomonas phaseoli pv. phaseoli""]}"	.cache/ncbi/v2_1/efetch_94bc73f4953fbbd6003a6f71ebdfb4c8230335def592901b6432b2f2b09cab5b.xml	https://www.ncbi.nlm.nih.gov/biosample/SAMN41997685	ok	
7c594b0c6cb20d8bae53	NCPPB 881	other_references	expected_genus:Xanthomonas	ATCC	9704275	SAMN09704275	Xanthomonas hortorum ATCC 19865	925777	Microbe sample from Xanthomonas hortorum ATCC 19865	NCPPB 881			NCPPB: 881			BioSample: SAMN09704275; NCPPB 881; SRA: SRS3615064	Solanum lycopersicum	Yugoslavia	missing	missing	"{""biomaterial_provider"":[""NCPPB: 881""],""collected_by"":[""Sutic D.""],""collection_date"":[""missing""],""geo_loc_name"":[""Yugoslavia""],""host"":[""Solanum lycopersicum""],""isolation_source"":[""missing""],""sample_type"":[""missing""],""strain"":[""NCPPB 881""],""type-material"":[""type strain of Pseudomonas gardneri""]}"	.cache/ncbi/v2_1/efetch_00f24fdff8e637d10976460b8101e1e572fb7d22cd0bf10df0471841ca0c84a4.xml	https://www.ncbi.nlm.nih.gov/biosample/SAMN09704275	ok	
7c594b0c6cb20d8bae53	NCPPB 881	other_references	expected_genus:Xanthomonas	ATCC	2471772	SAMN02471772	Xanthomonas hortorum ATCC 19865	925777	Sample from Xanthomonas hortorum ATCC 19865	ATCC 19865		ATCC:19865				BioSample: SAMN02471772; AEQX					"{""culture-collection"":[""ATCC:19865""],""strain"":[""ATCC 19865""],""type-material"":[""type strain of Pseudomonas gardneri""]}"	.cache/ncbi/v2_1/efetch_735d8f8ccf46cf9f5e2f29e314c8634be72cb116fa0e8a003a1726550bbc0b46.xml	https://www.ncbi.nlm.nih.gov/biosample/SAMN02471772	ok	
7c594b0c6cb20d8bae53; 6242a1c5f8aea9ade2e9; 3bfb311b4a97bebee373	NCPPB 1935	other_references	expected_genus:Xanthomonas	ATCC; ICMP; LMG	28580523	SAMEA14107389	Xanthomonas campestris pv. nigromaculans	487879	Xanthomonas campestris pv. nigromaculans NCPPB 1935	NCPPB 1935		BCCM/LMG:787; NCPPB:1935; ICMP:80; ATCC:23390		NCPPB 1935		BioSample: SAMEA14107389; SRA: ERS11710466			1959		"{""ENA first public"":[""2022-05-21""],""ENA last update"":[""2022-05-21""],""ENA-CHECKLIST"":[""ERC000011""],""External Id"":[""SAMEA14107389""],""INSDC center alias"":[""Zurich University of Applied Sciences (ZHAW), School of Life Sciences and Facility Management, Institute of Natural Resource Sciences""],""INSDC center name"":[""Zurich University of Applied Sciences (ZHAW), School of Life Sciences and Facility Management, Institute of Natural Resource Sciences""],""INSDC first public"":[""2022-05-21T00:14:59Z""],""INSDC last update"":[""2022-05-21T00:14:59Z""],""INSDC status"":[""public""],""Submitter Id"":[""NCPPB 1935""],""collected by"":[""N. Okabe""],""collection date"":[""1959""],""culture collection"":[""BCCM/LMG:787"",""NCPPB:1935"",""ICMP:80"",""ATCC:23390""],""geographic location (country and/or sea)"":[""Japan""],""pathovar"":[""nigromaculans""],""sample name"":[""NCPPB 1935""],""strain"":[""NCPPB 1935""]}"	.cache/ncbi/v2_1/efetch_45a5e49e2e7d932eb0583eea59f97e8c82ea5ce0447f75ff8ca54f1efae61e77.xml	https://www.ncbi.nlm.nih.gov/biosample/SAMEA14107389	ok	
7c594b0c6cb20d8bae53	NCPPB 4618	other_references	expected_genus:Xanthomonas	ATCC	26806290	SAMN26806290	Xanthomonas phaseoli pv. phaseoli	317013	Microbe sample from Xanthomonas phaseoli pv. phaseoli	ATCC 49119						BioSample: SAMN26806290; Xanthomonas phaseoli pv. phaseoli ATCC 49119	Common bean	USA	1989-01-01		"{""collection_date"":[""1989-01-01""],""geo_loc_name"":[""USA""],""host"":[""Common bean""],""pathovar"":[""phaseoli""],""sample_type"":[""single cell""],""strain"":[""ATCC 49119""],""type-material"":[""type strain of Xanthomonas phaseoli""]}"	.cache/ncbi/v2_1/efetch_29caedd50e27adb4a33971de52b20c96f50f4309bbd103de88be8f9cce15a81f.xml	https://www.ncbi.nlm.nih.gov/biosample/SAMN26806290	ok	
7c594b0c6cb20d8bae53	NCPPB 2968	other_references	expected_genus:Xanthomonas	ATCC	23026081	SAMN23026081	Xanthomonas euvesicatoria pv. euvesicatoria	2753541	Microbe sample from Xanthomonas euvesicatoria pv. euvesicatoria	ATCC 11633		ATCC:11633				BioSample: SAMN23026081; BAC889b; SRA: SRS11062518	pepper	USA: New Jersey	missing		"{""collected_by"":[""Diane Cuppels""],""collection_date"":[""missing""],""culture-collection"":[""ATCC:11633""],""geo_loc_name"":[""USA: New Jersey""],""host"":[""pepper""],""identified_by"":[""J. Tambong""],""pathovar"":[""euvesicatoria""],""sample_type"":[""single cell""],""strain"":[""ATCC 11633""],""type-material"":[""type strain of Xanthomonas euvesicatoria""]}"	.cache/ncbi/v2_1/efetch_37d8944caa924bec9d37b885aef8093954bac3495e037f63b1aeb634992f5a21.xml	https://www.ncbi.nlm.nih.gov/biosample/SAMN23026081	ok	
7c594b0c6cb20d8bae53; d8b511f6d1746cf44180; 6242a1c5f8aea9ade2e9; 3bfb311b4a97bebee373	NCPPB 935	other_references	expected_genus:Xanthomonas	ATCC; CFBP; ICMP; LMG	21223412	SAMEA7984667	Xanthomonas arboricola pv. corylina	487821	Xanthomonas arboricola pv. corylina CFBP 1159	CFBP 1159		BCCM/LMG:689; NCPPB:935; ICMP:5726; DSM:60239; ATCC:19313; CFBP:1159		CFBP 1159		BioSample: SAMEA7984667; SRA: ERS5671950	Corylus maxima		1939	leaf spots	"{""ENA first public"":[""2021-08-23""],""ENA last update"":[""2021-08-23""],""ENA-CHECKLIST"":[""ERC000011""],""External Id"":[""SAMEA7984667""],""INSDC center alias"":[""Zurich University of Applied Sciences (ZHAW), School of Life Sciences and Facility Management, Institute of Natural Resource Sciences""],""INSDC center name"":[""Zurich University of Applied Sciences (ZHAW), School of Life Sciences and Facility Management, Institute of Natural Resource Sciences""],""INSDC first public"":[""2021-08-23T12:14:52Z""],""INSDC last update"":[""2021-08-23T12:14:52Z""],""INSDC status"":[""public""],""Submitter Id"":[""CFBP 1159""],""collected by"":[""P.W. Miller""],""collection date"":[""1939""],""culture collection"":[""BCCM/LMG:689"",""NCPPB:935"",""ICMP:5726"",""DSM:60239"",""ATCC:19313"",""CFBP:1159""],""geographic location (country and/or sea)"":[""USA""],""geographic location (region and locality)"":[""Oregon""],""host health state"":[""diseased""],""host scientific name"":[""Corylus maxima""],""isolation source"":[""leaf spots""],""pathovar"":[""corylina""],""sample name"":[""CFBP 1159""],""strain"":[""CFBP 1159""]}"	.cache/ncbi/v2_1/efetch_37d8944caa924bec9d37b885aef8093954bac3495e037f63b1aeb634992f5a21.xml	https://www.ncbi.nlm.nih.gov/biosample/SAMEA7984667	ok	
7c594b0c6cb20d8bae53	NCPPB 571	other_references	expected_genus:Xanthomonas	ATCC	14601050	SAMN14601050	Xanthomonas campestris pv. badrii	149696	Microbe sample from Xanthomonas campestris pv. badrii	NEB122		ATCC:11672				BioSample: SAMN14601050; Xanthomonas badrii NEB122; SRA: SRS6501074		NA	NA	missing	"{""collection_date"":[""NA""],""culture_collection"":[""ATCC:11672""],""geo_loc_name"":[""NA""],""isolation_source"":[""missing""],""pathovar"":[""badrii""],""sample_type"":[""cell culture""],""strain"":[""NEB122""],""type-material"":[""pathotype strain of Xanthomonas campestris pv. badrii""]}"	.cache/ncbi/v2_1/efetch_5436aa06399483d326b3bb35b35449299ae8390c479f935bb1cdc706a2106a2a.xml	https://www.ncbi.nlm.nih.gov/biosample/SAMN14601050	ok	
7c594b0c6cb20d8bae53	NCPPB 2567	other_references	expected_genus:Xanthomonas	ATCC	10290145	SAMN10290145	Xanthomonas cucurbitae	56453	Microbe sample from Xanthomonas cucurbitae	ATCC 23378		ATCC:23378	ATCC			BioSample: SAMN10290145; Xc_ATCC23378_SPAdes; SRA: SRS5430043	Cucurbita maxima	USA: New York	1926		"{""biomaterial_provider"":[""ATCC""],""collected_by"":[""MP Starr""],""collection_date"":[""1926""],""culture_collection"":[""ATCC:23378""],""geo_loc_name"":[""USA: New York""],""host"":[""Cucurbita maxima""],""identified_by"":[""Bryan""],""sample_type"":[""cell culture""],""strain"":[""ATCC 23378""]}"	.cache/ncbi/v2_1/efetch_00f24fdff8e637d10976460b8101e1e572fb7d22cd0bf10df0471841ca0c84a4.xml	https://www.ncbi.nlm.nih.gov/biosample/SAMN10290145	ok	
7c594b0c6cb20d8bae53	NCPPB 528	other_references	expected_genus:Xanthomonas	ATCC	2603845	SAMN02603845	Xanthomonas campestris pv. campestris str. ATCC 33913	190485	Sample from Xanthomonas campestris pv. campestris str. ATCC 33913	ATCC 33913		ATCC:33913				BioSample: SAMN02603845; AE008922					"{""culture-collection"":[""ATCC:33913""],""pathovar"":[""campestris""],""strain"":[""ATCC 33913""],""type-material"":[""type strain of Xanthomonas campestris""]}"	.cache/ncbi/v2_1/efetch_735d8f8ccf46cf9f5e2f29e314c8634be72cb116fa0e8a003a1726550bbc0b46.xml	https://www.ncbi.nlm.nih.gov/biosample/SAMN02603845	ok	
7c594b0c6cb20d8bae53	NCPPB 422	other_references	expected_genus:Xanthomonas	ATCC	2471773	SAMN02471773	Xanthomonas vesicatoria ATCC 35937	925775	Sample from Xanthomonas vesicatoria ATCC 35937	ATCC 35937		ATCC:35937				BioSample: SAMN02471773; AEQV					"{""culture-collection"":[""ATCC:35937""],""strain"":[""ATCC 35937""],""type-material"":[""type strain of Xanthomonas vesicatoria""]}"	.cache/ncbi/v2_1/efetch_735d8f8ccf46cf9f5e2f29e314c8634be72cb116fa0e8a003a1726550bbc0b46.xml	https://www.ncbi.nlm.nih.gov/biosample/SAMN02471773	ok	
7c594b0c6cb20d8bae53	NCPPB 3002	other_references	expected_genus:Xanthomonas	ATCC	2440720	SAMN02440720	Xanthomonas oryzae ATCC 35933	1313303	Generic sample from Xanthomonas oryzae ATCC 35933	ATCC 35933		ATCC:35933				BioSample: SAMN02440720; AXVI; SRA: SRS712762	Oryza sativa	India			"{""GOLD Stamp ID"":[""Gi21348""],""Gram Staining"":[""Gram-""],""Isolation Site"":[""Oryza sativa, leaf blight and wilt""],""Type Strain"":[""Yes""],""country"":[""India""],""culture-collection"":[""ATCC:35933""],""host"":[""Oryza sativa""],""project_name"":[""Xanthomonas oryzae ATCC 35933""],""strain"":[""ATCC 35933""],""type-material"":[""type strain of Xanthomonas oryzae""]}"	.cache/ncbi/v2_1/efetch_9a6b3525df161b5bebe32f3baffc9f81c75f0978908c4b9416c7b69b38741858.xml	https://www.ncbi.nlm.nih.gov/biosample/SAMN02440720	ok	
d8b511f6d1746cf44180	NCPPB 633	other_references	expected_genus:Xanthomonas	CFBP	7418358	SAMN07418358	Xanthomonas citri pv. malvacearum	86040	Microbe sample from Xanthomonas citri pv. malvacearum		SU58011	CFBP:2530	CIRM-CFBP			BioSample: SAMN07418358; SU58011; SRA: SRS2408571	Gossypium hirsutum	Sudan	1958		"{""biomaterial_provider"":[""CIRM-CFBP""],""collected_by"":[""Last F.T.""],""collection_date"":[""1958""],""culture_collection"":[""CFBP:2530""],""geo_loc_name"":[""Sudan""],""host"":[""Gossypium hirsutum""],""isolate"":[""SU58011""],""pathovar"":[""malvacearum""],""sample_type"":[""cell culture""]}"	.cache/ncbi/v2_1/efetch_f7100daa816e4896d362060a32920fa7a17f8abd47e04a2fa9fddcf4d3daeab9.xml	https://www.ncbi.nlm.nih.gov/biosample/SAMN07418358	ok	
d8b511f6d1746cf44180	NCPPB 1633	other_references	expected_genus:Xanthomonas	CFBP	7252112	SAMN07252112	Xanthomonas citri pv. vignicola	473426	Microbe sample from Xanthomonas citri pv. vignicola	CFBP7111		CIRM-CFBP:7111	CFBP			BioSample: SAMN07252112; CFBP7111	Cowpea	USA: Texas	1942		"{""biomaterial_provider"":[""CFBP""],""collected_by"":[""Burkholder W.H.""],""collection_date"":[""1942""],""culture_collection"":[""CIRM-CFBP:7111""],""geo_loc_name"":[""USA: Texas""],""host"":[""Cowpea""],""pathovar"":[""vignicola""],""sample_type"":[""cell culture""],""strain"":[""CFBP7111""]}"	.cache/ncbi/v2_1/efetch_f7100daa816e4896d362060a32920fa7a17f8abd47e04a2fa9fddcf4d3daeab9.xml	https://www.ncbi.nlm.nih.gov/biosample/SAMN07252112	ok	
d8b511f6d1746cf44180	NCPPB 1838	other_references	expected_genus:Xanthomonas	CFBP	7252091	SAMN07252091	Xanthomonas citri pv. vignicola	473426	Microbe sample from Xanthomonas citri pv. vignicola	CFBP7112		CIRM-CFBP:7112	CFBP			BioSample: SAMN07252091; CFBP7112	Cowpea	unknown	1942		"{""biomaterial_provider"":[""CFBP""],""collected_by"":[""Burkholder W.H.""],""collection_date"":[""1942""],""culture_collection"":[""CIRM-CFBP:7112""],""geo_loc_name"":[""unknown""],""host"":[""Cowpea""],""pathovar"":[""vignicola""],""sample_type"":[""cell culture""],""strain"":[""CFBP7112""],""type-material"":[""pathotype strain of Xanthomonas citri pv. vignicola""]}"	.cache/ncbi/v2_1/efetch_f7100daa816e4896d362060a32920fa7a17f8abd47e04a2fa9fddcf4d3daeab9.xml	https://www.ncbi.nlm.nih.gov/biosample/SAMN07252091	ok	
d8b511f6d1746cf44180	NCPPB 2061	other_references	expected_genus:Xanthomonas	CFBP	7251989	SAMN07251989	Xanthomonas citri pv. vignicola	473426	Microbe sample from Xanthomonas citri pv. vignicola	CFBP7113		CIRM-CFBP:7113	CFBP			BioSample: SAMN07251989; CFBP7113	Cowpea	Sudan	1966		"{""biomaterial_provider"":[""CFBP""],""collected_by"":[""Sabet K.A.""],""collection_date"":[""1966""],""culture_collection"":[""CIRM-CFBP:7113""],""geo_loc_name"":[""Sudan""],""host"":[""Cowpea""],""pathovar"":[""vignicola""],""sample_type"":[""cell culture""],""strain"":[""CFBP7113""]}"	.cache/ncbi/v2_1/efetch_f7100daa816e4896d362060a32920fa7a17f8abd47e04a2fa9fddcf4d3daeab9.xml	https://www.ncbi.nlm.nih.gov/biosample/SAMN07251989	ok	
d8b511f6d1746cf44180	NCPPB 2969	other_references	expected_genus:Xanthomonas	CFBP	37985479	SAMN37985479	Xanthomonas albilineans	29447	Xal control, rep 1	CFBP 2523						BioSample: SAMN37985479; SRA: SRS19284080; GEO: GSM7865606		missing	missing		"{""collection_date"":[""missing""],""geo_loc_name"":[""missing""],""source_name"":[""CFBP 2523""],""strain"":[""CFBP 2523""],""treatment"":[""untreated""],""type-material"":[""type strain of Xanthomonas albilineans""]}"	.cache/ncbi/v2_1/efetch_3a239b2df6180270b1a8e23c97c382a5dade709fc6159aae5c28bbc7c265d089.xml	https://www.ncbi.nlm.nih.gov/biosample/SAMN37985479	ok	
d8b511f6d1746cf44180	NCPPB 2969	other_references	expected_genus:Xanthomonas	CFBP	37985478	SAMN37985478	Xanthomonas albilineans	29447	Xal control, rep 2	CFBP 2523						BioSample: SAMN37985478; SRA: SRS19284079; GEO: GSM7865607		missing	missing		"{""collection_date"":[""missing""],""geo_loc_name"":[""missing""],""source_name"":[""CFBP 2523""],""strain"":[""CFBP 2523""],""treatment"":[""untreated""],""type-material"":[""type strain of Xanthomonas albilineans""]}"	.cache/ncbi/v2_1/efetch_3a239b2df6180270b1a8e23c97c382a5dade709fc6159aae5c28bbc7c265d089.xml	https://www.ncbi.nlm.nih.gov/biosample/SAMN37985478	ok	
d8b511f6d1746cf44180	NCPPB 2969	other_references	expected_genus:Xanthomonas	CFBP	37985477	SAMN37985477	Xanthomonas albilineans	29447	Xal control, rep 3	CFBP 2523						BioSample: SAMN37985477; SRA: SRS19284081; GEO: GSM7865608		missing	missing		"{""collection_date"":[""missing""],""geo_loc_name"":[""missing""],""source_name"":[""CFBP 2523""],""strain"":[""CFBP 2523""],""treatment"":[""untreated""],""type-material"":[""type strain of Xanthomonas albilineans""]}"	.cache/ncbi/v2_1/efetch_3a239b2df6180270b1a8e23c97c382a5dade709fc6159aae5c28bbc7c265d089.xml	https://www.ncbi.nlm.nih.gov/biosample/SAMN37985477	ok	
d8b511f6d1746cf44180	NCPPB 2969	other_references	expected_genus:Xanthomonas	CFBP	37985476	SAMN37985476	Xanthomonas albilineans	29447	Xal control, rep 4	CFBP 2523						BioSample: SAMN37985476; SRA: SRS19284087; GEO: GSM7865609		missing	missing		"{""collection_date"":[""missing""],""geo_loc_name"":[""missing""],""source_name"":[""CFBP 2523""],""strain"":[""CFBP 2523""],""treatment"":[""untreated""],""type-material"":[""type strain of Xanthomonas albilineans""]}"	.cache/ncbi/v2_1/efetch_3a239b2df6180270b1a8e23c97c382a5dade709fc6159aae5c28bbc7c265d089.xml	https://www.ncbi.nlm.nih.gov/biosample/SAMN37985476	ok	
d8b511f6d1746cf44180	NCPPB 2969	other_references	expected_genus:Xanthomonas	CFBP	37985475	SAMN37985475	Xanthomonas albilineans	29447	Xal treated with volatile dimethyl disulfide (DMDS), rep 1	CFBP 2523						BioSample: SAMN37985475; SRA: SRS19284082; GEO: GSM7865610		missing	missing		"{""collection_date"":[""missing""],""geo_loc_name"":[""missing""],""source_name"":[""CFBP 2523""],""strain"":[""CFBP 2523""],""treatment"":[""DMDS_treated""],""type-material"":[""type strain of Xanthomonas albilineans""]}"	.cache/ncbi/v2_1/efetch_3a239b2df6180270b1a8e23c97c382a5dade709fc6159aae5c28bbc7c265d089.xml	https://www.ncbi.nlm.nih.gov/biosample/SAMN37985475	ok	
d8b511f6d1746cf44180	NCPPB 2969	other_references	expected_genus:Xanthomonas	CFBP	37985474	SAMN37985474	Xanthomonas albilineans	29447	Xal treated with volatile dimethyl disulfide (DMDS), rep 2	CFBP 2523						BioSample: SAMN37985474; SRA: SRS19284084; GEO: GSM7865611		missing	missing		"{""collection_date"":[""missing""],""geo_loc_name"":[""missing""],""source_name"":[""CFBP 2523""],""strain"":[""CFBP 2523""],""treatment"":[""DMDS_treated""],""type-material"":[""type strain of Xanthomonas albilineans""]}"	.cache/ncbi/v2_1/efetch_3a239b2df6180270b1a8e23c97c382a5dade709fc6159aae5c28bbc7c265d089.xml	https://www.ncbi.nlm.nih.gov/biosample/SAMN37985474	ok	
d8b511f6d1746cf44180	NCPPB 2969	other_references	expected_genus:Xanthomonas	CFBP	37985473	SAMN37985473	Xanthomonas albilineans	29447	Xal treated with volatile dimethyl disulfide (DMDS), rep 3	CFBP 2523						BioSample: SAMN37985473; SRA: SRS19284083; GEO: GSM7865612		missing	missing		"{""collection_date"":[""missing""],""geo_loc_name"":[""missing""],""source_name"":[""CFBP 2523""],""strain"":[""CFBP 2523""],""treatment"":[""DMDS_treated""],""type-material"":[""type strain of Xanthomonas albilineans""]}"	.cache/ncbi/v2_1/efetch_3a239b2df6180270b1a8e23c97c382a5dade709fc6159aae5c28bbc7c265d089.xml	https://www.ncbi.nlm.nih.gov/biosample/SAMN37985473	ok	
d8b511f6d1746cf44180	NCPPB 2969	other_references	expected_genus:Xanthomonas	CFBP	37985472	SAMN37985472	Xanthomonas albilineans	29447	Xal treated ethanol (VOC-solvent), rep 1	CFBP 2523						BioSample: SAMN37985472; SRA: SRS19284085; GEO: GSM7865613		missing	missing		"{""collection_date"":[""missing""],""geo_loc_name"":[""missing""],""source_name"":[""CFBP 2523""],""strain"":[""CFBP 2523""],""treatment"":[""Ethanol_treated""],""type-material"":[""type strain of Xanthomonas albilineans""]}"	.cache/ncbi/v2_1/efetch_3a239b2df6180270b1a8e23c97c382a5dade709fc6159aae5c28bbc7c265d089.xml	https://www.ncbi.nlm.nih.gov/biosample/SAMN37985472	ok	
d8b511f6d1746cf44180	NCPPB 2969	other_references	expected_genus:Xanthomonas	CFBP	37985471	SAMN37985471	Xanthomonas albilineans	29447	Xal treated ethanol (VOC-solvent), rep 2	CFBP 2523						BioSample: SAMN37985471; SRA: SRS19284086; GEO: GSM7865614		missing	missing		"{""collection_date"":[""missing""],""geo_loc_name"":[""missing""],""source_name"":[""CFBP 2523""],""strain"":[""CFBP 2523""],""treatment"":[""Ethanol_treated""],""type-material"":[""type strain of Xanthomonas albilineans""]}"	.cache/ncbi/v2_1/efetch_3a239b2df6180270b1a8e23c97c382a5dade709fc6159aae5c28bbc7c265d089.xml	https://www.ncbi.nlm.nih.gov/biosample/SAMN37985471	ok	
d8b511f6d1746cf44180	NCPPB 2969	other_references	expected_genus:Xanthomonas	CFBP	37985470	SAMN37985470	Xanthomonas albilineans	29447	Xal treated ethanol (VOC-solvent), rep 3	CFBP 2523						BioSample: SAMN37985470; SRA: SRS19284088; GEO: GSM7865615		missing	missing		"{""collection_date"":[""missing""],""geo_loc_name"":[""missing""],""source_name"":[""CFBP 2523""],""strain"":[""CFBP 2523""],""treatment"":[""Ethanol_treated""],""type-material"":[""type strain of Xanthomonas albilineans""]}"	.cache/ncbi/v2_1/efetch_3a239b2df6180270b1a8e23c97c382a5dade709fc6159aae5c28bbc7c265d089.xml	https://www.ncbi.nlm.nih.gov/biosample/SAMN37985470	ok	
d8b511f6d1746cf44180	NCPPB 2969	other_references	expected_genus:Xanthomonas	CFBP	37985469	SAMN37985469	Xanthomonas albilineans	29447	Xal treated ethanol (VOC-solvent), rep 4	CFBP 2523						BioSample: SAMN37985469; SRA: SRS19284089; GEO: GSM7865616		missing	missing		"{""collection_date"":[""missing""],""geo_loc_name"":[""missing""],""source_name"":[""CFBP 2523""],""strain"":[""CFBP 2523""],""treatment"":[""Ethanol_treated""],""type-material"":[""type strain of Xanthomonas albilineans""]}"	.cache/ncbi/v2_1/efetch_3a239b2df6180270b1a8e23c97c382a5dade709fc6159aae5c28bbc7c265d089.xml	https://www.ncbi.nlm.nih.gov/biosample/SAMN37985469	ok	
d8b511f6d1746cf44180	NCPPB 2821	other_references	expected_genus:Xanthomonas	CFBP	18753780	SAMN18753780	Xanthomonas translucens pv. undulosa	487909	Xanthomonas translucens pv. undulosa CFBP 2055	CFBP 2055						BioSample: SAMN18753780; XTU_CFBP2055	Triticum turgidum subsp. durum	Canada	1966		"{""collected_by"":[""W.A.F. Hagborg""],""collection_date"":[""1966""],""geo_loc_name"":[""Canada""],""host"":[""Triticum turgidum subsp. durum""],""pathovar"":[""undulosa""],""sample_type"":[""whole organism""],""strain"":[""CFBP 2055""],""type-material"":[""pathotype strain of Xanthomonas translucens pv. undulosa""]}"	.cache/ncbi/v2_1/efetch_cbe376b0c133682caa7daeaad578e491957f7de946720278e1c8d38e13a3b4b6.xml	https://www.ncbi.nlm.nih.gov/biosample/SAMN18753780	ok	
d8b511f6d1746cf44180	NCPPB 2822	other_references	expected_genus:Xanthomonas	CFBP	18753387	SAMN18753387	Xanthomonas translucens pv. secalis	487908	Xanthomonas translucens pv. secalis CFBP 2539	CFBP 2539		CFBP:2539				BioSample: SAMN18753387; XTS_CFBP2539		Canada	1966	Secale cereale	"{""collected_by"":[""W.A.F. Hagborg""],""collection_date"":[""1966""],""culture_collection"":[""CFBP:2539""],""geo_loc_name"":[""Canada""],""isolation_source"":[""Secale cereale""],""lat_lon"":[""missing""],""pathovar"":[""secalis""],""strain"":[""CFBP 2539""],""type-material"":[""pathotype strain of Xanthomonas translucens pv. secalis""]}"	.cache/ncbi/v2_1/efetch_cbe376b0c133682caa7daeaad578e491957f7de946720278e1c8d38e13a3b4b6.xml	https://www.ncbi.nlm.nih.gov/biosample/SAMN18753387	ok	
d8b511f6d1746cf44180	NCPPB 2700	other_references	expected_genus:Xanthomonas	CFBP	3892232	SAMN03892232	Xanthomonas graminis pv. graminis	134874	Xanthomonas translucens pv. graminis str. CFBP 2053	CFBP 2053			CFBP			BioSample: SAMN03892232; XTG_CFBP2053	Dactylis glomerata	Switzerland	1973	missing	"{""biomaterial_provider"":[""CFBP""],""collected_by"":[""T. Egli""],""collection_date"":[""1973""],""geo_loc_name"":[""Switzerland""],""host"":[""Dactylis glomerata""],""isolation_source"":[""missing""],""pathovar"":[""graminis""],""sample_type"":[""whole organism""],""strain"":[""CFBP 2053""],""type-material"":[""pathotype strain of Xanthomonas campestris pv. graminis""]}"	.cache/ncbi/v2_1/efetch_1d87dd683a4b2a45cb6cf73549ea1a6c05b4fa06096e52901c1da51e76c76b7b.xml	https://www.ncbi.nlm.nih.gov/biosample/SAMN03892232	ok	
d8b511f6d1746cf44180	NCPPB 1944	other_references	expected_genus:Xanthomonas	CFBP	3246830	SAMN03246830	Xanthomonas cerealis pv. cerealis	152263	Xanthomonas translucens pv. cerealis str. CFBP 2541	CFBP 2541			CFBP			BioSample: SAMN03246830; XTC_CFBP2541		USA	1941	missing	"{""biomaterial_provider"":[""CFBP""],""collected_by"":[""J.R. Wallin""],""collection_date"":[""1941""],""geo_loc_name"":[""USA""],""ihost"":[""Bromus inermis""],""isolation_source"":[""missing""],""nat-host"":[""Bromus inermis""],""pathovar"":[""cerealis""],""sample_type"":[""whole organism""],""strain"":[""CFBP 2541""],""type-material"":[""pathotype strain of Xanthomonas translucens f. sp. cerealis""]}"	.cache/ncbi/v2_1/efetch_1d87dd683a4b2a45cb6cf73549ea1a6c05b4fa06096e52901c1da51e76c76b7b.xml	https://www.ncbi.nlm.nih.gov/biosample/SAMN03246830	ok	
d8b511f6d1746cf44180	NCPPB 490	other_references	expected_genus:Xanthomonas	CFBP	41471108	SAMN41471108	Xanthomonas citri pv. mangiferaeindicae	454594	MIGS Cultured Bacterial/Archaeal sample from Xanthomonas citri pv. mangiferaeindicae	CFBP 1716						BioSample: SAMN41471108; CFBP1716	Mango	India	1957		"{""chem_administration"":[""NA""],""collection_date"":[""1957""],""env_broad_scale"":[""NA""],""env_local_scale"":[""NA""],""env_medium"":[""NA""],""food_source"":[""NA""],""geo_loc_name"":[""India""],""host_age"":[""NA""],""host_common_name"":[""Mango""],""host_genotype"":[""NA""],""host_height"":[""NA""],""host_length"":[""NA""],""host_life_stage"":[""NA""],""host_phenotype"":[""NA""],""host_tot_mass"":[""NA""],""isol_growth_condt"":[""YPGA medium""],""lat_lon"":[""NA""],""microbial_biomass"":[""NA""],""microbial_biomass_meth"":[""NA""],""num_replicons"":[""3""],""pathovar"":[""mangiferaeindicae""],""ref_biomaterial"":[""NA""],""samp_store_dur"":[""NA""],""samp_store_loc"":[""NA""],""sieving"":[""NA""],""soil_type"":[""NA""],""soil_type_meth"":[""NA""],""store_cond"":[""NA""],""strain"":[""CFBP 1716""],""temp"":[""28""],""type-material"":[""pathotype strain of Xanthomonas citri pv. mangiferaeindicae""]}"	.cache/ncbi/v2_1/efetch_94bc73f4953fbbd6003a6f71ebdfb4c8230335def592901b6432b2f2b09cab5b.xml	https://www.ncbi.nlm.nih.gov/biosample/SAMN41471108	ok	
d8b511f6d1746cf44180	NCPPB 976	other_references	expected_genus:Xanthomonas	CFBP	11047482	SAMN11047482	Xanthomonas axonopodis pv. vitians	487843	MIGS Cultured Bacterial/Archaeal sample from Xanthomonas axonopodis pv. vitians	CFBP 2538						BioSample: SAMN11047482; CFBP2538; SRA: SRS4492476	Lactuca sativa	USA: South Carolina	1917	lettuce field	"{""collection_date"":[""1917""],""env_broad_scale"":[""lettuce field""],""env_local_scale"":[""field""],""env_medium"":[""plant""],""extrachrom_elements"":[""2""],""geo_loc_name"":[""USA: South Carolina""],""host"":[""Lactuca sativa""],""isol_growth_condt"":[""https://naldc.nal.usda.gov/download/IND43965485/PDF""],""isolation-source"":[""lettuce field""],""lat_lon"":[""not collected""],""num_replicons"":[""1""],""pathovar"":[""vitians""],""ref_biomaterial"":[""https://naldc.nal.usda.gov/download/IND43965485/PDF""],""strain"":[""CFBP 2538""],""type-material"":[""pathotype strain of Xanthomonas axonopodis pv. vitians""]}"	.cache/ncbi/v2_1/efetch_00f24fdff8e637d10976460b8101e1e572fb7d22cd0bf10df0471841ca0c84a4.xml	https://www.ncbi.nlm.nih.gov/biosample/SAMN11047482	ok	
d8b511f6d1746cf44180	NCPPB 4753	other_references	expected_genus:Xanthomonas	CFBP	8031359	SAMN08031359	Xanthomonas prunicola	2053930	Microbe sample from Xanthomonas prunicola CFBP8353	CFBP 8353		CFBP:8353	CFBP8353			BioSample: SAMN08031359; CFBP8353	Prunus persica var.nectarina	Spain: Murcia, Abaran	2015	Canker exudate	"{""biomaterial_provider"":[""CFBP8353""],""collected_by"":[""Carmen Beltran""],""collection_date"":[""2015""],""culture_collection"":[""CFBP:8353""],""geo_loc_name"":[""Spain: Murcia, Abaran""],""host"":[""Prunus persica var.nectarina""],""host_tissue_sampled"":[""Canker exudate""],""identified_by"":[""Maria M. Lopez""],""isolation_source"":[""Canker exudate""],""sample_type"":[""cell culture""],""strain"":[""CFBP 8353""],""type-material"":[""type strain of Xanthomonas prunicola Lopez et al. 2018""]}"	.cache/ncbi/v2_1/efetch_f7100daa816e4896d362060a32920fa7a17f8abd47e04a2fa9fddcf4d3daeab9.xml	https://www.ncbi.nlm.nih.gov/biosample/SAMN08031359	ok	
d8b511f6d1746cf44180	NCPPB 409	other_references	expected_genus:Xanthomonas	CFBP	13783182	SAMN13783182	Xanthomonas citri pv. citri	611301	Microbe sample from Xanthomonas citri pv. citri	CFBP_2525						BioSample: SAMN13783182; CFBP_2525; SRA: SRS6252296	Citrus x limon	New Zealand	1956	Citrus leaf	"{""collection_date"":[""1956""],""geo_loc_name"":[""New Zealand""],""host"":[""Citrus x limon""],""isolation_source"":[""Citrus leaf""],""pathovar"":[""citri""],""sample_type"":[""pure culture""],""strain"":[""CFBP_2525""]}"	.cache/ncbi/v2_1/efetch_5436aa06399483d326b3bb35b35449299ae8390c479f935bb1cdc706a2106a2a.xml	https://www.ncbi.nlm.nih.gov/biosample/SAMN13783182	ok	
d8b511f6d1746cf44180	NCPPB 554	other_references	expected_genus:Xanthomonas	CFBP	2469936	SAMN02469936	Xanthomonas citri pv. glycines CFBP 2526	1365648	Sample from Xanthomonas citri pv. glycines CFBP 2526	CFBP 2526		CFBP:2526				BioSample: SAMN02469936; AUWO; SRA: SRS8526013	Glycine	Sudan	1956		"{""collection_date"":[""1956""],""culture_collection"":[""CFBP:2526""],""geo_loc_name"":[""Sudan""],""host"":[""Glycine""],""pathovar"":[""glycines""],""strain"":[""CFBP 2526""],""type-material"":[""pathotype strain of Xanthomonas citri pv. glycines""]}"	.cache/ncbi/v2_1/efetch_735d8f8ccf46cf9f5e2f29e314c8634be72cb116fa0e8a003a1726550bbc0b46.xml	https://www.ncbi.nlm.nih.gov/biosample/SAMN02469936	ok	
d8b511f6d1746cf44180	NCPPB 633	other_references	expected_genus:Xanthomonas	CFBP	22082069	SAMN22082069	Xanthomonas citri pv. malvacearum	86040	Xanthomonas citri pv. malvacearum str. CFBP 2530	CFBP 2530		CFBP:2530	CIRM-CFBP			BioSample: SAMN22082069; XCM_CFBP2530; SRA: SRS11390753	Gossypium hirsutum	Sudan	1958		"{""biomaterial_provider"":[""CIRM-CFBP""],""collected_by"":[""F.T. Last""],""collection_date"":[""1958""],""culture_collection"":[""CFBP:2530""],""geo_loc_name"":[""Sudan""],""host"":[""Gossypium hirsutum""],""pathovar"":[""malvacearum""],""sample_type"":[""Whole organism""],""strain"":[""CFBP 2530""]}"	.cache/ncbi/v2_1/efetch_37d8944caa924bec9d37b885aef8093954bac3495e037f63b1aeb634992f5a21.xml	https://www.ncbi.nlm.nih.gov/biosample/SAMN22082069	ok	
d8b511f6d1746cf44180; 6242a1c5f8aea9ade2e9; 3bfb311b4a97bebee373	NCPPB 2985	other_references	expected_genus:Xanthomonas	CFBP; ICMP; LMG	15671174	SAMEA6962649	Xanthomonas hortorum pv. pelargonii	453602	Xanthomonas hortorum pv. pelargonii CFBP 2533	CFBP 2533	Kemp 41	BCCM/LMG:7314; NCPPB:2985; ICMP:4321; CFBP:2533		CFBP 2533		BioSample: SAMEA6962649; SRA: ERS4672511	Pelargonium peltatum		1974		"{""ENA first public"":[""2020-07-28""],""ENA-CHECKLIST"":[""ERC000011""],""ENA-LAST-UPDATE"":[""2022-06-28""],""External Id"":[""SAMEA6962649""],""INSDC center alias"":[""Zurich University of Applied Sciences (ZHAW), School of Life Sciences and Facility Management, Institute of Natural Resource Sciences""],""INSDC center name"":[""Zurich University of Applied Sciences (ZHAW), School of Life Sciences and Facility Management, Institute of Natural Resource Sciences""],""INSDC first public"":[""2020-07-28T17:04:56Z""],""INSDC last update"":[""2022-06-28T14:07:53Z""],""INSDC status"":[""public""],""Submitter Id"":[""CFBP 2533""],""collected by"":[""W.J. Kamp""],""collection date"":[""1974""],""culture collection"":[""BCCM/LMG:7314"",""NCPPB:2985"",""ICMP:4321"",""CFBP:2533""],""geographic location (country and/or sea)"":[""New Zealand""],""host scientific name"":[""Pelargonium peltatum""],""isolate"":[""Kemp 41""],""pathovar"":[""pelargonii""],""sample name"":[""CFBP 2533""],""strain"":[""CFBP 2533""],""type_material"":[""pathotype strain of Xanthomonas hortorum pv. pelargonii""]}"	.cache/ncbi/v2_1/efetch_5436aa06399483d326b3bb35b35449299ae8390c479f935bb1cdc706a2106a2a.xml	https://www.ncbi.nlm.nih.gov/biosample/SAMEA6962649	ok	
d8b511f6d1746cf44180; 6242a1c5f8aea9ade2e9; 3bfb311b4a97bebee373; 6b3fb23b2503334e6f5d	NCPPB 1469	other_references	expected_genus:Xanthomonas	CFBP; ICMP; LMG; VKM	7162776	SAMEA104068692	Xanthomonas fragariae	48664	Xanthomonas fragariae PD885	PD885		NCPPB:1469; ICMP:5715; VKM:B-2165; BCCM/LMG:708; CFBP:2157; ATCC:33239; DSM:3587		PD8851		BioSample: SAMEA104068692; SRA: ERS1732585					"{""ENA first public"":[""2017-05-23""],""ENA-CHECKLIST"":[""ERC000011""],""ENA-LAST-UPDATE"":[""2022-06-28""],""External Id"":[""SAMEA104068692""],""INSDC center alias"":[""JLU""],""INSDC center name"":[""Justus Liebig Universitat""],""INSDC first public"":[""2017-05-23T17:01:33Z""],""INSDC last update"":[""2022-06-28T13:57:58Z""],""INSDC status"":[""public""],""Submitter Id"":[""PD8851""],""culture_collection"":[""NCPPB:1469"",""ICMP:5715"",""VKM:B-2165"",""BCCM/LMG:708"",""CFBP:2157"",""ATCC:33239"",""DSM:3587""],""sample name"":[""PD8851""],""strain"":[""PD885""],""type_material"":[""type strain of Xanthomonas fragariae""]}"	.cache/ncbi/v2_1/efetch_3f582a594609bb470f3151d75429d96009724f647e7971ebfba655eb732c664f.xml	https://www.ncbi.nlm.nih.gov/biosample/SAMEA104068692	ok	
d8b511f6d1746cf44180	NCPPB 2985	other_references	expected_genus:Xanthomonas	CFBP	24251549	SAMN24251549	Xanthomonas hortorum pv. pelargonii	453602	Microbe sample from Xanthomonas hortorum pv. pelargonii	CFBP 2533						BioSample: SAMN24251549; CFBP 2533; SRA: SRS11360885	Pelargonium peltatum L. L'Hr.	New Zealand: Auckland	1974	missing	"{""collection_date"":[""1974""],""geo_loc_name"":[""New Zealand: Auckland""],""host"":[""Pelargonium peltatum L. L'Hr.""],""isolation_source"":[""missing""],""pathovar"":[""pelargonii""],""sample_type"":[""cell culture""],""strain"":[""CFBP 2533""],""type-material"":[""pathotype strain of Xanthomonas hortorum pv. pelargonii""]}"	.cache/ncbi/v2_1/efetch_37d8944caa924bec9d37b885aef8093954bac3495e037f63b1aeb634992f5a21.xml	https://www.ncbi.nlm.nih.gov/biosample/SAMN24251549	ok	
d8b511f6d1746cf44180	NCPPB 2985	other_references	expected_genus:Xanthomonas	CFBP	9704270	SAMN09704270	Xanthomonas hortorum pv. pelargonii	453602	Microbe sample from Xanthomonas hortorum pv. pelargonii	CFBP 2533			CFBP: 2533			BioSample: SAMN09704270; CFBP 2533; SRA: SRS3615058	Pelargonium peltatum	New Zealand	1974	missig	"{""biomaterial_provider"":[""CFBP: 2533""],""collected_by"":[""Kemp W.J.""],""collection_date"":[""1974""],""geo_loc_name"":[""New Zealand""],""host"":[""Pelargonium peltatum""],""isolation_source"":[""missig""],""pathovar"":[""pelargonii""],""sample_type"":[""missing""],""strain"":[""CFBP 2533""],""type-material"":[""pathotype strain of Xanthomonas hortorum pv. pelargonii""]}"	.cache/ncbi/v2_1/efetch_f7100daa816e4896d362060a32920fa7a17f8abd47e04a2fa9fddcf4d3daeab9.xml	https://www.ncbi.nlm.nih.gov/biosample/SAMN09704270	ok	
d8b511f6d1746cf44180	NCPPB 4356	other_references	expected_genus:Xanthomonas	CFBP	24251551	SAMN24251551	Xanthomonas hortorum pv. cynarae	2754057	Microbe sample from Xanthomonas hortorum pv. cynarae	CFBP 4188						BioSample: SAMN24251551; CFBP 4188; SRA: SRS11360890	Cynara cardunculus var. scolymus	France	1996	missing	"{""collection_date"":[""1996""],""geo_loc_name"":[""France""],""host"":[""Cynara cardunculus var. scolymus""],""isolation_source"":[""missing""],""pathovar"":[""cynarae""],""sample_type"":[""cell culture""],""strain"":[""CFBP 4188""],""type-material"":[""type strain of Xanthomonas cynarae""]}"	.cache/ncbi/v2_1/efetch_29caedd50e27adb4a33971de52b20c96f50f4309bbd103de88be8f9cce15a81f.xml	https://www.ncbi.nlm.nih.gov/biosample/SAMN24251551	ok	
d8b511f6d1746cf44180	NCPPB 554	other_references	expected_genus:Xanthomonas	CFBP	18397212	SAMN18397212	Xanthomonas citri pv. glycines CFBP 2526	1365648	Microbe sample from Xanthomonas citri pv. glycines CFBP2526	CFBP 2526		CFBP:2526				BioSample: SAMN18397212; CFBP2526; SRA: SRS8527289	Glycine	Sudan	1956		"{""collected_by"":[""Sabet K.A.""],""collection_date"":[""1956""],""culture_collection"":[""CFBP:2526""],""geo_loc_name"":[""Sudan""],""host"":[""Glycine""],""pathovar"":[""glycines CFBP 2526""],""sample_type"":[""cell culture""],""strain"":[""CFBP 2526""],""type-material"":[""pathotype strain of Xanthomonas citri pv. glycines""]}"	.cache/ncbi/v2_1/efetch_cbe376b0c133682caa7daeaad578e491957f7de946720278e1c8d38e13a3b4b6.xml	https://www.ncbi.nlm.nih.gov/biosample/SAMN18397212	ok	
d8b511f6d1746cf44180	NCPPB 3658	other_references	expected_genus:Xanthomonas	CFBP	2469937	SAMN02469937	Xanthomonas citri pv. glycines CFBP 7119	1365649	Sample from Xanthomonas citri pv. glycines CFBP 7119	CFBP 7119		CFBP:7119				BioSample: SAMN02469937; AUWM; SRA: SRS8527061	Glycine max	Brazil	1981		"{""collection-date"":[""1981""],""country"":[""Brazil""],""culture-collection"":[""CFBP:7119""],""host"":[""Glycine max""],""pathovar"":[""glycines""],""strain"":[""CFBP 7119""]}"	.cache/ncbi/v2_1/efetch_735d8f8ccf46cf9f5e2f29e314c8634be72cb116fa0e8a003a1726550bbc0b46.xml	https://www.ncbi.nlm.nih.gov/biosample/SAMN02469937	ok	
d8b511f6d1746cf44180	NCPPB 381	other_references	expected_genus:Xanthomonas	CFBP	6829306	SAMN06829306	Xanthomonas citri pv. phaseoli var. fuscans	473423	Xanthomonas citri pv. fuscans Genome sequencing and assembly	CFBP6165		CFBP:6165	CFBP			BioSample: SAMN06829306; CFBP6165; SRA: SRS8471935	Phaseolus vulgaris	Canada	1957		"{""biomaterial_provider"":[""CFBP""],""collection_date"":[""1957""],""culture_collection"":[""CFBP:6165""],""geo_loc_name"":[""Canada""],""host"":[""Phaseolus vulgaris""],""sample_type"":[""cell culture""],""strain"":[""CFBP6165""]}"	.cache/ncbi/v2_1/efetch_3f582a594609bb470f3151d75429d96009724f647e7971ebfba655eb732c664f.xml	https://www.ncbi.nlm.nih.gov/biosample/SAMN06829306	ok	
d8b511f6d1746cf44180	NCPPB 4356	other_references	expected_genus:Xanthomonas	CFBP	5560222	SAMN05560222	Xanthomonas hortorum pv. cynarae	2754057	Microbe sample from Xanthomonas cynarae CFBP4188	CFBP4188		CFBP:4188	CFBP4188			BioSample: SAMN05560222; CFBP4188	Cynara cardunculus var. scolymus	France:Bretagne	1996		"{""biomaterial_provider"":[""CFBP4188""],""collected_by"":[""Tanguy J.L.""],""collection_date"":[""1996""],""culture_collection"":[""CFBP:4188""],""geo_loc_name"":[""France:Bretagne""],""host"":[""Cynara cardunculus var. scolymus""],""pathovar"":[""cynarae""],""sample_type"":[""cell culture""],""strain"":[""CFBP4188""],""type-material"":[""type strain of Xanthomonas cynarae""]}"	.cache/ncbi/v2_1/efetch_3f582a594609bb470f3151d75429d96009724f647e7971ebfba655eb732c664f.xml	https://www.ncbi.nlm.nih.gov/biosample/SAMN05560222	ok	
d8b511f6d1746cf44180	NCPPB 599	other_references	expected_genus:Xanthomonas	CFBP	12660098	SAMN12660098	Xanthomonas hyacinthi	56455	Pathogen: clinical or host-associated sample from Xanthomonas hyacinthi	CFBP 1156		CFBP:1156				BioSample: SAMN12660098; X_hyacinthi_CFBP_1156; SRA: SRS5324810	Hyacinthus orientalis	Netherlands	1958	Missing	"{""collected_by"":[""Van Slogteren E.""],""collection_date"":[""1958""],""culture_collection"":[""CFBP:1156""],""geo_loc_name"":[""Netherlands""],""host"":[""Hyacinthus orientalis""],""host_disease"":[""Yellow disease""],""isolation_source"":[""Missing""],""lat_lon"":[""Missing""],""strain"":[""CFBP 1156""],""type-material"":[""type strain of Xanthomonas hyacinthi""]}"	.cache/ncbi/v2_1/efetch_00f24fdff8e637d10976460b8101e1e572fb7d22cd0bf10df0471841ca0c84a4.xml	https://www.ncbi.nlm.nih.gov/biosample/SAMN12660098	ok	
d8b511f6d1746cf44180	NCPPB 4755	other_references	expected_genus:Xanthomonas	CFBP	8032457	SAMN08032457	Xanthomonas prunicola	2053930	Microbe sample from Xanthomonas prunicola CFBP 8355	CFBP 8355		CFBP:8355	CFBP8355			BioSample: SAMN08032457; CFBP8355	Prunus persica var.nectarina	Spain: Murcia, Abaran	2015	Canker exudate	"{""biomaterial_provider"":[""CFBP8355""],""collected_by"":[""Carmen Beltran""],""collection_date"":[""2015""],""culture_collection"":[""CFBP:8355""],""geo_loc_name"":[""Spain: Murcia, Abaran""],""host"":[""Prunus persica var.nectarina""],""host_tissue_sampled"":[""Canker exudate""],""identified_by"":[""Maria M. Lopez""],""isolation_source"":[""Canker exudate""],""sample_type"":[""cell culture""],""strain"":[""CFBP 8355""]}"	.cache/ncbi/v2_1/efetch_f7100daa816e4896d362060a32920fa7a17f8abd47e04a2fa9fddcf4d3daeab9.xml	https://www.ncbi.nlm.nih.gov/biosample/SAMN08032457	ok	
d8b511f6d1746cf44180	NCPPB 4754	other_references	expected_genus:Xanthomonas	CFBP	8031988	SAMN08031988	Xanthomonas prunicola	2053930	Microbe sample from Xanthomonas prunicola CFBP8354	CFBP 8354		CFBP:8354	CFBP8354			BioSample: SAMN08031988; CFBP8354	Prunus persica var.nectarina	Spain: Murcia, Abaran	2015	Canker exudate	"{""biomaterial_provider"":[""CFBP8354""],""collected_by"":[""Carmen Beltran""],""collection_date"":[""2015""],""culture_collection"":[""CFBP:8354""],""geo_loc_name"":[""Spain: Murcia, Abaran""],""host"":[""Prunus persica var.nectarina""],""host_tissue_sampled"":[""Canker exudate""],""identified_by"":[""Maria M. Lopez""],""isolation_source"":[""Canker exudate""],""sample_type"":[""cell culture""],""strain"":[""CFBP 8354""]}"	.cache/ncbi/v2_1/efetch_f7100daa816e4896d362060a32920fa7a17f8abd47e04a2fa9fddcf4d3daeab9.xml	https://www.ncbi.nlm.nih.gov/biosample/SAMN08031988	ok	
d8b511f6d1746cf44180	NCPPB 2417	other_references	expected_genus:Xanthomonas	CFBP	5560344	SAMN05560344	Xanthomonas vasicola	56459	Microbe sample from Xanthomonas vasicola pv. holcicola CFBP2543	CFBP2543		CFBP:2543	CFBP2543			BioSample: SAMN05560344; CFBP2543	Sorghum bicolor	New Zealand	1969		"{""biomaterial_provider"":[""CFBP2543""],""collected_by"":[""Dye D.W.""],""collection_date"":[""1969""],""culture_collection"":[""CFBP:2543""],""geo_loc_name"":[""New Zealand""],""host"":[""Sorghum bicolor""],""sample_type"":[""cell culture""],""strain"":[""CFBP2543""],""type-material"":[""type strain of Xanthomonas vasicola""]}"	.cache/ncbi/v2_1/efetch_3f582a594609bb470f3151d75429d96009724f647e7971ebfba655eb732c664f.xml	https://www.ncbi.nlm.nih.gov/biosample/SAMN05560344	ok	
d8b511f6d1746cf44180	NCPPB 599	other_references	expected_genus:Xanthomonas	CFBP	5560286	SAMN05560286	Xanthomonas hyacinthi	56455	Microbe sample from Xanthomonas hyacinthi CFBP1156	CFBP1156		CFBP:1156	CFBP1156			BioSample: SAMN05560286; CFBP1156	Hyacinthus orientalis	Netherlands	1958		"{""biomaterial_provider"":[""CFBP1156""],""collected_by"":[""Dye D.W.""],""collection_date"":[""1958""],""culture_collection"":[""CFBP:1156""],""geo_loc_name"":[""Netherlands""],""host"":[""Hyacinthus orientalis""],""sample_type"":[""cell culture""],""strain"":[""CFBP1156""],""type-material"":[""type strain of Xanthomonas hyacinthi""]}"	.cache/ncbi/v2_1/efetch_3f582a594609bb470f3151d75429d96009724f647e7971ebfba655eb732c664f.xml	https://www.ncbi.nlm.nih.gov/biosample/SAMN05560286	ok	
d8b511f6d1746cf44180	NCPPB 4446	other_references	expected_genus:Xanthomonas	CFBP	5560230	SAMN05560230	Xanthomonas dyei	743699	Microbe sample from Xanthomonas dyei CFBP7245	CFBP7245		CFBP:7245	CFBP7245			BioSample: SAMN05560230; CFBP7245	Metrosideros excelsa	New Zealand:Bay of Plenty Omahanui	1993	angular leaf lesion	"{""biomaterial_provider"":[""CFBP7245""],""collected_by"":[""Young J.M.""],""collection_date"":[""1993""],""culture_collection"":[""CFBP:7245""],""geo_loc_name"":[""New Zealand:Bay of Plenty Omahanui""],""host"":[""Metrosideros excelsa""],""host_tissue_sampled"":[""leaf""],""isolation_source"":[""angular leaf lesion""],""sample_type"":[""cell culture""],""strain"":[""CFBP7245""],""type-material"":[""type strain of Xanthomonas dyei""]}"	.cache/ncbi/v2_1/efetch_3f582a594609bb470f3151d75429d96009724f647e7971ebfba655eb732c664f.xml	https://www.ncbi.nlm.nih.gov/biosample/SAMN05560230	ok	
d8b511f6d1746cf44180	NCPPB 2597	other_references	expected_genus:Xanthomonas	CFBP	5560221	SAMN05560221	Xanthomonas cucurbitae	56453	Microbe sample from Xanthomonas cucurbitae CFBP2542	CFBP2542		CFBP:2542	CFBP2542			BioSample: SAMN05560221; CFBP2542	Cucurbita maxima	New Zealand	1968		"{""biomaterial_provider"":[""CFBP2542""],""collected_by"":[""Watson D.R.W.""],""collection_date"":[""1968""],""culture_collection"":[""CFBP:2542""],""geo_loc_name"":[""New Zealand""],""host"":[""Cucurbita maxima""],""sample_type"":[""cell culture""],""strain"":[""CFBP2542""],""type-material"":[""type strain of Xanthomonas cucurbitae""]}"	.cache/ncbi/v2_1/efetch_3f582a594609bb470f3151d75429d96009724f647e7971ebfba655eb732c664f.xml	https://www.ncbi.nlm.nih.gov/biosample/SAMN05560221	ok	
d8b511f6d1746cf44180	NCPPB 2969	other_references	expected_genus:Xanthomonas	CFBP	5526486	SAMN05526486	Xanthomonas albilineans	29447	Microbe sample from Xanthomonas albilineans CFBP2523	CFBP2523		CFBP:2523	CFBP2523			BioSample: SAMN05526486; CFBP2523	Saccharum officinarum	Fiji	1961		"{""biomaterial_provider"":[""CFBP2523""],""collected_by"":[""Dye D.W.""],""collection_date"":[""1961""],""culture_collection"":[""CFBP:2523""],""geo_loc_name"":[""Fiji""],""host"":[""Saccharum officinarum""],""sample_type"":[""cell culture""],""strain"":[""CFBP2523""],""type-material"":[""type strain of Xanthomonas albilineans""]}"	.cache/ncbi/v2_1/efetch_3f582a594609bb470f3151d75429d96009724f647e7971ebfba655eb732c664f.xml	https://www.ncbi.nlm.nih.gov/biosample/SAMN05526486	ok	
d8b511f6d1746cf44180	NCPPB 411	other_references	expected_genus:Xanthomonas	CFBP	3352151	SAMN03352151	Xanthomonas arboricola pv. juglandis	195709	Microbe sample from Xanthomonas arboricola pv. juglandis	CFBP 2528		CFBP:2528	CFBP2528			BioSample: SAMN03352151; CFBP2528	Juglans regia	New Zealand	1956	twig from a walnut tree	"{""biomaterial_provider"":[""CFBP2528""],""collected_by"":[""D.W. Dye""],""collection_date"":[""1956""],""culture_collection"":[""CFBP:2528""],""geo_loc_name"":[""New Zealand""],""host"":[""Juglans regia""],""host_tissue_sampled"":[""twig""],""isolation_source"":[""twig from a walnut tree""],""pathovar"":[""juglandis""],""sample_type"":[""cell culture""],""strain"":[""CFBP 2528""],""type-material"":[""type strain of Xanthomonas arboricola""]}"	.cache/ncbi/v2_1/efetch_1d87dd683a4b2a45cb6cf73549ea1a6c05b4fa06096e52901c1da51e76c76b7b.xml	https://www.ncbi.nlm.nih.gov/biosample/SAMN03352151	ok	
d8b511f6d1746cf44180	NCPPB 4355	other_references	expected_genus:Xanthomonas	CFBP	2646549	SAMN02646549	Xanthomonas euvesicatoria pv. allii CFBP 6369	1437449	Cultured Bacterial sample for Xanthomonas axonopodis pv. allii	CFBP 6369						BioSample: SAMN02646549; CFBP6369 genomic sequence	Allium cepa	Reunion	1996	leaf	"{""biome"":[""cultivated field""],""collection_date"":[""1996""],""feature"":[""agricultural""],""geo_loc_name"":[""Reunion""],""host"":[""Allium cepa""],""investigation_type"":[""bacteria_archaea""],""isol_growth_condt"":[""14742454""],""isolation_source"":[""leaf""],""lat_lon"":[""21.368092 S 55.553608 E""],""material"":[""leaf""],""num_replicons"":[""1""],""pathovar"":[""allii""],""ref_biomaterial"":[""14742454""],""strain"":[""CFBP 6369""],""type-material"":[""pathotype strain of Xanthomonas euvesicatoria pv. allii""]}"	.cache/ncbi/v2_1/efetch_735d8f8ccf46cf9f5e2f29e314c8634be72cb116fa0e8a003a1726550bbc0b46.xml	https://www.ncbi.nlm.nih.gov/biosample/SAMN02646549	ok	
d8b511f6d1746cf44180	NCPPB 2959	other_references	expected_genus:Xanthomonas	CFBP	5560300	SAMN05560300	Xanthomonas populi	53414	Microbe sample from Xanthomonas populi CFBP1817	CFBP1817		CFBP:1817	CFBP1817			BioSample: SAMN05560300; CFBP1817	Populus x canadensis cv. Regenerata	France: Oise,Noyon	1957		"{""biomaterial_provider"":[""CFBP1817""],""collected_by"":[""Ride M.""],""collection_date"":[""1957""],""culture_collection"":[""CFBP:1817""],""geo_loc_name"":[""France: Oise,Noyon""],""host"":[""Populus x canadensis cv. Regenerata""],""host_tissue_sampled"":[""canker""],""sample_type"":[""cell culture""],""strain"":[""CFBP1817""],""type-material"":[""type strain of Xanthomonas populi""]}"	.cache/ncbi/v2_1/efetch_3f582a594609bb470f3151d75429d96009724f647e7971ebfba655eb732c664f.xml	https://www.ncbi.nlm.nih.gov/biosample/SAMN05560300	ok	
d8b511f6d1746cf44180	NCPPB 3003	other_references	expected_genus:Xanthomonas	CFBP	5559875	SAMN05559875	Xanthomonas axonopodis pv. begoniae	473403	Microbe sample from Xanthomonas axonopodis pv. begoniae CFBP2524	CFBP2524		CFBP:2524	CFBP2524			BioSample: SAMN05559875; CFBP2524	Begonia sp.	New Zealand	1962		"{""biomaterial_provider"":[""CFBP2524""],""collected_by"":[""Dye D.W.""],""collection_date"":[""1962""],""culture_collection"":[""CFBP:2524""],""geo_loc_name"":[""New Zealand""],""host"":[""Begonia sp.""],""pathovar"":[""begoniae""],""sample_type"":[""cell culture""],""strain"":[""CFBP2524""]}"	.cache/ncbi/v2_1/efetch_3f582a594609bb470f3151d75429d96009724f647e7971ebfba655eb732c664f.xml	https://www.ncbi.nlm.nih.gov/biosample/SAMN05559875	ok	
d8b511f6d1746cf44180	NCPPB 935	other_references	expected_genus:Xanthomonas	CFBP	5559866	SAMN05559866	Xanthomonas arboricola pv. corylina	487821	Microbe sample from Xanthomonas arboricola pv. corylina CFBP1159	CFBP1159		CFBP:1159	CFBP1159			BioSample: SAMN05559866; CFBP1159	Corylus maxima	USA	1939		"{""biomaterial_provider"":[""CFBP1159""],""collected_by"":[""Miller P.W.""],""collection_date"":[""1939""],""culture_collection"":[""CFBP:1159""],""geo_loc_name"":[""USA""],""host"":[""Corylus maxima""],""pathovar"":[""corylina""],""sample_type"":[""cell culture""],""strain"":[""CFBP1159""]}"	.cache/ncbi/v2_1/efetch_3f582a594609bb470f3151d75429d96009724f647e7971ebfba655eb732c664f.xml	https://www.ncbi.nlm.nih.gov/biosample/SAMN05559866	ok	
d8b511f6d1746cf44180	NCPPB 1585	other_references	expected_genus:Xanthomonas	CFBP	3612252	SAMN03612252	Xanthomonas oryzae pv. oryzicola	129394	Microbe sample from Xanthomonas oryzae pv. oryzicola CFBP2286	CFBP2286						BioSample: SAMN03612252; CFBP2286; SRA: SRS941248	Oryza sativa	Malaysia	1964		"{""collected_by"":[""CIRM-CFBP""],""collection_date"":[""1964""],""geo_loc_name"":[""Malaysia""],""host"":[""Oryza sativa""],""pathovar"":[""oryzicola""],""sample_type"":[""cell culture""],""strain"":[""CFBP2286""]}"	.cache/ncbi/v2_1/efetch_1d87dd683a4b2a45cb6cf73549ea1a6c05b4fa06096e52901c1da51e76c76b7b.xml	https://www.ncbi.nlm.nih.gov/biosample/SAMN03612252	ok	
75c7a00f87177859add5; 3bfb311b4a97bebee373	NCPPB 4675	other_references	expected_genus:Xanthomonas	CPBF; LMG	9576250	SAMEA4722874	Xanthomonas euroxanthea	2259622	Xanthomonas euroxanthea CPBF 424	CPBF 424	CPBF 424	CCOS:1891; NCPPB:4675; BCCM/LMG:31037		CPBF 424		BioSample: SAMEA4722874; SRA: ERS2543014	Juglans regia		2016-04	Dormant walnut bud (J. regia)	"{""ENA-CHECKLIST"":[""ERC000028""],""ENA-FIRST-PUBLIC"":[""2018-06-14T17:03:26Z""],""ENA-LAST-UPDATE"":[""2020-09-18T13:38:38Z""],""External Id"":[""SAMEA4722874""],""INSDC center name"":[""Zurich University of Applied Sciences (ZHAW), School of Life Sciences and Facility Management, Institute of Natural Resource Sciences""],""INSDC first public"":[""2018-06-14T17:03:26Z""],""INSDC last update"":[""2020-09-18T13:38:38Z""],""INSDC status"":[""public""],""Submitter Id"":[""CPBF 424""],""collection date"":[""2016-04""],""culture collection"":[""CCOS:1891"",""NCPPB:4675"",""BCCM/LMG:31037""],""geographic location (country and/or sea)"":[""Portugal""],""geographic location (region and locality)"":[""Loures""],""host health state"":[""diseased""],""host scientific name"":[""Juglans regia""],""isolate"":[""CPBF 424""],""isolation source"":[""Dormant walnut bud (J. regia)""],""sample name"":[""CPBF 424""],""scientific_name"":[""Xanthomonas euroxanthea""],""strain"":[""CPBF 424""],""type material"":[""type strain of Xanthomonas euroxanthea""],""type-material"":[""type strain of Xanthomonas euroxanthea""]}"	.cache/ncbi/v2_1/efetch_f7100daa816e4896d362060a32920fa7a17f8abd47e04a2fa9fddcf4d3daeab9.xml	https://www.ncbi.nlm.nih.gov/biosample/SAMEA4722874	ok	
75c7a00f87177859add5	NCPPB 4676	other_references	expected_genus:Xanthomonas	CPBF	9576249	SAMEA4722873	Xanthomonas arboricola pv. juglandis	195709	Xanthomonas arboricola pv. juglandis CPBF 1521	CPBF 1521	CPBF 1521			CPBF 1521		BioSample: SAMEA4722873; SRA: ERS2543013	Juglans regia		2014-10	Walnut leaf (J. regia) presenting typical walnut bacterial blight symptoms	"{""ENA-CHECKLIST"":[""ERC000028""],""ENA-FIRST-PUBLIC"":[""2018-06-14T17:03:26Z""],""ENA-LAST-UPDATE"":[""2019-02-06T10:26:19Z""],""External Id"":[""SAMEA4722873""],""INSDC center name"":[""Zurich University of Applied Sciences (ZHAW), School of Life Sciences and Facility Management, Institute of Natural Resource Sciences""],""INSDC first public"":[""2018-06-14T17:03:26Z""],""INSDC last update"":[""2019-02-06T10:26:19Z""],""INSDC status"":[""public""],""Submitter Id"":[""CPBF 1521""],""collection date"":[""2014-10""],""geographic location (country and/or sea)"":[""Portugal""],""geographic location (region and locality)"":[""Loures""],""host health state"":[""diseased""],""host scientific name"":[""Juglans regia""],""isolate"":[""CPBF 1521""],""isolation source"":[""Walnut leaf (J. regia) presenting typical walnut bacterial blight symptoms""],""pathovar"":[""juglandis""],""sample name"":[""CPBF 1521""],""scientific_name"":[""Xanthomonas arboricola pv. juglandis""],""strain"":[""CPBF 1521""]}"	.cache/ncbi/v2_1/efetch_f7100daa816e4896d362060a32920fa7a17f8abd47e04a2fa9fddcf4d3daeab9.xml	https://www.ncbi.nlm.nih.gov/biosample/SAMEA4722873	ok	
75c7a00f87177859add5	NCPPB 4675	other_references	expected_genus:Xanthomonas	CPBF	17701744	SAMEA7742038	Xanthomonas euroxanthea	2259622	Xanthomonas euroxanthea CPBF 424					X. euroxanthea CPBF 424		BioSample: SAMEA7742038; SRA: ERS5489391					"{""ENA first public"":[""2021-01-26""],""ENA last update"":[""2020-12-20""],""ENA-CHECKLIST"":[""ERC000011""],""External Id"":[""SAMEA7742038""],""INSDC center alias"":[""CIBIO-Inbio""],""INSDC center name"":[""CIBIO-Inbio""],""INSDC first public"":[""2021-01-26T17:06:23Z""],""INSDC last update"":[""2020-12-20T18:12:54Z""],""INSDC status"":[""public""],""Submitter Id"":[""X. euroxanthea CPBF 424""],""sample name"":[""X. euroxanthea CPBF 424""]}"	.cache/ncbi/v2_1/efetch_cbe376b0c133682caa7daeaad578e491957f7de946720278e1c8d38e13a3b4b6.xml	https://www.ncbi.nlm.nih.gov/biosample/SAMEA7742038	ok	
c5acff9677117344e2c2	NCPPB 1974	other_references	expected_genus:Stenotrophomonas	DSM	1176238	SAMN01176238	Stenotrophomonas maltophilia	40324	Pathogen sample Stenotrophomonas maltophilia DSM 50170	DSM 50170		DSM:50170				BioSample: SAMN01176238; DSM-50170; DSMZ: DSM-50170		missing	missing	oropharyngeal region of patient with cancer	"{""collected_by"":[""missing""],""collection_date"":[""missing""],""culture collection"":[""DSM:50170""],""geo_loc_name"":[""missing""],""isolation_source"":[""oropharyngeal region of patient with cancer""],""lat_lon"":[""missing""],""pathogenicity"":[""human and animal""],""ref_biomaterial"":[""Int J Syst Bacteriol, 33, 409-413 (1983); Int J Syst Bacteriol, 43, 606-609 (1993); Int J Syst Evol Microbiol, 54, 1235-1237 (2004)""],""repository"":[""German Collection of Microorganisms and Cell Cultures (DSMZ)""],""risk group"":[""2""],""specific_host"":[""Homo sapiens""],""strain"":[""DSM 50170""],""type status"":[""type strain""],""type-material"":[""type strain of Psedomonas maltophilia""]}"	.cache/ncbi/v2_1/efetch_9a6b3525df161b5bebe32f3baffc9f81c75f0978908c4b9416c7b69b38741858.xml	https://www.ncbi.nlm.nih.gov/biosample/SAMN01176238	ok	
597b005249ad7e2730c4	NCPPB 762	other_references	expected_genus:Xanthomonas	DSM	2894433	SAMN02894433	Xanthomonas pisi DSM 18956	1440766	Microbe sample from Xanthomonas pisi DSM 18956	DSM 18956		DSM:18956				BioSample: SAMN02894433; XanthomonasPisiDSMZ	Lathyrus oleraceus	Japan	1997	leaf spot	"{""collection_date"":[""1997""],""culture-collection"":[""DSM:18956""],""geo_loc_name"":[""Japan""],""host"":[""Lathyrus oleraceus""],""isolation_source"":[""leaf spot""],""sample_type"":[""missing""],""strain"":[""DSM 18956""],""type-material"":[""type strain of Xanthomonas pisi""]}"	.cache/ncbi/v2_1/efetch_735d8f8ccf46cf9f5e2f29e314c8634be72cb116fa0e8a003a1726550bbc0b46.xml	https://www.ncbi.nlm.nih.gov/biosample/SAMN02894433	ok	
597b005249ad7e2730c4	NCPPB 973	other_references	expected_genus:Xanthomonas	DSM	2483652	SAMEA2271958	Xanthomonas translucens pv. translucens DSM 18974	1261556	BioSample entry for genome collection GCA_000331775	DSM 18974				GCA_000331775		BioSample: SAMEA2271958; SRA: ERS379422					"{""ENA-CHECKLIST"":[""ERC000011""],""ENA-FIRST-PUBLIC"":[""2013-12-19""],""ENA-LAST-UPDATE"":[""2013-12-09""],""External Id"":[""SAMEA2271958""],""INSDC center alias"":[""EBI""],""INSDC center name"":[""European Bioinformatics Institute""],""INSDC first public"":[""2013-12-19T12:09:22Z""],""INSDC last update"":[""2013-12-09T15:23:47Z""],""INSDC status"":[""public""],""STRAIN"":[""DSM 18974""],""Submitter Id"":[""GCA_000331775""],""broker name"":[""European Nucleotide Archive""],""individual_name"":[""GCA_000331775""],""pathovar"":[""translucens DSM 18974""],""sample name"":[""GCA_000331775""],""type-material"":[""pathotype strain of Xanthomonas translucens pv. translucens""]}"	.cache/ncbi/v2_1/efetch_735d8f8ccf46cf9f5e2f29e314c8634be72cb116fa0e8a003a1726550bbc0b46.xml	https://www.ncbi.nlm.nih.gov/biosample/SAMEA2271958	ok	
597b005249ad7e2730c4	NCPPB 973	other_references	expected_genus:Xanthomonas	DSM	5462680	SAMEA4358958	Xanthomonas translucens pv. translucens DSM 18974	1261556	Xanthomonas translucens pv. translucens DSM 18974					peng1		BioSample: SAMEA4358958; SRA: ERS1270407					"{""ENA first public"":[""2016-07-28""],""ENA last update"":[""2016-07-28""],""ENA-CHECKLIST"":[""ERC000011""],""External Id"":[""SAMEA4358958""],""INSDC center alias"":[""CEBITEC""],""INSDC center name"":[""Center for Biotechnology, Bielefeld University""],""INSDC first public"":[""2016-07-28T17:01:12Z""],""INSDC last update"":[""2016-07-28T13:44:25Z""],""INSDC status"":[""public""],""Submitter Id"":[""peng1""],""pathovar"":[""translucens DSM 18974""],""sample name"":[""peng1""]}"	.cache/ncbi/v2_1/efetch_3f582a594609bb470f3151d75429d96009724f647e7971ebfba655eb732c664f.xml	https://www.ncbi.nlm.nih.gov/biosample/SAMEA4358958	ok	
597b005249ad7e2730c4	NCPPB 599	other_references	expected_genus:Xanthomonas	DSM	2894432	SAMN02894432	Xanthomonas hyacinthi DSM 19077	1440765	Microbe sample from Xanthomonas hyacinthi DSM 19077	DSM 19077		DSM:19077				BioSample: SAMN02894432; XanthomonasHyacinthiDSM Z	Hyacinthus orientalis	Netherlands	2002	missing	"{""collection_date"":[""2002""],""culture-collection"":[""DSM:19077""],""geo_loc_name"":[""Netherlands""],""host"":[""Hyacinthus orientalis""],""isolation_source"":[""missing""],""sample_type"":[""missing""],""strain"":[""DSM 19077""],""type-material"":[""type strain of Xanthomonas hyacinthi""]}"	.cache/ncbi/v2_1/efetch_735d8f8ccf46cf9f5e2f29e314c8634be72cb116fa0e8a003a1726550bbc0b46.xml	https://www.ncbi.nlm.nih.gov/biosample/SAMN02894432	ok	
597b005249ad7e2730c4	NCPPB 4321	other_references	expected_genus:Xanthomonas	DSM	14837221	SAMN14837221	Xanthomonas perforans	442694	Xanthomonas perforans DSM 18975	DSM 18975		DSM:18975				BioSample: SAMN14837221; X.perforans DSM18975T; SRA: SRS6658678	Solanum lycopersicum	USA	2006		"{""collection_date"":[""2006""],""culture_collection"":[""DSM:18975""],""geo_loc_name"":[""USA""],""host"":[""Solanum lycopersicum""],""sample_type"":[""cell culture""],""strain"":[""DSM 18975""],""type-material"":[""type strain of Xanthomonas perforans""]}"	.cache/ncbi/v2_1/efetch_5436aa06399483d326b3bb35b35449299ae8390c479f935bb1cdc706a2106a2a.xml	https://www.ncbi.nlm.nih.gov/biosample/SAMN14837221	ok	
4d7b5f2ba04ca6207e3f; 3bfb311b4a97bebee373	NCPPB 4692	other_references	expected_genus:Xanthomonas	GBBC; LMG	18051091	SAMEA7356589	Xanthomonas hydrangeae	2775159	Xanthomonas hydrangeae LMG 31884	LMG 31884	GBBC 2123	CCOS:1956; BCCM/LMG:31884		LMG 31884		BioSample: SAMEA7356589; SRA: ERS5115060	Hydrangea arborescens		2011	leaf spots	"{""ENA first public"":[""2021-02-21""],""ENA-CHECKLIST"":[""ERC000011""],""ENA-LAST-UPDATE"":[""2022-06-28""],""External Id"":[""SAMEA7356589""],""INSDC center alias"":[""Zurich University of Applied Sciences (ZHAW), School of Life Sciences and Facility Management, Institute of Natural Resource Sciences""],""INSDC center name"":[""Zurich University of Applied Sciences (ZHAW), School of Life Sciences and Facility Management, Institute of Natural Resource Sciences""],""INSDC first public"":[""2021-02-21T04:08:05Z""],""INSDC last update"":[""2022-06-28T13:47:10Z""],""INSDC status"":[""public""],""Submitter Id"":[""LMG 31884""],""collected by"":[""J. van Vaerenbergh""],""collection date"":[""2011""],""culture collection"":[""CCOS:1956"",""BCCM/LMG:31884""],""geographic location (country and/or sea)"":[""Belgium""],""geographic location (region and locality)"":[""Flanders, Merelbeke""],""host cultivar"":[""Bella Anna""],""host health state"":[""diseased""],""host scientific name"":[""Hydrangea arborescens""],""isolate"":[""GBBC 2123""],""isolation source"":[""leaf spots""],""sample name"":[""LMG 31884""],""strain"":[""LMG 31884""],""type_material"":[""type strain of Xanthomonas hydrangeae""]}"	.cache/ncbi/v2_1/efetch_cbe376b0c133682caa7daeaad578e491957f7de946720278e1c8d38e13a3b4b6.xml	https://www.ncbi.nlm.nih.gov/biosample/SAMEA7356589	ok	
4d7b5f2ba04ca6207e3f; 3bfb311b4a97bebee373	NCPPB 4693	other_references	expected_genus:Xanthomonas	GBBC; LMG	18051124	SAMEA7356591	Xanthomonas hydrangeae	2775159	Xanthomonas hydrangeae LMG 31886	GBBC 2199		BCCM/LMG:31886; CCOS:1957		LMG 31886		BioSample: SAMEA7356591; SRA: ERS5115062	Hydrangea arborescens		2012	leaf spots	"{""ENA first public"":[""2021-02-21""],""ENA last update"":[""2022-01-10""],""ENA-CHECKLIST"":[""ERC000011""],""External Id"":[""SAMEA7356591""],""INSDC center alias"":[""Zurich University of Applied Sciences (ZHAW), School of Life Sciences and Facility Management, Institute of Natural Resource Sciences""],""INSDC center name"":[""Zurich University of Applied Sciences (ZHAW), School of Life Sciences and Facility Management, Institute of Natural Resource Sciences""],""INSDC first public"":[""2021-02-21T04:08:05Z""],""INSDC last update"":[""2022-01-10T10:21:29Z""],""INSDC status"":[""public""],""Submitter Id"":[""LMG 31886""],""collected by"":[""J. van Vaerenbergh""],""collection date"":[""2012""],""culture collection"":[""BCCM/LMG:31886"",""CCOS:1957""],""geographic location (country and/or sea)"":[""Belgium""],""geographic location (region and locality)"":[""Flanders, Merelbeke""],""host cultivar"":[""Invincibelle""],""host health state"":[""diseased""],""host scientific name"":[""Hydrangea arborescens""],""isolation source"":[""leaf spots""],""sample name"":[""LMG 31886""],""strain"":[""GBBC 2199""]}"	.cache/ncbi/v2_1/efetch_cbe376b0c133682caa7daeaad578e491957f7de946720278e1c8d38e13a3b4b6.xml	https://www.ncbi.nlm.nih.gov/biosample/SAMEA7356591	ok	
6242a1c5f8aea9ade2e9	NCPPB 973	other_references	expected_genus:Xanthomonas	ICMP	43281667	SAMN43281667	Xanthomonas translucens	343	Microbe sample from Xanthomonas translucens	ICMP 5752						BioSample: SAMN43281667; Xanthomonas translucens GCM10007452 genome sample data		missing	2020	missing	"{""GCM-tag"":[""GCM10007452""],""collection_date"":[""2020""],""geo_loc_name"":[""missing""],""isolation_source"":[""missing""],""sample_type"":[""cell culture""],""strain"":[""ICMP 5752""],""type-material"":[""pathotype strain of Xanthomonas translucens pv. translucens""]}"	.cache/ncbi/v2_1/efetch_b8a2dc52465e775fad057a87fb6945e3cc9613c772e40d22a4935fdc66a59fd3.xml	https://www.ncbi.nlm.nih.gov/biosample/SAMN43281667	ok	
6242a1c5f8aea9ade2e9	NCPPB 4403	other_references	expected_genus:Xanthomonas	ICMP	43282785	SAMN43282785	Xanthomonas citri pv. malvacearum	86040	Microbe sample from Xanthomonas citri pv. malvacearum	ICMP 217						BioSample: SAMN43282785; Xanthomonas citri subsp. malvacearum GCM10022193 genome sample data		missing	2021	missing	"{""collection_date"":[""2021""],""gcm_tag"":[""GCM10022193""],""geo_loc_name"":[""missing""],""isolation_source"":[""missing""],""pathovar"":[""malvacearum""],""sample_type"":[""cell culture""],""strain"":[""ICMP 217""],""type-material"":[""type strain of Xanthomonas citri subsp. malvacearum""]}"	.cache/ncbi/v2_1/efetch_b8a2dc52465e775fad057a87fb6945e3cc9613c772e40d22a4935fdc66a59fd3.xml	https://www.ncbi.nlm.nih.gov/biosample/SAMN43282785	ok	
6242a1c5f8aea9ade2e9	NCPPB 4449	other_references	expected_genus:Xanthomonas	ICMP	21172023	SAMN21172023	Xanthomonas cerealis pv. cerealis	152263	Xanthomonas translucens pv. pistaciae ICMP 16317	ICMP 16317						BioSample: SAMN21172023; XTP_ICMP16317	Pistacia vera	Australia:Victoria	2000		"{""collection_date"":[""2000""],""geo_loc_name"":[""Australia:Victoria""],""host"":[""Pistacia vera""],""pathovar"":[""pistacia""],""sample_type"":[""whole organism""],""strain"":[""ICMP 16317""]}"	.cache/ncbi/v2_1/efetch_37d8944caa924bec9d37b885aef8093954bac3495e037f63b1aeb634992f5a21.xml	https://www.ncbi.nlm.nih.gov/biosample/SAMN21172023	ok	
6242a1c5f8aea9ade2e9	NCPPB 4403	other_references	expected_genus:Xanthomonas	ICMP	43281686	SAMN43281686	Xanthomonas citri pv. malvacearum	86040	Microbe sample from Xanthomonas citri pv. malvacearum	ICMP 217						BioSample: SAMN43281686; Xanthomonas citri subsp. malvacearum GCM10008009 genome sample data		missing	2020	missing	"{""GCM-tag"":[""GCM10008009""],""collection_date"":[""2020""],""geo_loc_name"":[""missing""],""isolation_source"":[""missing""],""pathovar"":[""malvacearum""],""sample_type"":[""cell culture""],""strain"":[""ICMP 217""],""type-material"":[""type strain of Xanthomonas citri subsp. malvacearum""]}"	.cache/ncbi/v2_1/efetch_b8a2dc52465e775fad057a87fb6945e3cc9613c772e40d22a4935fdc66a59fd3.xml	https://www.ncbi.nlm.nih.gov/biosample/SAMN43281686	ok	
6242a1c5f8aea9ade2e9	NCPPB 2959	other_references	expected_genus:Xanthomonas	ICMP	43284582	SAMN43284582	Xanthomonas populi	53414	Microbe sample from Xanthomonas populi	ICMP 5816						BioSample: SAMN43284582; Xanthomonas populi GCM10029991 genome sample data		missing	2024	missing	"{""GCM-tag"":[""GCM10029991""],""collection_date"":[""2024""],""geo_loc_name"":[""missing""],""isolation_source"":[""missing""],""sample_type"":[""cell culture""],""strain"":[""ICMP 5816""],""type-material"":[""type strain of Xanthomonas populi""]}"	.cache/ncbi/v2_1/efetch_b8a2dc52465e775fad057a87fb6945e3cc9613c772e40d22a4935fdc66a59fd3.xml	https://www.ncbi.nlm.nih.gov/biosample/SAMN43284582	ok	
6242a1c5f8aea9ade2e9	NCPPB 939	other_references	expected_genus:Xanthomonas	ICMP	43284563	SAMN43284563	Xanthomonas hortorum	56454	Microbe sample from Xanthomonas hortorum	ICMP 453						BioSample: SAMN43284563; Xanthomonas hortorum GCM10029967 genome sample data		missing	2024	missing	"{""GCM-tag"":[""GCM10029967""],""collection_date"":[""2024""],""geo_loc_name"":[""missing""],""isolation_source"":[""missing""],""sample_type"":[""cell culture""],""strain"":[""ICMP 453""],""type-material"":[""type strain of Xanthomonas hortorum""]}"	.cache/ncbi/v2_1/efetch_b8a2dc52465e775fad057a87fb6945e3cc9613c772e40d22a4935fdc66a59fd3.xml	https://www.ncbi.nlm.nih.gov/biosample/SAMN43284563	ok	
6242a1c5f8aea9ade2e9	NCPPB 1469	other_references	expected_genus:Xanthomonas	ICMP	43284562	SAMN43284562	Xanthomonas fragariae	48664	Microbe sample from Xanthomonas fragariae	ICMP 5715						BioSample: SAMN43284562; Xanthomonas fragariae GCM10029966 genome sample data		missing	2024	missing	"{""GCM-tag"":[""GCM10029966""],""collection_date"":[""2024""],""geo_loc_name"":[""missing""],""isolation_source"":[""missing""],""sample_type"":[""cell culture""],""strain"":[""ICMP 5715""],""type-material"":[""type strain of Xanthomonas fragariae""]}"	.cache/ncbi/v2_1/efetch_b8a2dc52465e775fad057a87fb6945e3cc9613c772e40d22a4935fdc66a59fd3.xml	https://www.ncbi.nlm.nih.gov/biosample/SAMN43284562	ok	
6242a1c5f8aea9ade2e9	NCPPB 4446	other_references	expected_genus:Xanthomonas	ICMP	43282364	SAMN43282364	Xanthomonas dyei	743699	Microbe sample from Xanthomonas dyei	ICMP 12167						BioSample: SAMN43282364; Xanthomonas dyei GCM10019897 genome sample data		missing	2020	missing	"{""GCM-tag"":[""GCM10019897""],""collection_date"":[""2020""],""geo_loc_name"":[""missing""],""isolation_source"":[""missing""],""sample_type"":[""cell culture""],""strain"":[""ICMP 12167""],""type-material"":[""type strain of Xanthomonas dyei""]}"	.cache/ncbi/v2_1/efetch_b8a2dc52465e775fad057a87fb6945e3cc9613c772e40d22a4935fdc66a59fd3.xml	https://www.ncbi.nlm.nih.gov/biosample/SAMN43282364	ok	
6242a1c5f8aea9ade2e9	NCPPB 1469	other_references	expected_genus:Xanthomonas	ICMP	43282235	SAMN43282235	Xanthomonas fragariae	48664	Microbe sample from Xanthomonas fragariae	ICMP 5715						BioSample: SAMN43282235; Xanthomonas fragariae GCM10019069 genome sample data		missing	2020	missing	"{""GCM-tag"":[""GCM10019069""],""collection_date"":[""2020""],""geo_loc_name"":[""missing""],""isolation_source"":[""missing""],""sample_type"":[""cell culture""],""strain"":[""ICMP 5715""],""type-material"":[""type strain of Xanthomonas fragariae""]}"	.cache/ncbi/v2_1/efetch_b8a2dc52465e775fad057a87fb6945e3cc9613c772e40d22a4935fdc66a59fd3.xml	https://www.ncbi.nlm.nih.gov/biosample/SAMN43282235	ok	
6242a1c5f8aea9ade2e9	NCPPB 1469	other_references	expected_genus:Xanthomonas	ICMP	43282231	SAMN43282231	Xanthomonas fragariae	48664	Microbe sample from Xanthomonas fragariae	ICMP 5715						BioSample: SAMN43282231; Xanthomonas fragariae GCM10019063 genome sample data		missing	2021	missing	"{""GCM-tag"":[""GCM10019063""],""collection_date"":[""2021""],""geo_loc_name"":[""missing""],""isolation_source"":[""missing""],""sample_type"":[""cell culture""],""strain"":[""ICMP 5715""],""type-material"":[""type strain of Xanthomonas fragariae""]}"	.cache/ncbi/v2_1/efetch_b8a2dc52465e775fad057a87fb6945e3cc9613c772e40d22a4935fdc66a59fd3.xml	https://www.ncbi.nlm.nih.gov/biosample/SAMN43282231	ok	
6242a1c5f8aea9ade2e9	NCPPB 1469	other_references	expected_genus:Xanthomonas	ICMP	43282199	SAMN43282199	Xanthomonas fragariae	48664	Microbe sample from Xanthomonas fragariae	ICMP 5715						BioSample: SAMN43282199; Xanthomonas fragariae GCM10018946 genome sample data		missing	2020	missing	"{""GCM-tag"":[""GCM10018946""],""collection_date"":[""2020""],""geo_loc_name"":[""missing""],""isolation_source"":[""missing""],""sample_type"":[""cell culture""],""strain"":[""ICMP 5715""],""type-material"":[""type strain of Xanthomonas fragariae""]}"	.cache/ncbi/v2_1/efetch_b8a2dc52465e775fad057a87fb6945e3cc9613c772e40d22a4935fdc66a59fd3.xml	https://www.ncbi.nlm.nih.gov/biosample/SAMN43282199	ok	
6242a1c5f8aea9ade2e9	NCPPB 599	other_references	expected_genus:Xanthomonas	ICMP	43282147	SAMN43282147	Xanthomonas hyacinthi	56455	Microbe sample from Xanthomonas hyacinthi	ICMP 189						BioSample: SAMN43282147; Xanthomonas hyacinthi GCM10017760 genome sample data		missing	2022	missing	"{""GCM-tag"":[""GCM10017760""],""collection_date"":[""2022""],""geo_loc_name"":[""missing""],""isolation_source"":[""missing""],""sample_type"":[""cell culture""],""strain"":[""ICMP 189""],""type-material"":[""type strain of Xanthomonas hyacinthi""]}"	.cache/ncbi/v2_1/efetch_b8a2dc52465e775fad057a87fb6945e3cc9613c772e40d22a4935fdc66a59fd3.xml	https://www.ncbi.nlm.nih.gov/biosample/SAMN43282147	ok	
6242a1c5f8aea9ade2e9	NCPPB 4446	other_references	expected_genus:Xanthomonas	ICMP	43282128	SAMN43282128	Xanthomonas dyei	743699	Microbe sample from Xanthomonas dyei	ICMP 12167						BioSample: SAMN43282128; Xanthomonas dyei GCM10017698 genome sample data		missing	2020	missing	"{""GCM-tag"":[""GCM10017698""],""collection_date"":[""2020""],""geo_loc_name"":[""missing""],""isolation_source"":[""missing""],""sample_type"":[""cell culture""],""strain"":[""ICMP 12167""],""type-material"":[""type strain of Xanthomonas dyei""]}"	.cache/ncbi/v2_1/efetch_b8a2dc52465e775fad057a87fb6945e3cc9613c772e40d22a4935fdc66a59fd3.xml	https://www.ncbi.nlm.nih.gov/biosample/SAMN43282128	ok	
6242a1c5f8aea9ade2e9	NCPPB 939	other_references	expected_genus:Xanthomonas	ICMP	43281910	SAMN43281910	Xanthomonas hortorum	56454	Microbe sample from Xanthomonas hortorum	ICMP 453						BioSample: SAMN43281910; Xanthomonas hortorum GCM10011265 genome sample data		missing	2020	missing	"{""GCM-tag"":[""GCM10011265""],""collection_date"":[""2020""],""geo_loc_name"":[""missing""],""isolation_source"":[""missing""],""sample_type"":[""cell culture""],""strain"":[""ICMP 453""],""type-material"":[""type strain of Xanthomonas hortorum""]}"	.cache/ncbi/v2_1/efetch_b8a2dc52465e775fad057a87fb6945e3cc9613c772e40d22a4935fdc66a59fd3.xml	https://www.ncbi.nlm.nih.gov/biosample/SAMN43281910	ok	
6242a1c5f8aea9ade2e9	NCPPB 4446	other_references	expected_genus:Xanthomonas	ICMP	43281663	SAMN43281663	Xanthomonas dyei	743699	Microbe sample from Xanthomonas dyei	ICMP 12167						BioSample: SAMN43281663; Xanthomonas dyei GCM10007431 genome sample data		missing	2019	missing	"{""GCM-tag"":[""GCM10007431""],""collection_date"":[""2019""],""geo_loc_name"":[""missing""],""isolation_source"":[""missing""],""sample_type"":[""cell culture""],""strain"":[""ICMP 12167""],""type-material"":[""type strain of Xanthomonas dyei""]}"	.cache/ncbi/v2_1/efetch_b8a2dc52465e775fad057a87fb6945e3cc9613c772e40d22a4935fdc66a59fd3.xml	https://www.ncbi.nlm.nih.gov/biosample/SAMN43281663	ok	
6242a1c5f8aea9ade2e9; 3bfb311b4a97bebee373	NCPPB 2986	other_references	expected_genus:Xanthomonas	ICMP; LMG	17385948	SAMN17385948	Xanthomonas campestris	339	MIGS Cultured Bacterial/Archaeal sample from Xanthomonas campestris	DAR-75944					X59, ICMP 4805, LMG 9037, NCPPB 2986	BioSample: SAMN17385948; DAR-75944; SRA: SRS9061545	Brassica oleracea var. capitata	Australia: Queensland, Redland Bay	1975	leaf	"{""collection_date"":[""1975""],""env_broad_scale"":[""not applicable""],""env_local_scale"":[""not applicable""],""env_medium"":[""not applicable""],""geo_loc_name"":[""Australia: Queensland, Redland Bay""],""host"":[""Brassica oleracea var. capitata""],""isol_growth_condt"":[""https://doi.org/10.1111/j.1472-765X.2006.01887.x""],""isolate_name_alias"":[""X59, ICMP 4805, LMG 9037, NCPPB 2986""],""isolation_source"":[""leaf""],""lat_lon"":[""missing""],""num_replicons"":[""not collected""],""pathovar"":[""campestris""],""ref_biomaterial"":[""https://doi.org/10.1111/j.1365-3059.2005.01186.x""],""strain"":[""DAR-75944""]}"	.cache/ncbi/v2_1/efetch_d18021f24be666d2ee23fbd3549d1935b73b9e2719bdf190640e976f26b27a17.xml	https://www.ncbi.nlm.nih.gov/biosample/SAMN17385948	ok	
6242a1c5f8aea9ade2e9; 3bfb311b4a97bebee373	NCPPB 347	other_references	expected_genus:Xanthomonas	ICMP; LMG	17385947	SAMN17385947	Xanthomonas campestris	339	MIGS Cultured Bacterial/Archaeal sample from Xanthomonas campestris	DAR-75942					X60, ICMP 7, LMG 535, NCPPB 347, CFBP 3838	BioSample: SAMN17385947; DAR-75942; SRA: SRS9061547	Iberis sp.	Tanzania	1954		"{""collection_date"":[""1954""],""env_broad_scale"":[""not applicable""],""env_local_scale"":[""not applicable""],""env_medium"":[""not applicable""],""geo_loc_name"":[""Tanzania""],""host"":[""Iberis sp.""],""isol_growth_condt"":[""https://doi.org/10.1111/j.1472-765X.2006.01887.x""],""isolate_name_alias"":[""X60, ICMP 7, LMG 535, NCPPB 347, CFBP 3838""],""lat_lon"":[""missing""],""num_replicons"":[""not collected""],""pathovar"":[""campestris""],""ref_biomaterial"":[""https://doi.org/10.1111/j.1365-3059.2005.01186.x""],""strain"":[""DAR-75942""]}"	.cache/ncbi/v2_1/efetch_d18021f24be666d2ee23fbd3549d1935b73b9e2719bdf190640e976f26b27a17.xml	https://www.ncbi.nlm.nih.gov/biosample/SAMN17385947	ok	
6242a1c5f8aea9ade2e9	NCPPB 1063	other_references	expected_genus:Xanthomonas	ICMP	26561900	SAMN26561900	Xanthomonas euvesicatoria	456327	MIGS Cultured Bacterial/Archaeal sample from Xanthomonas euvesicatoria	ICMP 5747						BioSample: SAMN26561900; Xanthomonas euvesicatoria ICMP 5747	Ricinus communis	NA	NA		"{""collection_date"":[""NA""],""env_broad_scale"":[""NA""],""env_local_scale"":[""NA""],""env_medium"":[""NA""],""geo_loc_name"":[""NA""],""host"":[""Ricinus communis""],""isol_growth_condt"":[""NA""],""lat_lon"":[""NA""],""num_replicons"":[""NA""],""ref_biomaterial"":[""NA""],""strain"":[""ICMP 5747""]}"	.cache/ncbi/v2_1/efetch_29caedd50e27adb4a33971de52b20c96f50f4309bbd103de88be8f9cce15a81f.xml	https://www.ncbi.nlm.nih.gov/biosample/SAMN26561900	ok	
6242a1c5f8aea9ade2e9	NCPPB 940	other_references	expected_genus:Xanthomonas	ICMP	15671177	SAMEA6962652	Xanthomonas hortorum pv. taraxaci	487905	Xanthomonas hortorum pv. taraxaci NCPPB 940	NCPPB 940		ICMP:579; NCPPB:940; BCCM/LMG:870; ATCC:19138; CFBP:410		NCPPB 940		BioSample: SAMEA6962652; SRA: ERS4672514	Taraxacum kok-saghyz		1942		"{""ENA first public"":[""2020-07-28""],""ENA-CHECKLIST"":[""ERC000011""],""ENA-LAST-UPDATE"":[""2022-06-28""],""External Id"":[""SAMEA6962652""],""INSDC center alias"":[""Zurich University of Applied Sciences (ZHAW), School of Life Sciences and Facility Management, Institute of Natural Resource Sciences""],""INSDC center name"":[""Zurich University of Applied Sciences (ZHAW), School of Life Sciences and Facility Management, Institute of Natural Resource Sciences""],""INSDC first public"":[""2020-07-28T17:04:56Z""],""INSDC last update"":[""2022-06-28T14:09:49Z""],""INSDC status"":[""public""],""Submitter Id"":[""NCPPB 940""],""collected by"":[""J. Niederhauser""],""collection date"":[""1942""],""culture collection"":[""ICMP:579"",""NCPPB:940"",""BCCM/LMG:870"",""ATCC:19138"",""CFBP:410""],""geographic location (country and/or sea)"":[""USA""],""geographic location (region and locality)"":[""New York, Ithaca""],""host scientific name"":[""Taraxacum kok-saghyz""],""pathovar"":[""taraxaci""],""sample name"":[""NCPPB 940""],""strain"":[""NCPPB 940""]}"	.cache/ncbi/v2_1/efetch_5436aa06399483d326b3bb35b35449299ae8390c479f935bb1cdc706a2106a2a.xml	https://www.ncbi.nlm.nih.gov/biosample/SAMEA6962652	ok	
6242a1c5f8aea9ade2e9	NCPPB 4350	other_references	expected_genus:Xanthomonas	ICMP	16434933	SAMD00253079	Xanthomonas codiaei	56463	strain ICMP 9513 of Xanthomonas codiaei	ICMP 9513				ICMP 9513		BioSample: SAMD00253079		not applicable	missing		"{""collection_date"":[""missing""],""env_broad_scale"":[""not applicable""],""env_local_scale"":[""not applicable""],""env_medium"":[""not applicable""],""geo_loc_name"":[""not applicable""],""isol_growth_condt"":[""missing""],""lat_lon"":[""not applicable""],""locus_tag_prefix"":[""GCM10007460""],""num_replicons"":[""not applicable""],""project_name"":[""De novo sequencing and analysis for strain ICMP 9513 of Xanthomonas codiaei""],""ref_biomaterial"":[""missing""],""sample_name"":[""ICMP 9513""],""strain"":[""ICMP 9513""],""type-material"":[""type strain of Xanthomonas codiaei""]}"	.cache/ncbi/v2_1/efetch_5436aa06399483d326b3bb35b35449299ae8390c479f935bb1cdc706a2106a2a.xml	https://www.ncbi.nlm.nih.gov/biosample/SAMD00253079	ok	
6242a1c5f8aea9ade2e9	NCPPB 2959	other_references	expected_genus:Xanthomonas	ICMP	16434927	SAMD00253073	Xanthomonas populi	53414	strain ICMP 5816 of Xanthomonas populi	ICMP 5816				ICMP 5816		BioSample: SAMD00253073		not applicable	missing		"{""collection_date"":[""missing""],""env_broad_scale"":[""not applicable""],""env_local_scale"":[""not applicable""],""env_medium"":[""not applicable""],""geo_loc_name"":[""not applicable""],""isol_growth_condt"":[""missing""],""lat_lon"":[""not applicable""],""locus_tag_prefix"":[""GCM10007453""],""num_replicons"":[""not applicable""],""project_name"":[""De novo sequencing and analysis for strain ICMP 5816 of Xanthomonas populi""],""ref_biomaterial"":[""missing""],""sample_name"":[""ICMP 5816""],""strain"":[""ICMP 5816""],""type-material"":[""type strain of Xanthomonas populi""]}"	.cache/ncbi/v2_1/efetch_5436aa06399483d326b3bb35b35449299ae8390c479f935bb1cdc706a2106a2a.xml	https://www.ncbi.nlm.nih.gov/biosample/SAMD00253073	ok	
6242a1c5f8aea9ade2e9	NCPPB 973	other_references	expected_genus:Xanthomonas	ICMP	16434926	SAMD00253072	Xanthomonas translucens	343	strain ICMP 5752 of Xanthomonas translucens	ICMP 5752				ICMP 5752		BioSample: SAMD00253072		not applicable	missing		"{""collection_date"":[""missing""],""env_broad_scale"":[""not applicable""],""env_local_scale"":[""not applicable""],""env_medium"":[""not applicable""],""geo_loc_name"":[""not applicable""],""isol_growth_condt"":[""missing""],""lat_lon"":[""not applicable""],""locus_tag_prefix"":[""GCM10019032""],""num_replicons"":[""not applicable""],""project_name"":[""De novo sequencing and analysis for strain ICMP 5752 of Xanthomonas translucens""],""ref_biomaterial"":[""missing""],""sample_name"":[""ICMP 5752""],""strain"":[""ICMP 5752""],""type-material"":[""pathotype strain of Xanthomonas translucens pv. translucens""]}"	.cache/ncbi/v2_1/efetch_5436aa06399483d326b3bb35b35449299ae8390c479f935bb1cdc706a2106a2a.xml	https://www.ncbi.nlm.nih.gov/biosample/SAMD00253072	ok	
6242a1c5f8aea9ade2e9	NCPPB 1469	other_references	expected_genus:Xanthomonas	ICMP	16434925	SAMD00253071	Xanthomonas fragariae	48664	strain ICMP 5715 of Xanthomonas fragariae	ICMP 5715				ICMP 5715		BioSample: SAMD00253071		not applicable	missing		"{""collection_date"":[""missing""],""env_broad_scale"":[""not applicable""],""env_local_scale"":[""not applicable""],""env_medium"":[""not applicable""],""geo_loc_name"":[""not applicable""],""isol_growth_condt"":[""missing""],""lat_lon"":[""not applicable""],""locus_tag_prefix"":[""GCM10010927""],""num_replicons"":[""not applicable""],""project_name"":[""De novo sequencing and analysis for strain ICMP 5715 of Xanthomonas fragariae""],""ref_biomaterial"":[""missing""],""sample_name"":[""ICMP 5715""],""strain"":[""ICMP 5715""],""type-material"":[""type strain of Xanthomonas fragariae""]}"	.cache/ncbi/v2_1/efetch_5436aa06399483d326b3bb35b35449299ae8390c479f935bb1cdc706a2106a2a.xml	https://www.ncbi.nlm.nih.gov/biosample/SAMD00253071	ok	
6242a1c5f8aea9ade2e9	NCPPB 762	other_references	expected_genus:Xanthomonas	ICMP	16434922	SAMD00253068	Xanthomonas pisi	56457	strain ICMP 570 of Xanthomonas pisi	ICMP 570				ICMP 570		BioSample: SAMD00253068		not applicable	missing		"{""collection_date"":[""missing""],""env_broad_scale"":[""not applicable""],""env_local_scale"":[""not applicable""],""env_medium"":[""not applicable""],""geo_loc_name"":[""not applicable""],""isol_growth_condt"":[""missing""],""lat_lon"":[""not applicable""],""locus_tag_prefix"":[""GCM10007449""],""num_replicons"":[""not applicable""],""project_name"":[""De novo sequencing and analysis for strain ICMP 570 of Xanthomonas pisi""],""ref_biomaterial"":[""missing""],""sample_name"":[""ICMP 570""],""strain"":[""ICMP 570""],""type-material"":[""type strain of Xanthomonas pisi""]}"	.cache/ncbi/v2_1/efetch_5436aa06399483d326b3bb35b35449299ae8390c479f935bb1cdc706a2106a2a.xml	https://www.ncbi.nlm.nih.gov/biosample/SAMD00253068	ok	
6242a1c5f8aea9ade2e9	NCPPB 939	other_references	expected_genus:Xanthomonas	ICMP	16434920	SAMD00253066	Xanthomonas hortorum	56454	strain ICMP 453 of Xanthomonas hortorum	ICMP 453				ICMP 453		BioSample: SAMD00253066		not applicable	missing		"{""collection_date"":[""missing""],""env_broad_scale"":[""not applicable""],""env_local_scale"":[""not applicable""],""env_medium"":[""not applicable""],""geo_loc_name"":[""not applicable""],""isol_growth_condt"":[""missing""],""lat_lon"":[""not applicable""],""locus_tag_prefix"":[""GCM10007447""],""num_replicons"":[""not applicable""],""project_name"":[""De novo sequencing and analysis for strain ICMP 453 of Xanthomonas hortorum""],""ref_biomaterial"":[""missing""],""sample_name"":[""ICMP 453""],""strain"":[""ICMP 453""],""type-material"":[""type strain of Xanthomonas hortorum""]}"	.cache/ncbi/v2_1/efetch_5436aa06399483d326b3bb35b35449299ae8390c479f935bb1cdc706a2106a2a.xml	https://www.ncbi.nlm.nih.gov/biosample/SAMD00253066	ok	
6242a1c5f8aea9ade2e9	NCPPB 4403	other_references	expected_genus:Xanthomonas	ICMP	16434911	SAMD00253057	Xanthomonas citri pv. malvacearum	86040	strain ICMP 217 of Xanthomonas citri subsp. malvacearum	ICMP 217				ICMP 217		BioSample: SAMD00253057		not applicable	missing		"{""collection_date"":[""missing""],""env_broad_scale"":[""not applicable""],""env_local_scale"":[""not applicable""],""env_medium"":[""not applicable""],""geo_loc_name"":[""not applicable""],""isol_growth_condt"":[""missing""],""lat_lon"":[""not applicable""],""locus_tag_prefix"":[""GCM10019057""],""num_replicons"":[""not applicable""],""project_name"":[""De novo sequencing and analysis for strain ICMP 217 of Xanthomonas citri subsp. malvacearum""],""ref_biomaterial"":[""missing""],""sample_name"":[""ICMP 217""],""strain"":[""ICMP 217""],""type-material"":[""type strain of Xanthomonas citri subsp. malvacearum""]}"	.cache/ncbi/v2_1/efetch_5436aa06399483d326b3bb35b35449299ae8390c479f935bb1cdc706a2106a2a.xml	https://www.ncbi.nlm.nih.gov/biosample/SAMD00253057	ok	
6242a1c5f8aea9ade2e9	NCPPB 599	other_references	expected_genus:Xanthomonas	ICMP	16434900	SAMD00253046	Xanthomonas hyacinthi	56455	strain ICMP 189 of Xanthomonas hyacinthi	ICMP 189				ICMP 189		BioSample: SAMD00253046		not applicable	missing		"{""collection_date"":[""missing""],""env_broad_scale"":[""not applicable""],""env_local_scale"":[""not applicable""],""env_medium"":[""not applicable""],""geo_loc_name"":[""not applicable""],""isol_growth_condt"":[""missing""],""lat_lon"":[""not applicable""],""locus_tag_prefix"":[""GCM10007998""],""num_replicons"":[""not applicable""],""project_name"":[""De novo sequencing and analysis for strain ICMP 189 of Xanthomonas hyacinthi""],""ref_biomaterial"":[""missing""],""sample_name"":[""ICMP 189""],""strain"":[""ICMP 189""],""type-material"":[""type strain of Xanthomonas hyacinthi""]}"	.cache/ncbi/v2_1/efetch_5436aa06399483d326b3bb35b35449299ae8390c479f935bb1cdc706a2106a2a.xml	https://www.ncbi.nlm.nih.gov/biosample/SAMD00253046	ok	
6242a1c5f8aea9ade2e9	NCPPB 4356	other_references	expected_genus:Xanthomonas	ICMP	16434897	SAMD00253043	Xanthomonas hortorum pv. cynarae	2754057	strain ICMP 16775 of Xanthomonas cynarae	ICMP 16775				ICMP 16775		BioSample: SAMD00253043		not applicable	missing		"{""collection_date"":[""missing""],""env_broad_scale"":[""not applicable""],""env_local_scale"":[""not applicable""],""env_medium"":[""not applicable""],""geo_loc_name"":[""not applicable""],""isol_growth_condt"":[""missing""],""lat_lon"":[""not applicable""],""locus_tag_prefix"":[""GCM10007996""],""num_replicons"":[""not applicable""],""project_name"":[""De novo sequencing and analysis for strain ICMP 16775 of Xanthomonas cynarae""],""ref_biomaterial"":[""missing""],""sample_name"":[""ICMP 16775""],""strain"":[""ICMP 16775""],""type-material"":[""type strain of Xanthomonas cynarae""]}"	.cache/ncbi/v2_1/efetch_5436aa06399483d326b3bb35b35449299ae8390c479f935bb1cdc706a2106a2a.xml	https://www.ncbi.nlm.nih.gov/biosample/SAMD00253043	ok	
6242a1c5f8aea9ade2e9	NCPPB 3236	other_references	expected_genus:Xanthomonas	ICMP	16434893	SAMD00253039	Xanthomonas citri pv. aurantifolii	76802	strain ICMP 15806 of Xanthomonas fuscans subsp. aurantifolii	ICMP 15806				ICMP 15806		BioSample: SAMD00253039		not applicable	missing		"{""collection_date"":[""missing""],""env_broad_scale"":[""not applicable""],""env_local_scale"":[""not applicable""],""env_medium"":[""not applicable""],""geo_loc_name"":[""not applicable""],""isol_growth_condt"":[""missing""],""lat_lon"":[""not applicable""],""locus_tag_prefix"":[""GCM10007993""],""num_replicons"":[""not applicable""],""project_name"":[""De novo sequencing and analysis for strain ICMP 15806 of Xanthomonas fuscans subsp. aurantifolii""],""ref_biomaterial"":[""missing""],""sample_name"":[""ICMP 15806""],""strain"":[""ICMP 15806""],""type-material"":[""pathotype strain of Xanthomonas citri pv. aurantifolii""]}"	.cache/ncbi/v2_1/efetch_5436aa06399483d326b3bb35b35449299ae8390c479f935bb1cdc706a2106a2a.xml	https://www.ncbi.nlm.nih.gov/biosample/SAMD00253039	ok	
6242a1c5f8aea9ade2e9	NCPPB 4446	other_references	expected_genus:Xanthomonas	ICMP	16434885	SAMD00253031	Xanthomonas dyei	743699	strain ICMP 12167 of Xanthomonas dyei	ICMP 12167				ICMP 12167		BioSample: SAMD00253031		not applicable	missing		"{""collection_date"":[""missing""],""env_broad_scale"":[""not applicable""],""env_local_scale"":[""not applicable""],""env_medium"":[""not applicable""],""geo_loc_name"":[""not applicable""],""isol_growth_condt"":[""missing""],""lat_lon"":[""not applicable""],""locus_tag_prefix"":[""GCM10019077""],""num_replicons"":[""not applicable""],""project_name"":[""De novo sequencing and analysis for strain ICMP 12167 of Xanthomonas dyei""],""ref_biomaterial"":[""missing""],""sample_name"":[""ICMP 12167""],""strain"":[""ICMP 12167""],""type-material"":[""type strain of Xanthomonas dyei""]}"	.cache/ncbi/v2_1/efetch_5436aa06399483d326b3bb35b35449299ae8390c479f935bb1cdc706a2106a2a.xml	https://www.ncbi.nlm.nih.gov/biosample/SAMD00253031	ok	
6242a1c5f8aea9ade2e9	NCPPB 416	other_references	expected_genus:Xanthomonas	ICMP	188641	SAMN00188641	Xanthomonas arboricola pv. pruni	69929	Xanthomonas arboricola pv. pruni SSH DNA fragments	ICMP 51						BioSample: SAMN00188641; GSS: LIBGSS_012063					"{""strain"":[""ICMP 51""]}"	.cache/ncbi/v2_1/efetch_9a6b3525df161b5bebe32f3baffc9f81c75f0978908c4b9416c7b69b38741858.xml	https://www.ncbi.nlm.nih.gov/biosample/SAMN00188641	ok	
3bfb311b4a97bebee373	NCPPB 4376	other_references	expected_genus:Xanthomonas	LMG	37784323	SAMEA114332027	Xanthomonas euvesicatoria pv. citrumelonis	189396	Xanthomonas euvesicatoria pv. citrumelonis LMG 9325		LMG 9325			LMG 9325		BioSample: SAMEA114332027; SRA: ERS16321133	Citrus sp.		not provided	Citrus sp.	"{""ENA-CHECKLIST"":[""ERC000028""],""INSDC center name"":[""NVWA""],""Submitter Id"":[""LMG 9325""],""collection date"":[""not provided""],""geographic location (country and/or sea)"":[""USA""],""host health state"":[""not provided""],""host scientific name"":[""Citrus sp.""],""isolate"":[""LMG 9325""],""isolation_source"":[""Citrus sp.""],""pathovar"":[""citrumelonis""],""sample name"":[""LMG 9325""],""scientific_name"":[""Xanthomonas euvesicatoria pv. citrumelonis""],""type-material"":[""pathotype strain of Xanthomonas euvesicatoria pv. citrumelonis""]}"	.cache/ncbi/v2_1/efetch_3a239b2df6180270b1a8e23c97c382a5dade709fc6159aae5c28bbc7c265d089.xml	https://www.ncbi.nlm.nih.gov/biosample/SAMEA114332027	ok	
3bfb311b4a97bebee373	NCPPB 3229	other_references	expected_genus:Xanthomonas	LMG	19468000	SAMN19468000	Xanthomonas graminis pv. arrhenatheri	320326	Xanthomonas translucens pv. arrhenatheri LMG 727	LMG 727		BCCM/LMG:727				BioSample: SAMN19468000; XTA_LMG727	Arrhenatherum elatius	Switzerland	1978		"{""collected_by"":[""Herzog J.""],""collection_date"":[""1978""],""culture_collection"":[""BCCM/LMG:727""],""geo_loc_name"":[""Switzerland""],""host"":[""Arrhenatherum elatius""],""pathovar"":[""arrhenatheri""],""sample_type"":[""whole organism""],""strain"":[""LMG 727""],""type-material"":[""pathotype strain of Xanthomonas campestris pv. arrhenatheri""]}"	.cache/ncbi/v2_1/efetch_37d8944caa924bec9d37b885aef8093954bac3495e037f63b1aeb634992f5a21.xml	https://www.ncbi.nlm.nih.gov/biosample/SAMN19468000	ok	
3bfb311b4a97bebee373	NCPPB 3231	other_references	expected_genus:Xanthomonas	LMG	19467924	SAMN19467924	Xanthomonas graminis pv. phlei	487906	Xanthomonas translucens pv. phlei LMG 730	LMG 730		BCCM/LMG:730				BioSample: SAMN19467924; XTP_LMG730	Phleum pratense	Norway	1978		"{""collection_date"":[""1978""],""culture_collection"":[""BCCM/LMG:730""],""geo_loc_name"":[""Norway""],""host"":[""Phleum pratense""],""pathovar"":[""phlei""],""sample_type"":[""whole organism""],""strain"":[""LMG 730""],""type-material"":[""pathotype strain of Xanthomonas campestris pv. phlei""]}"	.cache/ncbi/v2_1/efetch_37d8944caa924bec9d37b885aef8093954bac3495e037f63b1aeb634992f5a21.xml	https://www.ncbi.nlm.nih.gov/biosample/SAMN19467924	ok	
3bfb311b4a97bebee373	NCPPB 3230	other_references	expected_genus:Xanthomonas	LMG	19467923	SAMN19467923	Xanthomonas graminis pv. poae	227946	Xanthomonas translucens pv. poae LMG 728	LMG 728						BioSample: SAMN19467923; XTP_LMG728	Poa trivialis	Switzerland	1978		"{""collection_date"":[""1978""],""geo_loc_name"":[""Switzerland""],""host"":[""Poa trivialis""],""pathovar"":[""poae""],""sample_type"":[""whole organism""],""strain"":[""LMG 728""],""type-material"":[""pathotype strain of Xanthomonas campestris pv. poae""]}"	.cache/ncbi/v2_1/efetch_37d8944caa924bec9d37b885aef8093954bac3495e037f63b1aeb634992f5a21.xml	https://www.ncbi.nlm.nih.gov/biosample/SAMN19467923	ok	
3bfb311b4a97bebee373	NCPPB 1837	other_references	expected_genus:Xanthomonas	LMG	18876900	SAMN18876900	Xanthomonas graminis pv. phlei	487906	Xanthomonas translucens pv. phleipratensis LMG 843	LMG 843		BCCM/LMG:843				BioSample: SAMN18876900; XTP_LMG843	Phleum pratense	USA	1942		"{""collection_date"":[""1942""],""culture_collection"":[""BCCM/LMG:843""],""geo_loc_name"":[""USA""],""host"":[""Phleum pratense""],""pathovar"":[""phleipratensis""],""sample_type"":[""whole organism""],""strain"":[""LMG 843""],""type-material"":[""pathotype strain of Xanthomonas campestris pv. phleipratensis""]}"	.cache/ncbi/v2_1/efetch_cbe376b0c133682caa7daeaad578e491957f7de946720278e1c8d38e13a3b4b6.xml	https://www.ncbi.nlm.nih.gov/biosample/SAMN18876900	ok	
3bfb311b4a97bebee373	NCPPB 2700	other_references	expected_genus:Xanthomonas	LMG	18876882	SAMN18876882	Xanthomonas graminis pv. graminis	134874	Xanthomonas translucens pv. graminis LMG 726	LMG 726		BCCM/LMG:726				BioSample: SAMN18876882; XTG_LMG726	Dactylis glomerata	Switzerland	1973		"{""collected_by"":[""T. Egli""],""collection_date"":[""1973""],""culture_collection"":[""BCCM/LMG:726""],""geo_loc_name"":[""Switzerland""],""host"":[""Dactylis glomerata""],""pathovar"":[""graminis""],""sample_type"":[""whole organism""],""strain"":[""LMG 726""],""type-material"":[""pathotype strain of Xanthomonas campestris pv. graminis""]}"	.cache/ncbi/v2_1/efetch_cbe376b0c133682caa7daeaad578e491957f7de946720278e1c8d38e13a3b4b6.xml	https://www.ncbi.nlm.nih.gov/biosample/SAMN18876882	ok	
3bfb311b4a97bebee373	NCPPB 3231	other_references	expected_genus:Xanthomonas	LMG	3995578	SAMEA3486273	Xanthomonas graminis pv. phlei	487906	Draft genome sequence of Xanthomonas translucens pv. phlei LMG 730		LMG730			LMG730		BioSample: SAMEA3486273; SRA: ERS793422			1978		"{""ENA first public"":[""2015-08-14""],""ENA last update"":[""2016-10-21""],""ENA-CHECKLIST"":[""ERC000020""],""External Id"":[""SAMEA3486273""],""INSDC center alias"":[""CEBITEC""],""INSDC center name"":[""Center for Biotechnology, Bielefeld University""],""INSDC first public"":[""2015-08-14T17:01:13Z""],""INSDC last update"":[""2016-10-21T09:41:39Z""],""INSDC status"":[""public""],""Submitter Id"":[""LMG730""],""collection date"":[""1978""],""environment (biome)"":[""Phleum pratense""],""environment (feature)"":[""grassland""],""environment (material)"":[""Phleum pratense""],""geographic location (country and/or sea)"":[""Norway""],""geographic location (latitude)"":[""59.55""],""geographic location (longitude)"":[""10.45""],""investigation type"":[""mimarks-survey""],""isolate"":[""LMG730""],""pathovar"":[""phlei""],""plant-associated environmental package"":[""plant-associated""],""project name"":[""LMG730""],""sample name"":[""LMG730""],""sequencing method"":[""Illumina MiSeq""],""type-material"":[""pathotype strain of Xanthomonas campestris pv. phlei""]}"	.cache/ncbi/v2_1/efetch_1d87dd683a4b2a45cb6cf73549ea1a6c05b4fa06096e52901c1da51e76c76b7b.xml	https://www.ncbi.nlm.nih.gov/biosample/SAMEA3486273	ok	
3bfb311b4a97bebee373	NCPPB 3230	other_references	expected_genus:Xanthomonas	LMG	3995577	SAMEA3486272	Xanthomonas graminis pv. poae	227946	Draft genome sequence of Xanthomonas translucens pv. poae LMG 728		LMG728			LMG728		BioSample: SAMEA3486272; SRA: ERS793421			1978		"{""ENA first public"":[""2015-08-14""],""ENA last update"":[""2016-10-21""],""ENA-CHECKLIST"":[""ERC000020""],""External Id"":[""SAMEA3486272""],""INSDC center alias"":[""CEBITEC""],""INSDC center name"":[""Center for Biotechnology, Bielefeld University""],""INSDC first public"":[""2015-08-14T17:01:13Z""],""INSDC last update"":[""2016-10-21T09:41:53Z""],""INSDC status"":[""public""],""Submitter Id"":[""LMG728""],""collection date"":[""1978""],""environment (biome)"":[""Poa trivialis""],""environment (feature)"":[""grassland""],""environment (material)"":[""Poa trivialis""],""geographic location (country and/or sea)"":[""Switzerland""],""geographic location (latitude)"":[""47.22""],""geographic location (longitude)"":[""8.32""],""investigation type"":[""mimarks-survey""],""isolate"":[""LMG728""],""pathovar"":[""poae""],""plant-associated environmental package"":[""plant-associated""],""project name"":[""LMG728""],""sample name"":[""LMG728""],""sequencing method"":[""Illumina MiSeq""],""type-material"":[""pathotype strain of Xanthomonas campestris pv. poae""]}"	.cache/ncbi/v2_1/efetch_1d87dd683a4b2a45cb6cf73549ea1a6c05b4fa06096e52901c1da51e76c76b7b.xml	https://www.ncbi.nlm.nih.gov/biosample/SAMEA3486272	ok	
3bfb311b4a97bebee373	NCPPB 3229	other_references	expected_genus:Xanthomonas	LMG	3995576	SAMEA3486180	Xanthomonas graminis pv. arrhenatheri LMG 727	1195923	Draft genome sequence of Xanthomonas translucens pv. arrhenatheri LMG 727		LMG727			LMG727		BioSample: SAMEA3486180; SRA: ERS793329			1978		"{""ENA first public"":[""2015-08-14""],""ENA last update"":[""2016-10-21""],""ENA-CHECKLIST"":[""ERC000020""],""External Id"":[""SAMEA3486180""],""INSDC center alias"":[""CEBITEC""],""INSDC center name"":[""Center for Biotechnology, Bielefeld University""],""INSDC first public"":[""2015-08-14T17:01:13Z""],""INSDC last update"":[""2016-10-21T09:41:53Z""],""INSDC status"":[""public""],""Submitter Id"":[""LMG727""],""collection date"":[""1978""],""environment (biome)"":[""Arrhenatherum elatius""],""environment (feature)"":[""grassland""],""environment (material)"":[""Arrhenatherum elatius""],""geographic location (country and/or sea)"":[""Switzerland""],""geographic location (latitude)"":[""47.22""],""geographic location (longitude)"":[""8.32""],""investigation type"":[""mimarks-survey""],""isolate"":[""LMG727""],""pathovar"":[""arrhenatheri LMG 727""],""plant-associated environmental package"":[""plant-associated""],""project name"":[""LMG727""],""sample name"":[""LMG727""],""sequencing method"":[""Illumina MiSeq""],""type-material"":[""pathotype strain of Xanthomonas campestris pv. arrhenatheri""]}"	.cache/ncbi/v2_1/efetch_1d87dd683a4b2a45cb6cf73549ea1a6c05b4fa06096e52901c1da51e76c76b7b.xml	https://www.ncbi.nlm.nih.gov/biosample/SAMEA3486180	ok	
3bfb311b4a97bebee373	NCPPB 4590	other_references	expected_genus:Xanthomonas	LMG	37781856	SAMEA114332011	Xanthomonas citri pv. citri	611301	Xanthomonas citri pv. citri LMG 9322		LMG 9322			LMG 9322		BioSample: SAMEA114332011; SRA: ERS16321117	Citrus x aurantiifolia		1989	Citrus aurantifolia	"{""ENA-CHECKLIST"":[""ERC000028""],""INSDC center name"":[""NVWA""],""Submitter Id"":[""LMG 9322""],""collection date"":[""1989""],""geographic location (country and/or sea)"":[""USA""],""host health state"":[""not provided""],""host scientific name"":[""Citrus x aurantiifolia""],""isolate"":[""LMG 9322""],""isolation_source"":[""Citrus aurantifolia""],""pathovar"":[""citri""],""sample name"":[""LMG 9322""],""scientific_name"":[""Xanthomonas citri pv. citri""],""type-material"":[""type strain of Xanthomonas citri""]}"	.cache/ncbi/v2_1/efetch_33f325d4639c5200deafc6e84bf5bbebfdd0c8529a362eede937d4d9df23d7ea.xml	https://www.ncbi.nlm.nih.gov/biosample/SAMEA114332011	ok	
3bfb311b4a97bebee373	NCPPB 2959	other_references	expected_genus:Xanthomonas	LMG	13863289	SAMEA5613906	Xanthomonas populi	53414	LMG 5743	LMG 5743	190148	BCCM/LMG:1-25-25-2-2016-4163		190148		BioSample: SAMEA5613906; SRA: ERS3418092					"{""ENA-CHECKLIST"":[""ERC000011""],""ENA-FIRST-PUBLIC"":[""2020-01-12T04:04:32Z""],""ENA-LAST-UPDATE"":[""2019-05-17T08:58:28Z""],""External Id"":[""SAMEA5613906""],""INSDC center name"":[""BELGIAN NUCLEAR RESEARCH CENTER (SCK-CEN)""],""INSDC first public"":[""2020-01-12T04:04:32Z""],""INSDC last update"":[""2019-05-17T08:58:28Z""],""INSDC status"":[""public""],""Submitter Id"":[""190148""],""culture collection"":[""BCCM/LMG:1-25-25-2-2016-4163""],""isolate"":[""190148""],""sample name"":[""190148""],""scientific_name"":[""Xanthomonas populi""],""strain"":[""LMG 5743""],""type-material"":[""type strain of Xanthomonas populi""]}"	.cache/ncbi/v2_1/efetch_5436aa06399483d326b3bb35b35449299ae8390c479f935bb1cdc706a2106a2a.xml	https://www.ncbi.nlm.nih.gov/biosample/SAMEA5613906	ok	
3bfb311b4a97bebee373	NCPPB 2475	other_references	expected_genus:Xanthomonas	LMG	26688428	SAMN26688428	Xanthomonas citri pv. viticola	487899	Microbe sample from Xanthomonas citri pv. viticola	LMG 965						BioSample: SAMN26688428; LMG 965	Vitis vinifera	India	1972		"{""collection_date"":[""1972""],""geo_loc_name"":[""India""],""host"":[""Vitis vinifera""],""pathovar"":[""viticola""],""sample_type"":[""Microbe""],""strain"":[""LMG 965""],""type-material"":[""pathotype strain of Xanthomonas campestris pv. viticola""]}"	.cache/ncbi/v2_1/efetch_29caedd50e27adb4a33971de52b20c96f50f4309bbd103de88be8f9cce15a81f.xml	https://www.ncbi.nlm.nih.gov/biosample/SAMN26688428	ok	
3bfb311b4a97bebee373	NCPPB 3236	other_references	expected_genus:Xanthomonas	LMG	37783722	SAMEA114331996	Xanthomonas citri pv. aurantifolii	76802	Xanthomonas citri pv. aurantifolii LMG 9179, XC64		LMG 9179, XC64			LMG 9179, XC64		BioSample: SAMEA114331996; SRA: ERS16321102	Citrus x limon		1982	Citrus limon	"{""ENA-CHECKLIST"":[""ERC000028""],""INSDC center name"":[""NVWA""],""Submitter Id"":[""LMG 9179, XC64""],""collection date"":[""1982""],""geographic location (country and/or sea)"":[""Argentina""],""host health state"":[""not provided""],""host scientific name"":[""Citrus x limon""],""isolate"":[""LMG 9179, XC64""],""isolation_source"":[""Citrus limon""],""pathovar"":[""aurantifolii""],""sample name"":[""LMG 9179, XC64""],""scientific_name"":[""Xanthomonas citri pv. aurantifolii""]}"	.cache/ncbi/v2_1/efetch_3a239b2df6180270b1a8e23c97c382a5dade709fc6159aae5c28bbc7c265d089.xml	https://www.ncbi.nlm.nih.gov/biosample/SAMEA114331996	ok	
3bfb311b4a97bebee373	NCPPB 4590	other_references	expected_genus:Xanthomonas	LMG	5003919	SAMN05003919	Xanthomonas citri	346	Microbe sample from Xanthomonas citri	LMG 9322						BioSample: SAMN05003919; Xanthomonas citri; SRA: SRS1439590	Citrus x aurantiifolia	USA: Florida	1989		"{""collection_date"":[""1989""],""geo_loc_name"":[""USA: Florida""],""host"":[""Citrus x aurantiifolia""],""sample_type"":[""whole organism""],""strain"":[""LMG 9322""],""type-material"":[""type strain of Xanthomonas citri""]}"	.cache/ncbi/v2_1/efetch_3f582a594609bb470f3151d75429d96009724f647e7971ebfba655eb732c664f.xml	https://www.ncbi.nlm.nih.gov/biosample/SAMN05003919	ok	
3bfb311b4a97bebee373	NCPPB 3586	other_references	expected_genus:Xanthomonas	LMG	4481177	SAMN04481177	Xanthomonas phaseoli pv. syngonii LMG 9055	1437878	Pathogen: environmental/food/other sample from Xanthomonas phaseoli pv. syngonii LMG 9055	LMG 9055						BioSample: SAMN04481177; Xas LMG 9055	Syngonium podophyllum	USA	1984	missing	"{""collected_by"":[""C.H. Zumoff""],""collection_date"":[""1984""],""geo_loc_name"":[""USA""],""host"":[""Syngonium podophyllum""],""isolation-source"":[""missing""],""lat_lon"":[""21.39170473 N 157.8515625 W""],""pathovar"":[""syngonii""],""strain"":[""LMG 9055""],""type-material"":[""pathotype strain of Xanthomonas phaseoli pv. syngonii""]}"	.cache/ncbi/v2_1/efetch_1d87dd683a4b2a45cb6cf73549ea1a6c05b4fa06096e52901c1da51e76c76b7b.xml	https://www.ncbi.nlm.nih.gov/biosample/SAMN04481177	ok	
3bfb311b4a97bebee373	NCPPB 1833	other_references	expected_genus:Xanthomonas	LMG	4481176	SAMN04481176	Xanthomonas phaseoli pv. dieffenbachiae LMG 695	1437877	Pathogen: environmental/food/other sample from Xanthomonas phaseoli pv. dieffenbachiae LMG 695	LMG 695						BioSample: SAMN04481176; Xad LMG 695	Anthurium sp.	Brazil	1966	missing	"{""collected_by"":[""Robbs Charles F., Embrapa-CTAA""],""collection_date"":[""1966""],""geo_loc_name"":[""Brazil""],""host"":[""Anthurium sp.""],""isolation_source"":[""missing""],""lat_lon"":[""9.79567758 S 39.19921475 W""],""pathovar"":[""dieffenbachiae""],""strain"":[""LMG 695""],""type-material"":[""pathotype strain of Xanthomonas phaseoli pv. dieffenbachiae""]}"	.cache/ncbi/v2_1/efetch_1d87dd683a4b2a45cb6cf73549ea1a6c05b4fa06096e52901c1da51e76c76b7b.xml	https://www.ncbi.nlm.nih.gov/biosample/SAMN04481176	ok	
3bfb311b4a97bebee373	NCPPB 490	other_references	expected_genus:Xanthomonas	LMG	2483705	SAMEA2272013	Xanthomonas citri pv. mangiferaeindicae LMG 941	1156940	BioSample entry for genome collection GCA_000263335	LMG 941				GCA_000263335		BioSample: SAMEA2272013; SRA: ERS379475					"{""ENA-CHECKLIST"":[""ERC000011""],""ENA-FIRST-PUBLIC"":[""2013-12-19""],""ENA-LAST-UPDATE"":[""2013-12-09""],""External Id"":[""SAMEA2272013""],""INSDC center alias"":[""EBI""],""INSDC center name"":[""European Bioinformatics Institute""],""INSDC first public"":[""2013-12-19T12:09:22Z""],""INSDC last update"":[""2013-12-09T15:23:49Z""],""INSDC status"":[""public""],""STRAIN"":[""LMG 941""],""Submitter Id"":[""GCA_000263335""],""broker name"":[""European Nucleotide Archive""],""individual_name"":[""GCA_000263335""],""pathovar"":[""mangiferaeindicae LMG 941""],""sample name"":[""GCA_000263335""],""type-material"":[""pathotype strain of Xanthomonas citri pv. mangiferaeindicae""]}"	.cache/ncbi/v2_1/efetch_735d8f8ccf46cf9f5e2f29e314c8634be72cb116fa0e8a003a1726550bbc0b46.xml	https://www.ncbi.nlm.nih.gov/biosample/SAMEA2272013	ok	
3bfb311b4a97bebee373	NCPPB 4409	other_references	expected_genus:Xanthomonas	LMG	8295466	SAMEA104393682	Xanthomonas arboricola pv. fragariae	487822	Xanthomonas arboricola pv. fragariae LMG 19145	LMG 19145				XAF_LMG19145		BioSample: SAMEA104393682; SRA: ERS2011624					"{""ENA first public"":[""2018-01-04""],""ENA last update"":[""2018-01-24""],""ENA-CHECKLIST"":[""ERC000011""],""External Id"":[""SAMEA104393682""],""INSDC center alias"":[""JLU""],""INSDC center name"":[""Justus Liebig Universitat""],""INSDC first public"":[""2018-01-04T17:02:40Z""],""INSDC last update"":[""2018-01-24T08:46:42Z""],""INSDC status"":[""public""],""Submitter Id"":[""XAF_LMG19145""],""pathovar"":[""fragariae""],""sample name"":[""XAF_LMG19145""],""strain"":[""LMG 19145""]}"	.cache/ncbi/v2_1/efetch_f7100daa816e4896d362060a32920fa7a17f8abd47e04a2fa9fddcf4d3daeab9.xml	https://www.ncbi.nlm.nih.gov/biosample/SAMEA104393682	ok	
3bfb311b4a97bebee373	NCPPB 381	other_references	expected_genus:Xanthomonas	LMG	2903172	SAMN02903172	Xanthomonas citri pv. fuscans	366649	Microbe sample from Xanthomonas citri pv. fuscans	LMG 826		LMG:826	LMG			BioSample: SAMN02903172; LMG826A; SRA: SRS656085	bean	Belgium: Merelbeke	2014-01-16	missing	"{""biomaterial_provider"":[""LMG""],""collection_date"":[""2014-01-16""],""culture_collection"":[""LMG:826""],""geo_loc_name"":[""Belgium: Merelbeke""],""host"":[""bean""],""isolation_source"":[""missing""],""pathovar"":[""fuscans""],""sample_type"":[""missing""],""strain"":[""LMG 826""],""type-material"":[""type strain of Xanthomonas fuscans""]}"	.cache/ncbi/v2_1/efetch_735d8f8ccf46cf9f5e2f29e314c8634be72cb116fa0e8a003a1726550bbc0b46.xml	https://www.ncbi.nlm.nih.gov/biosample/SAMN02903172	ok	
3bfb311b4a97bebee373	NCPPB 985	other_references	expected_genus:Xanthomonas	LMG	2903999	SAMN02903999	Xanthomonas citri	346	Microbe sample from Xanthomonas citri	LMG 7399		LMG:7399	BCCM/LMG Bacteria Collection			BioSample: SAMN02903999; LMG7399B; SRA: SRS655988		Belgium: Merelbeke	2014-01-16	missing	"{""biomaterial_provider"":[""BCCM/LMG Bacteria Collection""],""collection_date"":[""2014-01-16""],""culture_collection"":[""LMG:7399""],""geo_loc_name"":[""Belgium: Merelbeke""],""isolation_source"":[""missing""],""sample_type"":[""missing""],""strain"":[""LMG 7399""]}"	.cache/ncbi/v2_1/efetch_735d8f8ccf46cf9f5e2f29e314c8634be72cb116fa0e8a003a1726550bbc0b46.xml	https://www.ncbi.nlm.nih.gov/biosample/SAMN02903999	ok	
3bfb311b4a97bebee373	NCPPB 1833	other_references	expected_genus:Xanthomonas	LMG	2903992	SAMN02903992	Xanthomonas phaseoli pv. dieffenbachiae LMG 695	1437877	Microbe sample from Xanthomonas phaseoli pv. dieffenbachiae LMG 695	LMG 695		LMG:695	BCCM/LMG Bacteria Collection			BioSample: SAMN02903992; LMG695B; SRA: SRS655995	Anthurium	Belgium: Merelbeke	2014-01-16	missing	"{""biomaterial_provider"":[""BCCM/LMG Bacteria Collection""],""collection_date"":[""2014-01-16""],""culture_collection"":[""LMG:695""],""geo_loc_name"":[""Belgium: Merelbeke""],""host"":[""Anthurium""],""isolation_source"":[""missing""],""pathovar"":[""dieffenbachiae LMG 695""],""sample_type"":[""missing""],""strain"":[""LMG 695""],""type-material"":[""pathotype strain of Xanthomonas phaseoli pv. dieffenbachiae""]}"	.cache/ncbi/v2_1/efetch_735d8f8ccf46cf9f5e2f29e314c8634be72cb116fa0e8a003a1726550bbc0b46.xml	https://www.ncbi.nlm.nih.gov/biosample/SAMN02903992	ok	
3bfb311b4a97bebee373	NCPPB 2968	other_references	expected_genus:Xanthomonas	LMG	5003920	SAMN05003920	Xanthomonas euvesicatoria	456327	Microbe sample from Xanthomonas euvesicatoria	LMG 27970						BioSample: SAMN05003920; Xanthomonas euvesicatoria; SRA: SRS1439630	Capsicum frutescens	USA	1947		"{""collection_date"":[""1947""],""geo_loc_name"":[""USA""],""host"":[""Capsicum frutescens""],""sample_type"":[""whole organism""],""strain"":[""LMG 27970""],""type-material"":[""type strain of Xanthomonas euvesicatoria""]}"	.cache/ncbi/v2_1/efetch_3f582a594609bb470f3151d75429d96009724f647e7971ebfba655eb732c664f.xml	https://www.ncbi.nlm.nih.gov/biosample/SAMN05003920	ok	
3bfb311b4a97bebee373	NCPPB 2968	other_references	expected_genus:Xanthomonas	LMG	2903176	SAMN02903176	Xanthomonas euvesicatoria	456327	Microbe sample from Xanthomonas euvesicatoria	LMG 27970		LMG:27970	LMG			BioSample: SAMN02903176; LMG27970A; SRA: SRS655999	pepper; tomato	Belgium: Merelbeke	2014-01-16	missing	"{""biomaterial_provider"":[""LMG""],""collection_date"":[""2014-01-16""],""culture_collection"":[""LMG:27970""],""geo_loc_name"":[""Belgium: Merelbeke""],""host"":[""pepper; tomato""],""isolation_source"":[""missing""],""sample_type"":[""missing""],""strain"":[""LMG 27970""],""type-material"":[""type strain of Xanthomonas euvesicatoria""]}"	.cache/ncbi/v2_1/efetch_735d8f8ccf46cf9f5e2f29e314c8634be72cb116fa0e8a003a1726550bbc0b46.xml	https://www.ncbi.nlm.nih.gov/biosample/SAMN02903176	ok	
3bfb311b4a97bebee373	NCPPB 422	other_references	expected_genus:Xanthomonas	LMG	5823154	SAMN05823154	Xanthomonas vesicatoria	56460	Copper-resistant Xanthomonas vesicatoria LMG911	LMG911		LMG:911				BioSample: SAMN05823154; pacbio13	Solanum lycopersicum	New Zealand	1955		"{""collection_date"":[""1955""],""culture_collection"":[""LMG:911""],""geo_loc_name"":[""New Zealand""],""host"":[""Solanum lycopersicum""],""sample_type"":[""pathogen culture""],""strain"":[""LMG911""],""type-material"":[""type strain of Xanthomonas vesicatoria""]}"	.cache/ncbi/v2_1/efetch_3f582a594609bb470f3151d75429d96009724f647e7971ebfba655eb732c664f.xml	https://www.ncbi.nlm.nih.gov/biosample/SAMN05823154	ok	
3bfb311b4a97bebee373	NCPPB 4412	other_references	expected_genus:Xanthomonas	LMG	5003921	SAMN05003921	Xanthomonas alfalfae	366650	Microbe sample from Xanthomonas alfalfae	LMG 495						BioSample: SAMN05003921; Xanthomonas alfalfae; SRA: SRS1439647	Medicago sativa	India	1954		"{""collection_date"":[""1954""],""geo_loc_name"":[""India""],""host"":[""Medicago sativa""],""sample_type"":[""whole organism""],""strain"":[""LMG 495""],""type-material"":[""type strain of Xanthomonas alfalfae""]}"	.cache/ncbi/v2_1/efetch_3f582a594609bb470f3151d75429d96009724f647e7971ebfba655eb732c664f.xml	https://www.ncbi.nlm.nih.gov/biosample/SAMN05003921	ok	
3bfb311b4a97bebee373	NCPPB 701	other_references	expected_genus:Xanthomonas	LMG	3175440	SAMN03175440	Xanthomonas vesicatoria	56460	Xanthomonas vesicatoria str. LMG 920	LMG 920		LMG:920				BioSample: SAMN03175440; XV_LMG920; SRA: SRS1768446	Solanum lycopersicum	Italy	1956	missing	"{""collected_by"":[""G. Goidanich""],""collection_date"":[""1956""],""culture_collection"":[""LMG:920""],""geo_loc_name"":[""Italy""],""host"":[""Solanum lycopersicum""],""isolation_source"":[""missing""],""sample_type"":[""whole organism""],""strain"":[""LMG 920""]}"	.cache/ncbi/v2_1/efetch_1d87dd683a4b2a45cb6cf73549ea1a6c05b4fa06096e52901c1da51e76c76b7b.xml	https://www.ncbi.nlm.nih.gov/biosample/SAMN03175440	ok	
3bfb311b4a97bebee373	NCPPB 509	other_references	expected_genus:Xanthomonas	LMG	3175433	SAMN03175433	Xanthomonas vesicatoria	56460	Xanthomonas vesicatoria str. LMG 919	LMG 919		LMG:919				BioSample: SAMN03175433; XV_LMG919; SRA: SRS1768445	Solanum lycopersicum	Zimbabwe	unknown	missing	"{""collected_by"":[""A. Rothwell""],""collection_date"":[""unknown""],""culture_collection"":[""LMG:919""],""geo_loc_name"":[""Zimbabwe""],""host"":[""Solanum lycopersicum""],""isolation_source"":[""missing""],""sample_type"":[""whole organism""],""strain"":[""LMG 919""]}"	.cache/ncbi/v2_1/efetch_1d87dd683a4b2a45cb6cf73549ea1a6c05b4fa06096e52901c1da51e76c76b7b.xml	https://www.ncbi.nlm.nih.gov/biosample/SAMN03175433	ok	
3bfb311b4a97bebee373	NCPPB 4590	other_references	expected_genus:Xanthomonas	LMG	2903175	SAMN02903175	Xanthomonas citri pv. citri	611301	Microbe sample from Xanthomonas citri pv. citri	LMG 9322		LMG:9322	LMG			BioSample: SAMN02903175; LMG9322A; SRA: SRS655983	Citrus	Belgium: Merelbeke	2014-01-16	missing	"{""biomaterial_provider"":[""LMG""],""collection_date"":[""2014-01-16""],""culture_collection"":[""LMG:9322""],""geo_loc_name"":[""Belgium: Merelbeke""],""host"":[""Citrus""],""isolation_source"":[""missing""],""pathovar"":[""citri""],""sample_type"":[""missing""],""strain"":[""LMG 9322""],""type-material"":[""type strain of Xanthomonas citri""]}"	.cache/ncbi/v2_1/efetch_735d8f8ccf46cf9f5e2f29e314c8634be72cb116fa0e8a003a1726550bbc0b46.xml	https://www.ncbi.nlm.nih.gov/biosample/SAMN02903175	ok	
3bfb311b4a97bebee373	NCPPB 3586	other_references	expected_genus:Xanthomonas	LMG	2903174	SAMN02903174	Xanthomonas phaseoli pv. syngonii LMG 9055	1437878	Microbe sample from Xanthomonas phaseoli pv. syngonii LMG 9055	LMG 9055		LMG:9055	LMG			BioSample: SAMN02903174; LMG9055A; SRA: SRS656004	syngonium	Belgium: Merelbeke	2014-01-16	missing	"{""biomaterial_provider"":[""LMG""],""collection_date"":[""2014-01-16""],""culture_collection"":[""LMG:9055""],""geo_loc_name"":[""Belgium: Merelbeke""],""host"":[""syngonium""],""isolation_source"":[""missing""],""pathovar"":[""syngonii LMG 9055""],""sample_type"":[""missing""],""strain"":[""LMG 9055""],""type-material"":[""pathotype strain of Xanthomonas phaseoli pv. syngonii""]}"	.cache/ncbi/v2_1/efetch_735d8f8ccf46cf9f5e2f29e314c8634be72cb116fa0e8a003a1726550bbc0b46.xml	https://www.ncbi.nlm.nih.gov/biosample/SAMN02903174	ok	
3bfb311b4a97bebee373	NCPPB 457	other_references	expected_genus:Xanthomonas	LMG	2903173	SAMN02903173	Xanthomonas axonopodis pv. axonopodis	316581	Microbe sample from Xanthomonas axonopodis pv. axonopodis	LMG 982		LMG:982	LMG			BioSample: SAMN02903173; LMG982A; SRA: SRS656027		Belgium: Merelbeke	2014-01-16	missing	"{""biomaterial_provider"":[""LMG""],""collection_date"":[""2014-01-16""],""culture_collection"":[""LMG:982""],""geo_loc_name"":[""Belgium: Merelbeke""],""identified_by"":[""M.Starr""],""isolation_source"":[""missing""],""pathovar"":[""axonopodis""],""sample_type"":[""missing""],""strain"":[""LMG 982""],""type-material"":[""type strain of Xanthomonas axonopodis""]}"	.cache/ncbi/v2_1/efetch_735d8f8ccf46cf9f5e2f29e314c8634be72cb116fa0e8a003a1726550bbc0b46.xml	https://www.ncbi.nlm.nih.gov/biosample/SAMN02903173	ok	
3bfb311b4a97bebee373	NCPPB 4412	other_references	expected_genus:Xanthomonas	LMG	2903171	SAMN02903171	Xanthomonas euvesicatoria pv. alfalfae	359387	Microbe sample from Xanthomonas euvesicatoria pv. alfalfae	LMG 495		LMG:495	LMG			BioSample: SAMN02903171; LMG495A; SRA: SRS656086		Belgium: Merelbeke	2014-01-16	missing	"{""biomaterial_provider"":[""LMG""],""collection_date"":[""2014-01-16""],""culture_collection"":[""LMG:495""],""geo_loc_name"":[""Belgium: Merelbeke""],""identified_by"":[""Y.Berthier INRA - Versailles France""],""isolation_source"":[""missing""],""pathovar"":[""alfalfae""],""sample_type"":[""missing""],""strain"":[""LMG 495""]}"	.cache/ncbi/v2_1/efetch_735d8f8ccf46cf9f5e2f29e314c8634be72cb116fa0e8a003a1726550bbc0b46.xml	https://www.ncbi.nlm.nih.gov/biosample/SAMN02903171	ok	
3bfb311b4a97bebee373	NCPPB 466	other_references	expected_genus:Xanthomonas	LMG	9425328	SAMN09425328	Xanthomonas citri pv. punicae	487838	Microbe sample from Xanthomonas citri pv. punicae	LMG 859						BioSample: SAMN09425328; Xanthomonas citri pv. punicae LMG859	Punica granatum	India	1957		"{""collection_date"":[""1957""],""geo_loc_name"":[""India""],""host"":[""Punica granatum""],""pathovar"":[""punicae""],""sample_type"":[""Whole organism""],""strain"":[""LMG 859""],""type-material"":[""pathotype strain of Xanthomonas citri pv. punicae""]}"	.cache/ncbi/v2_1/efetch_f7100daa816e4896d362060a32920fa7a17f8abd47e04a2fa9fddcf4d3daeab9.xml	https://www.ncbi.nlm.nih.gov/biosample/SAMN09425328	ok	
3bfb311b4a97bebee373	NCPPB 2475	other_references	expected_genus:Xanthomonas	LMG	3216490	SAMEA3139044	Xanthomonas citri pv. viticola	487899	GCA_000723725	LMG 965				ERS610979		BioSample: SAMEA3139044; SRA: ERS610979					"{""Alias"":[""GCA_000723725""],""Broker name"":[""European Nucleotide Archive""],""ENA checklist"":[""ERC000011""],""INSDC center alias"":[""EBI""],""INSDC center name"":[""European Bioinformatics Institute""],""INSDC first public"":[""2014-11-20T12:20:15Z""],""INSDC last update"":[""2014-11-20T11:56:31Z""],""INSDC status"":[""public""],""SRA accession"":[""ERS610979""],""Sample Name"":[""ERS610979""],""Title"":[""BioSample entry for genome collection GCA_000723725""],""pathovar"":[""viticola""],""strain"":[""LMG 965""],""type-material"":[""pathotype strain of Xanthomonas campestris pv. viticola""]}"	.cache/ncbi/v2_1/efetch_1d87dd683a4b2a45cb6cf73549ea1a6c05b4fa06096e52901c1da51e76c76b7b.xml	https://www.ncbi.nlm.nih.gov/biosample/SAMEA3139044	ok	
3bfb311b4a97bebee373	NCPPB 466	other_references	expected_genus:Xanthomonas	LMG	3215862	SAMEA3138416	Xanthomonas citri pv. punicae str. LMG 859	1085630	GCA_000285775	LMG 859				ERS610351		BioSample: SAMEA3138416; SRA: ERS610351					"{""Alias"":[""GCA_000285775""],""Broker name"":[""European Nucleotide Archive""],""ENA checklist"":[""ERC000011""],""INSDC center alias"":[""EBI""],""INSDC center name"":[""European Bioinformatics Institute""],""INSDC first public"":[""2014-11-20T12:20:15Z""],""INSDC last update"":[""2014-11-20T11:47:23Z""],""INSDC status"":[""public""],""SRA accession"":[""ERS610351""],""Sample Name"":[""ERS610351""],""Title"":[""BioSample entry for genome collection GCA_000285775""],""pathovar"":[""punicae""],""strain"":[""LMG 859""],""type-material"":[""pathotype strain of Xanthomonas citri pv. punicae""]}"	.cache/ncbi/v2_1/efetch_1d87dd683a4b2a45cb6cf73549ea1a6c05b4fa06096e52901c1da51e76c76b7b.xml	https://www.ncbi.nlm.nih.gov/biosample/SAMEA3138416	ok	
3bfb311b4a97bebee373	NCPPB 2594	other_references	expected_genus:Xanthomonas	LMG	3177544	SAMN03177544	Xanthomonas euvesicatoria	456327	Microbe sample from Xanthomonas euvesicatoria	LMG 933						BioSample: SAMN03177544; XEU_LMG933; SRA: SRS1768416	Capsicum frutescens	Brazil	missing	missing	"{""collected_by"":[""O. Kimura""],""collection_date"":[""missing""],""geo_loc_name"":[""Brazil""],""host"":[""Capsicum frutescens""],""isolation_source"":[""missing""],""sample_type"":[""whole organism""],""strain"":[""LMG 933""]}"	.cache/ncbi/v2_1/efetch_1d87dd683a4b2a45cb6cf73549ea1a6c05b4fa06096e52901c1da51e76c76b7b.xml	https://www.ncbi.nlm.nih.gov/biosample/SAMN03177544	ok	
3bfb311b4a97bebee373	NCPPB 4407	other_references	expected_genus:Xanthomonas	LMG	3265443	SAMN03265443	Xanthomonas sacchari	56458	MIGS Cultured Bacterial/Archaeal sample from Xanthomonas sacchari Vauterin, Hoste, Kersters and Swings 1995 VP	LMG 476						BioSample: SAMN03265443; LMG 476	Saccharum officinarum	Guadeloupe	1980		"{""collection_date"":[""1980""],""env_biome"":[""cultivated sugarcanes""],""env_feature"":[""cultivated sugarcanes""],""env_material"":[""sugarcane""],""geo_loc_name"":[""Guadeloupe""],""host"":[""Saccharum officinarum""],""isol_growth_condt"":[""http://ijs.sgmjournals.org/content/45/3/472.abstract""],""lat_lon"":[""not collected""],""num_replicons"":[""undetermined""],""ref_biomaterial"":[""Vauterin et al., 1995. International Journal of Systematic Bacteriology, 45(3): 472-489. doi: 10.1099/00207713-45-3-472""],""strain"":[""LMG 476""]}"	.cache/ncbi/v2_1/efetch_1d87dd683a4b2a45cb6cf73549ea1a6c05b4fa06096e52901c1da51e76c76b7b.xml	https://www.ncbi.nlm.nih.gov/biosample/SAMN03265443	ok	
156688358e963e74246a	NCPPB 2217	other_references	expected_genus:Xylophilus	LMG	13863231	SAMEA5613848	Xylophilus ampelinus	54067	LMG 5856	LMG 5856	180258	BCCM/LMG:1-25-25-2-2016-4244		180258		BioSample: SAMEA5613848; SRA: ERS3418034					"{""ENA-CHECKLIST"":[""ERC000011""],""ENA-FIRST-PUBLIC"":[""2020-01-12T04:04:33Z""],""ENA-LAST-UPDATE"":[""2019-05-17T08:58:28Z""],""External Id"":[""SAMEA5613848""],""INSDC center name"":[""BELGIAN NUCLEAR RESEARCH CENTER (SCK-CEN)""],""INSDC first public"":[""2020-01-12T04:04:33Z""],""INSDC last update"":[""2019-05-17T08:58:28Z""],""INSDC status"":[""public""],""Submitter Id"":[""180258""],""culture collection"":[""BCCM/LMG:1-25-25-2-2016-4244""],""isolate"":[""180258""],""sample name"":[""180258""],""scientific_name"":[""Xylophilus ampelinus""],""strain"":[""LMG 5856""],""type-material"":[""type strain of Xanthomonas ampelina""]}"	.cache/ncbi/v2_1/efetch_5436aa06399483d326b3bb35b35449299ae8390c479f935bb1cdc706a2106a2a.xml	https://www.ncbi.nlm.nih.gov/biosample/SAMEA5613848	ok	
c36391af2e7b7ca19366	NCPPB 4466	other_references	expected_genus:Xanthomonas	WHRI	40354561	SAMN40354561	Xanthomonas dyei	743699	Microbe sample from Xanthomonas dyei	WHRI 64A						BioSample: SAMN40354561; MG1_SGP8_A1_64A; SRA: SRS20715794	Lobelia erinus	United Kingdom	1967		"{""collection_date"":[""1967""],""geo_loc_name"":[""United Kingdom""],""host"":[""Lobelia erinus""],""sample_type"":[""Cell culture""],""strain"":[""WHRI 64A""]}"	.cache/ncbi/v2_1/efetch_94bc73f4953fbbd6003a6f71ebdfb4c8230335def592901b6432b2f2b09cab5b.xml	https://www.ncbi.nlm.nih.gov/biosample/SAMN40354561	ok	
c36391af2e7b7ca19366	NCPPB 4631	other_references	expected_genus:Xanthomonas	WHRI	40354518	SAMN40354518	Xanthomonas campestris	339	Genome sequencing of Xanthomonas campestris pv. cheiranthi strain WHRI 8482	WHRI 8482						BioSample: SAMN40354518; MG1_SGP8_G12_8482; SRA: SRS20715749	Cheiranthus	Not collected	Not collected		"{""collection_date"":[""Not collected""],""geo_loc_name"":[""Not collected""],""host"":[""Cheiranthus""],""sample_type"":[""Cell culture""],""strain"":[""WHRI 8482""]}"	.cache/ncbi/v2_1/efetch_3d82ddf50c6209a0b5b35aac2b5bba24027140e82dd86c53efa932e033168fb3.xml	https://www.ncbi.nlm.nih.gov/biosample/SAMN40354518	ok	
c36391af2e7b7ca19366	NCPPB 4601	other_references	expected_genus:Xanthomonas	WHRI	36318506	SAMN36318506	Xanthomonas floridensis	1843580	Microbe sample from Xanthomonas floridensis	WHRI 8848						BioSample: SAMN36318506; 8848; SRA: SRS18185394	Nasturtium officinale	USA	2014		"{""collection_date"":[""2014""],""geo_loc_name"":[""USA""],""host"":[""Nasturtium officinale""],""sample_type"":[""Cell culture""],""strain"":[""WHRI 8848""],""type-material"":[""type strain of Xanthomonas floridensis""]}"	.cache/ncbi/v2_1/efetch_e55a217eafd1f40b60947b9466882d1b8fc3a1639ac4d565d06aa0629904e8ae.xml	https://www.ncbi.nlm.nih.gov/biosample/SAMN36318506	ok	
c36391af2e7b7ca19366	NCPPB 4600	other_references	expected_genus:Xanthomonas	WHRI	27412262	SAMN27412262	Xanthomonas nasturtii	1843581	Pathogen: environmental/food/other sample from Xanthomonas nasturtii	8853						BioSample: SAMN27412262; Xanthomonas nasturtii WHRI 8853; SRA: SRS18383529	Nasturtium officinale	USA	missing	missing	"{""collected_by"":[""missing""],""collection_date"":[""missing""],""geo_loc_name"":[""USA""],""host"":[""Nasturtium officinale""],""isolation_source"":[""missing""],""lat_lon"":[""missing""],""strain"":[""8853""]}"	.cache/ncbi/v2_1/efetch_45a5e49e2e7d932eb0583eea59f97e8c82ea5ce0447f75ff8ca54f1efae61e77.xml	https://www.ncbi.nlm.nih.gov/biosample/SAMN27412262	ok	
c36391af2e7b7ca19366	NCPPB 4666	other_references	expected_genus:Xanthomonas	WHRI	27412261	SAMN27412261	Xanthomonas nasturtii	1843581	Pathogen: environmental/food/other sample from Xanthomonas nasturtii	8984						BioSample: SAMN27412261; Xanthomonas nasturtii WHRI 8984; SRA: SRS18383530	Nasturtium officinale	USA	missing	missing	"{""collected_by"":[""J. McHugh""],""collection_date"":[""missing""],""geo_loc_name"":[""USA""],""host"":[""Nasturtium officinale""],""isolation_source"":[""missing""],""lat_lon"":[""missing""],""strain"":[""8984""]}"	.cache/ncbi/v2_1/efetch_45a5e49e2e7d932eb0583eea59f97e8c82ea5ce0447f75ff8ca54f1efae61e77.xml	https://www.ncbi.nlm.nih.gov/biosample/SAMN27412261	ok	
c36391af2e7b7ca19366	NCPPB 4669	other_references	expected_genus:Xanthomonas	WHRI	36368340	SAMN36368340	Xanthomonas campestris pv. campestris	340	Genome sequencing of Xcc WHRI8450A	WHRI 8450A						BioSample: SAMN36368340; 8450A; SRA: SRS18228627	Brassica oleracea	Nepal	2001		"{""Race"":[""6""],""collection_date"":[""2001""],""geo_loc_name"":[""Nepal""],""host"":[""Brassica oleracea""],""pathovar"":[""campestris""],""sample_type"":[""Cell culture""],""strain"":[""WHRI 8450A""]}"	.cache/ncbi/v2_1/efetch_33f325d4639c5200deafc6e84bf5bbebfdd0c8529a362eede937d4d9df23d7ea.xml	https://www.ncbi.nlm.nih.gov/biosample/SAMN36368340	ok	
c36391af2e7b7ca19366	NCPPB 4670	other_references	expected_genus:Xanthomonas	WHRI	36368317	SAMN36368317	Xanthomonas campestris pv. campestris	340	Genome sequencing of Xcc WHRI3849A	WHRI 3849A						BioSample: SAMN36368317; 3849A; SRA: SRS18228604	Brassica oleracea	USA	not collected		"{""Race"":[""not collected""],""collection_date"":[""not collected""],""geo_loc_name"":[""USA""],""host"":[""Brassica oleracea""],""pathovar"":[""campestris""],""sample_type"":[""Cell culture""],""strain"":[""WHRI 3849A""]}"	.cache/ncbi/v2_1/efetch_780fbd8936fb24ced43d9056979d76fa93cd426bf4689a40c0a73a5bb1a24240.xml	https://www.ncbi.nlm.nih.gov/biosample/SAMN36368317	ok	
c36391af2e7b7ca19366	NCPPB 4661	other_references	expected_genus:Xanthomonas	WHRI	36368309	SAMN36368309	Xanthomonas campestris pv. campestris	340	Genome sequencing of Xcc WHRI3811	WHRI 3811						BioSample: SAMN36368309; 3811; SRA: SRS18228615	Brassica oleracea	USA	not collected		"{""Race"":[""1""],""collection_date"":[""not collected""],""geo_loc_name"":[""USA""],""host"":[""Brassica oleracea""],""pathovar"":[""campestris""],""sample_type"":[""Cell culture""],""strain"":[""WHRI 3811""]}"	.cache/ncbi/v2_1/efetch_780fbd8936fb24ced43d9056979d76fa93cd426bf4689a40c0a73a5bb1a24240.xml	https://www.ncbi.nlm.nih.gov/biosample/SAMN36368309	ok	
c36391af2e7b7ca19366	NCPPB 4671	other_references	expected_genus:Xanthomonas	WHRI	36368308	SAMN36368308	Xanthomonas campestris pv. campestris	340	Genome sequencing of Xcc WHRI1279A	WHRI 1279A						BioSample: SAMN36368308; 1279A; SRA: SRS18228602	Brassica oleracea	United Kingdom	1984		"{""Race"":[""4""],""collection_date"":[""1984""],""geo_loc_name"":[""United Kingdom""],""host"":[""Brassica oleracea""],""pathovar"":[""campestris""],""sample_type"":[""Cell culture""],""strain"":[""WHRI 1279A""]}"	.cache/ncbi/v2_1/efetch_780fbd8936fb24ced43d9056979d76fa93cd426bf4689a40c0a73a5bb1a24240.xml	https://www.ncbi.nlm.nih.gov/biosample/SAMN36368308	ok	
c36391af2e7b7ca19366	NCPPB 4668	other_references	expected_genus:Xanthomonas	WHRI	36346923	SAMN36346923	Xanthomonas campestris pv. campestris	340	Genome sequencing of Xcc WHRI 6181	WHRI 6181						BioSample: SAMN36346923; 6181; SRA: SRS18206845	Brassica rapa	Portugal	1996		"{""Race"":[""6""],""collection_date"":[""1996""],""geo_loc_name"":[""Portugal""],""host"":[""Brassica rapa""],""pathovar"":[""campestris""],""sample_type"":[""Cell culture""],""strain"":[""WHRI 6181""]}"	.cache/ncbi/v2_1/efetch_8f3995ab3144e3937fa5c3f98582dd460cf3b18638c3bf2d13bcc99fd696a865.xml	https://www.ncbi.nlm.nih.gov/biosample/SAMN36346923	ok	
c36391af2e7b7ca19366	NCPPB 4663	other_references	expected_genus:Xanthomonas	WHRI	36293677	SAMN36293677	Xanthomonas campestris	339	Genome sequencing of X. campestris WHRI 8960 from wallflower	WHRI 8960						BioSample: SAMN36293677; 8960; SRA: SRS18163738	Erysimum sp.	United Kingdom	2016		"{""collection_date"":[""2016""],""geo_loc_name"":[""United Kingdom""],""host"":[""Erysimum sp.""],""sample_type"":[""Cell culture""],""strain"":[""WHRI 8960""]}"	.cache/ncbi/v2_1/efetch_1d306981387f8bde1215b8327eeb97e2704ab6402ae46f16721e97eab812fc98.xml	https://www.ncbi.nlm.nih.gov/biosample/SAMN36293677	ok	
c36391af2e7b7ca19366	NCPPB 4665	other_references	expected_genus:Xanthomonas	WHRI	36001542	SAMN36001542	Xanthomonas campestris pv. campestris	340	Genome sequencing of X. campestris pv. campestris strain WHRI 8964	8964						BioSample: SAMN36001542; WHRI_8964; SRA: SRS18078956	Brassica oleracea	United Kingdom	2016		"{""collection_date"":[""2016""],""geo_loc_name"":[""United Kingdom""],""host"":[""Brassica oleracea""],""pathovar"":[""campestris""],""race"":[""4""],""sample_type"":[""Cell culture""],""strain"":[""8964""]}"	.cache/ncbi/v2_1/efetch_1d306981387f8bde1215b8327eeb97e2704ab6402ae46f16721e97eab812fc98.xml	https://www.ncbi.nlm.nih.gov/biosample/SAMN36001542	ok	
c36391af2e7b7ca19366	NCPPB 4664	other_references	expected_genus:Xanthomonas	WHRI	36001541	SAMN36001541	Xanthomonas campestris pv. campestris	340	Genome sequencing of X. campestris pv. campestris strain WHRI 8959A	8959A						BioSample: SAMN36001541; WHRI_8959A; SRA: SRS18078957	Brassica napus	United Kingdom	2016		"{""collection_date"":[""2016""],""geo_loc_name"":[""United Kingdom""],""host"":[""Brassica napus""],""pathovar"":[""campestris""],""race"":[""5""],""sample_type"":[""Cell culture""],""strain"":[""8959A""]}"	.cache/ncbi/v2_1/efetch_1d306981387f8bde1215b8327eeb97e2704ab6402ae46f16721e97eab812fc98.xml	https://www.ncbi.nlm.nih.gov/biosample/SAMN36001541	ok	
c36391af2e7b7ca19366	NCPPB 4662	other_references	expected_genus:Xanthomonas	WHRI	36001539	SAMN36001539	Xanthomonas campestris pv. campestris	340	Genome sequencing of X. campestris pv. campestris strain WHRI 8909A	8909A						BioSample: SAMN36001539; WHRI_8909A; SRA: SRS18078955	Brassica napus	United Kingdom	2015		"{""collection_date"":[""2015""],""geo_loc_name"":[""United Kingdom""],""host"":[""Brassica napus""],""pathovar"":[""campestris""],""race"":[""5""],""sample_type"":[""Cell culture""],""strain"":[""8909A""]}"	.cache/ncbi/v2_1/efetch_1d306981387f8bde1215b8327eeb97e2704ab6402ae46f16721e97eab812fc98.xml	https://www.ncbi.nlm.nih.gov/biosample/SAMN36001539	ok	
c36391af2e7b7ca19366	NCPPB 4660	other_references	expected_genus:Xanthomonas	WHRI	36001536	SAMN36001536	Xanthomonas campestris pv. campestris	340	Genome sequencing of X. campestris pv. campestris strain WHRI 8891A	8891A						BioSample: SAMN36001536; WHRI_8891A; SRA: SRS18078951	Brassica oleracea	United Kingdom	2014		"{""collection_date"":[""2014""],""geo_loc_name"":[""United Kingdom""],""host"":[""Brassica oleracea""],""pathovar"":[""campestris""],""race"":[""5""],""sample_type"":[""Cell culture""],""strain"":[""8891A""]}"	.cache/ncbi/v2_1/efetch_1d306981387f8bde1215b8327eeb97e2704ab6402ae46f16721e97eab812fc98.xml	https://www.ncbi.nlm.nih.gov/biosample/SAMN36001536	ok	
c36391af2e7b7ca19366	NCPPB 4669	other_references	expected_genus:Xanthomonas	WHRI	10440482	SAMN10440482	Xanthomonas campestris pv. campestris	340	Microbe sample from Xanthomonas campestris pv. campestris	WHRI 8450A						BioSample: SAMN10440482; WHRI 8450A	Brassica oleracea var. capitata	Nepal: Dhankuta	2001		"{""collection_date"":[""2001""],""geo_loc_name"":[""Nepal: Dhankuta""],""host"":[""Brassica oleracea var. capitata""],""pathovar"":[""campestris""],""sample_type"":[""whole organism""],""strain"":[""WHRI 8450A""]}"	.cache/ncbi/v2_1/efetch_00f24fdff8e637d10976460b8101e1e572fb7d22cd0bf10df0471841ca0c84a4.xml	https://www.ncbi.nlm.nih.gov/biosample/SAMN10440482	ok	
c36391af2e7b7ca19366	NCPPB 4668	other_references	expected_genus:Xanthomonas	WHRI	10440477	SAMN10440477	Xanthomonas campestris pv. campestris	340	Microbe sample from Xanthomonas campestris pv. campestris	WHRI 6181						BioSample: SAMN10440477; WHRI 6181	Brassica rapa	Portugal: Sardoal	1996		"{""collection_date"":[""1996""],""geo_loc_name"":[""Portugal: Sardoal""],""host"":[""Brassica rapa""],""pathovar"":[""campestris""],""sample_type"":[""whole organism""],""strain"":[""WHRI 6181""]}"	.cache/ncbi/v2_1/efetch_00f24fdff8e637d10976460b8101e1e572fb7d22cd0bf10df0471841ca0c84a4.xml	https://www.ncbi.nlm.nih.gov/biosample/SAMN10440477	ok	
c36391af2e7b7ca19366	NCPPB 4671	other_references	expected_genus:Xanthomonas	WHRI	10440469	SAMN10440469	Xanthomonas campestris pv. campestris	340	Microbe sample from Xanthomonas campestris pv. campestris	WHRI 1279A						BioSample: SAMN10440469; WHRI 1279A	Brassica oleracea var. capitata	United Kingdom: Cornwall	1984		"{""collection_date"":[""1984""],""geo_loc_name"":[""United Kingdom: Cornwall""],""host"":[""Brassica oleracea var. capitata""],""pathovar"":[""campestris""],""sample_type"":[""whole organism""],""strain"":[""WHRI 1279A""]}"	.cache/ncbi/v2_1/efetch_00f24fdff8e637d10976460b8101e1e572fb7d22cd0bf10df0471841ca0c84a4.xml	https://www.ncbi.nlm.nih.gov/biosample/SAMN10440469	ok	
c36391af2e7b7ca19366	NCPPB 4670	other_references	expected_genus:Xanthomonas	WHRI	10440467	SAMN10440467	Xanthomonas campestris pv. campestris	340	Microbe sample from Xanthomonas campestris pv. campestris	WHRI 3849A						BioSample: SAMN10440467; WHRI 3849A	Brassica oleracea var. botrytis	USA	missing		"{""collection_date"":[""missing""],""geo_loc_name"":[""USA""],""host"":[""Brassica oleracea var. botrytis""],""pathovar"":[""campestris""],""sample_type"":[""whole organism""],""strain"":[""WHRI 3849A""]}"	.cache/ncbi/v2_1/efetch_00f24fdff8e637d10976460b8101e1e572fb7d22cd0bf10df0471841ca0c84a4.xml	https://www.ncbi.nlm.nih.gov/biosample/SAMN10440467	ok	
c36391af2e7b7ca19366	NCPPB 4661	other_references	expected_genus:Xanthomonas	WHRI	10440464	SAMN10440464	Xanthomonas campestris pv. campestris	340	Microbe sample from Xanthomonas campestris pv. campestris	WHRI 3811						BioSample: SAMN10440464; WHRI 3811	Brassica oleracea	USA	missing		"{""collection_date"":[""missing""],""geo_loc_name"":[""USA""],""host"":[""Brassica oleracea""],""pathovar"":[""campestris""],""sample_type"":[""whole organism""],""strain"":[""WHRI 3811""]}"	.cache/ncbi/v2_1/efetch_00f24fdff8e637d10976460b8101e1e572fb7d22cd0bf10df0471841ca0c84a4.xml	https://www.ncbi.nlm.nih.gov/biosample/SAMN10440464	ok	
c36391af2e7b7ca19366	NCPPB 4600	other_references	expected_genus:Xanthomonas	WHRI	4922375	SAMN04922375	Xanthomonas nasturtii	1843581	Microbe sample from Xanthomonas nasturtii	WHRI 8853						BioSample: SAMN04922375; WHRI8853; SRA: SRS2567286		USA:Florida	2014	watercress	"{""collection_date"":[""2014""],""geo_loc_name"":[""USA:Florida""],""isolation_source"":[""watercress""],""sample_type"":[""cell culture""],""strain"":[""WHRI 8853""],""type-material"":[""type strain of Xanthomonas nasturtii""]}"	.cache/ncbi/v2_1/efetch_3f582a594609bb470f3151d75429d96009724f647e7971ebfba655eb732c664f.xml	https://www.ncbi.nlm.nih.gov/biosample/SAMN04922375	ok	
c36391af2e7b7ca19366	NCPPB 4601	other_references	expected_genus:Xanthomonas	WHRI	4922374	SAMN04922374	Xanthomonas floridensis	1843580	Microbe sample from Xanthomonas floridensis	WHRI 8848						BioSample: SAMN04922374; WHRI8848; SRA: SRS2566049		USA:Florida	2014	watercress	"{""collection_date"":[""2014""],""geo_loc_name"":[""USA:Florida""],""isolation_source"":[""watercress""],""sample_type"":[""cell culture""],""strain"":[""WHRI 8848""],""type-material"":[""type strain of Xanthomonas floridensis""]}"	.cache/ncbi/v2_1/efetch_3f582a594609bb470f3151d75429d96009724f647e7971ebfba655eb732c664f.xml	https://www.ncbi.nlm.nih.gov/biosample/SAMN04922374	ok	
c36391af2e7b7ca19366	NCPPB 4666	other_references	expected_genus:Xanthomonas	WHRI	9828208	SAMN09828208	Xanthomonas nasturtii	1843581	Microbe sample from Xanthomonas nasturtii	WHRI 8984			John McHugh			BioSample: SAMN09828208; WHRI8984	Watercress	USA:Hawaii	not collected		"{""biomaterial_provider"":[""John McHugh""],""collected_by"":[""Joana Vicente""],""collection_date"":[""not collected""],""geo_loc_name"":[""USA:Hawaii""],""host"":[""Watercress""],""sample_type"":[""Cell culture""],""strain"":[""WHRI 8984""]}"	.cache/ncbi/v2_1/efetch_00f24fdff8e637d10976460b8101e1e572fb7d22cd0bf10df0471841ca0c84a4.xml	https://www.ncbi.nlm.nih.gov/biosample/SAMN09828208	ok	
2b00f0261fc38c8801ee	NCPPB 315	other_references	expected_genus	XS52/5																				no_hit	
9ddafcb796446656244f	NCPPB 457	other_references	expected_genus	XA103																				no_hit	
0d7e2afeea42eafcfd6a	NCPPB 485	other_references	expected_genus	XB109																				no_hit	
07401ac45afd167d2ff6	NCPPB 529	other_references	expected_genus	P33/1	52770781	SAMEA119935316	Xanthomonas sp.	29446	Metagenome-Assembled Genome spire_mag_01786840 in SPIRE v01 classified as CALTTS01 sp943912265					spire_mag_01786840		BioSample: SAMEA119935316; SRA: ERS26473011			missing: third party data	missing: third party data	"{""ENA first public"":[""2025-10-14""],""ENA-CHECKLIST"":[""ERC000047""],""GUNC clade separation score"":[""0.37""],""GUNC contamination score"":[""0.1""],""GUNC reference representation score"":[""0.68""],""GUNC version"":[""GUNC v1.0.6""],""INSDC center name"":[""EMBL Heidelberg""],""INSDC status"":[""public""],""MAG coverage software"":[""bwa mem""],""SPIRE genome cluster"":[""https://spire.embl.de/spire/v1/cluster/spire_v1_095_000349673""],""SPIRE genome id"":[""https://spire.embl.de/spire/v1/genome/spire_mag_01786840""],""Submitter Id"":[""spire_mag_01786840""],""assembly quality"":[""Many fragments with little to no review of assembly other than reporting of standard assembly statistics""],""assembly software"":[""megahit 1.2.9""],""binning parameters"":[""tetramer and coverage""],""binning software"":[""metaBAT2 v2.12.1""],""broad-scale environmental context"":[""missing: third party data""],""collection date"":[""missing: third party data""],""completeness score"":[""93.31""],""completeness software"":[""CheckM2 v0.1.3""],""contamination score"":[""2.59""],""contig N50"":[""131139""],""derived from assembly"":[""ERZ27283419""],""environmental medium"":[""missing: third party data""],""geographic location (country and/or sea)"":[""missing: third party data""],""geographic location (latitude)"":[""missing: third party data""],""geographic location (longitude)"":[""missing: third party data""],""isolation_source"":[""missing: third party data""],""linked to SPIRE sample"":[""https://spire.embl.de/spire/v1/sample/71642""],""linked to SPIRE study"":[""https://spire.embl.de/spire/v1/study/470""],""linked to analysis project"":[""ERP175087""],""local environmental context"":[""missing: third party data""],""metagenomic source"":[""metagenomes""],""number of contigs"":[""33""],""project name"":[""SPIRE v1: a Searchable Planetary-scale mIcrobiome REsource""],""sample derived from"":[""SAMN03025605""],""sample name"":[""spire_mag_01786840""],""scientific_name"":[""Xanthomonas sp.""],""taxonomic classification"":[""d__Bacteria;p__Pseudomonadota;c__Gammaproteobacteria;o__Xanthomonadales;f__Xanthomonadaceae;g__CALTTS01;s__CALTTS01 sp943912265""],""taxonomic classification software"":[""GTDBtk v2.3.2_r214""],""taxonomic identity marker"":[""multi-marker approach""]}"	.cache/ncbi/v2_1/efetch_fb49fcf5c2f6dce58c10306573e4f6c58da0b6b8f9c990f630c1da495a8a9c2e.xml	https://www.ncbi.nlm.nih.gov/biosample/SAMEA119935316	ok	
07401ac45afd167d2ff6	NCPPB 529	other_references	expected_genus	P33/1	52423843	SAMEA119585882	Xanthomonas campestris	339	Metagenome-Assembled Genome spire_mag_01167109 in SPIRE v01 classified as Xanthomonas campestris					spire_mag_01167109		BioSample: SAMEA119585882; SRA: ERS26123568			missing: third party data	missing: third party data	"{""ENA first public"":[""2025-10-06""],""ENA-CHECKLIST"":[""ERC000047""],""GUNC clade separation score"":[""0.0""],""GUNC contamination score"":[""0.0""],""GUNC reference representation score"":[""0.94""],""GUNC version"":[""GUNC v1.0.6""],""INSDC center name"":[""EMBL Heidelberg""],""INSDC status"":[""public""],""MAG coverage software"":[""bwa mem""],""SPIRE genome cluster"":[""https://spire.embl.de/spire/v1/cluster/specI_v4_00256""],""SPIRE genome id"":[""https://spire.embl.de/spire/v1/genome/spire_mag_01167109""],""Submitter Id"":[""spire_mag_01167109""],""assembly quality"":[""Many fragments with little to no review of assembly other than reporting of standard assembly statistics""],""assembly software"":[""megahit 1.2.9""],""binning parameters"":[""tetramer and coverage""],""binning software"":[""metaBAT2 v2.12.1""],""broad-scale environmental context"":[""missing: third party data""],""collection date"":[""missing: third party data""],""completeness score"":[""94.33""],""completeness software"":[""CheckM2 v0.1.3""],""contamination score"":[""0.55""],""contig N50"":[""18263""],""derived from assembly"":[""ERZ27268244""],""environmental medium"":[""missing: third party data""],""geographic location (country and/or sea)"":[""missing: third party data""],""geographic location (latitude)"":[""missing: third party data""],""geographic location (longitude)"":[""missing: third party data""],""isolation_source"":[""missing: third party data""],""linked to SPIRE sample"":[""https://spire.embl.de/spire/v1/sample/56753""],""linked to SPIRE study"":[""https://spire.embl.de/spire/v1/study/370""],""linked to analysis project"":[""ERP174896""],""local environmental context"":[""missing: third party data""],""metagenomic source"":[""metagenomes""],""number of contigs"":[""354""],""project name"":[""SPIRE v1: a Searchable Planetary-scale mIcrobiome REsource""],""sample derived from"":[""SAMEA3904673""],""sample name"":[""spire_mag_01167109""],""scientific_name"":[""Xanthomonas campestris""],""taxonomic classification"":[""d__Bacteria;p__Pseudomonadota;c__Gammaproteobacteria;o__Xanthomonadales;f__Xanthomonadaceae;g__Xanthomonas;s__Xanthomonas campestris""],""taxonomic classification software"":[""GTDBtk v2.3.2_r214""],""taxonomic identity marker"":[""multi-marker approach""]}"	.cache/ncbi/v2_1/efetch_fb49fcf5c2f6dce58c10306573e4f6c58da0b6b8f9c990f630c1da495a8a9c2e.xml	https://www.ncbi.nlm.nih.gov/biosample/SAMEA119585882	ok	
cbdea4d9785a1f13cd94	NCPPB 633	other_references	expected_genus	222M																				no_hit	
4cea27c3e7297548dad9	NCPPB 633	other_references	expected_genus	M2519																				no_hit	
6d8bb3e5d71e400369ed	NCPPB 634	other_references	expected_genus	223S																				no_hit	
1052d127ed7dafbc450d	NCPPB 634	other_references	expected_genus	S2519																				no_hit	
e9aa714ace4cee6b2737	NCPPB 637	other_references	expected_genus	76200																				no_hit	
3541d59d5b48bbf7fc92	NCPPB 638	other_references	expected_genus	76537																				no_hit	
221b7971f2b706c1650b	NCPPB 670	other_references	expected_genus	77421																				no_hit	
64d8081af2510a0d290d	NCPPB 701	other_references	expected_genus	77833																				no_hit	
293bd51ac4365912c024	NCPPB 702	other_references	expected_genus	77860																				no_hit	
62d2ae90b4a7bce1ced8	NCPPB 793	other_references	expected_genus	78017																				no_hit	
70164614e00fbc17124b	NCPPB 795	other_references	expected_genus	81587																				no_hit	
1cd994c3e5e4e6818e26	NCPPB 884	other_references	expected_genus	B400																				no_hit	
4e0bdedf454a43f8f9db	NCPPB 885	other_references	expected_genus	B401																				no_hit	
3306f189e9f7bb857517	NCPPB 887	other_references	expected_genus	B315																				no_hit	
468e03e6ec1e9de90c43	NCPPB 888	other_references	expected_genus	B325																				no_hit	
1aadd299cc798744b549	NCPPB 889	other_references	expected_genus	B323																				no_hit	
70bfe4db17ebd66133e3	NCPPB 891	other_references	expected_genus	B337																				no_hit	
e393ac3887bbcd9d88df	NCPPB 892	other_references	expected_genus	B349																				no_hit	
352be05fa16b2706528a	NCPPB 893	other_references	expected_genus	B343																				no_hit	
19f16ffb11110b639b1b	NCPPB 895	other_references	expected_genus	B370																				no_hit	
a31c86762f8448081fdf	NCPPB 896	other_references	expected_genus	B462																				no_hit	
b1d6f871103097bbf1f3	NCPPB 897	other_references	expected_genus	B463																				no_hit	
ea92808582f6c1d7e986	NCPPB 899	other_references	expected_genus	B377																				no_hit	
a687b0363e13d7bd92f0	NCPPB 900	other_references	expected_genus	B386																				no_hit	
399500e362ce9e325801	NCPPB 901	other_references	expected_genus	B406																				no_hit	
44ce0ddba91c4b52f5d6	NCPPB 902	other_references	expected_genus	B454																				no_hit	
7f1c520e65bf41157efe	NCPPB 916	other_references	expected_genus	B136																				no_hit	
31c4145b7dfd52e4401d	NCPPB 917	other_references	expected_genus	B130																				no_hit	
728a0902ee6542d7f323	NCPPB 918	other_references	expected_genus	B373																				no_hit	
1a668cb59678d5e4e6d9	NCPPB 922	other_references	expected_genus	B499																				no_hit	
7652338b7df3ec14561b	NCPPB 922	other_references	expected_genus	1213A																				no_hit	
0c1d022f9424e135c103	NCPPB 923	other_references	expected_genus	B495																				no_hit	
c02faf52c4ba98d3c3b8	NCPPB 923	other_references	expected_genus	A13a																				no_hit	
53b137043bbeaaea49d2	NCPPB 924	other_references	expected_genus	B497																				no_hit	
812a6c9878acd76dce82	NCPPB 926	other_references	expected_genus	B494																				no_hit	
c9aeac53f3b9670dd894	NCPPB 1025	other_references	expected_genus	B565																				no_hit	
4d40b20bc3ce72107bde	NCPPB 1043	other_references	expected_genus	B621																				no_hit	
0947886c1cc2055d44d5	NCPPB 1046	other_references	expected_genus	B589																				no_hit	
2287646a0ba967182b87	NCPPB 1048	other_references	expected_genus	B639																				no_hit	
455eb82539e4d49d3548	NCPPB 1050	other_references	expected_genus	B672																				no_hit	
86e43d0190a3d8397565	NCPPB 1056	other_references	expected_genus	B665B																				no_hit	
4070a99d359c2e4f4451	NCPPB 1058	other_references	expected_genus	B659																				no_hit	
042722e7f0620927c40d	NCPPB 1059	other_references	expected_genus	B658																				no_hit	
ec4dd778862e9df5e090	NCPPB 1060	other_references	expected_genus	B657																				no_hit	
21d0292d81c87430fbf6	NCPPB 1061	other_references	expected_genus	B652																				no_hit	
df4794fc5daced2e6515	NCPPB 1062	other_references	expected_genus	B644																				no_hit	
4d79b709a4e094fecf4c	NCPPB 1063	other_references	expected_genus	B651																				no_hit	
4bc203b70d832cdde879	NCPPB 1067	other_references	expected_genus	B707A																				no_hit	
9b477e8ed65d2302af36	NCPPB 1068	other_references	expected_genus	B689A																				no_hit	
f9dd37dd188dba9e3c5a	NCPPB 1117	other_references	expected_genus	B828																				no_hit	
062fb4a3f5c50a7899bb	NCPPB 1124	other_references	expected_genus	B724A																				no_hit	
c8be4c07a2d0386cd956	NCPPB 1128	other_references	expected_genus	B791																				no_hit	
6d62546fd91502aadc84	NCPPB 1129	other_references	expected_genus	B784																				no_hit	
66356e6521b0ca763df6	NCPPB 1131	other_references	expected_genus	B720																				no_hit	
70e1aad42a7e458058f9	NCPPB 1132	other_references	expected_genus	B719																				no_hit	
5daf9823901143521353	NCPPB 1135	other_references	expected_genus	B740B																				no_hit	
99870084107f47f1080e	NCPPB 1136	other_references	expected_genus	B809A																				no_hit	
72a373232f8a4ae96c08	NCPPB 1138	other_references	expected_genus	B727																				no_hit	
f66c39334ddd9a0eb97e	NCPPB 1141	other_references	expected_genus	B745																				no_hit	
283693dfe2242a5ab78f	NCPPB 1235	other_references	expected_genus	B922																				no_hit	
a365d1f8f19776ddddac	NCPPB 1241	other_references	expected_genus	B996																				no_hit	
a789bc9a55ae33d2e323	NCPPB 1244	other_references	expected_genus	B1021																				no_hit	
aea9916e9f763dc30c98	NCPPB 1324	other_references	expected_genus	B1167																				no_hit	
be08ec9019458771c931	NCPPB 1325	other_references	expected_genus	B1160																				no_hit	
c566a9259e021073815c	NCPPB 1326	other_references	expected_genus	B1116																				no_hit	
5f84e8df63a1a10cb0ee	NCPPB 1332	other_references	expected_genus	B1198																				no_hit	
e0ffe5e97b02805bc429	NCPPB 1381	other_references	expected_genus	B1350																				no_hit	
6daf336ad0cab3b5895b	NCPPB 1393	other_references	expected_genus	B1432																				no_hit	
fd54a6556147717fc1f9	NCPPB 1394	other_references	expected_genus	B1446																				no_hit	
85be24cbb42cf0f9c66c	NCPPB 1395	other_references	expected_genus	B1444																				no_hit	
7fd649d2f6cc2344f34c	NCPPB 1396	other_references	expected_genus	B1443																				no_hit	
3cf90eee7d05f5fa77e8	NCPPB 1402	other_references	expected_genus	B1374																				no_hit	
759bc9f3d079e4957c5d	NCPPB 1420	other_references	expected_genus	E1388																				no_hit	
9b99f2dfdf0a09b61777	NCPPB 1422	other_references	expected_genus	N.066																				no_hit	
4adfc84f1efdcd6a8f4d	NCPPB 1433	other_references	expected_genus	E1309																				no_hit	
38275626e4e16aa7f00b	NCPPB 1438	other_references	expected_genus	I 608																				no_hit	
94b571d56d7a1d9eb468	NCPPB 1439	other_references	expected_genus	E1299																				no_hit	
dd623220e3b40bf0dd99	NCPPB 1471	other_references	expected_genus	B1603																				no_hit	
99fb73b928a9612ea54e	NCPPB 1472	other_references	expected_genus	B1601																				no_hit	
b4f16949322c36b74ec6	NCPPB 1473	other_references	expected_genus	B1559																				no_hit	
692198ce0d9c70ff8cc2	NCPPB 1475	other_references	expected_genus	B1479																				no_hit	
f22952ad976a8496d2b1	NCPPB 1482	other_references	expected_genus	B1741																				no_hit	
3e9f72972b7b30f4f340	NCPPB 1495	other_references	expected_genus	C398																				no_hit	
0aadba69686833b15127	NCPPB 1585	other_references	expected_genus	B2115																				no_hit	
c351107676961e852988	NCPPB 1607	other_references	expected_genus	B2165	7162776	SAMEA104068692	Xanthomonas fragariae	48664	Xanthomonas fragariae PD885	PD885		NCPPB:1469; ICMP:5715; VKM:B-2165; BCCM/LMG:708; CFBP:2157; ATCC:33239; DSM:3587		PD8851		BioSample: SAMEA104068692; SRA: ERS1732585					"{""ENA first public"":[""2017-05-23""],""ENA-CHECKLIST"":[""ERC000011""],""ENA-LAST-UPDATE"":[""2022-06-28""],""External Id"":[""SAMEA104068692""],""INSDC center alias"":[""JLU""],""INSDC center name"":[""Justus Liebig Universitat""],""INSDC first public"":[""2017-05-23T17:01:33Z""],""INSDC last update"":[""2022-06-28T13:57:58Z""],""INSDC status"":[""public""],""Submitter Id"":[""PD8851""],""culture_collection"":[""NCPPB:1469"",""ICMP:5715"",""VKM:B-2165"",""BCCM/LMG:708"",""CFBP:2157"",""ATCC:33239"",""DSM:3587""],""sample name"":[""PD8851""],""strain"":[""PD885""],""type_material"":[""type strain of Xanthomonas fragariae""]}"	.cache/ncbi/v2_1/efetch_3f582a594609bb470f3151d75429d96009724f647e7971ebfba655eb732c664f.xml	https://www.ncbi.nlm.nih.gov/biosample/SAMEA104068692	ok	
9c806849ad20e4f147c6	NCPPB 1612	other_references	expected_genus	B2175																				no_hit	
3bec1258577bfdbde9ea	NCPPB 1616	other_references	expected_genus	B2249F																				no_hit	
24a52248e320ac8558e5	NCPPB 1630	other_references	expected_genus	ZZ24																				no_hit	
000f73568e236853f76a	NCPPB 1638	other_references	expected_genus	B2290																				no_hit	
db49255f34389ed48f06	NCPPB 1645	other_references	expected_genus	B2340																				no_hit	
4f69f2b5685c7f9b4264	NCPPB 1645	other_references	expected_genus	SAL/163/B																				no_hit	
b624efac31f60dd98864	NCPPB 1646	other_references	expected_genus	B2324A																				no_hit	
10ecd3b49563743d77ce	NCPPB 1648	other_references	expected_genus	B2305																				no_hit	
fcf2b7133daea7f3bd0a	NCPPB 1654	other_references	expected_genus	B2330																				no_hit	
534a5bb985b921a1500b	NCPPB 1659	other_references	expected_genus	B2404																				no_hit	
9ffec368dcac56ad7aa6	NCPPB 1668	other_references	expected_genus	CS56-27																				no_hit	
25badc756f3fe895b1ae	NCPPB 1671	other_references	expected_genus	B2536																				no_hit	
a7fd9a53f6a3763bff7b	NCPPB 1672	other_references	expected_genus	B2540B																				no_hit	
fcd93fd373ce2df9b04f	NCPPB 1684	other_references	expected_genus	B2602																				no_hit	
87ee6b3b7d13320ca79f	NCPPB 1685	other_references	expected_genus	B2631																				no_hit	
a347b7bf9ab23412ecac	NCPPB 1685	other_references	expected_genus	WA134																				no_hit	
96851efff10f3e4a81de	NCPPB 1697	other_references	expected_genus	B2024	41985095	SAMN41985095	Xanthomonas euvesicatoria	456327	Microbe sample from Xanthomonas euvesicatoria	20_18_O2_B						BioSample: SAMN41985095; Xanthomonas euvesicatoria 20_18_O2_B; SRA: SRS21709423	pepper	USA: Florida	2020		"{""collection_date"":[""2020""],""geo_loc_name"":[""USA: Florida""],""host"":[""pepper""],""sample_type"":[""Cell Culture""],""strain"":[""20_18_O2_B""]}"	.cache/ncbi/v2_1/efetch_94bc73f4953fbbd6003a6f71ebdfb4c8230335def592901b6432b2f2b09cab5b.xml	https://www.ncbi.nlm.nih.gov/biosample/SAMN41985095	ok	
96851efff10f3e4a81de	NCPPB 1697	other_references	expected_genus	B2024	42161506	SAMN42161506	Xanthomonas sp. NCPPB 2632	3240912	Genome sequencing of Xanthomonas begoniae NCPPB 2632	NCPPB 2632		NCPPB:2632				BioSample: SAMN42161506; 2632; SRA: SRS21840224	Lolium perenne	United Kingdom	1973		"{""Tax ID"":[""3240912""],""collected_by"":[""B. Austin D119""],""collection_date"":[""1973""],""culture_collection"":[""NCPPB:2632""],""geo_loc_name"":[""United Kingdom""],""host"":[""Lolium perenne""],""sample_type"":[""Cell culture""],""strain"":[""NCPPB 2632""]}"	.cache/ncbi/v2_1/efetch_8ec2141c87acd40792a90a4e277782ac1e620c234591cd9898396a29132fc936.xml	https://www.ncbi.nlm.nih.gov/biosample/SAMN42161506	ok	
96851efff10f3e4a81de	NCPPB 1697	other_references	expected_genus	B2024	22552829	SAMN22552829	Xanthomonas campestris pv. armoraciae	329463	Microbe sample from Xanthomonas campestris pv. armoraciae	NCPPB 347						BioSample: SAMN22552829; NCPPB347; SRA: SRS21991054	Iberis sp.	Tanzania	not collected		"{""collected_by"":[""G.B. Wallace""],""collection_date"":[""not collected""],""geo_loc_name"":[""Tanzania""],""host"":[""Iberis sp.""],""pathovar"":[""armoraciae""],""sample_type"":[""cell culture""],""strain"":[""NCPPB 347""],""type-material"":[""pathotype strain of Xanthomonas campestris pv. armoraciae""]}"	.cache/ncbi/v2_1/efetch_37d8944caa924bec9d37b885aef8093954bac3495e037f63b1aeb634992f5a21.xml	https://www.ncbi.nlm.nih.gov/biosample/SAMN22552829	ok	
96851efff10f3e4a81de	NCPPB 1697	other_references	expected_genus	B2024	40621678	SAMN40621678	Xanthomonas oryzae pv. oryzicola	129394	Microbe sample from Xanthomonas oryzae pv. oryzicola	MD-Ivory-1-B			Boris Szurek, IRD, France			BioSample: SAMN40621678; MD-Ivory-1-B	rice	Madagascar	2013		"{""biomaterial_provider"":[""Boris Szurek, IRD, France""],""collected_by"":[""Boris Szurek""],""collection_date"":[""2013""],""geo_loc_name"":[""Madagascar""],""host"":[""rice""],""host_tissue_sampled"":[""rice leaf""],""pathovar"":[""oryzicola""],""sample_type"":[""cell culture""],""strain"":[""MD-Ivory-1-B""]}"	.cache/ncbi/v2_1/efetch_94bc73f4953fbbd6003a6f71ebdfb4c8230335def592901b6432b2f2b09cab5b.xml	https://www.ncbi.nlm.nih.gov/biosample/SAMN40621678	ok	
96851efff10f3e4a81de	NCPPB 1697	other_references	expected_genus	B2024	8970083	SAMEA4590056	Xanthomonas fragariae	48664	Xanthomonas fragariae NCPPB 3743	NCPPB 3743	NCPPB 3743			NCPPB 3743		BioSample: SAMEA4590056; SRA: ERS2410776	Fragaria hybrid cv. Campinas		1990	diseased strawberry	"{""ENA-CHECKLIST"":[""ERC000028""],""ENA-FIRST-PUBLIC"":[""2018-04-22T17:03:33Z""],""ENA-LAST-UPDATE"":[""2018-04-17T16:41:03Z""],""External Id"":[""SAMEA4590056""],""INSDC center name"":[""Zurich University of Applied Sciences (ZHAW), School of Life Sciences and Facility Management, Institute of Natural Resource Sciences""],""INSDC first public"":[""2018-04-22T17:03:33Z""],""INSDC last update"":[""2018-04-17T16:41:03Z""],""INSDC status"":[""public""],""Submitter Id"":[""NCPPB 3743""],""collection date"":[""1990""],""crispr"":[""Xf-CGr-II""],""crispr spacer sequence"":[""B""],""geographic location (country and/or sea)"":[""Brazil""],""host health state"":[""diseased""],""host scientific name"":[""Fragaria hybrid cv. Campinas""],""isolate"":[""NCPPB 3743""],""isolation source"":[""diseased strawberry""],""mlva"":[""I""],""sample name"":[""NCPPB 3743""],""scientific_name"":[""Xanthomonas fragariae""],""strain"":[""NCPPB 3743""]}"	.cache/ncbi/v2_1/efetch_f7100daa816e4896d362060a32920fa7a17f8abd47e04a2fa9fddcf4d3daeab9.xml	https://www.ncbi.nlm.nih.gov/biosample/SAMEA4590056	ok	
96851efff10f3e4a81de	NCPPB 1697	other_references	expected_genus	B2024	8970080	SAMEA4590053	Xanthomonas fragariae	48664	Xanthomonas fragariae ICMP 5813	ICMP 5813	ICMP 5813			ICMP 5813		BioSample: SAMEA4590053; SRA: ERS2410773	Fragaria � ananassa Duchesne		1977	diseased strawberry	"{""ENA-CHECKLIST"":[""ERC000028""],""ENA-FIRST-PUBLIC"":[""2018-04-22T17:03:33Z""],""ENA-LAST-UPDATE"":[""2018-04-17T16:41:03Z""],""External Id"":[""SAMEA4590053""],""INSDC center name"":[""Zurich University of Applied Sciences (ZHAW), School of Life Sciences and Facility Management, Institute of Natural Resource Sciences""],""INSDC first public"":[""2018-04-22T17:03:33Z""],""INSDC last update"":[""2018-04-17T16:41:03Z""],""INSDC status"":[""public""],""Submitter Id"":[""ICMP 5813""],""collection date"":[""1977""],""crispr"":[""Xf-CGr-II""],""crispr spacer sequence"":[""B""],""geographic location (country and/or sea)"":[""Brazil""],""geographic location (region and locality)"":[""Cambui""],""host health state"":[""diseased""],""host scientific name"":[""Fragaria � ananassa Duchesne""],""isolate"":[""ICMP 5813""],""isolation source"":[""diseased strawberry""],""mlva"":[""I""],""sample name"":[""ICMP 5813""],""scientific_name"":[""Xanthomonas fragariae""],""strain"":[""ICMP 5813""]}"	.cache/ncbi/v2_1/efetch_f7100daa816e4896d362060a32920fa7a17f8abd47e04a2fa9fddcf4d3daeab9.xml	https://www.ncbi.nlm.nih.gov/biosample/SAMEA4590053	ok	
96851efff10f3e4a81de	NCPPB 1697	other_references	expected_genus	B2024	8970044	SAMEA4590017	Xanthomonas fragariae	48664	Xanthomonas fragariae ICMP 13780	ICMP 13780	ICMP 13780			ICMP 13780		BioSample: SAMEA4590017; SRA: ERS2410737	Fragaria � ananassa Duchesne		1996	diseased strawberry	"{""ENA-CHECKLIST"":[""ERC000028""],""ENA-FIRST-PUBLIC"":[""2018-04-22T17:03:33Z""],""ENA-LAST-UPDATE"":[""2018-04-17T16:41:02Z""],""External Id"":[""SAMEA4590017""],""INSDC center name"":[""Zurich University of Applied Sciences (ZHAW), School of Life Sciences and Facility Management, Institute of Natural Resource Sciences""],""INSDC first public"":[""2018-04-22T17:03:33Z""],""INSDC last update"":[""2018-04-17T16:41:02Z""],""INSDC status"":[""public""],""Submitter Id"":[""ICMP 13780""],""collection date"":[""1996""],""crispr"":[""Xf-CGr-IC""],""crispr spacer sequence"":[""B""],""geographic location (country and/or sea)"":[""Italy""],""geographic location (region and locality)"":[""Matera""],""host health state"":[""diseased""],""host scientific name"":[""Fragaria � ananassa Duchesne""],""isolate"":[""ICMP 13780""],""isolation source"":[""diseased strawberry""],""mlva"":[""IV""],""sample name"":[""ICMP 13780""],""scientific_name"":[""Xanthomonas fragariae""],""strain"":[""ICMP 13780""]}"	.cache/ncbi/v2_1/efetch_f7100daa816e4896d362060a32920fa7a17f8abd47e04a2fa9fddcf4d3daeab9.xml	https://www.ncbi.nlm.nih.gov/biosample/SAMEA4590017	ok	
96851efff10f3e4a81de	NCPPB 1697	other_references	expected_genus	B2024	8970041	SAMEA4590014	Xanthomonas fragariae	48664	Xanthomonas fragariae PD 2905	PD 2905	PD 2905			PD 2905		BioSample: SAMEA4590014; SRA: ERS2410734	Fragaria 'Cambridge vigour'		1996	diseased strawberry	"{""ENA-CHECKLIST"":[""ERC000028""],""ENA-FIRST-PUBLIC"":[""2018-04-22T17:03:33Z""],""ENA-LAST-UPDATE"":[""2018-04-18T21:49:31Z""],""External Id"":[""SAMEA4590014""],""INSDC center name"":[""Zurich University of Applied Sciences (ZHAW), School of Life Sciences and Facility Management, Institute of Natural Resource Sciences""],""INSDC first public"":[""2018-04-22T17:03:33Z""],""INSDC last update"":[""2018-04-18T21:49:31Z""],""INSDC status"":[""public""],""Submitter Id"":[""PD 2905""],""collection date"":[""1996""],""crispr"":[""Xf-CGr-IB""],""crispr spacer sequence"":[""B""],""geographic location (country and/or sea)"":[""Portugal""],""host health state"":[""diseased""],""host scientific name"":[""Fragaria 'Cambridge vigour'""],""isolate"":[""PD 2905""],""isolation source"":[""diseased strawberry""],""mlva"":[""II""],""sample name"":[""PD 2905""],""scientific_name"":[""Xanthomonas fragariae""],""strain"":[""PD 2905""]}"	.cache/ncbi/v2_1/efetch_f7100daa816e4896d362060a32920fa7a17f8abd47e04a2fa9fddcf4d3daeab9.xml	https://www.ncbi.nlm.nih.gov/biosample/SAMEA4590014	ok	
96851efff10f3e4a81de	NCPPB 1697	other_references	expected_genus	B2024	8970039	SAMEA4590012	Xanthomonas fragariae	48664	Xanthomonas fragariae XF 61	XF 61	XF 61			XF 61		BioSample: SAMEA4590012; SRA: ERS2410732	Variety Figaro		2010	diseased strawberry	"{""ENA-CHECKLIST"":[""ERC000028""],""ENA-FIRST-PUBLIC"":[""2018-04-22T17:03:33Z""],""ENA-LAST-UPDATE"":[""2018-04-17T16:41:02Z""],""External Id"":[""SAMEA4590012""],""INSDC center name"":[""Zurich University of Applied Sciences (ZHAW), School of Life Sciences and Facility Management, Institute of Natural Resource Sciences""],""INSDC first public"":[""2018-04-22T17:03:33Z""],""INSDC last update"":[""2018-04-17T16:41:02Z""],""INSDC status"":[""public""],""Submitter Id"":[""XF 61""],""collection date"":[""2010""],""crispr"":[""Xf-CGr-IB""],""crispr spacer sequence"":[""B""],""geographic location (country and/or sea)"":[""Netherlands""],""host health state"":[""diseased""],""host scientific name"":[""Variety Figaro""],""isolate"":[""XF 61""],""isolation source"":[""diseased strawberry""],""mlva"":[""II""],""sample name"":[""XF 61""],""scientific_name"":[""Xanthomonas fragariae""],""strain"":[""XF 61""]}"	.cache/ncbi/v2_1/efetch_f7100daa816e4896d362060a32920fa7a17f8abd47e04a2fa9fddcf4d3daeab9.xml	https://www.ncbi.nlm.nih.gov/biosample/SAMEA4590012	ok	
f358dce3693d1d954ba8	NCPPB 1698	other_references	expected_genus	B650																				no_hit	
fbaf7b0445e087745b5e	NCPPB 1698	other_references	expected_genus	XL59/10																				no_hit	
f0bde17f977e0a93e6e7	NCPPB 1699	other_references	expected_genus	B2019	3144634	SAMN03144634	Xanthomonas citri pv. mangiferaeindicae BCRC 13182	1262658	MIGS Cultured Bacterial/Archaeal sample from Xanthomonas citri pv. mangiferaeindicae BCRC 13182	BCRC13182						BioSample: SAMN03144634; XCM_B; SRA: SRS731406	mango	Taiwan:Taichung	missing		"{""collection_date"":[""missing""],""env_biome"":[""plant-associated""],""env_feature"":[""plant-associated""],""env_material"":[""fruit-surface""],""geo_loc_name"":[""Taiwan:Taichung""],""host"":[""mango""],""isol_growth_condt"":[""PSPA medium""],""lat_lon"":[""not applicable""],""num_replicons"":[""1""],""pathovar"":[""mangiferaeindicae BCRC 13182""],""ref_biomaterial"":[""X. citri pv. citri""],""strain"":[""BCRC13182""]}"	.cache/ncbi/v2_1/efetch_1d87dd683a4b2a45cb6cf73549ea1a6c05b4fa06096e52901c1da51e76c76b7b.xml	https://www.ncbi.nlm.nih.gov/biosample/SAMN03144634	ok	
f0bde17f977e0a93e6e7	NCPPB 1699	other_references	expected_genus	B2019	2472095	SAMN02472095	Xanthomonas citri pv. aurantifolii str. ICPB 11122	427081	Sample from Xanthomonas citri pv. aurantifolii str. ICPB 11122	ICPB 11122						BioSample: SAMN02472095; ACPX					"{""orgmod_note"":[""strain coidentity: ICPB 1122 = B""],""pathovar"":[""aurantifolii""],""strain"":[""ICPB 11122""]}"	.cache/ncbi/v2_1/efetch_735d8f8ccf46cf9f5e2f29e314c8634be72cb116fa0e8a003a1726550bbc0b46.xml	https://www.ncbi.nlm.nih.gov/biosample/SAMN02472095	ok	
f0bde17f977e0a93e6e7	NCPPB 1699	other_references	expected_genus	B2019	9791863	SAMN09791863	Xanthomonas oryzae pv. oryzae	64187	Microbe sample from Xanthomonas oryzae pv. oryzae	PXO142			Belgian Co-ordinated Collection of Micro-organisms BCCM), BCCM/LMG Bacteria Collection, B-9000 Gent, Belgium			BioSample: SAMN09791863; Xanthomonas oryzae pv. oryzae PXO142 complete genome	Oryza sativa	Philippines	1981		"{""biomaterial_provider"":[""Belgian Co-ordinated Collection of Micro-organisms BCCM), BCCM/LMG Bacteria Collection, B-9000 Gent, Belgium""],""collection_date"":[""1981""],""geo_loc_name"":[""Philippines""],""host"":[""Oryza sativa""],""pathovar"":[""oryzae""],""sample_type"":[""leaf blight and wilt""],""strain"":[""PXO142""]}"	.cache/ncbi/v2_1/efetch_00f24fdff8e637d10976460b8101e1e572fb7d22cd0bf10df0471841ca0c84a4.xml	https://www.ncbi.nlm.nih.gov/biosample/SAMN09791863	ok	
f0bde17f977e0a93e6e7	NCPPB 1699	other_references	expected_genus	B2019	9791860	SAMN09791860	Xanthomonas oryzae pv. oryzae	64187	Microbe sample from Xanthomonas oryzae pv. oryzae	ICMP3125			Belgian Co-ordinated Collection of Micro-organisms, BCCM/LMG Bacteria Collection, B-9000 Gent, Belgium			BioSample: SAMN09791860; Xanthomonas oryzae pv. oryzae ICMP3125 complete genome	Oryza sativa	India	1965		"{""biomaterial_provider"":[""Belgian Co-ordinated Collection of Micro-organisms, BCCM/LMG Bacteria Collection, B-9000 Gent, Belgium""],""collection_date"":[""1965""],""geo_loc_name"":[""India""],""host"":[""Oryza sativa""],""pathovar"":[""oryzae""],""sample_type"":[""leaf blight and wilt""],""strain"":[""ICMP3125""],""type-material"":[""type strain of Xanthomonas oryzae""]}"	.cache/ncbi/v2_1/efetch_00f24fdff8e637d10976460b8101e1e572fb7d22cd0bf10df0471841ca0c84a4.xml	https://www.ncbi.nlm.nih.gov/biosample/SAMN09791860	ok	
8ac52c9cde16385c0ca8	NCPPB 1700	other_references	expected_genus	B648																				no_hit	
79627c9027f3e2729329	NCPPB 1701	other_references	expected_genus	B649																				no_hit	
6aabd9b7e20b741cb90a	NCPPB 1701	other_references	expected_genus	XL59/9																				no_hit	
f1e939903cabca7b4571	NCPPB 1711	other_references	expected_genus	B1548																				no_hit	
a608b919d71b09210e0f	NCPPB 1711	other_references	expected_genus	P125																				no_hit	
2de6a48c05ce9a063a4d	NCPPB 1712	other_references	expected_genus	B1334																				no_hit	
efa799f531f056cab55c	NCPPB 1713	other_references	expected_genus	B912																				no_hit	
759e348c01d2ed1a9971	NCPPB 1714	other_references	expected_genus	B744																				no_hit	
0d24606274335318e760	NCPPB 1715	other_references	expected_genus	B1853																				no_hit	
c46ff9d32eef51d2c25f	NCPPB 1717	other_references	expected_genus	B913																				no_hit	
b54deb963cb5ac3621b4	NCPPB 1737	other_references	expected_genus	X.a.7a																				no_hit	
65f62ed2ba56ddb3cd2b	NCPPB 1754	other_references	expected_genus	HACC-179																				no_hit	
2dc3677fc8a7e3d6b789	NCPPB 1755	other_references	expected_genus	HACC-180																				no_hit	
d8879f994e19c543f658	NCPPB 1756	other_references	expected_genus	HACC-181																				no_hit	
43d416ffe18887852e7b	NCPPB 1757	other_references	expected_genus	HACC-182																				no_hit	
74e58d1b531d3e016936	NCPPB 1758	other_references	expected_genus	HACC-183																				no_hit	
355eb1493cfbf717648b	NCPPB 1759	other_references	expected_genus	HACC-184																				no_hit	
8d35b4134b1d56286915	NCPPB 1760	other_references	expected_genus	HACC-185																				no_hit	
a15ef4178ff122e09d16	NCPPB 1826	other_references	expected_genus	C555																				no_hit	
d709927b509465ace564	NCPPB 1832	other_references	expected_genus	ZZ28																				no_hit	
0f7b69080bd3e40028d6	NCPPB 1833	other_references	expected_genus	ENA-350	54029158	SAMEA114957256	Xanthomonas cassavae CFBP 4642	1219375	GCF_000454545.1					ena-SAMPLE-TAB-12-12-2023-12:22:39:350-107410		BioSample: SAMEA114957256; SRA: ERS17402207			not collected		"{""ENA first public"":[""2025-12-12""],""ENA-CHECKLIST"":[""ERC000011""],""External Id"":[""SAMEA114957256""],""INSDC center name"":[""NAU""],""INSDC last update"":[""2023-12-12T12:28:33Z""],""INSDC status"":[""public""],""Submitter Id"":[""ena-SAMPLE-TAB-12-12-2023-12:22:39:350-107410""],""collection date"":[""not collected""],""geographic location (country and/or sea)"":[""not collected""],""sample name"":[""ena-SAMPLE-TAB-12-12-2023-12:22:39:350-107410""],""scientific_name"":[""Xanthomonas cassavae CFBP 4642""]}"	.cache/ncbi/v2_1/efetch_fb49fcf5c2f6dce58c10306573e4f6c58da0b6b8f9c990f630c1da495a8a9c2e.xml	https://www.ncbi.nlm.nih.gov/biosample/SAMEA114957256	ok	
e6e0062485edd34a8a2c	NCPPB 1834	other_references	expected_genus	ENA-300																				no_hit	
dcfdabb107e1ba4d328c	NCPPB 1838	other_references	expected_genus	XV18																				no_hit	
2c2f1af07778d07e3e7a	NCPPB 1839	other_references	expected_genus	ENA-250																				no_hit	
66251dc5922c6e2613b3	NCPPB 1841	other_references	expected_genus	ENA-265																				no_hit	
94093945b8dd79a32b69	NCPPB 1925	other_references	expected_genus	XB10	28167367	SAMN28167367	Xanthomonas sontii	2650745	Pathogen: environmental/food/other sample from Xanthomonas sontii	YT10-10-1						BioSample: SAMN28167367; XB_O_Dular_1		China:XiShuangBanNa	missing	seed	"{""age"":[""missing""],""collected_by"":[""missing""],""collection_date"":[""missing""],""geo_loc_name"":[""China:XiShuangBanNa""],""isolation_source"":[""seed""],""lat_lon"":[""missing""],""strain"":[""YT10-10-1""]}"	.cache/ncbi/v2_1/efetch_45a5e49e2e7d932eb0583eea59f97e8c82ea5ce0447f75ff8ca54f1efae61e77.xml	https://www.ncbi.nlm.nih.gov/biosample/SAMN28167367	ok	
ff034aadf88b0135f531	NCPPB 1981	other_references	expected_genus	W135																				no_hit	
1d106aaa28f7979d139b	NCPPB 2005	other_references	expected_genus	B3100																				no_hit	
ce986ac3dbc627926da0	NCPPB 2011	other_references	expected_genus	C596																				no_hit	
02b1984f420ce7ac7177	NCPPB 2031	other_references	expected_genus	XCB-2																				no_hit	
3be52ad7978986677f6c	NCPPB 2044	other_references	expected_genus	15984																				no_hit	
c589a900ffa962a4d072	NCPPB 2057	other_references	expected_genus	Hel 1																				no_hit	
b9404daa411392fef09d	NCPPB 2181	other_references	expected_genus	X1-11-2	7269294	SAMN07269294	Xanthomonas euvesicatoria	456327	MIGS Cultured Bacterial/Archaeal sample from Xanthomonas euvesicatoria	NI38						BioSample: SAMN07269294; NI38	Solanum lycopersicum	Nigeria	2015-07-07	symptomatic lesions of tomato plants	"{""collection_date"":[""2015-07-07""],""env_biome"":[""tomato plants""],""env_feature"":[""Nigeria northern guinea savannah""],""env_material"":[""Plant""],""geo_loc_name"":[""Nigeria""],""host"":[""Solanum lycopersicum""],""isol_growth_condt"":[""Isolated from symptomatic lesions and grown at 28 degree Celsius""],""isolation_source"":[""symptomatic lesions of tomato plants""],""lat_lon"":[""11.2 N 7.5 E""],""num_replicons"":[""1""],""ref_biomaterial"":[""Genome Shuffling in a globalized Plant Pathogen: Recombination-mediated Evolution in Xanthomonas euvesicatoria and X. perforans""],""strain"":[""NI38""]}"	.cache/ncbi/v2_1/efetch_f7100daa816e4896d362060a32920fa7a17f8abd47e04a2fa9fddcf4d3daeab9.xml	https://www.ncbi.nlm.nih.gov/biosample/SAMN07269294	ok	
1810a9cfbcfd4f6fc606	NCPPB 2182	other_references	expected_genus	S131-84																				no_hit	
231fde1aff9e68e1d62d	NCPPB 2183	other_references	expected_genus	S148-81																				no_hit	
0f7583d80555e03e438c	NCPPB 2190	other_references	expected_genus	ENA-568																				no_hit	
947cb334961892c109c2	NCPPB 2247	other_references	expected_genus	B3596																				no_hit	
8a283ca7a970e653bdc3	NCPPB 2248	other_references	expected_genus	B3005																				no_hit	
46774023d85d624a9416	NCPPB 2248	other_references	expected_genus	MR20213																				no_hit	
6fc4a634588b4fbe4aa0	NCPPB 2249	other_references	expected_genus	B3891																				no_hit	
d61d01854c69dc28bdb7	NCPPB 2250	other_references	expected_genus	Dowson 1939																				no_hit	
6ccb36331112f22a320f	NCPPB 2250	other_references	expected_genus	B3516a																				no_hit	
d5f12737e2941b1a0f65	NCPPB 2251	other_references	expected_genus	B3645																				no_hit	
171a5d1e6899d1957e34	NCPPB 2255	other_references	expected_genus	068-1406																				no_hit	
e10cd7e8a32e7dedb74e	NCPPB 2336	other_references	expected_genus	C721																				no_hit	
9980d61ad4ae16321cc5	NCPPB 2345	other_references	expected_genus	A218																				no_hit	
19a81a9fca604bc1a5f4	NCPPB 2346	other_references	expected_genus	SBF-813																				no_hit	
7dc8ab1f86d977af1e9d	NCPPB 2375	other_references	expected_genus	XA113																				no_hit	
5c0a00c82c87990c906c	NCPPB 2376	other_references	expected_genus	XA115																				no_hit	
65760adcf2a49a8bb1fa	NCPPB 2393	other_references	expected_genus	Xl-6-1																				no_hit	
326325b757ef1d357cce	NCPPB 2436	other_references	expected_genus	SBF-913																				no_hit	
19c98cddd6196759206a	NCPPB 2438	other_references	expected_genus	2UP87																				no_hit	
8c6c826fd62d139f5951	NCPPB 2446	other_references	expected_genus	B5000																				no_hit	
4d8d9ae3878d5c61ccd6	NCPPB 2446	other_references	expected_genus	H5809																				no_hit	
ef3fbebc45ed916df1c0	NCPPB 2490	other_references	expected_genus	B4929																				no_hit	
998d6674d4ff74247f04	NCPPB 2492	other_references	expected_genus	B4568b																				no_hit	
110ebf8c322b376cc1e9	NCPPB 2493	other_references	expected_genus	B4487																				no_hit	
5ce016fd360b76ab1f65	NCPPB 2494	other_references	expected_genus	B5017																				no_hit	
d5ba5be4838c1e74338e	NCPPB 2495	other_references	expected_genus	B4687																				no_hit	
92f7477e33531c30b50b	NCPPB 2496	other_references	expected_genus	B5078																				no_hit	
2dc986457f45e62d4fdb	NCPPB 2497	other_references	expected_genus	B4539																				no_hit	
8782d9c42d5f69801fd1	NCPPB 2498	other_references	expected_genus	B5081																				no_hit	
6c2fd9a4ce06e7a431a2	NCPPB 2499	other_references	expected_genus	B4542																				no_hit	
6d08d76fa3910773b305	NCPPB 2550	other_references	expected_genus	IBSP-124																				no_hit	
9fda2419f8a34da4a9de	NCPPB 2572	other_references	expected_genus	XV-69-1																				no_hit	
659c97865812dafe84e6	NCPPB 2573	other_references	expected_genus	XV-69-10																				no_hit	
b4acf4a0f6248ed18cf8	NCPPB 2574	other_references	expected_genus	XV-69-23																				no_hit	
17ef633286af0f888662	NCPPB 2575	other_references	expected_genus	XV-69-13																				no_hit	
c3647748faf5b3f283eb	NCPPB 2576	other_references	expected_genus	XV-E-3																				no_hit	
7325ff7a31c53a7e1540	NCPPB 2592	other_references	expected_genus	ENA-2078																				no_hit	
8d9378c9a4798cce1440	NCPPB 2593	other_references	expected_genus	ENA-804																				no_hit	
23e09982d9860b463df2	NCPPB 2594	other_references	expected_genus	ENA-734																				no_hit	
02a90b8e9805c5a53c4a	NCPPB 2595	other_references	expected_genus	ENA-76																				no_hit	
bf04d45f5f130ac7e2ba	NCPPB 2605	other_references	expected_genus	A493																				no_hit	
d582345690dbedde7825	NCPPB 2632	other_references	expected_genus	D119																				no_hit	
621d3bf42b62fd40edd5	NCPPB 2654	other_references	expected_genus	C783																				no_hit	
67eb301033f6e4033f3b	NCPPB 2665	other_references	expected_genus	IPV-BO 193																				no_hit	
e88a2a5c3bc463a9a2cd	NCPPB 2665	other_references	expected_genus	BO 193																				no_hit	
86c69dabd6c9d952e457	NCPPB 2817	other_references	expected_genus	4081																				no_hit	
db3bb956a0de860a783a	NCPPB 2819	other_references	expected_genus	4230																				no_hit	
37645fba05a151d3105c	NCPPB 2820	other_references	expected_genus	5262	41996496	SAMN41996496	Xanthomonas arboricola pv. corylina	487821	Microbe sample from Xanthomonas arboricola pv. corylina	NCPPB 935		NCPPB:935	ex P.W. Miller 5262			BioSample: SAMN41996496; NCPPB935; SRA: SRS21710460	Corylus maxima	USA	1939		"{""biomaterial_provider"":[""ex P.W. Miller 5262""],""collection_date"":[""1939""],""culture_collection"":[""NCPPB:935""],""geo_loc_name"":[""USA""],""host"":[""Corylus maxima""],""pathovar"":[""corylina""],""sample_type"":[""Cell culture""],""strain"":[""NCPPB 935""]}"	.cache/ncbi/v2_1/efetch_94bc73f4953fbbd6003a6f71ebdfb4c8230335def592901b6432b2f2b09cab5b.xml	https://www.ncbi.nlm.nih.gov/biosample/SAMN41996496	ok	
26e065e2f1affbe1f1b7	NCPPB 2821	other_references	expected_genus	5523																				no_hit	
ce5a240f07e3035ab64a	NCPPB 2822	other_references	expected_genus	5558																				no_hit	
256f2a02e69583708dac	NCPPB 2825	other_references	expected_genus	5670																				no_hit	
e95acdf475cc160763af	NCPPB 2826	other_references	expected_genus	5673																				no_hit	
0f9a6b1d85b05ca4a709	NCPPB 2827	other_references	expected_genus	5690	39911788	SAMN39911788	Xanthomonas hortorum pv. hederae	453603	Genome sequencing of X. hortorum pv. hederae WHRI 5690	WHRI 5690						BioSample: SAMN39911788; 5690; SRA: SRS20438710	Hedera helix	United Kingdom	1996		"{""collection_date"":[""1996""],""geo_loc_name"":[""United Kingdom""],""host"":[""Hedera helix""],""pathovar"":[""hederae""],""sample_type"":[""Cell culture""],""strain"":[""WHRI 5690""]}"	.cache/ncbi/v2_1/efetch_3d82ddf50c6209a0b5b35aac2b5bba24027140e82dd86c53efa932e033168fb3.xml	https://www.ncbi.nlm.nih.gov/biosample/SAMN39911788	ok	
0bcb6bff9bb9963186a8	NCPPB 2828	other_references	expected_genus	5777																				no_hit	
e18025f176f3ce385422	NCPPB 2829	other_references	expected_genus	5781																				no_hit	
bcc641a39d024a29c25e	NCPPB 2831	other_references	expected_genus	5897																				no_hit	
5a4ed249e870fa0f4e73	NCPPB 2834	other_references	expected_genus	UKP 33																				no_hit	
becc6d29114872aad72d	NCPPB 2835	other_references	expected_genus	UKP 37																				no_hit	
d413290e66c6d9908afb	NCPPB 2837	other_references	expected_genus	UKP 783																				no_hit	
407ab6f59b028beb0cc5	NCPPB 2838	other_references	expected_genus	UKP 765																				no_hit	
fea622d6848706453b14	NCPPB 2839	other_references	expected_genus	UKP 784																				no_hit	
62035ec8318629c8e069	NCPPB 2840	other_references	expected_genus	UKP 852																				no_hit	
dd6fae0c71f0bb3bb082	NCPPB 2856	other_references	expected_genus	C798																				no_hit	
8db7ea6b0dab2b630dea	NCPPB 2857	other_references	expected_genus	C799																				no_hit	
0ebdc3558dd704b513c8	NCPPB 2879	other_references	expected_genus	XC12																				no_hit	
674522ea9ed6b410b26e	NCPPB 2885	other_references	expected_genus	G21.5	53560565	SAMEA119901571	Xanthomonas sp.	29446	Metagenome-Assembled Genome spire_mag_00493516 in SPIRE v01 classified as Xanthomonas_A					spire_mag_00493516		BioSample: SAMEA119901571; SRA: ERS26439264			missing: third party data	missing: third party data	"{""ENA first public"":[""2025-12-01""],""ENA-CHECKLIST"":[""ERC000047""],""GUNC clade separation score"":[""0.21""],""GUNC contamination score"":[""0.03""],""GUNC reference representation score"":[""0.79""],""GUNC version"":[""GUNC v1.0.6""],""INSDC center name"":[""EMBL Heidelberg""],""INSDC status"":[""public""],""MAG coverage software"":[""bwa mem""],""SPIRE genome cluster"":[""https://spire.embl.de/spire/v1/cluster/spire_v1_095_000496142""],""SPIRE genome id"":[""https://spire.embl.de/spire/v1/genome/spire_mag_00493516""],""Submitter Id"":[""spire_mag_00493516""],""assembly quality"":[""Many fragments with little to no review of assembly other than reporting of standard assembly statistics""],""assembly software"":[""megahit 1.2.9""],""binning parameters"":[""tetramer and coverage""],""binning software"":[""metaBAT2 v2.12.1""],""broad-scale environmental context"":[""missing: third party data""],""collection date"":[""missing: third party data""],""completeness score"":[""94.22""],""completeness software"":[""CheckM2 v0.1.3""],""contamination score"":[""5.56""],""contig N50"":[""15013""],""derived from assembly"":[""ERZ27251527""],""environmental medium"":[""missing: third party data""],""geographic location (country and/or sea)"":[""missing: third party data""],""geographic location (latitude)"":[""missing: third party data""],""geographic location (longitude)"":[""missing: third party data""],""isolation_source"":[""missing: third party data""],""linked to SPIRE sample"":[""https://spire.embl.de/spire/v1/sample/48580""],""linked to SPIRE study"":[""https://spire.embl.de/spire/v1/study/287""],""linked to analysis project"":[""ERP174621""],""local environmental context"":[""missing: third party data""],""metagenomic source"":[""metagenomes""],""number of contigs"":[""462""],""project name"":[""SPIRE v1: a Searchable Planetary-scale mIcrobiome REsource""],""sample derived from"":[""SAMN05518536""],""sample name"":[""spire_mag_00493516""],""scientific_name"":[""Xanthomonas sp.""],""taxonomic classification"":[""d__Bacteria;p__Pseudomonadota;c__Gammaproteobacteria;o__Xanthomonadales;f__Xanthomonadaceae;g__Xanthomonas_A;s__""],""taxonomic classification software"":[""GTDBtk v2.3.2_r214""],""taxonomic identity marker"":[""multi-marker approach""]}"	.cache/ncbi/v2_1/efetch_fb49fcf5c2f6dce58c10306573e4f6c58da0b6b8f9c990f630c1da495a8a9c2e.xml	https://www.ncbi.nlm.nih.gov/biosample/SAMEA119901571	ok	
ae4e08441c474b7164f8	NCPPB 2896	other_references	expected_genus	164/7																				no_hit	
32903208f9dd9923696f	NCPPB 2898	other_references	expected_genus	A724A																				no_hit	
53b57db332f26eb32893	NCPPB 2904	other_references	expected_genus	A736																				no_hit	
757e1b0aa25b25559bd5	NCPPB 2910	other_references	expected_genus	B5271																				no_hit	
9c3a5197fd6a9baba0ad	NCPPB 2914	other_references	expected_genus	B5300																				no_hit	
5206b091743d18e4fcf6	NCPPB 2918	other_references	expected_genus	BS469																				no_hit	
02d2780ba2cb11898100	NCPPB 2919	other_references	expected_genus	B5530																				no_hit	
c4c8323815b6407cd5eb	NCPPB 2919	other_references	expected_genus	CBZII 5972																				no_hit	
6099dd252c4cad9fdaf9	NCPPB 2920	other_references	expected_genus	B5562																				no_hit	
1f98378fe30f92db2b82	NCPPB 2921	other_references	expected_genus	B5566																				no_hit	
37cbfc14572caf08668d	NCPPB 2921	other_references	expected_genus	PP1312/60																				no_hit	
2487377f567c8b974bc0	NCPPB 2922	other_references	expected_genus	B5577																				no_hit	
7a37799fe5a1076c9f27	NCPPB 2925	other_references	expected_genus	B5582																				no_hit	
ccbe632ab562a221be9d	NCPPB 2927	other_references	expected_genus	B5632																				no_hit	
348c8b823184a1f872a1	NCPPB 2928	other_references	expected_genus	B5643																				no_hit	
39cfabe5570ef0da63ac	NCPPB 2928	other_references	expected_genus	N318	36176048	SAMN36176048	Xanthomonas euvesicatoria	456327	MIGS Cultured Bacterial/Archaeal sample from Xanthomonas euvesicatoria	XVP-318						BioSample: SAMN36176048; XVP-318	pepper	Taiwan	2019-06-05		"{""collection_date"":[""2019-06-05""],""env_broad_scale"":[""pepper biome""],""env_local_scale"":[""NA""],""env_medium"":[""NA""],""geo_loc_name"":[""Taiwan""],""host"":[""pepper""],""isol_growth_condt"":[""https://apsjournals.apsnet.org/doi/10.1094/PDIS-04-17-0465-RE""],""lat_lon"":[""23.6978 N 120.9605 E""],""num_replicons"":[""0""],""ref_biomaterial"":[""NA""],""strain"":[""XVP-318""]}"	.cache/ncbi/v2_1/efetch_1d306981387f8bde1215b8327eeb97e2704ab6402ae46f16721e97eab812fc98.xml	https://www.ncbi.nlm.nih.gov/biosample/SAMN36176048	ok	
39cfabe5570ef0da63ac	NCPPB 2928	other_references	expected_genus	N318	16122922	SAMN16122922	Xanthomonas sp.	29446	MIMAG Metagenome-assembled Genome sample from Xanthomonas sp.		QR_Bin.24					BioSample: SAMN16122922; QR_Bin.24		China: China University of Geosciences Beijing	2018-08	sediment	"{""collection_date"":[""2018-08""],""depth"":[""0.05m""],""derived-from"":[""This BioSample is a metagenomic assembly obtained from the sediment metagenome BioSamples: SAMN16254167, SAMN16254168, and SAMN16254169""],""elev"":[""44m""],""env_broad_scale"":[""sediment biome [ENVO:00000019]""],""env_local_scale"":[""shoreline [ENVO:00000019]""],""env_medium"":[""sediment [ENVO:00000019]""],""environmental-sample"":[""1""],""geo_loc_name"":[""China: China University of Geosciences Beijing""],""isolate"":[""QR_Bin.24""],""isolation_source"":[""sediment""],""lat_lon"":[""39.9 N 116.318 E""],""metagenome-source"":[""sediment metagenome""],""metagenomic"":[""1""],""sample-type"":[""metagenomic assembly""]}"	.cache/ncbi/v2_1/efetch_5436aa06399483d326b3bb35b35449299ae8390c479f935bb1cdc706a2106a2a.xml	https://www.ncbi.nlm.nih.gov/biosample/SAMN16122922	ok	
0ae49e8ac274ba4bd585	NCPPB 2930	other_references	expected_genus	B5806																				no_hit	
7c23551a2b34ea01843e	NCPPB 2930	other_references	expected_genus	PP223																				no_hit	
adf5de225ea884d2c993	NCPPB 2931	other_references	expected_genus	B5830																				no_hit	
ca6b9da6b1625fedf234	NCPPB 2932	other_references	expected_genus	B5480																				no_hit	
2e0d9fabe629bdc8f62c	NCPPB 2933	other_references	expected_genus	B6132																				no_hit	
69c2f494f743e363d137	NCPPB 2934	other_references	expected_genus	B6141																				no_hit	
6c748ccbf96d7dd682d8	NCPPB 2935	other_references	expected_genus	B6144																				no_hit	
771c97979b73dab7eae7	NCPPB 2936	other_references	expected_genus	B 6149																				no_hit	
02254f7cb1b89f247f6e	NCPPB 2938	other_references	expected_genus	B6617																				no_hit	
b51e7386e046cccaa9e6	NCPPB 2949	other_references	expected_genus	DAR 26146																				no_hit	
187861d3b59bdf372f26	NCPPB 2963	other_references	expected_genus	S62b																				no_hit	
afff6f1826e4c136cec8	NCPPB 2965	other_references	expected_genus	IBBF-105																				no_hit	
d5b408ee94e2a7ebc036	NCPPB 2967	other_references	expected_genus	IBBF-165																				no_hit	
73b8626d7cd58f7beb59	NCPPB 2968	other_references	expected_genus	XV25																				no_hit	
536279a1a1a1e3565de1	NCPPB 2973	other_references	expected_genus	XC18																				no_hit	
a3fb115b733b57a8fae3	NCPPB 2985	other_references	expected_genus	ZJ12																				no_hit	
7c445b6c2ae80a5e0a4d	NCPPB 3020	other_references	expected_genus	426 & 427																				no_hit	
e9b1bf0619fd84de1386	NCPPB 3022	other_references	expected_genus	CIAT 1185																				no_hit	
5048412850f717a6b23e	NCPPB 3024	other_references	expected_genus	NC334																				no_hit	
8ae5ff2dfa27b9354f8d	NCPPB 3035	other_references	expected_genus	XP20																				no_hit	
1e8ae6ee6445520bd3a2	NCPPB 3040	other_references	expected_genus	A895																				no_hit	
2a92ba233a31f1c4fdd4	NCPPB 3041	other_references	expected_genus	A905																				no_hit	
4d9dabb3a1a8a0b1f912	NCPPB 3059	other_references	expected_genus	Z291																				no_hit	
b08ab5a6822e35640c59	NCPPB 3060	other_references	expected_genus	N578																				no_hit	
30a5010251a28f53a19a	NCPPB 3062	other_references	expected_genus	R704																				no_hit	
90d754fa42f83d8e0a41	NCPPB 3066	other_references	expected_genus	A960																				no_hit	
1481324ee4d33ef6d391	NCPPB 3078	other_references	expected_genus	ENA503	53994070	SAMEA114922136	Xanthomonas cassavae CFBP 4642	1219375	GCF_000454545.1					ena-SAMPLE-TAB-12-12-2023-12:02:25:503-93857		BioSample: SAMEA114922136; SRA: ERS17367087			not collected		"{""ENA first public"":[""2025-12-12""],""ENA-CHECKLIST"":[""ERC000011""],""External Id"":[""SAMEA114922136""],""INSDC center name"":[""NAU""],""INSDC last update"":[""2023-12-12T12:08:54Z""],""INSDC status"":[""public""],""Submitter Id"":[""ena-SAMPLE-TAB-12-12-2023-12:02:25:503-93857""],""collection date"":[""not collected""],""geographic location (country and/or sea)"":[""not collected""],""sample name"":[""ena-SAMPLE-TAB-12-12-2023-12:02:25:503-93857""],""scientific_name"":[""Xanthomonas cassavae CFBP 4642""]}"	.cache/ncbi/v2_1/efetch_fb49fcf5c2f6dce58c10306573e4f6c58da0b6b8f9c990f630c1da495a8a9c2e.xml	https://www.ncbi.nlm.nih.gov/biosample/SAMEA114922136	ok	
6230e2a5c535e30023ee	NCPPB 3079	other_references	expected_genus	ENA 2154																				no_hit	
b885169e4a689e871ba1	NCPPB 3082	other_references	expected_genus	ENA 2564																				no_hit	
a350fe20e680b73ff8aa	NCPPB 3092	other_references	expected_genus	B7090																				no_hit	
9e3da9b00d94f3022c34	NCPPB 3110	other_references	expected_genus	ENA 2530																				no_hit	
a43c74761ecfa53df700	NCPPB 3155	other_references	expected_genus	1192-IPV-BO																				no_hit	
4a19d023d3da1d09df87	NCPPB 3161	other_references	expected_genus	B6812																				no_hit	
845a0fe650e3076c6a0f	NCPPB 3162	other_references	expected_genus	B6892b																				no_hit	
4b9fd6777d9c431536da	NCPPB 3168	other_references	expected_genus	B7147																				no_hit	
b95104d50465797dc356	NCPPB 3169	other_references	expected_genus	B 7166																				no_hit	
ef4976144874b672593b	NCPPB 3170	other_references	expected_genus	B7205																				no_hit	
45fad7dced231633c3c9	NCPPB 3172	other_references	expected_genus	B7299																				no_hit	
5bbeb38084debb380447	NCPPB 3173	other_references	expected_genus	B7343																				no_hit	
4b135244b140e5cf4240	NCPPB 3174	other_references	expected_genus	B7344b																				no_hit	
cfcda50f0b817cf26b02	NCPPB 3176	other_references	expected_genus	B7380																				no_hit	
f2c80d7f6c95e69cc9c6	NCPPB 3177	other_references	expected_genus	B7385																				no_hit	
9fa7d12c76425b3bd9a6	NCPPB 3178	other_references	expected_genus	B7440a																				no_hit	
7c08d683f4d51695189c	NCPPB 3182	other_references	expected_genus	B 7567																				no_hit	
1f075490adec1235bd95	NCPPB 3187	other_references	expected_genus	7613a																				no_hit	
efd7984e2621a548aa48	NCPPB 3191	other_references	expected_genus	B7790																				no_hit	
d0e593254d92b48a8414	NCPPB 3191	other_references	expected_genus	BM12																				no_hit	
c4fb044c1a3f2e84a3f9	NCPPB 3192	other_references	expected_genus	B7791																				no_hit	
96d0efcbeca4abee9a8f	NCPPB 3194	other_references	expected_genus	B7797																				no_hit	
32942874e5870b4d057e	NCPPB 3200	other_references	expected_genus	B8059																				no_hit	
8555d5e84dc0b2d73edc	NCPPB 3204	other_references	expected_genus	B8327																				no_hit	
5a5f447aed358b07c125	NCPPB 3207	other_references	expected_genus	B8511																				no_hit	
f7d5a57a1f1a58c42fec	NCPPB 3212	other_references	expected_genus	B 8597																				no_hit	
de4a4580f3d6765b45eb	NCPPB 3213	other_references	expected_genus	B 8600																				no_hit	
a777ecd8d448b4ce46e7	NCPPB 3215	other_references	expected_genus	B8613																				no_hit	
2bc5fa9e705fe6045cdc	NCPPB 3218	other_references	expected_genus	B8718																				no_hit	
c32fc66201fe0bacbd96	NCPPB 3229	other_references	expected_genus	Xg 719																				no_hit	
bb7572f3d9165687abf6	NCPPB 3231	other_references	expected_genus	Xg 729																				no_hit	
ae7fdb14090d255e1acb	NCPPB 3232	other_references	expected_genus	XC59																				no_hit	
ca6cec9b5115d8445907	NCPPB 3233	other_references	expected_genus	XC70																				no_hit	
4284286709bfb0162cb5	NCPPB 3233	other_references	expected_genus	IBSF 512																				no_hit	
22db56d5883117134f56	NCPPB 3234	other_references	expected_genus	XC62	37783680	SAMEA114332007	Xanthomonas citri pv. citri	611301	Xanthomonas citri pv. citri PD 6311, XC 62		PD 6311, XC 62			PD 6311, XC 62		BioSample: SAMEA114332007; SRA: ERS16321113	Citrus sp.		1978	Citrus sp.	"{""ENA-CHECKLIST"":[""ERC000028""],""INSDC center name"":[""NVWA""],""Submitter Id"":[""PD 6311, XC 62""],""collection date"":[""1978""],""geographic location (country and/or sea)"":[""Japan""],""host health state"":[""not provided""],""host scientific name"":[""Citrus sp.""],""isolate"":[""PD 6311, XC 62""],""isolation_source"":[""Citrus sp.""],""pathovar"":[""citri""],""sample name"":[""PD 6311, XC 62""],""scientific_name"":[""Xanthomonas citri pv. citri""]}"	.cache/ncbi/v2_1/efetch_3a239b2df6180270b1a8e23c97c382a5dade709fc6159aae5c28bbc7c265d089.xml	https://www.ncbi.nlm.nih.gov/biosample/SAMEA114332007	ok	
4f5b497e71da98ff83e9	NCPPB 3234	other_references	expected_genus	6501S																				no_hit	
e825f8dcff65f847fedd	NCPPB 3235	other_references	expected_genus	XC63																				no_hit	
c89e116088947faf383c	NCPPB 3236	other_references	expected_genus	XC64																				no_hit	
009bd9b6566dae94002c	NCPPB 3237	other_references	expected_genus	XC69	37784079	SAMEA114332008	Xanthomonas citri pv. aurantifolii	76802	Xanthomonas citri pv. aurantifolii PD 6312, XC 69		PD 6312, XC 69			PD 6312, XC 69		BioSample: SAMEA114332008; SRA: ERS16321114	Citrus sp.		1979	Citrus sp.	"{""ENA-CHECKLIST"":[""ERC000028""],""INSDC center name"":[""NVWA""],""Submitter Id"":[""PD 6312, XC 69""],""collection date"":[""1979""],""geographic location (country and/or sea)"":[""Argentina""],""host health state"":[""not provided""],""host scientific name"":[""Citrus sp.""],""isolate"":[""PD 6312, XC 69""],""isolation_source"":[""Citrus sp.""],""pathovar"":[""aurantifolii""],""sample name"":[""PD 6312, XC 69""],""scientific_name"":[""Xanthomonas citri pv. aurantifolii""]}"	.cache/ncbi/v2_1/efetch_3a239b2df6180270b1a8e23c97c382a5dade709fc6159aae5c28bbc7c265d089.xml	https://www.ncbi.nlm.nih.gov/biosample/SAMEA114332008	ok	
009bd9b6566dae94002c	NCPPB 3237	other_references	expected_genus	XC69	23026106	SAMN23026106	Xanthomonas hortorum pv. gardneri	2754056	Microbe sample from Xanthomonas hortorum pv. gardneri	Xc 69						BioSample: SAMN23026106; BAC927b; SRA: SRS11062546	Prunus	missing	missing		"{""collected_by"":[""Diane Cuppels""],""collection_date"":[""missing""],""geo_loc_name"":[""missing""],""host"":[""Prunus""],""identified_by"":[""J. Tambong""],""pathovar"":[""gardneri""],""sample_type"":[""single cell""],""strain"":[""Xc 69""]}"	.cache/ncbi/v2_1/efetch_37d8944caa924bec9d37b885aef8093954bac3495e037f63b1aeb634992f5a21.xml	https://www.ncbi.nlm.nih.gov/biosample/SAMN23026106	ok	
ed34167c41406ded80ca	NCPPB 3241	other_references	expected_genus	67-2a																				no_hit	
f8ebf8b1d906df0d5bf2	NCPPB 3301	other_references	expected_genus	PX061																				no_hit	
0427cdf0f8817f620c2d	NCPPB 3303	other_references	expected_genus	PX079																				no_hit	
836de6e4918d03a6e3f1	NCPPB 3304	other_references	expected_genus	PXO86	6237132	SAMN06237132	Xanthomonas oryzae pv. oryzae	64187	Microbe sample from Xanthomonas oryzae pv. oryzae	PXO 86						BioSample: SAMN06237132; P2; SRA: SRS2220475	Oryza sativa	Philippines: IRRI	1977		"{""collection_date"":[""1977""],""geo_loc_name"":[""Philippines: IRRI""],""host"":[""Oryza sativa""],""pathovar"":[""oryzae""],""sample_type"":[""Bacterial cell""],""strain"":[""PXO 86""]}"	.cache/ncbi/v2_1/efetch_3f582a594609bb470f3151d75429d96009724f647e7971ebfba655eb732c664f.xml	https://www.ncbi.nlm.nih.gov/biosample/SAMN06237132	ok	
cfeedf573ff43f3acb5d	NCPPB 3329	other_references	expected_genus	A2087B																				no_hit	
5e63a15504eed18b8e0f	NCPPB 3330	other_references	expected_genus	A2087C																				no_hit	
843feee37d10bbbc645f	NCPPB 3361	other_references	expected_genus	OS-901																				no_hit	
74bde4ce69e15d24b0a4	NCPPB 3363	other_references	expected_genus	OS-14																				no_hit	
d19740d0dcedae26cd3d	NCPPB 3380	other_references	expected_genus	A2192																				no_hit	
197718f26c9d9cef483e	NCPPB 3381	other_references	expected_genus	A2222																				no_hit	
7c4a9003eb71d3126798	NCPPB 3382	other_references	expected_genus	A2184																				no_hit	
348b9227b192569beab2	NCPPB 3442	other_references	expected_genus	ENA 3123	42161516	SAMN42161516	Xanthomonas sp. NCPPB 3442	3698924	Genome sequencing of Xanthomonas sp. NCPPB 3442	NCPPB 3442		NCPPB:3442	J.R. Neto			BioSample: SAMN42161516; 3442; SRA: SRS21840235	Cordia goeldiana	Brazil	1982		"{""biomaterial_provider"":[""J.R. Neto""],""collected_by"":[""ex C.F. Robbs ENA 3123""],""collection_date"":[""1982""],""culture_collection"":[""NCPPB:3442""],""geo_loc_name"":[""Brazil""],""host"":[""Cordia goeldiana""],""sample_type"":[""Cell culture""],""strain"":[""NCPPB 3442""]}"	.cache/ncbi/v2_1/efetch_8ec2141c87acd40792a90a4e277782ac1e620c234591cd9898396a29132fc936.xml	https://www.ncbi.nlm.nih.gov/biosample/SAMN42161516	ok	
b5bcebec20e415aa5fd0	NCPPB 3443	other_references	expected_genus	ENA 3045	42161485	SAMN42161485	Xanthomonas sp. NCPPB 3443	3243407	Genome sequencing of Xanthomonas sp. NCPPB 3443	NCPPB 3443		NCPPB:3443	J.R. Neto			BioSample: SAMN42161485; 3443; SRA: SRS21840211	Cordia goeldiana	Brazil	1981		"{""biomaterial_provider"":[""J.R. Neto""],""collected_by"":[""ex C.F. Robbs ENA 3045""],""collection_date"":[""1981""],""culture_collection"":[""NCPPB:3443""],""geo_loc_name"":[""Brazil""],""host"":[""Cordia goeldiana""],""sample_type"":[""Cell culture""],""strain"":[""NCPPB 3443""]}"	.cache/ncbi/v2_1/efetch_94bc73f4953fbbd6003a6f71ebdfb4c8230335def592901b6432b2f2b09cab5b.xml	https://www.ncbi.nlm.nih.gov/biosample/SAMN42161485	ok	
6a720ba87e33558778c8	NCPPB 3456	other_references	expected_genus	M192																				no_hit	
bd8cc5b9bf2140f15ba9	NCPPB 3479	other_references	expected_genus	PNG11779																				no_hit	
f07aee16b16ee0c2aaee	NCPPB 3562	other_references	expected_genus	IIH-Xcc5																				no_hit	
22b36dde4b3593b2de63	NCPPB 3563	other_references	expected_genus	IIH-Xcp1																				no_hit	
25497123ab4754ba08bc	NCPPB 3573	other_references	expected_genus	X2G2	15694804	SAMEA5815212	Xanthomonas fragariae	48664	Sample 2	IPO 3485				E-MTAB-8189:Sample 2		BioSample: SAMEA5815212; SRA: ERS3603809					"{""ENA-CHECKLIST"":[""ERC000011""],""ENA-FIRST-PUBLIC"":[""2020-07-31T04:03:45Z""],""ENA-LAST-UPDATE"":[""2019-07-24T15:17:17Z""],""External Id"":[""SAMEA5815212""],""INSDC center name"":[""Research Institute of Horticulture,""],""INSDC first public"":[""2020-07-31T04:03:45Z""],""INSDC last update"":[""2019-07-24T15:17:17Z""],""INSDC status"":[""public""],""Submitter Id"":[""E-MTAB-8189:Sample 2""],""broker name"":[""ArrayExpress""],""genotype"":[""wild type genotype""],""growth condition"":[""in vitro""],""sample name"":[""E-MTAB-8189:Sample 2""],""scientific_name"":[""Xanthomonas fragariae""],""strain"":[""IPO 3485""]}"	.cache/ncbi/v2_1/efetch_5436aa06399483d326b3bb35b35449299ae8390c479f935bb1cdc706a2106a2a.xml	https://www.ncbi.nlm.nih.gov/biosample/SAMEA5815212	ok	
25497123ab4754ba08bc	NCPPB 3573	other_references	expected_genus	X2G2	15694803	SAMEA5815211	Xanthomonas fragariae	48664	Sample 1	IPO 3485				E-MTAB-8189:Sample 1		BioSample: SAMEA5815211; SRA: ERS3603808					"{""ENA-CHECKLIST"":[""ERC000011""],""ENA-FIRST-PUBLIC"":[""2020-07-31T04:03:45Z""],""ENA-LAST-UPDATE"":[""2019-07-24T15:17:17Z""],""External Id"":[""SAMEA5815211""],""INSDC center name"":[""Research Institute of Horticulture,""],""INSDC first public"":[""2020-07-31T04:03:45Z""],""INSDC last update"":[""2019-07-24T15:17:17Z""],""INSDC status"":[""public""],""Submitter Id"":[""E-MTAB-8189:Sample 1""],""broker name"":[""ArrayExpress""],""genotype"":[""wild type genotype""],""growth condition"":[""in vitro""],""sample name"":[""E-MTAB-8189:Sample 1""],""scientific_name"":[""Xanthomonas fragariae""],""strain"":[""IPO 3485""]}"	.cache/ncbi/v2_1/efetch_5436aa06399483d326b3bb35b35449299ae8390c479f935bb1cdc706a2106a2a.xml	https://www.ncbi.nlm.nih.gov/biosample/SAMEA5815211	ok	
6071c706ee37082c05b6	NCPPB 3582	other_references	expected_genus	X144																				no_hit	
9009d0f2f98e3005149e	NCPPB 3583	other_references	expected_genus	X 154	42161489	SAMN42161489	Xanthomonas sp. NCPPB 3583	487558	Genome sequencing of Xanthomonas sp. NCPPB 3583	NCPPB 3583		NCPPB:3583				BioSample: SAMN42161489; 3583; SRA: SRS21840236	Strelitzia reginae	USA	Not collected		"{""Tax ID"":[""487558""],""collected_by"":[""A R. Chase X 154""],""collection_date"":[""Not collected""],""culture_collection"":[""NCPPB:3583""],""geo_loc_name"":[""USA""],""host"":[""Strelitzia reginae""],""sample_type"":[""Cell culture""],""strain"":[""NCPPB 3583""]}"	.cache/ncbi/v2_1/efetch_94bc73f4953fbbd6003a6f71ebdfb4c8230335def592901b6432b2f2b09cab5b.xml	https://www.ncbi.nlm.nih.gov/biosample/SAMN42161489	ok	
a4fd72991763ba026bc5	NCPPB 3586	other_references	expected_genus	L-212																				no_hit	
900fb886865c27eb8ba5	NCPPB 3587	other_references	expected_genus	LX105																				no_hit	
7b17906c6f311d5b2c98	NCPPB 3592	other_references	expected_genus	A4102a																				no_hit	
7eb3a59d18601b51c267	NCPPB 3592	other_references	expected_genus	2132A																				no_hit	
13578a6370602fe2ac65	NCPPB 3593	other_references	expected_genus	A4102b																				no_hit	
936fb9769ed81a416f2e	NCPPB 3593	other_references	expected_genus	2132B																				no_hit	
124af521bead122c5212	NCPPB 3595	other_references	expected_genus	XCP1	30096794	SAMN30096794	Xanthomonas citri pv. punicae	487838	Microbe sample from Xanthomonas citri pv. punicae	Xcp-1						BioSample: SAMN30096794; Xancp01_Dvg; SRA: SRS26196791		India:Davangere	2020-05-15	pomegranate	"{""collection_date"":[""2020-05-15""],""env_broad_scale"":[""Deccan Plateau""],""env_local_scale"":[""Plain land""],""env_medium"":[""Bacterial sample | fruit_isolated""],""geo_loc_name"":[""India:Davangere""],""isolation_source"":[""pomegranate""],""lat_lon"":[""14.33 N 75.99 E""],""pathovar"":[""punicae""],""sample_type"":[""pure culture""],""strain"":[""Xcp-1""]}"	.cache/ncbi/v2_1/efetch_45a5e49e2e7d932eb0583eea59f97e8c82ea5ce0447f75ff8ca54f1efae61e77.xml	https://www.ncbi.nlm.nih.gov/biosample/SAMN30096794	ok	
aa6b9a416984071c84e3	NCPPB 3596	other_references	expected_genus	11HXCM1																				no_hit	
41d8e21e8f4fca978750	NCPPB 3608	other_references	expected_genus	IIHXCC2																				no_hit	
acf50f017e83792a00f6	NCPPB 3609	other_references	expected_genus	IIHXCC4																				no_hit	
6142867f94491d8dd6eb	NCPPB 3612	other_references	expected_genus	IIH XCC7																				no_hit	
0844ba9027772f85a4d4	NCPPB 3614	other_references	expected_genus	11H XCVe1																				no_hit	
129202032e8103cc25e3	NCPPB 3615	other_references	expected_genus	11H XCC3																				no_hit	
fc43352ef560edab7017	NCPPB 3638	other_references	expected_genus	RCIIHXCP1																				no_hit	
560b8b32903863c89bb1	NCPPB 3639	other_references	expected_genus	RCIIHXCP2																				no_hit	
6c232357e141e02102c2	NCPPB 3640	other_references	expected_genus	XCP3	30096796	SAMN30096796	Xanthomonas citri pv. punicae	487838	Microbe sample from Xanthomonas citri pv. punicae	Xcp-3						BioSample: SAMN30096796; Xancp03_Delhi1; SRA: SRS26196793		India:New Delhi	2020-07-05	pomegranate	"{""collection_date"":[""2020-07-05""],""env_broad_scale"":[""Indo-Gangetic Plain""],""env_local_scale"":[""Plain land""],""env_medium"":[""Bacterial sample | fruit_isolated""],""geo_loc_name"":[""India:New Delhi""],""isolation_source"":[""pomegranate""],""lat_lon"":[""28.61 N 77.20 E""],""pathovar"":[""punicae""],""sample_type"":[""pure culture""],""strain"":[""Xcp-3""]}"	.cache/ncbi/v2_1/efetch_45a5e49e2e7d932eb0583eea59f97e8c82ea5ce0447f75ff8ca54f1efae61e77.xml	https://www.ncbi.nlm.nih.gov/biosample/SAMN30096796	ok	
bf94e8bbc3a16fbef06c	NCPPB 3641	other_references	expected_genus	XCP4	30096797	SAMN30096797	Xanthomonas citri pv. punicae	487838	Microbe sample from Xanthomonas citri pv. punicae	Xcp-4						BioSample: SAMN30096797; Xancp04_Delhi2; SRA: SRS26196794		India:New Delhi	2020-07-05	pomegranate	"{""collection_date"":[""2020-07-05""],""env_broad_scale"":[""Indo-Gangetic Plain""],""env_local_scale"":[""Plain land""],""env_medium"":[""Bacterial sample | fruit_isolated""],""geo_loc_name"":[""India:New Delhi""],""isolation_source"":[""pomegranate""],""lat_lon"":[""28.61 N 77.20 E""],""pathovar"":[""punicae""],""sample_type"":[""pure culture""],""strain"":[""Xcp-4""]}"	.cache/ncbi/v2_1/efetch_45a5e49e2e7d932eb0583eea59f97e8c82ea5ce0447f75ff8ca54f1efae61e77.xml	https://www.ncbi.nlm.nih.gov/biosample/SAMN30096797	ok	
775c37b98347e571997f	NCPPB 3642	other_references	expected_genus	IIHXCg3																				no_hit	
1fd263694d50ce50f84f	NCPPB 3646	other_references	expected_genus	ISBF 272																				no_hit	
8db843e7ec1c186ac665	NCPPB 3646	other_references	expected_genus	CIAT 1164																				no_hit	
692464c1854258049a59	NCPPB 3647	other_references	expected_genus	ISBF 273																				no_hit	
b37f470ca098ca485fef	NCPPB 3647	other_references	expected_genus	CIAT 1195																				no_hit	
de61f73de8026496fb68	NCPPB 3651	other_references	expected_genus	ISBF 366																				no_hit	
9a6c780abf5a416d8d77	NCPPB 3651	other_references	expected_genus	UnB-45																				no_hit	
39dde9d63ba735d880aa	NCPPB 3652	other_references	expected_genus	ISBF 367																				no_hit	
685a08975cadb37e0398	NCPPB 3652	other_references	expected_genus	UnB-47																				no_hit	
4f6a49760b4dbbd7c950	NCPPB 3653	other_references	expected_genus	ISBF 353																				no_hit	
2599c824ba25f3c8ad2c	NCPPB 3654	other_references	expected_genus	ISBF 380																				no_hit	
3f40d846a4218444e83f	NCPPB 3655	other_references	expected_genus	ISBF 381																				no_hit	
a8aeaa4147d0adf57a90	NCPPB 3656	other_references	expected_genus	ISBF 255																				no_hit	
682bb9767c7a2fd25172	NCPPB 3656	other_references	expected_genus	CIA 2836																				no_hit	
873e9689a905fa9c5ff6	NCPPB 3657	other_references	expected_genus	ISBF 269																				no_hit	
5bc0addcc7bde98ec1c9	NCPPB 3658	other_references	expected_genus	ISBF 327																				no_hit	
0f5078868802ba75dbf6	NCPPB 3659	other_references	expected_genus	ISBF 333																				no_hit	
3dd331c0b80c1a55b814	NCPPB 3660	other_references	expected_genus	ISBF 253																				no_hit	
c918e720c8383f77b068	NCPPB 3661	other_references	expected_genus	ISBF 443																				no_hit	
70de9b594b3509e0feec	NCPPB 3662	other_references	expected_genus	ISBF 159																				no_hit	
e918c0a2cf3a95e1a6c7	NCPPB 3663	other_references	expected_genus	ISBF 473																				no_hit	
19292f6a8971bf6d7c1e	NCPPB 3753	other_references	expected_genus	XCN 8201																				no_hit	
56bbe132e96d281083c4	NCPPB 3754	other_references	expected_genus	XCN 8203																				no_hit	
1aa07a59ee82e155d5f7	NCPPB 3797	other_references	expected_genus	A5125/																				no_hit	
4c2a479ad2af2b716448	NCPPB 3799	other_references	expected_genus	A5128/1																				no_hit	
0be21727436555472f04	NCPPB 3832	other_references	expected_genus	A6340																				no_hit	
f321862f5e6ac924997b	NCPPB 3880	other_references	expected_genus	A5922																				no_hit	
97bb5303073063359a84	NCPPB 3886	other_references	expected_genus	RC2A																				no_hit	
47632258a123fcecd01c	NCPPB 3887	other_references	expected_genus	RC2B																				no_hit	
892a3e2d77e55491afca	NCPPB 3888	other_references	expected_genus	RC4B																				no_hit	
b836a1155c603479c37b	NCPPB 3890	other_references	expected_genus	A6220																				no_hit	
823c9251cef91b8c1f84	NCPPB 3931	other_references	expected_genus	A6520/1																				no_hit	
bdc2ebd2cc46b8d8c52e	NCPPB 3932	other_references	expected_genus	A5420/2																				no_hit	
f8e00641dcc0fd358203	NCPPB 4031	other_references	expected_genus	972200																				no_hit	
7c21f4658b79cd2a8bdf	NCPPB 4031	other_references	expected_genus	ADAS 97001669																				no_hit	
fcf9a7983ce2cd915d1c	NCPPB 4032	other_references	expected_genus	972270																				no_hit	
fcf4b95adbe4293cd3f8	NCPPB 4033	other_references	expected_genus	700a																				no_hit	
73e1e758731010f65e51	NCPPB 4034	other_references	expected_genus	701a																				no_hit	
02d1d0ab3f1a91b6b810	NCPPB 4037	other_references	expected_genus	981703																				no_hit	
a76deea34eff180dab9c	NCPPB 4058	other_references	expected_genus	985855																				no_hit	
853136e1902658231e6c	NCPPB 4183	other_references	expected_genus	PD2806																				no_hit	
3caa1a1f612559d45931	NCPPB 4231	other_references	expected_genus	2011627																				no_hit	
e2b42bdf8b62bfc731dc	NCPPB 4232	other_references	expected_genus	2011626																				no_hit	
41750f99d7856dfc9a99	NCPPB 4321	other_references	expected_genus	XV938																				no_hit	
9d309caa8eb36a2b1cb0	NCPPB 4322	other_references	expected_genus	XV1220	23026091	SAMN23026091	Xanthomonas perforans	442694	Microbe sample from Xanthomonas perforans	Xv 1220						BioSample: SAMN23026091; BAC905b; SRA: SRS11062528	tomato	Mexico	missing		"{""collected_by"":[""Diane Cuppels""],""collection_date"":[""missing""],""geo_loc_name"":[""Mexico""],""host"":[""tomato""],""identified_by"":[""J. Tambong""],""sample_type"":[""single cell""],""strain"":[""Xv 1220""]}"	.cache/ncbi/v2_1/efetch_37d8944caa924bec9d37b885aef8093954bac3495e037f63b1aeb634992f5a21.xml	https://www.ncbi.nlm.nih.gov/biosample/SAMN23026091	ok	
45b76b81369694982cb2	NCPPB 4323	other_references	expected_genus	XV444																				no_hit	
c8c312a15feb2f0957f4	NCPPB 4324	other_references	expected_genus	XV448																				no_hit	
7a6c8ac2092099a605c1	NCPPB 4326	other_references	expected_genus	Xcz A5																				no_hit	
6c8affdb6aefff64a9a1	NCPPB 4340	other_references	expected_genus	UN-20506424																				no_hit	
ba9077898f2998a3440a	NCPPB 4341	other_references	expected_genus	VdM4																				no_hit	
10888b5c8eff684c0035	NCPPB 4342	other_references	expected_genus	Dsk 129																				no_hit	
3d08a7c7d71a7191b92d	NCPPB 4343	other_references	expected_genus	1601-1																				no_hit	
38d1c366d695c487c90f	NCPPB 4344	other_references	expected_genus	03-29991																				no_hit	
d55f2352f170985c0770	NCPPB 4350	other_references	expected_genus	X259 (87-56A)																				no_hit	
d7408b60382a176f553e	NCPPB 4373	other_references	expected_genus	1472	17386788	SAMN17386788	Xanthomonas campestris	339	MIGS Cultured Bacterial/Archaeal sample from Xanthomonas campestris	X79						BioSample: SAMN17386788; X79; SRA: SRS9061533	Brassica oleracea var. botrytis	Australia: New South Wales, Castlereagh	2002		"{""collection_date"":[""2002""],""env_broad_scale"":[""not applicable""],""env_local_scale"":[""not applicable""],""env_medium"":[""not applicable""],""geo_loc_name"":[""Australia: New South Wales, Castlereagh""],""host"":[""Brassica oleracea var. botrytis""],""isol_growth_condt"":[""https://doi.org/10.1111/j.1472-765X.2006.01887.x""],""lat_lon"":[""missing""],""num_replicons"":[""2""],""pathovar"":[""campestris""],""ref_biomaterial"":[""https://doi.org/10.1111/j.1365-3059.2005.01186.x""],""strain"":[""X79""]}"	.cache/ncbi/v2_1/efetch_cbe376b0c133682caa7daeaad578e491957f7de946720278e1c8d38e13a3b4b6.xml	https://www.ncbi.nlm.nih.gov/biosample/SAMN17386788	ok	
d7408b60382a176f553e	NCPPB 4373	other_references	expected_genus	1472	17386787	SAMN17386787	Xanthomonas campestris	339	MIGS Cultured Bacterial/Archaeal sample from Xanthomonas campestris	X101						BioSample: SAMN17386787; X101; SRA: SRS9061460	Brassica oleracea var. gemmifera	Australia: New South Wales, Campbelltown	2003		"{""collection_date"":[""2003""],""env_broad_scale"":[""not applicable""],""env_local_scale"":[""not applicable""],""env_medium"":[""not applicable""],""geo_loc_name"":[""Australia: New South Wales, Campbelltown""],""host"":[""Brassica oleracea var. gemmifera""],""isol_growth_condt"":[""https://doi.org/10.1111/j.1472-765X.2006.01887.x""],""lat_lon"":[""missing""],""num_replicons"":[""2""],""pathovar"":[""campestris""],""ref_biomaterial"":[""https://doi.org/10.1111/j.1365-3059.2005.01186.x""],""strain"":[""X101""]}"	.cache/ncbi/v2_1/efetch_cbe376b0c133682caa7daeaad578e491957f7de946720278e1c8d38e13a3b4b6.xml	https://www.ncbi.nlm.nih.gov/biosample/SAMN17386787	ok	
d7408b60382a176f553e	NCPPB 4373	other_references	expected_genus	1472	17386786	SAMN17386786	Xanthomonas campestris	339	MIGS Cultured Bacterial/Archaeal sample from Xanthomonas campestris	PHDS-12-754					DAM-4343	BioSample: SAMN17386786; PHDS-12-754; SRA: SRS9061459	Brassica oleracea var. sabellica	Australia: New South Wales, Yetholme	2012		"{""collection_date"":[""2012""],""env_broad_scale"":[""not applicable""],""env_local_scale"":[""not applicable""],""env_medium"":[""not applicable""],""geo_loc_name"":[""Australia: New South Wales, Yetholme""],""host"":[""Brassica oleracea var. sabellica""],""isol_growth_condt"":[""https://doi.org/10.1111/j.1472-765X.2006.01887.x""],""isolate_name_alias"":[""DAM-4343""],""lat_lon"":[""missing""],""num_replicons"":[""1""],""pathovar"":[""campestris""],""ref_biomaterial"":[""missing""],""strain"":[""PHDS-12-754""]}"	.cache/ncbi/v2_1/efetch_cbe376b0c133682caa7daeaad578e491957f7de946720278e1c8d38e13a3b4b6.xml	https://www.ncbi.nlm.nih.gov/biosample/SAMN17386786	ok	
d7408b60382a176f553e	NCPPB 4373	other_references	expected_genus	1472	17386785	SAMN17386785	Xanthomonas campestris	339	MIGS Cultured Bacterial/Archaeal sample from Xanthomonas campestris	PHDS-10-309					DAM-4243	BioSample: SAMN17386785; PHDS-10-309; SRA: SRS9061532	Brassica oleracea var. botrytis	Australia: New South Wales, Bringelly	2010		"{""collection_date"":[""2010""],""env_broad_scale"":[""not applicable""],""env_local_scale"":[""not applicable""],""env_medium"":[""not applicable""],""geo_loc_name"":[""Australia: New South Wales, Bringelly""],""host"":[""Brassica oleracea var. botrytis""],""isol_growth_condt"":[""https://doi.org/10.1111/j.1472-765X.2006.01887.x""],""isolate_name_alias"":[""DAM-4243""],""lat_lon"":[""missing""],""num_replicons"":[""1""],""pathovar"":[""campestris""],""ref_biomaterial"":[""missing""],""strain"":[""PHDS-10-309""]}"	.cache/ncbi/v2_1/efetch_cbe376b0c133682caa7daeaad578e491957f7de946720278e1c8d38e13a3b4b6.xml	https://www.ncbi.nlm.nih.gov/biosample/SAMN17386785	ok	
d7408b60382a176f553e	NCPPB 4373	other_references	expected_genus	1472	17386784	SAMN17386784	Xanthomonas campestris	339	MIGS Cultured Bacterial/Archaeal sample from Xanthomonas campestris	PHDS-04-205a					X250	BioSample: SAMN17386784; PHDS-04-205a; SRA: SRS9061458	Brassica oleracea var. botrytis	Australia: New South Wales, Cobbity	2004		"{""collection_date"":[""2004""],""env_broad_scale"":[""not applicable""],""env_local_scale"":[""not applicable""],""env_medium"":[""not applicable""],""geo_loc_name"":[""Australia: New South Wales, Cobbity""],""host"":[""Brassica oleracea var. botrytis""],""isol_growth_condt"":[""https://doi.org/10.1111/j.1472-765X.2006.01887.x""],""isolate_name_alias"":[""X250""],""lat_lon"":[""missing""],""num_replicons"":[""1""],""pathovar"":[""campestris""],""ref_biomaterial"":[""https://doi.org/10.1111/j.1365-3059.2005.01186.x""],""strain"":[""PHDS-04-205a""]}"	.cache/ncbi/v2_1/efetch_cbe376b0c133682caa7daeaad578e491957f7de946720278e1c8d38e13a3b4b6.xml	https://www.ncbi.nlm.nih.gov/biosample/SAMN17386784	ok	
d7408b60382a176f553e	NCPPB 4373	other_references	expected_genus	1472	17386783	SAMN17386783	Xanthomonas campestris	339	MIGS Cultured Bacterial/Archaeal sample from Xanthomonas campestris	PHDS-04-107					X219	BioSample: SAMN17386783; PHDS-04-107; SRA: SRS9061457	Brassica rapa	Australia: New South Wales, Leppington	2004	leaf	"{""collection_date"":[""2004""],""env_broad_scale"":[""not applicable""],""env_local_scale"":[""not applicable""],""env_medium"":[""not applicable""],""geo_loc_name"":[""Australia: New South Wales, Leppington""],""host"":[""Brassica rapa""],""isol_growth_condt"":[""https://doi.org/10.1111/j.1472-765X.2006.01887.x""],""isolate_name_alias"":[""X219""],""isolation_source"":[""leaf""],""lat_lon"":[""missing""],""num_replicons"":[""2""],""pathovar"":[""campestris""],""ref_biomaterial"":[""https://doi.org/10.1111/j.1472-765X.2006.01887.x""],""strain"":[""PHDS-04-107""]}"	.cache/ncbi/v2_1/efetch_cbe376b0c133682caa7daeaad578e491957f7de946720278e1c8d38e13a3b4b6.xml	https://www.ncbi.nlm.nih.gov/biosample/SAMN17386783	ok	
d7408b60382a176f553e	NCPPB 4373	other_references	expected_genus	1472	17386782	SAMN17386782	Xanthomonas campestris	339	MIGS Cultured Bacterial/Archaeal sample from Xanthomonas campestris	PHDS-03-659					X118	BioSample: SAMN17386782; PHDS-03-659; SRA: SRS9061535	Brassica oleracea var. botrytis	Australia: Tasmania	2003		"{""collection_date"":[""2003""],""env_broad_scale"":[""not applicable""],""env_local_scale"":[""not applicable""],""env_medium"":[""not applicable""],""geo_loc_name"":[""Australia: Tasmania""],""host"":[""Brassica oleracea var. botrytis""],""isol_growth_condt"":[""https://doi.org/10.1111/j.1472-765X.2006.01887.x""],""isolate_name_alias"":[""X118""],""lat_lon"":[""missing""],""num_replicons"":[""1""],""pathovar"":[""campestris""],""ref_biomaterial"":[""https://doi.org/10.1111/j.1365-3059.2005.01186.x""],""strain"":[""PHDS-03-659""]}"	.cache/ncbi/v2_1/efetch_cbe376b0c133682caa7daeaad578e491957f7de946720278e1c8d38e13a3b4b6.xml	https://www.ncbi.nlm.nih.gov/biosample/SAMN17386782	ok	
d7408b60382a176f553e	NCPPB 4373	other_references	expected_genus	1472	17386781	SAMN17386781	Xanthomonas campestris	339	MIGS Cultured Bacterial/Archaeal sample from Xanthomonas campestris	PHDS-03-111					X83	BioSample: SAMN17386781; PHDS-03-111; SRA: SRS9061534	Brassica oleracea var. italica	Australia: New South Wales, Leppington	2003		"{""collection_date"":[""2003""],""env_broad_scale"":[""not applicable""],""env_local_scale"":[""not applicable""],""env_medium"":[""not applicable""],""geo_loc_name"":[""Australia: New South Wales, Leppington""],""host"":[""Brassica oleracea var. italica""],""isol_growth_condt"":[""https://doi.org/10.1111/j.1472-765X.2006.01887.x""],""isolate_name_alias"":[""X83""],""lat_lon"":[""missing""],""num_replicons"":[""2""],""pathovar"":[""campestris""],""ref_biomaterial"":[""https://doi.org/10.1111/j.1365-3059.2005.01186.x""],""strain"":[""PHDS-03-111""]}"	.cache/ncbi/v2_1/efetch_cbe376b0c133682caa7daeaad578e491957f7de946720278e1c8d38e13a3b4b6.xml	https://www.ncbi.nlm.nih.gov/biosample/SAMN17386781	ok	
d7408b60382a176f553e	NCPPB 4373	other_references	expected_genus	1472	17386780	SAMN17386780	Xanthomonas campestris	339	MIGS Cultured Bacterial/Archaeal sample from Xanthomonas campestris	DAR-82800						BioSample: SAMN17386780; DAR-82800; SRA: SRS9061360	Brassica oleracea var. capitata	Australia: Queensland, Stanthorpe	1985-12-13		"{""collection_date"":[""1985-12-13""],""env_broad_scale"":[""not applicable""],""env_local_scale"":[""not applicable""],""env_medium"":[""not applicable""],""geo_loc_name"":[""Australia: Queensland, Stanthorpe""],""host"":[""Brassica oleracea var. capitata""],""host_disease"":[""black rot""],""isol_growth_condt"":[""https://doi.org/10.1111/j.1472-765X.2006.01887.x""],""lat_lon"":[""missing""],""num_replicons"":[""1""],""pathovar"":[""campestris""],""ref_biomaterial"":[""missing""],""strain"":[""DAR-82800""]}"	.cache/ncbi/v2_1/efetch_cbe376b0c133682caa7daeaad578e491957f7de946720278e1c8d38e13a3b4b6.xml	https://www.ncbi.nlm.nih.gov/biosample/SAMN17386780	ok	
d7408b60382a176f553e	NCPPB 4373	other_references	expected_genus	1472	17386779	SAMN17386779	Xanthomonas campestris	339	MIGS Cultured Bacterial/Archaeal sample from Xanthomonas campestris	DAR-82729						BioSample: SAMN17386779; DAR-82729; SRA: SRS9061538	Brassica sp.	Australia: Queensland, Toowoomba	1977-04-04	leaf	"{""collection_date"":[""1977-04-04""],""env_broad_scale"":[""not applicable""],""env_local_scale"":[""not applicable""],""env_medium"":[""not applicable""],""geo_loc_name"":[""Australia: Queensland, Toowoomba""],""host"":[""Brassica sp.""],""host_disease"":[""spot""],""isol_growth_condt"":[""https://doi.org/10.1111/j.1472-765X.2006.01887.x""],""isolation_source"":[""leaf""],""lat_lon"":[""missing""],""num_replicons"":[""1""],""pathovar"":[""raphani""],""ref_biomaterial"":[""missing""],""strain"":[""DAR-82729""]}"	.cache/ncbi/v2_1/efetch_cbe376b0c133682caa7daeaad578e491957f7de946720278e1c8d38e13a3b4b6.xml	https://www.ncbi.nlm.nih.gov/biosample/SAMN17386779	ok	
d7408b60382a176f553e	NCPPB 4373	other_references	expected_genus	1472	17386778	SAMN17386778	Xanthomonas campestris	339	MIGS Cultured Bacterial/Archaeal sample from Xanthomonas campestris	DAR-82646						BioSample: SAMN17386778; DAR-82646; SRA: SRS9061537	missing	Australia: Queensland, Cleveland	1975-05-19	leaf	"{""collection_date"":[""1975-05-19""],""env_broad_scale"":[""not applicable""],""env_local_scale"":[""not applicable""],""env_medium"":[""not applicable""],""geo_loc_name"":[""Australia: Queensland, Cleveland""],""host"":[""missing""],""host_disease"":[""spot""],""isol_growth_condt"":[""https://doi.org/10.1111/j.1472-765X.2006.01887.x""],""isolation_source"":[""leaf""],""lat_lon"":[""missing""],""num_replicons"":[""2""],""pathovar"":[""campestris""],""ref_biomaterial"":[""missing""],""strain"":[""DAR-82646""]}"	.cache/ncbi/v2_1/efetch_cbe376b0c133682caa7daeaad578e491957f7de946720278e1c8d38e13a3b4b6.xml	https://www.ncbi.nlm.nih.gov/biosample/SAMN17386778	ok	
d7408b60382a176f553e	NCPPB 4373	other_references	expected_genus	1472	17386777	SAMN17386777	Xanthomonas campestris	339	MIGS Cultured Bacterial/Archaeal sample from Xanthomonas campestris	DAR-82634						BioSample: SAMN17386777; DAR-82634; SRA: SRS9061510	Brassica oleracea var. botrytis	Australia: Queensland, Redland Bay	1976-05-06		"{""collection_date"":[""1976-05-06""],""env_broad_scale"":[""not applicable""],""env_local_scale"":[""not applicable""],""env_medium"":[""not applicable""],""geo_loc_name"":[""Australia: Queensland, Redland Bay""],""host"":[""Brassica oleracea var. botrytis""],""host_disease"":[""black rot""],""isol_growth_condt"":[""https://doi.org/10.1111/j.1472-765X.2006.01887.x""],""lat_lon"":[""missing""],""num_replicons"":[""1""],""pathovar"":[""campestris""],""ref_biomaterial"":[""missing""],""strain"":[""DAR-82634""]}"	.cache/ncbi/v2_1/efetch_cbe376b0c133682caa7daeaad578e491957f7de946720278e1c8d38e13a3b4b6.xml	https://www.ncbi.nlm.nih.gov/biosample/SAMN17386777	ok	
d7408b60382a176f553e	NCPPB 4373	other_references	expected_genus	1472	17386776	SAMN17386776	Xanthomonas campestris	339	MIGS Cultured Bacterial/Archaeal sample from Xanthomonas campestris	DAR-77243						BioSample: SAMN17386776; DAR-77243; SRA: SRS9061500	Eruca sp.	Australia: New South Wales, Dural	2005-02	leaf	"{""collection_date"":[""2005-02""],""env_broad_scale"":[""not applicable""],""env_local_scale"":[""not applicable""],""env_medium"":[""not applicable""],""geo_loc_name"":[""Australia: New South Wales, Dural""],""host"":[""Eruca sp.""],""host_disease"":[""spot""],""isol_growth_condt"":[""https://doi.org/10.1111/j.1472-765X.2006.01887.x""],""isolation_source"":[""leaf""],""lat_lon"":[""missing""],""num_replicons"":[""1""],""pathovar"":[""raphani""],""ref_biomaterial"":[""missing""],""strain"":[""DAR-77243""]}"	.cache/ncbi/v2_1/efetch_cbe376b0c133682caa7daeaad578e491957f7de946720278e1c8d38e13a3b4b6.xml	https://www.ncbi.nlm.nih.gov/biosample/SAMN17386776	ok	
d7408b60382a176f553e	NCPPB 4373	other_references	expected_genus	1472	17386775	SAMN17386775	Xanthomonas campestris	339	MIGS Cultured Bacterial/Archaeal sample from Xanthomonas campestris	DAR-76567						BioSample: SAMN17386775; DAR-76567; SRA: SRS9061499	Brassica oleracea	Australia: New South Wales, Leppington	2003-02-04		"{""collection_date"":[""2003-02-04""],""env_broad_scale"":[""not applicable""],""env_local_scale"":[""not applicable""],""env_medium"":[""not applicable""],""geo_loc_name"":[""Australia: New South Wales, Leppington""],""host"":[""Brassica oleracea""],""host_disease"":[""black rot""],""isol_growth_condt"":[""https://doi.org/10.1111/j.1472-765X.2006.01887.x""],""lat_lon"":[""missing""],""num_replicons"":[""1""],""pathovar"":[""campestris""],""ref_biomaterial"":[""missing""],""strain"":[""DAR-76567""]}"	.cache/ncbi/v2_1/efetch_cbe376b0c133682caa7daeaad578e491957f7de946720278e1c8d38e13a3b4b6.xml	https://www.ncbi.nlm.nih.gov/biosample/SAMN17386775	ok	
d7408b60382a176f553e	NCPPB 4373	other_references	expected_genus	1472	17386774	SAMN17386774	Xanthomonas campestris	339	MIGS Cultured Bacterial/Archaeal sample from Xanthomonas campestris	DAR-75983					X99, ICMP 1641	BioSample: SAMN17386774; DAR-75983; SRA: SRS9061541	Raphanus sativus	USA: Florida	missing		"{""collection_date"":[""missing""],""env_broad_scale"":[""not applicable""],""env_local_scale"":[""not applicable""],""env_medium"":[""not applicable""],""geo_loc_name"":[""USA: Florida""],""host"":[""Raphanus sativus""],""isol_growth_condt"":[""https://doi.org/10.1111/j.1472-765X.2006.01887.x""],""isolate_name_alias"":[""X99, ICMP 1641""],""lat_lon"":[""missing""],""num_replicons"":[""1""],""pathovar"":[""raphani""],""ref_biomaterial"":[""https://doi.org/10.1111/j.1365-3059.2005.01186.x""],""strain"":[""DAR-75983""]}"	.cache/ncbi/v2_1/efetch_cbe376b0c133682caa7daeaad578e491957f7de946720278e1c8d38e13a3b4b6.xml	https://www.ncbi.nlm.nih.gov/biosample/SAMN17386774	ok	
d7408b60382a176f553e	NCPPB 4373	other_references	expected_genus	1472	17386773	SAMN17386773	Xanthomonas campestris	339	MIGS Cultured Bacterial/Archaeal sample from Xanthomonas campestris	DAR-69854						BioSample: SAMN17386773; DAR-69854; SRA: SRS9061356	Brassica tournefortii	Australia: New South Wales, Umina, Ocean Beach	1994-06-16	leaf	"{""collection_date"":[""1994-06-16""],""env_broad_scale"":[""not applicable""],""env_local_scale"":[""not applicable""],""env_medium"":[""not applicable""],""geo_loc_name"":[""Australia: New South Wales, Umina, Ocean Beach""],""host"":[""Brassica tournefortii""],""host_disease"":[""black rot""],""isol_growth_condt"":[""https://doi.org/10.1111/j.1472-765X.2006.01887.x""],""isolation_source"":[""leaf""],""lat_lon"":[""missing""],""num_replicons"":[""1""],""pathovar"":[""campestris""],""ref_biomaterial"":[""https://doi.org/10.1111/j.1365-3059.2005.01186.x""],""strain"":[""DAR-69854""]}"	.cache/ncbi/v2_1/efetch_cbe376b0c133682caa7daeaad578e491957f7de946720278e1c8d38e13a3b4b6.xml	https://www.ncbi.nlm.nih.gov/biosample/SAMN17386773	ok	
d7408b60382a176f553e	NCPPB 4373	other_references	expected_genus	1472	17386772	SAMN17386772	Xanthomonas campestris	339	MIGS Cultured Bacterial/Archaeal sample from Xanthomonas campestris	DAR-65808						BioSample: SAMN17386772; DAR-65808; SRA: SRS9061455	Brassica oleracea	Australia: New South Wales, Yanco	1990-09	leaf	"{""collection_date"":[""1990-09""],""env_broad_scale"":[""not applicable""],""env_local_scale"":[""not applicable""],""env_medium"":[""not applicable""],""geo_loc_name"":[""Australia: New South Wales, Yanco""],""host"":[""Brassica oleracea""],""host_disease"":[""black rot""],""isol_growth_condt"":[""https://doi.org/10.1111/j.1472-765X.2006.01887.x""],""isolation_source"":[""leaf""],""lat_lon"":[""missing""],""num_replicons"":[""1""],""pathovar"":[""campestris""],""ref_biomaterial"":[""https://doi.org/10.1111/j.1365-3059.2005.01186.x""],""strain"":[""DAR-65808""]}"	.cache/ncbi/v2_1/efetch_cbe376b0c133682caa7daeaad578e491957f7de946720278e1c8d38e13a3b4b6.xml	https://www.ncbi.nlm.nih.gov/biosample/SAMN17386772	ok	
d7408b60382a176f553e	NCPPB 4373	other_references	expected_genus	1472	17386771	SAMN17386771	Xanthomonas campestris	339	MIGS Cultured Bacterial/Archaeal sample from Xanthomonas campestris	DAR-64858						BioSample: SAMN17386771; DAR-64858; SRA: SRS9061364	Prunus dulcis	Australia: New South Wales, Darlington Point	1990-01-30	leaf	"{""collection_date"":[""1990-01-30""],""env_broad_scale"":[""not applicable""],""env_local_scale"":[""not applicable""],""env_medium"":[""not applicable""],""geo_loc_name"":[""Australia: New South Wales, Darlington Point""],""host"":[""Prunus dulcis""],""host_disease"":[""spot""],""isol_growth_condt"":[""https://doi.org/10.1111/j.1472-765X.2006.01887.x""],""isolation_source"":[""leaf""],""lat_lon"":[""missing""],""num_replicons"":[""1""],""pathovar"":[""campestris""],""ref_biomaterial"":[""missing""],""strain"":[""DAR-64858""]}"	.cache/ncbi/v2_1/efetch_cbe376b0c133682caa7daeaad578e491957f7de946720278e1c8d38e13a3b4b6.xml	https://www.ncbi.nlm.nih.gov/biosample/SAMN17386771	ok	
d7408b60382a176f553e	NCPPB 4373	other_references	expected_genus	1472	17386770	SAMN17386770	Xanthomonas campestris	339	MIGS Cultured Bacterial/Archaeal sample from Xanthomonas campestris	DAR-30546						BioSample: SAMN17386770; DAR-30546; SRA: SRS9061428	Brassica oleracea	Australia: New South Wales, Coffs Harbour	1978-08	leaf	"{""collection_date"":[""1978-08""],""env_broad_scale"":[""not applicable""],""env_local_scale"":[""not applicable""],""env_medium"":[""not applicable""],""geo_loc_name"":[""Australia: New South Wales, Coffs Harbour""],""host"":[""Brassica oleracea""],""host_disease"":[""black rot""],""isol_growth_condt"":[""https://doi.org/10.1111/j.1472-765X.2006.01887.x""],""isolation_source"":[""leaf""],""lat_lon"":[""missing""],""num_replicons"":[""1""],""pathovar"":[""campestris""],""ref_biomaterial"":[""missing""],""strain"":[""DAR-30546""]}"	.cache/ncbi/v2_1/efetch_cbe376b0c133682caa7daeaad578e491957f7de946720278e1c8d38e13a3b4b6.xml	https://www.ncbi.nlm.nih.gov/biosample/SAMN17386770	ok	
d7408b60382a176f553e	NCPPB 4373	other_references	expected_genus	1472	17386158	SAMN17386158	Xanthomonas campestris	339	MIGS Cultured Bacterial/Archaeal sample from Xanthomonas campestris	Xcc6						BioSample: SAMN17386158; Xcc6; SRA: SRS9061542	missing	missing	missing		"{""collection_date"":[""missing""],""env_broad_scale"":[""not applicable""],""env_local_scale"":[""not applicable""],""env_medium"":[""not applicable""],""geo_loc_name"":[""missing""],""host"":[""missing""],""isol_growth_condt"":[""https://doi.org/10.1111/j.1472-765X.2006.01887.x""],""lat_lon"":[""missing""],""num_replicons"":[""not collected""],""pathovar"":[""campestris""],""ref_biomaterial"":[""missing""],""strain"":[""Xcc6""]}"	.cache/ncbi/v2_1/efetch_cbe376b0c133682caa7daeaad578e491957f7de946720278e1c8d38e13a3b4b6.xml	https://www.ncbi.nlm.nih.gov/biosample/SAMN17386158	ok	
d7408b60382a176f553e	NCPPB 4373	other_references	expected_genus	1472	17386157	SAMN17386157	Xanthomonas campestris	339	MIGS Cultured Bacterial/Archaeal sample from Xanthomonas campestris	X77						BioSample: SAMN17386157; X77; SRA: SRS9061362	Brassica oleracea var. botrytis	Australia: New South Wales, Castlereagh	2002		"{""collection_date"":[""2002""],""env_broad_scale"":[""not applicable""],""env_local_scale"":[""not applicable""],""env_medium"":[""not applicable""],""geo_loc_name"":[""Australia: New South Wales, Castlereagh""],""host"":[""Brassica oleracea var. botrytis""],""isol_growth_condt"":[""https://doi.org/10.1111/j.1472-765X.2006.01887.x""],""lat_lon"":[""missing""],""num_replicons"":[""not collected""],""pathovar"":[""campestris""],""ref_biomaterial"":[""https://doi.org/10.1111/j.1365-3059.2005.01186.x""],""strain"":[""X77""]}"	.cache/ncbi/v2_1/efetch_cbe376b0c133682caa7daeaad578e491957f7de946720278e1c8d38e13a3b4b6.xml	https://www.ncbi.nlm.nih.gov/biosample/SAMN17386157	ok	
d7408b60382a176f553e	NCPPB 4373	other_references	expected_genus	1472	17386156	SAMN17386156	Xanthomonas campestris	339	MIGS Cultured Bacterial/Archaeal sample from Xanthomonas campestris	X76						BioSample: SAMN17386156; X76; SRA: SRS9061365	Brassica oleracea var. botrytis	Australia: New South Wales, Castlereagh	2002		"{""collection_date"":[""2002""],""env_broad_scale"":[""not applicable""],""env_local_scale"":[""not applicable""],""env_medium"":[""not applicable""],""geo_loc_name"":[""Australia: New South Wales, Castlereagh""],""host"":[""Brassica oleracea var. botrytis""],""isol_growth_condt"":[""https://doi.org/10.1111/j.1472-765X.2006.01887.x""],""lat_lon"":[""missing""],""num_replicons"":[""not collected""],""pathovar"":[""campestris""],""ref_biomaterial"":[""https://doi.org/10.1111/j.1365-3059.2005.01186.x""],""strain"":[""X76""]}"	.cache/ncbi/v2_1/efetch_cbe376b0c133682caa7daeaad578e491957f7de946720278e1c8d38e13a3b4b6.xml	https://www.ncbi.nlm.nih.gov/biosample/SAMN17386156	ok	
d7408b60382a176f553e	NCPPB 4373	other_references	expected_genus	1472	17386155	SAMN17386155	Xanthomonas campestris	339	MIGS Cultured Bacterial/Archaeal sample from Xanthomonas campestris	X75						BioSample: SAMN17386155; X75; SRA: SRS9061366	Brassica oleracea var. botrytis	Australia: New South Wales, Castlereagh	2002		"{""collection_date"":[""2002""],""env_broad_scale"":[""not applicable""],""env_local_scale"":[""not applicable""],""env_medium"":[""not applicable""],""geo_loc_name"":[""Australia: New South Wales, Castlereagh""],""host"":[""Brassica oleracea var. botrytis""],""isol_growth_condt"":[""https://doi.org/10.1111/j.1472-765X.2006.01887.x""],""lat_lon"":[""missing""],""num_replicons"":[""not collected""],""pathovar"":[""campestris""],""ref_biomaterial"":[""https://doi.org/10.1111/j.1365-3059.2005.01186.x""],""strain"":[""X75""]}"	.cache/ncbi/v2_1/efetch_cbe376b0c133682caa7daeaad578e491957f7de946720278e1c8d38e13a3b4b6.xml	https://www.ncbi.nlm.nih.gov/biosample/SAMN17386155	ok	
d7408b60382a176f553e	NCPPB 4373	other_references	expected_genus	1472	17386154	SAMN17386154	Xanthomonas campestris	339	MIGS Cultured Bacterial/Archaeal sample from Xanthomonas campestris	X74						BioSample: SAMN17386154; X74; SRA: SRS9061367	Brassica oleracea var. botrytis	Australia: New South Wales, Castlereagh	2002		"{""collection_date"":[""2002""],""env_broad_scale"":[""not applicable""],""env_local_scale"":[""not applicable""],""env_medium"":[""not applicable""],""geo_loc_name"":[""Australia: New South Wales, Castlereagh""],""host"":[""Brassica oleracea var. botrytis""],""isol_growth_condt"":[""https://doi.org/10.1111/j.1472-765X.2006.01887.x""],""lat_lon"":[""missing""],""num_replicons"":[""not collected""],""pathovar"":[""campestris""],""ref_biomaterial"":[""https://doi.org/10.1111/j.1365-3059.2005.01186.x""],""strain"":[""X74""]}"	.cache/ncbi/v2_1/efetch_cbe376b0c133682caa7daeaad578e491957f7de946720278e1c8d38e13a3b4b6.xml	https://www.ncbi.nlm.nih.gov/biosample/SAMN17386154	ok	
d7408b60382a176f553e	NCPPB 4373	other_references	expected_genus	1472	17386153	SAMN17386153	Xanthomonas campestris	339	MIGS Cultured Bacterial/Archaeal sample from Xanthomonas campestris	X73						BioSample: SAMN17386153; X73; SRA: SRS9061369	Brassica oleracea var. botrytis	Australia: New South Wales, Castlereagh	2002		"{""collection_date"":[""2002""],""env_broad_scale"":[""not applicable""],""env_local_scale"":[""not applicable""],""env_medium"":[""not applicable""],""geo_loc_name"":[""Australia: New South Wales, Castlereagh""],""host"":[""Brassica oleracea var. botrytis""],""isol_growth_condt"":[""https://doi.org/10.1111/j.1472-765X.2006.01887.x""],""lat_lon"":[""missing""],""num_replicons"":[""not collected""],""pathovar"":[""campestris""],""ref_biomaterial"":[""https://doi.org/10.1111/j.1365-3059.2005.01186.x""],""strain"":[""X73""]}"	.cache/ncbi/v2_1/efetch_cbe376b0c133682caa7daeaad578e491957f7de946720278e1c8d38e13a3b4b6.xml	https://www.ncbi.nlm.nih.gov/biosample/SAMN17386153	ok	
d7408b60382a176f553e	NCPPB 4373	other_references	expected_genus	1472	17386152	SAMN17386152	Xanthomonas campestris	339	MIGS Cultured Bacterial/Archaeal sample from Xanthomonas campestris	X72						BioSample: SAMN17386152; X72; SRA: SRS9061368	Brassica oleracea var. botrytis	Australia: New South Wales, Castlereagh	2002		"{""collection_date"":[""2002""],""env_broad_scale"":[""not applicable""],""env_local_scale"":[""not applicable""],""env_medium"":[""not applicable""],""geo_loc_name"":[""Australia: New South Wales, Castlereagh""],""host"":[""Brassica oleracea var. botrytis""],""isol_growth_condt"":[""https://doi.org/10.1111/j.1472-765X.2006.01887.x""],""lat_lon"":[""missing""],""num_replicons"":[""not collected""],""pathovar"":[""campestris""],""ref_biomaterial"":[""https://doi.org/10.1111/j.1365-3059.2005.01186.x""],""strain"":[""X72""]}"	.cache/ncbi/v2_1/efetch_cbe376b0c133682caa7daeaad578e491957f7de946720278e1c8d38e13a3b4b6.xml	https://www.ncbi.nlm.nih.gov/biosample/SAMN17386152	ok	
d7408b60382a176f553e	NCPPB 4373	other_references	expected_genus	1472	17386151	SAMN17386151	Xanthomonas campestris	339	MIGS Cultured Bacterial/Archaeal sample from Xanthomonas campestris	X71						BioSample: SAMN17386151; X71; SRA: SRS9061370	Brassica oleracea var. botrytis	Australia: New South Wales, Castlereagh	2002		"{""collection_date"":[""2002""],""env_broad_scale"":[""not applicable""],""env_local_scale"":[""not applicable""],""env_medium"":[""not applicable""],""geo_loc_name"":[""Australia: New South Wales, Castlereagh""],""host"":[""Brassica oleracea var. botrytis""],""isol_growth_condt"":[""https://doi.org/10.1111/j.1472-765X.2006.01887.x""],""lat_lon"":[""missing""],""num_replicons"":[""not collected""],""pathovar"":[""campestris""],""ref_biomaterial"":[""https://doi.org/10.1111/j.1365-3059.2005.01186.x""],""strain"":[""X71""]}"	.cache/ncbi/v2_1/efetch_cbe376b0c133682caa7daeaad578e491957f7de946720278e1c8d38e13a3b4b6.xml	https://www.ncbi.nlm.nih.gov/biosample/SAMN17386151	ok	
d7408b60382a176f553e	NCPPB 4373	other_references	expected_genus	1472	17386150	SAMN17386150	Xanthomonas campestris	339	MIGS Cultured Bacterial/Archaeal sample from Xanthomonas campestris	X251						BioSample: SAMN17386150; X251; SRA: SRS9061371	Brassica oleracea var. gongylodes	Australia: New South Wales, Cobbity	2004		"{""collection_date"":[""2004""],""env_broad_scale"":[""not applicable""],""env_local_scale"":[""not applicable""],""env_medium"":[""not applicable""],""geo_loc_name"":[""Australia: New South Wales, Cobbity""],""host"":[""Brassica oleracea var. gongylodes""],""isol_growth_condt"":[""https://doi.org/10.1111/j.1472-765X.2006.01887.x""],""lat_lon"":[""missing""],""num_replicons"":[""not collected""],""pathovar"":[""campestris""],""ref_biomaterial"":[""https://doi.org/10.1111/j.1365-3059.2005.01186.x""],""strain"":[""X251""]}"	.cache/ncbi/v2_1/efetch_cbe376b0c133682caa7daeaad578e491957f7de946720278e1c8d38e13a3b4b6.xml	https://www.ncbi.nlm.nih.gov/biosample/SAMN17386150	ok	
d7408b60382a176f553e	NCPPB 4373	other_references	expected_genus	1472	17386149	SAMN17386149	Xanthomonas campestris	339	MIGS Cultured Bacterial/Archaeal sample from Xanthomonas campestris	X249						BioSample: SAMN17386149; X249; SRA: SRS9061372	Brassica oleracea var. capitata	Australia: Queensland	2004		"{""collection_date"":[""2004""],""env_broad_scale"":[""not applicable""],""env_local_scale"":[""not applicable""],""env_medium"":[""not applicable""],""geo_loc_name"":[""Australia: Queensland""],""host"":[""Brassica oleracea var. capitata""],""isol_growth_condt"":[""https://doi.org/10.1111/j.1472-765X.2006.01887.x""],""lat_lon"":[""missing""],""num_replicons"":[""not collected""],""pathovar"":[""campestris""],""ref_biomaterial"":[""https://doi.org/10.1111/j.1365-3059.2005.01186.x""],""strain"":[""X249""]}"	.cache/ncbi/v2_1/efetch_cbe376b0c133682caa7daeaad578e491957f7de946720278e1c8d38e13a3b4b6.xml	https://www.ncbi.nlm.nih.gov/biosample/SAMN17386149	ok	
d7408b60382a176f553e	NCPPB 4373	other_references	expected_genus	1472	17386148	SAMN17386148	Xanthomonas campestris	339	MIGS Cultured Bacterial/Archaeal sample from Xanthomonas campestris	X248						BioSample: SAMN17386148; X248; SRA: SRS9061374	Brassica oleracea var. botrytis	Australia: Queensland	2004		"{""collection_date"":[""2004""],""env_broad_scale"":[""not applicable""],""env_local_scale"":[""not applicable""],""env_medium"":[""not applicable""],""geo_loc_name"":[""Australia: Queensland""],""host"":[""Brassica oleracea var. botrytis""],""isol_growth_condt"":[""https://doi.org/10.1111/j.1472-765X.2006.01887.x""],""lat_lon"":[""missing""],""num_replicons"":[""not collected""],""pathovar"":[""campestris""],""ref_biomaterial"":[""https://doi.org/10.1111/j.1365-3059.2005.01186.x""],""strain"":[""X248""]}"	.cache/ncbi/v2_1/efetch_cbe376b0c133682caa7daeaad578e491957f7de946720278e1c8d38e13a3b4b6.xml	https://www.ncbi.nlm.nih.gov/biosample/SAMN17386148	ok	
d7408b60382a176f553e	NCPPB 4373	other_references	expected_genus	1472	17386147	SAMN17386147	Xanthomonas campestris	339	MIGS Cultured Bacterial/Archaeal sample from Xanthomonas campestris	X247						BioSample: SAMN17386147; X247; SRA: SRS9061453	Brassica oleracea var. capitata	Australia: Queensland	2004		"{""collection_date"":[""2004""],""env_broad_scale"":[""not applicable""],""env_local_scale"":[""not applicable""],""env_medium"":[""not applicable""],""geo_loc_name"":[""Australia: Queensland""],""host"":[""Brassica oleracea var. capitata""],""isol_growth_condt"":[""https://doi.org/10.1111/j.1472-765X.2006.01887.x""],""lat_lon"":[""missing""],""num_replicons"":[""not collected""],""pathovar"":[""campestris""],""ref_biomaterial"":[""https://doi.org/10.1111/j.1365-3059.2005.01186.x""],""strain"":[""X247""]}"	.cache/ncbi/v2_1/efetch_cbe376b0c133682caa7daeaad578e491957f7de946720278e1c8d38e13a3b4b6.xml	https://www.ncbi.nlm.nih.gov/biosample/SAMN17386147	ok	
d7408b60382a176f553e	NCPPB 4373	other_references	expected_genus	1472	17386146	SAMN17386146	Xanthomonas campestris	339	MIGS Cultured Bacterial/Archaeal sample from Xanthomonas campestris	X246						BioSample: SAMN17386146; X246; SRA: SRS9061373	missing	missing	missing		"{""collection_date"":[""missing""],""env_broad_scale"":[""not applicable""],""env_local_scale"":[""not applicable""],""env_medium"":[""not applicable""],""geo_loc_name"":[""missing""],""host"":[""missing""],""isol_growth_condt"":[""https://doi.org/10.1111/j.1472-765X.2006.01887.x""],""lat_lon"":[""missing""],""num_replicons"":[""not collected""],""pathovar"":[""campestris""],""ref_biomaterial"":[""missing""],""strain"":[""X246""]}"	.cache/ncbi/v2_1/efetch_cbe376b0c133682caa7daeaad578e491957f7de946720278e1c8d38e13a3b4b6.xml	https://www.ncbi.nlm.nih.gov/biosample/SAMN17386146	ok	
d7408b60382a176f553e	NCPPB 4373	other_references	expected_genus	1472	17386145	SAMN17386145	Xanthomonas campestris	339	MIGS Cultured Bacterial/Archaeal sample from Xanthomonas campestris	X245						BioSample: SAMN17386145; X245; SRA: SRS9061375	missing	missing	missing		"{""collection_date"":[""missing""],""env_broad_scale"":[""not applicable""],""env_local_scale"":[""not applicable""],""env_medium"":[""not applicable""],""geo_loc_name"":[""missing""],""host"":[""missing""],""isol_growth_condt"":[""https://doi.org/10.1111/j.1472-765X.2006.01887.x""],""lat_lon"":[""missing""],""num_replicons"":[""not collected""],""pathovar"":[""campestris""],""ref_biomaterial"":[""missing""],""strain"":[""X245""]}"	.cache/ncbi/v2_1/efetch_cbe376b0c133682caa7daeaad578e491957f7de946720278e1c8d38e13a3b4b6.xml	https://www.ncbi.nlm.nih.gov/biosample/SAMN17386145	ok	
d7408b60382a176f553e	NCPPB 4373	other_references	expected_genus	1472	17386144	SAMN17386144	Xanthomonas campestris	339	MIGS Cultured Bacterial/Archaeal sample from Xanthomonas campestris	X244						BioSample: SAMN17386144; X244; SRA: SRS9061376	missing	missing	missing		"{""collection_date"":[""missing""],""env_broad_scale"":[""not applicable""],""env_local_scale"":[""not applicable""],""env_medium"":[""not applicable""],""geo_loc_name"":[""missing""],""host"":[""missing""],""isol_growth_condt"":[""https://doi.org/10.1111/j.1472-765X.2006.01887.x""],""lat_lon"":[""missing""],""num_replicons"":[""not collected""],""pathovar"":[""campestris""],""ref_biomaterial"":[""missing""],""strain"":[""X244""]}"	.cache/ncbi/v2_1/efetch_cbe376b0c133682caa7daeaad578e491957f7de946720278e1c8d38e13a3b4b6.xml	https://www.ncbi.nlm.nih.gov/biosample/SAMN17386144	ok	
d7408b60382a176f553e	NCPPB 4373	other_references	expected_genus	1472	17386143	SAMN17386143	Xanthomonas campestris	339	MIGS Cultured Bacterial/Archaeal sample from Xanthomonas campestris	X243						BioSample: SAMN17386143; X243; SRA: SRS9061377	missing	missing	missing		"{""collection_date"":[""missing""],""env_broad_scale"":[""not applicable""],""env_local_scale"":[""not applicable""],""env_medium"":[""not applicable""],""geo_loc_name"":[""missing""],""host"":[""missing""],""isol_growth_condt"":[""https://doi.org/10.1111/j.1472-765X.2006.01887.x""],""lat_lon"":[""missing""],""num_replicons"":[""not collected""],""pathovar"":[""campestris""],""ref_biomaterial"":[""missing""],""strain"":[""X243""]}"	.cache/ncbi/v2_1/efetch_cbe376b0c133682caa7daeaad578e491957f7de946720278e1c8d38e13a3b4b6.xml	https://www.ncbi.nlm.nih.gov/biosample/SAMN17386143	ok	
d7408b60382a176f553e	NCPPB 4373	other_references	expected_genus	1472	17386142	SAMN17386142	Xanthomonas campestris	339	MIGS Cultured Bacterial/Archaeal sample from Xanthomonas campestris	X242						BioSample: SAMN17386142; X242; SRA: SRS9061378	missing	missing	missing		"{""collection_date"":[""missing""],""env_broad_scale"":[""not applicable""],""env_local_scale"":[""not applicable""],""env_medium"":[""not applicable""],""geo_loc_name"":[""missing""],""host"":[""missing""],""isol_growth_condt"":[""https://doi.org/10.1111/j.1472-765X.2006.01887.x""],""lat_lon"":[""missing""],""num_replicons"":[""not collected""],""pathovar"":[""campestris""],""ref_biomaterial"":[""missing""],""strain"":[""X242""]}"	.cache/ncbi/v2_1/efetch_cbe376b0c133682caa7daeaad578e491957f7de946720278e1c8d38e13a3b4b6.xml	https://www.ncbi.nlm.nih.gov/biosample/SAMN17386142	ok	
d7408b60382a176f553e	NCPPB 4373	other_references	expected_genus	1472	17386141	SAMN17386141	Xanthomonas campestris	339	MIGS Cultured Bacterial/Archaeal sample from Xanthomonas campestris	X241						BioSample: SAMN17386141; X241; SRA: SRS9061380	missing	missing	missing		"{""collection_date"":[""missing""],""env_broad_scale"":[""not applicable""],""env_local_scale"":[""not applicable""],""env_medium"":[""not applicable""],""geo_loc_name"":[""missing""],""host"":[""missing""],""isol_growth_condt"":[""https://doi.org/10.1111/j.1472-765X.2006.01887.x""],""lat_lon"":[""missing""],""num_replicons"":[""not collected""],""pathovar"":[""campestris""],""ref_biomaterial"":[""missing""],""strain"":[""X241""]}"	.cache/ncbi/v2_1/efetch_cbe376b0c133682caa7daeaad578e491957f7de946720278e1c8d38e13a3b4b6.xml	https://www.ncbi.nlm.nih.gov/biosample/SAMN17386141	ok	
d7408b60382a176f553e	NCPPB 4373	other_references	expected_genus	1472	17386140	SAMN17386140	Xanthomonas campestris	339	MIGS Cultured Bacterial/Archaeal sample from Xanthomonas campestris	X240						BioSample: SAMN17386140; X240; SRA: SRS9061379	missing	Spain	2001		"{""collection_date"":[""2001""],""env_broad_scale"":[""not applicable""],""env_local_scale"":[""not applicable""],""env_medium"":[""not applicable""],""geo_loc_name"":[""Spain""],""host"":[""missing""],""isol_growth_condt"":[""https://doi.org/10.1111/j.1472-765X.2006.01887.x""],""lat_lon"":[""missing""],""num_replicons"":[""not collected""],""pathovar"":[""campestris""],""ref_biomaterial"":[""missing""],""strain"":[""X240""]}"	.cache/ncbi/v2_1/efetch_cbe376b0c133682caa7daeaad578e491957f7de946720278e1c8d38e13a3b4b6.xml	https://www.ncbi.nlm.nih.gov/biosample/SAMN17386140	ok	
d7408b60382a176f553e	NCPPB 4373	other_references	expected_genus	1472	17386139	SAMN17386139	Xanthomonas campestris	339	MIGS Cultured Bacterial/Archaeal sample from Xanthomonas campestris	X238						BioSample: SAMN17386139; X238; SRA: SRS9061381	missing	Spain	2001		"{""collection_date"":[""2001""],""env_broad_scale"":[""not applicable""],""env_local_scale"":[""not applicable""],""env_medium"":[""not applicable""],""geo_loc_name"":[""Spain""],""host"":[""missing""],""isol_growth_condt"":[""https://doi.org/10.1111/j.1472-765X.2006.01887.x""],""lat_lon"":[""missing""],""num_replicons"":[""not collected""],""pathovar"":[""campestris""],""ref_biomaterial"":[""missing""],""strain"":[""X238""]}"	.cache/ncbi/v2_1/efetch_cbe376b0c133682caa7daeaad578e491957f7de946720278e1c8d38e13a3b4b6.xml	https://www.ncbi.nlm.nih.gov/biosample/SAMN17386139	ok	
d7408b60382a176f553e	NCPPB 4373	other_references	expected_genus	1472	17386138	SAMN17386138	Xanthomonas campestris	339	MIGS Cultured Bacterial/Archaeal sample from Xanthomonas campestris	X237						BioSample: SAMN17386138; X237; SRA: SRS9061382	missing	Spain	2001		"{""collection_date"":[""2001""],""env_broad_scale"":[""not applicable""],""env_local_scale"":[""not applicable""],""env_medium"":[""not applicable""],""geo_loc_name"":[""Spain""],""host"":[""missing""],""isol_growth_condt"":[""https://doi.org/10.1111/j.1472-765X.2006.01887.x""],""lat_lon"":[""missing""],""num_replicons"":[""not collected""],""ref_biomaterial"":[""missing""],""strain"":[""X237""]}"	.cache/ncbi/v2_1/efetch_cbe376b0c133682caa7daeaad578e491957f7de946720278e1c8d38e13a3b4b6.xml	https://www.ncbi.nlm.nih.gov/biosample/SAMN17386138	ok	
d7408b60382a176f553e	NCPPB 4373	other_references	expected_genus	1472	17386137	SAMN17386137	Xanthomonas campestris	339	MIGS Cultured Bacterial/Archaeal sample from Xanthomonas campestris	X236						BioSample: SAMN17386137; X236; SRA: SRS9061452	missing	Spain	2000		"{""collection_date"":[""2000""],""env_broad_scale"":[""not applicable""],""env_local_scale"":[""not applicable""],""env_medium"":[""not applicable""],""geo_loc_name"":[""Spain""],""host"":[""missing""],""isol_growth_condt"":[""https://doi.org/10.1111/j.1472-765X.2006.01887.x""],""lat_lon"":[""missing""],""num_replicons"":[""not collected""],""pathovar"":[""campestris""],""ref_biomaterial"":[""missing""],""strain"":[""X236""]}"	.cache/ncbi/v2_1/efetch_cbe376b0c133682caa7daeaad578e491957f7de946720278e1c8d38e13a3b4b6.xml	https://www.ncbi.nlm.nih.gov/biosample/SAMN17386137	ok	
d7408b60382a176f553e	NCPPB 4373	other_references	expected_genus	1472	17386136	SAMN17386136	Xanthomonas campestris	339	MIGS Cultured Bacterial/Archaeal sample from Xanthomonas campestris	X235						BioSample: SAMN17386136; X235; SRA: SRS9061383	missing	France	2000		"{""collection_date"":[""2000""],""env_broad_scale"":[""not applicable""],""env_local_scale"":[""not applicable""],""env_medium"":[""not applicable""],""geo_loc_name"":[""France""],""host"":[""missing""],""isol_growth_condt"":[""https://doi.org/10.1111/j.1472-765X.2006.01887.x""],""lat_lon"":[""missing""],""num_replicons"":[""not collected""],""pathovar"":[""campestris""],""ref_biomaterial"":[""missing""],""strain"":[""X235""]}"	.cache/ncbi/v2_1/efetch_cbe376b0c133682caa7daeaad578e491957f7de946720278e1c8d38e13a3b4b6.xml	https://www.ncbi.nlm.nih.gov/biosample/SAMN17386136	ok	
d7408b60382a176f553e	NCPPB 4373	other_references	expected_genus	1472	17386135	SAMN17386135	Xanthomonas campestris	339	MIGS Cultured Bacterial/Archaeal sample from Xanthomonas campestris	X234						BioSample: SAMN17386135; X234; SRA: SRS9061384	missing	Chile	2001		"{""collection_date"":[""2001""],""env_broad_scale"":[""not applicable""],""env_local_scale"":[""not applicable""],""env_medium"":[""not applicable""],""geo_loc_name"":[""Chile""],""host"":[""missing""],""isol_growth_condt"":[""https://doi.org/10.1111/j.1472-765X.2006.01887.x""],""lat_lon"":[""missing""],""num_replicons"":[""not collected""],""ref_biomaterial"":[""missing""],""strain"":[""X234""]}"	.cache/ncbi/v2_1/efetch_cbe376b0c133682caa7daeaad578e491957f7de946720278e1c8d38e13a3b4b6.xml	https://www.ncbi.nlm.nih.gov/biosample/SAMN17386135	ok	
d7408b60382a176f553e	NCPPB 4373	other_references	expected_genus	1472	17386134	SAMN17386134	Xanthomonas campestris	339	MIGS Cultured Bacterial/Archaeal sample from Xanthomonas campestris	X231						BioSample: SAMN17386134; X231; SRA: SRS9061385	missing	Australia	2000		"{""collection_date"":[""2000""],""env_broad_scale"":[""not applicable""],""env_local_scale"":[""not applicable""],""env_medium"":[""not applicable""],""geo_loc_name"":[""Australia""],""host"":[""missing""],""isol_growth_condt"":[""https://doi.org/10.1111/j.1472-765X.2006.01887.x""],""lat_lon"":[""missing""],""num_replicons"":[""not collected""],""pathovar"":[""raphani""],""ref_biomaterial"":[""missing""],""strain"":[""X231""]}"	.cache/ncbi/v2_1/efetch_cbe376b0c133682caa7daeaad578e491957f7de946720278e1c8d38e13a3b4b6.xml	https://www.ncbi.nlm.nih.gov/biosample/SAMN17386134	ok	
d7408b60382a176f553e	NCPPB 4373	other_references	expected_genus	1472	17386133	SAMN17386133	Xanthomonas campestris	339	MIGS Cultured Bacterial/Archaeal sample from Xanthomonas campestris	X229						BioSample: SAMN17386133; X229; SRA: SRS9061386	missing	Spain	2000		"{""collection_date"":[""2000""],""env_broad_scale"":[""not applicable""],""env_local_scale"":[""not applicable""],""env_medium"":[""not applicable""],""geo_loc_name"":[""Spain""],""host"":[""missing""],""isol_growth_condt"":[""https://doi.org/10.1111/j.1472-765X.2006.01887.x""],""lat_lon"":[""missing""],""num_replicons"":[""not collected""],""pathovar"":[""campestris""],""ref_biomaterial"":[""missing""],""strain"":[""X229""]}"	.cache/ncbi/v2_1/efetch_cbe376b0c133682caa7daeaad578e491957f7de946720278e1c8d38e13a3b4b6.xml	https://www.ncbi.nlm.nih.gov/biosample/SAMN17386133	ok	
d7408b60382a176f553e	NCPPB 4373	other_references	expected_genus	1472	17386132	SAMN17386132	Xanthomonas campestris	339	MIGS Cultured Bacterial/Archaeal sample from Xanthomonas campestris	X228B						BioSample: SAMN17386132; X228B; SRA: SRS9061387	missing	Spain	1998		"{""collection_date"":[""1998""],""env_broad_scale"":[""not applicable""],""env_local_scale"":[""not applicable""],""env_medium"":[""not applicable""],""geo_loc_name"":[""Spain""],""host"":[""missing""],""isol_growth_condt"":[""https://doi.org/10.1111/j.1472-765X.2006.01887.x""],""lat_lon"":[""missing""],""num_replicons"":[""not collected""],""pathovar"":[""campestris""],""ref_biomaterial"":[""missing""],""strain"":[""X228B""]}"	.cache/ncbi/v2_1/efetch_cbe376b0c133682caa7daeaad578e491957f7de946720278e1c8d38e13a3b4b6.xml	https://www.ncbi.nlm.nih.gov/biosample/SAMN17386132	ok	
d7408b60382a176f553e	NCPPB 4373	other_references	expected_genus	1472	17386131	SAMN17386131	Xanthomonas campestris	339	MIGS Cultured Bacterial/Archaeal sample from Xanthomonas campestris	X228A						BioSample: SAMN17386131; X228A; SRA: SRS9061450	missing	Spain	1998		"{""collection_date"":[""1998""],""env_broad_scale"":[""not applicable""],""env_local_scale"":[""not applicable""],""env_medium"":[""not applicable""],""geo_loc_name"":[""Spain""],""host"":[""missing""],""isol_growth_condt"":[""https://doi.org/10.1111/j.1472-765X.2006.01887.x""],""lat_lon"":[""missing""],""num_replicons"":[""not collected""],""pathovar"":[""campestris""],""ref_biomaterial"":[""missing""],""strain"":[""X228A""]}"	.cache/ncbi/v2_1/efetch_cbe376b0c133682caa7daeaad578e491957f7de946720278e1c8d38e13a3b4b6.xml	https://www.ncbi.nlm.nih.gov/biosample/SAMN17386131	ok	
d7408b60382a176f553e	NCPPB 4373	other_references	expected_genus	1472	17386130	SAMN17386130	Xanthomonas campestris	339	MIGS Cultured Bacterial/Archaeal sample from Xanthomonas campestris	X226						BioSample: SAMN17386130; X226; SRA: SRS9061448	missing	France	1998		"{""collection_date"":[""1998""],""env_broad_scale"":[""not applicable""],""env_local_scale"":[""not applicable""],""env_medium"":[""not applicable""],""geo_loc_name"":[""France""],""host"":[""missing""],""isol_growth_condt"":[""https://doi.org/10.1111/j.1472-765X.2006.01887.x""],""lat_lon"":[""missing""],""num_replicons"":[""not collected""],""pathovar"":[""campestris""],""ref_biomaterial"":[""missing""],""strain"":[""X226""]}"	.cache/ncbi/v2_1/efetch_cbe376b0c133682caa7daeaad578e491957f7de946720278e1c8d38e13a3b4b6.xml	https://www.ncbi.nlm.nih.gov/biosample/SAMN17386130	ok	
d7408b60382a176f553e	NCPPB 4373	other_references	expected_genus	1472	17386129	SAMN17386129	Xanthomonas campestris	339	MIGS Cultured Bacterial/Archaeal sample from Xanthomonas campestris	X225						BioSample: SAMN17386129; X225; SRA: SRS9061449	missing	Austria	1998		"{""collection_date"":[""1998""],""env_broad_scale"":[""not applicable""],""env_local_scale"":[""not applicable""],""env_medium"":[""not applicable""],""geo_loc_name"":[""Austria""],""host"":[""missing""],""isol_growth_condt"":[""https://doi.org/10.1111/j.1472-765X.2006.01887.x""],""lat_lon"":[""missing""],""num_replicons"":[""not collected""],""pathovar"":[""campestris""],""ref_biomaterial"":[""missing""],""strain"":[""X225""]}"	.cache/ncbi/v2_1/efetch_cbe376b0c133682caa7daeaad578e491957f7de946720278e1c8d38e13a3b4b6.xml	https://www.ncbi.nlm.nih.gov/biosample/SAMN17386129	ok	
d7408b60382a176f553e	NCPPB 4373	other_references	expected_genus	1472	17386128	SAMN17386128	Xanthomonas campestris	339	MIGS Cultured Bacterial/Archaeal sample from Xanthomonas campestris	X224						BioSample: SAMN17386128; X224; SRA: SRS9061446	missing	Cote d'Ivoire	1976		"{""collection_date"":[""1976""],""env_broad_scale"":[""not applicable""],""env_local_scale"":[""not applicable""],""env_medium"":[""not applicable""],""geo_loc_name"":[""Cote d'Ivoire""],""host"":[""missing""],""isol_growth_condt"":[""https://doi.org/10.1111/j.1472-765X.2006.01887.x""],""lat_lon"":[""missing""],""num_replicons"":[""not collected""],""pathovar"":[""campestris""],""ref_biomaterial"":[""missing""],""strain"":[""X224""]}"	.cache/ncbi/v2_1/efetch_cbe376b0c133682caa7daeaad578e491957f7de946720278e1c8d38e13a3b4b6.xml	https://www.ncbi.nlm.nih.gov/biosample/SAMN17386128	ok	
d7408b60382a176f553e	NCPPB 4373	other_references	expected_genus	1472	17386127	SAMN17386127	Xanthomonas campestris	339	MIGS Cultured Bacterial/Archaeal sample from Xanthomonas campestris	X223						BioSample: SAMN17386127; X223; SRA: SRS9061447	missing	France	1975		"{""collection_date"":[""1975""],""env_broad_scale"":[""not applicable""],""env_local_scale"":[""not applicable""],""env_medium"":[""not applicable""],""geo_loc_name"":[""France""],""host"":[""missing""],""isol_growth_condt"":[""https://doi.org/10.1111/j.1472-765X.2006.01887.x""],""lat_lon"":[""missing""],""num_replicons"":[""not collected""],""pathovar"":[""campestris""],""ref_biomaterial"":[""missing""],""strain"":[""X223""]}"	.cache/ncbi/v2_1/efetch_cbe376b0c133682caa7daeaad578e491957f7de946720278e1c8d38e13a3b4b6.xml	https://www.ncbi.nlm.nih.gov/biosample/SAMN17386127	ok	
d7408b60382a176f553e	NCPPB 4373	other_references	expected_genus	1472	17386126	SAMN17386126	Xanthomonas campestris	339	MIGS Cultured Bacterial/Archaeal sample from Xanthomonas campestris	X222						BioSample: SAMN17386126; X222; SRA: SRS9061388	missing	Portugal	1990		"{""collection_date"":[""1990""],""env_broad_scale"":[""not applicable""],""env_local_scale"":[""not applicable""],""env_medium"":[""not applicable""],""geo_loc_name"":[""Portugal""],""host"":[""missing""],""isol_growth_condt"":[""https://doi.org/10.1111/j.1472-765X.2006.01887.x""],""lat_lon"":[""missing""],""num_replicons"":[""not collected""],""pathovar"":[""campestris""],""ref_biomaterial"":[""missing""],""strain"":[""X222""]}"	.cache/ncbi/v2_1/efetch_cbe376b0c133682caa7daeaad578e491957f7de946720278e1c8d38e13a3b4b6.xml	https://www.ncbi.nlm.nih.gov/biosample/SAMN17386126	ok	
d7408b60382a176f553e	NCPPB 4373	other_references	expected_genus	1472	17386125	SAMN17386125	Xanthomonas campestris	339	MIGS Cultured Bacterial/Archaeal sample from Xanthomonas campestris	X221B						BioSample: SAMN17386125; X221B; SRA: SRS9061389	missing	USA	1987		"{""collection_date"":[""1987""],""env_broad_scale"":[""not applicable""],""env_local_scale"":[""not applicable""],""env_medium"":[""not applicable""],""geo_loc_name"":[""USA""],""host"":[""missing""],""isol_growth_condt"":[""https://doi.org/10.1111/j.1472-765X.2006.01887.x""],""lat_lon"":[""missing""],""num_replicons"":[""not collected""],""pathovar"":[""campestris""],""ref_biomaterial"":[""missing""],""strain"":[""X221B""]}"	.cache/ncbi/v2_1/efetch_cbe376b0c133682caa7daeaad578e491957f7de946720278e1c8d38e13a3b4b6.xml	https://www.ncbi.nlm.nih.gov/biosample/SAMN17386125	ok	
d7408b60382a176f553e	NCPPB 4373	other_references	expected_genus	1472	17386124	SAMN17386124	Xanthomonas campestris	339	MIGS Cultured Bacterial/Archaeal sample from Xanthomonas campestris	X221A						BioSample: SAMN17386124; X221A; SRA: SRS9061390	missing	USA	1987		"{""collection_date"":[""1987""],""env_broad_scale"":[""not applicable""],""env_local_scale"":[""not applicable""],""env_medium"":[""not applicable""],""geo_loc_name"":[""USA""],""host"":[""missing""],""isol_growth_condt"":[""https://doi.org/10.1111/j.1472-765X.2006.01887.x""],""lat_lon"":[""missing""],""num_replicons"":[""not collected""],""pathovar"":[""campestris""],""ref_biomaterial"":[""missing""],""strain"":[""X221A""]}"	.cache/ncbi/v2_1/efetch_cbe376b0c133682caa7daeaad578e491957f7de946720278e1c8d38e13a3b4b6.xml	https://www.ncbi.nlm.nih.gov/biosample/SAMN17386124	ok	
d7408b60382a176f553e	NCPPB 4373	other_references	expected_genus	1472	17386123	SAMN17386123	Xanthomonas campestris	339	MIGS Cultured Bacterial/Archaeal sample from Xanthomonas campestris	X220						BioSample: SAMN17386123; X220; SRA: SRS9061391	missing	Indonesia	1986		"{""collection_date"":[""1986""],""env_broad_scale"":[""not applicable""],""env_local_scale"":[""not applicable""],""env_medium"":[""not applicable""],""geo_loc_name"":[""Indonesia""],""host"":[""missing""],""isol_growth_condt"":[""https://doi.org/10.1111/j.1472-765X.2006.01887.x""],""lat_lon"":[""missing""],""num_replicons"":[""not collected""],""pathovar"":[""campestris""],""ref_biomaterial"":[""missing""],""strain"":[""X220""]}"	.cache/ncbi/v2_1/efetch_cbe376b0c133682caa7daeaad578e491957f7de946720278e1c8d38e13a3b4b6.xml	https://www.ncbi.nlm.nih.gov/biosample/SAMN17386123	ok	
d7408b60382a176f553e	NCPPB 4373	other_references	expected_genus	1472	17386122	SAMN17386122	Xanthomonas campestris	339	MIGS Cultured Bacterial/Archaeal sample from Xanthomonas campestris	X218						BioSample: SAMN17386122; X218; SRA: SRS9061392	Brassica oleracea var. italica	Australia: New South Wales, Leppington	2004		"{""collection_date"":[""2004""],""env_broad_scale"":[""not applicable""],""env_local_scale"":[""not applicable""],""env_medium"":[""not applicable""],""geo_loc_name"":[""Australia: New South Wales, Leppington""],""host"":[""Brassica oleracea var. italica""],""isol_growth_condt"":[""https://doi.org/10.1111/j.1472-765X.2006.01887.x""],""lat_lon"":[""missing""],""num_replicons"":[""not collected""],""pathovar"":[""campestris""],""ref_biomaterial"":[""missing""],""strain"":[""X218""]}"	.cache/ncbi/v2_1/efetch_cbe376b0c133682caa7daeaad578e491957f7de946720278e1c8d38e13a3b4b6.xml	https://www.ncbi.nlm.nih.gov/biosample/SAMN17386122	ok	
d7408b60382a176f553e	NCPPB 4373	other_references	expected_genus	1472	17386121	SAMN17386121	Xanthomonas campestris	339	MIGS Cultured Bacterial/Archaeal sample from Xanthomonas campestris	X217						BioSample: SAMN17386121; X217; SRA: SRS9061393	Brassica oleracea var. gongylodes	Netherlands	2004	Seed	"{""collection_date"":[""2004""],""env_broad_scale"":[""not applicable""],""env_local_scale"":[""not applicable""],""env_medium"":[""not applicable""],""geo_loc_name"":[""Netherlands""],""host"":[""Brassica oleracea var. gongylodes""],""isol_growth_condt"":[""https://doi.org/10.1111/j.1472-765X.2006.01887.x""],""isolation_source"":[""Seed""],""lat_lon"":[""missing""],""num_replicons"":[""not collected""],""pathovar"":[""campestris""],""ref_biomaterial"":[""missing""],""strain"":[""X217""]}"	.cache/ncbi/v2_1/efetch_cbe376b0c133682caa7daeaad578e491957f7de946720278e1c8d38e13a3b4b6.xml	https://www.ncbi.nlm.nih.gov/biosample/SAMN17386121	ok	
d7408b60382a176f553e	NCPPB 4373	other_references	expected_genus	1472	17386120	SAMN17386120	Xanthomonas campestris	339	MIGS Cultured Bacterial/Archaeal sample from Xanthomonas campestris	X216						BioSample: SAMN17386120; X216; SRA: SRS9061394	Brassica oleracea var. botrytis	Australia: Queensland	2000		"{""collection_date"":[""2000""],""env_broad_scale"":[""not applicable""],""env_local_scale"":[""not applicable""],""env_medium"":[""not applicable""],""geo_loc_name"":[""Australia: Queensland""],""host"":[""Brassica oleracea var. botrytis""],""isol_growth_condt"":[""https://doi.org/10.1111/j.1472-765X.2006.01887.x""],""lat_lon"":[""missing""],""num_replicons"":[""not collected""],""pathovar"":[""campestris""],""ref_biomaterial"":[""missing""],""strain"":[""X216""]}"	.cache/ncbi/v2_1/efetch_cbe376b0c133682caa7daeaad578e491957f7de946720278e1c8d38e13a3b4b6.xml	https://www.ncbi.nlm.nih.gov/biosample/SAMN17386120	ok	
d7408b60382a176f553e	NCPPB 4373	other_references	expected_genus	1472	17386119	SAMN17386119	Xanthomonas campestris	339	MIGS Cultured Bacterial/Archaeal sample from Xanthomonas campestris	X215						BioSample: SAMN17386119; X215; SRA: SRS9061396	Brassica oleracea var. botrytis	Australia: Queensland	2000		"{""collection_date"":[""2000""],""env_broad_scale"":[""not applicable""],""env_local_scale"":[""not applicable""],""env_medium"":[""not applicable""],""geo_loc_name"":[""Australia: Queensland""],""host"":[""Brassica oleracea var. botrytis""],""isol_growth_condt"":[""https://doi.org/10.1111/j.1472-765X.2006.01887.x""],""lat_lon"":[""missing""],""num_replicons"":[""not collected""],""pathovar"":[""campestris""],""ref_biomaterial"":[""missing""],""strain"":[""X215""]}"	.cache/ncbi/v2_1/efetch_cbe376b0c133682caa7daeaad578e491957f7de946720278e1c8d38e13a3b4b6.xml	https://www.ncbi.nlm.nih.gov/biosample/SAMN17386119	ok	
d7408b60382a176f553e	NCPPB 4373	other_references	expected_genus	1472	17386118	SAMN17386118	Xanthomonas campestris	339	MIGS Cultured Bacterial/Archaeal sample from Xanthomonas campestris	X214						BioSample: SAMN17386118; X214; SRA: SRS9061395	Brassica oleracea var. botrytis	Australia: Queensland	2000		"{""collection_date"":[""2000""],""env_broad_scale"":[""not applicable""],""env_local_scale"":[""not applicable""],""env_medium"":[""not applicable""],""geo_loc_name"":[""Australia: Queensland""],""host"":[""Brassica oleracea var. botrytis""],""isol_growth_condt"":[""https://doi.org/10.1111/j.1472-765X.2006.01887.x""],""lat_lon"":[""missing""],""num_replicons"":[""not collected""],""pathovar"":[""campestris""],""ref_biomaterial"":[""missing""],""strain"":[""X214""]}"	.cache/ncbi/v2_1/efetch_cbe376b0c133682caa7daeaad578e491957f7de946720278e1c8d38e13a3b4b6.xml	https://www.ncbi.nlm.nih.gov/biosample/SAMN17386118	ok	
d7408b60382a176f553e	NCPPB 4373	other_references	expected_genus	1472	17386117	SAMN17386117	Xanthomonas campestris	339	MIGS Cultured Bacterial/Archaeal sample from Xanthomonas campestris	X213						BioSample: SAMN17386117; X213; SRA: SRS9061397	Brassica oleracea var. botrytis	Australia: Queensland	2000		"{""collection_date"":[""2000""],""env_broad_scale"":[""not applicable""],""env_local_scale"":[""not applicable""],""env_medium"":[""not applicable""],""geo_loc_name"":[""Australia: Queensland""],""host"":[""Brassica oleracea var. botrytis""],""isol_growth_condt"":[""https://doi.org/10.1111/j.1472-765X.2006.01887.x""],""lat_lon"":[""missing""],""num_replicons"":[""not collected""],""pathovar"":[""campestris""],""ref_biomaterial"":[""missing""],""strain"":[""X213""]}"	.cache/ncbi/v2_1/efetch_cbe376b0c133682caa7daeaad578e491957f7de946720278e1c8d38e13a3b4b6.xml	https://www.ncbi.nlm.nih.gov/biosample/SAMN17386117	ok	
d7408b60382a176f553e	NCPPB 4373	other_references	expected_genus	1472	17386116	SAMN17386116	Xanthomonas campestris	339	MIGS Cultured Bacterial/Archaeal sample from Xanthomonas campestris	X212						BioSample: SAMN17386116; X212; SRA: SRS9061399	Brassica oleracea var. botrytis	Australia: Queensland	2000		"{""collection_date"":[""2000""],""env_broad_scale"":[""not applicable""],""env_local_scale"":[""not applicable""],""env_medium"":[""not applicable""],""geo_loc_name"":[""Australia: Queensland""],""host"":[""Brassica oleracea var. botrytis""],""isol_growth_condt"":[""https://doi.org/10.1111/j.1472-765X.2006.01887.x""],""lat_lon"":[""missing""],""num_replicons"":[""not collected""],""pathovar"":[""campestris""],""ref_biomaterial"":[""missing""],""strain"":[""X212""]}"	.cache/ncbi/v2_1/efetch_cbe376b0c133682caa7daeaad578e491957f7de946720278e1c8d38e13a3b4b6.xml	https://www.ncbi.nlm.nih.gov/biosample/SAMN17386116	ok	
d7408b60382a176f553e	NCPPB 4373	other_references	expected_genus	1472	17386115	SAMN17386115	Xanthomonas campestris	339	MIGS Cultured Bacterial/Archaeal sample from Xanthomonas campestris	X211						BioSample: SAMN17386115; X211; SRA: SRS9061400	Brassica oleracea var. botrytis	Australia: Queensland	2000		"{""collection_date"":[""2000""],""env_broad_scale"":[""not applicable""],""env_local_scale"":[""not applicable""],""env_medium"":[""not applicable""],""geo_loc_name"":[""Australia: Queensland""],""host"":[""Brassica oleracea var. botrytis""],""isol_growth_condt"":[""https://doi.org/10.1111/j.1472-765X.2006.01887.x""],""lat_lon"":[""missing""],""num_replicons"":[""not collected""],""pathovar"":[""campestris""],""ref_biomaterial"":[""missing""],""strain"":[""X211""]}"	.cache/ncbi/v2_1/efetch_cbe376b0c133682caa7daeaad578e491957f7de946720278e1c8d38e13a3b4b6.xml	https://www.ncbi.nlm.nih.gov/biosample/SAMN17386115	ok	
d7408b60382a176f553e	NCPPB 4373	other_references	expected_genus	1472	17386114	SAMN17386114	Xanthomonas campestris	339	MIGS Cultured Bacterial/Archaeal sample from Xanthomonas campestris	X210						BioSample: SAMN17386114; X210; SRA: SRS9061401	Brassica oleracea var. botrytis	Australia: Queensland	2000		"{""collection_date"":[""2000""],""env_broad_scale"":[""not applicable""],""env_local_scale"":[""not applicable""],""env_medium"":[""not applicable""],""geo_loc_name"":[""Australia: Queensland""],""host"":[""Brassica oleracea var. botrytis""],""isol_growth_condt"":[""https://doi.org/10.1111/j.1472-765X.2006.01887.x""],""lat_lon"":[""missing""],""num_replicons"":[""not collected""],""pathovar"":[""campestris""],""ref_biomaterial"":[""missing""],""strain"":[""X210""]}"	.cache/ncbi/v2_1/efetch_cbe376b0c133682caa7daeaad578e491957f7de946720278e1c8d38e13a3b4b6.xml	https://www.ncbi.nlm.nih.gov/biosample/SAMN17386114	ok	
d7408b60382a176f553e	NCPPB 4373	other_references	expected_genus	1472	17386113	SAMN17386113	Xanthomonas campestris	339	MIGS Cultured Bacterial/Archaeal sample from Xanthomonas campestris	X209						BioSample: SAMN17386113; X209; SRA: SRS9061402	Brassica oleracea var. botrytis	Australia: Queensland	2000		"{""collection_date"":[""2000""],""env_broad_scale"":[""not applicable""],""env_local_scale"":[""not applicable""],""env_medium"":[""not applicable""],""geo_loc_name"":[""Australia: Queensland""],""host"":[""Brassica oleracea var. botrytis""],""isol_growth_condt"":[""https://doi.org/10.1111/j.1472-765X.2006.01887.x""],""lat_lon"":[""missing""],""num_replicons"":[""not collected""],""pathovar"":[""campestris""],""ref_biomaterial"":[""missing""],""strain"":[""X209""]}"	.cache/ncbi/v2_1/efetch_cbe376b0c133682caa7daeaad578e491957f7de946720278e1c8d38e13a3b4b6.xml	https://www.ncbi.nlm.nih.gov/biosample/SAMN17386113	ok	
d7408b60382a176f553e	NCPPB 4373	other_references	expected_genus	1472	17386112	SAMN17386112	Xanthomonas campestris	339	MIGS Cultured Bacterial/Archaeal sample from Xanthomonas campestris	X208						BioSample: SAMN17386112; X208; SRA: SRS9061403	Brassica oleracea var. botrytis	Australia: Queensland	2000		"{""collection_date"":[""2000""],""env_broad_scale"":[""not applicable""],""env_local_scale"":[""not applicable""],""env_medium"":[""not applicable""],""geo_loc_name"":[""Australia: Queensland""],""host"":[""Brassica oleracea var. botrytis""],""isol_growth_condt"":[""https://doi.org/10.1111/j.1472-765X.2006.01887.x""],""lat_lon"":[""missing""],""num_replicons"":[""not collected""],""pathovar"":[""campestris""],""ref_biomaterial"":[""missing""],""strain"":[""X208""]}"	.cache/ncbi/v2_1/efetch_cbaa9461d3db0dd419c1dcdec313a86cdc485de4ac3145dfa53d5cf03b9708bd.xml	https://www.ncbi.nlm.nih.gov/biosample/SAMN17386112	ok	
d7408b60382a176f553e	NCPPB 4373	other_references	expected_genus	1472	17386111	SAMN17386111	Xanthomonas campestris	339	MIGS Cultured Bacterial/Archaeal sample from Xanthomonas campestris	X207						BioSample: SAMN17386111; X207; SRA: SRS9061406	Brassica oleracea var. botrytis	Australia: Queensland	2000		"{""collection_date"":[""2000""],""env_broad_scale"":[""not applicable""],""env_local_scale"":[""not applicable""],""env_medium"":[""not applicable""],""geo_loc_name"":[""Australia: Queensland""],""host"":[""Brassica oleracea var. botrytis""],""isol_growth_condt"":[""https://doi.org/10.1111/j.1472-765X.2006.01887.x""],""lat_lon"":[""missing""],""num_replicons"":[""not collected""],""pathovar"":[""campestris""],""ref_biomaterial"":[""missing""],""strain"":[""X207""]}"	.cache/ncbi/v2_1/efetch_cbaa9461d3db0dd419c1dcdec313a86cdc485de4ac3145dfa53d5cf03b9708bd.xml	https://www.ncbi.nlm.nih.gov/biosample/SAMN17386111	ok	
d7408b60382a176f553e	NCPPB 4373	other_references	expected_genus	1472	17386110	SAMN17386110	Xanthomonas campestris	339	MIGS Cultured Bacterial/Archaeal sample from Xanthomonas campestris	X206						BioSample: SAMN17386110; X206; SRA: SRS9061404	Brassica oleracea var. botrytis	Australia: Queensland	2000		"{""collection_date"":[""2000""],""env_broad_scale"":[""not applicable""],""env_local_scale"":[""not applicable""],""env_medium"":[""not applicable""],""geo_loc_name"":[""Australia: Queensland""],""host"":[""Brassica oleracea var. botrytis""],""isol_growth_condt"":[""https://doi.org/10.1111/j.1472-765X.2006.01887.x""],""lat_lon"":[""missing""],""num_replicons"":[""not collected""],""pathovar"":[""campestris""],""ref_biomaterial"":[""missing""],""strain"":[""X206""]}"	.cache/ncbi/v2_1/efetch_cbaa9461d3db0dd419c1dcdec313a86cdc485de4ac3145dfa53d5cf03b9708bd.xml	https://www.ncbi.nlm.nih.gov/biosample/SAMN17386110	ok	
d7408b60382a176f553e	NCPPB 4373	other_references	expected_genus	1472	17386109	SAMN17386109	Xanthomonas campestris	339	MIGS Cultured Bacterial/Archaeal sample from Xanthomonas campestris	X204						BioSample: SAMN17386109; X204; SRA: SRS9061405	Brassica oleracea var. botrytis	Australia: Queensland	2000		"{""collection_date"":[""2000""],""env_broad_scale"":[""not applicable""],""env_local_scale"":[""not applicable""],""env_medium"":[""not applicable""],""geo_loc_name"":[""Australia: Queensland""],""host"":[""Brassica oleracea var. botrytis""],""isol_growth_condt"":[""https://doi.org/10.1111/j.1472-765X.2006.01887.x""],""lat_lon"":[""missing""],""num_replicons"":[""not collected""],""pathovar"":[""campestris""],""ref_biomaterial"":[""missing""],""strain"":[""X204""]}"	.cache/ncbi/v2_1/efetch_cbaa9461d3db0dd419c1dcdec313a86cdc485de4ac3145dfa53d5cf03b9708bd.xml	https://www.ncbi.nlm.nih.gov/biosample/SAMN17386109	ok	
d7408b60382a176f553e	NCPPB 4373	other_references	expected_genus	1472	17386108	SAMN17386108	Xanthomonas campestris	339	MIGS Cultured Bacterial/Archaeal sample from Xanthomonas campestris	X203						BioSample: SAMN17386108; X203; SRA: SRS9061407	Brassica oleracea var. botrytis	Australia: Queensland	2000		"{""collection_date"":[""2000""],""env_broad_scale"":[""not applicable""],""env_local_scale"":[""not applicable""],""env_medium"":[""not applicable""],""geo_loc_name"":[""Australia: Queensland""],""host"":[""Brassica oleracea var. botrytis""],""isol_growth_condt"":[""https://doi.org/10.1111/j.1472-765X.2006.01887.x""],""lat_lon"":[""missing""],""num_replicons"":[""not collected""],""pathovar"":[""campestris""],""ref_biomaterial"":[""missing""],""strain"":[""X203""]}"	.cache/ncbi/v2_1/efetch_cbaa9461d3db0dd419c1dcdec313a86cdc485de4ac3145dfa53d5cf03b9708bd.xml	https://www.ncbi.nlm.nih.gov/biosample/SAMN17386108	ok	
d7408b60382a176f553e	NCPPB 4373	other_references	expected_genus	1472	17386107	SAMN17386107	Xanthomonas campestris	339	MIGS Cultured Bacterial/Archaeal sample from Xanthomonas campestris	X201						BioSample: SAMN17386107; X201; SRA: SRS9061408	Brassica oleracea var. botrytis	Australia: Queensland	2000		"{""collection_date"":[""2000""],""env_broad_scale"":[""not applicable""],""env_local_scale"":[""not applicable""],""env_medium"":[""not applicable""],""geo_loc_name"":[""Australia: Queensland""],""host"":[""Brassica oleracea var. botrytis""],""isol_growth_condt"":[""https://doi.org/10.1111/j.1472-765X.2006.01887.x""],""lat_lon"":[""missing""],""num_replicons"":[""not collected""],""pathovar"":[""campestris""],""ref_biomaterial"":[""missing""],""strain"":[""X201""]}"	.cache/ncbi/v2_1/efetch_cbaa9461d3db0dd419c1dcdec313a86cdc485de4ac3145dfa53d5cf03b9708bd.xml	https://www.ncbi.nlm.nih.gov/biosample/SAMN17386107	ok	
d7408b60382a176f553e	NCPPB 4373	other_references	expected_genus	1472	17386106	SAMN17386106	Xanthomonas campestris	339	MIGS Cultured Bacterial/Archaeal sample from Xanthomonas campestris	X197						BioSample: SAMN17386106; X197; SRA: SRS9061410	Brassica oleracea var. botrytis	Australia: Queensland	2000		"{""collection_date"":[""2000""],""env_broad_scale"":[""not applicable""],""env_local_scale"":[""not applicable""],""env_medium"":[""not applicable""],""geo_loc_name"":[""Australia: Queensland""],""host"":[""Brassica oleracea var. botrytis""],""isol_growth_condt"":[""https://doi.org/10.1111/j.1472-765X.2006.01887.x""],""lat_lon"":[""missing""],""num_replicons"":[""not collected""],""pathovar"":[""campestris""],""ref_biomaterial"":[""missing""],""strain"":[""X197""]}"	.cache/ncbi/v2_1/efetch_cbaa9461d3db0dd419c1dcdec313a86cdc485de4ac3145dfa53d5cf03b9708bd.xml	https://www.ncbi.nlm.nih.gov/biosample/SAMN17386106	ok	
d7408b60382a176f553e	NCPPB 4373	other_references	expected_genus	1472	17386105	SAMN17386105	Xanthomonas campestris	339	MIGS Cultured Bacterial/Archaeal sample from Xanthomonas campestris	X196						BioSample: SAMN17386105; X196; SRA: SRS9061412	Brassica oleracea var. botrytis	Australia: Queensland	2000		"{""collection_date"":[""2000""],""env_broad_scale"":[""not applicable""],""env_local_scale"":[""not applicable""],""env_medium"":[""not applicable""],""geo_loc_name"":[""Australia: Queensland""],""host"":[""Brassica oleracea var. botrytis""],""isol_growth_condt"":[""https://doi.org/10.1111/j.1472-765X.2006.01887.x""],""lat_lon"":[""missing""],""num_replicons"":[""not collected""],""pathovar"":[""campestris""],""ref_biomaterial"":[""missing""],""strain"":[""X196""]}"	.cache/ncbi/v2_1/efetch_cbaa9461d3db0dd419c1dcdec313a86cdc485de4ac3145dfa53d5cf03b9708bd.xml	https://www.ncbi.nlm.nih.gov/biosample/SAMN17386105	ok	
d7408b60382a176f553e	NCPPB 4373	other_references	expected_genus	1472	17386104	SAMN17386104	Xanthomonas campestris	339	MIGS Cultured Bacterial/Archaeal sample from Xanthomonas campestris	X195						BioSample: SAMN17386104; X195; SRA: SRS9061411	Brassica oleracea var. botrytis	Australia: Queensland	2000		"{""collection_date"":[""2000""],""env_broad_scale"":[""not applicable""],""env_local_scale"":[""not applicable""],""env_medium"":[""not applicable""],""geo_loc_name"":[""Australia: Queensland""],""host"":[""Brassica oleracea var. botrytis""],""isol_growth_condt"":[""https://doi.org/10.1111/j.1472-765X.2006.01887.x""],""lat_lon"":[""missing""],""num_replicons"":[""not collected""],""pathovar"":[""campestris""],""ref_biomaterial"":[""missing""],""strain"":[""X195""]}"	.cache/ncbi/v2_1/efetch_cbaa9461d3db0dd419c1dcdec313a86cdc485de4ac3145dfa53d5cf03b9708bd.xml	https://www.ncbi.nlm.nih.gov/biosample/SAMN17386104	ok	
d7408b60382a176f553e	NCPPB 4373	other_references	expected_genus	1472	17386103	SAMN17386103	Xanthomonas campestris	339	MIGS Cultured Bacterial/Archaeal sample from Xanthomonas campestris	X194						BioSample: SAMN17386103; X194; SRA: SRS9061413	Brassica oleracea var. botrytis	Australia: Queensland	2000		"{""collection_date"":[""2000""],""env_broad_scale"":[""not applicable""],""env_local_scale"":[""not applicable""],""env_medium"":[""not applicable""],""geo_loc_name"":[""Australia: Queensland""],""host"":[""Brassica oleracea var. botrytis""],""isol_growth_condt"":[""https://doi.org/10.1111/j.1472-765X.2006.01887.x""],""lat_lon"":[""missing""],""num_replicons"":[""not collected""],""pathovar"":[""campestris""],""ref_biomaterial"":[""missing""],""strain"":[""X194""]}"	.cache/ncbi/v2_1/efetch_cbaa9461d3db0dd419c1dcdec313a86cdc485de4ac3145dfa53d5cf03b9708bd.xml	https://www.ncbi.nlm.nih.gov/biosample/SAMN17386103	ok	
d7408b60382a176f553e	NCPPB 4373	other_references	expected_genus	1472	17386102	SAMN17386102	Xanthomonas campestris	339	MIGS Cultured Bacterial/Archaeal sample from Xanthomonas campestris	X193						BioSample: SAMN17386102; X193; SRA: SRS9061414	Brassica oleracea var. botrytis	Australia: Queensland	2000		"{""collection_date"":[""2000""],""env_broad_scale"":[""not applicable""],""env_local_scale"":[""not applicable""],""env_medium"":[""not applicable""],""geo_loc_name"":[""Australia: Queensland""],""host"":[""Brassica oleracea var. botrytis""],""isol_growth_condt"":[""https://doi.org/10.1111/j.1472-765X.2006.01887.x""],""lat_lon"":[""missing""],""num_replicons"":[""not collected""],""pathovar"":[""campestris""],""ref_biomaterial"":[""missing""],""strain"":[""X193""]}"	.cache/ncbi/v2_1/efetch_cbaa9461d3db0dd419c1dcdec313a86cdc485de4ac3145dfa53d5cf03b9708bd.xml	https://www.ncbi.nlm.nih.gov/biosample/SAMN17386102	ok	
d7408b60382a176f553e	NCPPB 4373	other_references	expected_genus	1472	17386101	SAMN17386101	Xanthomonas campestris	339	MIGS Cultured Bacterial/Archaeal sample from Xanthomonas campestris	X192						BioSample: SAMN17386101; X192; SRA: SRS9061415	Brassica oleracea var. botrytis	Australia: Queensland	2000		"{""collection_date"":[""2000""],""env_broad_scale"":[""not applicable""],""env_local_scale"":[""not applicable""],""env_medium"":[""not applicable""],""geo_loc_name"":[""Australia: Queensland""],""host"":[""Brassica oleracea var. botrytis""],""isol_growth_condt"":[""https://doi.org/10.1111/j.1472-765X.2006.01887.x""],""lat_lon"":[""missing""],""num_replicons"":[""not collected""],""pathovar"":[""campestris""],""ref_biomaterial"":[""missing""],""strain"":[""X192""]}"	.cache/ncbi/v2_1/efetch_cbaa9461d3db0dd419c1dcdec313a86cdc485de4ac3145dfa53d5cf03b9708bd.xml	https://www.ncbi.nlm.nih.gov/biosample/SAMN17386101	ok	
d7408b60382a176f553e	NCPPB 4373	other_references	expected_genus	1472	17386100	SAMN17386100	Xanthomonas campestris	339	MIGS Cultured Bacterial/Archaeal sample from Xanthomonas campestris	X191						BioSample: SAMN17386100; X191; SRA: SRS9061416	Brassica oleracea var. botrytis	Australia: Queensland	2000		"{""collection_date"":[""2000""],""env_broad_scale"":[""not applicable""],""env_local_scale"":[""not applicable""],""env_medium"":[""not applicable""],""geo_loc_name"":[""Australia: Queensland""],""host"":[""Brassica oleracea var. botrytis""],""isol_growth_condt"":[""https://doi.org/10.1111/j.1472-765X.2006.01887.x""],""lat_lon"":[""missing""],""num_replicons"":[""not collected""],""pathovar"":[""campestris""],""ref_biomaterial"":[""missing""],""strain"":[""X191""]}"	.cache/ncbi/v2_1/efetch_cbaa9461d3db0dd419c1dcdec313a86cdc485de4ac3145dfa53d5cf03b9708bd.xml	https://www.ncbi.nlm.nih.gov/biosample/SAMN17386100	ok	
d7408b60382a176f553e	NCPPB 4373	other_references	expected_genus	1472	17386099	SAMN17386099	Xanthomonas campestris	339	MIGS Cultured Bacterial/Archaeal sample from Xanthomonas campestris	X190						BioSample: SAMN17386099; X190; SRA: SRS9061417	Brassica oleracea var. botrytis	Australia: Queensland	2000		"{""collection_date"":[""2000""],""env_broad_scale"":[""not applicable""],""env_local_scale"":[""not applicable""],""env_medium"":[""not applicable""],""geo_loc_name"":[""Australia: Queensland""],""host"":[""Brassica oleracea var. botrytis""],""isol_growth_condt"":[""https://doi.org/10.1111/j.1472-765X.2006.01887.x""],""lat_lon"":[""missing""],""num_replicons"":[""not collected""],""pathovar"":[""campestris""],""ref_biomaterial"":[""missing""],""strain"":[""X190""]}"	.cache/ncbi/v2_1/efetch_cbaa9461d3db0dd419c1dcdec313a86cdc485de4ac3145dfa53d5cf03b9708bd.xml	https://www.ncbi.nlm.nih.gov/biosample/SAMN17386099	ok	
d7408b60382a176f553e	NCPPB 4373	other_references	expected_genus	1472	17386098	SAMN17386098	Xanthomonas campestris	339	MIGS Cultured Bacterial/Archaeal sample from Xanthomonas campestris	X188						BioSample: SAMN17386098; X188; SRA: SRS9061418	Brassica oleracea var. botrytis	Australia: Queensland	2000		"{""collection_date"":[""2000""],""env_broad_scale"":[""not applicable""],""env_local_scale"":[""not applicable""],""env_medium"":[""not applicable""],""geo_loc_name"":[""Australia: Queensland""],""host"":[""Brassica oleracea var. botrytis""],""isol_growth_condt"":[""https://doi.org/10.1111/j.1472-765X.2006.01887.x""],""lat_lon"":[""missing""],""num_replicons"":[""not collected""],""pathovar"":[""campestris""],""ref_biomaterial"":[""missing""],""strain"":[""X188""]}"	.cache/ncbi/v2_1/efetch_cbaa9461d3db0dd419c1dcdec313a86cdc485de4ac3145dfa53d5cf03b9708bd.xml	https://www.ncbi.nlm.nih.gov/biosample/SAMN17386098	ok	
d7408b60382a176f553e	NCPPB 4373	other_references	expected_genus	1472	17386097	SAMN17386097	Xanthomonas campestris	339	MIGS Cultured Bacterial/Archaeal sample from Xanthomonas campestris	X187						BioSample: SAMN17386097; X187; SRA: SRS9061419	Brassica oleracea var. botrytis	Australia: Queensland	2000		"{""collection_date"":[""2000""],""env_broad_scale"":[""not applicable""],""env_local_scale"":[""not applicable""],""env_medium"":[""not applicable""],""geo_loc_name"":[""Australia: Queensland""],""host"":[""Brassica oleracea var. botrytis""],""isol_growth_condt"":[""https://doi.org/10.1111/j.1472-765X.2006.01887.x""],""lat_lon"":[""missing""],""num_replicons"":[""not collected""],""pathovar"":[""campestris""],""ref_biomaterial"":[""missing""],""strain"":[""X187""]}"	.cache/ncbi/v2_1/efetch_cbaa9461d3db0dd419c1dcdec313a86cdc485de4ac3145dfa53d5cf03b9708bd.xml	https://www.ncbi.nlm.nih.gov/biosample/SAMN17386097	ok	
d7408b60382a176f553e	NCPPB 4373	other_references	expected_genus	1472	17386096	SAMN17386096	Xanthomonas campestris	339	MIGS Cultured Bacterial/Archaeal sample from Xanthomonas campestris	X186						BioSample: SAMN17386096; X186; SRA: SRS9061422	Brassica oleracea var. botrytis	Australia: Queensland	2000		"{""collection_date"":[""2000""],""env_broad_scale"":[""not applicable""],""env_local_scale"":[""not applicable""],""env_medium"":[""not applicable""],""geo_loc_name"":[""Australia: Queensland""],""host"":[""Brassica oleracea var. botrytis""],""isol_growth_condt"":[""https://doi.org/10.1111/j.1472-765X.2006.01887.x""],""lat_lon"":[""missing""],""num_replicons"":[""not collected""],""pathovar"":[""campestris""],""ref_biomaterial"":[""missing""],""strain"":[""X186""]}"	.cache/ncbi/v2_1/efetch_cbaa9461d3db0dd419c1dcdec313a86cdc485de4ac3145dfa53d5cf03b9708bd.xml	https://www.ncbi.nlm.nih.gov/biosample/SAMN17386096	ok	
d7408b60382a176f553e	NCPPB 4373	other_references	expected_genus	1472	17386095	SAMN17386095	Xanthomonas campestris	339	MIGS Cultured Bacterial/Archaeal sample from Xanthomonas campestris	X185						BioSample: SAMN17386095; X185; SRA: SRS9061423	Brassica oleracea var. botrytis	Australia: Queensland	2000		"{""collection_date"":[""2000""],""env_broad_scale"":[""not applicable""],""env_local_scale"":[""not applicable""],""env_medium"":[""not applicable""],""geo_loc_name"":[""Australia: Queensland""],""host"":[""Brassica oleracea var. botrytis""],""isol_growth_condt"":[""https://doi.org/10.1111/j.1472-765X.2006.01887.x""],""lat_lon"":[""missing""],""num_replicons"":[""not collected""],""pathovar"":[""campestris""],""ref_biomaterial"":[""missing""],""strain"":[""X185""]}"	.cache/ncbi/v2_1/efetch_cbaa9461d3db0dd419c1dcdec313a86cdc485de4ac3145dfa53d5cf03b9708bd.xml	https://www.ncbi.nlm.nih.gov/biosample/SAMN17386095	ok	
d7408b60382a176f553e	NCPPB 4373	other_references	expected_genus	1472	17386094	SAMN17386094	Xanthomonas campestris	339	MIGS Cultured Bacterial/Archaeal sample from Xanthomonas campestris	X184						BioSample: SAMN17386094; X184; SRA: SRS9061424	Brassica oleracea var. botrytis	Australia: Queensland	2000		"{""collection_date"":[""2000""],""env_broad_scale"":[""not applicable""],""env_local_scale"":[""not applicable""],""env_medium"":[""not applicable""],""geo_loc_name"":[""Australia: Queensland""],""host"":[""Brassica oleracea var. botrytis""],""isol_growth_condt"":[""https://doi.org/10.1111/j.1472-765X.2006.01887.x""],""lat_lon"":[""missing""],""num_replicons"":[""not collected""],""pathovar"":[""campestris""],""ref_biomaterial"":[""missing""],""strain"":[""X184""]}"	.cache/ncbi/v2_1/efetch_cbaa9461d3db0dd419c1dcdec313a86cdc485de4ac3145dfa53d5cf03b9708bd.xml	https://www.ncbi.nlm.nih.gov/biosample/SAMN17386094	ok	
d7408b60382a176f553e	NCPPB 4373	other_references	expected_genus	1472	17386093	SAMN17386093	Xanthomonas campestris	339	MIGS Cultured Bacterial/Archaeal sample from Xanthomonas campestris	X183						BioSample: SAMN17386093; X183; SRA: SRS9061425	Brassica oleracea var. botrytis	Australia: Queensland	2000		"{""collection_date"":[""2000""],""env_broad_scale"":[""not applicable""],""env_local_scale"":[""not applicable""],""env_medium"":[""not applicable""],""geo_loc_name"":[""Australia: Queensland""],""host"":[""Brassica oleracea var. botrytis""],""isol_growth_condt"":[""https://doi.org/10.1111/j.1472-765X.2006.01887.x""],""lat_lon"":[""missing""],""num_replicons"":[""not collected""],""pathovar"":[""campestris""],""ref_biomaterial"":[""missing""],""strain"":[""X183""]}"	.cache/ncbi/v2_1/efetch_cbaa9461d3db0dd419c1dcdec313a86cdc485de4ac3145dfa53d5cf03b9708bd.xml	https://www.ncbi.nlm.nih.gov/biosample/SAMN17386093	ok	
d7408b60382a176f553e	NCPPB 4373	other_references	expected_genus	1472	17386092	SAMN17386092	Xanthomonas campestris	339	MIGS Cultured Bacterial/Archaeal sample from Xanthomonas campestris	X182						BioSample: SAMN17386092; X182; SRA: SRS9061426	Brassica oleracea var. botrytis	Australia: Queensland	2000		"{""collection_date"":[""2000""],""env_broad_scale"":[""not applicable""],""env_local_scale"":[""not applicable""],""env_medium"":[""not applicable""],""geo_loc_name"":[""Australia: Queensland""],""host"":[""Brassica oleracea var. botrytis""],""isol_growth_condt"":[""https://doi.org/10.1111/j.1472-765X.2006.01887.x""],""lat_lon"":[""missing""],""num_replicons"":[""not collected""],""pathovar"":[""campestris""],""ref_biomaterial"":[""missing""],""strain"":[""X182""]}"	.cache/ncbi/v2_1/efetch_cbaa9461d3db0dd419c1dcdec313a86cdc485de4ac3145dfa53d5cf03b9708bd.xml	https://www.ncbi.nlm.nih.gov/biosample/SAMN17386092	ok	
d7408b60382a176f553e	NCPPB 4373	other_references	expected_genus	1472	17386091	SAMN17386091	Xanthomonas campestris	339	MIGS Cultured Bacterial/Archaeal sample from Xanthomonas campestris	X181						BioSample: SAMN17386091; X181; SRA: SRS9061429	Brassica oleracea var. botrytis	Australia: Queensland	2000		"{""collection_date"":[""2000""],""env_broad_scale"":[""not applicable""],""env_local_scale"":[""not applicable""],""env_medium"":[""not applicable""],""geo_loc_name"":[""Australia: Queensland""],""host"":[""Brassica oleracea var. botrytis""],""isol_growth_condt"":[""https://doi.org/10.1111/j.1472-765X.2006.01887.x""],""lat_lon"":[""missing""],""num_replicons"":[""not collected""],""pathovar"":[""campestris""],""ref_biomaterial"":[""missing""],""strain"":[""X181""]}"	.cache/ncbi/v2_1/efetch_cbaa9461d3db0dd419c1dcdec313a86cdc485de4ac3145dfa53d5cf03b9708bd.xml	https://www.ncbi.nlm.nih.gov/biosample/SAMN17386091	ok	
d7408b60382a176f553e	NCPPB 4373	other_references	expected_genus	1472	17386090	SAMN17386090	Xanthomonas campestris	339	MIGS Cultured Bacterial/Archaeal sample from Xanthomonas campestris	X180						BioSample: SAMN17386090; X180; SRA: SRS9061430	Brassica oleracea var. botrytis	Australia: Queensland	2000		"{""collection_date"":[""2000""],""env_broad_scale"":[""not applicable""],""env_local_scale"":[""not applicable""],""env_medium"":[""not applicable""],""geo_loc_name"":[""Australia: Queensland""],""host"":[""Brassica oleracea var. botrytis""],""isol_growth_condt"":[""https://doi.org/10.1111/j.1472-765X.2006.01887.x""],""lat_lon"":[""missing""],""num_replicons"":[""not collected""],""pathovar"":[""campestris""],""ref_biomaterial"":[""missing""],""strain"":[""X180""]}"	.cache/ncbi/v2_1/efetch_cbaa9461d3db0dd419c1dcdec313a86cdc485de4ac3145dfa53d5cf03b9708bd.xml	https://www.ncbi.nlm.nih.gov/biosample/SAMN17386090	ok	
d7408b60382a176f553e	NCPPB 4373	other_references	expected_genus	1472	17386089	SAMN17386089	Xanthomonas campestris	339	MIGS Cultured Bacterial/Archaeal sample from Xanthomonas campestris	X179						BioSample: SAMN17386089; X179; SRA: SRS9061431	Brassica oleracea var. botrytis	Australia: Queensland	2000		"{""collection_date"":[""2000""],""env_broad_scale"":[""not applicable""],""env_local_scale"":[""not applicable""],""env_medium"":[""not applicable""],""geo_loc_name"":[""Australia: Queensland""],""host"":[""Brassica oleracea var. botrytis""],""isol_growth_condt"":[""https://doi.org/10.1111/j.1472-765X.2006.01887.x""],""lat_lon"":[""missing""],""num_replicons"":[""not collected""],""pathovar"":[""campestris""],""ref_biomaterial"":[""missing""],""strain"":[""X179""]}"	.cache/ncbi/v2_1/efetch_cbaa9461d3db0dd419c1dcdec313a86cdc485de4ac3145dfa53d5cf03b9708bd.xml	https://www.ncbi.nlm.nih.gov/biosample/SAMN17386089	ok	
d7408b60382a176f553e	NCPPB 4373	other_references	expected_genus	1472	17386088	SAMN17386088	Xanthomonas campestris	339	MIGS Cultured Bacterial/Archaeal sample from Xanthomonas campestris	X178						BioSample: SAMN17386088; X178; SRA: SRS9061432	Brassica oleracea var. botrytis	Australia: Queensland	2000		"{""collection_date"":[""2000""],""env_broad_scale"":[""not applicable""],""env_local_scale"":[""not applicable""],""env_medium"":[""not applicable""],""geo_loc_name"":[""Australia: Queensland""],""host"":[""Brassica oleracea var. botrytis""],""isol_growth_condt"":[""https://doi.org/10.1111/j.1472-765X.2006.01887.x""],""lat_lon"":[""missing""],""num_replicons"":[""not collected""],""pathovar"":[""campestris""],""ref_biomaterial"":[""missing""],""strain"":[""X178""]}"	.cache/ncbi/v2_1/efetch_cbaa9461d3db0dd419c1dcdec313a86cdc485de4ac3145dfa53d5cf03b9708bd.xml	https://www.ncbi.nlm.nih.gov/biosample/SAMN17386088	ok	
d7408b60382a176f553e	NCPPB 4373	other_references	expected_genus	1472	17386087	SAMN17386087	Xanthomonas campestris	339	MIGS Cultured Bacterial/Archaeal sample from Xanthomonas campestris	X177						BioSample: SAMN17386087; X177; SRA: SRS9061434	Brassica oleracea var. botrytis	Australia: Queensland	2000		"{""collection_date"":[""2000""],""env_broad_scale"":[""not applicable""],""env_local_scale"":[""not applicable""],""env_medium"":[""not applicable""],""geo_loc_name"":[""Australia: Queensland""],""host"":[""Brassica oleracea var. botrytis""],""isol_growth_condt"":[""https://doi.org/10.1111/j.1472-765X.2006.01887.x""],""lat_lon"":[""missing""],""num_replicons"":[""not collected""],""pathovar"":[""campestris""],""ref_biomaterial"":[""missing""],""strain"":[""X177""]}"	.cache/ncbi/v2_1/efetch_cbaa9461d3db0dd419c1dcdec313a86cdc485de4ac3145dfa53d5cf03b9708bd.xml	https://www.ncbi.nlm.nih.gov/biosample/SAMN17386087	ok	
d7408b60382a176f553e	NCPPB 4373	other_references	expected_genus	1472	17386086	SAMN17386086	Xanthomonas campestris	339	MIGS Cultured Bacterial/Archaeal sample from Xanthomonas campestris	X172						BioSample: SAMN17386086; X172; SRA: SRS9061435	Brassica oleracea var. botrytis	Australia: Queensland	2000		"{""collection_date"":[""2000""],""env_broad_scale"":[""not applicable""],""env_local_scale"":[""not applicable""],""env_medium"":[""not applicable""],""geo_loc_name"":[""Australia: Queensland""],""host"":[""Brassica oleracea var. botrytis""],""isol_growth_condt"":[""https://doi.org/10.1111/j.1472-765X.2006.01887.x""],""lat_lon"":[""missing""],""num_replicons"":[""not collected""],""pathovar"":[""campestris""],""ref_biomaterial"":[""missing""],""strain"":[""X172""]}"	.cache/ncbi/v2_1/efetch_cbaa9461d3db0dd419c1dcdec313a86cdc485de4ac3145dfa53d5cf03b9708bd.xml	https://www.ncbi.nlm.nih.gov/biosample/SAMN17386086	ok	
d7408b60382a176f553e	NCPPB 4373	other_references	expected_genus	1472	17386085	SAMN17386085	Xanthomonas campestris	339	MIGS Cultured Bacterial/Archaeal sample from Xanthomonas campestris	X171						BioSample: SAMN17386085; X171; SRA: SRS9061437	Brassica oleracea var. botrytis	Australia: Queensland	2000		"{""collection_date"":[""2000""],""env_broad_scale"":[""not applicable""],""env_local_scale"":[""not applicable""],""env_medium"":[""not applicable""],""geo_loc_name"":[""Australia: Queensland""],""host"":[""Brassica oleracea var. botrytis""],""isol_growth_condt"":[""https://doi.org/10.1111/j.1472-765X.2006.01887.x""],""lat_lon"":[""missing""],""num_replicons"":[""not collected""],""pathovar"":[""campestris""],""ref_biomaterial"":[""missing""],""strain"":[""X171""]}"	.cache/ncbi/v2_1/efetch_cbaa9461d3db0dd419c1dcdec313a86cdc485de4ac3145dfa53d5cf03b9708bd.xml	https://www.ncbi.nlm.nih.gov/biosample/SAMN17386085	ok	
d7408b60382a176f553e	NCPPB 4373	other_references	expected_genus	1472	17386084	SAMN17386084	Xanthomonas campestris	339	MIGS Cultured Bacterial/Archaeal sample from Xanthomonas campestris	X170						BioSample: SAMN17386084; X170; SRA: SRS9061436	Brassica oleracea var. botrytis	Australia: Queensland	2000		"{""collection_date"":[""2000""],""env_broad_scale"":[""not applicable""],""env_local_scale"":[""not applicable""],""env_medium"":[""not applicable""],""geo_loc_name"":[""Australia: Queensland""],""host"":[""Brassica oleracea var. botrytis""],""isol_growth_condt"":[""https://doi.org/10.1111/j.1472-765X.2006.01887.x""],""lat_lon"":[""missing""],""num_replicons"":[""not collected""],""pathovar"":[""campestris""],""ref_biomaterial"":[""https://doi.org/10.1111/j.1365-3059.2005.01186.x""],""strain"":[""X170""]}"	.cache/ncbi/v2_1/efetch_cbaa9461d3db0dd419c1dcdec313a86cdc485de4ac3145dfa53d5cf03b9708bd.xml	https://www.ncbi.nlm.nih.gov/biosample/SAMN17386084	ok	
d7408b60382a176f553e	NCPPB 4373	other_references	expected_genus	1472	17386083	SAMN17386083	Xanthomonas campestris	339	MIGS Cultured Bacterial/Archaeal sample from Xanthomonas campestris	X169						BioSample: SAMN17386083; X169; SRA: SRS9061439	Brassica oleracea var. botrytis	Australia: Queensland	2000		"{""collection_date"":[""2000""],""env_broad_scale"":[""not applicable""],""env_local_scale"":[""not applicable""],""env_medium"":[""not applicable""],""geo_loc_name"":[""Australia: Queensland""],""host"":[""Brassica oleracea var. botrytis""],""isol_growth_condt"":[""https://doi.org/10.1111/j.1472-765X.2006.01887.x""],""lat_lon"":[""missing""],""num_replicons"":[""not collected""],""pathovar"":[""campestris""],""ref_biomaterial"":[""missing""],""strain"":[""X169""]}"	.cache/ncbi/v2_1/efetch_cbaa9461d3db0dd419c1dcdec313a86cdc485de4ac3145dfa53d5cf03b9708bd.xml	https://www.ncbi.nlm.nih.gov/biosample/SAMN17386083	ok	
d7408b60382a176f553e	NCPPB 4373	other_references	expected_genus	1472	17386082	SAMN17386082	Xanthomonas campestris	339	MIGS Cultured Bacterial/Archaeal sample from Xanthomonas campestris	X168						BioSample: SAMN17386082; X168; SRA: SRS9061438	Brassica oleracea var. botrytis	Australia: Queensland	2000		"{""collection_date"":[""2000""],""env_broad_scale"":[""not applicable""],""env_local_scale"":[""not applicable""],""env_medium"":[""not applicable""],""geo_loc_name"":[""Australia: Queensland""],""host"":[""Brassica oleracea var. botrytis""],""isol_growth_condt"":[""https://doi.org/10.1111/j.1472-765X.2006.01887.x""],""lat_lon"":[""missing""],""num_replicons"":[""not collected""],""pathovar"":[""campestris""],""ref_biomaterial"":[""missing""],""strain"":[""X168""]}"	.cache/ncbi/v2_1/efetch_cbaa9461d3db0dd419c1dcdec313a86cdc485de4ac3145dfa53d5cf03b9708bd.xml	https://www.ncbi.nlm.nih.gov/biosample/SAMN17386082	ok	
d7408b60382a176f553e	NCPPB 4373	other_references	expected_genus	1472	17386081	SAMN17386081	Xanthomonas campestris	339	MIGS Cultured Bacterial/Archaeal sample from Xanthomonas campestris	X167						BioSample: SAMN17386081; X167; SRA: SRS9061440	Brassica oleracea var. botrytis	Australia: Queensland	2000		"{""collection_date"":[""2000""],""env_broad_scale"":[""not applicable""],""env_local_scale"":[""not applicable""],""env_medium"":[""not applicable""],""geo_loc_name"":[""Australia: Queensland""],""host"":[""Brassica oleracea var. botrytis""],""isol_growth_condt"":[""https://doi.org/10.1111/j.1472-765X.2006.01887.x""],""lat_lon"":[""missing""],""num_replicons"":[""not collected""],""pathovar"":[""campestris""],""ref_biomaterial"":[""missing""],""strain"":[""X167""]}"	.cache/ncbi/v2_1/efetch_cbaa9461d3db0dd419c1dcdec313a86cdc485de4ac3145dfa53d5cf03b9708bd.xml	https://www.ncbi.nlm.nih.gov/biosample/SAMN17386081	ok	
d7408b60382a176f553e	NCPPB 4373	other_references	expected_genus	1472	17386080	SAMN17386080	Xanthomonas campestris	339	MIGS Cultured Bacterial/Archaeal sample from Xanthomonas campestris	X166						BioSample: SAMN17386080; X166; SRA: SRS9061441	Brassica oleracea var. botrytis	Australia: Queensland	2000		"{""collection_date"":[""2000""],""env_broad_scale"":[""not applicable""],""env_local_scale"":[""not applicable""],""env_medium"":[""not applicable""],""geo_loc_name"":[""Australia: Queensland""],""host"":[""Brassica oleracea var. botrytis""],""isol_growth_condt"":[""https://doi.org/10.1111/j.1472-765X.2006.01887.x""],""lat_lon"":[""missing""],""num_replicons"":[""not collected""],""pathovar"":[""campestris""],""ref_biomaterial"":[""missing""],""strain"":[""X166""]}"	.cache/ncbi/v2_1/efetch_cbaa9461d3db0dd419c1dcdec313a86cdc485de4ac3145dfa53d5cf03b9708bd.xml	https://www.ncbi.nlm.nih.gov/biosample/SAMN17386080	ok	
d7408b60382a176f553e	NCPPB 4373	other_references	expected_genus	1472	17386079	SAMN17386079	Xanthomonas campestris	339	MIGS Cultured Bacterial/Archaeal sample from Xanthomonas campestris	X165						BioSample: SAMN17386079; X165; SRA: SRS9061442	Brassica oleracea var. botrytis	Australia: Queensland	2000		"{""collection_date"":[""2000""],""env_broad_scale"":[""not applicable""],""env_local_scale"":[""not applicable""],""env_medium"":[""not applicable""],""geo_loc_name"":[""Australia: Queensland""],""host"":[""Brassica oleracea var. botrytis""],""isol_growth_condt"":[""https://doi.org/10.1111/j.1472-765X.2006.01887.x""],""lat_lon"":[""missing""],""num_replicons"":[""not collected""],""pathovar"":[""campestris""],""ref_biomaterial"":[""missing""],""strain"":[""X165""]}"	.cache/ncbi/v2_1/efetch_cbaa9461d3db0dd419c1dcdec313a86cdc485de4ac3145dfa53d5cf03b9708bd.xml	https://www.ncbi.nlm.nih.gov/biosample/SAMN17386079	ok	
d7408b60382a176f553e	NCPPB 4373	other_references	expected_genus	1472	17386078	SAMN17386078	Xanthomonas campestris	339	MIGS Cultured Bacterial/Archaeal sample from Xanthomonas campestris	X164						BioSample: SAMN17386078; X164; SRA: SRS9061443	Brassica oleracea var. botrytis	Australia: Queensland	2000		"{""collection_date"":[""2000""],""env_broad_scale"":[""not applicable""],""env_local_scale"":[""not applicable""],""env_medium"":[""not applicable""],""geo_loc_name"":[""Australia: Queensland""],""host"":[""Brassica oleracea var. botrytis""],""isol_growth_condt"":[""https://doi.org/10.1111/j.1472-765X.2006.01887.x""],""lat_lon"":[""missing""],""num_replicons"":[""not collected""],""pathovar"":[""campestris""],""ref_biomaterial"":[""missing""],""strain"":[""X164""]}"	.cache/ncbi/v2_1/efetch_cbaa9461d3db0dd419c1dcdec313a86cdc485de4ac3145dfa53d5cf03b9708bd.xml	https://www.ncbi.nlm.nih.gov/biosample/SAMN17386078	ok	
d7408b60382a176f553e	NCPPB 4373	other_references	expected_genus	1472	17386077	SAMN17386077	Xanthomonas campestris	339	MIGS Cultured Bacterial/Archaeal sample from Xanthomonas campestris	X163						BioSample: SAMN17386077; X163; SRA: SRS9061427	Brassica oleracea var. botrytis	Australia: Queensland	2000		"{""collection_date"":[""2000""],""env_broad_scale"":[""not applicable""],""env_local_scale"":[""not applicable""],""env_medium"":[""not applicable""],""geo_loc_name"":[""Australia: Queensland""],""host"":[""Brassica oleracea var. botrytis""],""isol_growth_condt"":[""https://doi.org/10.1111/j.1472-765X.2006.01887.x""],""lat_lon"":[""missing""],""num_replicons"":[""not collected""],""pathovar"":[""campestris""],""ref_biomaterial"":[""missing""],""strain"":[""X163""]}"	.cache/ncbi/v2_1/efetch_cbaa9461d3db0dd419c1dcdec313a86cdc485de4ac3145dfa53d5cf03b9708bd.xml	https://www.ncbi.nlm.nih.gov/biosample/SAMN17386077	ok	
d7408b60382a176f553e	NCPPB 4373	other_references	expected_genus	1472	17386076	SAMN17386076	Xanthomonas campestris	339	MIGS Cultured Bacterial/Archaeal sample from Xanthomonas campestris	X162						BioSample: SAMN17386076; X162; SRA: SRS9061444	Brassica oleracea var. botrytis	Australia: Queensland	2000		"{""collection_date"":[""2000""],""env_broad_scale"":[""not applicable""],""env_local_scale"":[""not applicable""],""env_medium"":[""not applicable""],""geo_loc_name"":[""Australia: Queensland""],""host"":[""Brassica oleracea var. botrytis""],""isol_growth_condt"":[""https://doi.org/10.1111/j.1472-765X.2006.01887.x""],""lat_lon"":[""missing""],""num_replicons"":[""not collected""],""pathovar"":[""campestris""],""ref_biomaterial"":[""missing""],""strain"":[""X162""]}"	.cache/ncbi/v2_1/efetch_cbaa9461d3db0dd419c1dcdec313a86cdc485de4ac3145dfa53d5cf03b9708bd.xml	https://www.ncbi.nlm.nih.gov/biosample/SAMN17386076	ok	
d7408b60382a176f553e	NCPPB 4373	other_references	expected_genus	1472	17386075	SAMN17386075	Xanthomonas campestris	339	MIGS Cultured Bacterial/Archaeal sample from Xanthomonas campestris	X161						BioSample: SAMN17386075; X161; SRA: SRS9061461	Brassica oleracea var. botrytis	Australia: Queensland	2000		"{""collection_date"":[""2000""],""env_broad_scale"":[""not applicable""],""env_local_scale"":[""not applicable""],""env_medium"":[""not applicable""],""geo_loc_name"":[""Australia: Queensland""],""host"":[""Brassica oleracea var. botrytis""],""isol_growth_condt"":[""https://doi.org/10.1111/j.1472-765X.2006.01887.x""],""lat_lon"":[""missing""],""num_replicons"":[""not collected""],""pathovar"":[""campestris""],""ref_biomaterial"":[""missing""],""strain"":[""X161""]}"	.cache/ncbi/v2_1/efetch_cbaa9461d3db0dd419c1dcdec313a86cdc485de4ac3145dfa53d5cf03b9708bd.xml	https://www.ncbi.nlm.nih.gov/biosample/SAMN17386075	ok	
d7408b60382a176f553e	NCPPB 4373	other_references	expected_genus	1472	17386074	SAMN17386074	Xanthomonas campestris	339	MIGS Cultured Bacterial/Archaeal sample from Xanthomonas campestris	X160						BioSample: SAMN17386074; X160; SRA: SRS9061462	Brassica oleracea var. botrytis	Australia: Queensland	2000		"{""collection_date"":[""2000""],""env_broad_scale"":[""not applicable""],""env_local_scale"":[""not applicable""],""env_medium"":[""not applicable""],""geo_loc_name"":[""Australia: Queensland""],""host"":[""Brassica oleracea var. botrytis""],""isol_growth_condt"":[""https://doi.org/10.1111/j.1472-765X.2006.01887.x""],""lat_lon"":[""missing""],""num_replicons"":[""not collected""],""pathovar"":[""campestris""],""ref_biomaterial"":[""missing""],""strain"":[""X160""]}"	.cache/ncbi/v2_1/efetch_cbaa9461d3db0dd419c1dcdec313a86cdc485de4ac3145dfa53d5cf03b9708bd.xml	https://www.ncbi.nlm.nih.gov/biosample/SAMN17386074	ok	
d7408b60382a176f553e	NCPPB 4373	other_references	expected_genus	1472	17386073	SAMN17386073	Xanthomonas campestris	339	MIGS Cultured Bacterial/Archaeal sample from Xanthomonas campestris	X159						BioSample: SAMN17386073; X159; SRA: SRS9061463	Brassica oleracea var. botrytis	Australia: Queensland	2000		"{""collection_date"":[""2000""],""env_broad_scale"":[""not applicable""],""env_local_scale"":[""not applicable""],""env_medium"":[""not applicable""],""geo_loc_name"":[""Australia: Queensland""],""host"":[""Brassica oleracea var. botrytis""],""isol_growth_condt"":[""https://doi.org/10.1111/j.1472-765X.2006.01887.x""],""lat_lon"":[""missing""],""num_replicons"":[""not collected""],""pathovar"":[""campestris""],""ref_biomaterial"":[""missing""],""strain"":[""X159""]}"	.cache/ncbi/v2_1/efetch_cbaa9461d3db0dd419c1dcdec313a86cdc485de4ac3145dfa53d5cf03b9708bd.xml	https://www.ncbi.nlm.nih.gov/biosample/SAMN17386073	ok	
d7408b60382a176f553e	NCPPB 4373	other_references	expected_genus	1472	17386072	SAMN17386072	Xanthomonas campestris	339	MIGS Cultured Bacterial/Archaeal sample from Xanthomonas campestris	X158						BioSample: SAMN17386072; X158; SRA: SRS9061465	Brassica oleracea var. botrytis	Australia: Queensland	2000		"{""collection_date"":[""2000""],""env_broad_scale"":[""not applicable""],""env_local_scale"":[""not applicable""],""env_medium"":[""not applicable""],""geo_loc_name"":[""Australia: Queensland""],""host"":[""Brassica oleracea var. botrytis""],""isol_growth_condt"":[""https://doi.org/10.1111/j.1472-765X.2006.01887.x""],""lat_lon"":[""missing""],""num_replicons"":[""not collected""],""pathovar"":[""campestris""],""ref_biomaterial"":[""missing""],""strain"":[""X158""]}"	.cache/ncbi/v2_1/efetch_cbaa9461d3db0dd419c1dcdec313a86cdc485de4ac3145dfa53d5cf03b9708bd.xml	https://www.ncbi.nlm.nih.gov/biosample/SAMN17386072	ok	
d7408b60382a176f553e	NCPPB 4373	other_references	expected_genus	1472	17386071	SAMN17386071	Xanthomonas campestris	339	MIGS Cultured Bacterial/Archaeal sample from Xanthomonas campestris	X157						BioSample: SAMN17386071; X157; SRA: SRS9061464	Brassica oleracea var. botrytis	Australia: Queensland	2000		"{""collection_date"":[""2000""],""env_broad_scale"":[""not applicable""],""env_local_scale"":[""not applicable""],""env_medium"":[""not applicable""],""geo_loc_name"":[""Australia: Queensland""],""host"":[""Brassica oleracea var. botrytis""],""isol_growth_condt"":[""https://doi.org/10.1111/j.1472-765X.2006.01887.x""],""lat_lon"":[""missing""],""num_replicons"":[""not collected""],""pathovar"":[""campestris""],""ref_biomaterial"":[""missing""],""strain"":[""X157""]}"	.cache/ncbi/v2_1/efetch_cbaa9461d3db0dd419c1dcdec313a86cdc485de4ac3145dfa53d5cf03b9708bd.xml	https://www.ncbi.nlm.nih.gov/biosample/SAMN17386071	ok	
d7408b60382a176f553e	NCPPB 4373	other_references	expected_genus	1472	17386070	SAMN17386070	Xanthomonas campestris	339	MIGS Cultured Bacterial/Archaeal sample from Xanthomonas campestris	X156						BioSample: SAMN17386070; X156; SRA: SRS9061466	Brassica oleracea var. botrytis	Australia: Queensland	2000		"{""collection_date"":[""2000""],""env_broad_scale"":[""not applicable""],""env_local_scale"":[""not applicable""],""env_medium"":[""not applicable""],""geo_loc_name"":[""Australia: Queensland""],""host"":[""Brassica oleracea var. botrytis""],""isol_growth_condt"":[""https://doi.org/10.1111/j.1472-765X.2006.01887.x""],""lat_lon"":[""missing""],""num_replicons"":[""not collected""],""pathovar"":[""campestris""],""ref_biomaterial"":[""https://doi.org/10.1111/j.1365-3059.2005.01186.x""],""strain"":[""X156""]}"	.cache/ncbi/v2_1/efetch_cbaa9461d3db0dd419c1dcdec313a86cdc485de4ac3145dfa53d5cf03b9708bd.xml	https://www.ncbi.nlm.nih.gov/biosample/SAMN17386070	ok	
d7408b60382a176f553e	NCPPB 4373	other_references	expected_genus	1472	17386069	SAMN17386069	Xanthomonas campestris	339	MIGS Cultured Bacterial/Archaeal sample from Xanthomonas campestris	X155						BioSample: SAMN17386069; X155; SRA: SRS9061467	Brassica oleracea var. botrytis	Australia: Queensland	2000		"{""collection_date"":[""2000""],""env_broad_scale"":[""not applicable""],""env_local_scale"":[""not applicable""],""env_medium"":[""not applicable""],""geo_loc_name"":[""Australia: Queensland""],""host"":[""Brassica oleracea var. botrytis""],""isol_growth_condt"":[""https://doi.org/10.1111/j.1472-765X.2006.01887.x""],""lat_lon"":[""missing""],""num_replicons"":[""not collected""],""pathovar"":[""campestris""],""ref_biomaterial"":[""missing""],""strain"":[""X155""]}"	.cache/ncbi/v2_1/efetch_cbaa9461d3db0dd419c1dcdec313a86cdc485de4ac3145dfa53d5cf03b9708bd.xml	https://www.ncbi.nlm.nih.gov/biosample/SAMN17386069	ok	
d7408b60382a176f553e	NCPPB 4373	other_references	expected_genus	1472	17386068	SAMN17386068	Xanthomonas campestris	339	MIGS Cultured Bacterial/Archaeal sample from Xanthomonas campestris	X154						BioSample: SAMN17386068; X154; SRA: SRS9061468	Brassica oleracea var. botrytis	Australia: Queensland	2000		"{""collection_date"":[""2000""],""env_broad_scale"":[""not applicable""],""env_local_scale"":[""not applicable""],""env_medium"":[""not applicable""],""geo_loc_name"":[""Australia: Queensland""],""host"":[""Brassica oleracea var. botrytis""],""isol_growth_condt"":[""https://doi.org/10.1111/j.1472-765X.2006.01887.x""],""lat_lon"":[""missing""],""num_replicons"":[""not collected""],""pathovar"":[""campestris""],""ref_biomaterial"":[""missing""],""strain"":[""X154""]}"	.cache/ncbi/v2_1/efetch_cbaa9461d3db0dd419c1dcdec313a86cdc485de4ac3145dfa53d5cf03b9708bd.xml	https://www.ncbi.nlm.nih.gov/biosample/SAMN17386068	ok	
d7408b60382a176f553e	NCPPB 4373	other_references	expected_genus	1472	17386067	SAMN17386067	Xanthomonas campestris	339	MIGS Cultured Bacterial/Archaeal sample from Xanthomonas campestris	X153						BioSample: SAMN17386067; X153; SRA: SRS9061469	Brassica oleracea var. botrytis	Australia: Queensland	2000		"{""collection_date"":[""2000""],""env_broad_scale"":[""not applicable""],""env_local_scale"":[""not applicable""],""env_medium"":[""not applicable""],""geo_loc_name"":[""Australia: Queensland""],""host"":[""Brassica oleracea var. botrytis""],""isol_growth_condt"":[""https://doi.org/10.1111/j.1472-765X.2006.01887.x""],""lat_lon"":[""missing""],""num_replicons"":[""not collected""],""pathovar"":[""campestris""],""ref_biomaterial"":[""missing""],""strain"":[""X153""]}"	.cache/ncbi/v2_1/efetch_cbaa9461d3db0dd419c1dcdec313a86cdc485de4ac3145dfa53d5cf03b9708bd.xml	https://www.ncbi.nlm.nih.gov/biosample/SAMN17386067	ok	
d7408b60382a176f553e	NCPPB 4373	other_references	expected_genus	1472	17386066	SAMN17386066	Xanthomonas campestris	339	MIGS Cultured Bacterial/Archaeal sample from Xanthomonas campestris	X152						BioSample: SAMN17386066; X152; SRA: SRS9061471	Brassica oleracea var. botrytis	Australia: Queensland	2000		"{""collection_date"":[""2000""],""env_broad_scale"":[""not applicable""],""env_local_scale"":[""not applicable""],""env_medium"":[""not applicable""],""geo_loc_name"":[""Australia: Queensland""],""host"":[""Brassica oleracea var. botrytis""],""isol_growth_condt"":[""https://doi.org/10.1111/j.1472-765X.2006.01887.x""],""lat_lon"":[""missing""],""num_replicons"":[""not collected""],""pathovar"":[""campestris""],""ref_biomaterial"":[""missing""],""strain"":[""X152""]}"	.cache/ncbi/v2_1/efetch_cbaa9461d3db0dd419c1dcdec313a86cdc485de4ac3145dfa53d5cf03b9708bd.xml	https://www.ncbi.nlm.nih.gov/biosample/SAMN17386066	ok	
d7408b60382a176f553e	NCPPB 4373	other_references	expected_genus	1472	17386065	SAMN17386065	Xanthomonas campestris	339	MIGS Cultured Bacterial/Archaeal sample from Xanthomonas campestris	X150						BioSample: SAMN17386065; X150; SRA: SRS9061472	Brassica oleracea var. botrytis	Australia: Queensland	2000		"{""collection_date"":[""2000""],""env_broad_scale"":[""not applicable""],""env_local_scale"":[""not applicable""],""env_medium"":[""not applicable""],""geo_loc_name"":[""Australia: Queensland""],""host"":[""Brassica oleracea var. botrytis""],""isol_growth_condt"":[""https://doi.org/10.1111/j.1472-765X.2006.01887.x""],""lat_lon"":[""missing""],""num_replicons"":[""not collected""],""pathovar"":[""campestris""],""ref_biomaterial"":[""missing""],""strain"":[""X150""]}"	.cache/ncbi/v2_1/efetch_cbaa9461d3db0dd419c1dcdec313a86cdc485de4ac3145dfa53d5cf03b9708bd.xml	https://www.ncbi.nlm.nih.gov/biosample/SAMN17386065	ok	
d7408b60382a176f553e	NCPPB 4373	other_references	expected_genus	1472	17386064	SAMN17386064	Xanthomonas campestris	339	MIGS Cultured Bacterial/Archaeal sample from Xanthomonas campestris	X149						BioSample: SAMN17386064; X149; SRA: SRS9061473	Brassica oleracea var. botrytis	Australia: Queensland	2000		"{""collection_date"":[""2000""],""env_broad_scale"":[""not applicable""],""env_local_scale"":[""not applicable""],""env_medium"":[""not applicable""],""geo_loc_name"":[""Australia: Queensland""],""host"":[""Brassica oleracea var. botrytis""],""isol_growth_condt"":[""https://doi.org/10.1111/j.1472-765X.2006.01887.x""],""lat_lon"":[""missing""],""num_replicons"":[""not collected""],""pathovar"":[""campestris""],""ref_biomaterial"":[""missing""],""strain"":[""X149""]}"	.cache/ncbi/v2_1/efetch_cbaa9461d3db0dd419c1dcdec313a86cdc485de4ac3145dfa53d5cf03b9708bd.xml	https://www.ncbi.nlm.nih.gov/biosample/SAMN17386064	ok	
d7408b60382a176f553e	NCPPB 4373	other_references	expected_genus	1472	17386063	SAMN17386063	Xanthomonas campestris	339	MIGS Cultured Bacterial/Archaeal sample from Xanthomonas campestris	X148						BioSample: SAMN17386063; X148; SRA: SRS9061474	Brassica oleracea var. botrytis	Australia: Queensland	2000		"{""collection_date"":[""2000""],""env_broad_scale"":[""not applicable""],""env_local_scale"":[""not applicable""],""env_medium"":[""not applicable""],""geo_loc_name"":[""Australia: Queensland""],""host"":[""Brassica oleracea var. botrytis""],""isol_growth_condt"":[""https://doi.org/10.1111/j.1472-765X.2006.01887.x""],""lat_lon"":[""missing""],""num_replicons"":[""not collected""],""pathovar"":[""campestris""],""ref_biomaterial"":[""missing""],""strain"":[""X148""]}"	.cache/ncbi/v2_1/efetch_cbaa9461d3db0dd419c1dcdec313a86cdc485de4ac3145dfa53d5cf03b9708bd.xml	https://www.ncbi.nlm.nih.gov/biosample/SAMN17386063	ok	
d7408b60382a176f553e	NCPPB 4373	other_references	expected_genus	1472	17386062	SAMN17386062	Xanthomonas campestris	339	MIGS Cultured Bacterial/Archaeal sample from Xanthomonas campestris	X147						BioSample: SAMN17386062; X147; SRA: SRS9061475	Brassica oleracea var. botrytis	Australia: Queensland	2000		"{""collection_date"":[""2000""],""env_broad_scale"":[""not applicable""],""env_local_scale"":[""not applicable""],""env_medium"":[""not applicable""],""geo_loc_name"":[""Australia: Queensland""],""host"":[""Brassica oleracea var. botrytis""],""isol_growth_condt"":[""https://doi.org/10.1111/j.1472-765X.2006.01887.x""],""lat_lon"":[""missing""],""num_replicons"":[""not collected""],""pathovar"":[""campestris""],""ref_biomaterial"":[""missing""],""strain"":[""X147""]}"	.cache/ncbi/v2_1/efetch_cbaa9461d3db0dd419c1dcdec313a86cdc485de4ac3145dfa53d5cf03b9708bd.xml	https://www.ncbi.nlm.nih.gov/biosample/SAMN17386062	ok	
d7408b60382a176f553e	NCPPB 4373	other_references	expected_genus	1472	17386061	SAMN17386061	Xanthomonas campestris	339	MIGS Cultured Bacterial/Archaeal sample from Xanthomonas campestris	X146						BioSample: SAMN17386061; X146; SRA: SRS9061476	Brassica oleracea var. botrytis	Australia: Queensland	2000		"{""collection_date"":[""2000""],""env_broad_scale"":[""not applicable""],""env_local_scale"":[""not applicable""],""env_medium"":[""not applicable""],""geo_loc_name"":[""Australia: Queensland""],""host"":[""Brassica oleracea var. botrytis""],""isol_growth_condt"":[""https://doi.org/10.1111/j.1472-765X.2006.01887.x""],""lat_lon"":[""missing""],""num_replicons"":[""not collected""],""pathovar"":[""campestris""],""ref_biomaterial"":[""missing""],""strain"":[""X146""]}"	.cache/ncbi/v2_1/efetch_cbaa9461d3db0dd419c1dcdec313a86cdc485de4ac3145dfa53d5cf03b9708bd.xml	https://www.ncbi.nlm.nih.gov/biosample/SAMN17386061	ok	
d7408b60382a176f553e	NCPPB 4373	other_references	expected_genus	1472	17386060	SAMN17386060	Xanthomonas campestris	339	MIGS Cultured Bacterial/Archaeal sample from Xanthomonas campestris	X145						BioSample: SAMN17386060; X145; SRA: SRS9061477	Brassica oleracea var. botrytis	Australia: Queensland	2000		"{""collection_date"":[""2000""],""env_broad_scale"":[""not applicable""],""env_local_scale"":[""not applicable""],""env_medium"":[""not applicable""],""geo_loc_name"":[""Australia: Queensland""],""host"":[""Brassica oleracea var. botrytis""],""isol_growth_condt"":[""https://doi.org/10.1111/j.1472-765X.2006.01887.x""],""lat_lon"":[""missing""],""num_replicons"":[""not collected""],""pathovar"":[""campestris""],""ref_biomaterial"":[""missing""],""strain"":[""X145""]}"	.cache/ncbi/v2_1/efetch_cbaa9461d3db0dd419c1dcdec313a86cdc485de4ac3145dfa53d5cf03b9708bd.xml	https://www.ncbi.nlm.nih.gov/biosample/SAMN17386060	ok	
d7408b60382a176f553e	NCPPB 4373	other_references	expected_genus	1472	17386059	SAMN17386059	Xanthomonas campestris	339	MIGS Cultured Bacterial/Archaeal sample from Xanthomonas campestris	X144						BioSample: SAMN17386059; X144; SRA: SRS9061478	Brassica oleracea var. botrytis	Australia: Queensland	2000		"{""collection_date"":[""2000""],""env_broad_scale"":[""not applicable""],""env_local_scale"":[""not applicable""],""env_medium"":[""not applicable""],""geo_loc_name"":[""Australia: Queensland""],""host"":[""Brassica oleracea var. botrytis""],""isol_growth_condt"":[""https://doi.org/10.1111/j.1472-765X.2006.01887.x""],""lat_lon"":[""missing""],""num_replicons"":[""not collected""],""pathovar"":[""campestris""],""ref_biomaterial"":[""missing""],""strain"":[""X144""]}"	.cache/ncbi/v2_1/efetch_cbaa9461d3db0dd419c1dcdec313a86cdc485de4ac3145dfa53d5cf03b9708bd.xml	https://www.ncbi.nlm.nih.gov/biosample/SAMN17386059	ok	
d7408b60382a176f553e	NCPPB 4373	other_references	expected_genus	1472	17386058	SAMN17386058	Xanthomonas campestris	339	MIGS Cultured Bacterial/Archaeal sample from Xanthomonas campestris	X143						BioSample: SAMN17386058; X143; SRA: SRS9061479	Brassica oleracea var. botrytis	Australia: Queensland	2000		"{""collection_date"":[""2000""],""env_broad_scale"":[""not applicable""],""env_local_scale"":[""not applicable""],""env_medium"":[""not applicable""],""geo_loc_name"":[""Australia: Queensland""],""host"":[""Brassica oleracea var. botrytis""],""isol_growth_condt"":[""https://doi.org/10.1111/j.1472-765X.2006.01887.x""],""lat_lon"":[""missing""],""num_replicons"":[""not collected""],""pathovar"":[""campestris""],""ref_biomaterial"":[""missing""],""strain"":[""X143""]}"	.cache/ncbi/v2_1/efetch_cbaa9461d3db0dd419c1dcdec313a86cdc485de4ac3145dfa53d5cf03b9708bd.xml	https://www.ncbi.nlm.nih.gov/biosample/SAMN17386058	ok	
d7408b60382a176f553e	NCPPB 4373	other_references	expected_genus	1472	17386057	SAMN17386057	Xanthomonas campestris	339	MIGS Cultured Bacterial/Archaeal sample from Xanthomonas campestris	X142						BioSample: SAMN17386057; X142; SRA: SRS9061480	Brassica oleracea var. botrytis	Australia: Queensland	2000		"{""collection_date"":[""2000""],""env_broad_scale"":[""not applicable""],""env_local_scale"":[""not applicable""],""env_medium"":[""not applicable""],""geo_loc_name"":[""Australia: Queensland""],""host"":[""Brassica oleracea var. botrytis""],""isol_growth_condt"":[""https://doi.org/10.1111/j.1472-765X.2006.01887.x""],""lat_lon"":[""missing""],""num_replicons"":[""not collected""],""pathovar"":[""campestris""],""ref_biomaterial"":[""missing""],""strain"":[""X142""]}"	.cache/ncbi/v2_1/efetch_cbaa9461d3db0dd419c1dcdec313a86cdc485de4ac3145dfa53d5cf03b9708bd.xml	https://www.ncbi.nlm.nih.gov/biosample/SAMN17386057	ok	
d7408b60382a176f553e	NCPPB 4373	other_references	expected_genus	1472	17386056	SAMN17386056	Xanthomonas campestris	339	MIGS Cultured Bacterial/Archaeal sample from Xanthomonas campestris	X141						BioSample: SAMN17386056; X141; SRA: SRS9061482	Brassica oleracea var. botrytis	Australia: Queensland	2000		"{""collection_date"":[""2000""],""env_broad_scale"":[""not applicable""],""env_local_scale"":[""not applicable""],""env_medium"":[""not applicable""],""geo_loc_name"":[""Australia: Queensland""],""host"":[""Brassica oleracea var. botrytis""],""isol_growth_condt"":[""https://doi.org/10.1111/j.1472-765X.2006.01887.x""],""lat_lon"":[""missing""],""num_replicons"":[""not collected""],""pathovar"":[""campestris""],""ref_biomaterial"":[""missing""],""strain"":[""X141""]}"	.cache/ncbi/v2_1/efetch_cbaa9461d3db0dd419c1dcdec313a86cdc485de4ac3145dfa53d5cf03b9708bd.xml	https://www.ncbi.nlm.nih.gov/biosample/SAMN17386056	ok	
d7408b60382a176f553e	NCPPB 4373	other_references	expected_genus	1472	17386055	SAMN17386055	Xanthomonas campestris	339	MIGS Cultured Bacterial/Archaeal sample from Xanthomonas campestris	X139						BioSample: SAMN17386055; X139; SRA: SRS9061483	Brassica oleracea var. botrytis	Australia: Queensland	2000		"{""collection_date"":[""2000""],""env_broad_scale"":[""not applicable""],""env_local_scale"":[""not applicable""],""env_medium"":[""not applicable""],""geo_loc_name"":[""Australia: Queensland""],""host"":[""Brassica oleracea var. botrytis""],""isol_growth_condt"":[""https://doi.org/10.1111/j.1472-765X.2006.01887.x""],""lat_lon"":[""missing""],""num_replicons"":[""not collected""],""pathovar"":[""campestris""],""ref_biomaterial"":[""missing""],""strain"":[""X139""]}"	.cache/ncbi/v2_1/efetch_cbaa9461d3db0dd419c1dcdec313a86cdc485de4ac3145dfa53d5cf03b9708bd.xml	https://www.ncbi.nlm.nih.gov/biosample/SAMN17386055	ok	
d7408b60382a176f553e	NCPPB 4373	other_references	expected_genus	1472	17386054	SAMN17386054	Xanthomonas campestris	339	MIGS Cultured Bacterial/Archaeal sample from Xanthomonas campestris	X138						BioSample: SAMN17386054; X138; SRA: SRS9061484	Brassica oleracea var. botrytis	Australia: Queensland	2000		"{""collection_date"":[""2000""],""env_broad_scale"":[""not applicable""],""env_local_scale"":[""not applicable""],""env_medium"":[""not applicable""],""geo_loc_name"":[""Australia: Queensland""],""host"":[""Brassica oleracea var. botrytis""],""isol_growth_condt"":[""https://doi.org/10.1111/j.1472-765X.2006.01887.x""],""lat_lon"":[""missing""],""num_replicons"":[""not collected""],""pathovar"":[""campestris""],""ref_biomaterial"":[""missing""],""strain"":[""X138""]}"	.cache/ncbi/v2_1/efetch_cbaa9461d3db0dd419c1dcdec313a86cdc485de4ac3145dfa53d5cf03b9708bd.xml	https://www.ncbi.nlm.nih.gov/biosample/SAMN17386054	ok	
d7408b60382a176f553e	NCPPB 4373	other_references	expected_genus	1472	17386053	SAMN17386053	Xanthomonas campestris	339	MIGS Cultured Bacterial/Archaeal sample from Xanthomonas campestris	X136						BioSample: SAMN17386053; X136; SRA: SRS9061485	Brassica oleracea var. botrytis	Australia: Queensland	2000		"{""collection_date"":[""2000""],""env_broad_scale"":[""not applicable""],""env_local_scale"":[""not applicable""],""env_medium"":[""not applicable""],""geo_loc_name"":[""Australia: Queensland""],""host"":[""Brassica oleracea var. botrytis""],""isol_growth_condt"":[""https://doi.org/10.1111/j.1472-765X.2006.01887.x""],""lat_lon"":[""missing""],""num_replicons"":[""not collected""],""pathovar"":[""campestris""],""ref_biomaterial"":[""missing""],""strain"":[""X136""]}"	.cache/ncbi/v2_1/efetch_cbaa9461d3db0dd419c1dcdec313a86cdc485de4ac3145dfa53d5cf03b9708bd.xml	https://www.ncbi.nlm.nih.gov/biosample/SAMN17386053	ok	
d7408b60382a176f553e	NCPPB 4373	other_references	expected_genus	1472	17386052	SAMN17386052	Xanthomonas campestris	339	MIGS Cultured Bacterial/Archaeal sample from Xanthomonas campestris	X135						BioSample: SAMN17386052; X135; SRA: SRS9061486	Brassica oleracea var. botrytis	Australia: Queensland	2000		"{""collection_date"":[""2000""],""env_broad_scale"":[""not applicable""],""env_local_scale"":[""not applicable""],""env_medium"":[""not applicable""],""geo_loc_name"":[""Australia: Queensland""],""host"":[""Brassica oleracea var. botrytis""],""isol_growth_condt"":[""https://doi.org/10.1111/j.1472-765X.2006.01887.x""],""lat_lon"":[""missing""],""num_replicons"":[""not collected""],""pathovar"":[""campestris""],""ref_biomaterial"":[""missing""],""strain"":[""X135""]}"	.cache/ncbi/v2_1/efetch_cbaa9461d3db0dd419c1dcdec313a86cdc485de4ac3145dfa53d5cf03b9708bd.xml	https://www.ncbi.nlm.nih.gov/biosample/SAMN17386052	ok	
d7408b60382a176f553e	NCPPB 4373	other_references	expected_genus	1472	17386051	SAMN17386051	Xanthomonas campestris	339	MIGS Cultured Bacterial/Archaeal sample from Xanthomonas campestris	X134						BioSample: SAMN17386051; X134; SRA: SRS9061487	Brassica oleracea var. botrytis	Australia: Queensland	2000		"{""collection_date"":[""2000""],""env_broad_scale"":[""not applicable""],""env_local_scale"":[""not applicable""],""env_medium"":[""not applicable""],""geo_loc_name"":[""Australia: Queensland""],""host"":[""Brassica oleracea var. botrytis""],""isol_growth_condt"":[""https://doi.org/10.1111/j.1472-765X.2006.01887.x""],""lat_lon"":[""missing""],""num_replicons"":[""not collected""],""pathovar"":[""campestris""],""ref_biomaterial"":[""missing""],""strain"":[""X134""]}"	.cache/ncbi/v2_1/efetch_cbaa9461d3db0dd419c1dcdec313a86cdc485de4ac3145dfa53d5cf03b9708bd.xml	https://www.ncbi.nlm.nih.gov/biosample/SAMN17386051	ok	
d7408b60382a176f553e	NCPPB 4373	other_references	expected_genus	1472	17386050	SAMN17386050	Xanthomonas campestris	339	MIGS Cultured Bacterial/Archaeal sample from Xanthomonas campestris	X133						BioSample: SAMN17386050; X133; SRA: SRS9061489	Brassica oleracea var. botrytis	Australia: Queensland	2000		"{""collection_date"":[""2000""],""env_broad_scale"":[""not applicable""],""env_local_scale"":[""not applicable""],""env_medium"":[""not applicable""],""geo_loc_name"":[""Australia: Queensland""],""host"":[""Brassica oleracea var. botrytis""],""isol_growth_condt"":[""https://doi.org/10.1111/j.1472-765X.2006.01887.x""],""lat_lon"":[""missing""],""num_replicons"":[""not collected""],""pathovar"":[""campestris""],""ref_biomaterial"":[""missing""],""strain"":[""X133""]}"	.cache/ncbi/v2_1/efetch_cbaa9461d3db0dd419c1dcdec313a86cdc485de4ac3145dfa53d5cf03b9708bd.xml	https://www.ncbi.nlm.nih.gov/biosample/SAMN17386050	ok	
d7408b60382a176f553e	NCPPB 4373	other_references	expected_genus	1472	17386049	SAMN17386049	Xanthomonas campestris	339	MIGS Cultured Bacterial/Archaeal sample from Xanthomonas campestris	X132						BioSample: SAMN17386049; X132; SRA: SRS9061488	Brassica oleracea var. botrytis	Australia: Queensland	2000		"{""collection_date"":[""2000""],""env_broad_scale"":[""not applicable""],""env_local_scale"":[""not applicable""],""env_medium"":[""not applicable""],""geo_loc_name"":[""Australia: Queensland""],""host"":[""Brassica oleracea var. botrytis""],""isol_growth_condt"":[""https://doi.org/10.1111/j.1472-765X.2006.01887.x""],""lat_lon"":[""missing""],""num_replicons"":[""not collected""],""pathovar"":[""campestris""],""ref_biomaterial"":[""missing""],""strain"":[""X132""]}"	.cache/ncbi/v2_1/efetch_cbaa9461d3db0dd419c1dcdec313a86cdc485de4ac3145dfa53d5cf03b9708bd.xml	https://www.ncbi.nlm.nih.gov/biosample/SAMN17386049	ok	
d7408b60382a176f553e	NCPPB 4373	other_references	expected_genus	1472	17386048	SAMN17386048	Xanthomonas campestris	339	MIGS Cultured Bacterial/Archaeal sample from Xanthomonas campestris	X130						BioSample: SAMN17386048; X130; SRA: SRS9061490	Brassica oleracea var. botrytis	Australia: Queensland	2000		"{""collection_date"":[""2000""],""env_broad_scale"":[""not applicable""],""env_local_scale"":[""not applicable""],""env_medium"":[""not applicable""],""geo_loc_name"":[""Australia: Queensland""],""host"":[""Brassica oleracea var. botrytis""],""isol_growth_condt"":[""https://doi.org/10.1111/j.1472-765X.2006.01887.x""],""lat_lon"":[""missing""],""num_replicons"":[""not collected""],""pathovar"":[""campestris""],""ref_biomaterial"":[""missing""],""strain"":[""X130""]}"	.cache/ncbi/v2_1/efetch_cbaa9461d3db0dd419c1dcdec313a86cdc485de4ac3145dfa53d5cf03b9708bd.xml	https://www.ncbi.nlm.nih.gov/biosample/SAMN17386048	ok	
d7408b60382a176f553e	NCPPB 4373	other_references	expected_genus	1472	17386047	SAMN17386047	Xanthomonas campestris	339	MIGS Cultured Bacterial/Archaeal sample from Xanthomonas campestris	X129						BioSample: SAMN17386047; X129; SRA: SRS9061491	Brassica oleracea var. botrytis	Australia: Queensland	2000		"{""collection_date"":[""2000""],""env_broad_scale"":[""not applicable""],""env_local_scale"":[""not applicable""],""env_medium"":[""not applicable""],""geo_loc_name"":[""Australia: Queensland""],""host"":[""Brassica oleracea var. botrytis""],""isol_growth_condt"":[""https://doi.org/10.1111/j.1472-765X.2006.01887.x""],""lat_lon"":[""missing""],""num_replicons"":[""not collected""],""pathovar"":[""campestris""],""ref_biomaterial"":[""missing""],""strain"":[""X129""]}"	.cache/ncbi/v2_1/efetch_cbaa9461d3db0dd419c1dcdec313a86cdc485de4ac3145dfa53d5cf03b9708bd.xml	https://www.ncbi.nlm.nih.gov/biosample/SAMN17386047	ok	
d7408b60382a176f553e	NCPPB 4373	other_references	expected_genus	1472	17386046	SAMN17386046	Xanthomonas campestris	339	MIGS Cultured Bacterial/Archaeal sample from Xanthomonas campestris	X128						BioSample: SAMN17386046; X128; SRA: SRS9061509	Brassica oleracea var. botrytis	Australia: Queensland	2000		"{""collection_date"":[""2000""],""env_broad_scale"":[""not applicable""],""env_local_scale"":[""not applicable""],""env_medium"":[""not applicable""],""geo_loc_name"":[""Australia: Queensland""],""host"":[""Brassica oleracea var. botrytis""],""isol_growth_condt"":[""https://doi.org/10.1111/j.1472-765X.2006.01887.x""],""lat_lon"":[""missing""],""num_replicons"":[""not collected""],""pathovar"":[""campestris""],""ref_biomaterial"":[""https://doi.org/10.1111/j.1365-3059.2005.01186.x""],""strain"":[""X128""]}"	.cache/ncbi/v2_1/efetch_cbaa9461d3db0dd419c1dcdec313a86cdc485de4ac3145dfa53d5cf03b9708bd.xml	https://www.ncbi.nlm.nih.gov/biosample/SAMN17386046	ok	
d7408b60382a176f553e	NCPPB 4373	other_references	expected_genus	1472	17386045	SAMN17386045	Xanthomonas campestris	339	MIGS Cultured Bacterial/Archaeal sample from Xanthomonas campestris	X127						BioSample: SAMN17386045; X127; SRA: SRS9061508	Brassica oleracea var. botrytis	Australia: Queensland	2000		"{""collection_date"":[""2000""],""env_broad_scale"":[""not applicable""],""env_local_scale"":[""not applicable""],""env_medium"":[""not applicable""],""geo_loc_name"":[""Australia: Queensland""],""host"":[""Brassica oleracea var. botrytis""],""isol_growth_condt"":[""https://doi.org/10.1111/j.1472-765X.2006.01887.x""],""lat_lon"":[""missing""],""num_replicons"":[""not collected""],""pathovar"":[""campestris""],""ref_biomaterial"":[""missing""],""strain"":[""X127""]}"	.cache/ncbi/v2_1/efetch_cbaa9461d3db0dd419c1dcdec313a86cdc485de4ac3145dfa53d5cf03b9708bd.xml	https://www.ncbi.nlm.nih.gov/biosample/SAMN17386045	ok	
d7408b60382a176f553e	NCPPB 4373	other_references	expected_genus	1472	17386044	SAMN17386044	Xanthomonas campestris	339	MIGS Cultured Bacterial/Archaeal sample from Xanthomonas campestris	X126						BioSample: SAMN17386044; X126; SRA: SRS9061511	Brassica oleracea var. botrytis	Australia: Queensland	2000		"{""collection_date"":[""2000""],""env_broad_scale"":[""not applicable""],""env_local_scale"":[""not applicable""],""env_medium"":[""not applicable""],""geo_loc_name"":[""Australia: Queensland""],""host"":[""Brassica oleracea var. botrytis""],""isol_growth_condt"":[""https://doi.org/10.1111/j.1472-765X.2006.01887.x""],""lat_lon"":[""missing""],""num_replicons"":[""not collected""],""pathovar"":[""campestris""],""ref_biomaterial"":[""missing""],""strain"":[""X126""]}"	.cache/ncbi/v2_1/efetch_cbaa9461d3db0dd419c1dcdec313a86cdc485de4ac3145dfa53d5cf03b9708bd.xml	https://www.ncbi.nlm.nih.gov/biosample/SAMN17386044	ok	
d7408b60382a176f553e	NCPPB 4373	other_references	expected_genus	1472	17386043	SAMN17386043	Xanthomonas campestris	339	MIGS Cultured Bacterial/Archaeal sample from Xanthomonas campestris	X125						BioSample: SAMN17386043; X125; SRA: SRS9061512	Brassica oleracea var. botrytis	Australia: Queensland	2000		"{""collection_date"":[""2000""],""env_broad_scale"":[""not applicable""],""env_local_scale"":[""not applicable""],""env_medium"":[""not applicable""],""geo_loc_name"":[""Australia: Queensland""],""host"":[""Brassica oleracea var. botrytis""],""isol_growth_condt"":[""https://doi.org/10.1111/j.1472-765X.2006.01887.x""],""lat_lon"":[""missing""],""num_replicons"":[""not collected""],""pathovar"":[""campestris""],""ref_biomaterial"":[""missing""],""strain"":[""X125""]}"	.cache/ncbi/v2_1/efetch_cbaa9461d3db0dd419c1dcdec313a86cdc485de4ac3145dfa53d5cf03b9708bd.xml	https://www.ncbi.nlm.nih.gov/biosample/SAMN17386043	ok	
d7408b60382a176f553e	NCPPB 4373	other_references	expected_genus	1472	17386042	SAMN17386042	Xanthomonas campestris	339	MIGS Cultured Bacterial/Archaeal sample from Xanthomonas campestris	X124						BioSample: SAMN17386042; X124; SRA: SRS9061513	Brassica oleracea var. botrytis	Australia: Queensland	2000		"{""collection_date"":[""2000""],""env_broad_scale"":[""not applicable""],""env_local_scale"":[""not applicable""],""env_medium"":[""not applicable""],""geo_loc_name"":[""Australia: Queensland""],""host"":[""Brassica oleracea var. botrytis""],""isol_growth_condt"":[""https://doi.org/10.1111/j.1472-765X.2006.01887.x""],""lat_lon"":[""missing""],""num_replicons"":[""not collected""],""pathovar"":[""campestris""],""ref_biomaterial"":[""missing""],""strain"":[""X124""]}"	.cache/ncbi/v2_1/efetch_cbaa9461d3db0dd419c1dcdec313a86cdc485de4ac3145dfa53d5cf03b9708bd.xml	https://www.ncbi.nlm.nih.gov/biosample/SAMN17386042	ok	
d7408b60382a176f553e	NCPPB 4373	other_references	expected_genus	1472	17386041	SAMN17386041	Xanthomonas campestris	339	MIGS Cultured Bacterial/Archaeal sample from Xanthomonas campestris	X123						BioSample: SAMN17386041; X123; SRA: SRS9061514	missing	Australia: Queensland	2000		"{""collection_date"":[""2000""],""env_broad_scale"":[""not applicable""],""env_local_scale"":[""not applicable""],""env_medium"":[""not applicable""],""geo_loc_name"":[""Australia: Queensland""],""host"":[""missing""],""isol_growth_condt"":[""https://doi.org/10.1111/j.1472-765X.2006.01887.x""],""lat_lon"":[""missing""],""num_replicons"":[""not collected""],""pathovar"":[""campestris""],""ref_biomaterial"":[""missing""],""strain"":[""X123""]}"	.cache/ncbi/v2_1/efetch_cbaa9461d3db0dd419c1dcdec313a86cdc485de4ac3145dfa53d5cf03b9708bd.xml	https://www.ncbi.nlm.nih.gov/biosample/SAMN17386041	ok	
d7408b60382a176f553e	NCPPB 4373	other_references	expected_genus	1472	17386040	SAMN17386040	Xanthomonas campestris	339	MIGS Cultured Bacterial/Archaeal sample from Xanthomonas campestris	X122						BioSample: SAMN17386040; X122; SRA: SRS9061515	Brassica sp.	Australia: Queensland	2000		"{""collection_date"":[""2000""],""env_broad_scale"":[""not applicable""],""env_local_scale"":[""not applicable""],""env_medium"":[""not applicable""],""geo_loc_name"":[""Australia: Queensland""],""host"":[""Brassica sp.""],""isol_growth_condt"":[""https://doi.org/10.1111/j.1472-765X.2006.01887.x""],""lat_lon"":[""missing""],""num_replicons"":[""not collected""],""pathovar"":[""campestris""],""ref_biomaterial"":[""https://doi.org/10.1111/j.1365-3059.2005.01186.x""],""strain"":[""X122""]}"	.cache/ncbi/v2_1/efetch_cbaa9461d3db0dd419c1dcdec313a86cdc485de4ac3145dfa53d5cf03b9708bd.xml	https://www.ncbi.nlm.nih.gov/biosample/SAMN17386040	ok	
d7408b60382a176f553e	NCPPB 4373	other_references	expected_genus	1472	17386039	SAMN17386039	Xanthomonas campestris	339	MIGS Cultured Bacterial/Archaeal sample from Xanthomonas campestris	X121						BioSample: SAMN17386039; X121; SRA: SRS9061516	Brassica sp.	Australia: New South Wales	missing	Seed	"{""collection_date"":[""missing""],""env_broad_scale"":[""not applicable""],""env_local_scale"":[""not applicable""],""env_medium"":[""not applicable""],""geo_loc_name"":[""Australia: New South Wales""],""host"":[""Brassica sp.""],""isol_growth_condt"":[""https://doi.org/10.1111/j.1472-765X.2006.01887.x""],""isolation_source"":[""Seed""],""lat_lon"":[""missing""],""num_replicons"":[""not collected""],""pathovar"":[""campestris""],""ref_biomaterial"":[""missing""],""strain"":[""X121""]}"	.cache/ncbi/v2_1/efetch_cbaa9461d3db0dd419c1dcdec313a86cdc485de4ac3145dfa53d5cf03b9708bd.xml	https://www.ncbi.nlm.nih.gov/biosample/SAMN17386039	ok	
d7408b60382a176f553e	NCPPB 4373	other_references	expected_genus	1472	17386038	SAMN17386038	Xanthomonas campestris	339	MIGS Cultured Bacterial/Archaeal sample from Xanthomonas campestris	X120						BioSample: SAMN17386038; X120; SRA: SRS9061517	Brassica oleracea var. botrytis	Australia: Victoria	2003		"{""collection_date"":[""2003""],""env_broad_scale"":[""not applicable""],""env_local_scale"":[""not applicable""],""env_medium"":[""not applicable""],""geo_loc_name"":[""Australia: Victoria""],""host"":[""Brassica oleracea var. botrytis""],""isol_growth_condt"":[""https://doi.org/10.1111/j.1472-765X.2006.01887.x""],""lat_lon"":[""missing""],""num_replicons"":[""not collected""],""pathovar"":[""campestris""],""ref_biomaterial"":[""https://doi.org/10.1111/j.1365-3059.2005.01186.x""],""strain"":[""X120""]}"	.cache/ncbi/v2_1/efetch_cbaa9461d3db0dd419c1dcdec313a86cdc485de4ac3145dfa53d5cf03b9708bd.xml	https://www.ncbi.nlm.nih.gov/biosample/SAMN17386038	ok	
d7408b60382a176f553e	NCPPB 4373	other_references	expected_genus	1472	17386037	SAMN17386037	Xanthomonas campestris	339	MIGS Cultured Bacterial/Archaeal sample from Xanthomonas campestris	X117						BioSample: SAMN17386037; X117; SRA: SRS9061518	Brassica oleracea var. capitata	Australia: New South Wales	2003		"{""collection_date"":[""2003""],""env_broad_scale"":[""not applicable""],""env_local_scale"":[""not applicable""],""env_medium"":[""not applicable""],""geo_loc_name"":[""Australia: New South Wales""],""host"":[""Brassica oleracea var. capitata""],""isol_growth_condt"":[""https://doi.org/10.1111/j.1472-765X.2006.01887.x""],""lat_lon"":[""missing""],""num_replicons"":[""not collected""],""pathovar"":[""campestris""],""ref_biomaterial"":[""https://doi.org/10.1111/j.1365-3059.2005.01186.x""],""strain"":[""X117""]}"	.cache/ncbi/v2_1/efetch_cbaa9461d3db0dd419c1dcdec313a86cdc485de4ac3145dfa53d5cf03b9708bd.xml	https://www.ncbi.nlm.nih.gov/biosample/SAMN17386037	ok	
d7408b60382a176f553e	NCPPB 4373	other_references	expected_genus	1472	17386036	SAMN17386036	Xanthomonas campestris	339	MIGS Cultured Bacterial/Archaeal sample from Xanthomonas campestris	X116						BioSample: SAMN17386036; X116; SRA: SRS9061520	Brassica oleracea var. capitata	Australia: Victoria	2003		"{""collection_date"":[""2003""],""env_broad_scale"":[""not applicable""],""env_local_scale"":[""not applicable""],""env_medium"":[""not applicable""],""geo_loc_name"":[""Australia: Victoria""],""host"":[""Brassica oleracea var. capitata""],""isol_growth_condt"":[""https://doi.org/10.1111/j.1472-765X.2006.01887.x""],""lat_lon"":[""missing""],""num_replicons"":[""not collected""],""pathovar"":[""campestris""],""ref_biomaterial"":[""https://doi.org/10.1111/j.1365-3059.2005.01186.x""],""strain"":[""X116""]}"	.cache/ncbi/v2_1/efetch_cbaa9461d3db0dd419c1dcdec313a86cdc485de4ac3145dfa53d5cf03b9708bd.xml	https://www.ncbi.nlm.nih.gov/biosample/SAMN17386036	ok	
d7408b60382a176f553e	NCPPB 4373	other_references	expected_genus	1472	17386035	SAMN17386035	Xanthomonas campestris	339	MIGS Cultured Bacterial/Archaeal sample from Xanthomonas campestris	X114						BioSample: SAMN17386035; X114; SRA: SRS9061521	Brassica oleracea var. botrytis	Australia: New South Wales	2003		"{""collection_date"":[""2003""],""env_broad_scale"":[""not applicable""],""env_local_scale"":[""not applicable""],""env_medium"":[""not applicable""],""geo_loc_name"":[""Australia: New South Wales""],""host"":[""Brassica oleracea var. botrytis""],""isol_growth_condt"":[""https://doi.org/10.1111/j.1472-765X.2006.01887.x""],""lat_lon"":[""missing""],""num_replicons"":[""not collected""],""pathovar"":[""campestris""],""ref_biomaterial"":[""https://doi.org/10.1111/j.1365-3059.2005.01186.x""],""strain"":[""X114""]}"	.cache/ncbi/v2_1/efetch_cbaa9461d3db0dd419c1dcdec313a86cdc485de4ac3145dfa53d5cf03b9708bd.xml	https://www.ncbi.nlm.nih.gov/biosample/SAMN17386035	ok	
d7408b60382a176f553e	NCPPB 4373	other_references	expected_genus	1472	17386034	SAMN17386034	Xanthomonas campestris	339	MIGS Cultured Bacterial/Archaeal sample from Xanthomonas campestris	X112						BioSample: SAMN17386034; X112; SRA: SRS9061522	Brassica oleracea var. gemmifera	Australia: New South Wales	2003		"{""collection_date"":[""2003""],""env_broad_scale"":[""not applicable""],""env_local_scale"":[""not applicable""],""env_medium"":[""not applicable""],""geo_loc_name"":[""Australia: New South Wales""],""host"":[""Brassica oleracea var. gemmifera""],""isol_growth_condt"":[""https://doi.org/10.1111/j.1472-765X.2006.01887.x""],""lat_lon"":[""missing""],""num_replicons"":[""not collected""],""pathovar"":[""campestris""],""ref_biomaterial"":[""https://doi.org/10.1111/j.1365-3059.2005.01186.x""],""strain"":[""X112""]}"	.cache/ncbi/v2_1/efetch_cbaa9461d3db0dd419c1dcdec313a86cdc485de4ac3145dfa53d5cf03b9708bd.xml	https://www.ncbi.nlm.nih.gov/biosample/SAMN17386034	ok	
d7408b60382a176f553e	NCPPB 4373	other_references	expected_genus	1472	17386033	SAMN17386033	Xanthomonas campestris	339	MIGS Cultured Bacterial/Archaeal sample from Xanthomonas campestris	X103						BioSample: SAMN17386033; X103; SRA: SRS9061523	Brassica oleracea var. capitata	Australia: New South Wales, Campbelltown	2003		"{""collection_date"":[""2003""],""env_broad_scale"":[""not applicable""],""env_local_scale"":[""not applicable""],""env_medium"":[""not applicable""],""geo_loc_name"":[""Australia: New South Wales, Campbelltown""],""host"":[""Brassica oleracea var. capitata""],""isol_growth_condt"":[""https://doi.org/10.1111/j.1472-765X.2006.01887.x""],""lat_lon"":[""missing""],""num_replicons"":[""not collected""],""pathovar"":[""campestris""],""ref_biomaterial"":[""https://doi.org/10.1111/j.1365-3059.2005.01186.x""],""strain"":[""X103""]}"	.cache/ncbi/v2_1/efetch_cbaa9461d3db0dd419c1dcdec313a86cdc485de4ac3145dfa53d5cf03b9708bd.xml	https://www.ncbi.nlm.nih.gov/biosample/SAMN17386033	ok	
d7408b60382a176f553e	NCPPB 4373	other_references	expected_genus	1472	17386032	SAMN17386032	Xanthomonas campestris	339	MIGS Cultured Bacterial/Archaeal sample from Xanthomonas campestris	X102						BioSample: SAMN17386032; X102; SRA: SRS9061524	Brassica oleracea var. botrytis	Australia: New South Wales, Campbelltown	2003		"{""collection_date"":[""2003""],""env_broad_scale"":[""not applicable""],""env_local_scale"":[""not applicable""],""env_medium"":[""not applicable""],""geo_loc_name"":[""Australia: New South Wales, Campbelltown""],""host"":[""Brassica oleracea var. botrytis""],""isol_growth_condt"":[""https://doi.org/10.1111/j.1472-765X.2006.01887.x""],""lat_lon"":[""missing""],""num_replicons"":[""not collected""],""pathovar"":[""campestris""],""ref_biomaterial"":[""https://doi.org/10.1111/j.1365-3059.2005.01186.x""],""strain"":[""X102""]}"	.cache/ncbi/v2_1/efetch_cbaa9461d3db0dd419c1dcdec313a86cdc485de4ac3145dfa53d5cf03b9708bd.xml	https://www.ncbi.nlm.nih.gov/biosample/SAMN17386032	ok	
d7408b60382a176f553e	NCPPB 4373	other_references	expected_genus	1472	17386031	SAMN17386031	Xanthomonas campestris	339	MIGS Cultured Bacterial/Archaeal sample from Xanthomonas campestris	VPRI-17962						BioSample: SAMN17386031; VPRI-17962; SRA: SRS9061550	Erysimum sp.	Australia: Victoria, Monbulk	1992-05	Stem, leaf	"{""collection_date"":[""1992-05""],""env_broad_scale"":[""not applicable""],""env_local_scale"":[""not applicable""],""env_medium"":[""not applicable""],""geo_loc_name"":[""Australia: Victoria, Monbulk""],""host"":[""Erysimum sp.""],""host_disease"":[""black rot""],""isol_growth_condt"":[""https://doi.org/10.1111/j.1472-765X.2006.01887.x""],""isolation_source"":[""Stem, leaf""],""lat_lon"":[""missing""],""num_replicons"":[""not collected""],""pathovar"":[""campestris""],""ref_biomaterial"":[""missing""],""strain"":[""VPRI-17962""]}"	.cache/ncbi/v2_1/efetch_cbaa9461d3db0dd419c1dcdec313a86cdc485de4ac3145dfa53d5cf03b9708bd.xml	https://www.ncbi.nlm.nih.gov/biosample/SAMN17386031	ok	
d7408b60382a176f553e	NCPPB 4373	other_references	expected_genus	1472	17386030	SAMN17386030	Xanthomonas campestris	339	MIGS Cultured Bacterial/Archaeal sample from Xanthomonas campestris	PHDS-16-14						BioSample: SAMN17386030; PHDS-16-14; SRA: SRS9061552	Diplotaxis tenuifolia	missing	2016	leaf	"{""collection_date"":[""2016""],""env_broad_scale"":[""not applicable""],""env_local_scale"":[""not applicable""],""env_medium"":[""not applicable""],""geo_loc_name"":[""missing""],""host"":[""Diplotaxis tenuifolia""],""host_disease"":[""spot""],""isol_growth_condt"":[""https://doi.org/10.1111/j.1472-765X.2006.01887.x""],""isolation_source"":[""leaf""],""lat_lon"":[""missing""],""num_replicons"":[""not collected""],""pathovar"":[""raphani""],""ref_biomaterial"":[""missing""],""strain"":[""PHDS-16-14""]}"	.cache/ncbi/v2_1/efetch_cbaa9461d3db0dd419c1dcdec313a86cdc485de4ac3145dfa53d5cf03b9708bd.xml	https://www.ncbi.nlm.nih.gov/biosample/SAMN17386030	ok	
d7408b60382a176f553e	NCPPB 4373	other_references	expected_genus	1472	17386029	SAMN17386029	Xanthomonas campestris	339	MIGS Cultured Bacterial/Archaeal sample from Xanthomonas campestris	PHDS-15-1210C						BioSample: SAMN17386029; PHDS-15-1210C; SRA: SRS9061551	missing	missing	2015		"{""collection_date"":[""2015""],""env_broad_scale"":[""not applicable""],""env_local_scale"":[""not applicable""],""env_medium"":[""not applicable""],""geo_loc_name"":[""missing""],""host"":[""missing""],""isol_growth_condt"":[""https://doi.org/10.1111/j.1472-765X.2006.01887.x""],""lat_lon"":[""missing""],""num_replicons"":[""not collected""],""pathovar"":[""campestris""],""ref_biomaterial"":[""missing""],""strain"":[""PHDS-15-1210C""]}"	.cache/ncbi/v2_1/efetch_cbaa9461d3db0dd419c1dcdec313a86cdc485de4ac3145dfa53d5cf03b9708bd.xml	https://www.ncbi.nlm.nih.gov/biosample/SAMN17386029	ok	
d7408b60382a176f553e	NCPPB 4373	other_references	expected_genus	1472	17386028	SAMN17386028	Xanthomonas campestris	339	MIGS Cultured Bacterial/Archaeal sample from Xanthomonas campestris	PHDS-10-293					DAM-4241	BioSample: SAMN17386028; PHDS-10-293; SRA: SRS9061553	Brassica oleracea var. capitata f. rubra	Australia: Western Australia, Gingin	2010		"{""collection_date"":[""2010""],""env_broad_scale"":[""not applicable""],""env_local_scale"":[""not applicable""],""env_medium"":[""not applicable""],""geo_loc_name"":[""Australia: Western Australia, Gingin""],""host"":[""Brassica oleracea var. capitata f. rubra""],""isol_growth_condt"":[""https://doi.org/10.1111/j.1472-765X.2006.01887.x""],""isolate_name_alias"":[""DAM-4241""],""lat_lon"":[""missing""],""num_replicons"":[""not collected""],""pathovar"":[""campestris""],""ref_biomaterial"":[""missing""],""strain"":[""PHDS-10-293""]}"	.cache/ncbi/v2_1/efetch_cbaa9461d3db0dd419c1dcdec313a86cdc485de4ac3145dfa53d5cf03b9708bd.xml	https://www.ncbi.nlm.nih.gov/biosample/SAMN17386028	ok	
d7408b60382a176f553e	NCPPB 4373	other_references	expected_genus	1472	17386027	SAMN17386027	Xanthomonas campestris	339	MIGS Cultured Bacterial/Archaeal sample from Xanthomonas campestris	PHDS-03-492					X113	BioSample: SAMN17386027; PHDS-03-492; SRA: SRS9061556	Brassica oleracea var. botrytis	Australia: Western Australia	2003		"{""collection_date"":[""2003""],""env_broad_scale"":[""not applicable""],""env_local_scale"":[""not applicable""],""env_medium"":[""not applicable""],""geo_loc_name"":[""Australia: Western Australia""],""host"":[""Brassica oleracea var. botrytis""],""isol_growth_condt"":[""https://doi.org/10.1111/j.1472-765X.2006.01887.x""],""isolate_name_alias"":[""X113""],""lat_lon"":[""missing""],""num_replicons"":[""not collected""],""pathovar"":[""campestris""],""ref_biomaterial"":[""https://doi.org/10.1111/j.1365-3059.2005.01186.x""],""strain"":[""PHDS-03-492""]}"	.cache/ncbi/v2_1/efetch_cbaa9461d3db0dd419c1dcdec313a86cdc485de4ac3145dfa53d5cf03b9708bd.xml	https://www.ncbi.nlm.nih.gov/biosample/SAMN17386027	ok	
d7408b60382a176f553e	NCPPB 4373	other_references	expected_genus	1472	17386026	SAMN17386026	Xanthomonas campestris	339	MIGS Cultured Bacterial/Archaeal sample from Xanthomonas campestris	PHDS-03-417					X110	BioSample: SAMN17386026; PHDS-03-417; SRA: SRS9061554	Brassica oleracea var. botrytis	Australia: New South Wales, Leppington	2003	leaf	"{""collection_date"":[""2003""],""env_broad_scale"":[""not applicable""],""env_local_scale"":[""not applicable""],""env_medium"":[""not applicable""],""geo_loc_name"":[""Australia: New South Wales, Leppington""],""host"":[""Brassica oleracea var. botrytis""],""isol_growth_condt"":[""https://doi.org/10.1111/j.1472-765X.2006.01887.x""],""isolate_name_alias"":[""X110""],""isolation_source"":[""leaf""],""lat_lon"":[""missing""],""num_replicons"":[""not collected""],""pathovar"":[""campestris""],""ref_biomaterial"":[""https://doi.org/10.1111/j.1365-3059.2005.01186.x""],""strain"":[""PHDS-03-417""]}"	.cache/ncbi/v2_1/efetch_cbaa9461d3db0dd419c1dcdec313a86cdc485de4ac3145dfa53d5cf03b9708bd.xml	https://www.ncbi.nlm.nih.gov/biosample/SAMN17386026	ok	
d7408b60382a176f553e	NCPPB 4373	other_references	expected_genus	1472	17386025	SAMN17386025	Xanthomonas campestris	339	MIGS Cultured Bacterial/Archaeal sample from Xanthomonas campestris	PHDS-03-190					X87	BioSample: SAMN17386025; PHDS-03-190; SRA: SRS9061555	Brassica oleracea var. italica	Australia: New South Wales, Leppington	2003		"{""collection_date"":[""2003""],""env_broad_scale"":[""not applicable""],""env_local_scale"":[""not applicable""],""env_medium"":[""not applicable""],""geo_loc_name"":[""Australia: New South Wales, Leppington""],""host"":[""Brassica oleracea var. italica""],""isol_growth_condt"":[""https://doi.org/10.1111/j.1472-765X.2006.01887.x""],""isolate_name_alias"":[""X87""],""lat_lon"":[""missing""],""num_replicons"":[""not collected""],""pathovar"":[""campestris""],""ref_biomaterial"":[""https://doi.org/10.1111/j.1365-3059.2005.01186.x""],""strain"":[""PHDS-03-190""]}"	.cache/ncbi/v2_1/efetch_cbaa9461d3db0dd419c1dcdec313a86cdc485de4ac3145dfa53d5cf03b9708bd.xml	https://www.ncbi.nlm.nih.gov/biosample/SAMN17386025	ok	
d7408b60382a176f553e	NCPPB 4373	other_references	expected_genus	1472	17386024	SAMN17386024	Xanthomonas campestris	339	MIGS Cultured Bacterial/Archaeal sample from Xanthomonas campestris	PHDS-03-129					X86	BioSample: SAMN17386024; PHDS-03-129; SRA: SRS9061543	Brassica oleracea var. italica	Australia: New South Wales, Leppington	2003		"{""collection_date"":[""2003""],""env_broad_scale"":[""not applicable""],""env_local_scale"":[""not applicable""],""env_medium"":[""not applicable""],""geo_loc_name"":[""Australia: New South Wales, Leppington""],""host"":[""Brassica oleracea var. italica""],""isol_growth_condt"":[""https://doi.org/10.1111/j.1472-765X.2006.01887.x""],""isolate_name_alias"":[""X86""],""lat_lon"":[""missing""],""num_replicons"":[""not collected""],""pathovar"":[""campestris""],""ref_biomaterial"":[""https://doi.org/10.1111/j.1365-3059.2005.01186.x""],""strain"":[""PHDS-03-129""]}"	.cache/ncbi/v2_1/efetch_cbaa9461d3db0dd419c1dcdec313a86cdc485de4ac3145dfa53d5cf03b9708bd.xml	https://www.ncbi.nlm.nih.gov/biosample/SAMN17386024	ok	
d7408b60382a176f553e	NCPPB 4373	other_references	expected_genus	1472	17386023	SAMN17386023	Xanthomonas campestris	339	MIGS Cultured Bacterial/Archaeal sample from Xanthomonas campestris	PHDS-03-124					X85	BioSample: SAMN17386023; PHDS-03-124; SRA: SRS9061557	Brassica oleracea var. italica	Australia: New South Wales, Leppington	2003		"{""collection_date"":[""2003""],""env_broad_scale"":[""not applicable""],""env_local_scale"":[""not applicable""],""env_medium"":[""not applicable""],""geo_loc_name"":[""Australia: New South Wales, Leppington""],""host"":[""Brassica oleracea var. italica""],""isol_growth_condt"":[""https://doi.org/10.1111/j.1472-765X.2006.01887.x""],""isolate_name_alias"":[""X85""],""lat_lon"":[""missing""],""num_replicons"":[""not collected""],""pathovar"":[""campestris""],""ref_biomaterial"":[""https://doi.org/10.1111/j.1365-3059.2005.01186.x""],""strain"":[""PHDS-03-124""]}"	.cache/ncbi/v2_1/efetch_cbaa9461d3db0dd419c1dcdec313a86cdc485de4ac3145dfa53d5cf03b9708bd.xml	https://www.ncbi.nlm.nih.gov/biosample/SAMN17386023	ok	
d7408b60382a176f553e	NCPPB 4373	other_references	expected_genus	1472	17386022	SAMN17386022	Xanthomonas campestris	339	MIGS Cultured Bacterial/Archaeal sample from Xanthomonas campestris	PHDS-03-112					X84	BioSample: SAMN17386022; PHDS-03-112; SRA: SRS9061559	Brassica oleracea var. botrytis	Australia: New South Wales, Leppington	2003		"{""collection_date"":[""2003""],""env_broad_scale"":[""not applicable""],""env_local_scale"":[""not applicable""],""env_medium"":[""not applicable""],""geo_loc_name"":[""Australia: New South Wales, Leppington""],""host"":[""Brassica oleracea var. botrytis""],""isol_growth_condt"":[""https://doi.org/10.1111/j.1472-765X.2006.01887.x""],""isolate_name_alias"":[""X84""],""lat_lon"":[""missing""],""num_replicons"":[""not collected""],""pathovar"":[""campestris""],""ref_biomaterial"":[""https://doi.org/10.1111/j.1365-3059.2005.01186.x""],""strain"":[""PHDS-03-112""]}"	.cache/ncbi/v2_1/efetch_cbaa9461d3db0dd419c1dcdec313a86cdc485de4ac3145dfa53d5cf03b9708bd.xml	https://www.ncbi.nlm.nih.gov/biosample/SAMN17386022	ok	
d7408b60382a176f553e	NCPPB 4373	other_references	expected_genus	1472	17386021	SAMN17386021	Xanthomonas campestris	339	MIGS Cultured Bacterial/Archaeal sample from Xanthomonas campestris	PHDS-03-094					X82	BioSample: SAMN17386021; PHDS-03-094; SRA: SRS9061560	Brassica oleracea var. botrytis	Australia: New South Wales, Leppington	2003		"{""collection_date"":[""2003""],""env_broad_scale"":[""not applicable""],""env_local_scale"":[""not applicable""],""env_medium"":[""not applicable""],""geo_loc_name"":[""Australia: New South Wales, Leppington""],""host"":[""Brassica oleracea var. botrytis""],""isol_growth_condt"":[""https://doi.org/10.1111/j.1472-765X.2006.01887.x""],""isolate_name_alias"":[""X82""],""lat_lon"":[""missing""],""num_replicons"":[""not collected""],""pathovar"":[""campestris""],""ref_biomaterial"":[""https://doi.org/10.1111/j.1365-3059.2005.01186.x""],""strain"":[""PHDS-03-094""]}"	.cache/ncbi/v2_1/efetch_cbaa9461d3db0dd419c1dcdec313a86cdc485de4ac3145dfa53d5cf03b9708bd.xml	https://www.ncbi.nlm.nih.gov/biosample/SAMN17386021	ok	
d7408b60382a176f553e	NCPPB 4373	other_references	expected_genus	1472	17386020	SAMN17386020	Xanthomonas campestris	339	MIGS Cultured Bacterial/Archaeal sample from Xanthomonas campestris	PHDS-03-087					X81	BioSample: SAMN17386020; PHDS-03-087; SRA: SRS9061561	Brassica oleracea var. italica	Australia: New South Wales, Leppington	2003		"{""collection_date"":[""2003""],""env_broad_scale"":[""not applicable""],""env_local_scale"":[""not applicable""],""env_medium"":[""not applicable""],""geo_loc_name"":[""Australia: New South Wales, Leppington""],""host"":[""Brassica oleracea var. italica""],""isol_growth_condt"":[""https://doi.org/10.1111/j.1472-765X.2006.01887.x""],""isolate_name_alias"":[""X81""],""lat_lon"":[""missing""],""num_replicons"":[""not collected""],""pathovar"":[""campestris""],""ref_biomaterial"":[""https://doi.org/10.1111/j.1365-3059.2005.01186.x""],""strain"":[""PHDS-03-087""]}"	.cache/ncbi/v2_1/efetch_cbaa9461d3db0dd419c1dcdec313a86cdc485de4ac3145dfa53d5cf03b9708bd.xml	https://www.ncbi.nlm.nih.gov/biosample/SAMN17386020	ok	
d7408b60382a176f553e	NCPPB 4373	other_references	expected_genus	1472	17386019	SAMN17386019	Xanthomonas campestris	339	MIGS Cultured Bacterial/Archaeal sample from Xanthomonas campestris	DAR-82875						BioSample: SAMN17386019; DAR-82875; SRA: SRS9061562	Brassica oleracea var. gemmifera	Australia: Queensland, Stanthorpe	1977-03-14		"{""collection_date"":[""1977-03-14""],""env_broad_scale"":[""not applicable""],""env_local_scale"":[""not applicable""],""env_medium"":[""not applicable""],""geo_loc_name"":[""Australia: Queensland, Stanthorpe""],""host"":[""Brassica oleracea var. gemmifera""],""host_disease"":[""black rot""],""isol_growth_condt"":[""https://doi.org/10.1111/j.1472-765X.2006.01887.x""],""lat_lon"":[""missing""],""num_replicons"":[""not collected""],""pathovar"":[""campestris""],""ref_biomaterial"":[""missing""],""strain"":[""DAR-82875""]}"	.cache/ncbi/v2_1/efetch_cbaa9461d3db0dd419c1dcdec313a86cdc485de4ac3145dfa53d5cf03b9708bd.xml	https://www.ncbi.nlm.nih.gov/biosample/SAMN17386019	ok	
d7408b60382a176f553e	NCPPB 4373	other_references	expected_genus	1472	17386018	SAMN17386018	Xanthomonas campestris	339	MIGS Cultured Bacterial/Archaeal sample from Xanthomonas campestris	DAR-82874						BioSample: SAMN17386018; DAR-82874; SRA: SRS9061563	Brassica oleracea var. capitata	Australia: Queensland, Cleveland	1975-05-19		"{""collection_date"":[""1975-05-19""],""env_broad_scale"":[""not applicable""],""env_local_scale"":[""not applicable""],""env_medium"":[""not applicable""],""geo_loc_name"":[""Australia: Queensland, Cleveland""],""host"":[""Brassica oleracea var. capitata""],""host_disease"":[""spot""],""isol_growth_condt"":[""https://doi.org/10.1111/j.1472-765X.2006.01887.x""],""lat_lon"":[""missing""],""num_replicons"":[""not collected""],""pathovar"":[""campestris""],""ref_biomaterial"":[""missing""],""strain"":[""DAR-82874""]}"	.cache/ncbi/v2_1/efetch_cbaa9461d3db0dd419c1dcdec313a86cdc485de4ac3145dfa53d5cf03b9708bd.xml	https://www.ncbi.nlm.nih.gov/biosample/SAMN17386018	ok	
d7408b60382a176f553e	NCPPB 4373	other_references	expected_genus	1472	17386017	SAMN17386017	Xanthomonas campestris	339	MIGS Cultured Bacterial/Archaeal sample from Xanthomonas campestris	DAR-82873						BioSample: SAMN17386017; DAR-82873; SRA: SRS9061564	Brassica oleracea var. capitata	Australia: Queensland, Cleveland	1977-03-01		"{""collection_date"":[""1977-03-01""],""env_broad_scale"":[""not applicable""],""env_local_scale"":[""not applicable""],""env_medium"":[""not applicable""],""geo_loc_name"":[""Australia: Queensland, Cleveland""],""host"":[""Brassica oleracea var. capitata""],""host_disease"":[""black rot""],""isol_growth_condt"":[""https://doi.org/10.1111/j.1472-765X.2006.01887.x""],""lat_lon"":[""missing""],""num_replicons"":[""not collected""],""pathovar"":[""campestris""],""ref_biomaterial"":[""missing""],""strain"":[""DAR-82873""]}"	.cache/ncbi/v2_1/efetch_cbaa9461d3db0dd419c1dcdec313a86cdc485de4ac3145dfa53d5cf03b9708bd.xml	https://www.ncbi.nlm.nih.gov/biosample/SAMN17386017	ok	
d7408b60382a176f553e	NCPPB 4373	other_references	expected_genus	1472	17386016	SAMN17386016	Xanthomonas campestris	339	MIGS Cultured Bacterial/Archaeal sample from Xanthomonas campestris	DAR-82871						BioSample: SAMN17386016; DAR-82871; SRA: SRS9061565	Brassica oleracea var. gemmifera	Australia: Queensland, Pozieres	1976-06-02		"{""collection_date"":[""1976-06-02""],""env_broad_scale"":[""not applicable""],""env_local_scale"":[""not applicable""],""env_medium"":[""not applicable""],""geo_loc_name"":[""Australia: Queensland, Pozieres""],""host"":[""Brassica oleracea var. gemmifera""],""host_disease"":[""speckle""],""isol_growth_condt"":[""https://doi.org/10.1111/j.1472-765X.2006.01887.x""],""lat_lon"":[""missing""],""num_replicons"":[""not collected""],""pathovar"":[""campestris""],""ref_biomaterial"":[""missing""],""strain"":[""DAR-82871""]}"	.cache/ncbi/v2_1/efetch_cbaa9461d3db0dd419c1dcdec313a86cdc485de4ac3145dfa53d5cf03b9708bd.xml	https://www.ncbi.nlm.nih.gov/biosample/SAMN17386016	ok	
d7408b60382a176f553e	NCPPB 4373	other_references	expected_genus	1472	17386015	SAMN17386015	Xanthomonas campestris	339	MIGS Cultured Bacterial/Archaeal sample from Xanthomonas campestris	DAR-82869						BioSample: SAMN17386015; DAR-82869; SRA: SRS9061566	missing	Australia: Queensland, Cleveland	1975-09-21		"{""collection_date"":[""1975-09-21""],""env_broad_scale"":[""not applicable""],""env_local_scale"":[""not applicable""],""env_medium"":[""not applicable""],""geo_loc_name"":[""Australia: Queensland, Cleveland""],""host"":[""missing""],""host_disease"":[""black rot""],""isol_growth_condt"":[""https://doi.org/10.1111/j.1472-765X.2006.01887.x""],""lat_lon"":[""missing""],""num_replicons"":[""not collected""],""pathovar"":[""campestris""],""ref_biomaterial"":[""missing""],""strain"":[""DAR-82869""]}"	.cache/ncbi/v2_1/efetch_cbaa9461d3db0dd419c1dcdec313a86cdc485de4ac3145dfa53d5cf03b9708bd.xml	https://www.ncbi.nlm.nih.gov/biosample/SAMN17386015	ok	
d7408b60382a176f553e	NCPPB 4373	other_references	expected_genus	1472	17386014	SAMN17386014	Xanthomonas campestris	339	MIGS Cultured Bacterial/Archaeal sample from Xanthomonas campestris	DAR-82868						BioSample: SAMN17386014; DAR-82868; SRA: SRS9061567	missing	Australia: Queensland, Redland Bay	1975-07-10		"{""collection_date"":[""1975-07-10""],""env_broad_scale"":[""not applicable""],""env_local_scale"":[""not applicable""],""env_medium"":[""not applicable""],""geo_loc_name"":[""Australia: Queensland, Redland Bay""],""host"":[""missing""],""host_disease"":[""black rot""],""isol_growth_condt"":[""https://doi.org/10.1111/j.1472-765X.2006.01887.x""],""lat_lon"":[""missing""],""num_replicons"":[""not collected""],""pathovar"":[""campestris""],""ref_biomaterial"":[""missing""],""strain"":[""DAR-82868""]}"	.cache/ncbi/v2_1/efetch_cbaa9461d3db0dd419c1dcdec313a86cdc485de4ac3145dfa53d5cf03b9708bd.xml	https://www.ncbi.nlm.nih.gov/biosample/SAMN17386014	ok	
d7408b60382a176f553e	NCPPB 4373	other_references	expected_genus	1472	17386013	SAMN17386013	Xanthomonas campestris	339	MIGS Cultured Bacterial/Archaeal sample from Xanthomonas campestris	DAR-82867						BioSample: SAMN17386013; DAR-82867; SRA: SRS9061568	Brassica oleracea var. capitata	Australia: Queensland, Cleveland	1975-06-17		"{""collection_date"":[""1975-06-17""],""env_broad_scale"":[""not applicable""],""env_local_scale"":[""not applicable""],""env_medium"":[""not applicable""],""geo_loc_name"":[""Australia: Queensland, Cleveland""],""host"":[""Brassica oleracea var. capitata""],""host_disease"":[""black rot""],""isol_growth_condt"":[""https://doi.org/10.1111/j.1472-765X.2006.01887.x""],""lat_lon"":[""missing""],""num_replicons"":[""not collected""],""pathovar"":[""campestris""],""ref_biomaterial"":[""missing""],""strain"":[""DAR-82867""]}"	.cache/ncbi/v2_1/efetch_cbaa9461d3db0dd419c1dcdec313a86cdc485de4ac3145dfa53d5cf03b9708bd.xml	https://www.ncbi.nlm.nih.gov/biosample/SAMN17386013	ok	
d7408b60382a176f553e	NCPPB 4373	other_references	expected_genus	1472	17386012	SAMN17386012	Xanthomonas campestris	339	MIGS Cultured Bacterial/Archaeal sample from Xanthomonas campestris	DAR-82865						BioSample: SAMN17386012; DAR-82865; SRA: SRS9061570	missing	Australia: New South Wales, Castle Hill	1975-04-30		"{""collection_date"":[""1975-04-30""],""env_broad_scale"":[""not applicable""],""env_local_scale"":[""not applicable""],""env_medium"":[""not applicable""],""geo_loc_name"":[""Australia: New South Wales, Castle Hill""],""host"":[""missing""],""host_disease"":[""black rot""],""isol_growth_condt"":[""https://doi.org/10.1111/j.1472-765X.2006.01887.x""],""lat_lon"":[""missing""],""num_replicons"":[""not collected""],""pathovar"":[""campestris""],""ref_biomaterial"":[""missing""],""strain"":[""DAR-82865""]}"	.cache/ncbi/v2_1/efetch_d18021f24be666d2ee23fbd3549d1935b73b9e2719bdf190640e976f26b27a17.xml	https://www.ncbi.nlm.nih.gov/biosample/SAMN17386012	ok	
d7408b60382a176f553e	NCPPB 4373	other_references	expected_genus	1472	17386011	SAMN17386011	Xanthomonas campestris	339	MIGS Cultured Bacterial/Archaeal sample from Xanthomonas campestris	DAR-82864						BioSample: SAMN17386011; DAR-82864; SRA: SRS9061571	missing	Australia: New South Wales, Castle Hill	1975-04-30		"{""collection_date"":[""1975-04-30""],""env_broad_scale"":[""not applicable""],""env_local_scale"":[""not applicable""],""env_medium"":[""not applicable""],""geo_loc_name"":[""Australia: New South Wales, Castle Hill""],""host"":[""missing""],""host_disease"":[""black rot""],""isol_growth_condt"":[""https://doi.org/10.1111/j.1472-765X.2006.01887.x""],""lat_lon"":[""missing""],""num_replicons"":[""not collected""],""pathovar"":[""campestris""],""ref_biomaterial"":[""missing""],""strain"":[""DAR-82864""]}"	.cache/ncbi/v2_1/efetch_d18021f24be666d2ee23fbd3549d1935b73b9e2719bdf190640e976f26b27a17.xml	https://www.ncbi.nlm.nih.gov/biosample/SAMN17386011	ok	
d7408b60382a176f553e	NCPPB 4373	other_references	expected_genus	1472	17386010	SAMN17386010	Xanthomonas campestris	339	MIGS Cultured Bacterial/Archaeal sample from Xanthomonas campestris	DAR-82863						BioSample: SAMN17386010; DAR-82863; SRA: SRS9061572	Brassica oleracea var. capitata	Australia	1975-04-30		"{""collection_date"":[""1975-04-30""],""env_broad_scale"":[""not applicable""],""env_local_scale"":[""not applicable""],""env_medium"":[""not applicable""],""geo_loc_name"":[""Australia""],""host"":[""Brassica oleracea var. capitata""],""host_disease"":[""black rot""],""isol_growth_condt"":[""https://doi.org/10.1111/j.1472-765X.2006.01887.x""],""lat_lon"":[""missing""],""num_replicons"":[""not collected""],""pathovar"":[""campestris""],""ref_biomaterial"":[""missing""],""strain"":[""DAR-82863""]}"	.cache/ncbi/v2_1/efetch_d18021f24be666d2ee23fbd3549d1935b73b9e2719bdf190640e976f26b27a17.xml	https://www.ncbi.nlm.nih.gov/biosample/SAMN17386010	ok	
d7408b60382a176f553e	NCPPB 4373	other_references	expected_genus	1472	17386009	SAMN17386009	Xanthomonas campestris	339	MIGS Cultured Bacterial/Archaeal sample from Xanthomonas campestris	DAR-82847						BioSample: SAMN17386009; DAR-82847; SRA: SRS9061574	Brassica oleracea var. capitata	Australia: Queensland, Boonah	missing		"{""collection_date"":[""missing""],""env_broad_scale"":[""not applicable""],""env_local_scale"":[""not applicable""],""env_medium"":[""not applicable""],""geo_loc_name"":[""Australia: Queensland, Boonah""],""host"":[""Brassica oleracea var. capitata""],""host_disease"":[""black rot""],""isol_growth_condt"":[""https://doi.org/10.1111/j.1472-765X.2006.01887.x""],""lat_lon"":[""missing""],""num_replicons"":[""not collected""],""pathovar"":[""campestris""],""ref_biomaterial"":[""missing""],""strain"":[""DAR-82847""]}"	.cache/ncbi/v2_1/efetch_d18021f24be666d2ee23fbd3549d1935b73b9e2719bdf190640e976f26b27a17.xml	https://www.ncbi.nlm.nih.gov/biosample/SAMN17386009	ok	
d7408b60382a176f553e	NCPPB 4373	other_references	expected_genus	1472	17386008	SAMN17386008	Xanthomonas campestris	339	MIGS Cultured Bacterial/Archaeal sample from Xanthomonas campestris	DAR-82829						BioSample: SAMN17386008; DAR-82829; SRA: SRS9061573	Brassica oleracea var. capitata	Australia: Queensland, Applethorpe	1973-03-23		"{""collection_date"":[""1973-03-23""],""env_broad_scale"":[""not applicable""],""env_local_scale"":[""not applicable""],""env_medium"":[""not applicable""],""geo_loc_name"":[""Australia: Queensland, Applethorpe""],""host"":[""Brassica oleracea var. capitata""],""host_disease"":[""black rot""],""isol_growth_condt"":[""https://doi.org/10.1111/j.1472-765X.2006.01887.x""],""lat_lon"":[""missing""],""num_replicons"":[""not collected""],""pathovar"":[""campestris""],""ref_biomaterial"":[""missing""],""strain"":[""DAR-82829""]}"	.cache/ncbi/v2_1/efetch_d18021f24be666d2ee23fbd3549d1935b73b9e2719bdf190640e976f26b27a17.xml	https://www.ncbi.nlm.nih.gov/biosample/SAMN17386008	ok	
d7408b60382a176f553e	NCPPB 4373	other_references	expected_genus	1472	17386007	SAMN17386007	Xanthomonas campestris	339	MIGS Cultured Bacterial/Archaeal sample from Xanthomonas campestris	DAR-82825						BioSample: SAMN17386007; DAR-82825; SRA: SRS9061358	missing	Australia: Queensland, Ormiston	1986-07-16	leaf	"{""collection_date"":[""1986-07-16""],""env_broad_scale"":[""not applicable""],""env_local_scale"":[""not applicable""],""env_medium"":[""not applicable""],""geo_loc_name"":[""Australia: Queensland, Ormiston""],""host"":[""missing""],""host_disease"":[""scald""],""isol_growth_condt"":[""https://doi.org/10.1111/j.1472-765X.2006.01887.x""],""isolation_source"":[""leaf""],""lat_lon"":[""missing""],""num_replicons"":[""not collected""],""pathovar"":[""campestris""],""ref_biomaterial"":[""missing""],""strain"":[""DAR-82825""]}"	.cache/ncbi/v2_1/efetch_d18021f24be666d2ee23fbd3549d1935b73b9e2719bdf190640e976f26b27a17.xml	https://www.ncbi.nlm.nih.gov/biosample/SAMN17386007	ok	
d7408b60382a176f553e	NCPPB 4373	other_references	expected_genus	1472	17386006	SAMN17386006	Xanthomonas campestris	339	MIGS Cultured Bacterial/Archaeal sample from Xanthomonas campestris	DAR-82824						BioSample: SAMN17386006; DAR-82824; SRA: SRS9061357	Brassica oleracea var. capitata	Australia: Queensland, Gatton	1986-06-26		"{""collection_date"":[""1986-06-26""],""env_broad_scale"":[""not applicable""],""env_local_scale"":[""not applicable""],""env_medium"":[""not applicable""],""geo_loc_name"":[""Australia: Queensland, Gatton""],""host"":[""Brassica oleracea var. capitata""],""host_disease"":[""black rot""],""isol_growth_condt"":[""https://doi.org/10.1111/j.1472-765X.2006.01887.x""],""lat_lon"":[""missing""],""num_replicons"":[""not collected""],""pathovar"":[""campestris""],""ref_biomaterial"":[""missing""],""strain"":[""DAR-82824""]}"	.cache/ncbi/v2_1/efetch_d18021f24be666d2ee23fbd3549d1935b73b9e2719bdf190640e976f26b27a17.xml	https://www.ncbi.nlm.nih.gov/biosample/SAMN17386006	ok	
d7408b60382a176f553e	NCPPB 4373	other_references	expected_genus	1472	17386005	SAMN17386005	Xanthomonas campestris	339	MIGS Cultured Bacterial/Archaeal sample from Xanthomonas campestris	DAR-82801						BioSample: SAMN17386005; DAR-82801; SRA: SRS9061359	Brassica oleracea var. capitata	Australia: Queensland, Bundaberg	1985-12-20		"{""collection_date"":[""1985-12-20""],""env_broad_scale"":[""not applicable""],""env_local_scale"":[""not applicable""],""env_medium"":[""not applicable""],""geo_loc_name"":[""Australia: Queensland, Bundaberg""],""host"":[""Brassica oleracea var. capitata""],""host_disease"":[""black rot""],""isol_growth_condt"":[""https://doi.org/10.1111/j.1472-765X.2006.01887.x""],""lat_lon"":[""missing""],""num_replicons"":[""not collected""],""pathovar"":[""campestris""],""ref_biomaterial"":[""missing""],""strain"":[""DAR-82801""]}"	.cache/ncbi/v2_1/efetch_d18021f24be666d2ee23fbd3549d1935b73b9e2719bdf190640e976f26b27a17.xml	https://www.ncbi.nlm.nih.gov/biosample/SAMN17386005	ok	
d7408b60382a176f553e	NCPPB 4373	other_references	expected_genus	1472	17386004	SAMN17386004	Xanthomonas campestris	339	MIGS Cultured Bacterial/Archaeal sample from Xanthomonas campestris	DAR-82739						BioSample: SAMN17386004; DAR-82739	Brassica oleracea var. capitata	Australia: Queensland, Brisbane	1977-06-17		"{""collection_date"":[""1977-06-17""],""env_broad_scale"":[""not applicable""],""env_local_scale"":[""not applicable""],""env_medium"":[""not applicable""],""geo_loc_name"":[""Australia: Queensland, Brisbane""],""host"":[""Brassica oleracea var. capitata""],""isol_growth_condt"":[""https://doi.org/10.1111/j.1472-765X.2006.01887.x""],""lat_lon"":[""missing""],""num_replicons"":[""not collected""],""pathovar"":[""campestris""],""ref_biomaterial"":[""missing""],""strain"":[""DAR-82739""]}"	.cache/ncbi/v2_1/efetch_d18021f24be666d2ee23fbd3549d1935b73b9e2719bdf190640e976f26b27a17.xml	https://www.ncbi.nlm.nih.gov/biosample/SAMN17386004	ok	
d7408b60382a176f553e	NCPPB 4373	other_references	expected_genus	1472	17386003	SAMN17386003	Xanthomonas campestris	339	MIGS Cultured Bacterial/Archaeal sample from Xanthomonas campestris	DAR-82738						BioSample: SAMN17386003; DAR-82738; SRA: SRS9061576	missing	Australia: Queensland, Brisbane	1977-06-17		"{""collection_date"":[""1977-06-17""],""env_broad_scale"":[""not applicable""],""env_local_scale"":[""not applicable""],""env_medium"":[""not applicable""],""geo_loc_name"":[""Australia: Queensland, Brisbane""],""host"":[""missing""],""host_disease"":[""black rot""],""isol_growth_condt"":[""https://doi.org/10.1111/j.1472-765X.2006.01887.x""],""lat_lon"":[""missing""],""num_replicons"":[""not collected""],""pathovar"":[""campestris""],""ref_biomaterial"":[""missing""],""strain"":[""DAR-82738""]}"	.cache/ncbi/v2_1/efetch_d18021f24be666d2ee23fbd3549d1935b73b9e2719bdf190640e976f26b27a17.xml	https://www.ncbi.nlm.nih.gov/biosample/SAMN17386003	ok	
d7408b60382a176f553e	NCPPB 4373	other_references	expected_genus	1472	17386002	SAMN17386002	Xanthomonas campestris	339	MIGS Cultured Bacterial/Archaeal sample from Xanthomonas campestris	DAR-82737						BioSample: SAMN17386002; DAR-82737; SRA: SRS9061577	Brassica oleracea var. capitata	Australia: Queensland, Brisbane	1977-06-17		"{""collection_date"":[""1977-06-17""],""env_broad_scale"":[""not applicable""],""env_local_scale"":[""not applicable""],""env_medium"":[""not applicable""],""geo_loc_name"":[""Australia: Queensland, Brisbane""],""host"":[""Brassica oleracea var. capitata""],""host_disease"":[""black rot""],""isol_growth_condt"":[""https://doi.org/10.1111/j.1472-765X.2006.01887.x""],""lat_lon"":[""missing""],""num_replicons"":[""not collected""],""pathovar"":[""campestris""],""ref_biomaterial"":[""missing""],""strain"":[""DAR-82737""]}"	.cache/ncbi/v2_1/efetch_d18021f24be666d2ee23fbd3549d1935b73b9e2719bdf190640e976f26b27a17.xml	https://www.ncbi.nlm.nih.gov/biosample/SAMN17386002	ok	
d7408b60382a176f553e	NCPPB 4373	other_references	expected_genus	1472	17386001	SAMN17386001	Xanthomonas campestris	339	MIGS Cultured Bacterial/Archaeal sample from Xanthomonas campestris	DAR-82736						BioSample: SAMN17386001; DAR-82736; SRA: SRS9061579	Brassica oleracea var. capitata	Australia: Queensland, Laidley	1977-06-01		"{""collection_date"":[""1977-06-01""],""env_broad_scale"":[""not applicable""],""env_local_scale"":[""not applicable""],""env_medium"":[""not applicable""],""geo_loc_name"":[""Australia: Queensland, Laidley""],""host"":[""Brassica oleracea var. capitata""],""host_disease"":[""black rot""],""isol_growth_condt"":[""https://doi.org/10.1111/j.1472-765X.2006.01887.x""],""lat_lon"":[""missing""],""num_replicons"":[""not collected""],""pathovar"":[""campestris""],""ref_biomaterial"":[""missing""],""strain"":[""DAR-82736""]}"	.cache/ncbi/v2_1/efetch_d18021f24be666d2ee23fbd3549d1935b73b9e2719bdf190640e976f26b27a17.xml	https://www.ncbi.nlm.nih.gov/biosample/SAMN17386001	ok	
d7408b60382a176f553e	NCPPB 4373	other_references	expected_genus	1472	17386000	SAMN17386000	Xanthomonas campestris	339	MIGS Cultured Bacterial/Archaeal sample from Xanthomonas campestris	DAR-82735						BioSample: SAMN17386000; DAR-82735; SRA: SRS9061578	Brassica oleracea var. capitata	Australia: Queensland, Laidley	1977-06-01	leaf	"{""collection_date"":[""1977-06-01""],""env_broad_scale"":[""not applicable""],""env_local_scale"":[""not applicable""],""env_medium"":[""not applicable""],""geo_loc_name"":[""Australia: Queensland, Laidley""],""host"":[""Brassica oleracea var. capitata""],""host_disease"":[""black rot""],""isol_growth_condt"":[""https://doi.org/10.1111/j.1472-765X.2006.01887.x""],""isolation_source"":[""leaf""],""lat_lon"":[""missing""],""num_replicons"":[""not collected""],""pathovar"":[""campestris""],""ref_biomaterial"":[""missing""],""strain"":[""DAR-82735""]}"	.cache/ncbi/v2_1/efetch_d18021f24be666d2ee23fbd3549d1935b73b9e2719bdf190640e976f26b27a17.xml	https://www.ncbi.nlm.nih.gov/biosample/SAMN17386000	ok	
d7408b60382a176f553e	NCPPB 4373	other_references	expected_genus	1472	17385999	SAMN17385999	Xanthomonas campestris	339	MIGS Cultured Bacterial/Archaeal sample from Xanthomonas campestris	DAR-82734						BioSample: SAMN17385999; DAR-82734; SRA: SRS9061580	Brassica oleracea var. gemmifera	Australia: Queensland, Stanthorpe	1977-05-11		"{""collection_date"":[""1977-05-11""],""env_broad_scale"":[""not applicable""],""env_local_scale"":[""not applicable""],""env_medium"":[""not applicable""],""geo_loc_name"":[""Australia: Queensland, Stanthorpe""],""host"":[""Brassica oleracea var. gemmifera""],""host_disease"":[""black rot""],""isol_growth_condt"":[""https://doi.org/10.1111/j.1472-765X.2006.01887.x""],""lat_lon"":[""missing""],""num_replicons"":[""not collected""],""pathovar"":[""campestris""],""ref_biomaterial"":[""missing""],""strain"":[""DAR-82734""]}"	.cache/ncbi/v2_1/efetch_d18021f24be666d2ee23fbd3549d1935b73b9e2719bdf190640e976f26b27a17.xml	https://www.ncbi.nlm.nih.gov/biosample/SAMN17385999	ok	
d7408b60382a176f553e	NCPPB 4373	other_references	expected_genus	1472	17385998	SAMN17385998	Xanthomonas campestris	339	MIGS Cultured Bacterial/Archaeal sample from Xanthomonas campestris	DAR-82732						BioSample: SAMN17385998; DAR-82732; SRA: SRS9061581	Brassica oleracea var. gemmifera	Australia: Queensland, Stanthorpe	1977-04-28		"{""collection_date"":[""1977-04-28""],""env_broad_scale"":[""not applicable""],""env_local_scale"":[""not applicable""],""env_medium"":[""not applicable""],""geo_loc_name"":[""Australia: Queensland, Stanthorpe""],""host"":[""Brassica oleracea var. gemmifera""],""host_disease"":[""black rot""],""isol_growth_condt"":[""https://doi.org/10.1111/j.1472-765X.2006.01887.x""],""lat_lon"":[""missing""],""num_replicons"":[""not collected""],""pathovar"":[""campestris""],""ref_biomaterial"":[""missing""],""strain"":[""DAR-82732""]}"	.cache/ncbi/v2_1/efetch_d18021f24be666d2ee23fbd3549d1935b73b9e2719bdf190640e976f26b27a17.xml	https://www.ncbi.nlm.nih.gov/biosample/SAMN17385998	ok	
d7408b60382a176f553e	NCPPB 4373	other_references	expected_genus	1472	17385997	SAMN17385997	Xanthomonas campestris	339	MIGS Cultured Bacterial/Archaeal sample from Xanthomonas campestris	DAR-82730						BioSample: SAMN17385997; DAR-82730; SRA: SRS9061536	missing	Australia: Queensland, Thornton	1977-04-04		"{""collection_date"":[""1977-04-04""],""env_broad_scale"":[""not applicable""],""env_local_scale"":[""not applicable""],""env_medium"":[""not applicable""],""geo_loc_name"":[""Australia: Queensland, Thornton""],""host"":[""missing""],""host_disease"":[""spot""],""isol_growth_condt"":[""https://doi.org/10.1111/j.1472-765X.2006.01887.x""],""lat_lon"":[""missing""],""num_replicons"":[""not collected""],""pathovar"":[""campestris""],""ref_biomaterial"":[""missing""],""strain"":[""DAR-82730""]}"	.cache/ncbi/v2_1/efetch_d18021f24be666d2ee23fbd3549d1935b73b9e2719bdf190640e976f26b27a17.xml	https://www.ncbi.nlm.nih.gov/biosample/SAMN17385997	ok	
d7408b60382a176f553e	NCPPB 4373	other_references	expected_genus	1472	17385996	SAMN17385996	Xanthomonas campestris	339	MIGS Cultured Bacterial/Archaeal sample from Xanthomonas campestris	DAR-82725						BioSample: SAMN17385996; DAR-82725; SRA: SRS9061582	Brassica oleracea var. gemmifera	Australia: Queensland, Stanthorpe	1977-03-14		"{""collection_date"":[""1977-03-14""],""env_broad_scale"":[""not applicable""],""env_local_scale"":[""not applicable""],""env_medium"":[""not applicable""],""geo_loc_name"":[""Australia: Queensland, Stanthorpe""],""host"":[""Brassica oleracea var. gemmifera""],""host_disease"":[""black rot""],""isol_growth_condt"":[""https://doi.org/10.1111/j.1472-765X.2006.01887.x""],""lat_lon"":[""missing""],""num_replicons"":[""not collected""],""pathovar"":[""campestris""],""ref_biomaterial"":[""missing""],""strain"":[""DAR-82725""]}"	.cache/ncbi/v2_1/efetch_d18021f24be666d2ee23fbd3549d1935b73b9e2719bdf190640e976f26b27a17.xml	https://www.ncbi.nlm.nih.gov/biosample/SAMN17385996	ok	
d7408b60382a176f553e	NCPPB 4373	other_references	expected_genus	1472	17385995	SAMN17385995	Xanthomonas campestris	339	MIGS Cultured Bacterial/Archaeal sample from Xanthomonas campestris	DAR-82724						BioSample: SAMN17385995; DAR-82724; SRA: SRS9061529	missing	Australia: Queensland, Stanthorpe	1977-03-14		"{""collection_date"":[""1977-03-14""],""env_broad_scale"":[""not applicable""],""env_local_scale"":[""not applicable""],""env_medium"":[""not applicable""],""geo_loc_name"":[""Australia: Queensland, Stanthorpe""],""host"":[""missing""],""host_disease"":[""black rot""],""isol_growth_condt"":[""https://doi.org/10.1111/j.1472-765X.2006.01887.x""],""lat_lon"":[""missing""],""num_replicons"":[""not collected""],""pathovar"":[""campestris""],""ref_biomaterial"":[""missing""],""strain"":[""DAR-82724""]}"	.cache/ncbi/v2_1/efetch_d18021f24be666d2ee23fbd3549d1935b73b9e2719bdf190640e976f26b27a17.xml	https://www.ncbi.nlm.nih.gov/biosample/SAMN17385995	ok	
d7408b60382a176f553e	NCPPB 4373	other_references	expected_genus	1472	17385994	SAMN17385994	Xanthomonas campestris	339	MIGS Cultured Bacterial/Archaeal sample from Xanthomonas campestris	DAR-82723						BioSample: SAMN17385994; DAR-82723; SRA: SRS9061583	Brassica oleracea var. gemmifera	Australia: Queensland, Stanthorpe	1977-03-02	fruit	"{""collection_date"":[""1977-03-02""],""env_broad_scale"":[""not applicable""],""env_local_scale"":[""not applicable""],""env_medium"":[""not applicable""],""geo_loc_name"":[""Australia: Queensland, Stanthorpe""],""host"":[""Brassica oleracea var. gemmifera""],""host_disease"":[""black rot""],""isol_growth_condt"":[""https://doi.org/10.1111/j.1472-765X.2006.01887.x""],""isolation_source"":[""fruit""],""lat_lon"":[""missing""],""num_replicons"":[""not collected""],""pathovar"":[""campestris""],""ref_biomaterial"":[""missing""],""strain"":[""DAR-82723""]}"	.cache/ncbi/v2_1/efetch_d18021f24be666d2ee23fbd3549d1935b73b9e2719bdf190640e976f26b27a17.xml	https://www.ncbi.nlm.nih.gov/biosample/SAMN17385994	ok	
d7408b60382a176f553e	NCPPB 4373	other_references	expected_genus	1472	17385993	SAMN17385993	Xanthomonas campestris	339	MIGS Cultured Bacterial/Archaeal sample from Xanthomonas campestris	DAR-82722						BioSample: SAMN17385993; DAR-82722; SRA: SRS9061585	Brassica oleracea var. gemmifera	Australia: Queensland, Stanthorpe	1977-03-02		"{""collection_date"":[""1977-03-02""],""env_broad_scale"":[""not applicable""],""env_local_scale"":[""not applicable""],""env_medium"":[""not applicable""],""geo_loc_name"":[""Australia: Queensland, Stanthorpe""],""host"":[""Brassica oleracea var. gemmifera""],""host_disease"":[""black rot""],""isol_growth_condt"":[""https://doi.org/10.1111/j.1472-765X.2006.01887.x""],""lat_lon"":[""missing""],""num_replicons"":[""not collected""],""pathovar"":[""campestris""],""ref_biomaterial"":[""missing""],""strain"":[""DAR-82722""]}"	.cache/ncbi/v2_1/efetch_d18021f24be666d2ee23fbd3549d1935b73b9e2719bdf190640e976f26b27a17.xml	https://www.ncbi.nlm.nih.gov/biosample/SAMN17385993	ok	
d7408b60382a176f553e	NCPPB 4373	other_references	expected_genus	1472	17385992	SAMN17385992	Xanthomonas campestris	339	MIGS Cultured Bacterial/Archaeal sample from Xanthomonas campestris	DAR-82720						BioSample: SAMN17385992; DAR-82720; SRA: SRS9061584	Brassica oleracea var. capitata	Australia: Queensland, Cleveland	1977-03-01		"{""collection_date"":[""1977-03-01""],""env_broad_scale"":[""not applicable""],""env_local_scale"":[""not applicable""],""env_medium"":[""not applicable""],""geo_loc_name"":[""Australia: Queensland, Cleveland""],""host"":[""Brassica oleracea var. capitata""],""host_disease"":[""black rot""],""isol_growth_condt"":[""https://doi.org/10.1111/j.1472-765X.2006.01887.x""],""lat_lon"":[""missing""],""num_replicons"":[""not collected""],""pathovar"":[""campestris""],""ref_biomaterial"":[""missing""],""strain"":[""DAR-82720""]}"	.cache/ncbi/v2_1/efetch_d18021f24be666d2ee23fbd3549d1935b73b9e2719bdf190640e976f26b27a17.xml	https://www.ncbi.nlm.nih.gov/biosample/SAMN17385992	ok	
d7408b60382a176f553e	NCPPB 4373	other_references	expected_genus	1472	17385991	SAMN17385991	Xanthomonas campestris	339	MIGS Cultured Bacterial/Archaeal sample from Xanthomonas campestris	DAR-82719						BioSample: SAMN17385991; DAR-82719; SRA: SRS9061586	Brassica sp.	Australia: Queensland, Amiens	1976-07-05		"{""collection_date"":[""1976-07-05""],""env_broad_scale"":[""not applicable""],""env_local_scale"":[""not applicable""],""env_medium"":[""not applicable""],""geo_loc_name"":[""Australia: Queensland, Amiens""],""host"":[""Brassica sp.""],""isol_growth_condt"":[""https://doi.org/10.1111/j.1472-765X.2006.01887.x""],""lat_lon"":[""missing""],""num_replicons"":[""not collected""],""ref_biomaterial"":[""missing""],""strain"":[""DAR-82719""]}"	.cache/ncbi/v2_1/efetch_d18021f24be666d2ee23fbd3549d1935b73b9e2719bdf190640e976f26b27a17.xml	https://www.ncbi.nlm.nih.gov/biosample/SAMN17385991	ok	
d7408b60382a176f553e	NCPPB 4373	other_references	expected_genus	1472	17385990	SAMN17385990	Xanthomonas campestris	339	MIGS Cultured Bacterial/Archaeal sample from Xanthomonas campestris	DAR-82718						BioSample: SAMN17385990; DAR-82718; SRA: SRS9061587	Brassica oleracea var. capitata	Australia: Queensland, Redland Bay	1976-06-16	leaf	"{""collection_date"":[""1976-06-16""],""env_broad_scale"":[""not applicable""],""env_local_scale"":[""not applicable""],""env_medium"":[""not applicable""],""geo_loc_name"":[""Australia: Queensland, Redland Bay""],""host"":[""Brassica oleracea var. capitata""],""isol_growth_condt"":[""https://doi.org/10.1111/j.1472-765X.2006.01887.x""],""isolation_source"":[""leaf""],""lat_lon"":[""missing""],""num_replicons"":[""not collected""],""pathovar"":[""raphani""],""ref_biomaterial"":[""missing""],""strain"":[""DAR-82718""]}"	.cache/ncbi/v2_1/efetch_d18021f24be666d2ee23fbd3549d1935b73b9e2719bdf190640e976f26b27a17.xml	https://www.ncbi.nlm.nih.gov/biosample/SAMN17385990	ok	
d7408b60382a176f553e	NCPPB 4373	other_references	expected_genus	1472	17385989	SAMN17385989	Xanthomonas campestris	339	MIGS Cultured Bacterial/Archaeal sample from Xanthomonas campestris	DAR-82717						BioSample: SAMN17385989; DAR-82717; SRA: SRS9061588	missing	Australia: Queensland, Brisbane	1976-06-16	leaf	"{""collection_date"":[""1976-06-16""],""env_broad_scale"":[""not applicable""],""env_local_scale"":[""not applicable""],""env_medium"":[""not applicable""],""geo_loc_name"":[""Australia: Queensland, Brisbane""],""host"":[""missing""],""host_disease"":[""black rot""],""isol_growth_condt"":[""https://doi.org/10.1111/j.1472-765X.2006.01887.x""],""isolation_source"":[""leaf""],""lat_lon"":[""missing""],""num_replicons"":[""not collected""],""pathovar"":[""campestris""],""ref_biomaterial"":[""missing""],""strain"":[""DAR-82717""]}"	.cache/ncbi/v2_1/efetch_d18021f24be666d2ee23fbd3549d1935b73b9e2719bdf190640e976f26b27a17.xml	https://www.ncbi.nlm.nih.gov/biosample/SAMN17385989	ok	
d7408b60382a176f553e	NCPPB 4373	other_references	expected_genus	1472	17385988	SAMN17385988	Xanthomonas campestris	339	MIGS Cultured Bacterial/Archaeal sample from Xanthomonas campestris	DAR-82716						BioSample: SAMN17385988; DAR-82716; SRA: SRS9061589	Brassica oleracea var. botrytis	Australia: Queensland, Gympie	1976-06-11		"{""collection_date"":[""1976-06-11""],""env_broad_scale"":[""not applicable""],""env_local_scale"":[""not applicable""],""env_medium"":[""not applicable""],""geo_loc_name"":[""Australia: Queensland, Gympie""],""host"":[""Brassica oleracea var. botrytis""],""host_disease"":[""black rot""],""isol_growth_condt"":[""https://doi.org/10.1111/j.1472-765X.2006.01887.x""],""lat_lon"":[""missing""],""num_replicons"":[""not collected""],""pathovar"":[""campestris""],""ref_biomaterial"":[""missing""],""strain"":[""DAR-82716""]}"	.cache/ncbi/v2_1/efetch_d18021f24be666d2ee23fbd3549d1935b73b9e2719bdf190640e976f26b27a17.xml	https://www.ncbi.nlm.nih.gov/biosample/SAMN17385988	ok	
d7408b60382a176f553e	NCPPB 4373	other_references	expected_genus	1472	17385987	SAMN17385987	Xanthomonas campestris	339	MIGS Cultured Bacterial/Archaeal sample from Xanthomonas campestris	DAR-82715						BioSample: SAMN17385987; DAR-82715; SRA: SRS9061590	Brassica oleracea var. gongylodes	Australia: Queensland, Gympie	1976-06-11	Sprout	"{""collection_date"":[""1976-06-11""],""env_broad_scale"":[""not applicable""],""env_local_scale"":[""not applicable""],""env_medium"":[""not applicable""],""geo_loc_name"":[""Australia: Queensland, Gympie""],""host"":[""Brassica oleracea var. gongylodes""],""isol_growth_condt"":[""https://doi.org/10.1111/j.1472-765X.2006.01887.x""],""isolation_source"":[""Sprout""],""lat_lon"":[""missing""],""num_replicons"":[""not collected""],""pathovar"":[""campestris""],""ref_biomaterial"":[""missing""],""strain"":[""DAR-82715""]}"	.cache/ncbi/v2_1/efetch_d18021f24be666d2ee23fbd3549d1935b73b9e2719bdf190640e976f26b27a17.xml	https://www.ncbi.nlm.nih.gov/biosample/SAMN17385987	ok	
d7408b60382a176f553e	NCPPB 4373	other_references	expected_genus	1472	17385986	SAMN17385986	Xanthomonas campestris	339	MIGS Cultured Bacterial/Archaeal sample from Xanthomonas campestris	DAR-82714						BioSample: SAMN17385986; DAR-82714; SRA: SRS9061592	Brassica rapa subsp. chinensis	Australia: Queensland, Gympie	1976-06-10		"{""collection_date"":[""1976-06-10""],""env_broad_scale"":[""not applicable""],""env_local_scale"":[""not applicable""],""env_medium"":[""not applicable""],""geo_loc_name"":[""Australia: Queensland, Gympie""],""host"":[""Brassica rapa subsp. chinensis""],""host_disease"":[""black rot""],""isol_growth_condt"":[""https://doi.org/10.1111/j.1472-765X.2006.01887.x""],""lat_lon"":[""missing""],""num_replicons"":[""not collected""],""pathovar"":[""campestris""],""ref_biomaterial"":[""missing""],""strain"":[""DAR-82714""]}"	.cache/ncbi/v2_1/efetch_d18021f24be666d2ee23fbd3549d1935b73b9e2719bdf190640e976f26b27a17.xml	https://www.ncbi.nlm.nih.gov/biosample/SAMN17385986	ok	
d7408b60382a176f553e	NCPPB 4373	other_references	expected_genus	1472	17385985	SAMN17385985	Xanthomonas campestris	339	MIGS Cultured Bacterial/Archaeal sample from Xanthomonas campestris	DAR-82713						BioSample: SAMN17385985; DAR-82713; SRA: SRS9061527	missing	Australia	1976-06-10		"{""collection_date"":[""1976-06-10""],""env_broad_scale"":[""not applicable""],""env_local_scale"":[""not applicable""],""env_medium"":[""not applicable""],""geo_loc_name"":[""Australia""],""host"":[""missing""],""isol_growth_condt"":[""https://doi.org/10.1111/j.1472-765X.2006.01887.x""],""lat_lon"":[""missing""],""num_replicons"":[""not collected""],""pathovar"":[""campestris""],""ref_biomaterial"":[""missing""],""strain"":[""DAR-82713""]}"	.cache/ncbi/v2_1/efetch_d18021f24be666d2ee23fbd3549d1935b73b9e2719bdf190640e976f26b27a17.xml	https://www.ncbi.nlm.nih.gov/biosample/SAMN17385985	ok	
d7408b60382a176f553e	NCPPB 4373	other_references	expected_genus	1472	17385984	SAMN17385984	Xanthomonas campestris	339	MIGS Cultured Bacterial/Archaeal sample from Xanthomonas campestris	DAR-82712						BioSample: SAMN17385984; DAR-82712; SRA: SRS9061591	Brassica sp.	Australia: Queensland, Laidley	1976-05-06		"{""collection_date"":[""1976-05-06""],""env_broad_scale"":[""not applicable""],""env_local_scale"":[""not applicable""],""env_medium"":[""not applicable""],""geo_loc_name"":[""Australia: Queensland, Laidley""],""host"":[""Brassica sp.""],""host_disease"":[""black rot""],""isol_growth_condt"":[""https://doi.org/10.1111/j.1472-765X.2006.01887.x""],""lat_lon"":[""missing""],""num_replicons"":[""not collected""],""ref_biomaterial"":[""missing""],""strain"":[""DAR-82712""]}"	.cache/ncbi/v2_1/efetch_d18021f24be666d2ee23fbd3549d1935b73b9e2719bdf190640e976f26b27a17.xml	https://www.ncbi.nlm.nih.gov/biosample/SAMN17385984	ok	
d7408b60382a176f553e	NCPPB 4373	other_references	expected_genus	1472	17385983	SAMN17385983	Xanthomonas campestris	339	MIGS Cultured Bacterial/Archaeal sample from Xanthomonas campestris	DAR-82708						BioSample: SAMN17385983; DAR-82708; SRA: SRS9061593	missing	Australia: Queensland, Cleveland	1975-08-14		"{""collection_date"":[""1975-08-14""],""env_broad_scale"":[""not applicable""],""env_local_scale"":[""not applicable""],""env_medium"":[""not applicable""],""geo_loc_name"":[""Australia: Queensland, Cleveland""],""host"":[""missing""],""isol_growth_condt"":[""https://doi.org/10.1111/j.1472-765X.2006.01887.x""],""lat_lon"":[""missing""],""num_replicons"":[""not collected""],""pathovar"":[""campestris""],""ref_biomaterial"":[""missing""],""strain"":[""DAR-82708""]}"	.cache/ncbi/v2_1/efetch_d18021f24be666d2ee23fbd3549d1935b73b9e2719bdf190640e976f26b27a17.xml	https://www.ncbi.nlm.nih.gov/biosample/SAMN17385983	ok	
d7408b60382a176f553e	NCPPB 4373	other_references	expected_genus	1472	17385982	SAMN17385982	Xanthomonas campestris	339	MIGS Cultured Bacterial/Archaeal sample from Xanthomonas campestris	DAR-82649						BioSample: SAMN17385982; DAR-82649; SRA: SRS9061594	Brassica oleracea var. botrytis	Australia: Queensland, Brisbane	1975-06-19		"{""collection_date"":[""1975-06-19""],""env_broad_scale"":[""not applicable""],""env_local_scale"":[""not applicable""],""env_medium"":[""not applicable""],""geo_loc_name"":[""Australia: Queensland, Brisbane""],""host"":[""Brassica oleracea var. botrytis""],""host_disease"":[""black rot""],""isol_growth_condt"":[""https://doi.org/10.1111/j.1472-765X.2006.01887.x""],""lat_lon"":[""missing""],""num_replicons"":[""not collected""],""pathovar"":[""campestris""],""ref_biomaterial"":[""missing""],""strain"":[""DAR-82649""]}"	.cache/ncbi/v2_1/efetch_d18021f24be666d2ee23fbd3549d1935b73b9e2719bdf190640e976f26b27a17.xml	https://www.ncbi.nlm.nih.gov/biosample/SAMN17385982	ok	
d7408b60382a176f553e	NCPPB 4373	other_references	expected_genus	1472	17385981	SAMN17385981	Xanthomonas campestris	339	MIGS Cultured Bacterial/Archaeal sample from Xanthomonas campestris	DAR-82647						BioSample: SAMN17385981; DAR-82647; SRA: SRS9061595	missing	Australia: Queensland, Caboolture	1975-05-28	leaf	"{""collection_date"":[""1975-05-28""],""env_broad_scale"":[""not applicable""],""env_local_scale"":[""not applicable""],""env_medium"":[""not applicable""],""geo_loc_name"":[""Australia: Queensland, Caboolture""],""host"":[""missing""],""host_disease"":[""black rot""],""isol_growth_condt"":[""https://doi.org/10.1111/j.1472-765X.2006.01887.x""],""isolation_source"":[""leaf""],""lat_lon"":[""missing""],""num_replicons"":[""not collected""],""pathovar"":[""campestris""],""ref_biomaterial"":[""missing""],""strain"":[""DAR-82647""]}"	.cache/ncbi/v2_1/efetch_d18021f24be666d2ee23fbd3549d1935b73b9e2719bdf190640e976f26b27a17.xml	https://www.ncbi.nlm.nih.gov/biosample/SAMN17385981	ok	
d7408b60382a176f553e	NCPPB 4373	other_references	expected_genus	1472	17385980	SAMN17385980	Xanthomonas campestris	339	MIGS Cultured Bacterial/Archaeal sample from Xanthomonas campestris	DAR-82635						BioSample: SAMN17385980; DAR-82635; SRA: SRS9061525	Brassica oleracea var. botrytis	Australia: Queensland, Gympie	1976-06-11	leaf	"{""collection_date"":[""1976-06-11""],""env_broad_scale"":[""not applicable""],""env_local_scale"":[""not applicable""],""env_medium"":[""not applicable""],""geo_loc_name"":[""Australia: Queensland, Gympie""],""host"":[""Brassica oleracea var. botrytis""],""isol_growth_condt"":[""https://doi.org/10.1111/j.1472-765X.2006.01887.x""],""isolation_source"":[""leaf""],""lat_lon"":[""missing""],""num_replicons"":[""not collected""],""pathovar"":[""campestris""],""ref_biomaterial"":[""missing""],""strain"":[""DAR-82635""]}"	.cache/ncbi/v2_1/efetch_d18021f24be666d2ee23fbd3549d1935b73b9e2719bdf190640e976f26b27a17.xml	https://www.ncbi.nlm.nih.gov/biosample/SAMN17385980	ok	
d7408b60382a176f553e	NCPPB 4373	other_references	expected_genus	1472	17385979	SAMN17385979	Xanthomonas campestris	339	MIGS Cultured Bacterial/Archaeal sample from Xanthomonas campestris	DAR-82630						BioSample: SAMN17385979; DAR-82630; SRA: SRS9061506	Brassica oleracea var. capitata	Australia: Queensland, Cleveland	1975-05-19	leaf	"{""collection_date"":[""1975-05-19""],""env_broad_scale"":[""not applicable""],""env_local_scale"":[""not applicable""],""env_medium"":[""not applicable""],""geo_loc_name"":[""Australia: Queensland, Cleveland""],""host"":[""Brassica oleracea var. capitata""],""host_disease"":[""spot""],""isol_growth_condt"":[""https://doi.org/10.1111/j.1472-765X.2006.01887.x""],""isolation_source"":[""leaf""],""lat_lon"":[""missing""],""num_replicons"":[""not collected""],""pathovar"":[""campestris""],""ref_biomaterial"":[""missing""],""strain"":[""DAR-82630""]}"	.cache/ncbi/v2_1/efetch_d18021f24be666d2ee23fbd3549d1935b73b9e2719bdf190640e976f26b27a17.xml	https://www.ncbi.nlm.nih.gov/biosample/SAMN17385979	ok	
d7408b60382a176f553e	NCPPB 4373	other_references	expected_genus	1472	17385978	SAMN17385978	Xanthomonas campestris	339	MIGS Cultured Bacterial/Archaeal sample from Xanthomonas campestris	DAR-82619						BioSample: SAMN17385978; DAR-82619; SRA: SRS9061504	Brassica oleracea var. italica	Australia: Queensland, Cleveland	1975-05-19	leaf	"{""collection_date"":[""1975-05-19""],""env_broad_scale"":[""not applicable""],""env_local_scale"":[""not applicable""],""env_medium"":[""not applicable""],""geo_loc_name"":[""Australia: Queensland, Cleveland""],""host"":[""Brassica oleracea var. italica""],""host_disease"":[""spot""],""isol_growth_condt"":[""https://doi.org/10.1111/j.1472-765X.2006.01887.x""],""isolation_source"":[""leaf""],""lat_lon"":[""missing""],""num_replicons"":[""not collected""],""pathovar"":[""campestris""],""ref_biomaterial"":[""missing""],""strain"":[""DAR-82619""]}"	.cache/ncbi/v2_1/efetch_d18021f24be666d2ee23fbd3549d1935b73b9e2719bdf190640e976f26b27a17.xml	https://www.ncbi.nlm.nih.gov/biosample/SAMN17385978	ok	
d7408b60382a176f553e	NCPPB 4373	other_references	expected_genus	1472	17385977	SAMN17385977	Xanthomonas campestris	339	MIGS Cultured Bacterial/Archaeal sample from Xanthomonas campestris	DAR-82589						BioSample: SAMN17385977; DAR-82589	Brassica oleracea var. capitata	Australia: Queensland, Junction View	1975-03-11	leaf	"{""collection_date"":[""1975-03-11""],""env_broad_scale"":[""not applicable""],""env_local_scale"":[""not applicable""],""env_medium"":[""not applicable""],""geo_loc_name"":[""Australia: Queensland, Junction View""],""host"":[""Brassica oleracea var. capitata""],""host_disease"":[""spot""],""isol_growth_condt"":[""https://doi.org/10.1111/j.1472-765X.2006.01887.x""],""isolation_source"":[""leaf""],""lat_lon"":[""missing""],""num_replicons"":[""not collected""],""pathovar"":[""campestris""],""ref_biomaterial"":[""missing""],""strain"":[""DAR-82589""]}"	.cache/ncbi/v2_1/efetch_d18021f24be666d2ee23fbd3549d1935b73b9e2719bdf190640e976f26b27a17.xml	https://www.ncbi.nlm.nih.gov/biosample/SAMN17385977	ok	
d7408b60382a176f553e	NCPPB 4373	other_references	expected_genus	1472	17385976	SAMN17385976	Xanthomonas campestris	339	MIGS Cultured Bacterial/Archaeal sample from Xanthomonas campestris	DAR-82578						BioSample: SAMN17385976; DAR-82578	Brassica oleracea var. capitata	Australia: Queensland, Brookfield	1985-11-21	leaf	"{""collection_date"":[""1985-11-21""],""env_broad_scale"":[""not applicable""],""env_local_scale"":[""not applicable""],""env_medium"":[""not applicable""],""geo_loc_name"":[""Australia: Queensland, Brookfield""],""host"":[""Brassica oleracea var. capitata""],""host_disease"":[""spot""],""isol_growth_condt"":[""https://doi.org/10.1111/j.1472-765X.2006.01887.x""],""isolation_source"":[""leaf""],""lat_lon"":[""missing""],""num_replicons"":[""not collected""],""pathovar"":[""campestris""],""ref_biomaterial"":[""missing""],""strain"":[""DAR-82578""]}"	.cache/ncbi/v2_1/efetch_d18021f24be666d2ee23fbd3549d1935b73b9e2719bdf190640e976f26b27a17.xml	https://www.ncbi.nlm.nih.gov/biosample/SAMN17385976	ok	
d7408b60382a176f553e	NCPPB 4373	other_references	expected_genus	1472	17385975	SAMN17385975	Xanthomonas campestris	339	MIGS Cultured Bacterial/Archaeal sample from Xanthomonas campestris	DAR-82570						BioSample: SAMN17385975; DAR-82570; SRA: SRS9061505	Brassica oleracea var. capitata	Australia: Queensland, Cleveland	1975-07-15		"{""collection_date"":[""1975-07-15""],""env_broad_scale"":[""not applicable""],""env_local_scale"":[""not applicable""],""env_medium"":[""not applicable""],""geo_loc_name"":[""Australia: Queensland, Cleveland""],""host"":[""Brassica oleracea var. capitata""],""host_disease"":[""spot""],""isol_growth_condt"":[""https://doi.org/10.1111/j.1472-765X.2006.01887.x""],""lat_lon"":[""missing""],""num_replicons"":[""not collected""],""pathovar"":[""campestris""],""ref_biomaterial"":[""missing""],""strain"":[""DAR-82570""]}"	.cache/ncbi/v2_1/efetch_d18021f24be666d2ee23fbd3549d1935b73b9e2719bdf190640e976f26b27a17.xml	https://www.ncbi.nlm.nih.gov/biosample/SAMN17385975	ok	
d7408b60382a176f553e	NCPPB 4373	other_references	expected_genus	1472	17385974	SAMN17385974	Xanthomonas campestris	339	MIGS Cultured Bacterial/Archaeal sample from Xanthomonas campestris	DAR-82566						BioSample: SAMN17385974; DAR-82566; SRA: SRS9061503	Brassica oleracea var. italica	Australia: Queensland, Toowoomba	1984-09-11	leaf	"{""collection_date"":[""1984-09-11""],""env_broad_scale"":[""not applicable""],""env_local_scale"":[""not applicable""],""env_medium"":[""not applicable""],""geo_loc_name"":[""Australia: Queensland, Toowoomba""],""host"":[""Brassica oleracea var. italica""],""host_disease"":[""burn""],""isol_growth_condt"":[""https://doi.org/10.1111/j.1472-765X.2006.01887.x""],""isolation_source"":[""leaf""],""lat_lon"":[""missing""],""num_replicons"":[""not collected""],""pathovar"":[""campestris""],""ref_biomaterial"":[""missing""],""strain"":[""DAR-82566""]}"	.cache/ncbi/v2_1/efetch_d18021f24be666d2ee23fbd3549d1935b73b9e2719bdf190640e976f26b27a17.xml	https://www.ncbi.nlm.nih.gov/biosample/SAMN17385974	ok	
d7408b60382a176f553e	NCPPB 4373	other_references	expected_genus	1472	17385973	SAMN17385973	Xanthomonas campestris	339	MIGS Cultured Bacterial/Archaeal sample from Xanthomonas campestris	DAR-82553						BioSample: SAMN17385973; DAR-82553; SRA: SRS9061502	Matthiola incana	Australia: Queensland	1983-09-20		"{""collection_date"":[""1983-09-20""],""env_broad_scale"":[""not applicable""],""env_local_scale"":[""not applicable""],""env_medium"":[""not applicable""],""geo_loc_name"":[""Australia: Queensland""],""host"":[""Matthiola incana""],""isol_growth_condt"":[""https://doi.org/10.1111/j.1472-765X.2006.01887.x""],""lat_lon"":[""missing""],""num_replicons"":[""not collected""],""pathovar"":[""incanae""],""ref_biomaterial"":[""missing""],""strain"":[""DAR-82553""]}"	.cache/ncbi/v2_1/efetch_d18021f24be666d2ee23fbd3549d1935b73b9e2719bdf190640e976f26b27a17.xml	https://www.ncbi.nlm.nih.gov/biosample/SAMN17385973	ok	
d7408b60382a176f553e	NCPPB 4373	other_references	expected_genus	1472	17385972	SAMN17385972	Xanthomonas campestris	339	MIGS Cultured Bacterial/Archaeal sample from Xanthomonas campestris	DAR-82550						BioSample: SAMN17385972; DAR-82550; SRA: SRS9061501	Brassica oleracea var. italica	Australia: Queensland, Gatton	1983-03-24	leaf	"{""collection_date"":[""1983-03-24""],""env_broad_scale"":[""not applicable""],""env_local_scale"":[""not applicable""],""env_medium"":[""not applicable""],""geo_loc_name"":[""Australia: Queensland, Gatton""],""host"":[""Brassica oleracea var. italica""],""host_disease"":[""spot""],""isol_growth_condt"":[""https://doi.org/10.1111/j.1472-765X.2006.01887.x""],""isolation_source"":[""leaf""],""lat_lon"":[""missing""],""num_replicons"":[""not collected""],""pathovar"":[""campestris""],""ref_biomaterial"":[""missing""],""strain"":[""DAR-82550""]}"	.cache/ncbi/v2_1/efetch_d18021f24be666d2ee23fbd3549d1935b73b9e2719bdf190640e976f26b27a17.xml	https://www.ncbi.nlm.nih.gov/biosample/SAMN17385972	ok	
d7408b60382a176f553e	NCPPB 4373	other_references	expected_genus	1472	17385971	SAMN17385971	Xanthomonas campestris	339	MIGS Cultured Bacterial/Archaeal sample from Xanthomonas campestris	DAR-76566						BioSample: SAMN17385971; DAR-76566; SRA: SRS9061540	Brassica oleracea	Australia: New South Wales, Leppington	2003-01-30	leaf	"{""collection_date"":[""2003-01-30""],""env_broad_scale"":[""not applicable""],""env_local_scale"":[""not applicable""],""env_medium"":[""not applicable""],""geo_loc_name"":[""Australia: New South Wales, Leppington""],""host"":[""Brassica oleracea""],""host_disease"":[""necrosis""],""isol_growth_condt"":[""https://doi.org/10.1111/j.1472-765X.2006.01887.x""],""isolation_source"":[""leaf""],""lat_lon"":[""missing""],""num_replicons"":[""not collected""],""pathovar"":[""campestris""],""ref_biomaterial"":[""missing""],""strain"":[""DAR-76566""]}"	.cache/ncbi/v2_1/efetch_d18021f24be666d2ee23fbd3549d1935b73b9e2719bdf190640e976f26b27a17.xml	https://www.ncbi.nlm.nih.gov/biosample/SAMN17385971	ok	
d7408b60382a176f553e	NCPPB 4373	other_references	expected_genus	1472	17385970	SAMN17385970	Xanthomonas campestris	339	MIGS Cultured Bacterial/Archaeal sample from Xanthomonas campestris	DAR-75982					X98, ICMP 11053	BioSample: SAMN17385970; DAR-75982; SRA: SRS9061544	Brassica oleracea var. botrytis	Iran	1991-06		"{""collection_date"":[""1991-06""],""env_broad_scale"":[""not applicable""],""env_local_scale"":[""not applicable""],""env_medium"":[""not applicable""],""geo_loc_name"":[""Iran""],""host"":[""Brassica oleracea var. botrytis""],""isol_growth_condt"":[""https://doi.org/10.1111/j.1472-765X.2006.01887.x""],""isolate_name_alias"":[""X98, ICMP 11053""],""lat_lon"":[""missing""],""num_replicons"":[""not collected""],""pathovar"":[""campestris""],""ref_biomaterial"":[""https://doi.org/10.1111/j.1365-3059.2005.01186.x""],""strain"":[""DAR-75982""]}"	.cache/ncbi/v2_1/efetch_d18021f24be666d2ee23fbd3549d1935b73b9e2719bdf190640e976f26b27a17.xml	https://www.ncbi.nlm.nih.gov/biosample/SAMN17385970	ok	
d7408b60382a176f553e	NCPPB 4373	other_references	expected_genus	1472	17385969	SAMN17385969	Xanthomonas campestris	339	MIGS Cultured Bacterial/Archaeal sample from Xanthomonas campestris	DAR-75981					X97, ICMP 7193	BioSample: SAMN17385969; DAR-75981; SRA: SRS9061596	Brassica oleracea var. capitata	Fiji	1980-08	leaf	"{""collection_date"":[""1980-08""],""env_broad_scale"":[""not applicable""],""env_local_scale"":[""not applicable""],""env_medium"":[""not applicable""],""geo_loc_name"":[""Fiji""],""host"":[""Brassica oleracea var. capitata""],""host_disease"":[""spot""],""isol_growth_condt"":[""https://doi.org/10.1111/j.1472-765X.2006.01887.x""],""isolate_name_alias"":[""X97, ICMP 7193""],""isolation_source"":[""leaf""],""lat_lon"":[""missing""],""num_replicons"":[""not collected""],""pathovar"":[""campestris""],""ref_biomaterial"":[""https://doi.org/10.1111/j.1365-3059.2005.01186.x""],""strain"":[""DAR-75981""]}"	.cache/ncbi/v2_1/efetch_d18021f24be666d2ee23fbd3549d1935b73b9e2719bdf190640e976f26b27a17.xml	https://www.ncbi.nlm.nih.gov/biosample/SAMN17385969	ok	
d7408b60382a176f553e	NCPPB 4373	other_references	expected_genus	1472	17385968	SAMN17385968	Xanthomonas campestris	339	MIGS Cultured Bacterial/Archaeal sample from Xanthomonas campestris	DAR-75980					X96, ICMP 6498	BioSample: SAMN17385968; DAR-75980; SRA: SRS9061598	Brassica oleracea var. botrytis	New Zealand: Bombay	1979-04	leaf	"{""collection_date"":[""1979-04""],""env_broad_scale"":[""not applicable""],""env_local_scale"":[""not applicable""],""env_medium"":[""not applicable""],""geo_loc_name"":[""New Zealand: Bombay""],""host"":[""Brassica oleracea var. botrytis""],""isol_growth_condt"":[""https://doi.org/10.1111/j.1472-765X.2006.01887.x""],""isolate_name_alias"":[""X96, ICMP 6498""],""isolation_source"":[""leaf""],""lat_lon"":[""missing""],""num_replicons"":[""not collected""],""pathovar"":[""campestris""],""ref_biomaterial"":[""https://doi.org/10.1111/j.1365-3059.2005.01186.x""],""strain"":[""DAR-75980""]}"	.cache/ncbi/v2_1/efetch_d18021f24be666d2ee23fbd3549d1935b73b9e2719bdf190640e976f26b27a17.xml	https://www.ncbi.nlm.nih.gov/biosample/SAMN17385968	ok	
d7408b60382a176f553e	NCPPB 4373	other_references	expected_genus	1472	17385967	SAMN17385967	Xanthomonas campestris	339	MIGS Cultured Bacterial/Archaeal sample from Xanthomonas campestris	DAR-75979					X95, ICMP 4784	BioSample: SAMN17385967; DAR-75979; SRA: SRS9061599	Brassica oleracea var. botrytis	Tonga	1976-01	leaf	"{""collection_date"":[""1976-01""],""env_broad_scale"":[""not applicable""],""env_local_scale"":[""not applicable""],""env_medium"":[""not applicable""],""geo_loc_name"":[""Tonga""],""host"":[""Brassica oleracea var. botrytis""],""host_disease"":[""black rot""],""isol_growth_condt"":[""https://doi.org/10.1111/j.1472-765X.2006.01887.x""],""isolate_name_alias"":[""X95, ICMP 4784""],""isolation_source"":[""leaf""],""lat_lon"":[""missing""],""num_replicons"":[""not collected""],""pathovar"":[""campestris""],""ref_biomaterial"":[""https://doi.org/10.1111/j.1365-3059.2005.01186.x""],""strain"":[""DAR-75979""]}"	.cache/ncbi/v2_1/efetch_d18021f24be666d2ee23fbd3549d1935b73b9e2719bdf190640e976f26b27a17.xml	https://www.ncbi.nlm.nih.gov/biosample/SAMN17385967	ok	
d7408b60382a176f553e	NCPPB 4373	other_references	expected_genus	1472	17385966	SAMN17385966	Xanthomonas campestris	339	MIGS Cultured Bacterial/Archaeal sample from Xanthomonas campestris	DAR-75978					X94, ICMP 4578	BioSample: SAMN17385966; DAR-75978; SRA: SRS9061600	Brassica oleracea var. capitata	Samoa: Upolu	1975-12	leaf	"{""collection_date"":[""1975-12""],""env_broad_scale"":[""not applicable""],""env_local_scale"":[""not applicable""],""env_medium"":[""not applicable""],""geo_loc_name"":[""Samoa: Upolu""],""host"":[""Brassica oleracea var. capitata""],""isol_growth_condt"":[""https://doi.org/10.1111/j.1472-765X.2006.01887.x""],""isolate_name_alias"":[""X94, ICMP 4578""],""isolation_source"":[""leaf""],""lat_lon"":[""missing""],""num_replicons"":[""not collected""],""pathovar"":[""campestris""],""ref_biomaterial"":[""https://doi.org/10.1111/j.1365-3059.2005.01186.x""],""strain"":[""DAR-75978""]}"	.cache/ncbi/v2_1/efetch_d18021f24be666d2ee23fbd3549d1935b73b9e2719bdf190640e976f26b27a17.xml	https://www.ncbi.nlm.nih.gov/biosample/SAMN17385966	ok	
d7408b60382a176f553e	NCPPB 4373	other_references	expected_genus	1472	17385965	SAMN17385965	Xanthomonas campestris	339	MIGS Cultured Bacterial/Archaeal sample from Xanthomonas campestris	DAR-75977					X93, ICMP 2387	BioSample: SAMN17385965; DAR-75977; SRA: SRS9061335	Brassica oleracea var. botrytis	New Zealand: Palmerston North	1968-02	leaf	"{""collection_date"":[""1968-02""],""env_broad_scale"":[""not applicable""],""env_local_scale"":[""not applicable""],""env_medium"":[""not applicable""],""geo_loc_name"":[""New Zealand: Palmerston North""],""host"":[""Brassica oleracea var. botrytis""],""isol_growth_condt"":[""https://doi.org/10.1111/j.1472-765X.2006.01887.x""],""isolate_name_alias"":[""X93, ICMP 2387""],""isolation_source"":[""leaf""],""lat_lon"":[""missing""],""num_replicons"":[""not collected""],""pathovar"":[""campestris""],""ref_biomaterial"":[""https://doi.org/10.1111/j.1365-3059.2005.01186.x""],""strain"":[""DAR-75977""]}"	.cache/ncbi/v2_1/efetch_d18021f24be666d2ee23fbd3549d1935b73b9e2719bdf190640e976f26b27a17.xml	https://www.ncbi.nlm.nih.gov/biosample/SAMN17385965	ok	
d7408b60382a176f553e	NCPPB 4373	other_references	expected_genus	1472	17385964	SAMN17385964	Xanthomonas campestris	339	MIGS Cultured Bacterial/Archaeal sample from Xanthomonas campestris	DAR-75976					X92, ICMP 582	BioSample: SAMN17385964; DAR-75976; SRA: SRS9061339	Brassica rapa subsp. sylvestris	New Zealand: Auckland	1962-07	leaf	"{""collection_date"":[""1962-07""],""env_broad_scale"":[""not applicable""],""env_local_scale"":[""not applicable""],""env_medium"":[""not applicable""],""geo_loc_name"":[""New Zealand: Auckland""],""host"":[""Brassica rapa subsp. sylvestris""],""isol_growth_condt"":[""https://doi.org/10.1111/j.1472-765X.2006.01887.x""],""isolate_name_alias"":[""X92, ICMP 582""],""isolation_source"":[""leaf""],""lat_lon"":[""missing""],""num_replicons"":[""not collected""],""pathovar"":[""raphani""],""ref_biomaterial"":[""https://doi.org/10.1111/j.1365-3059.2005.01186.x""],""strain"":[""DAR-75976""]}"	.cache/ncbi/v2_1/efetch_d18021f24be666d2ee23fbd3549d1935b73b9e2719bdf190640e976f26b27a17.xml	https://www.ncbi.nlm.nih.gov/biosample/SAMN17385964	ok	
d7408b60382a176f553e	NCPPB 4373	other_references	expected_genus	1472	17385963	SAMN17385963	Xanthomonas campestris	339	MIGS Cultured Bacterial/Archaeal sample from Xanthomonas campestris	DAR-75975					X91, ICMP 16	BioSample: SAMN17385963; DAR-75975; SRA: SRS9061336	Raphanus sativus	New Zealand: Mount Albert	1959-01	leaf	"{""collection_date"":[""1959-01""],""env_broad_scale"":[""not applicable""],""env_local_scale"":[""not applicable""],""env_medium"":[""not applicable""],""geo_loc_name"":[""New Zealand: Mount Albert""],""host"":[""Raphanus sativus""],""host_disease"":[""spot""],""isol_growth_condt"":[""https://doi.org/10.1111/j.1472-765X.2006.01887.x""],""isolate_name_alias"":[""X91, ICMP 16""],""isolation_source"":[""leaf""],""lat_lon"":[""missing""],""num_replicons"":[""not collected""],""pathovar"":[""raphani""],""ref_biomaterial"":[""https://doi.org/10.1111/j.1365-3059.2005.01186.x""],""strain"":[""DAR-75975""]}"	.cache/ncbi/v2_1/efetch_d18021f24be666d2ee23fbd3549d1935b73b9e2719bdf190640e976f26b27a17.xml	https://www.ncbi.nlm.nih.gov/biosample/SAMN17385963	ok	
d7408b60382a176f553e	NCPPB 4373	other_references	expected_genus	1472	17385962	SAMN17385962	Xanthomonas campestris	339	MIGS Cultured Bacterial/Archaeal sample from Xanthomonas campestris	DAR-75974					X90, ICMP 14	BioSample: SAMN17385962; DAR-75974; SRA: SRS9061337	Brassica oleracea var. botrytis	New Zealand: Otara	1957-01	leaf	"{""collection_date"":[""1957-01""],""env_broad_scale"":[""not applicable""],""env_local_scale"":[""not applicable""],""env_medium"":[""not applicable""],""geo_loc_name"":[""New Zealand: Otara""],""host"":[""Brassica oleracea var. botrytis""],""host_disease"":[""spot""],""isol_growth_condt"":[""https://doi.org/10.1111/j.1472-765X.2006.01887.x""],""isolate_name_alias"":[""X90, ICMP 14""],""isolation_source"":[""leaf""],""lat_lon"":[""missing""],""num_replicons"":[""not collected""],""pathovar"":[""campestris""],""ref_biomaterial"":[""https://doi.org/10.1111/j.1365-3059.2005.01186.x""],""strain"":[""DAR-75974""]}"	.cache/ncbi/v2_1/efetch_d18021f24be666d2ee23fbd3549d1935b73b9e2719bdf190640e976f26b27a17.xml	https://www.ncbi.nlm.nih.gov/biosample/SAMN17385962	ok	
d7408b60382a176f553e	NCPPB 4373	other_references	expected_genus	1472	17385961	SAMN17385961	Xanthomonas campestris	339	MIGS Cultured Bacterial/Archaeal sample from Xanthomonas campestris	DAR-75972					X88, ICMP 4809	BioSample: SAMN17385961; DAR-75972; SRA: SRS9061546	Brassica oleracea var. botrytis	Germany	1958-01		"{""collection_date"":[""1958-01""],""env_broad_scale"":[""not applicable""],""env_local_scale"":[""not applicable""],""env_medium"":[""not applicable""],""geo_loc_name"":[""Germany""],""host"":[""Brassica oleracea var. botrytis""],""isol_growth_condt"":[""https://doi.org/10.1111/j.1472-765X.2006.01887.x""],""isolate_name_alias"":[""X88, ICMP 4809""],""lat_lon"":[""missing""],""num_replicons"":[""not collected""],""pathovar"":[""campestris""],""ref_biomaterial"":[""https://doi.org/10.1111/j.1365-3059.2005.01186.x""],""strain"":[""DAR-75972""]}"	.cache/ncbi/v2_1/efetch_d18021f24be666d2ee23fbd3549d1935b73b9e2719bdf190640e976f26b27a17.xml	https://www.ncbi.nlm.nih.gov/biosample/SAMN17385961	ok	
d7408b60382a176f553e	NCPPB 4373	other_references	expected_genus	1472	17385960	SAMN17385960	Xanthomonas campestris	339	MIGS Cultured Bacterial/Archaeal sample from Xanthomonas campestris	DAR-75960					X63, ICMP 1404, LMG 860, NCPPB 1946, CFBP 5827, ATCC 49079	BioSample: SAMN17385960; DAR-75960; SRA: SRS9061340	Raphanus sativus	USA	1940		"{""collection_date"":[""1940""],""env_broad_scale"":[""not applicable""],""env_local_scale"":[""not applicable""],""env_medium"":[""not applicable""],""geo_loc_name"":[""USA""],""host"":[""Raphanus sativus""],""isol_growth_condt"":[""https://doi.org/10.1111/j.1472-765X.2006.01887.x""],""isolate_name_alias"":[""X63, ICMP 1404, LMG 860, NCPPB 1946, CFBP 5827, ATCC 49079""],""lat_lon"":[""missing""],""num_replicons"":[""not collected""],""pathovar"":[""raphani""],""ref_biomaterial"":[""https://doi.org/10.1111/j.1365-3059.2005.01186.x""],""strain"":[""DAR-75960""]}"	.cache/ncbi/v2_1/efetch_d18021f24be666d2ee23fbd3549d1935b73b9e2719bdf190640e976f26b27a17.xml	https://www.ncbi.nlm.nih.gov/biosample/SAMN17385960	ok	
d7408b60382a176f553e	NCPPB 4373	other_references	expected_genus	1472	17385959	SAMN17385959	Xanthomonas campestris	339	MIGS Cultured Bacterial/Archaeal sample from Xanthomonas campestris	DAR-75958					X58, ICMP 12188	BioSample: SAMN17385959; DAR-75958; SRA: SRS9061338	Brassica napus	Brazil	1992-01		"{""collection_date"":[""1992-01""],""env_broad_scale"":[""not applicable""],""env_local_scale"":[""not applicable""],""env_medium"":[""not applicable""],""geo_loc_name"":[""Brazil""],""host"":[""Brassica napus""],""isol_growth_condt"":[""https://doi.org/10.1111/j.1472-765X.2006.01887.x""],""isolate_name_alias"":[""X58, ICMP 12188""],""lat_lon"":[""missing""],""num_replicons"":[""not collected""],""pathovar"":[""campestris""],""ref_biomaterial"":[""https://doi.org/10.1111/j.1365-3059.2005.01186.x""],""strain"":[""DAR-75958""]}"	.cache/ncbi/v2_1/efetch_d18021f24be666d2ee23fbd3549d1935b73b9e2719bdf190640e976f26b27a17.xml	https://www.ncbi.nlm.nih.gov/biosample/SAMN17385959	ok	
d7408b60382a176f553e	NCPPB 4373	other_references	expected_genus	1472	17385958	SAMN17385958	Xanthomonas campestris	339	MIGS Cultured Bacterial/Archaeal sample from Xanthomonas campestris	DAR-75957					X57, ICMP 11929, CFBP 1710	BioSample: SAMN17385958; DAR-75957; SRA: SRS9061498	Brassica oleracea var. botrytis	France	1975-01		"{""collection_date"":[""1975-01""],""env_broad_scale"":[""not applicable""],""env_local_scale"":[""not applicable""],""env_medium"":[""not applicable""],""geo_loc_name"":[""France""],""host"":[""Brassica oleracea var. botrytis""],""isol_growth_condt"":[""https://doi.org/10.1111/j.1472-765X.2006.01887.x""],""isolate_name_alias"":[""X57, ICMP 11929, CFBP 1710""],""lat_lon"":[""missing""],""num_replicons"":[""not collected""],""pathovar"":[""campestris""],""ref_biomaterial"":[""https://doi.org/10.1111/j.1365-3059.2005.01186.x""],""strain"":[""DAR-75957""]}"	.cache/ncbi/v2_1/efetch_d18021f24be666d2ee23fbd3549d1935b73b9e2719bdf190640e976f26b27a17.xml	https://www.ncbi.nlm.nih.gov/biosample/SAMN17385958	ok	
d7408b60382a176f553e	NCPPB 4373	other_references	expected_genus	1472	17385957	SAMN17385957	Xanthomonas campestris	339	MIGS Cultured Bacterial/Archaeal sample from Xanthomonas campestris	DAR-75956					X56, ICMP 10574	BioSample: SAMN17385957; DAR-75956; SRA: SRS9061341	Brassica oleracea var. capitata	Yugoslavia	1989-01	leaf	"{""collection_date"":[""1989-01""],""env_broad_scale"":[""not applicable""],""env_local_scale"":[""not applicable""],""env_medium"":[""not applicable""],""geo_loc_name"":[""Yugoslavia""],""host"":[""Brassica oleracea var. capitata""],""isol_growth_condt"":[""https://doi.org/10.1111/j.1472-765X.2006.01887.x""],""isolate_name_alias"":[""X56, ICMP 10574""],""isolation_source"":[""leaf""],""lat_lon"":[""missing""],""num_replicons"":[""not collected""],""pathovar"":[""campestris""],""ref_biomaterial"":[""https://doi.org/10.1111/j.1365-3059.2005.01186.x""],""strain"":[""DAR-75956""]}"	.cache/ncbi/v2_1/efetch_d18021f24be666d2ee23fbd3549d1935b73b9e2719bdf190640e976f26b27a17.xml	https://www.ncbi.nlm.nih.gov/biosample/SAMN17385957	ok	
d7408b60382a176f553e	NCPPB 4373	other_references	expected_genus	1472	17385956	SAMN17385956	Xanthomonas campestris	339	MIGS Cultured Bacterial/Archaeal sample from Xanthomonas campestris	DAR-75955					X55, ICMP 10446	BioSample: SAMN17385956; DAR-75955; SRA: SRS9061342	Brassica oleracea var. capitata	Ukraine	1947-01	Stump	"{""collection_date"":[""1947-01""],""env_broad_scale"":[""not applicable""],""env_local_scale"":[""not applicable""],""env_medium"":[""not applicable""],""geo_loc_name"":[""Ukraine""],""host"":[""Brassica oleracea var. capitata""],""isol_growth_condt"":[""https://doi.org/10.1111/j.1472-765X.2006.01887.x""],""isolate_name_alias"":[""X55, ICMP 10446""],""isolation_source"":[""Stump""],""lat_lon"":[""missing""],""num_replicons"":[""not collected""],""pathovar"":[""campestris""],""ref_biomaterial"":[""https://doi.org/10.1111/j.1365-3059.2005.01186.x""],""strain"":[""DAR-75955""]}"	.cache/ncbi/v2_1/efetch_d18021f24be666d2ee23fbd3549d1935b73b9e2719bdf190640e976f26b27a17.xml	https://www.ncbi.nlm.nih.gov/biosample/SAMN17385956	ok	
d7408b60382a176f553e	NCPPB 4373	other_references	expected_genus	1472	17385955	SAMN17385955	Xanthomonas campestris	339	MIGS Cultured Bacterial/Archaeal sample from Xanthomonas campestris	DAR-75953					X53, ICMP 9069	BioSample: SAMN17385955; DAR-75953; SRA: SRS9061343	Brassica oleracea var. capitata	Hungary	1982-01	leaf	"{""collection_date"":[""1982-01""],""env_broad_scale"":[""not applicable""],""env_local_scale"":[""not applicable""],""env_medium"":[""not applicable""],""geo_loc_name"":[""Hungary""],""host"":[""Brassica oleracea var. capitata""],""host_disease"":[""spot""],""isol_growth_condt"":[""https://doi.org/10.1111/j.1472-765X.2006.01887.x""],""isolate_name_alias"":[""X53, ICMP 9069""],""isolation_source"":[""leaf""],""lat_lon"":[""missing""],""num_replicons"":[""not collected""],""pathovar"":[""campestris""],""ref_biomaterial"":[""https://doi.org/10.1111/j.1365-3059.2005.01186.x""],""strain"":[""DAR-75953""]}"	.cache/ncbi/v2_1/efetch_d18021f24be666d2ee23fbd3549d1935b73b9e2719bdf190640e976f26b27a17.xml	https://www.ncbi.nlm.nih.gov/biosample/SAMN17385955	ok	
d7408b60382a176f553e	NCPPB 4373	other_references	expected_genus	1472	17385954	SAMN17385954	Xanthomonas campestris	339	MIGS Cultured Bacterial/Archaeal sample from Xanthomonas campestris	DAR-75952					X52, ICMP 1639	BioSample: SAMN17385954; DAR-75952; SRA: SRS9061344	Brassica juncea	USA: Florida	missing		"{""collection_date"":[""missing""],""env_broad_scale"":[""not applicable""],""env_local_scale"":[""not applicable""],""env_medium"":[""not applicable""],""geo_loc_name"":[""USA: Florida""],""host"":[""Brassica juncea""],""isol_growth_condt"":[""https://doi.org/10.1111/j.1472-765X.2006.01887.x""],""isolate_name_alias"":[""X52, ICMP 1639""],""lat_lon"":[""missing""],""num_replicons"":[""not collected""],""pathovar"":[""campestris""],""ref_biomaterial"":[""https://doi.org/10.1111/j.1365-3059.2005.01186.x""],""strain"":[""DAR-75952""]}"	.cache/ncbi/v2_1/efetch_d18021f24be666d2ee23fbd3549d1935b73b9e2719bdf190640e976f26b27a17.xml	https://www.ncbi.nlm.nih.gov/biosample/SAMN17385954	ok	
d7408b60382a176f553e	NCPPB 4373	other_references	expected_genus	1472	17385953	SAMN17385953	Xanthomonas campestris	339	MIGS Cultured Bacterial/Archaeal sample from Xanthomonas campestris	DAR-75951					X51, ICMP 1394	BioSample: SAMN17385953; DAR-75951; SRA: SRS9061347	Brassica oleracea var. capitata	USA	1963-11		"{""collection_date"":[""1963-11""],""env_broad_scale"":[""not applicable""],""env_local_scale"":[""not applicable""],""env_medium"":[""not applicable""],""geo_loc_name"":[""USA""],""host"":[""Brassica oleracea var. capitata""],""isol_growth_condt"":[""https://doi.org/10.1111/j.1472-765X.2006.01887.x""],""isolate_name_alias"":[""X51, ICMP 1394""],""lat_lon"":[""missing""],""num_replicons"":[""not collected""],""pathovar"":[""campestris""],""ref_biomaterial"":[""https://doi.org/10.1111/j.1365-3059.2005.01186.x""],""strain"":[""DAR-75951""]}"	.cache/ncbi/v2_1/efetch_d18021f24be666d2ee23fbd3549d1935b73b9e2719bdf190640e976f26b27a17.xml	https://www.ncbi.nlm.nih.gov/biosample/SAMN17385953	ok	
d7408b60382a176f553e	NCPPB 4373	other_references	expected_genus	1472	17385952	SAMN17385952	Xanthomonas campestris	339	MIGS Cultured Bacterial/Archaeal sample from Xanthomonas campestris	DAR-75949					X49, ICMP 12	BioSample: SAMN17385952; DAR-75949; SRA: SRS9061345	missing	India	1954-01		"{""collection_date"":[""1954-01""],""env_broad_scale"":[""not applicable""],""env_local_scale"":[""not applicable""],""env_medium"":[""not applicable""],""geo_loc_name"":[""India""],""host"":[""missing""],""isol_growth_condt"":[""https://doi.org/10.1111/j.1472-765X.2006.01887.x""],""isolate_name_alias"":[""X49, ICMP 12""],""lat_lon"":[""missing""],""num_replicons"":[""not collected""],""pathovar"":[""campestris""],""ref_biomaterial"":[""https://doi.org/10.1111/j.1365-3059.2005.01186.x""],""strain"":[""DAR-75949""]}"	.cache/ncbi/v2_1/efetch_d18021f24be666d2ee23fbd3549d1935b73b9e2719bdf190640e976f26b27a17.xml	https://www.ncbi.nlm.nih.gov/biosample/SAMN17385952	ok	
d7408b60382a176f553e	NCPPB 4373	other_references	expected_genus	1472	17385951	SAMN17385951	Xanthomonas campestris	339	MIGS Cultured Bacterial/Archaeal sample from Xanthomonas campestris	DAR-75948					X48, ICMP 8	BioSample: SAMN17385951; DAR-75948; SRA: SRS9061346	Brassica oleracea var. capitata	New Zealand: Levin	1957-01	leaf	"{""collection_date"":[""1957-01""],""env_broad_scale"":[""not applicable""],""env_local_scale"":[""not applicable""],""env_medium"":[""not applicable""],""geo_loc_name"":[""New Zealand: Levin""],""host"":[""Brassica oleracea var. capitata""],""host_disease"":[""spot""],""isol_growth_condt"":[""https://doi.org/10.1111/j.1472-765X.2006.01887.x""],""isolate_name_alias"":[""X48, ICMP 8""],""isolation_source"":[""leaf""],""lat_lon"":[""missing""],""num_replicons"":[""not collected""],""pathovar"":[""campestris""],""ref_biomaterial"":[""https://doi.org/10.1111/j.1365-3059.2005.01186.x""],""strain"":[""DAR-75948""]}"	.cache/ncbi/v2_1/efetch_d18021f24be666d2ee23fbd3549d1935b73b9e2719bdf190640e976f26b27a17.xml	https://www.ncbi.nlm.nih.gov/biosample/SAMN17385951	ok	
d7408b60382a176f553e	NCPPB 4373	other_references	expected_genus	1472	17385950	SAMN17385950	Xanthomonas campestris	339	MIGS Cultured Bacterial/Archaeal sample from Xanthomonas campestris	DAR-75947					X47, ICMP 6	BioSample: SAMN17385950; DAR-75947; SRA: SRS9061348	Brassica oleracea var. capitata	Malawi	missing		"{""collection_date"":[""missing""],""env_broad_scale"":[""not applicable""],""env_local_scale"":[""not applicable""],""env_medium"":[""not applicable""],""geo_loc_name"":[""Malawi""],""host"":[""Brassica oleracea var. capitata""],""isol_growth_condt"":[""https://doi.org/10.1111/j.1472-765X.2006.01887.x""],""isolate_name_alias"":[""X47, ICMP 6""],""lat_lon"":[""missing""],""num_replicons"":[""not collected""],""pathovar"":[""campestris""],""ref_biomaterial"":[""https://doi.org/10.1111/j.1365-3059.2005.01186.x""],""strain"":[""DAR-75947""]}"	.cache/ncbi/v2_1/efetch_d18021f24be666d2ee23fbd3549d1935b73b9e2719bdf190640e976f26b27a17.xml	https://www.ncbi.nlm.nih.gov/biosample/SAMN17385950	ok	
d7408b60382a176f553e	NCPPB 4373	other_references	expected_genus	1472	17385949	SAMN17385949	Xanthomonas campestris	339	MIGS Cultured Bacterial/Archaeal sample from Xanthomonas campestris	DAR-75946					X46, ICMP 3	BioSample: SAMN17385949; DAR-75946; SRA: SRS9061349	Brassica napus	United Kingdom	missing		"{""collection_date"":[""missing""],""env_broad_scale"":[""not applicable""],""env_local_scale"":[""not applicable""],""env_medium"":[""not applicable""],""geo_loc_name"":[""United Kingdom""],""host"":[""Brassica napus""],""isol_growth_condt"":[""https://doi.org/10.1111/j.1472-765X.2006.01887.x""],""isolate_name_alias"":[""X46, ICMP 3""],""lat_lon"":[""missing""],""num_replicons"":[""not collected""],""pathovar"":[""campestris""],""ref_biomaterial"":[""https://doi.org/10.1111/j.1365-3059.2005.01186.x""],""strain"":[""DAR-75946""]}"	.cache/ncbi/v2_1/efetch_d18021f24be666d2ee23fbd3549d1935b73b9e2719bdf190640e976f26b27a17.xml	https://www.ncbi.nlm.nih.gov/biosample/SAMN17385949	ok	
d7408b60382a176f553e	NCPPB 4373	other_references	expected_genus	1472	17385948	SAMN17385948	Xanthomonas campestris	339	MIGS Cultured Bacterial/Archaeal sample from Xanthomonas campestris	DAR-75944					X59, ICMP 4805, LMG 9037, NCPPB 2986	BioSample: SAMN17385948; DAR-75944; SRA: SRS9061545	Brassica oleracea var. capitata	Australia: Queensland, Redland Bay	1975	leaf	"{""collection_date"":[""1975""],""env_broad_scale"":[""not applicable""],""env_local_scale"":[""not applicable""],""env_medium"":[""not applicable""],""geo_loc_name"":[""Australia: Queensland, Redland Bay""],""host"":[""Brassica oleracea var. capitata""],""isol_growth_condt"":[""https://doi.org/10.1111/j.1472-765X.2006.01887.x""],""isolate_name_alias"":[""X59, ICMP 4805, LMG 9037, NCPPB 2986""],""isolation_source"":[""leaf""],""lat_lon"":[""missing""],""num_replicons"":[""not collected""],""pathovar"":[""campestris""],""ref_biomaterial"":[""https://doi.org/10.1111/j.1365-3059.2005.01186.x""],""strain"":[""DAR-75944""]}"	.cache/ncbi/v2_1/efetch_d18021f24be666d2ee23fbd3549d1935b73b9e2719bdf190640e976f26b27a17.xml	https://www.ncbi.nlm.nih.gov/biosample/SAMN17385948	ok	
d7408b60382a176f553e	NCPPB 4373	other_references	expected_genus	1472	17385947	SAMN17385947	Xanthomonas campestris	339	MIGS Cultured Bacterial/Archaeal sample from Xanthomonas campestris	DAR-75942					X60, ICMP 7, LMG 535, NCPPB 347, CFBP 3838	BioSample: SAMN17385947; DAR-75942; SRA: SRS9061547	Iberis sp.	Tanzania	1954		"{""collection_date"":[""1954""],""env_broad_scale"":[""not applicable""],""env_local_scale"":[""not applicable""],""env_medium"":[""not applicable""],""geo_loc_name"":[""Tanzania""],""host"":[""Iberis sp.""],""isol_growth_condt"":[""https://doi.org/10.1111/j.1472-765X.2006.01887.x""],""isolate_name_alias"":[""X60, ICMP 7, LMG 535, NCPPB 347, CFBP 3838""],""lat_lon"":[""missing""],""num_replicons"":[""not collected""],""pathovar"":[""campestris""],""ref_biomaterial"":[""https://doi.org/10.1111/j.1365-3059.2005.01186.x""],""strain"":[""DAR-75942""]}"	.cache/ncbi/v2_1/efetch_d18021f24be666d2ee23fbd3549d1935b73b9e2719bdf190640e976f26b27a17.xml	https://www.ncbi.nlm.nih.gov/biosample/SAMN17385947	ok	
d7408b60382a176f553e	NCPPB 4373	other_references	expected_genus	1472	17385946	SAMN17385946	Xanthomonas campestris	339	MIGS Cultured Bacterial/Archaeal sample from Xanthomonas campestris	DAR-75560					X69	BioSample: SAMN17385946; DAR-75560; SRA: SRS9061496	Brassica oleracea	Australia: Western Australia, Wanneroo	2002-06	leaf	"{""collection_date"":[""2002-06""],""env_broad_scale"":[""not applicable""],""env_local_scale"":[""not applicable""],""env_medium"":[""not applicable""],""geo_loc_name"":[""Australia: Western Australia, Wanneroo""],""host"":[""Brassica oleracea""],""host_disease"":[""black rot""],""isol_growth_condt"":[""https://doi.org/10.1111/j.1472-765X.2006.01887.x""],""isolate_name_alias"":[""X69""],""isolation_source"":[""leaf""],""lat_lon"":[""missing""],""num_replicons"":[""not collected""],""pathovar"":[""campestris""],""ref_biomaterial"":[""https://doi.org/10.1111/j.1365-3059.2005.01186.x""],""strain"":[""DAR-75560""]}"	.cache/ncbi/v2_1/efetch_d18021f24be666d2ee23fbd3549d1935b73b9e2719bdf190640e976f26b27a17.xml	https://www.ncbi.nlm.nih.gov/biosample/SAMN17385946	ok	
d7408b60382a176f553e	NCPPB 4373	other_references	expected_genus	1472	17385945	SAMN17385945	Xanthomonas campestris	339	MIGS Cultured Bacterial/Archaeal sample from Xanthomonas campestris	DAR-75546					ICMP 6497	BioSample: SAMN17385945; DAR-75546; SRA: SRS9061350	Brassica oleracea var. botrytis	New Zealand: Pukekohe	1979-04	leaf	"{""collection_date"":[""1979-04""],""env_broad_scale"":[""not applicable""],""env_local_scale"":[""not applicable""],""env_medium"":[""not applicable""],""geo_loc_name"":[""New Zealand: Pukekohe""],""host"":[""Brassica oleracea var. botrytis""],""isol_growth_condt"":[""https://doi.org/10.1111/j.1472-765X.2006.01887.x""],""isolate_name_alias"":[""ICMP 6497""],""isolation_source"":[""leaf""],""lat_lon"":[""missing""],""num_replicons"":[""not collected""],""pathovar"":[""campestris""],""ref_biomaterial"":[""https://doi.org/10.1111/j.1365-3059.2005.01186.x""],""strain"":[""DAR-75546""]}"	.cache/ncbi/v2_1/efetch_d18021f24be666d2ee23fbd3549d1935b73b9e2719bdf190640e976f26b27a17.xml	https://www.ncbi.nlm.nih.gov/biosample/SAMN17385945	ok	
d7408b60382a176f553e	NCPPB 4373	other_references	expected_genus	1472	17385944	SAMN17385944	Xanthomonas campestris	339	MIGS Cultured Bacterial/Archaeal sample from Xanthomonas campestris	DAR-75545					ICMP 4725	BioSample: SAMN17385944; DAR-75545; SRA: SRS9061352	Brassica oleracea var. gemmifera	New Zealand	1976-04	leaf	"{""collection_date"":[""1976-04""],""env_broad_scale"":[""not applicable""],""env_local_scale"":[""not applicable""],""env_medium"":[""not applicable""],""geo_loc_name"":[""New Zealand""],""host"":[""Brassica oleracea var. gemmifera""],""isol_growth_condt"":[""https://doi.org/10.1111/j.1472-765X.2006.01887.x""],""isolate_name_alias"":[""ICMP 4725""],""isolation_source"":[""leaf""],""lat_lon"":[""missing""],""num_replicons"":[""not collected""],""pathovar"":[""campestris""],""ref_biomaterial"":[""https://doi.org/10.1111/j.1365-3059.2005.01186.x""],""strain"":[""DAR-75545""]}"	.cache/ncbi/v2_1/efetch_d18021f24be666d2ee23fbd3549d1935b73b9e2719bdf190640e976f26b27a17.xml	https://www.ncbi.nlm.nih.gov/biosample/SAMN17385944	ok	
d7408b60382a176f553e	NCPPB 4373	other_references	expected_genus	1472	17385943	SAMN17385943	Xanthomonas campestris	339	MIGS Cultured Bacterial/Archaeal sample from Xanthomonas campestris	DAR-75544					ICMP 3984	BioSample: SAMN17385943; DAR-75544; SRA: SRS9061351	Brassica oleracea var. capitata	Cook Islands	1974-07-01	leaf	"{""collection_date"":[""1974-07-01""],""env_broad_scale"":[""not applicable""],""env_local_scale"":[""not applicable""],""env_medium"":[""not applicable""],""geo_loc_name"":[""Cook Islands""],""host"":[""Brassica oleracea var. capitata""],""isol_growth_condt"":[""https://doi.org/10.1111/j.1472-765X.2006.01887.x""],""isolate_name_alias"":[""ICMP 3984""],""isolation_source"":[""leaf""],""lat_lon"":[""missing""],""num_replicons"":[""not collected""],""pathovar"":[""campestris""],""ref_biomaterial"":[""https://doi.org/10.1111/j.1365-3059.2005.01186.x""],""strain"":[""DAR-75544""]}"	.cache/ncbi/v2_1/efetch_d18021f24be666d2ee23fbd3549d1935b73b9e2719bdf190640e976f26b27a17.xml	https://www.ncbi.nlm.nih.gov/biosample/SAMN17385943	ok	
d7408b60382a176f553e	NCPPB 4373	other_references	expected_genus	1472	17385942	SAMN17385942	Xanthomonas campestris	339	MIGS Cultured Bacterial/Archaeal sample from Xanthomonas campestris	DAR-75543					ICMP 1683	BioSample: SAMN17385942; DAR-75543; SRA: SRS9061353	Raphanus sativus	New Zealand: Auckland	1963-01-01	Seed	"{""collection_date"":[""1963-01-01""],""env_broad_scale"":[""not applicable""],""env_local_scale"":[""not applicable""],""env_medium"":[""not applicable""],""geo_loc_name"":[""New Zealand: Auckland""],""host"":[""Raphanus sativus""],""isol_growth_condt"":[""https://doi.org/10.1111/j.1472-765X.2006.01887.x""],""isolate_name_alias"":[""ICMP 1683""],""isolation_source"":[""Seed""],""lat_lon"":[""missing""],""num_replicons"":[""not collected""],""pathovar"":[""raphani""],""ref_biomaterial"":[""https://doi.org/10.1111/j.1365-3059.2005.01186.x""],""strain"":[""DAR-75543""]}"	.cache/ncbi/v2_1/efetch_d18021f24be666d2ee23fbd3549d1935b73b9e2719bdf190640e976f26b27a17.xml	https://www.ncbi.nlm.nih.gov/biosample/SAMN17385942	ok	
d7408b60382a176f553e	NCPPB 4373	other_references	expected_genus	1472	17385941	SAMN17385941	Xanthomonas campestris	339	MIGS Cultured Bacterial/Archaeal sample from Xanthomonas campestris	DAR-72048						BioSample: SAMN17385941; DAR-72048; SRA: SRS9061354	Brassica sp.	Australia: Queensland	1998	Seed	"{""collection_date"":[""1998""],""env_broad_scale"":[""not applicable""],""env_local_scale"":[""not applicable""],""env_medium"":[""not applicable""],""geo_loc_name"":[""Australia: Queensland""],""host"":[""Brassica sp.""],""host_disease"":[""black rot""],""isol_growth_condt"":[""https://doi.org/10.1111/j.1472-765X.2006.01887.x""],""isolation_source"":[""Seed""],""lat_lon"":[""missing""],""num_replicons"":[""not collected""],""pathovar"":[""campestris""],""ref_biomaterial"":[""https://doi.org/10.1111/j.1365-3059.2005.01186.x""],""strain"":[""DAR-72048""]}"	.cache/ncbi/v2_1/efetch_d18021f24be666d2ee23fbd3549d1935b73b9e2719bdf190640e976f26b27a17.xml	https://www.ncbi.nlm.nih.gov/biosample/SAMN17385941	ok	
d7408b60382a176f553e	NCPPB 4373	other_references	expected_genus	1472	17385940	SAMN17385940	Xanthomonas campestris	339	MIGS Cultured Bacterial/Archaeal sample from Xanthomonas campestris	DAR-72047						BioSample: SAMN17385940; DAR-72047; SRA: SRS9061355	Brassica sp.	Australia: Queensland	1998	Seed	"{""collection_date"":[""1998""],""env_broad_scale"":[""not applicable""],""env_local_scale"":[""not applicable""],""env_medium"":[""not applicable""],""geo_loc_name"":[""Australia: Queensland""],""host"":[""Brassica sp.""],""host_disease"":[""black rot""],""isol_growth_condt"":[""https://doi.org/10.1111/j.1472-765X.2006.01887.x""],""isolation_source"":[""Seed""],""lat_lon"":[""missing""],""num_replicons"":[""not collected""],""pathovar"":[""campestris""],""ref_biomaterial"":[""https://doi.org/10.1111/j.1365-3059.2005.01186.x""],""strain"":[""DAR-72047""]}"	.cache/ncbi/v2_1/efetch_d18021f24be666d2ee23fbd3549d1935b73b9e2719bdf190640e976f26b27a17.xml	https://www.ncbi.nlm.nih.gov/biosample/SAMN17385940	ok	
d7408b60382a176f553e	NCPPB 4373	other_references	expected_genus	1472	17385939	SAMN17385939	Xanthomonas campestris	339	MIGS Cultured Bacterial/Archaeal sample from Xanthomonas campestris	DAR-69853						BioSample: SAMN17385939; DAR-69853; SRA: SRS9061494	Erysimum cheiri	Australia: New South Wales, Dural	1994-07-05	flower	"{""collection_date"":[""1994-07-05""],""env_broad_scale"":[""not applicable""],""env_local_scale"":[""not applicable""],""env_medium"":[""not applicable""],""geo_loc_name"":[""Australia: New South Wales, Dural""],""host"":[""Erysimum cheiri""],""host_disease"":[""black rot""],""isol_growth_condt"":[""https://doi.org/10.1111/j.1472-765X.2006.01887.x""],""isolation_source"":[""flower""],""lat_lon"":[""missing""],""num_replicons"":[""not collected""],""pathovar"":[""incanae""],""ref_biomaterial"":[""https://doi.org/10.1111/j.1365-3059.2005.01186.x""],""strain"":[""DAR-69853""]}"	.cache/ncbi/v2_1/efetch_d18021f24be666d2ee23fbd3549d1935b73b9e2719bdf190640e976f26b27a17.xml	https://www.ncbi.nlm.nih.gov/biosample/SAMN17385939	ok	
d7408b60382a176f553e	NCPPB 4373	other_references	expected_genus	1472	17385938	SAMN17385938	Xanthomonas campestris	339	MIGS Cultured Bacterial/Archaeal sample from Xanthomonas campestris	DAR-65986						BioSample: SAMN17385938; DAR-65986; SRA: SRS9061492	Ranunculus sp.	Australia: New South Wales, Kulnurra	1993-08-06	leaf	"{""collection_date"":[""1993-08-06""],""env_broad_scale"":[""not applicable""],""env_local_scale"":[""not applicable""],""env_medium"":[""not applicable""],""geo_loc_name"":[""Australia: New South Wales, Kulnurra""],""host"":[""Ranunculus sp.""],""host_disease"":[""brown speck""],""isol_growth_condt"":[""https://doi.org/10.1111/j.1472-765X.2006.01887.x""],""isolation_source"":[""leaf""],""lat_lon"":[""missing""],""num_replicons"":[""not collected""],""ref_biomaterial"":[""https://doi.org/10.1111/j.1365-3059.2005.01186.x""],""strain"":[""DAR-65986""]}"	.cache/ncbi/v2_1/efetch_d18021f24be666d2ee23fbd3549d1935b73b9e2719bdf190640e976f26b27a17.xml	https://www.ncbi.nlm.nih.gov/biosample/SAMN17385938	ok	
d7408b60382a176f553e	NCPPB 4373	other_references	expected_genus	1472	17385937	SAMN17385937	Xanthomonas campestris	339	MIGS Cultured Bacterial/Archaeal sample from Xanthomonas campestris	DAR-65985						BioSample: SAMN17385937; DAR-65985; SRA: SRS9061531	Ranunculus sp.	Australia: New South Wales, Kulnurra	1993-08-06	leaf	"{""collection_date"":[""1993-08-06""],""env_broad_scale"":[""not applicable""],""env_local_scale"":[""not applicable""],""env_medium"":[""not applicable""],""geo_loc_name"":[""Australia: New South Wales, Kulnurra""],""host"":[""Ranunculus sp.""],""host_disease"":[""brown speck""],""isol_growth_condt"":[""https://doi.org/10.1111/j.1472-765X.2006.01887.x""],""isolation_source"":[""leaf""],""lat_lon"":[""missing""],""num_replicons"":[""not collected""],""ref_biomaterial"":[""https://doi.org/10.1111/j.1365-3059.2005.01186.x""],""strain"":[""DAR-65985""]}"	.cache/ncbi/v2_1/efetch_d18021f24be666d2ee23fbd3549d1935b73b9e2719bdf190640e976f26b27a17.xml	https://www.ncbi.nlm.nih.gov/biosample/SAMN17385937	ok	
d7408b60382a176f553e	NCPPB 4373	other_references	expected_genus	1472	17385936	SAMN17385936	Xanthomonas campestris	339	MIGS Cultured Bacterial/Archaeal sample from Xanthomonas campestris	DAR-65877						BioSample: SAMN17385936; DAR-65877; SRA: SRS9061456	Matthiola incana	Australia: New South Wales, Annangrove	1991-05-03	stem	"{""collection_date"":[""1991-05-03""],""env_broad_scale"":[""not applicable""],""env_local_scale"":[""not applicable""],""env_medium"":[""not applicable""],""geo_loc_name"":[""Australia: New South Wales, Annangrove""],""host"":[""Matthiola incana""],""host_disease"":[""black rot""],""isol_growth_condt"":[""https://doi.org/10.1111/j.1472-765X.2006.01887.x""],""isolation_source"":[""stem""],""lat_lon"":[""missing""],""num_replicons"":[""not collected""],""pathovar"":[""incanae""],""ref_biomaterial"":[""https://doi.org/10.1111/j.1365-3059.2005.01186.x""],""strain"":[""DAR-65877""]}"	.cache/ncbi/v2_1/efetch_d18021f24be666d2ee23fbd3549d1935b73b9e2719bdf190640e976f26b27a17.xml	https://www.ncbi.nlm.nih.gov/biosample/SAMN17385936	ok	
d7408b60382a176f553e	NCPPB 4373	other_references	expected_genus	1472	17385935	SAMN17385935	Xanthomonas campestris	339	MIGS Cultured Bacterial/Archaeal sample from Xanthomonas campestris	DAR-65832						BioSample: SAMN17385935; DAR-65832; SRA: SRS9061539	Brassica sp.	Australia: Tasmania	1990-11	Plant	"{""collection_date"":[""1990-11""],""env_broad_scale"":[""not applicable""],""env_local_scale"":[""not applicable""],""env_medium"":[""not applicable""],""geo_loc_name"":[""Australia: Tasmania""],""host"":[""Brassica sp.""],""isol_growth_condt"":[""https://doi.org/10.1111/j.1472-765X.2006.01887.x""],""isolation_source"":[""Plant""],""lat_lon"":[""missing""],""num_replicons"":[""not collected""],""pathovar"":[""campestris""],""ref_biomaterial"":[""https://doi.org/10.1111/j.1365-3059.2005.01186.x""],""strain"":[""DAR-65832""]}"	.cache/ncbi/v2_1/efetch_d18021f24be666d2ee23fbd3549d1935b73b9e2719bdf190640e976f26b27a17.xml	https://www.ncbi.nlm.nih.gov/biosample/SAMN17385935	ok	
d7408b60382a176f553e	NCPPB 4373	other_references	expected_genus	1472	17385934	SAMN17385934	Xanthomonas campestris	339	MIGS Cultured Bacterial/Archaeal sample from Xanthomonas campestris	DAR-58711						BioSample: SAMN17385934; DAR-58711; SRA: SRS9061454	Matthiola incana	Australia: New South Wales, Doyalson	1987-04-27	leaf	"{""collection_date"":[""1987-04-27""],""env_broad_scale"":[""not applicable""],""env_local_scale"":[""not applicable""],""env_medium"":[""not applicable""],""geo_loc_name"":[""Australia: New South Wales, Doyalson""],""host"":[""Matthiola incana""],""host_disease"":[""blight""],""isol_growth_condt"":[""https://doi.org/10.1111/j.1472-765X.2006.01887.x""],""isolation_source"":[""leaf""],""lat_lon"":[""missing""],""num_replicons"":[""not collected""],""pathovar"":[""incanae""],""ref_biomaterial"":[""https://doi.org/10.1111/j.1365-3059.2005.01186.x""],""strain"":[""DAR-58711""]}"	.cache/ncbi/v2_1/efetch_d18021f24be666d2ee23fbd3549d1935b73b9e2719bdf190640e976f26b27a17.xml	https://www.ncbi.nlm.nih.gov/biosample/SAMN17385934	ok	
d7408b60382a176f553e	NCPPB 4373	other_references	expected_genus	1472	17385933	SAMN17385933	Xanthomonas campestris	339	MIGS Cultured Bacterial/Archaeal sample from Xanthomonas campestris	DAR-41294						BioSample: SAMN17385933; DAR-41294; SRA: SRS9061451	Phaseolus vulgaris	Australia: New South Wales, Palinyewah	1981-12-16	fruit	"{""collection_date"":[""1981-12-16""],""env_broad_scale"":[""not applicable""],""env_local_scale"":[""not applicable""],""env_medium"":[""not applicable""],""geo_loc_name"":[""Australia: New South Wales, Palinyewah""],""host"":[""Phaseolus vulgaris""],""host_disease"":[""pod""],""isol_growth_condt"":[""https://doi.org/10.1111/j.1472-765X.2006.01887.x""],""isolation_source"":[""fruit""],""lat_lon"":[""missing""],""num_replicons"":[""not collected""],""ref_biomaterial"":[""missing""],""strain"":[""DAR-41294""]}"	.cache/ncbi/v2_1/efetch_d18021f24be666d2ee23fbd3549d1935b73b9e2719bdf190640e976f26b27a17.xml	https://www.ncbi.nlm.nih.gov/biosample/SAMN17385933	ok	
d7408b60382a176f553e	NCPPB 4373	other_references	expected_genus	1472	17385932	SAMN17385932	Xanthomonas campestris	339	MIGS Cultured Bacterial/Archaeal sample from Xanthomonas campestris	DAR-41284						BioSample: SAMN17385932; DAR-41284; SRA: SRS9061445	Fragaria x ananassa Duch. cv. Sal	Australia: New South Wales, Rydalmere	1982-03-18	Plant	"{""collection_date"":[""1982-03-18""],""env_broad_scale"":[""not applicable""],""env_local_scale"":[""not applicable""],""env_medium"":[""not applicable""],""geo_loc_name"":[""Australia: New South Wales, Rydalmere""],""host"":[""Fragaria x ananassa Duch. cv. Sal""],""isol_growth_condt"":[""https://doi.org/10.1111/j.1472-765X.2006.01887.x""],""isolation_source"":[""Plant""],""lat_lon"":[""missing""],""num_replicons"":[""not collected""],""ref_biomaterial"":[""missing""],""strain"":[""DAR-41284""]}"	.cache/ncbi/v2_1/efetch_d18021f24be666d2ee23fbd3549d1935b73b9e2719bdf190640e976f26b27a17.xml	https://www.ncbi.nlm.nih.gov/biosample/SAMN17385932	ok	
d7408b60382a176f553e	NCPPB 4373	other_references	expected_genus	1472	17385931	SAMN17385931	Xanthomonas campestris	339	MIGS Cultured Bacterial/Archaeal sample from Xanthomonas campestris	DAR-35707						BioSample: SAMN17385931; DAR-35707; SRA: SRS9061398	Matthiola incana	Australia: New South Wales, Dubbo	1981-08-09	leaf	"{""collection_date"":[""1981-08-09""],""env_broad_scale"":[""not applicable""],""env_local_scale"":[""not applicable""],""env_medium"":[""not applicable""],""geo_loc_name"":[""Australia: New South Wales, Dubbo""],""host"":[""Matthiola incana""],""isol_growth_condt"":[""https://doi.org/10.1111/j.1472-765X.2006.01887.x""],""isolation_source"":[""leaf""],""lat_lon"":[""missing""],""num_replicons"":[""not collected""],""pathovar"":[""incanae""],""ref_biomaterial"":[""missing""],""strain"":[""DAR-35707""]}"	.cache/ncbi/v2_1/efetch_d18021f24be666d2ee23fbd3549d1935b73b9e2719bdf190640e976f26b27a17.xml	https://www.ncbi.nlm.nih.gov/biosample/SAMN17385931	ok	
d7408b60382a176f553e	NCPPB 4373	other_references	expected_genus	1472	17385930	SAMN17385930	Xanthomonas campestris	339	MIGS Cultured Bacterial/Archaeal sample from Xanthomonas campestris	DAR-35667						BioSample: SAMN17385930; DAR-35667; SRA: SRS9061409	Matthiola incana	Australia: New South Wales, Warriewood	1981-05-27	stem	"{""collection_date"":[""1981-05-27""],""env_broad_scale"":[""not applicable""],""env_local_scale"":[""not applicable""],""env_medium"":[""not applicable""],""geo_loc_name"":[""Australia: New South Wales, Warriewood""],""host"":[""Matthiola incana""],""host_disease"":[""black rot""],""isol_growth_condt"":[""https://doi.org/10.1111/j.1472-765X.2006.01887.x""],""isolation_source"":[""stem""],""lat_lon"":[""missing""],""num_replicons"":[""not collected""],""pathovar"":[""incanae""],""ref_biomaterial"":[""https://doi.org/10.1111/j.1365-3059.2005.01186.x""],""strain"":[""DAR-35667""]}"	.cache/ncbi/v2_1/efetch_d18021f24be666d2ee23fbd3549d1935b73b9e2719bdf190640e976f26b27a17.xml	https://www.ncbi.nlm.nih.gov/biosample/SAMN17385930	ok	
d7408b60382a176f553e	NCPPB 4373	other_references	expected_genus	1472	17385929	SAMN17385929	Xanthomonas campestris	339	MIGS Cultured Bacterial/Archaeal sample from Xanthomonas campestris	DAR-34894						BioSample: SAMN17385929; DAR-34894; SRA: SRS9061420	Phaseolus vulgaris	Australia: New South Wales, Nangus	1981-01-09	leaf	"{""collection_date"":[""1981-01-09""],""env_broad_scale"":[""not applicable""],""env_local_scale"":[""not applicable""],""env_medium"":[""not applicable""],""geo_loc_name"":[""Australia: New South Wales, Nangus""],""host"":[""Phaseolus vulgaris""],""host_disease"":[""blight""],""isol_growth_condt"":[""https://doi.org/10.1111/j.1472-765X.2006.01887.x""],""isolation_source"":[""leaf""],""lat_lon"":[""missing""],""num_replicons"":[""not collected""],""pathovar"":[""raphani""],""ref_biomaterial"":[""missing""],""strain"":[""DAR-34894""]}"	.cache/ncbi/v2_1/efetch_d18021f24be666d2ee23fbd3549d1935b73b9e2719bdf190640e976f26b27a17.xml	https://www.ncbi.nlm.nih.gov/biosample/SAMN17385929	ok	
d7408b60382a176f553e	NCPPB 4373	other_references	expected_genus	1472	17385928	SAMN17385928	Xanthomonas campestris	339	MIGS Cultured Bacterial/Archaeal sample from Xanthomonas campestris	DAR-33425						BioSample: SAMN17385928; DAR-33425; SRA: SRS9061433	Brassica sp.	Australia: South Australia, Millicent	1979-12	leaf	"{""collection_date"":[""1979-12""],""env_broad_scale"":[""not applicable""],""env_local_scale"":[""not applicable""],""env_medium"":[""not applicable""],""geo_loc_name"":[""Australia: South Australia, Millicent""],""host"":[""Brassica sp.""],""isol_growth_condt"":[""https://doi.org/10.1111/j.1472-765X.2006.01887.x""],""isolation_source"":[""leaf""],""lat_lon"":[""missing""],""num_replicons"":[""not collected""],""pathovar"":[""campestris""],""ref_biomaterial"":[""missing""],""strain"":[""DAR-33425""]}"	.cache/ncbi/v2_1/efetch_d18021f24be666d2ee23fbd3549d1935b73b9e2719bdf190640e976f26b27a17.xml	https://www.ncbi.nlm.nih.gov/biosample/SAMN17385928	ok	
d7408b60382a176f553e	NCPPB 4373	other_references	expected_genus	1472	17385927	SAMN17385927	Xanthomonas campestris	339	MIGS Cultured Bacterial/Archaeal sample from Xanthomonas campestris	DAR-30538						BioSample: SAMN17385927; DAR-30538; SRA: SRS9061470	Brassica oleracea	Australia: New South Wales, Castle Hill	1978-09-11	Plant	"{""collection_date"":[""1978-09-11""],""env_broad_scale"":[""not applicable""],""env_local_scale"":[""not applicable""],""env_medium"":[""not applicable""],""geo_loc_name"":[""Australia: New South Wales, Castle Hill""],""host"":[""Brassica oleracea""],""isol_growth_condt"":[""https://doi.org/10.1111/j.1472-765X.2006.01887.x""],""isolation_source"":[""Plant""],""lat_lon"":[""missing""],""num_replicons"":[""not collected""],""pathovar"":[""campestris""],""ref_biomaterial"":[""https://doi.org/10.1111/j.1365-3059.2005.01186.x""],""strain"":[""DAR-30538""]}"	.cache/ncbi/v2_1/efetch_d18021f24be666d2ee23fbd3549d1935b73b9e2719bdf190640e976f26b27a17.xml	https://www.ncbi.nlm.nih.gov/biosample/SAMN17385927	ok	
d7408b60382a176f553e	NCPPB 4373	other_references	expected_genus	1472	17385926	SAMN17385926	Xanthomonas campestris	339	MIGS Cultured Bacterial/Archaeal sample from Xanthomonas campestris	DAR-30537						BioSample: SAMN17385926; DAR-30537; SRA: SRS9061481	Brassica oleracea	Australia: New South Wales, Castle Hill	1978-09-11	leaf	"{""collection_date"":[""1978-09-11""],""env_broad_scale"":[""not applicable""],""env_local_scale"":[""not applicable""],""env_medium"":[""not applicable""],""geo_loc_name"":[""Australia: New South Wales, Castle Hill""],""host"":[""Brassica oleracea""],""host_disease"":[""spot""],""isol_growth_condt"":[""https://doi.org/10.1111/j.1472-765X.2006.01887.x""],""isolation_source"":[""leaf""],""lat_lon"":[""missing""],""num_replicons"":[""not collected""],""pathovar"":[""raphani""],""ref_biomaterial"":[""https://doi.org/10.1111/j.1365-3059.2005.01186.x""],""strain"":[""DAR-30537""]}"	.cache/ncbi/v2_1/efetch_d18021f24be666d2ee23fbd3549d1935b73b9e2719bdf190640e976f26b27a17.xml	https://www.ncbi.nlm.nih.gov/biosample/SAMN17385926	ok	
d7408b60382a176f553e	NCPPB 4373	other_references	expected_genus	1472	17385925	SAMN17385925	Xanthomonas campestris	339	MIGS Cultured Bacterial/Archaeal sample from Xanthomonas campestris	DAR-26923						BioSample: SAMN17385925; DAR-26923; SRA: SRS9061493	Brassica oleracea	Australia: New South Wales, Queenbeyan	1977-05	leaf	"{""collection_date"":[""1977-05""],""env_broad_scale"":[""not applicable""],""env_local_scale"":[""not applicable""],""env_medium"":[""not applicable""],""geo_loc_name"":[""Australia: New South Wales, Queenbeyan""],""host"":[""Brassica oleracea""],""host_disease"":[""black rot""],""isol_growth_condt"":[""https://doi.org/10.1111/j.1472-765X.2006.01887.x""],""isolation_source"":[""leaf""],""lat_lon"":[""missing""],""num_replicons"":[""not collected""],""pathovar"":[""campestris""],""ref_biomaterial"":[""https://doi.org/10.1111/j.1365-3059.2005.01186.x""],""strain"":[""DAR-26923""]}"	.cache/ncbi/v2_1/efetch_d18021f24be666d2ee23fbd3549d1935b73b9e2719bdf190640e976f26b27a17.xml	https://www.ncbi.nlm.nih.gov/biosample/SAMN17385925	ok	
d7408b60382a176f553e	NCPPB 4373	other_references	expected_genus	1472	17385924	SAMN17385924	Xanthomonas campestris	339	MIGS Cultured Bacterial/Archaeal sample from Xanthomonas campestris	DAR-26922						BioSample: SAMN17385924; DAR-26922; SRA: SRS9061519	Brassica oleracea	Australia: Queensland	1973-05	Plant	"{""collection_date"":[""1973-05""],""env_broad_scale"":[""not applicable""],""env_local_scale"":[""not applicable""],""env_medium"":[""not applicable""],""geo_loc_name"":[""Australia: Queensland""],""host"":[""Brassica oleracea""],""isol_growth_condt"":[""https://doi.org/10.1111/j.1472-765X.2006.01887.x""],""isolation_source"":[""Plant""],""lat_lon"":[""missing""],""num_replicons"":[""not collected""],""pathovar"":[""campestris""],""ref_biomaterial"":[""https://doi.org/10.1111/j.1365-3059.2005.01186.x""],""strain"":[""DAR-26922""]}"	.cache/ncbi/v2_1/efetch_d18021f24be666d2ee23fbd3549d1935b73b9e2719bdf190640e976f26b27a17.xml	https://www.ncbi.nlm.nih.gov/biosample/SAMN17385924	ok	
d7408b60382a176f553e	NCPPB 4373	other_references	expected_genus	1472	17385923	SAMN17385923	Xanthomonas campestris	339	MIGS Cultured Bacterial/Archaeal sample from Xanthomonas campestris	DAR-26921						BioSample: SAMN17385923; DAR-26921; SRA: SRS9061548	Brassica napus var. napus	Australia: New South Wales	1973-07	Plant	"{""collection_date"":[""1973-07""],""env_broad_scale"":[""not applicable""],""env_local_scale"":[""not applicable""],""env_medium"":[""not applicable""],""geo_loc_name"":[""Australia: New South Wales""],""host"":[""Brassica napus var. napus""],""isol_growth_condt"":[""https://doi.org/10.1111/j.1472-765X.2006.01887.x""],""isolation_source"":[""Plant""],""lat_lon"":[""missing""],""num_replicons"":[""not collected""],""pathovar"":[""campestris""],""ref_biomaterial"":[""https://doi.org/10.1111/j.1365-3059.2005.01186.x""],""strain"":[""DAR-26921""]}"	.cache/ncbi/v2_1/efetch_d18021f24be666d2ee23fbd3549d1935b73b9e2719bdf190640e976f26b27a17.xml	https://www.ncbi.nlm.nih.gov/biosample/SAMN17385923	ok	
d7408b60382a176f553e	NCPPB 4373	other_references	expected_genus	1472	17385922	SAMN17385922	Xanthomonas campestris	339	MIGS Cultured Bacterial/Archaeal sample from Xanthomonas campestris	DAR-26914						BioSample: SAMN17385922; DAR-26914; SRA: SRS9061558	Brassica oleracea	Australia: New South Wales, Rydalmere	1975	Plant	"{""collection_date"":[""1975""],""env_broad_scale"":[""not applicable""],""env_local_scale"":[""not applicable""],""env_medium"":[""not applicable""],""geo_loc_name"":[""Australia: New South Wales, Rydalmere""],""host"":[""Brassica oleracea""],""host_disease"":[""black rot""],""isol_growth_condt"":[""https://doi.org/10.1111/j.1472-765X.2006.01887.x""],""isolation_source"":[""Plant""],""lat_lon"":[""missing""],""num_replicons"":[""not collected""],""pathovar"":[""campestris""],""ref_biomaterial"":[""https://doi.org/10.1111/j.1365-3059.2005.01186.x""],""strain"":[""DAR-26914""]}"	.cache/ncbi/v2_1/efetch_d18021f24be666d2ee23fbd3549d1935b73b9e2719bdf190640e976f26b27a17.xml	https://www.ncbi.nlm.nih.gov/biosample/SAMN17385922	ok	
d7408b60382a176f553e	NCPPB 4373	other_references	expected_genus	1472	17385921	SAMN17385921	Xanthomonas campestris	339	MIGS Cultured Bacterial/Archaeal sample from Xanthomonas campestris	DAR-25606						BioSample: SAMN17385921; DAR-25606; SRA: SRS9061569	Brassica oleracea	Australia: New South Wales, Castle Hill	1975-05-08	Plant	"{""collection_date"":[""1975-05-08""],""env_broad_scale"":[""not applicable""],""env_local_scale"":[""not applicable""],""env_medium"":[""not applicable""],""geo_loc_name"":[""Australia: New South Wales, Castle Hill""],""host"":[""Brassica oleracea""],""host_disease"":[""black rot""],""isol_growth_condt"":[""https://doi.org/10.1111/j.1472-765X.2006.01887.x""],""isolation_source"":[""Plant""],""lat_lon"":[""missing""],""num_replicons"":[""not collected""],""pathovar"":[""campestris""],""ref_biomaterial"":[""missing""],""strain"":[""DAR-25606""]}"	.cache/ncbi/v2_1/efetch_d18021f24be666d2ee23fbd3549d1935b73b9e2719bdf190640e976f26b27a17.xml	https://www.ncbi.nlm.nih.gov/biosample/SAMN17385921	ok	
d7408b60382a176f553e	NCPPB 4373	other_references	expected_genus	1472	17385920	SAMN17385920	Xanthomonas campestris	339	MIGS Cultured Bacterial/Archaeal sample from Xanthomonas campestris	BRIP-39151						BioSample: SAMN17385920; BRIP-39151; SRA: SRS9061361	Brassica oleracea var. capitata	Australia: Queensland, Brisbane	1977-06-17		"{""collection_date"":[""1977-06-17""],""env_broad_scale"":[""not applicable""],""env_local_scale"":[""not applicable""],""env_medium"":[""not applicable""],""geo_loc_name"":[""Australia: Queensland, Brisbane""],""host"":[""Brassica oleracea var. capitata""],""isol_growth_condt"":[""https://doi.org/10.1111/j.1472-765X.2006.01887.x""],""lat_lon"":[""missing""],""num_replicons"":[""not collected""],""pathovar"":[""campestris""],""ref_biomaterial"":[""missing""],""strain"":[""BRIP-39151""]}"	.cache/ncbi/v2_1/efetch_d18021f24be666d2ee23fbd3549d1935b73b9e2719bdf190640e976f26b27a17.xml	https://www.ncbi.nlm.nih.gov/biosample/SAMN17385920	ok	
d7408b60382a176f553e	NCPPB 4373	other_references	expected_genus	1472	17385919	SAMN17385919	Xanthomonas campestris	339	MIGS Cultured Bacterial/Archaeal sample from Xanthomonas campestris	BRIP-39097						BioSample: SAMN17385919; BRIP-39097; SRA: SRS9061549	Brassica oleracea var. italica	Australia: Queensland, Brisbane	1975-09-04		"{""collection_date"":[""1975-09-04""],""env_broad_scale"":[""not applicable""],""env_local_scale"":[""not applicable""],""env_medium"":[""not applicable""],""geo_loc_name"":[""Australia: Queensland, Brisbane""],""host"":[""Brassica oleracea var. italica""],""host_disease"":[""black rot""],""isol_growth_condt"":[""https://doi.org/10.1111/j.1472-765X.2006.01887.x""],""lat_lon"":[""missing""],""num_replicons"":[""not collected""],""pathovar"":[""campestris""],""ref_biomaterial"":[""missing""],""strain"":[""BRIP-39097""]}"	.cache/ncbi/v2_1/efetch_d18021f24be666d2ee23fbd3549d1935b73b9e2719bdf190640e976f26b27a17.xml	https://www.ncbi.nlm.nih.gov/biosample/SAMN17385919	ok	
d7408b60382a176f553e	NCPPB 4373	other_references	expected_genus	1472	17385918	SAMN17385918	Xanthomonas campestris	339	MIGS Cultured Bacterial/Archaeal sample from Xanthomonas campestris	BRIP-39068					DAR-82589a	BioSample: SAMN17385918; BRIP-39068; SRA: SRS9061528	Brassica oleracea var. capitata	Australia: Queensland, Junction View	1975-03-11	leaf	"{""collection_date"":[""1975-03-11""],""env_broad_scale"":[""not applicable""],""env_local_scale"":[""not applicable""],""env_medium"":[""not applicable""],""geo_loc_name"":[""Australia: Queensland, Junction View""],""host"":[""Brassica oleracea var. capitata""],""host_disease"":[""spot""],""isol_growth_condt"":[""https://doi.org/10.1111/j.1472-765X.2006.01887.x""],""isolate_name_alias"":[""DAR-82589a""],""isolation_source"":[""leaf""],""lat_lon"":[""missing""],""num_replicons"":[""not collected""],""pathovar"":[""campestris""],""ref_biomaterial"":[""missing""],""strain"":[""BRIP-39068""]}"	.cache/ncbi/v2_1/efetch_d18021f24be666d2ee23fbd3549d1935b73b9e2719bdf190640e976f26b27a17.xml	https://www.ncbi.nlm.nih.gov/biosample/SAMN17385918	ok	
d7408b60382a176f553e	NCPPB 4373	other_references	expected_genus	1472	17385917	SAMN17385917	Xanthomonas campestris	339	MIGS Cultured Bacterial/Archaeal sample from Xanthomonas campestris	BRIP-38982					DAR-82578a	BioSample: SAMN17385917; BRIP-38982; SRA: SRS9061526	Brassica oleracea var. capitata	Australia: Queensland, Brisbane	1985-11-21	leaf	"{""collection_date"":[""1985-11-21""],""env_broad_scale"":[""not applicable""],""env_local_scale"":[""not applicable""],""env_medium"":[""not applicable""],""geo_loc_name"":[""Australia: Queensland, Brisbane""],""host"":[""Brassica oleracea var. capitata""],""host_disease"":[""spot""],""isol_growth_condt"":[""https://doi.org/10.1111/j.1472-765X.2006.01887.x""],""isolate_name_alias"":[""DAR-82578a""],""isolation_source"":[""leaf""],""lat_lon"":[""missing""],""num_replicons"":[""not collected""],""pathovar"":[""campestris""],""ref_biomaterial"":[""missing""],""strain"":[""BRIP-38982""]}"	.cache/ncbi/v2_1/efetch_d18021f24be666d2ee23fbd3549d1935b73b9e2719bdf190640e976f26b27a17.xml	https://www.ncbi.nlm.nih.gov/biosample/SAMN17385917	ok	
d7408b60382a176f553e	NCPPB 4373	other_references	expected_genus	1472	17385916	SAMN17385916	Xanthomonas campestris	339	MIGS Cultured Bacterial/Archaeal sample from Xanthomonas campestris	BRIP-38894						BioSample: SAMN17385916; BRIP-38894; SRA: SRS9061507	Glycine max	Australia: Queensland, Kingaroy	1972-02-07		"{""collection_date"":[""1972-02-07""],""env_broad_scale"":[""not applicable""],""env_local_scale"":[""not applicable""],""env_medium"":[""not applicable""],""geo_loc_name"":[""Australia: Queensland, Kingaroy""],""host"":[""Glycine max""],""host_disease"":[""pustule""],""isol_growth_condt"":[""https://doi.org/10.1111/j.1472-765X.2006.01887.x""],""lat_lon"":[""missing""],""num_replicons"":[""not collected""],""ref_biomaterial"":[""missing""],""strain"":[""BRIP-38894""]}"	.cache/ncbi/v2_1/efetch_d18021f24be666d2ee23fbd3549d1935b73b9e2719bdf190640e976f26b27a17.xml	https://www.ncbi.nlm.nih.gov/biosample/SAMN17385916	ok	
d7408b60382a176f553e	NCPPB 4373	other_references	expected_genus	1472	17385915	SAMN17385915	Xanthomonas campestris	339	MIGS Cultured Bacterial/Archaeal sample from Xanthomonas campestris	BD64					X105	BioSample: SAMN17385915; BD64; SRA: SRS9061597	Brassica oleracea var. capitata	South Africa	1997		"{""collection_date"":[""1997""],""env_broad_scale"":[""not applicable""],""env_local_scale"":[""not applicable""],""env_medium"":[""not applicable""],""geo_loc_name"":[""South Africa""],""host"":[""Brassica oleracea var. capitata""],""isol_growth_condt"":[""https://doi.org/10.1111/j.1472-765X.2006.01887.x""],""isolate_name_alias"":[""X105""],""lat_lon"":[""missing""],""num_replicons"":[""not collected""],""pathovar"":[""campestris""],""ref_biomaterial"":[""https://doi.org/10.1111/j.1365-3059.2005.01186.x""],""strain"":[""BD64""]}"	.cache/ncbi/v2_1/efetch_d18021f24be666d2ee23fbd3549d1935b73b9e2719bdf190640e976f26b27a17.xml	https://www.ncbi.nlm.nih.gov/biosample/SAMN17385915	ok	
d7408b60382a176f553e	NCPPB 4373	other_references	expected_genus	1472	17385914	SAMN17385914	Xanthomonas campestris	339	MIGS Cultured Bacterial/Archaeal sample from Xanthomonas campestris	BD63					X104	BioSample: SAMN17385914; BD63; SRA: SRS9061497	Brassica oleracea var. capitata	South Africa	1997		"{""collection_date"":[""1997""],""env_broad_scale"":[""not applicable""],""env_local_scale"":[""not applicable""],""env_medium"":[""not applicable""],""geo_loc_name"":[""South Africa""],""host"":[""Brassica oleracea var. capitata""],""isol_growth_condt"":[""https://doi.org/10.1111/j.1472-765X.2006.01887.x""],""isolate_name_alias"":[""X104""],""lat_lon"":[""missing""],""num_replicons"":[""not collected""],""pathovar"":[""raphani""],""ref_biomaterial"":[""https://doi.org/10.1111/j.1365-3059.2005.01186.x""],""strain"":[""BD63""]}"	.cache/ncbi/v2_1/efetch_d18021f24be666d2ee23fbd3549d1935b73b9e2719bdf190640e976f26b27a17.xml	https://www.ncbi.nlm.nih.gov/biosample/SAMN17385914	ok	
d7408b60382a176f553e	NCPPB 4373	other_references	expected_genus	1472	17385913	SAMN17385913	Xanthomonas campestris	339	MIGS Cultured Bacterial/Archaeal sample from Xanthomonas campestris	BD128					X109	BioSample: SAMN17385913; BD128; SRA: SRS9061495	Brassica oleracea var. capitata	South Africa	1999		"{""collection_date"":[""1999""],""env_broad_scale"":[""not applicable""],""env_local_scale"":[""not applicable""],""env_medium"":[""not applicable""],""geo_loc_name"":[""South Africa""],""host"":[""Brassica oleracea var. capitata""],""isol_growth_condt"":[""https://doi.org/10.1111/j.1472-765X.2006.01887.x""],""isolate_name_alias"":[""X109""],""lat_lon"":[""missing""],""num_replicons"":[""not collected""],""pathovar"":[""campestris""],""ref_biomaterial"":[""https://doi.org/10.1111/j.1365-3059.2005.01186.x""],""strain"":[""BD128""]}"	.cache/ncbi/v2_1/efetch_d18021f24be666d2ee23fbd3549d1935b73b9e2719bdf190640e976f26b27a17.xml	https://www.ncbi.nlm.nih.gov/biosample/SAMN17385913	ok	
d7408b60382a176f553e	NCPPB 4373	other_references	expected_genus	1472	17385912	SAMN17385912	Xanthomonas campestris	339	MIGS Cultured Bacterial/Archaeal sample from Xanthomonas campestris	BD116					X108	BioSample: SAMN17385912; BD116; SRA: SRS9061530	Brassica oleracea var. capitata	South Africa	1998		"{""collection_date"":[""1998""],""env_broad_scale"":[""not applicable""],""env_local_scale"":[""not applicable""],""env_medium"":[""not applicable""],""geo_loc_name"":[""South Africa""],""host"":[""Brassica oleracea var. capitata""],""isol_growth_condt"":[""https://doi.org/10.1111/j.1472-765X.2006.01887.x""],""isolate_name_alias"":[""X108""],""lat_lon"":[""missing""],""num_replicons"":[""not collected""],""pathovar"":[""campestris""],""ref_biomaterial"":[""https://doi.org/10.1111/j.1365-3059.2005.01186.x""],""strain"":[""BD116""]}"	.cache/ncbi/v2_1/efetch_5436aa06399483d326b3bb35b35449299ae8390c479f935bb1cdc706a2106a2a.xml	https://www.ncbi.nlm.nih.gov/biosample/SAMN17385912	ok	
d7408b60382a176f553e	NCPPB 4373	other_references	expected_genus	1472	17385911	SAMN17385911	Xanthomonas campestris	339	MIGS Cultured Bacterial/Archaeal sample from Xanthomonas campestris	BD105					X107	BioSample: SAMN17385911; BD105; SRA: SRS9061421	Brassica oleracea var. capitata	South Africa	1998		"{""collection_date"":[""1998""],""env_broad_scale"":[""not applicable""],""env_local_scale"":[""not applicable""],""env_medium"":[""not applicable""],""geo_loc_name"":[""South Africa""],""host"":[""Brassica oleracea var. capitata""],""isol_growth_condt"":[""https://doi.org/10.1111/j.1472-765X.2006.01887.x""],""isolate_name_alias"":[""X107""],""lat_lon"":[""missing""],""num_replicons"":[""not collected""],""pathovar"":[""campestris""],""ref_biomaterial"":[""https://doi.org/10.1111/j.1365-3059.2005.01186.x""],""strain"":[""BD105""]}"	.cache/ncbi/v2_1/efetch_5436aa06399483d326b3bb35b35449299ae8390c479f935bb1cdc706a2106a2a.xml	https://www.ncbi.nlm.nih.gov/biosample/SAMN17385911	ok	
d7408b60382a176f553e	NCPPB 4373	other_references	expected_genus	1472	17385910	SAMN17385910	Xanthomonas campestris	339	MIGS Cultured Bacterial/Archaeal sample from Xanthomonas campestris	BD102					X106	BioSample: SAMN17385910; BD102; SRA: SRS9061575	Brassica oleracea var. botrytis	South Africa	1998		"{""collection_date"":[""1998""],""env_broad_scale"":[""not applicable""],""env_local_scale"":[""not applicable""],""env_medium"":[""not applicable""],""geo_loc_name"":[""South Africa""],""host"":[""Brassica oleracea var. botrytis""],""isol_growth_condt"":[""https://doi.org/10.1111/j.1472-765X.2006.01887.x""],""isolate_name_alias"":[""X106""],""lat_lon"":[""missing""],""num_replicons"":[""not collected""],""pathovar"":[""campestris""],""ref_biomaterial"":[""https://doi.org/10.1111/j.1365-3059.2005.01186.x""],""strain"":[""BD102""]}"	.cache/ncbi/v2_1/efetch_5436aa06399483d326b3bb35b35449299ae8390c479f935bb1cdc706a2106a2a.xml	https://www.ncbi.nlm.nih.gov/biosample/SAMN17385910	ok	
d7408b60382a176f553e	NCPPB 4373	other_references	expected_genus	1472	17385909	SAMN17385909	Xanthomonas campestris	339	MIGS Cultured Bacterial/Archaeal sample from Xanthomonas campestris	3316-A					X227	BioSample: SAMN17385909; 3316-A; SRA: SRS9061363	missing	United Kingdom	1998		"{""collection_date"":[""1998""],""env_broad_scale"":[""not applicable""],""env_local_scale"":[""not applicable""],""env_medium"":[""not applicable""],""geo_loc_name"":[""United Kingdom""],""host"":[""missing""],""isol_growth_condt"":[""https://doi.org/10.1111/j.1472-765X.2006.01887.x""],""isolate_name_alias"":[""X227""],""lat_lon"":[""missing""],""num_replicons"":[""not collected""],""pathovar"":[""campestris""],""ref_biomaterial"":[""https://doi.org/10.1111/j.1472-765X.2006.01887.x""],""strain"":[""3316-A""]}"	.cache/ncbi/v2_1/efetch_5436aa06399483d326b3bb35b35449299ae8390c479f935bb1cdc706a2106a2a.xml	https://www.ncbi.nlm.nih.gov/biosample/SAMN17385909	ok	
670372f45fa471ab96ed	NCPPB 4374	other_references	expected_genus	1497																				no_hit	
63c7cacbe5448332ec23	NCPPB 4375	other_references	expected_genus	1594	56511363	SAMN56511363	Xanthomonas axonopodis pv. nakataecorchori	487835	Genome sequencing of Xanthomonas NCPPB 1594	NCPPB 1594		NCPPB:1594	M.K. Patel			BioSample: SAMN56511363; NCPPB_1594; SRA: SRS28401810	Corchorus aestuans	India	1961		"{""biomaterial_provider"":[""M.K. Patel""],""collected_by"":[""A.C. Padhya""],""collection_date"":[""1961""],""culture_collection"":[""NCPPB:1594""],""geo_loc_name"":[""India""],""host"":[""Corchorus aestuans""],""sample_type"":[""Cell culture""],""strain"":[""NCPPB 1594""]}"	.cache/ncbi/v2_1/efetch_825ecc5bb14f6df0c57e704db5b70c5926b96686ad03393d6efd1aa18548fc76.xml	https://www.ncbi.nlm.nih.gov/biosample/SAMN56511363	ok	
1c917c8f09d377f02fad	NCPPB 4376	other_references	expected_genus	1925																				no_hit	
f3b4ef2cf4e07bfe49aa	NCPPB 4377	other_references	expected_genus	1583																				no_hit	
fc530da6f11b36998d84	NCPPB 4378	other_references	expected_genus	034/LRA/05																				no_hit	
2e1b1b3b5fbd4f246304	NCPPB 4379	other_references	expected_genus	KY44																				no_hit	
e0f2dcc13302e7f10495	NCPPB 4380	other_references	expected_genus	038/KBA/05																				no_hit	
b0408c83712df575fd8f	NCPPB 4381	other_references	expected_genus	014/LUW/05																				no_hit	
8380f7982f1107325df9	NCPPB 4383	other_references	expected_genus	071/WSK/05																				no_hit	
4fdba8de4d05aad8fbe1	NCPPB 4384	other_references	expected_genus	041/NSG/05																				no_hit	
4a48cd09da99c23a2abb	NCPPB 4385	other_references	expected_genus	031/KIB/05																				no_hit	
4a930c02b0ecac0ede79	NCPPB 4386	other_references	expected_genus	005/WKS/05																				no_hit	
46153ad2473f1e0d4e68	NCPPB 4392	other_references	expected_genus	394051																				no_hit	
24682ca257d018973246	NCPPB 4393	other_references	expected_genus	394052																				no_hit	
01a88248352f3cc47d40	NCPPB 4394	other_references	expected_genus	354053																				no_hit	
d3c51f75f9d41c04d2c1	NCPPB 4397	other_references	expected_genus	ISBF 594																				no_hit	
e60dced47a6a370b7e3e	NCPPB 4398	other_references	expected_genus	ISBF 595																				no_hit	
fa7ff3a12fcb48a8c323	NCPPB 4410	other_references	expected_genus	8356	40354567	SAMN40354567	Xanthomonas sp. WHRI 8356	3161571	Microbe sample from Xanthomonas sp. WHRI 8356	WHRI 8356						BioSample: SAMN40354567; MG1_SGP8_G7_8356; SRA: SRS20715800	Daucus carota	Not collected	2003		"{""collection_date"":[""2003""],""geo_loc_name"":[""Not collected""],""host"":[""Daucus carota""],""sample_type"":[""Cell culture""],""strain"":[""WHRI 8356""]}"	.cache/ncbi/v2_1/efetch_94bc73f4953fbbd6003a6f71ebdfb4c8230335def592901b6432b2f2b09cab5b.xml	https://www.ncbi.nlm.nih.gov/biosample/SAMN40354567	ok	
9f78b6fcacbdb6583003	NCPPB 4411	other_references	expected_genus	8394																				no_hit	
c2469538938947f9b464	NCPPB 4414	other_references	expected_genus	Protect 1599																				no_hit	
40f8e9a92ef561a5a13d	NCPPB 4415	other_references	expected_genus	Protect 766																				no_hit	
dccf39ad2cf698243ad7	NCPPB 4433	other_references	expected_genus	20709953																				no_hit	
4935f5ca185c3840b8fd	NCPPB 4434	other_references	expected_genus	20702295																				no_hit	
408841cd67f9c2fab1d8	NCPPB 4435	other_references	expected_genus	20722939																				no_hit	
638344fed458a30da889	NCPPB 4448	other_references	expected_genus	CS283																				no_hit	
b06d203a362133278eef	NCPPB 4449	other_references	expected_genus	CS284																				no_hit	
231c678d2cc2ac6a11d1	NCPPB 4468	other_references	expected_genus	CSL972199																				no_hit	
bd438a5a5802231caa3e	NCPPB 4584	other_references	expected_genus	NCPPB 2699																				no_hit	
cfc4328a24613d42ea17	NCPPB 4590	other_references	expected_genus	D 3213																				no_hit	
593057a1b6da805ba06a	NCPPB 4613	other_references	expected_genus	NE744																				no_hit	
a2a1a763f94eab5810b9	NCPPB 4614	other_references	expected_genus	SAM119	36357978	SAMN36357978	Xanthomonas vasicola	56459	SAM 119, 4613XCZ	SAM 119, 4613XCZ						BioSample: SAMN36357978; SAM 119, 4613XCZ; SRA: SRS18217098	Zea mays	South Africa:North West	not collected		"{""collection_date"":[""not collected""],""geo_loc_name"":[""South Africa:North West""],""host"":[""Zea mays""],""sample_type"":[""Cell culture""],""strain"":[""SAM 119, 4613XCZ""]}"	.cache/ncbi/v2_1/efetch_780fbd8936fb24ced43d9056979d76fa93cd426bf4689a40c0a73a5bb1a24240.xml	https://www.ncbi.nlm.nih.gov/biosample/SAMN36357978	ok	
f8d302b7b17240a7d646	NCPPB 4615	other_references	expected_genus	B100																				no_hit	
9aade2fc2262d65c4b62	NCPPB 4622	other_references	expected_genus	Protect 13 E6																				no_hit	
e7c21e720b67d5c58a21	NCPPB 4623	other_references	expected_genus	Protect OB Box 3 A6																				no_hit	
227e004841406c5866a4	NCPPB 4630	other_references	expected_genus	ZZ22																				no_hit	
672d3d7db0fe4c05a10c	NCPPB 4680	other_references	expected_genus	Xc23																				no_hit	
cc1f196ad40329ceaa15	NCPPB 4681	other_references	expected_genus	Xc27	17198917	SAMN17198917	Xanthomonas campestris pv. campestris	340	Microbe sample from Xanthomonas campestris pv. campestris	27-9			USDA ARS- Ft. Detrick			BioSample: SAMN17198917; Xc_27_9; SRA: SRS8607962	Brassica nigra	USA:California San Luis Obispo	2005	Symptomatic leaf tissue	"{""biomaterial_provider"":[""USDA ARS- Ft. Detrick""],""collection_date"":[""2005""],""geo_loc_name"":[""USA:California San Luis Obispo""],""host"":[""Brassica nigra""],""isolation_source"":[""Symptomatic leaf tissue""],""pathovar"":[""campestris""],""sample_type"":[""Cell Culture""],""strain"":[""27-9""]}"	.cache/ncbi/v2_1/efetch_5436aa06399483d326b3bb35b35449299ae8390c479f935bb1cdc706a2106a2a.xml	https://www.ncbi.nlm.nih.gov/biosample/SAMN17198917	ok	
cc1f196ad40329ceaa15	NCPPB 4681	other_references	expected_genus	Xc27	17198916	SAMN17198916	Xanthomonas campestris pv. campestris	340	Microbe sample from Xanthomonas campestris pv. campestris	27-6			USDA ARS- Ft. Detrick			BioSample: SAMN17198916; Xc_27_6; SRA: SRS8607960	Brassica nigra	USA:California San Luis Obispo	2005	Symptomatic leaf tissue	"{""biomaterial_provider"":[""USDA ARS- Ft. Detrick""],""collection_date"":[""2005""],""geo_loc_name"":[""USA:California San Luis Obispo""],""host"":[""Brassica nigra""],""isolation_source"":[""Symptomatic leaf tissue""],""pathovar"":[""campestris""],""sample_type"":[""Cell Culture""],""strain"":[""27-6""]}"	.cache/ncbi/v2_1/efetch_5436aa06399483d326b3bb35b35449299ae8390c479f935bb1cdc706a2106a2a.xml	https://www.ncbi.nlm.nih.gov/biosample/SAMN17198916	ok	
cc1f196ad40329ceaa15	NCPPB 4681	other_references	expected_genus	Xc27	17198915	SAMN17198915	Xanthomonas campestris pv. campestris	340	Microbe sample from Xanthomonas campestris pv. campestris	27-10			USDA ARS- Ft. Detrick			BioSample: SAMN17198915; Xc_27_10; SRA: SRS8607959	Brassica nigra	USA:California San Luis Obispo	2005	Symptomatic leaf tissue	"{""biomaterial_provider"":[""USDA ARS- Ft. Detrick""],""collection_date"":[""2005""],""geo_loc_name"":[""USA:California San Luis Obispo""],""host"":[""Brassica nigra""],""isolation_source"":[""Symptomatic leaf tissue""],""pathovar"":[""campestris""],""sample_type"":[""Cell Culture""],""strain"":[""27-10""]}"	.cache/ncbi/v2_1/efetch_5436aa06399483d326b3bb35b35449299ae8390c479f935bb1cdc706a2106a2a.xml	https://www.ncbi.nlm.nih.gov/biosample/SAMN17198915	ok	
25d20dd0db1fbc59330b	NCPPB 4682	other_references	expected_genus	Xc318																				no_hit	
a1e50d153a9f12a36728	NCPPB 4698	other_references	expected_genus	1294-6																				no_hit	
d817e632c402fe6b3aeb	NCPPB 4699	other_references	expected_genus	0894-4																				no_hit	
1ea76921a169caa3712b	NCPPB 4700	other_references	expected_genus	1294-9																				no_hit	
518868b036fdb87e326a	NCPPB 4704	other_references	expected_genus	Co-126-2	36357988	SAMN36357988	Xanthomonas vasicola	56459	CO-126-2	CO-126-2						BioSample: SAMN36357988; CO-126-2; SRA: SRS18217075	Zea mays	USA:Colorado	not collected		"{""collection_date"":[""not collected""],""geo_loc_name"":[""USA:Colorado""],""host"":[""Zea mays""],""sample_type"":[""Cell culture""],""strain"":[""CO-126-2""]}"	.cache/ncbi/v2_1/efetch_780fbd8936fb24ced43d9056979d76fa93cd426bf4689a40c0a73a5bb1a24240.xml	https://www.ncbi.nlm.nih.gov/biosample/SAMN36357988	ok	
97d8cfada02e165ae2c5	NCPPB 4705	other_references	expected_genus	Arg-1A																				no_hit	
77810192b243d0c563df	NCPPB 4707	other_references	expected_genus	ARG-3A																				no_hit	
07326d7ad70cda36980d	NCPPB 4708	other_references	expected_genus	IL02(1)YDC																				no_hit	
c2f98b2dc9837a50f663	NCPPB 4709	other_references	expected_genus	NE-18 Xvh	36358007	SAMN36358007	Xanthomonas vasicola	56459	NE-18 Xvh	NE-18 Xvh						BioSample: SAMN36358007; NE-18 Xvh; SRA: SRS18217095	not collected	USA:Nebraska	not collected		"{""collection_date"":[""not collected""],""geo_loc_name"":[""USA:Nebraska""],""host"":[""not collected""],""sample_type"":[""Cell culture""],""strain"":[""NE-18 Xvh""]}"	.cache/ncbi/v2_1/efetch_780fbd8936fb24ced43d9056979d76fa93cd426bf4689a40c0a73a5bb1a24240.xml	https://www.ncbi.nlm.nih.gov/biosample/SAMN36358007	ok	
e4885e41b1576ce774d6	NCPPB 4710	other_references	expected_genus	Arg-2B																				no_hit	
a525c476dfeb47d9805e	NCPPB 4712	other_references	expected_genus	ARG-6B																				no_hit	
2ba6450955a9aab315e9	NCPPB 4713	other_references	expected_genus	IL-1(1)YDC	36357993	SAMN36357993	Xanthomonas vasicola	56459	IL-2(1) YDC	IL-2(1) YDC						BioSample: SAMN36357993; IL-2(1) YDC; SRA: SRS18217080	Zea mays	USA:Illinois	not collected		"{""collection_date"":[""not collected""],""geo_loc_name"":[""USA:Illinois""],""host"":[""Zea mays""],""sample_type"":[""Cell culture""],""strain"":[""IL-2(1) YDC""]}"	.cache/ncbi/v2_1/efetch_780fbd8936fb24ced43d9056979d76fa93cd426bf4689a40c0a73a5bb1a24240.xml	https://www.ncbi.nlm.nih.gov/biosample/SAMN36357993	ok	
2ba6450955a9aab315e9	NCPPB 4713	other_references	expected_genus	IL-1(1)YDC	36357992	SAMN36357992	Xanthomonas vasicola	56459	IL-1(1) YDC	IL-1(1) YDC						BioSample: SAMN36357992; IL-1(1) YDC; SRA: SRS18217079	Zea mays	USA:Illinois	not collected		"{""collection_date"":[""not collected""],""geo_loc_name"":[""USA:Illinois""],""host"":[""Zea mays""],""sample_type"":[""Cell culture""],""strain"":[""IL-1(1) YDC""]}"	.cache/ncbi/v2_1/efetch_780fbd8936fb24ced43d9056979d76fa93cd426bf4689a40c0a73a5bb1a24240.xml	https://www.ncbi.nlm.nih.gov/biosample/SAMN36357992	ok	
d197fcf3125271dd3670	NCPPB 4714	other_references	expected_genus	ARG 4B																				no_hit	
92ae74a0a6bbb5465a7a	NCPPB 4715	other_references	expected_genus	IAO2																				no_hit	
2b6fa3944466d469afd1	NCPPB 4716	other_references	expected_genus	NE-16	36357991	SAMN36357991	Xanthomonas vasicola	56459	NE-16	NE-16						BioSample: SAMN36357991; NE-16; SRA: SRS18217077	Zea mays	USA:Nebraska	not collected		"{""collection_date"":[""not collected""],""geo_loc_name"":[""USA:Nebraska""],""host"":[""Zea mays""],""sample_type"":[""Cell culture""],""strain"":[""NE-16""]}"	.cache/ncbi/v2_1/efetch_780fbd8936fb24ced43d9056979d76fa93cd426bf4689a40c0a73a5bb1a24240.xml	https://www.ncbi.nlm.nih.gov/biosample/SAMN36357991	ok	
6b58e90289002d2a1941	NCPPB 4717	other_references	expected_genus	10197-90																				no_hit	
ed4f7655897289587ee3	NCPPB 4718	other_references	expected_genus	10194-90																				no_hit	
f592e64dde39ff10f722	NCPPB 4721	other_references	expected_genus	13093-96																				no_hit	
ec859af22dfcb97694c3	NCPPB 4722	other_references	expected_genus	9262-87																				no_hit	
87e97c10142a8bb25349	NCPPB 4763	other_references	expected_genus	NBC5720																				no_hit	
e8ff16b56f49e51b33f2	NCPPB 4770	other_references	expected_genus	2023024626																				no_hit	
4ff5ea8871bf6bf816b5	NCPPB 4771	other_references	expected_genus	2023027163	53688592	SAMN53688592	Xanthomonas campestris	339	Genome sequencing of WHRI WHRI 10269 at Fera 15th January 2024	WHRI 10269						BioSample: SAMN53688592; 2023027163; SRA: SRS27329698	Erysimum bicolor cv. Bowles Mauve	unknown	2023		"{""collected_by"":[""Joana Vicente""],""collection_date"":[""2023""],""geo_loc_name"":[""unknown""],""host"":[""Erysimum bicolor cv. Bowles Mauve""],""sample_type"":[""cell culture""],""strain"":[""WHRI 10269""]}"	.cache/ncbi/v2_1/efetch_fb49fcf5c2f6dce58c10306573e4f6c58da0b6b8f9c990f630c1da495a8a9c2e.xml	https://www.ncbi.nlm.nih.gov/biosample/SAMN53688592	ok	
9df4c730d52118669f39	NCPPB 4772	other_references	expected_genus	2023027127																				no_hit	
9ce67379ed07b89a7e95	NCPPB 2969	historical_v1_recheck	direct_accession_recheck	SAMEA6139367	13787425	SAMEA6139367	Xanthomonas phage Bosa	2674976	Phages Xanthomonadaceae					Xanthomonas phage Bosa		BioSample: SAMEA6139367; SRA: ERS3939644	Xanthomonas albilineans, Xylella fastidiosa		2017-11-29		"{""ENA-CHECKLIST"":[""ERC000013""],""ENA-FIRST-PUBLIC"":[""2020-01-06T04:04:33Z""],""ENA-LAST-UPDATE"":[""2019-12-16T11:15:46Z""],""External Id"":[""SAMEA6139367""],""INSDC center name"":[""CNRS""],""INSDC first public"":[""2020-01-06T04:04:33Z""],""INSDC last update"":[""2019-12-16T11:15:46Z""],""INSDC status"":[""public""],""Submitter Id"":[""Xanthomonas phage Bosa""],""collection date"":[""2017-11-29""],""environment (biome)"":[""Sewage water extract""],""environment (feature)"":[""Sanitation department of Marseille Metropole""],""environment (material)"":[""Phage obtained from sewage water extract on X. albilineans""],""geographic location (altitude)"":[""1""],""geographic location (country and/or sea)"":[""France""],""geographic location (latitude)"":[""46.2276° N""],""geographic location (longitude)"":[""2.2137° E""],""host common name"":[""Xanthomonas albilineans, Xylella fastidiosa""],""host-associated environmental package"":[""host-associated""],""investigation type"":[""virus""],""project name"":[""Assessing the phage therapy against Xylella fastidiosa""],""propagation"":[""Xanthomonas albilineans CFBP 2523""],""sample name"":[""Xanthomonas phage Bosa""],""scientific_name"":[""Xanthomonas phage Bosa""],""sequencing method"":[""Illumina""]}"	.cache/ncbi/v2_1/efetch_1b498ff9cf4aef2a85f0314900fc62d1d3f65eb2bcd006a8a4429dae1aa9188f.xml	https://www.ncbi.nlm.nih.gov/biosample/SAMEA6139367	ok	
2cee4608c9d466541918	NCPPB 2969	historical_v1_recheck	direct_accession_recheck	SAMEA6139366	13787424	SAMEA6139366	Xanthomonas phage Suba	2674975	Phages Xanthomonadaceae					Xanthomonas phage Suba		BioSample: SAMEA6139366; SRA: ERS3939643	Xanthomonas albilineans		2017-11-29		"{""ENA-CHECKLIST"":[""ERC000013""],""ENA-FIRST-PUBLIC"":[""2020-01-06T04:04:33Z""],""ENA-LAST-UPDATE"":[""2019-12-16T11:15:19Z""],""External Id"":[""SAMEA6139366""],""INSDC center name"":[""CNRS""],""INSDC first public"":[""2020-01-06T04:04:33Z""],""INSDC last update"":[""2019-12-16T11:15:19Z""],""INSDC status"":[""public""],""Submitter Id"":[""Xanthomonas phage Suba""],""collection date"":[""2017-11-29""],""environment (biome)"":[""Sewage water extract""],""environment (feature)"":[""Sanitation department of Marseille Metropole""],""environment (material)"":[""Phage obtained from sewage water extract on X. albilineans""],""geographic location (altitude)"":[""1""],""geographic location (country and/or sea)"":[""France""],""geographic location (latitude)"":[""46.2276° N""],""geographic location (longitude)"":[""2.2137° E""],""host common name"":[""Xanthomonas albilineans""],""host-associated environmental package"":[""host-associated""],""investigation type"":[""virus""],""project name"":[""Assessing the phage therapy against Xylella fastidiosa""],""propagation"":[""Xanthomonas albilineans CFBP 2523""],""sample name"":[""Xanthomonas phage Suba""],""scientific_name"":[""Xanthomonas phage Suba""],""sequencing method"":[""Illumina""]}"	.cache/ncbi/v2_1/efetch_1b498ff9cf4aef2a85f0314900fc62d1d3f65eb2bcd006a8a4429dae1aa9188f.xml	https://www.ncbi.nlm.nih.gov/biosample/SAMEA6139366	ok	
501bf3448b7c9cd3400d	NCPPB 2969	historical_v1_recheck	direct_accession_recheck	SAMEA6139365	13787423	SAMEA6139365	Xanthomonas phage Tenjo	2674974	Phages Xanthomonadaceae					Xanthomonas phage Tenjo		BioSample: SAMEA6139365; SRA: ERS3939642	Xanthomonas albilineans		2017-11-29		"{""ENA-CHECKLIST"":[""ERC000013""],""ENA-FIRST-PUBLIC"":[""2020-01-06T04:04:33Z""],""ENA-LAST-UPDATE"":[""2019-12-16T11:14:36Z""],""External Id"":[""SAMEA6139365""],""INSDC center name"":[""CNRS""],""INSDC first public"":[""2020-01-06T04:04:33Z""],""INSDC last update"":[""2019-12-16T11:14:36Z""],""INSDC status"":[""public""],""Submitter Id"":[""Xanthomonas phage Tenjo""],""collection date"":[""2017-11-29""],""environment (biome)"":[""Sewage water extract""],""environment (feature)"":[""Sanitation department of Marseille Metropole""],""environment (material)"":[""Phage obtained from sewage water extract on X. albilineans""],""geographic location (altitude)"":[""1""],""geographic location (country and/or sea)"":[""France""],""geographic location (latitude)"":[""46.2276° N""],""geographic location (longitude)"":[""2.2137° E""],""host common name"":[""Xanthomonas albilineans""],""host-associated environmental package"":[""host-associated""],""investigation type"":[""virus""],""project name"":[""Assessing the phage therapy against Xylella fastidiosa""],""propagation"":[""Xanthomonas albilineans CFBP 2523""],""sample name"":[""Xanthomonas phage Tenjo""],""scientific_name"":[""Xanthomonas phage Tenjo""],""sequencing method"":[""Illumina""]}"	.cache/ncbi/v2_1/efetch_1b498ff9cf4aef2a85f0314900fc62d1d3f65eb2bcd006a8a4429dae1aa9188f.xml	https://www.ncbi.nlm.nih.gov/biosample/SAMEA6139365	ok	
9976dd6ed17b58c510b2	NCPPB 2969	historical_v1_recheck	direct_accession_recheck	SAMEA6139364	13787422	SAMEA6139364	Xanthomonas phage Tabio	2674973	Phages Xanthomonadaceae					Xanthomonas phage Tabio		BioSample: SAMEA6139364; SRA: ERS3939641	Xanthomonas albilineans		2017-11-05		"{""ENA-CHECKLIST"":[""ERC000013""],""ENA-FIRST-PUBLIC"":[""2020-01-06T04:04:33Z""],""ENA-LAST-UPDATE"":[""2019-12-16T11:14:04Z""],""External Id"":[""SAMEA6139364""],""INSDC center name"":[""CNRS""],""INSDC first public"":[""2020-01-06T04:04:33Z""],""INSDC last update"":[""2019-12-16T11:14:04Z""],""INSDC status"":[""public""],""Submitter Id"":[""Xanthomonas phage Tabio""],""collection date"":[""2017-11-05""],""environment (biome)"":[""Runoff water extract""],""environment (feature)"":[""Runoff water collected on the old port of Marseille""],""environment (material)"":[""Phage obtained from Runoff water extract on X. albilineans""],""geographic location (altitude)"":[""1""],""geographic location (country and/or sea)"":[""France""],""geographic location (latitude)"":[""46.2276° N""],""geographic location (longitude)"":[""2.2137° E""],""host common name"":[""Xanthomonas albilineans""],""host-associated environmental package"":[""host-associated""],""investigation type"":[""virus""],""project name"":[""Assessing the phage therapy against Xylella fastidiosa""],""propagation"":[""Xanthomonas albilineans CFBP 2523""],""sample name"":[""Xanthomonas phage Tabio""],""scientific_name"":[""Xanthomonas phage Tabio""],""sequencing method"":[""Illumina""]}"	.cache/ncbi/v2_1/efetch_1b498ff9cf4aef2a85f0314900fc62d1d3f65eb2bcd006a8a4429dae1aa9188f.xml	https://www.ncbi.nlm.nih.gov/biosample/SAMEA6139364	ok	
7298bcf5577bfcf6cfb0	NCPPB 2969	historical_v1_recheck	direct_accession_recheck	SAMEA6139363	13787421	SAMEA6139363	Xanthomonas phage Sopo	2674972	Phages Xanthomonadaceae					Xanthomonas phage Sopo		BioSample: SAMEA6139363; SRA: ERS3939640	Xanthomonas albilineans		2017-11-05		"{""ENA-CHECKLIST"":[""ERC000013""],""ENA-FIRST-PUBLIC"":[""2020-01-06T04:04:33Z""],""ENA-LAST-UPDATE"":[""2019-12-16T11:08:55Z""],""External Id"":[""SAMEA6139363""],""INSDC center name"":[""CNRS""],""INSDC first public"":[""2020-01-06T04:04:33Z""],""INSDC last update"":[""2019-12-16T11:08:55Z""],""INSDC status"":[""public""],""Submitter Id"":[""Xanthomonas phage Sopo""],""collection date"":[""2017-11-05""],""environment (biome)"":[""Runoff water extracts""],""environment (feature)"":[""Runoff water collected on the old port of Marseille""],""environment (material)"":[""Phage obtained from Runoff water extract on X. albilineans""],""geographic location (altitude)"":[""1""],""geographic location (country and/or sea)"":[""France""],""geographic location (latitude)"":[""46.2276° N""],""geographic location (longitude)"":[""2.2137° E""],""host common name"":[""Xanthomonas albilineans""],""host-associated environmental package"":[""host-associated""],""investigation type"":[""virus""],""project name"":[""Assessing the phage therapy against Xylella fastidiosa""],""propagation"":[""Xanthomonas albilineans CFBP 2523""],""sample name"":[""Xanthomonas phage Sopo""],""scientific_name"":[""Xanthomonas phage Sopo""],""sequencing method"":[""Illumina""]}"	.cache/ncbi/v2_1/efetch_1b498ff9cf4aef2a85f0314900fc62d1d3f65eb2bcd006a8a4429dae1aa9188f.xml	https://www.ncbi.nlm.nih.gov/biosample/SAMEA6139363	ok	
c7c2bb446ec2e2d890c5	NCPPB 3563	historical_v1_recheck	direct_accession_recheck	SAMN30096794	30096794	SAMN30096794	Xanthomonas citri pv. punicae	487838	Microbe sample from Xanthomonas citri pv. punicae	Xcp-1						BioSample: SAMN30096794; Xancp01_Dvg; SRA: SRS26196791		India:Davangere	2020-05-15	pomegranate	"{""collection_date"":[""2020-05-15""],""env_broad_scale"":[""Deccan Plateau""],""env_local_scale"":[""Plain land""],""env_medium"":[""Bacterial sample | fruit_isolated""],""geo_loc_name"":[""India:Davangere""],""isolation_source"":[""pomegranate""],""lat_lon"":[""14.33 N 75.99 E""],""pathovar"":[""punicae""],""sample_type"":[""pure culture""],""strain"":[""Xcp-1""]}"	.cache/ncbi/v2_1/efetch_1b498ff9cf4aef2a85f0314900fc62d1d3f65eb2bcd006a8a4429dae1aa9188f.xml	https://www.ncbi.nlm.nih.gov/biosample/SAMN30096794	ok	
d6c377e780b2a76ed048	NCPPB 4615	historical_v1_recheck	direct_accession_recheck	SAMN25050887	25050887	SAMN25050887	Xanthomonas campestris	339	Xanthomonas campestris pv. campestris; deletion mutant Xcc B100 xylR	campestris						BioSample: SAMN25050887; XylR regulator network; SRA: SRS11758102		not applicable	not applicable	Xcc B100 (NCPPB No. 4615)	"{""collection_date"":[""not applicable""],""geo_loc_name"":[""not applicable""],""isolation_source"":[""Xcc B100 (NCPPB No. 4615)""],""sample_type"":[""cell culture""],""strain"":[""campestris""]}"	.cache/ncbi/v2_1/efetch_1b498ff9cf4aef2a85f0314900fc62d1d3f65eb2bcd006a8a4429dae1aa9188f.xml	https://www.ncbi.nlm.nih.gov/biosample/SAMN25050887	ok	
9a725a3265c0f10a3ef9	NCPPB 4705	historical_v1_recheck	direct_accession_recheck	SAMN36357994	36357994	SAMN36357994	Xanthomonas vasicola	56459	Arg-1A	Arg-1A						BioSample: SAMN36357994; Arg-1A; SRA: SRS18217081	Zea mays	Argentina:Crdoba	not collected		"{""collection_date"":[""not collected""],""geo_loc_name"":[""Argentina:Crdoba""],""host"":[""Zea mays""],""sample_type"":[""Cell culture""],""strain"":[""Arg-1A""]}"	.cache/ncbi/v2_1/efetch_1b498ff9cf4aef2a85f0314900fc62d1d3f65eb2bcd006a8a4429dae1aa9188f.xml	https://www.ncbi.nlm.nih.gov/biosample/SAMN36357994	ok	
2bb57ef7a823d1ba954d	NCPPB 4705	historical_v1_recheck	direct_accession_recheck	SAMN07735936	7735936	SAMN07735936	Xanthomonas vasicola pv. vasculorum	325776	Microbe sample from Xanthomonas vasicola pv. vasculorum	Arg-1A						BioSample: SAMN07735936; Arg-1A	corn	Argentina	2017-01		"{""collection_date"":[""2017-01""],""geo_loc_name"":[""Argentina""],""host"":[""corn""],""pathovar"":[""vasculorum""],""sample_type"":[""cell culture""],""strain"":[""Arg-1A""]}"	.cache/ncbi/v2_1/efetch_1b498ff9cf4aef2a85f0314900fc62d1d3f65eb2bcd006a8a4429dae1aa9188f.xml	https://www.ncbi.nlm.nih.gov/biosample/SAMN07735936	ok	
fa156a594274189ffc03	NCPPB 4707	historical_v1_recheck	direct_accession_recheck	SAMN36357996	36357996	SAMN36357996	Xanthomonas vasicola	56459	Arg-3A	Arg-3A						BioSample: SAMN36357996; Arg-3A; SRA: SRS18217082	Zea mays	Argentina:Crdoba	not collected		"{""collection_date"":[""not collected""],""geo_loc_name"":[""Argentina:Crdoba""],""host"":[""Zea mays""],""sample_type"":[""Cell culture""],""strain"":[""Arg-3A""]}"	.cache/ncbi/v2_1/efetch_1b498ff9cf4aef2a85f0314900fc62d1d3f65eb2bcd006a8a4429dae1aa9188f.xml	https://www.ncbi.nlm.nih.gov/biosample/SAMN36357996	ok	
89fd5254c3ad14931b7a	NCPPB 4710	historical_v1_recheck	direct_accession_recheck	SAMN36701295	36701295	SAMN36701295	Xanthomonas vasicola pv. vasculorum	325776	Genome sequencing of Xanthomonas vasicola Arg-2B	Arg-2B						BioSample: SAMN36701295; Arg-2B Fera June 2023; SRA: SRS18410247	Zea mays	Argentina:Fe	2016		"{""collection_date"":[""2016""],""geo_loc_name"":[""Argentina:Fe""],""host"":[""Zea mays""],""pathovar"":[""vasculorum""],""sample_type"":[""Cell culture""],""strain"":[""Arg-2B""]}"	.cache/ncbi/v2_1/efetch_1b498ff9cf4aef2a85f0314900fc62d1d3f65eb2bcd006a8a4429dae1aa9188f.xml	https://www.ncbi.nlm.nih.gov/biosample/SAMN36701295	ok	
e5b0fc4d3f32091700a2	NCPPB 4710	historical_v1_recheck	direct_accession_recheck	SAMN36357995	36357995	SAMN36357995	Xanthomonas vasicola	56459	Arg-2B	Arg-2B						BioSample: SAMN36357995; Arg-2B	Zea mays	Argentina:Santa F	not collected		"{""collection_date"":[""not collected""],""geo_loc_name"":[""Argentina:Santa F""],""host"":[""Zea mays""],""sample_type"":[""Cell culture""],""strain"":[""Arg-2B""]}"	.cache/ncbi/v2_1/efetch_1b498ff9cf4aef2a85f0314900fc62d1d3f65eb2bcd006a8a4429dae1aa9188f.xml	https://www.ncbi.nlm.nih.gov/biosample/SAMN36357995	ok	
31b6b20f05f3a52c498d	NCPPB 4710	historical_v1_recheck	direct_accession_recheck	SAMN08773711	8773711	SAMN08773711	Xanthomonas vasicola pv. vasculorum	325776	Microbe sample from Xanthomonas vasicola pv. vasculorum	Arg-2B						BioSample: SAMN08773711; Arg-2B	corn	Argentina	2016-05		"{""collection_date"":[""2016-05""],""geo_loc_name"":[""Argentina""],""host"":[""corn""],""pathovar"":[""vasculorum""],""sample_type"":[""tissue sample""],""strain"":[""Arg-2B""]}"	.cache/ncbi/v2_1/efetch_1b498ff9cf4aef2a85f0314900fc62d1d3f65eb2bcd006a8a4429dae1aa9188f.xml	https://www.ncbi.nlm.nih.gov/biosample/SAMN08773711	ok	
b860254d0e11f5014966	NCPPB 4712	historical_v1_recheck	direct_accession_recheck	SAMN36701296	36701296	SAMN36701296	Xanthomonas vasicola pv. vasculorum	325776	Genome sequencing of Xanthomonas vasicola Arg-6B	Arg-6B						BioSample: SAMN36701296; Arg-6B Fera June 2023; SRA: SRS18410248	Zea mays	Argentina:Cordoba	2016		"{""collection_date"":[""2016""],""geo_loc_name"":[""Argentina:Cordoba""],""host"":[""Zea mays""],""pathovar"":[""vasculorum""],""sample_type"":[""Cell culture""],""strain"":[""Arg-6B""]}"	.cache/ncbi/v2_1/efetch_1b498ff9cf4aef2a85f0314900fc62d1d3f65eb2bcd006a8a4429dae1aa9188f.xml	https://www.ncbi.nlm.nih.gov/biosample/SAMN36701296	ok	
6cedae04ecfa0e97be3d	NCPPB 4712	historical_v1_recheck	direct_accession_recheck	SAMN36357998	36357998	SAMN36357998	Xanthomonas vasicola	56459	Arg-6B	Arg-6B						BioSample: SAMN36357998; Arg-6B	Zea mays	Argentina:Crdoba	not collected		"{""collection_date"":[""not collected""],""geo_loc_name"":[""Argentina:Crdoba""],""host"":[""Zea mays""],""sample_type"":[""Cell culture""],""strain"":[""Arg-6B""]}"	.cache/ncbi/v2_1/efetch_1b498ff9cf4aef2a85f0314900fc62d1d3f65eb2bcd006a8a4429dae1aa9188f.xml	https://www.ncbi.nlm.nih.gov/biosample/SAMN36357998	ok	
e217e423162f3f8a936f	NCPPB 4712	historical_v1_recheck	direct_accession_recheck	SAMN08773805	8773805	SAMN08773805	Xanthomonas vasicola pv. vasculorum	325776	Microbe sample from Xanthomonas vasicola pv. vasculorum	Arg-6B						BioSample: SAMN08773805; Arg-6B	corn	Argentina	2016-05		"{""collection_date"":[""2016-05""],""geo_loc_name"":[""Argentina""],""host"":[""corn""],""pathovar"":[""vasculorum""],""sample_type"":[""tissue sample""],""strain"":[""Arg-6B""]}"	.cache/ncbi/v2_1/efetch_1b498ff9cf4aef2a85f0314900fc62d1d3f65eb2bcd006a8a4429dae1aa9188f.xml	https://www.ncbi.nlm.nih.gov/biosample/SAMN08773805	ok	
bd142a1008f18c382ef4	NCPPB 4714	historical_v1_recheck	direct_accession_recheck	SAMN36357997	36357997	SAMN36357997	Xanthomonas vasicola	56459	Arg-4B	Arg-4B						BioSample: SAMN36357997; Arg-4B; SRA: SRS18217083	Zea mays	Argentina:San Luis	not collected		"{""collection_date"":[""not collected""],""geo_loc_name"":[""Argentina:San Luis""],""host"":[""Zea mays""],""sample_type"":[""Cell culture""],""strain"":[""Arg-4B""]}"	.cache/ncbi/v2_1/efetch_1b498ff9cf4aef2a85f0314900fc62d1d3f65eb2bcd006a8a4429dae1aa9188f.xml	https://www.ncbi.nlm.nih.gov/biosample/SAMN36357997	ok	
