comparison	ncppb_number	record_status	field	change_class	old_value	new_value
v2_v3	NCPPB 182	changed	current_name	value_changed	Xanthomonas sp. (Cobb 1893) Vauterin et al. 1995	Xanthomonas vasicola pv. vasculorum (Cobb 1893) Vauterin et al. 1995
v2_v3	NCPPB 182	changed	alternative_names	v3_value_expanded	Xanthomonas campestris pv. vasculorum (Cobb 1893) Dye 1978	Xanthomonas campestris pv. vasculorum (Cobb 1893) Dye 1978, Xanthomonas axonopodis pv. vasculorum (Cobb 1893) Vauterin et al. 1995
v1_v3	NCPPB 182	changed	current_name	value_changed	Xanthomonas sp. (Cobb 1893) Vauterin et al. 1995	Xanthomonas vasicola pv. vasculorum (Cobb 1893) Vauterin et al. 1995
v1_v3	NCPPB 182	changed	alternative_names	v3_value_expanded	Xanthomonas campestris pv. vasculorum (Cobb 1893) Dye 1978	Xanthomonas campestris pv. vasculorum (Cobb 1893) Dye 1978, Xanthomonas axonopodis pv. vasculorum (Cobb 1893) Vauterin et al. 1995
v2_v3	NCPPB 186	changed	alternative_names	probable_v3_truncation	Xanthomonas campestris pv. vasculorum (Cobb 1893) Dye 1978 Xanthomonas thysanolaenae	Xanthomonas campestris pv. vasculorum (Cobb 1893) Dye 1978
v1_v3	NCPPB 186	changed	alternative_names	probable_v3_truncation	Xanthomonas campestris pv. vasculorum (Cobb 1893) Dye 1978 Xanthomonas thysanolaenae	Xanthomonas campestris pv. vasculorum (Cobb 1893) Dye 1978
v2_v3	NCPPB 195	changed	alternative_names	value_added		Xanthomonas campestris pv. vesicatoria (Doidge 1920) Dye 1978
v1_v3	NCPPB 195	changed	alternative_names	value_added		Xanthomonas campestris pv. vesicatoria (Doidge 1920) Dye 1978
v2_v3	NCPPB 200	changed	alternative_names	v3_value_expanded	Xanthomonas campestris pv. malvacearum (Smith 1901) Dye 1978	Xanthomonas campestris pv. malvacearum (Smith 1901) Dye 1978, Xanthomonas axonopodis pv. malvacearum (Smith 1901) Vauterin et al. 1995 Xanthomonas citri subsp. malvacearum (Smith 1901) Schaad et al. 2007
v1_v3	NCPPB 200	changed	alternative_names	v3_value_expanded	Xanthomonas campestris pv. malvacearum (Smith 1901) Dye 1978	Xanthomonas campestris pv. malvacearum (Smith 1901) Dye 1978, Xanthomonas axonopodis pv. malvacearum (Smith 1901) Vauterin et al. 1995 Xanthomonas citri subsp. malvacearum (Smith 1901) Schaad et al. 2007
v2_v3	NCPPB 206	changed	alternative_names	value_changed	Xanthomonas campestris pv. vasculorum (Cobb 1893) Dye 1978 Xanthomonas vasicola	Xanthomonas campestris pv. vasculorum (Cobb 1894) Dye 1978, Xanthomonas axonopodis pv. vasculorum (Cobb 1894) Vauterin et al. 1995, Xanthomonas vasicola pv. vasculorum (Cobb 1894) Vauterin et al. 1995 (Invalid name)
v1_v3	NCPPB 206	changed	alternative_names	value_changed	Xanthomonas campestris pv. vasculorum (Cobb 1893) Dye 1978 Xanthomonas vasicola	Xanthomonas campestris pv. vasculorum (Cobb 1894) Dye 1978, Xanthomonas axonopodis pv. vasculorum (Cobb 1894) Vauterin et al. 1995, Xanthomonas vasicola pv. vasculorum (Cobb 1894) Vauterin et al. 1995 (Invalid name)
v2_v3	NCPPB 210	changed	alternative_names	v3_value_expanded	Xanthomonas campestris pv. malvacearum (Smith 1901) Dye 1978	Xanthomonas campestris pv. malvacearum (Smith 1901) Dye 1978, Xanthomonas axonopodis pv. malvacearum (Smith 1901) Vauterin et al. 1995, Xanthomonas citri subsp. malvacearum (Smith 1901) Schaad et al. 2007
v1_v3	NCPPB 210	changed	alternative_names	v3_value_expanded	Xanthomonas campestris pv. malvacearum (Smith 1901) Dye 1978	Xanthomonas campestris pv. malvacearum (Smith 1901) Dye 1978, Xanthomonas axonopodis pv. malvacearum (Smith 1901) Vauterin et al. 1995, Xanthomonas citri subsp. malvacearum (Smith 1901) Schaad et al. 2007
v2_v3	NCPPB 211	changed	alternative_names	v3_value_expanded	Xanthomonas campestris pv. citri (Hasse 1915) Dye 1979	Xanthomonas campestris pv. citri (Hasse 1915) Dye 1979, Xanthomonas axonopodis pv. citri (Hasse 1915) Vauterin et al. 1995, Xanthomonas citri subsp. citri (Hasse 1915) Gabriel et al. 1989
v1_v3	NCPPB 211	changed	alternative_names	v3_value_expanded	Xanthomonas campestris pv. citri (Hasse 1915) Dye 1979	Xanthomonas campestris pv. citri (Hasse 1915) Dye 1979, Xanthomonas axonopodis pv. citri (Hasse 1915) Vauterin et al. 1995, Xanthomonas citri subsp. citri (Hasse 1915) Gabriel et al. 1989
v2_v3	NCPPB 212	changed	alternative_names	value_added		Xanthomonas campestris pv. mangiferaeindicae (Patel et al. 1948) Robbs, Ribeiro & Kimura 1974, Xanthomonas axonopodis pv. mangiferaeindicae (Patel et al. 1948) Ah-You et al. 2007
v1_v3	NCPPB 212	changed	alternative_names	value_added		Xanthomonas campestris pv. mangiferaeindicae (Patel et al. 1948) Robbs, Ribeiro & Kimura 1974, Xanthomonas axonopodis pv. mangiferaeindicae (Patel et al. 1948) Ah-You et al. 2007
v2_v3	NCPPB 220	changed	alternative_names	v3_value_expanded	Xanthomonas campestris pv. phaseoli (Smith 1897) Dye 1978	Xanthomonas campestris pv. phaseoli (Smith 1897) Dye 1978, Xanthomonas axonopodis pv. phaseoli (Smith 1897) Vauterin et al.1995
v1_v3	NCPPB 220	changed	alternative_names	v3_value_expanded	Xanthomonas campestris pv. phaseoli (Smith 1897) Dye 1978	Xanthomonas campestris pv. phaseoli (Smith 1897) Dye 1978, Xanthomonas axonopodis pv. phaseoli (Smith 1897) Vauterin et al.1995
v2_v3	NCPPB 225	added	__record__	added		
v1_v3	NCPPB 225	added	__record__	added		
v2_v3	NCPPB 226	changed	alternative_names	v3_value_expanded	Xanthomonas campestris pv. citri (Hasse 1915) Dye 1979	Xanthomonas campestris pv. citri (Hasse 1915) Dye 1979, Xanthomonas axonopodis pv. citri (Hasse 1915) Vauterin et al. 1995, Xanthomonas citri subsp. citri (Hasse 1915) Gabriel et al. 1989
v1_v3	NCPPB 226	changed	alternative_names	v3_value_expanded	Xanthomonas campestris pv. citri (Hasse 1915) Dye 1979	Xanthomonas campestris pv. citri (Hasse 1915) Dye 1979, Xanthomonas axonopodis pv. citri (Hasse 1915) Vauterin et al. 1995, Xanthomonas citri subsp. citri (Hasse 1915) Gabriel et al. 1989
v2_v3	NCPPB 232	changed	alternative_names	v3_contains_old_value	Xanthomonas campestris pv. vitians (Brown 1918) Dye 1978	Xanthomonas axonopodis pv. vitians (Brown 1918) Vauterin et al. 1995; Xanthomonas campestris pv. vitians (Brown 1918) Dye 1978
v1_v3	NCPPB 232	changed	alternative_names	v3_contains_old_value	Xanthomonas campestris pv. vitians (Brown 1918) Dye 1978	Xanthomonas axonopodis pv. vitians (Brown 1918) Vauterin et al. 1995; Xanthomonas campestris pv. vitians (Brown 1918) Dye 1978
v2_v3	NCPPB 243	changed	alternative_names	value_added		Xanthomonas campestris pv. uppalii (Patel 1948) Dye 1978
v1_v3	NCPPB 243	changed	alternative_names	value_added		Xanthomonas campestris pv. uppalii (Patel 1948) Dye 1978
v2_v3	NCPPB 245	added	__record__	added		
v1_v3	NCPPB 245	added	__record__	added		
v2_v3	NCPPB 272	added	__record__	added		
v1_v3	NCPPB 272	added	__record__	added		
v2_v3	NCPPB 293	changed	alternative_names	v3_value_expanded	Xanthomonas campestris pv. malvacearum (Smith 1901) Dye 1978	Xanthomonas campestris pv. malvacearum (Smith 1901) Dye 1978, Xanthomonas axonopodis pv. malvacearum (Smith 1901) Vauterin et al. 1995, Xanthomonas citri subsp. malvacearum (Smith 1901) Schaad et al. 2007
v1_v3	NCPPB 293	changed	alternative_names	v3_value_expanded	Xanthomonas campestris pv. malvacearum (Smith 1901) Dye 1978	Xanthomonas campestris pv. malvacearum (Smith 1901) Dye 1978, Xanthomonas axonopodis pv. malvacearum (Smith 1901) Vauterin et al. 1995, Xanthomonas citri subsp. malvacearum (Smith 1901) Schaad et al. 2007
v2_v3	NCPPB 301	changed	alternative_names	v3_value_expanded	Xanthomonas campestris pv. phaseoli (Smith 1897) Dye 1978	Xanthomonas campestris pv. phaseoli (Smith 1897) Dye 1978, Xanthomonas axonopodis pv. phaseoli (Smith 1897) Vauterin et al.1995
v1_v3	NCPPB 301	changed	alternative_names	v3_value_expanded	Xanthomonas campestris pv. phaseoli (Smith 1897) Dye 1978	Xanthomonas campestris pv. phaseoli (Smith 1897) Dye 1978, Xanthomonas axonopodis pv. phaseoli (Smith 1897) Vauterin et al.1995
v2_v3	NCPPB 302	changed	alternative_names	v3_value_expanded	Xanthomonas campestris pv. phaseoli (Smith 1897) Dye 1978	Xanthomonas campestris pv. phaseoli (Smith 1897) Dye 1978, Xanthomonas axonopodis pv. phaseoli (Smith 1897) Vauterin et al.1995
v1_v3	NCPPB 302	changed	alternative_names	v3_value_expanded	Xanthomonas campestris pv. phaseoli (Smith 1897) Dye 1978	Xanthomonas campestris pv. phaseoli (Smith 1897) Dye 1978, Xanthomonas axonopodis pv. phaseoli (Smith 1897) Vauterin et al.1995
v2_v3	NCPPB 315	changed	alternative_names	v3_value_expanded	Xanthomonas campestris pv. malvacearum (Smith 1901) Dye 1978	Xanthomonas campestris pv. malvacearum (Smith 1901) Dye 1978, Xanthomonas axonopodis pv. malvacearum (Smith 1901) Vauterin et al. 1995, Xanthomonas citri subsp. malvacearum (Smith 1901) Schaad et al. 2007
v1_v3	NCPPB 315	changed	alternative_names	v3_value_expanded	Xanthomonas campestris pv. malvacearum (Smith 1901) Dye 1978	Xanthomonas campestris pv. malvacearum (Smith 1901) Dye 1978, Xanthomonas axonopodis pv. malvacearum (Smith 1901) Vauterin et al. 1995, Xanthomonas citri subsp. malvacearum (Smith 1901) Schaad et al. 2007
v2_v3	NCPPB 348	changed	alternative_names	v3_value_expanded	Xanthomonas campestris pv. manihotis (Berthet & Bondar 1915) Dye 1978	Xanthomonas campestris pv. manihotis (Berthet & Bondar 1915) Dye 1978, Xanthomonas axonopodis pv. manihotis (Bondar 1912) Vauterin et al. 1995
v1_v3	NCPPB 348	changed	alternative_names	v3_value_expanded	Xanthomonas campestris pv. manihotis (Berthet & Bondar 1915) Dye 1978	Xanthomonas campestris pv. manihotis (Berthet & Bondar 1915) Dye 1978, Xanthomonas axonopodis pv. manihotis (Bondar 1912) Vauterin et al. 1995
v1_v2	NCPPB 381	changed	alternative_names	value_changed	Xanthomonas campestris pv. phaseoli (Smith 1897) Dye 1978 Xanthomonas axonopodis pv. phaseoli (Smith 1897) Vauterin et al.1995	Xanthomonas axonopodis pv. phaseoli (Smith 1897) Vauterin et al.1995 Xanthomonas campestris pv. phaseoli (Smith 1897) Dye 1978
v2_v3	NCPPB 381	changed	alternative_names	v3_value_expanded	Xanthomonas axonopodis pv. phaseoli (Smith 1897) Vauterin et al.1995 Xanthomonas campestris pv. phaseoli (Smith 1897) Dye 1978	Xanthomonas axonopodis pv. phaseoli (Smith 1897) Vauterin et al.1995, Xanthomonas campestris pv. phaseoli (Smith 1897) Dye 1978, Xanthomonas fuscans subsp. fuscans Schaad et al. 2007
v1_v3	NCPPB 381	changed	alternative_names	value_changed	Xanthomonas campestris pv. phaseoli (Smith 1897) Dye 1978 Xanthomonas axonopodis pv. phaseoli (Smith 1897) Vauterin et al.1995	Xanthomonas axonopodis pv. phaseoli (Smith 1897) Vauterin et al.1995, Xanthomonas campestris pv. phaseoli (Smith 1897) Dye 1978, Xanthomonas fuscans subsp. fuscans Schaad et al. 2007
v2_v3	NCPPB 405	changed	alternative_names	v3_value_expanded	Xanthomonas campestris pv. citri (Hasse 1915) Dye 1979	Xanthomonas campestris pv. citri (Hasse 1915) Dye 1979, Xanthomonas axonopodis pv. citri (Hasse 1915) Vauterin et al. 1995, Xanthomonas citri subsp. citri (Hasse 1915) Gabriel et al. 1989
v1_v3	NCPPB 405	changed	alternative_names	v3_value_expanded	Xanthomonas campestris pv. citri (Hasse 1915) Dye 1979	Xanthomonas campestris pv. citri (Hasse 1915) Dye 1979, Xanthomonas axonopodis pv. citri (Hasse 1915) Vauterin et al. 1995, Xanthomonas citri subsp. citri (Hasse 1915) Gabriel et al. 1989
v2_v3	NCPPB 406	changed	alternative_names	v3_value_expanded	Xanthomonas campestris pv. citri (Hasse 1915) Dye 1979	Xanthomonas campestris pv. citri (Hasse 1915) Dye 1979, Xanthomonas axonopodis pv. citri (Hasse 1915) Vauterin et al. 1995, Xanthomonas citri subsp. citri (Hasse 1915) Gabriel et al. 1989
v1_v3	NCPPB 406	changed	alternative_names	v3_value_expanded	Xanthomonas campestris pv. citri (Hasse 1915) Dye 1979	Xanthomonas campestris pv. citri (Hasse 1915) Dye 1979, Xanthomonas axonopodis pv. citri (Hasse 1915) Vauterin et al. 1995, Xanthomonas citri subsp. citri (Hasse 1915) Gabriel et al. 1989
v2_v3	NCPPB 407	changed	alternative_names	v3_value_expanded	Xanthomonas campestris pv. citri (Hasse 1915) Dye 1979	Xanthomonas campestris pv. citri (Hasse 1915) Dye 1979, Xanthomonas axonopodis pv. citri (Hasse 1915) Vauterin et al. 1995, Xanthomonas citri subsp. citri (Hasse 1915) Gabriel et al. 1989
v1_v3	NCPPB 407	changed	alternative_names	v3_value_expanded	Xanthomonas campestris pv. citri (Hasse 1915) Dye 1979	Xanthomonas campestris pv. citri (Hasse 1915) Dye 1979, Xanthomonas axonopodis pv. citri (Hasse 1915) Vauterin et al. 1995, Xanthomonas citri subsp. citri (Hasse 1915) Gabriel et al. 1989
v2_v3	NCPPB 408	changed	alternative_names	v3_value_expanded	Xanthomonas campestris pv. citri (Hasse 1915) Dye 1979	Xanthomonas campestris pv. citri (Hasse 1915) Dye 1979, Xanthomonas axonopodis pv. citri (Hasse 1915) Vauterin et al. 1995, Xanthomonas citri subsp. citri (Hasse 1915) Gabriel et al. 1989
v1_v3	NCPPB 408	changed	alternative_names	v3_value_expanded	Xanthomonas campestris pv. citri (Hasse 1915) Dye 1979	Xanthomonas campestris pv. citri (Hasse 1915) Dye 1979, Xanthomonas axonopodis pv. citri (Hasse 1915) Vauterin et al. 1995, Xanthomonas citri subsp. citri (Hasse 1915) Gabriel et al. 1989
v2_v3	NCPPB 409	changed	alternative_names	v3_value_expanded	Xanthomonas campestris pv. citri (Hasse 1915) Dye 1979	Xanthomonas campestris pv. citri (Hasse 1915) Dye 1979, Xanthomonas axonopodis pv. citri (Hasse 1915)
v1_v3	NCPPB 409	changed	alternative_names	v3_value_expanded	Xanthomonas campestris pv. citri (Hasse 1915) Dye 1979	Xanthomonas campestris pv. citri (Hasse 1915) Dye 1979, Xanthomonas axonopodis pv. citri (Hasse 1915)
v2_v3	NCPPB 410	changed	alternative_names	v3_value_expanded	Xanthomonas campestris pv. citri (Hasse 1915) Dye 1979	Xanthomonas campestris pv. citri (Hasse 1915) Dye 1979, Xanthomonas axonopodis pv. citri (Hasse 1915) Vauterin et al. 1995, Xanthomonas citri subsp. citri (Hasse 1915) Gabriel et al. 1989
v1_v3	NCPPB 410	changed	alternative_names	v3_value_expanded	Xanthomonas campestris pv. citri (Hasse 1915) Dye 1979	Xanthomonas campestris pv. citri (Hasse 1915) Dye 1979, Xanthomonas axonopodis pv. citri (Hasse 1915) Vauterin et al. 1995, Xanthomonas citri subsp. citri (Hasse 1915) Gabriel et al. 1989
v2_v3	NCPPB 449	added	__record__	added		
v1_v3	NCPPB 449	added	__record__	added		
v2_v3	NCPPB 457	changed	alternative_names	value_added		Xanthomonas axonopodis pv. axonopodis Starr & Garces 1950
v1_v3	NCPPB 457	changed	alternative_names	value_added		Xanthomonas axonopodis pv. axonopodis Starr & Garces 1950
v2_v3	NCPPB 466	changed	alternative_names	v3_value_expanded	Xanthomonas campestris pv. punicae (Hingorani & Singh 1959) Dye 1978	Xanthomonas campestris pv. punicae (Hingorani & Singh 1959) Dye 1978, Xanthomonas axonopodis pv. punicae (Hingorani & Singh 1959) Vauterin et al. 1995
v1_v3	NCPPB 466	changed	alternative_names	v3_value_expanded	Xanthomonas campestris pv. punicae (Hingorani & Singh 1959) Dye 1978	Xanthomonas campestris pv. punicae (Hingorani & Singh 1959) Dye 1978, Xanthomonas axonopodis pv. punicae (Hingorani & Singh 1959) Vauterin et al. 1995
v2_v3	NCPPB 473	changed	alternative_names	v3_value_expanded	Xanthomonas campestris pv. punicae (Hingorani & Singh 1959) Dye 1978	Xanthomonas campestris pv. punicae (Hingorani & Singh 1959) Dye 1978, Xanthomonas axonopodis pv. punicae (Hingorani & Singh 1959) Vauterin et al. 1995
v1_v3	NCPPB 473	changed	alternative_names	v3_value_expanded	Xanthomonas campestris pv. punicae (Hingorani & Singh 1959) Dye 1978	Xanthomonas campestris pv. punicae (Hingorani & Singh 1959) Dye 1978, Xanthomonas axonopodis pv. punicae (Hingorani & Singh 1959) Vauterin et al. 1995
v2_v3	NCPPB 476	changed	alternative_names	value_added		Xanthomonas campestris pv. vesicatoria (Doidge 1920) Dye 1978
v1_v3	NCPPB 476	changed	alternative_names	value_added		Xanthomonas campestris pv. vesicatoria (Doidge 1920) Dye 1978
v2_v3	NCPPB 477	changed	alternative_names	value_added		Xanthomonas campestris pv. trichodesmae (Patel et al.1952) Dye 1978
v1_v3	NCPPB 477	changed	alternative_names	value_added		Xanthomonas campestris pv. trichodesmae (Patel et al.1952) Dye 1978
v2_v3	NCPPB 480	changed	alternative_names	v3_value_expanded	Xanthomonas campestris pv. alfalfae (Riker et al. 1935) Dye 1978	Xanthomonas campestris pv. alfalfae (Riker et al. 1935) Dye 1978, Xanthomonas axonopodis pv. alfalfae (Riker et al. 1935) Vauterin et al. 1995, Xanthomonas alfalfae subsp. alfalfae (ex Riker et al. 1935) Schaad et al. 2007
v1_v3	NCPPB 480	changed	alternative_names	v3_value_expanded	Xanthomonas campestris pv. alfalfae (Riker et al. 1935) Dye 1978	Xanthomonas campestris pv. alfalfae (Riker et al. 1935) Dye 1978, Xanthomonas axonopodis pv. alfalfae (Riker et al. 1935) Vauterin et al. 1995, Xanthomonas alfalfae subsp. alfalfae (ex Riker et al. 1935) Schaad et al. 2007
v2_v3	NCPPB 490	changed	alternative_names	value_added		Xanthomonas campestris pv. mangiferaeindicae (Patel et al. 1948) Robbs, Ribeiro & Kimura 1974, Xanthomonas axonopodis pv. mangiferaeindicae (Patel et al. 1948) Ah-You et al. 2007
v1_v3	NCPPB 490	changed	alternative_names	value_added		Xanthomonas campestris pv. mangiferaeindicae (Patel et al. 1948) Robbs, Ribeiro & Kimura 1974, Xanthomonas axonopodis pv. mangiferaeindicae (Patel et al. 1948) Ah-You et al. 2007
v2_v3	NCPPB 554	changed	alternative_names	v3_value_expanded	Xanthomonas campestris pv. glycines (Nakano 1919) Dye 1978	Xanthomonas campestris pv. glycines (Nakano 1919) Dye 1978, Xanthomonas axonopodis pv. glycines (Nakano 1919) Vauterin et al. 1995
v1_v3	NCPPB 554	changed	alternative_names	v3_value_expanded	Xanthomonas campestris pv. glycines (Nakano 1919) Dye 1978	Xanthomonas campestris pv. glycines (Nakano 1919) Dye 1978, Xanthomonas axonopodis pv. glycines (Nakano 1919) Vauterin et al. 1995
v2_v3	NCPPB 555	changed	alternative_names	v3_value_expanded	Xanthomonas campestris pv. vignicola (Burkholder 1944) Dye 1978	Xanthomonas campestris pv. vignicola (Burkholder 1944) Dye 1978, Xanthomonas axonopodis pv. vignicola (Burkholder 1944) Vauterin et al.1995
v1_v3	NCPPB 555	changed	alternative_names	v3_value_expanded	Xanthomonas campestris pv. vignicola (Burkholder 1944) Dye 1978	Xanthomonas campestris pv. vignicola (Burkholder 1944) Dye 1978, Xanthomonas axonopodis pv. vignicola (Burkholder 1944) Vauterin et al.1995
v2_v3	NCPPB 556	changed	alternative_names	v3_contains_old_value	Xanthomonas campestris pv. phaseoli (Smith 1897) Dye 1978	Xanthomonas axonopodis pv. phaseoli (Smith 1897) Vauterin et al.1995, Xanthomonas campestris pv. phaseoli (Smith 1897) Dye 1978
v1_v3	NCPPB 556	changed	alternative_names	v3_contains_old_value	Xanthomonas campestris pv. phaseoli (Smith 1897) Dye 1978	Xanthomonas axonopodis pv. phaseoli (Smith 1897) Vauterin et al.1995, Xanthomonas campestris pv. phaseoli (Smith 1897) Dye 1978
v2_v3	NCPPB 557	changed	alternative_names	v3_contains_old_value	Xanthomonas campestris pv. phaseoli (Smith 1897) Dye 1978	Xanthomonas axonopodis pv. phaseoli (Smith 1897) Vauterin et al.1995, Xanthomonas campestris pv. phaseoli (Smith 1897) Dye 1978
v1_v3	NCPPB 557	changed	alternative_names	v3_contains_old_value	Xanthomonas campestris pv. phaseoli (Smith 1897) Dye 1978	Xanthomonas axonopodis pv. phaseoli (Smith 1897) Vauterin et al.1995, Xanthomonas campestris pv. phaseoli (Smith 1897) Dye 1978
v2_v3	NCPPB 575	changed	alternative_names	value_added		Xanthomonas campestris pv. clerodendri (Patel et al. 1952) Dye 1978
v1_v3	NCPPB 575	changed	alternative_names	value_added		Xanthomonas campestris pv. clerodendri (Patel et al. 1952) Dye 1978
v2_v3	NCPPB 577	changed	alternative_names	value_changed	Xanthomonas campestris pv. desmodiigangetici ( Patel & Moniz 1948) Dye 1978	Xanthomonas camp. pv. desmodiigangetici ( Patel & Moniz 1948) Dye 1978
v1_v3	NCPPB 577	changed	alternative_names	value_changed	Xanthomonas campestris pv. desmodiigangetici ( Patel & Moniz 1948) Dye 1978	Xanthomonas camp. pv. desmodiigangetici ( Patel & Moniz 1948) Dye 1978
v2_v3	NCPPB 578	changed	alternative_names	v3_value_expanded	Xanthomonas campestris pv. erythrinae (Patel et al. 1952) Dye 1978	Xanthomonas campestris pv. erythrinae (Patel et al. 1952) Dye 1978, Xanthomonas axonopodis pv. erythrinae (Patel et al. 1952) Vauterin et al. 1995
v1_v3	NCPPB 578	changed	alternative_names	v3_value_expanded	Xanthomonas campestris pv. erythrinae (Patel et al. 1952) Dye 1978	Xanthomonas campestris pv. erythrinae (Patel et al. 1952) Dye 1978, Xanthomonas axonopodis pv. erythrinae (Patel et al. 1952) Vauterin et al. 1995
v2_v3	NCPPB 579	changed	alternative_names	value_added		Xanthomonas campestris pv. lawsoniae (Patel et al. 1951) Dye 1978
v1_v3	NCPPB 579	changed	alternative_names	value_added		Xanthomonas campestris pv. lawsoniae (Patel et al. 1951) Dye 1978
v2_v3	NCPPB 582	changed	alternative_names	v3_value_expanded	Xanthomonas campestris pv. sesbaniae (Patel et al. 1952) Dye 1978	Xanthomonas campestris pv. sesbaniae (Patel et al. 1952) Dye 1978, Xanthomonas axonopodis pv. sesbaniae (Patel et al. 1952) Vauterin et al. 1995
v1_v3	NCPPB 582	changed	alternative_names	v3_value_expanded	Xanthomonas campestris pv. sesbaniae (Patel et al. 1952) Dye 1978	Xanthomonas campestris pv. sesbaniae (Patel et al. 1952) Dye 1978, Xanthomonas axonopodis pv. sesbaniae (Patel et al. 1952) Vauterin et al. 1995
v2_v3	NCPPB 583	added	__record__	added		
v1_v3	NCPPB 583	added	__record__	added		
v2_v3	NCPPB 585	changed	alternative_names	value_added		Xanthomonas campestris pv. trichodesmae (Patel et al.1952) Dye 1978
v1_v3	NCPPB 585	changed	alternative_names	value_added		Xanthomonas campestris pv. trichodesmae (Patel et al.1952) Dye 1978
v2_v3	NCPPB 586	changed	alternative_names	value_added		Xanthomonas campestris pv. uppalii (Patel 1948) Dye 1978
v1_v3	NCPPB 586	changed	alternative_names	value_added		Xanthomonas campestris pv. uppalii (Patel 1948) Dye 1978
v2_v3	NCPPB 614	changed	alternative_names	v3_value_expanded	Xanthomonas campestris pv. malvacearum (Smith 1901) Dye 1978	Xanthomonas campestris pv. malvacearum (Smith 1901) Dye 1978, Xanthomonas axonopodis pv. malvacearum (Smith 1901) Vauterin et al. 1995, Xanthomonas citri subsp. malvacearum (Smith 1901) Schaad et al. 2007
v1_v3	NCPPB 614	changed	alternative_names	v3_value_expanded	Xanthomonas campestris pv. malvacearum (Smith 1901) Dye 1978	Xanthomonas campestris pv. malvacearum (Smith 1901) Dye 1978, Xanthomonas axonopodis pv. malvacearum (Smith 1901) Vauterin et al. 1995, Xanthomonas citri subsp. malvacearum (Smith 1901) Schaad et al. 2007
v2_v3	NCPPB 631	changed	alternative_names	value_added		Xanthomonas campestris pv. sesami (Sabet & Dowson 1960) Dye 1978
v1_v3	NCPPB 631	changed	alternative_names	value_added		Xanthomonas campestris pv. sesami (Sabet & Dowson 1960) Dye 1978
v2_v3	NCPPB 633	changed	alternative_names	v3_value_expanded	Xanthomonas campestris pv. malvacearum (Smith 1901) Dye 1978	Xanthomonas campestris pv. malvacearum (Smith 1901) Dye 1978, Xanthomonas axonopodis pv. malvacearum (Smith 1901) Vauterin et al. 1995, Xanthomonas citri subsp. malvacearum (Smith 1901) Schaad et al. 2007
v1_v3	NCPPB 633	changed	alternative_names	v3_value_expanded	Xanthomonas campestris pv. malvacearum (Smith 1901) Dye 1978	Xanthomonas campestris pv. malvacearum (Smith 1901) Dye 1978, Xanthomonas axonopodis pv. malvacearum (Smith 1901) Vauterin et al. 1995, Xanthomonas citri subsp. malvacearum (Smith 1901) Schaad et al. 2007
v2_v3	NCPPB 634	changed	alternative_names	v3_value_expanded	Xanthomonas campestris pv. malvacearum (Smith 1901) Dye 1978	Xanthomonas campestris pv. malvacearum (Smith 1901) Dye 1978, Xanthomonas axonopodis pv. malvacearum (Smith 1901) Vauterin et al. 1995, Xanthomonas citri subsp. malvacearum (Smith 1901) Schaad et al. 2007
v1_v3	NCPPB 634	changed	alternative_names	v3_value_expanded	Xanthomonas campestris pv. malvacearum (Smith 1901) Dye 1978	Xanthomonas campestris pv. malvacearum (Smith 1901) Dye 1978, Xanthomonas axonopodis pv. malvacearum (Smith 1901) Vauterin et al. 1995, Xanthomonas citri subsp. malvacearum (Smith 1901) Schaad et al. 2007
v2_v3	NCPPB 638	changed	alternative_names	v3_value_expanded	Xanthomonas campestris pv. vignicola (Burkholder 1944) Dye 1978	Xanthomonas campestris pv. vignicola (Burkholder 1944) Dye 1978, Xanthomonas axonopodis pv. vignicola (Burkholder 1944) Vauterin et al.1995
v1_v3	NCPPB 638	changed	alternative_names	v3_value_expanded	Xanthomonas campestris pv. vignicola (Burkholder 1944) Dye 1978	Xanthomonas campestris pv. vignicola (Burkholder 1944) Dye 1978, Xanthomonas axonopodis pv. vignicola (Burkholder 1944) Vauterin et al.1995
v2_v3	NCPPB 647	changed	alternative_names	value_added		Xanthomonas campestris pv. sesami (Sabet & Dowson 1960) Dye 1978
v1_v3	NCPPB 647	changed	alternative_names	value_added		Xanthomonas campestris pv. sesami (Sabet & Dowson 1960) Dye 1978
v2_v3	NCPPB 648	changed	alternative_names	v3_value_expanded	Xanthomonas campestris pv. alfalfae (Riker et al. 1935) Dye 1978	Xanthomonas campestris pv. alfalfae (Riker et al. 1935) Dye 1978, Xanthomonas axonopodis pv. alfalfae (Riker et al. 1935) Vauterin et al. 1995, Xanthomonas alfalfae subsp. alfalfae (ex Riker et al. 1935) Schaad et al. 2007
v1_v3	NCPPB 648	changed	alternative_names	v3_value_expanded	Xanthomonas campestris pv. alfalfae (Riker et al. 1935) Dye 1978	Xanthomonas campestris pv. alfalfae (Riker et al. 1935) Dye 1978, Xanthomonas axonopodis pv. alfalfae (Riker et al. 1935) Vauterin et al. 1995, Xanthomonas alfalfae subsp. alfalfae (ex Riker et al. 1935) Schaad et al. 2007
v2_v3	NCPPB 670	changed	alternative_names	v3_contains_old_value	Xanthomonas campestris pv. phaseoli (Smith 1897) Dye 1978	Xanthomonas axonopodis pv. phaseoli (Smith 1897) Vauterin et al.1995, Xanthomonas campestris pv. phaseoli (Smith 1897) Dye 1978, Xanthomonas fuscans subsp. fuscans Schaad et al. 2007
v1_v3	NCPPB 670	changed	alternative_names	v3_contains_old_value	Xanthomonas campestris pv. phaseoli (Smith 1897) Dye 1978	Xanthomonas axonopodis pv. phaseoli (Smith 1897) Vauterin et al.1995, Xanthomonas campestris pv. phaseoli (Smith 1897) Dye 1978, Xanthomonas fuscans subsp. fuscans Schaad et al. 2007
v2_v3	NCPPB 702	changed	alternative_names	value_changed	Xanthomonas campestris pv. vasculorum (Cobb 1893) Dye 1978	Xanthomonas campestris pv. vasculorum (Cobb 1894) Dye 1978, Xanthomonas axonopodis pv. vasculorum (Cobb 1894) Vauterin et al. 1995, Xanthomonas vasicola pv. vasculorum (Cobb 1894) Vauterin et al. 1995 (Invalid name)
v1_v3	NCPPB 702	changed	alternative_names	value_changed	Xanthomonas campestris pv. vasculorum (Cobb 1893) Dye 1978	Xanthomonas campestris pv. vasculorum (Cobb 1894) Dye 1978, Xanthomonas axonopodis pv. vasculorum (Cobb 1894) Vauterin et al. 1995, Xanthomonas vasicola pv. vasculorum (Cobb 1894) Vauterin et al. 1995 (Invalid name)
v2_v3	NCPPB 761	changed	alternative_names	v3_value_expanded	Xanthomonas campestris pv. physalidicola (Goto & Okabe 1958) Dye 1978	Xanthomonas campestris pv. physalidicola (Goto & Okabe 1958) Dye 1978, Xanthomonas axonopodis pv. physalidicola (Goto & Okabe 1958) Vauterin et al. 1995
v2_v3	NCPPB 761	changed	host	probable_v3_truncation	Physalis alkekengii L. (Bladder cherry / Chinese Lantern)	Physalis alkekengii L. (Bladder cherry / Chinese L
v1_v3	NCPPB 761	changed	alternative_names	v3_value_expanded	Xanthomonas campestris pv. physalidicola (Goto & Okabe 1958) Dye 1978	Xanthomonas campestris pv. physalidicola (Goto & Okabe 1958) Dye 1978, Xanthomonas axonopodis pv. physalidicola (Goto & Okabe 1958) Vauterin et al. 1995
v1_v3	NCPPB 761	changed	host	probable_v3_truncation	Physalis alkekengii L. (Bladder cherry / Chinese Lantern)	Physalis alkekengii L. (Bladder cherry / Chinese L
v2_v3	NCPPB 793	changed	alternative_names	value_changed	Xanthomonas campestris pv. oryzae (Ishyama 1922) Dye 1978	Xanthomonas campestris pv. oryzae (Ishiyama 1922) Dye 1978
v1_v3	NCPPB 793	changed	alternative_names	value_changed	Xanthomonas campestris pv. oryzae (Ishyama 1922) Dye 1978	Xanthomonas campestris pv. oryzae (Ishiyama 1922) Dye 1978
v2_v3	NCPPB 795	changed	alternative_names	value_changed	Xanthomonas campestris pv. vasculorum (Cobb 1893) Dye 1978	Xanthomonas campestris pv. vasculorum (Cobb 1894) Dye 1978, Xanthomonas axonopodis pv. vasculorum (Cobb 1894) Vauterin et al. 1995, Xanthomonas vasicola pv. vasculorum (Cobb 1894) Vauterin et al. 1995 (Invalid name)
v1_v3	NCPPB 795	changed	alternative_names	value_changed	Xanthomonas campestris pv. vasculorum (Cobb 1893) Dye 1978	Xanthomonas campestris pv. vasculorum (Cobb 1894) Dye 1978, Xanthomonas axonopodis pv. vasculorum (Cobb 1894) Vauterin et al. 1995, Xanthomonas vasicola pv. vasculorum (Cobb 1894) Vauterin et al. 1995 (Invalid name)
v2_v3	NCPPB 881	changed	alternative_names	value_changed	Xanthomonas gardneri Not yet published	Xanthomonas campestris pv. vesicatoria (Doidge 1920) Dye 1978, Xanthomonas gardneri (ex uti? 1957) Jones et al. 2006
v1_v3	NCPPB 881	changed	alternative_names	value_changed	Xanthomonas gardneri Not yet published	Xanthomonas campestris pv. vesicatoria (Doidge 1920) Dye 1978, Xanthomonas gardneri (ex uti? 1957) Jones et al. 2006
v2_v3	NCPPB 885	changed	alternative_names	value_changed	Xanthomonas campestris pv. desmodiirotundifolii (Desai & Shah 1960) Dye 1978	Xanthomonas camp. pv. desmodiirotundifolii (Desai & Shah 1960) Dye 1978
v1_v3	NCPPB 885	changed	alternative_names	value_changed	Xanthomonas campestris pv. desmodiirotundifolii (Desai & Shah 1960) Dye 1978	Xanthomonas camp. pv. desmodiirotundifolii (Desai & Shah 1960) Dye 1978
v2_v3	NCPPB 888	changed	alternative_names	probable_v3_truncation	Xanthomonas campestris (Pammel 1895) Dowson 1939 emend. Vauterin et al. 1995	Xanthomonas campestris
v1_v3	NCPPB 888	changed	alternative_names	probable_v3_truncation	Xanthomonas campestris (Pammel 1895) Dowson 1939 emend. Vauterin et al. 1995	Xanthomonas campestris
v2_v3	NCPPB 889	changed	alternative_names	value_changed	Xanthomonas campestris pv. vasculorum (Cobb 1893) Dye 1978	Xanthomonas campestris pv. vasculorum (Cobb 1894) Dye 1978, Xanthomonas axonopodis pv. vasculorum (Cobb 1894) Vauterin et al. 1995, Xanthomonas vasicola pv. vasculorum (Cobb 1894) Vauterin et al. 1995 (Invalid name)
v1_v3	NCPPB 889	changed	alternative_names	value_changed	Xanthomonas campestris pv. vasculorum (Cobb 1893) Dye 1978	Xanthomonas campestris pv. vasculorum (Cobb 1894) Dye 1978, Xanthomonas axonopodis pv. vasculorum (Cobb 1894) Vauterin et al. 1995, Xanthomonas vasicola pv. vasculorum (Cobb 1894) Vauterin et al. 1995 (Invalid name)
v2_v3	NCPPB 891	changed	alternative_names	probable_v3_truncation	Xanthomonas campestris pv. vasculorum (Cobb 1893) Dye 1978 Xanthomonas thysanolaenae	Xanthomonas campestris pv. vasculorum (Cobb 1893) Dye 1978
v1_v3	NCPPB 891	changed	alternative_names	probable_v3_truncation	Xanthomonas campestris pv. vasculorum (Cobb 1893) Dye 1978 Xanthomonas thysanolaenae	Xanthomonas campestris pv. vasculorum (Cobb 1893) Dye 1978
v1_v2	NCPPB 892	changed	alternative_names	value_changed	Xanthomonas thysanolaenae Xanthomonas campestris pv. vasculorum (Cobb 1893) Dye 1978	Xanthomonas campestris pv. vasculorum (Cobb 1893) Dye 1978 Xanthomonas thysanolaenae
v2_v3	NCPPB 892	changed	alternative_names	probable_v3_truncation	Xanthomonas campestris pv. vasculorum (Cobb 1893) Dye 1978 Xanthomonas thysanolaenae	Xanthomonas campestris pv. vasculorum (Cobb 1893) Dye 1978
v1_v3	NCPPB 892	changed	alternative_names	value_changed	Xanthomonas thysanolaenae Xanthomonas campestris pv. vasculorum (Cobb 1893) Dye 1978	Xanthomonas campestris pv. vasculorum (Cobb 1893) Dye 1978
v1_v2	NCPPB 893	changed	alternative_names	value_changed	Xanthomonas thysanolaenae Xanthomonas campestris pv. vasculorum (Cobb 1893) Dye 1978	Xanthomonas campestris pv. vasculorum (Cobb 1893) Dye 1978 Xanthomonas thysanolaenae
v2_v3	NCPPB 893	changed	alternative_names	probable_v3_truncation	Xanthomonas campestris pv. vasculorum (Cobb 1893) Dye 1978 Xanthomonas thysanolaenae	Xanthomonas campestris pv. vasculorum (Cobb 1893) Dye 1978
v1_v3	NCPPB 893	changed	alternative_names	value_changed	Xanthomonas thysanolaenae Xanthomonas campestris pv. vasculorum (Cobb 1893) Dye 1978	Xanthomonas campestris pv. vasculorum (Cobb 1893) Dye 1978
v2_v3	NCPPB 895	changed	alternative_names	value_changed	Xanthomonas campestris pv. vasculorum (Cobb 1893) Dye 1978	Xanthomonas campestris pv. vasculorum (Cobb 1894) Dye 1978, Xanthomonas axonopodis pv. vasculorum (Cobb 1894) Vauterin et al. 1995, Xanthomonas vasicola pv. vasculorum (Cobb 1894) Vauterin et al. 1995 (Invalid name)
v1_v3	NCPPB 895	changed	alternative_names	value_changed	Xanthomonas campestris pv. vasculorum (Cobb 1893) Dye 1978	Xanthomonas campestris pv. vasculorum (Cobb 1894) Dye 1978, Xanthomonas axonopodis pv. vasculorum (Cobb 1894) Vauterin et al. 1995, Xanthomonas vasicola pv. vasculorum (Cobb 1894) Vauterin et al. 1995 (Invalid name)
v2_v3	NCPPB 899	changed	alternative_names	probable_v3_truncation	Xanthomonas campestris pv. vasculorum (Cobb 1893) Dye 1978 Xanthomonas axonopodis pv. vasculorum (Cobb 1893) Vauterin et al. 1995 Type D	Xanthomonas campestris pv. vasculorum (Cobb 1893) Dye 1978
v1_v3	NCPPB 899	changed	alternative_names	probable_v3_truncation	Xanthomonas campestris pv. vasculorum (Cobb 1893) Dye 1978 Xanthomonas axonopodis pv. vasculorum (Cobb 1893) Vauterin et al. 1995 Type D	Xanthomonas campestris pv. vasculorum (Cobb 1893) Dye 1978
v1_v2	NCPPB 900	changed	alternative_names	value_changed	Xanthomonas axonopodis pv. vasculorum (Cobb 1893) Vauterin et al. 1995 Type D Xanthomonas campestris pv. vasculorum (Cobb 1893) Dye 1978	Xanthomonas campestris pv. vasculorum (Cobb 1893) Dye 1978 Xanthomonas axonopodis pv. vasculorum (Cobb 1893) Vauterin et al. 1995 Type D
v2_v3	NCPPB 900	changed	alternative_names	probable_v3_truncation	Xanthomonas campestris pv. vasculorum (Cobb 1893) Dye 1978 Xanthomonas axonopodis pv. vasculorum (Cobb 1893) Vauterin et al. 1995 Type D	Xanthomonas campestris pv. vasculorum (Cobb 1893) Dye 1978
v1_v3	NCPPB 900	changed	alternative_names	value_changed	Xanthomonas axonopodis pv. vasculorum (Cobb 1893) Vauterin et al. 1995 Type D Xanthomonas campestris pv. vasculorum (Cobb 1893) Dye 1978	Xanthomonas campestris pv. vasculorum (Cobb 1893) Dye 1978
v2_v3	NCPPB 902	changed	alternative_names	probable_v3_truncation	Xanthomonas campestris (Pammel 1895) Dowson 1939 emend. Vauterin et al. 1995	Xanthomonas campestris
v1_v3	NCPPB 902	changed	alternative_names	probable_v3_truncation	Xanthomonas campestris (Pammel 1895) Dowson 1939 emend. Vauterin et al. 1995	Xanthomonas campestris
v2_v3	NCPPB 916	changed	alternative_names	probable_v3_truncation	Xanthomonas campestris (Pammel 1895) Dowson 1939 emend. Vauterin et al. 1995	Xanthomonas campestris
v1_v3	NCPPB 916	changed	alternative_names	probable_v3_truncation	Xanthomonas campestris (Pammel 1895) Dowson 1939 emend. Vauterin et al. 1995	Xanthomonas campestris
v2_v3	NCPPB 917	changed	alternative_names	probable_v3_truncation	Xanthomonas campestris (Pammel 1895) Dowson 1939 emend. Vauterin et al. 1995	Xanthomonas campestris
v1_v3	NCPPB 917	changed	alternative_names	probable_v3_truncation	Xanthomonas campestris (Pammel 1895) Dowson 1939 emend. Vauterin et al. 1995	Xanthomonas campestris
v2_v3	NCPPB 936	changed	alternative_names	value_added		Xanthomonas campestris pv. vesicatoria (Doidge 1920) Dye 1978
v1_v3	NCPPB 936	changed	alternative_names	value_added		Xanthomonas campestris pv. vesicatoria (Doidge 1920) Dye 1978
v2_v3	NCPPB 941	changed	alternative_names	v3_value_expanded	Xanthomonas campestris pv. vesicatoria (Doidge 1920) Dye 1978	Xanthomonas campestris pv. vesicatoria (Doidge 1920) Dye 1978, Xanthomonas axonopodis pv. vesicatoria Vauterin et al. 1995 (Invalid name), Xanthomonas euvesicatoria Jones et al. 2006
v1_v3	NCPPB 941	changed	alternative_names	v3_value_expanded	Xanthomonas campestris pv. vesicatoria (Doidge 1920) Dye 1978	Xanthomonas campestris pv. vesicatoria (Doidge 1920) Dye 1978, Xanthomonas axonopodis pv. vesicatoria Vauterin et al. 1995 (Invalid name), Xanthomonas euvesicatoria Jones et al. 2006
v2_v3	NCPPB 969	changed	alternative_names	v3_contains_old_value	Xanthomonas campestris pv. vitians (Brown 1918) Dye 1978	Xanthomonas axonopodis pv. vitians (Brown 1918) Vauterin et al. 1995; Xanthomonas campestris pv. vitians (Brown 1918) Dye 1978
v1_v3	NCPPB 969	changed	alternative_names	v3_contains_old_value	Xanthomonas campestris pv. vitians (Brown 1918) Dye 1978	Xanthomonas axonopodis pv. vitians (Brown 1918) Vauterin et al. 1995; Xanthomonas campestris pv. vitians (Brown 1918) Dye 1978
v2_v3	NCPPB 970	changed	alternative_names	v3_contains_old_value	Xanthomonas campestris pv. vitians (Brown 1918) Dye 1978	Xanthomonas axonopodis pv. vitians (Brown 1918) Vauterin et al. 1995; Xanthomonas campestris pv. vitians (Brown 1918) Dye 1978
v1_v3	NCPPB 970	changed	alternative_names	v3_contains_old_value	Xanthomonas campestris pv. vitians (Brown 1918) Dye 1978	Xanthomonas axonopodis pv. vitians (Brown 1918) Vauterin et al. 1995; Xanthomonas campestris pv. vitians (Brown 1918) Dye 1978
v2_v3	NCPPB 971	changed	alternative_names	value_changed	Xanthomonas campestris pv. maculifoliigardeniae (Ark & Barrett 1946) Dye 1978	Xanthomonas camp. pv. maculifoliigardeniae (Ark & Barrett 1946) Dye 1978
v1_v3	NCPPB 971	changed	alternative_names	value_changed	Xanthomonas campestris pv. maculifoliigardeniae (Ark & Barrett 1946) Dye 1978	Xanthomonas camp. pv. maculifoliigardeniae (Ark & Barrett 1946) Dye 1978
v2_v3	NCPPB 972	changed	alternative_names	value_changed	Xanthomonas campestris pv. maculifoliigardeniae (Ark & Barrett 1946) Dye 1978	Xanthomonas camp. pv. maculifoliigardeniae (Ark & Barrett 1946) Dye 1978
v1_v3	NCPPB 972	changed	alternative_names	value_changed	Xanthomonas campestris pv. maculifoliigardeniae (Ark & Barrett 1946) Dye 1978	Xanthomonas camp. pv. maculifoliigardeniae (Ark & Barrett 1946) Dye 1978
v2_v3	NCPPB 975	changed	alternative_names	value_added		Xanthomonas campestris pv. vesicatoria (Doidge 1920) Dye 1978
v1_v3	NCPPB 975	changed	alternative_names	value_added		Xanthomonas campestris pv. vesicatoria (Doidge 1920) Dye 1978
v2_v3	NCPPB 985	changed	alternative_names	v3_value_expanded	Xanthomonas campestris pv. dieffenbachiae (McCulloch & Pirone 1939) Dye 1978	Xanthomonas campestris pv. dieffenbachiae (McCulloch & Pirone 1939) Dye 1978, Xanthomonas axonopodis pv. dieffenbachiae (McCulloch & Pirone 1939) Vauterin et al. 1995
v1_v3	NCPPB 985	changed	alternative_names	v3_value_expanded	Xanthomonas campestris pv. dieffenbachiae (McCulloch & Pirone 1939) Dye 1978	Xanthomonas campestris pv. dieffenbachiae (McCulloch & Pirone 1939) Dye 1978, Xanthomonas axonopodis pv. dieffenbachiae (McCulloch & Pirone 1939) Vauterin et al. 1995
v2_v3	NCPPB 986	changed	alternative_names	v3_value_expanded	Xanthomonas campestris pv. dieffenbachiae (McCulloch & Pirone 1939) Dye 1978	Xanthomonas campestris pv. dieffenbachiae (McCulloch & Pirone 1939) Dye 1978, Xanthomonas axonopodis pv. dieffenbachiae (McCulloch & Pirone 1939) Vauterin et al. 1995
v1_v3	NCPPB 986	changed	alternative_names	v3_value_expanded	Xanthomonas campestris pv. dieffenbachiae (McCulloch & Pirone 1939) Dye 1978	Xanthomonas campestris pv. dieffenbachiae (McCulloch & Pirone 1939) Dye 1978, Xanthomonas axonopodis pv. dieffenbachiae (McCulloch & Pirone 1939) Vauterin et al. 1995
v2_v3	NCPPB 1043	changed	country	value_changed	Papa New Guinea	Papua New Guinea
v1_v3	NCPPB 1043	changed	country	value_changed	Papa New Guinea	Papua New Guinea
v2_v3	NCPPB 1046	changed	alternative_names	probable_v3_truncation	Xanthomonas campestris (Pammel 1895) Dowson 1939 emend. Vauterin et al. 1995	Xanthomonas campestris
v1_v3	NCPPB 1046	changed	alternative_names	probable_v3_truncation	Xanthomonas campestris (Pammel 1895) Dowson 1939 emend. Vauterin et al. 1995	Xanthomonas campestris
v2_v3	NCPPB 1048	changed	alternative_names	v3_value_expanded	Xanthomonas campestris pv. malvacearum (Smith 1901) Dye 1978	Xanthomonas campestris pv. malvacearum (Smith 1901) Dye 1978, Xanthomonas axonopodis pv. malvacearum (Smith 1901) Vauterin et al. 1995, Xanthomonas citri subsp. malvacearum (Smith 1901) Schaad et al. 2007
v1_v3	NCPPB 1048	changed	alternative_names	v3_value_expanded	Xanthomonas campestris pv. malvacearum (Smith 1901) Dye 1978	Xanthomonas campestris pv. malvacearum (Smith 1901) Dye 1978, Xanthomonas axonopodis pv. malvacearum (Smith 1901) Vauterin et al. 1995, Xanthomonas citri subsp. malvacearum (Smith 1901) Schaad et al. 2007
v1_v2	NCPPB 1056	changed	alternative_names	value_changed	Xanthomonas axonopodis pv. phaseoli (Smith 1897) Vauterin et al.1995 Xanthomonas campestris pv. phaseoli (Smith 1897) Dye 1978	Xanthomonas campestris pv. phaseoli (Smith 1897) Dye 1978 Xanthomonas axonopodis pv. phaseoli (Smith 1897) Vauterin et al.1995
v2_v3	NCPPB 1056	changed	alternative_names	value_changed	Xanthomonas campestris pv. phaseoli (Smith 1897) Dye 1978 Xanthomonas axonopodis pv. phaseoli (Smith 1897) Vauterin et al.1995	Xanthomonas axonopodis pv. phaseoli (Smith 1897) Vauterin et al.1995, Xanthomonas campestris pv. phaseoli (Smith 1897) Dye 1978, Xanthomonas fuscans subsp. fuscans Schaad et al. 2007
v1_v3	NCPPB 1056	changed	alternative_names	v3_value_expanded	Xanthomonas axonopodis pv. phaseoli (Smith 1897) Vauterin et al.1995 Xanthomonas campestris pv. phaseoli (Smith 1897) Dye 1978	Xanthomonas axonopodis pv. phaseoli (Smith 1897) Vauterin et al.1995, Xanthomonas campestris pv. phaseoli (Smith 1897) Dye 1978, Xanthomonas fuscans subsp. fuscans Schaad et al. 2007
v2_v3	NCPPB 1058	changed	alternative_names	v3_contains_old_value	Xanthomonas campestris pv. phaseoli (Smith 1897) Dye 1978	Xanthomonas axonopodis pv. phaseoli (Smith 1897) Vauterin et al.1995, Xanthomonas campestris pv. phaseoli (Smith 1897) Dye 1978, Xanthomonas fuscans subsp. fuscans Schaad et al. 2007
v1_v3	NCPPB 1058	changed	alternative_names	v3_contains_old_value	Xanthomonas campestris pv. phaseoli (Smith 1897) Dye 1978	Xanthomonas axonopodis pv. phaseoli (Smith 1897) Vauterin et al.1995, Xanthomonas campestris pv. phaseoli (Smith 1897) Dye 1978, Xanthomonas fuscans subsp. fuscans Schaad et al. 2007
v2_v3	NCPPB 1062	changed	current_name	value_changed	Xanthomonas sp. Dowson 1939	Xanthomonas euvesicatoria Jones et al. 2006
v2_v3	NCPPB 1062	changed	alternative_names	probable_v3_truncation	Xanthomonas campestris (Pammel 1895) Dowson 1939 emend. Vauterin et al. 1995	Xanthomonas campestris
v1_v3	NCPPB 1062	changed	current_name	value_changed	Xanthomonas sp. Dowson 1939	Xanthomonas euvesicatoria Jones et al. 2006
v1_v3	NCPPB 1062	changed	alternative_names	probable_v3_truncation	Xanthomonas campestris (Pammel 1895) Dowson 1939 emend. Vauterin et al. 1995	Xanthomonas campestris
v2_v3	NCPPB 1067	changed	alternative_names	probable_v3_truncation	Xanthomonas campestris (Pammel 1895) Dowson 1939 emend. Vauterin et al. 1995	Xanthomonas campestris
v1_v3	NCPPB 1067	changed	alternative_names	probable_v3_truncation	Xanthomonas campestris (Pammel 1895) Dowson 1939 emend. Vauterin et al. 1995	Xanthomonas campestris
v2_v3	NCPPB 1068	changed	alternative_names	probable_v3_truncation	Xanthomonas campestris (Pammel 1895) Dowson 1939 emend. Vauterin et al. 1995	Xanthomonas campestris
v1_v3	NCPPB 1068	changed	alternative_names	probable_v3_truncation	Xanthomonas campestris (Pammel 1895) Dowson 1939 emend. Vauterin et al. 1995	Xanthomonas campestris
v2_v3	NCPPB 1117	changed	alternative_names	probable_v3_truncation	Xanthomonas campestris (Pammel 1895) Dowson 1939 emend. Vauterin et al. 1995	Xanthomonas campestris
v1_v3	NCPPB 1117	changed	alternative_names	probable_v3_truncation	Xanthomonas campestris (Pammel 1895) Dowson 1939 emend. Vauterin et al. 1995	Xanthomonas campestris
v1_v2	NCPPB 1124	changed	name_as_received	formatting_only	X. phaseoli f.sp . sojense	X. phaseoli f.sp. sojense
v2_v3	NCPPB 1124	changed	alternative_names	v3_value_expanded	Xanthomonas campestris pv. glycines (Nakano 1919) Dye 1978	Xanthomonas campestris pv. glycines (Nakano 1919) Dye 1978, Xanthomonas axonopodis pv. glycines (Nakano 1919) Vauterin et al. 1995
v1_v3	NCPPB 1124	changed	name_as_received	formatting_only	X. phaseoli f.sp . sojense	X. phaseoli f.sp. sojense
v1_v3	NCPPB 1124	changed	alternative_names	v3_value_expanded	Xanthomonas campestris pv. glycines (Nakano 1919) Dye 1978	Xanthomonas campestris pv. glycines (Nakano 1919) Dye 1978, Xanthomonas axonopodis pv. glycines (Nakano 1919) Vauterin et al. 1995
v2_v3	NCPPB 1131	changed	alternative_names	probable_v3_truncation	Xanthomonas campestris (Pammel 1895) Dowson 1939 emend. Vauterin et al. 1995	Xanthomonas campestris
v1_v3	NCPPB 1131	changed	alternative_names	probable_v3_truncation	Xanthomonas campestris (Pammel 1895) Dowson 1939 emend. Vauterin et al. 1995	Xanthomonas campestris
v2_v3	NCPPB 1132	changed	alternative_names	probable_v3_truncation	Xanthomonas campestris (Pammel 1895) Dowson 1939 emend. Vauterin et al. 1995	Xanthomonas campestris
v1_v3	NCPPB 1132	changed	alternative_names	probable_v3_truncation	Xanthomonas campestris (Pammel 1895) Dowson 1939 emend. Vauterin et al. 1995	Xanthomonas campestris
v1_v2	NCPPB 1135	changed	name_as_received	formatting_only	X. phaseoli f.sp . sojense	X. phaseoli f.sp. sojense
v2_v3	NCPPB 1135	changed	alternative_names	v3_value_expanded	Xanthomonas campestris pv. glycines (Nakano 1919) Dye 1978	Xanthomonas campestris pv. glycines (Nakano 1919) Dye 1978, Xanthomonas axonopodis pv. glycines (Nakano 1919) Vauterin et al. 1995
v1_v3	NCPPB 1135	changed	name_as_received	formatting_only	X. phaseoli f.sp . sojense	X. phaseoli f.sp. sojense
v1_v3	NCPPB 1135	changed	alternative_names	v3_value_expanded	Xanthomonas campestris pv. glycines (Nakano 1919) Dye 1978	Xanthomonas campestris pv. glycines (Nakano 1919) Dye 1978, Xanthomonas axonopodis pv. glycines (Nakano 1919) Vauterin et al. 1995
v1_v2	NCPPB 1136	changed	name_as_received	formatting_only	X. phaseoli f.sp . sojense	X. phaseoli f.sp. sojense
v2_v3	NCPPB 1136	changed	alternative_names	v3_value_expanded	Xanthomonas campestris pv. glycines (Nakano 1919) Dye 1978	Xanthomonas campestris pv. glycines (Nakano 1919) Dye 1978, Xanthomonas axonopodis pv. glycines (Nakano 1919) Vauterin et al. 1995
v1_v3	NCPPB 1136	changed	name_as_received	formatting_only	X. phaseoli f.sp . sojense	X. phaseoli f.sp. sojense
v1_v3	NCPPB 1136	changed	alternative_names	v3_value_expanded	Xanthomonas campestris pv. glycines (Nakano 1919) Dye 1978	Xanthomonas campestris pv. glycines (Nakano 1919) Dye 1978, Xanthomonas axonopodis pv. glycines (Nakano 1919) Vauterin et al. 1995
v2_v3	NCPPB 1138	changed	alternative_names	v3_value_expanded	Xanthomonas campestris pv. phaseoli (Smith 1897) Dye 1978	Xanthomonas campestris pv. phaseoli (Smith 1897) Dye 1978, Xanthomonas axonopodis pv. phaseoli (Smith 1897) Vauterin et al.1995
v1_v3	NCPPB 1138	changed	alternative_names	v3_value_expanded	Xanthomonas campestris pv. phaseoli (Smith 1897) Dye 1978	Xanthomonas campestris pv. phaseoli (Smith 1897) Dye 1978, Xanthomonas axonopodis pv. phaseoli (Smith 1897) Vauterin et al.1995
v1_v2	NCPPB 1141	changed	name_as_received	formatting_only	X. phaseoli f.sp . sojense	X. phaseoli f.sp. sojense
v2_v3	NCPPB 1141	changed	alternative_names	v3_value_expanded	Xanthomonas campestris pv. glycines (Nakano 1919) Dye 1978	Xanthomonas campestris pv. glycines (Nakano 1919) Dye 1978, Xanthomonas axonopodis pv. glycines (Nakano 1919) Vauterin et al. 1995
v1_v3	NCPPB 1141	changed	name_as_received	formatting_only	X. phaseoli f.sp . sojense	X. phaseoli f.sp. sojense
v1_v3	NCPPB 1141	changed	alternative_names	v3_value_expanded	Xanthomonas campestris pv. glycines (Nakano 1919) Dye 1978	Xanthomonas campestris pv. glycines (Nakano 1919) Dye 1978, Xanthomonas axonopodis pv. glycines (Nakano 1919) Vauterin et al. 1995
v2_v3	NCPPB 1150	changed	alternative_names	value_changed	Xanthomonas campestris pv. oryzicola (Ishyama 1922) Dye 1978	Xanthomonas campestris pv. oryzae (Ishyama 1922) Dye 1978
v1_v3	NCPPB 1150	changed	alternative_names	value_changed	Xanthomonas campestris pv. oryzicola (Ishyama 1922) Dye 1978	Xanthomonas campestris pv. oryzae (Ishyama 1922) Dye 1978
v2_v3	NCPPB 1152	changed	alternative_names	value_changed	Xanthomonas campestris pv. oryzae (Ishyama 1922) Dye 1978	Xanthomonas campestris pv. oryzae (Ishiyama 1922) Dye 1978
v1_v3	NCPPB 1152	changed	alternative_names	value_changed	Xanthomonas campestris pv. oryzae (Ishyama 1922) Dye 1978	Xanthomonas campestris pv. oryzae (Ishiyama 1922) Dye 1978
v2_v3	NCPPB 1153	changed	alternative_names	value_changed	Xanthomonas campestris pv. oryzae (Ishyama 1922) Dye 1978	Xanthomonas campestris pv. oryzae (Ishiyama 1922) Dye 1978
v1_v3	NCPPB 1153	changed	alternative_names	value_changed	Xanthomonas campestris pv. oryzae (Ishyama 1922) Dye 1978	Xanthomonas campestris pv. oryzae (Ishiyama 1922) Dye 1978
v2_v3	NCPPB 1154	changed	alternative_names	value_changed	Xanthomonas campestris pv. oryzae (Ishyama 1922) Dye 1978	Xanthomonas campestris pv. oryzae (Ishiyama 1922) Dye 1978
v1_v3	NCPPB 1154	changed	alternative_names	value_changed	Xanthomonas campestris pv. oryzae (Ishyama 1922) Dye 1978	Xanthomonas campestris pv. oryzae (Ishiyama 1922) Dye 1978
v2_v3	NCPPB 1158	changed	alternative_names	value_changed	Xanthomonas campestris pv. phaseoli (Smith 1897) Dye 1978 Xanthomonas axonopodis pv. phaseoli (Smith 1897) Vauterin et al.1995	Xanthomonas axonopodis pv. phaseoli (Smith 1897) Vauterin et al.1995, Xanthomonas campestris pv. phaseoli (Smith 1897) Dye 1978, Xanthomonas fuscans subsp. fuscans Schaad et al. 2007
v1_v3	NCPPB 1158	changed	alternative_names	value_changed	Xanthomonas campestris pv. phaseoli (Smith 1897) Dye 1978 Xanthomonas axonopodis pv. phaseoli (Smith 1897) Vauterin et al.1995	Xanthomonas axonopodis pv. phaseoli (Smith 1897) Vauterin et al.1995, Xanthomonas campestris pv. phaseoli (Smith 1897) Dye 1978, Xanthomonas fuscans subsp. fuscans Schaad et al. 2007
v2_v3	NCPPB 1159	changed	alternative_names	v3_value_expanded	Xanthomonas campestris pv. manihotis (Berthet & Bondar 1915) Dye 1978	Xanthomonas campestris pv. manihotis (Berthet & Bondar 1915) Dye 1978, Xanthomonas axonopodis pv. manihotis (Bondar 1912) Vauterin et al. 1995
v1_v3	NCPPB 1159	changed	alternative_names	v3_value_expanded	Xanthomonas campestris pv. manihotis (Berthet & Bondar 1915) Dye 1978	Xanthomonas campestris pv. manihotis (Berthet & Bondar 1915) Dye 1978, Xanthomonas axonopodis pv. manihotis (Bondar 1912) Vauterin et al. 1995
v2_v3	NCPPB 1160	changed	alternative_names	v3_value_expanded	Xanthomonas campestris pv. manihotis (Berthet & Bondar 1915) Dye 1978	Xanthomonas campestris pv. manihotis (Berthet & Bondar 1915) Dye 1978, Xanthomonas axonopodis pv. manihotis (Bondar 1912) Vauterin et al. 1995
v1_v3	NCPPB 1160	changed	alternative_names	v3_value_expanded	Xanthomonas campestris pv. manihotis (Berthet & Bondar 1915) Dye 1978	Xanthomonas campestris pv. manihotis (Berthet & Bondar 1915) Dye 1978, Xanthomonas axonopodis pv. manihotis (Bondar 1912) Vauterin et al. 1995
v2_v3	NCPPB 1161	changed	alternative_names	v3_value_expanded	Xanthomonas campestris pv. manihotis (Berthet & Bondar 1915) Dye 1978	Xanthomonas campestris pv. manihotis (Berthet & Bondar 1915) Dye 1978, Xanthomonas axonopodis pv. manihotis (Bondar 1912) Vauterin et al. 1995
v1_v3	NCPPB 1161	changed	alternative_names	v3_value_expanded	Xanthomonas campestris pv. manihotis (Berthet & Bondar 1915) Dye 1978	Xanthomonas campestris pv. manihotis (Berthet & Bondar 1915) Dye 1978, Xanthomonas axonopodis pv. manihotis (Bondar 1912) Vauterin et al. 1995
v2_v3	NCPPB 1235	changed	alternative_names	formatting_only	Xanthomonas campestris pv. ricini (Yoshi & Takimoto 1928) Dye 1978	Xanthomonas campestris pv. ricini (Yoshi & T akimoto 1928) Dye 1978
v1_v3	NCPPB 1235	changed	alternative_names	formatting_only	Xanthomonas campestris pv. ricini (Yoshi & Takimoto 1928) Dye 1978	Xanthomonas campestris pv. ricini (Yoshi & T akimoto 1928) Dye 1978
v2_v3	NCPPB 1325	changed	alternative_names	probable_v3_truncation	Xanthomonas campestris (Pammel 1895) Dowson 1939 emend. Vauterin et al. 1995	Xanthomonas campestris
v1_v3	NCPPB 1325	changed	alternative_names	probable_v3_truncation	Xanthomonas campestris (Pammel 1895) Dowson 1939 emend. Vauterin et al. 1995	Xanthomonas campestris
v2_v3	NCPPB 1326	changed	alternative_names	value_changed	Xanthomonas campestris pv. vasculorum (Cobb 1893) Dye 1978	Xanthomonas campestris pv. vasculorum (Cobb 1894) Dye 1978, Xanthomonas axonopodis pv. vasculorum (Cobb 1894) Vauterin et al. 1995, Xanthomonas vasicola pv. vasculorum (Cobb 1894) Vauterin et al. 1995 (Invalid name)
v1_v3	NCPPB 1326	changed	alternative_names	value_changed	Xanthomonas campestris pv. vasculorum (Cobb 1893) Dye 1978	Xanthomonas campestris pv. vasculorum (Cobb 1894) Dye 1978, Xanthomonas axonopodis pv. vasculorum (Cobb 1894) Vauterin et al. 1995, Xanthomonas vasicola pv. vasculorum (Cobb 1894) Vauterin et al. 1995 (Invalid name)
v2_v3	NCPPB 1332	changed	alternative_names	value_added		Xanthomonas campestris pv. vesicatoria (Doidge 1920) Dye 1978
v1_v3	NCPPB 1332	changed	alternative_names	value_added		Xanthomonas campestris pv. vesicatoria (Doidge 1920) Dye 1978
v2_v3	NCPPB 1334	changed	alternative_names	value_added		Xanthomonas campestris pv. ionidii (Padhya & Patel 1963) Dye 1978
v1_v3	NCPPB 1334	changed	alternative_names	value_added		Xanthomonas campestris pv. ionidii (Padhya & Patel 1963) Dye 1978
v2_v3	NCPPB 1336	changed	alternative_names	value_added		Xanthomonas campestris pv. alangii (Padhya & Patel 1962) Dye 1978
v1_v3	NCPPB 1336	changed	alternative_names	value_added		Xanthomonas campestris pv. alangii (Padhya & Patel 1962) Dye 1978
v2_v3	NCPPB 1337	changed	alternative_names	value_added		Xanthomonas axonopodis pv. nakataecorchorii (Padhya & Patel 1963) Dye 1978
v1_v3	NCPPB 1337	changed	alternative_names	value_added		Xanthomonas axonopodis pv. nakataecorchorii (Padhya & Patel 1963) Dye 1978
v2_v3	NCPPB 1381	changed	alternative_names	value_changed	Xanthomonas campestris pv. vasculorum (Cobb 1893) Dye 1978	Xanthomonas campestris pv. vasculorum (Cobb 1894) Dye 1978, Xanthomonas axonopodis pv. vasculorum (Cobb 1894) Vauterin et al. 1995, Xanthomonas vasicola pv. vasculorum (Cobb 1894) Vauterin et al. 1995 (Invalid name)
v1_v3	NCPPB 1381	changed	alternative_names	value_changed	Xanthomonas campestris pv. vasculorum (Cobb 1893) Dye 1978	Xanthomonas campestris pv. vasculorum (Cobb 1894) Dye 1978, Xanthomonas axonopodis pv. vasculorum (Cobb 1894) Vauterin et al. 1995, Xanthomonas vasicola pv. vasculorum (Cobb 1894) Vauterin et al. 1995 (Invalid name)
v2_v3	NCPPB 1393	changed	alternative_names	value_added		Xanthomonas campestris pv. sesami (Sabet & Dowson 1960) Dye 1978
v1_v3	NCPPB 1393	changed	alternative_names	value_added		Xanthomonas campestris pv. sesami (Sabet & Dowson 1960) Dye 1978
v2_v3	NCPPB 1394	changed	alternative_names	probable_v3_truncation	Xanthomonas campestris (Pammel 1895) Dowson 1939 emend. Vauterin et al. 1995	Xanthomonas campestris
v1_v3	NCPPB 1394	changed	alternative_names	probable_v3_truncation	Xanthomonas campestris (Pammel 1895) Dowson 1939 emend. Vauterin et al. 1995	Xanthomonas campestris
v2_v3	NCPPB 1395	changed	alternative_names	probable_v3_truncation	Xanthomonas campestris (Pammel 1895) Dowson 1939 emend. Vauterin et al. 1995	Xanthomonas campestris
v1_v3	NCPPB 1395	changed	alternative_names	probable_v3_truncation	Xanthomonas campestris (Pammel 1895) Dowson 1939 emend. Vauterin et al. 1995	Xanthomonas campestris
v2_v3	NCPPB 1396	changed	alternative_names	probable_v3_truncation	Xanthomonas campestris (Pammel 1895) Dowson 1939 emend. Vauterin et al. 1995	Xanthomonas campestris
v1_v3	NCPPB 1396	changed	alternative_names	probable_v3_truncation	Xanthomonas campestris (Pammel 1895) Dowson 1939 emend. Vauterin et al. 1995	Xanthomonas campestris
v2_v3	NCPPB 1402	changed	alternative_names	value_changed	Xanthomonas campestris pv. phaseoli (Smith 1897) Dye 1978 Xanthomonas axonopodis pv. phaseoli (Smith 1897) Vauterin et al.1995	Xanthomonas axonopodis pv. phaseoli (Smith 1897) Vauterin et al.1995, Xanthomonas campestris pv. phaseoli (Smith 1897) Dye 1978, Xanthomonas fuscans subsp. fuscans Schaad et al. 2007
v1_v3	NCPPB 1402	changed	alternative_names	value_changed	Xanthomonas campestris pv. phaseoli (Smith 1897) Dye 1978 Xanthomonas axonopodis pv. phaseoli (Smith 1897) Vauterin et al.1995	Xanthomonas axonopodis pv. phaseoli (Smith 1897) Vauterin et al.1995, Xanthomonas campestris pv. phaseoli (Smith 1897) Dye 1978, Xanthomonas fuscans subsp. fuscans Schaad et al. 2007
v2_v3	NCPPB 1420	changed	alternative_names	v3_value_expanded	Xanthomonas campestris pv. phaseoli (Smith 1897) Dye 1978	Xanthomonas campestris pv. phaseoli (Smith 1897) Dye 1978, Xanthomonas axonopodis pv. phaseoli (Smith 1897) Vauterin et al.1995
v1_v3	NCPPB 1420	changed	alternative_names	v3_value_expanded	Xanthomonas campestris pv. phaseoli (Smith 1897) Dye 1978	Xanthomonas campestris pv. phaseoli (Smith 1897) Dye 1978, Xanthomonas axonopodis pv. phaseoli (Smith 1897) Vauterin et al.1995
v2_v3	NCPPB 1421	changed	alternative_names	value_added		Xanthomonas campestris pv. vesicatoria (Doidge 1920) Dye 1978
v1_v3	NCPPB 1421	changed	alternative_names	value_added		Xanthomonas campestris pv. vesicatoria (Doidge 1920) Dye 1978
v2_v3	NCPPB 1433	changed	alternative_names	v3_value_expanded	Xanthomonas axonopodis pv. phaseoli (Smith 1897) Vauterin et al.1995 Xanthomonas campestris pv. phaseoli (Smith 1897) Dye 1978	Xanthomonas axonopodis pv. phaseoli (Smith 1897) Vauterin et al.1995, Xanthomonas campestris pv. phaseoli (Smith 1897) Dye 1978, Xanthomonas fuscans subsp. fuscans Schaad et al. 2007
v1_v3	NCPPB 1433	changed	alternative_names	v3_value_expanded	Xanthomonas axonopodis pv. phaseoli (Smith 1897) Vauterin et al.1995 Xanthomonas campestris pv. phaseoli (Smith 1897) Dye 1978	Xanthomonas axonopodis pv. phaseoli (Smith 1897) Vauterin et al.1995, Xanthomonas campestris pv. phaseoli (Smith 1897) Dye 1978, Xanthomonas fuscans subsp. fuscans Schaad et al. 2007
v2_v3	NCPPB 1438	changed	alternative_names	v3_value_expanded	Xanthomonas campestris pv. vesicatoria (Doidge 1920) Dye 1978	Xanthomonas campestris pv. vesicatoria (Doidge 1920) Dye 1978, Xanthomonas axonopodis pv. vesicatoria Vauterin et al. 1995 (Invalid name)
v1_v3	NCPPB 1438	changed	alternative_names	v3_value_expanded	Xanthomonas campestris pv. vesicatoria (Doidge 1920) Dye 1978	Xanthomonas campestris pv. vesicatoria (Doidge 1920) Dye 1978, Xanthomonas axonopodis pv. vesicatoria Vauterin et al. 1995 (Invalid name)
v2_v3	NCPPB 1439	changed	alternative_names	v3_contains_old_value	Xanthomonas campestris pv. phaseoli (Smith 1897) Dye 1978	Xanthomonas axonopodis pv. phaseoli (Smith 1897) Vauterin et al.1995, Xanthomonas campestris pv. phaseoli (Smith 1897) Dye 1978, Xanthomonas fuscans subsp. fuscans Schaad et al. 2007
v1_v3	NCPPB 1439	changed	alternative_names	v3_contains_old_value	Xanthomonas campestris pv. phaseoli (Smith 1897) Dye 1978	Xanthomonas axonopodis pv. phaseoli (Smith 1897) Vauterin et al.1995, Xanthomonas campestris pv. phaseoli (Smith 1897) Dye 1978, Xanthomonas fuscans subsp. fuscans Schaad et al. 2007
v2_v3	NCPPB 1452	changed	alternative_names	value_added		Xanthomonas campestris pv. thirumalacharii (Padhya & Patel 1964) Dye 1978
v1_v3	NCPPB 1452	changed	alternative_names	value_added		Xanthomonas campestris pv. thirumalacharii (Padhya & Patel 1964) Dye 1978
v2_v3	NCPPB 1453	changed	alternative_names	value_added		Xanthomonas campestris pv. spermacoces (Srinivasan & Patel 1956) Dye 1978
v1_v3	NCPPB 1453	changed	alternative_names	value_added		Xanthomonas campestris pv. spermacoces (Srinivasan & Patel 1956) Dye 1978
v2_v3	NCPPB 1454	changed	alternative_names	value_added		Xanthomonas campestris pv. tribuli (Srinivasan and Patel 1956) Dye 1978
v1_v3	NCPPB 1454	changed	alternative_names	value_added		Xanthomonas campestris pv. tribuli (Srinivasan and Patel 1956) Dye 1978
v2_v3	NCPPB 1457	changed	alternative_names	value_added		Xanthomonas campestris pv. coriandri (Srinivasan et al. 1961) Dye 1978
v1_v3	NCPPB 1457	changed	alternative_names	value_added		Xanthomonas campestris pv. coriandri (Srinivasan et al. 1961) Dye 1978
v2_v3	NCPPB 1471	changed	alternative_names	v3_value_expanded	Xanthomonas campestris pv. citri (Hasse 1915) Dye 1979	Xanthomonas campestris pv. citri (Hasse 1915) Dye 1979, Xanthomonas axonopodis pv. citri (Hasse 1915) Vauterin et al. 1995, Xanthomonas citri subsp. citri (Hasse 1915) Gabriel et al. 1989
v1_v3	NCPPB 1471	changed	alternative_names	v3_value_expanded	Xanthomonas campestris pv. citri (Hasse 1915) Dye 1979	Xanthomonas campestris pv. citri (Hasse 1915) Dye 1979, Xanthomonas axonopodis pv. citri (Hasse 1915) Vauterin et al. 1995, Xanthomonas citri subsp. citri (Hasse 1915) Gabriel et al. 1989
v2_v3	NCPPB 1472	changed	alternative_names	v3_value_expanded	Xanthomonas campestris pv. citri (Hasse 1915) Dye 1979	Xanthomonas campestris pv. citri (Hasse 1915) Dye 1979, Xanthomonas axonopodis pv. citri (Hasse 1915) Vauterin et al. 1995, Xanthomonas citri subsp. citri (Hasse 1915) Gabriel et al. 1989
v1_v3	NCPPB 1472	changed	alternative_names	v3_value_expanded	Xanthomonas campestris pv. citri (Hasse 1915) Dye 1979	Xanthomonas campestris pv. citri (Hasse 1915) Dye 1979, Xanthomonas axonopodis pv. citri (Hasse 1915) Vauterin et al. 1995, Xanthomonas citri subsp. citri (Hasse 1915) Gabriel et al. 1989
v1_v2	NCPPB 1475	changed	name_as_received	formatting_only	Xanthomonas phaseoli f.sp . cassiae	Xanthomonas phaseoli f.sp. cassiae
v1_v3	NCPPB 1475	changed	name_as_received	formatting_only	Xanthomonas phaseoli f.sp . cassiae	Xanthomonas phaseoli f.sp. cassiae
v2_v3	NCPPB 1482	changed	alternative_names	v3_value_expanded	Xanthomonas campestris pv. malvacearum (Smith 1901) Dye 1978	Xanthomonas campestris pv. malvacearum (Smith 1901) Dye 1978, Xanthomonas axonopodis pv. malvacearum (Smith 1901) Vauterin et al. 1995, Xanthomonas citri subsp. malvacearum (Smith 1901) Schaad et al. 2007
v1_v3	NCPPB 1482	changed	alternative_names	v3_value_expanded	Xanthomonas campestris pv. malvacearum (Smith 1901) Dye 1978	Xanthomonas campestris pv. malvacearum (Smith 1901) Dye 1978, Xanthomonas axonopodis pv. malvacearum (Smith 1901) Vauterin et al. 1995, Xanthomonas citri subsp. malvacearum (Smith 1901) Schaad et al. 2007
v1_v2	NCPPB 1495	changed	alternative_names	value_changed	Xanthomonas campestris pv. phaseoli (Smith 1897) Dye 1978 Xanthomonas axonopodis pv. phaseoli (Smith 1897) Vauterin et al.1995	Xanthomonas axonopodis pv. phaseoli (Smith 1897) Vauterin et al.1995 Xanthomonas campestris pv. phaseoli (Smith 1897) Dye 1978
v2_v3	NCPPB 1495	changed	alternative_names	v3_value_expanded	Xanthomonas axonopodis pv. phaseoli (Smith 1897) Vauterin et al.1995 Xanthomonas campestris pv. phaseoli (Smith 1897) Dye 1978	Xanthomonas axonopodis pv. phaseoli (Smith 1897) Vauterin et al.1995, Xanthomonas campestris pv. phaseoli (Smith 1897) Dye 1978, Xanthomonas fuscans subsp. fuscans Schaad et al. 2007
v1_v3	NCPPB 1495	changed	alternative_names	value_changed	Xanthomonas campestris pv. phaseoli (Smith 1897) Dye 1978 Xanthomonas axonopodis pv. phaseoli (Smith 1897) Vauterin et al.1995	Xanthomonas axonopodis pv. phaseoli (Smith 1897) Vauterin et al.1995, Xanthomonas campestris pv. phaseoli (Smith 1897) Dye 1978, Xanthomonas fuscans subsp. fuscans Schaad et al. 2007
v2_v3	NCPPB 1560	changed	current_name	value_changed	Xanthomonas sp. Dowson 1939	Xanthomonas dyei Young et al. 2010
v2_v3	NCPPB 1560	changed	alternative_names	probable_v3_truncation	Xanthomonas campestris (Pammel 1895) Dowson 1939 emend. Vauterin et al. 1995	Xanthomonas campestris
v1_v3	NCPPB 1560	changed	current_name	value_changed	Xanthomonas sp. Dowson 1939	Xanthomonas dyei Young et al. 2010
v1_v3	NCPPB 1560	changed	alternative_names	probable_v3_truncation	Xanthomonas campestris (Pammel 1895) Dowson 1939 emend. Vauterin et al. 1995	Xanthomonas campestris
v1_v3	NCPPB 1560	changed	notes	probable_v3_truncation	Partial gene sequencing of gyrB (Parkinson 2009) places this organism in a clade with Xanthomonas dyei strains. Pathovar unspecified. Fatty acid profile typical of Xanthomonas. X. campestris pv. lobeliae. Close to X. hortorum pv.hederae	Partial gene sequencing of gyrB (Parkinson 2009) places this organism in a clade with Xanthomonas dyei strains. Pathovar unspecified.
v2_v3	NCPPB 1562	added	__record__	added		
v1_v3	NCPPB 1562	added	__record__	added		
v2_v3	NCPPB 1568	changed	alternative_names	value_added		Xanthomonas jasminii Rangaswami & Eswaran 1961
v1_v3	NCPPB 1568	changed	alternative_names	value_added		Xanthomonas jasminii Rangaswami & Eswaran 1961
v2_v3	NCPPB 1593	changed	alternative_names	value_added		Xanthomonas campestris pv. argemones (Srinivasan et al. 1961) Dye 1978
v1_v3	NCPPB 1593	changed	alternative_names	value_added		Xanthomonas campestris pv. argemones (Srinivasan et al. 1961) Dye 1978
v2_v3	NCPPB 1594	changed	alternative_names	value_added		Xanthomonas axonopodis pv. nakataecorchorii (Padhya & Patel 1963) Dye 1978
v1_v3	NCPPB 1594	changed	alternative_names	value_added		Xanthomonas axonopodis pv. nakataecorchorii (Padhya & Patel 1963) Dye 1978
v2_v3	NCPPB 1595	changed	alternative_names	value_added		Xanthomonas campestris pv. physalidis (Srinivasan et al. 1962) Dye 1978
v1_v3	NCPPB 1595	changed	alternative_names	value_added		Xanthomonas campestris pv. physalidis (Srinivasan et al. 1962) Dye 1978
v2_v3	NCPPB 1596	changed	alternative_names	value_added		Xanthomonas campestris pv. spermacoces (Srinivasan & Patel 1956) Dye 1978
v1_v3	NCPPB 1596	changed	alternative_names	value_added		Xanthomonas campestris pv. spermacoces (Srinivasan & Patel 1956) Dye 1978
v2_v3	NCPPB 1612	changed	alternative_names	value_changed	Xanthomonas campestris pv. boerhaaviae (Mathur, Swarup and Sinha 1964) Bradbury 1978	Xanthomonas campestris pv. blepharidis (Srinivasan & Patel 1956) Dye 1978
v1_v3	NCPPB 1612	changed	alternative_names	value_changed	Xanthomonas campestris pv. boerhaaviae (Mathur, Swarup and Sinha 1964) Bradbury 1978	Xanthomonas campestris pv. blepharidis (Srinivasan & Patel 1956) Dye 1978
v2_v3	NCPPB 1616	changed	alternative_names	value_added		Xanthomonas campestris pv. vesicatoria (Doidge 1920) Dye 1978
v1_v3	NCPPB 1616	changed	alternative_names	value_added		Xanthomonas campestris pv. vesicatoria (Doidge 1920) Dye 1978
v2_v3	NCPPB 1628	changed	alternative_names	value_added		Xanthomonas campestris pv. alangii (Padhya & Patel 1962) Dye 1978
v1_v3	NCPPB 1628	changed	alternative_names	value_added		Xanthomonas campestris pv. alangii (Padhya & Patel 1962) Dye 1978
v2_v3	NCPPB 1633	changed	alternative_names	v3_value_expanded	Xanthomonas campestris pv. vignicola (Burkholder 1944) Dye 1978	Xanthomonas campestris pv. vignicola (Burkholder 1944) Dye 1978, Xanthomonas axonopodis pv. vignicola (Burkholder 1944) Vauterin et al.1995
v1_v3	NCPPB 1633	changed	alternative_names	v3_value_expanded	Xanthomonas campestris pv. vignicola (Burkholder 1944) Dye 1978	Xanthomonas campestris pv. vignicola (Burkholder 1944) Dye 1978, Xanthomonas axonopodis pv. vignicola (Burkholder 1944) Vauterin et al.1995
v2_v3	NCPPB 1638	changed	current_name	value_changed	Xanthomonas sp. Dowson 1939	Xanthomonas cucurbitae Dowson 1939
v2_v3	NCPPB 1638	changed	alternative_names	probable_v3_truncation	Xanthomonas campestris (Pammel 1895) Dowson 1939 emend. Vauterin et al. 1995	Xanthomonas campestris
v1_v3	NCPPB 1638	changed	current_name	value_changed	Xanthomonas sp. Dowson 1939	Xanthomonas cucurbitae Dowson 1939
v1_v3	NCPPB 1638	changed	alternative_names	probable_v3_truncation	Xanthomonas campestris (Pammel 1895) Dowson 1939 emend. Vauterin et al. 1995	Xanthomonas campestris
v1_v3	NCPPB 1638	changed	notes	value_changed	Partial gene sequencing of gyrB is identical to X. cucurbitae (Parkinson et al. 2009). Pathovar unspecified. Fatty acid profile typical of Xanthomonas.	Partial gene sequencing of gyrB is identical to X. cucurbitae (Parkinson et al. 2009). Fatty acid profile typical of Xanthomonas.
v2_v3	NCPPB 1646	changed	alternative_names	v3_value_expanded	Xanthomonas campestris pv. phaseoli (Smith 1897) Dye 1978	Xanthomonas campestris pv. phaseoli (Smith 1897) Dye 1978, Xanthomonas axonopodis pv. phaseoli (Smith 1897) Vauterin et al.1995
v1_v3	NCPPB 1646	changed	alternative_names	v3_value_expanded	Xanthomonas campestris pv. phaseoli (Smith 1897) Dye 1978	Xanthomonas campestris pv. phaseoli (Smith 1897) Dye 1978, Xanthomonas axonopodis pv. phaseoli (Smith 1897) Vauterin et al.1995
v2_v3	NCPPB 1654	changed	alternative_names	value_changed	Xanthomonas campestris pv. phaseoli (Smith 1897) Dye 1978 Xanthomonas axonopodis pv. phaseoli (Smith 1897) Vauterin et al.1995	Xanthomonas axonopodis pv. phaseoli (Smith 1897) Vauterin et al.1995, Xanthomonas campestris pv. phaseoli (Smith 1897) Dye 1978, Xanthomonas fuscans subsp. fuscans Schaad et al. 2007
v1_v3	NCPPB 1654	changed	alternative_names	value_changed	Xanthomonas campestris pv. phaseoli (Smith 1897) Dye 1978 Xanthomonas axonopodis pv. phaseoli (Smith 1897) Vauterin et al.1995	Xanthomonas axonopodis pv. phaseoli (Smith 1897) Vauterin et al.1995, Xanthomonas campestris pv. phaseoli (Smith 1897) Dye 1978, Xanthomonas fuscans subsp. fuscans Schaad et al. 2007
v2_v3	NCPPB 1668	changed	alternative_names	value_added		Xanthomonas cynarae Trébaol et al. 2000
v1_v3	NCPPB 1668	changed	alternative_names	value_added		Xanthomonas cynarae Trébaol et al. 2000
v2_v3	NCPPB 1671	changed	alternative_names	v3_value_expanded	Xanthomonas campestris pv. sesbaniae (Patel et al. 1952) Dye 1978	Xanthomonas campestris pv. sesbaniae (Patel et al. 1952) Dye 1978, Xanthomonas axonopodis pv. sesbaniae (Patel et al. 1952) Vauterin et al. 1995
v1_v3	NCPPB 1671	changed	alternative_names	v3_value_expanded	Xanthomonas campestris pv. sesbaniae (Patel et al. 1952) Dye 1978	Xanthomonas campestris pv. sesbaniae (Patel et al. 1952) Dye 1978, Xanthomonas axonopodis pv. sesbaniae (Patel et al. 1952) Vauterin et al. 1995
v2_v3	NCPPB 1672	changed	alternative_names	probable_v3_truncation	Xanthomonas campestris (Pammel 1895) Dowson 1939 emend. Vauterin et al. 1995	Xanthomonas campestris
v1_v3	NCPPB 1672	changed	alternative_names	probable_v3_truncation	Xanthomonas campestris (Pammel 1895) Dowson 1939 emend. Vauterin et al. 1995	Xanthomonas campestris
v2_v3	NCPPB 1680	changed	alternative_names	v3_value_expanded	Xanthomonas campestris pv. phaseoli (Smith 1897) Dye 1978	Xanthomonas campestris pv. phaseoli (Smith 1897) Dye 1978, Xanthomonas axonopodis pv. phaseoli (Smith 1897) Vauterin et al.1995
v1_v3	NCPPB 1680	changed	alternative_names	v3_value_expanded	Xanthomonas campestris pv. phaseoli (Smith 1897) Dye 1978	Xanthomonas campestris pv. phaseoli (Smith 1897) Dye 1978, Xanthomonas axonopodis pv. phaseoli (Smith 1897) Vauterin et al.1995
v2_v3	NCPPB 1682	added	__record__	added		
v1_v3	NCPPB 1682	added	__record__	added		
v2_v3	NCPPB 1683	removed	__record__	removed		
v1_v3	NCPPB 1683	removed	__record__	removed		
v2_v3	NCPPB 1697	changed	alternative_names	v3_value_expanded	Xanthomonas campestris pv. malvacearum (Smith 1901) Dye 1978	Xanthomonas campestris pv. malvacearum (Smith 1901) Dye 1978, Xanthomonas axonopodis pv. malvacearum (Smith 1901) Vauterin et al. 1995, Xanthomonas citri subsp. malvacearum (Smith 1901) Schaad et al. 2007
v1_v3	NCPPB 1697	changed	alternative_names	v3_value_expanded	Xanthomonas campestris pv. malvacearum (Smith 1901) Dye 1978	Xanthomonas campestris pv. malvacearum (Smith 1901) Dye 1978, Xanthomonas axonopodis pv. malvacearum (Smith 1901) Vauterin et al. 1995, Xanthomonas citri subsp. malvacearum (Smith 1901) Schaad et al. 2007
v2_v3	NCPPB 1698	changed	alternative_names	v3_value_expanded	Xanthomonas campestris pv. malvacearum (Smith 1901) Dye 1978	Xanthomonas campestris pv. malvacearum (Smith 1901) Dye 1978, Xanthomonas axonopodis pv. malvacearum (Smith 1901) Vauterin et al. 1995, Xanthomonas citri subsp. malvacearum (Smith 1901) Schaad et al. 2007
v1_v3	NCPPB 1698	changed	alternative_names	v3_value_expanded	Xanthomonas campestris pv. malvacearum (Smith 1901) Dye 1978	Xanthomonas campestris pv. malvacearum (Smith 1901) Dye 1978, Xanthomonas axonopodis pv. malvacearum (Smith 1901) Vauterin et al. 1995, Xanthomonas citri subsp. malvacearum (Smith 1901) Schaad et al. 2007
v2_v3	NCPPB 1699	changed	alternative_names	v3_value_expanded	Xanthomonas campestris pv. malvacearum (Smith 1901) Dye 1978	Xanthomonas campestris pv. malvacearum (Smith 1901) Dye 1978, Xanthomonas axonopodis pv. malvacearum (Smith 1901) Vauterin et al. 1995, Xanthomonas citri subsp. malvacearum (Smith 1901) Schaad et al. 2007
v1_v3	NCPPB 1699	changed	alternative_names	v3_value_expanded	Xanthomonas campestris pv. malvacearum (Smith 1901) Dye 1978	Xanthomonas campestris pv. malvacearum (Smith 1901) Dye 1978, Xanthomonas axonopodis pv. malvacearum (Smith 1901) Vauterin et al. 1995, Xanthomonas citri subsp. malvacearum (Smith 1901) Schaad et al. 2007
v2_v3	NCPPB 1700	changed	alternative_names	v3_value_expanded	Xanthomonas campestris pv. malvacearum (Smith 1901) Dye 1978	Xanthomonas campestris pv. malvacearum (Smith 1901) Dye 1978, Xanthomonas axonopodis pv. malvacearum (Smith 1901) Vauterin et al. 1995, Xanthomonas citri subsp. malvacearum (Smith 1901) Schaad et al. 2007
v1_v3	NCPPB 1700	changed	alternative_names	v3_value_expanded	Xanthomonas campestris pv. malvacearum (Smith 1901) Dye 1978	Xanthomonas campestris pv. malvacearum (Smith 1901) Dye 1978, Xanthomonas axonopodis pv. malvacearum (Smith 1901) Vauterin et al. 1995, Xanthomonas citri subsp. malvacearum (Smith 1901) Schaad et al. 2007
v2_v3	NCPPB 1701	changed	alternative_names	v3_value_expanded	Xanthomonas campestris pv. malvacearum (Smith 1901) Dye 1978	Xanthomonas campestris pv. malvacearum (Smith 1901) Dye 1978, Xanthomonas axonopodis pv. malvacearum (Smith 1901) Vauterin et al. 1995, Xanthomonas citri subsp. malvacearum (Smith 1901) Schaad et al. 2007
v1_v3	NCPPB 1701	changed	alternative_names	v3_value_expanded	Xanthomonas campestris pv. malvacearum (Smith 1901) Dye 1978	Xanthomonas campestris pv. malvacearum (Smith 1901) Dye 1978, Xanthomonas axonopodis pv. malvacearum (Smith 1901) Vauterin et al. 1995, Xanthomonas citri subsp. malvacearum (Smith 1901) Schaad et al. 2007
v2_v3	NCPPB 1712	changed	alternative_names	v3_value_expanded	Xanthomonas campestris pv. malvacearum (Smith 1901) Dye 1978	Xanthomonas campestris pv. malvacearum (Smith 1901) Dye 1978, Xanthomonas axonopodis pv. malvacearum (Smith 1901) Vauterin et al. 1995, Xanthomonas citri subsp. malvacearum (Smith 1901) Schaad et al. 2007
v1_v3	NCPPB 1712	changed	alternative_names	v3_value_expanded	Xanthomonas campestris pv. malvacearum (Smith 1901) Dye 1978	Xanthomonas campestris pv. malvacearum (Smith 1901) Dye 1978, Xanthomonas axonopodis pv. malvacearum (Smith 1901) Vauterin et al. 1995, Xanthomonas citri subsp. malvacearum (Smith 1901) Schaad et al. 2007
v2_v3	NCPPB 1713	changed	alternative_names	v3_contains_old_value	Xanthomonas campestris pv. phaseoli (Smith 1897) Dye 1978	Xanthomonas axonopodis pv. phaseoli (Smith 1897) Vauterin et al.1995, Xanthomonas campestris pv. phaseoli (Smith 1897) Dye 1978
v1_v3	NCPPB 1713	changed	alternative_names	v3_contains_old_value	Xanthomonas campestris pv. phaseoli (Smith 1897) Dye 1978	Xanthomonas axonopodis pv. phaseoli (Smith 1897) Vauterin et al.1995, Xanthomonas campestris pv. phaseoli (Smith 1897) Dye 1978
v2_v3	NCPPB 1714	changed	alternative_names	v3_value_expanded	Xanthomonas campestris pv. glycines (Nakano 1919) Dye 1978	Xanthomonas campestris pv. glycines (Nakano 1919) Dye 1978, Xanthomonas axonopodis pv. glycines (Nakano 1919) Vauterin et al. 1995
v1_v3	NCPPB 1714	changed	alternative_names	v3_value_expanded	Xanthomonas campestris pv. glycines (Nakano 1919) Dye 1978	Xanthomonas campestris pv. glycines (Nakano 1919) Dye 1978, Xanthomonas axonopodis pv. glycines (Nakano 1919) Vauterin et al. 1995
v1_v2	NCPPB 1717	changed	name_as_received	formatting_only	X. phaseoli f.sp . sojense	X. phaseoli f.sp. sojense
v2_v3	NCPPB 1717	changed	alternative_names	v3_value_expanded	Xanthomonas campestris pv. glycines (Nakano 1919) Dye 1978	Xanthomonas campestris pv. glycines (Nakano 1919) Dye 1978, Xanthomonas axonopodis pv. glycines (Nakano 1919) Vauterin et al. 1995
v1_v3	NCPPB 1717	changed	name_as_received	formatting_only	X. phaseoli f.sp . sojense	X. phaseoli f.sp. sojense
v1_v3	NCPPB 1717	changed	alternative_names	v3_value_expanded	Xanthomonas campestris pv. glycines (Nakano 1919) Dye 1978	Xanthomonas campestris pv. glycines (Nakano 1919) Dye 1978, Xanthomonas axonopodis pv. glycines (Nakano 1919) Vauterin et al. 1995
v2_v3	NCPPB 1754	changed	current_name	value_changed	Xanthomonas sp. Dowson 1939	Xanthomonas euvesicatoria Jones et al. 2006
v2_v3	NCPPB 1754	changed	alternative_names	probable_v3_truncation	Xanthomonas campestris (Pammel 1895) Dowson 1939 emend. Vauterin et al. 1995	Xanthomonas campestris
v1_v3	NCPPB 1754	changed	current_name	value_changed	Xanthomonas sp. Dowson 1939	Xanthomonas euvesicatoria Jones et al. 2006
v1_v3	NCPPB 1754	changed	alternative_names	probable_v3_truncation	Xanthomonas campestris (Pammel 1895) Dowson 1939 emend. Vauterin et al. 1995	Xanthomonas campestris
v2_v3	NCPPB 1755	changed	alternative_names	value_added		Xanthomonas campestris pv. ionidii (Padhya & Patel 1963) Dye 1978
v1_v3	NCPPB 1755	changed	alternative_names	value_added		Xanthomonas campestris pv. ionidii (Padhya & Patel 1963) Dye 1978
v2_v3	NCPPB 1756	changed	alternative_names	value_added		Xanthomonas campestris pv. physalidis (Srinivasan et al. 1962) Dye 1978
v1_v3	NCPPB 1756	changed	alternative_names	value_added		Xanthomonas campestris pv. physalidis (Srinivasan et al. 1962) Dye 1978
v2_v3	NCPPB 1757	changed	alternative_names	value_added		Xanthomonas campestris pv. blepharidis (Srinivasan & Patel 1956) Dye 1978
v1_v3	NCPPB 1757	changed	alternative_names	value_added		Xanthomonas campestris pv. blepharidis (Srinivasan & Patel 1956) Dye 1978
v2_v3	NCPPB 1758	changed	alternative_names	value_added		Xanthomonas campestris pv. coriandri (Srinivasan et al. 1961) Dye 1978
v1_v3	NCPPB 1758	changed	alternative_names	value_added		Xanthomonas campestris pv. coriandri (Srinivasan et al. 1961) Dye 1978
v2_v3	NCPPB 1760	changed	alternative_names	value_added		Xanthomonas campestris pv. spermacoces (Srinivasan & Patel 1956) Dye 1978
v1_v3	NCPPB 1760	changed	alternative_names	value_added		Xanthomonas campestris pv. spermacoces (Srinivasan & Patel 1956) Dye 1978
v2_v3	NCPPB 1785	changed	alternative_names	v3_value_expanded	Xanthomonas campestris pv. malvacearum (Smith 1901) Dye 1978	Xanthomonas campestris pv. malvacearum (Smith 1901) Dye 1978, Xanthomonas axonopodis pv. malvacearum (Smith 1901) Vauterin et al. 1995, Xanthomonas citri subsp. malvacearum (Smith 1901) Schaad et al. 2007
v1_v3	NCPPB 1785	changed	alternative_names	v3_value_expanded	Xanthomonas campestris pv. malvacearum (Smith 1901) Dye 1978	Xanthomonas campestris pv. malvacearum (Smith 1901) Dye 1978, Xanthomonas axonopodis pv. malvacearum (Smith 1901) Vauterin et al. 1995, Xanthomonas citri subsp. malvacearum (Smith 1901) Schaad et al. 2007
v2_v3	NCPPB 1786	changed	alternative_names	v3_value_expanded	Xanthomonas campestris pv. coracanae (Desai et al. 1965) Dye 1978	Xanthomonas campestris pv. coracanae (Desai et al. 1965) Dye 1978, Xanthomonas axonopodis pv. coracanae (Desai et al. 1965) Vauterin et al. 1995
v1_v3	NCPPB 1786	changed	alternative_names	v3_value_expanded	Xanthomonas campestris pv. coracanae (Desai et al. 1965) Dye 1978	Xanthomonas campestris pv. coracanae (Desai et al. 1965) Dye 1978, Xanthomonas axonopodis pv. coracanae (Desai et al. 1965) Vauterin et al. 1995
v2_v3	NCPPB 1787	changed	alternative_names	value_added		Xanthomonas campestris pv. vernoniae (Patel et al. 1968) Dye 1978
v1_v3	NCPPB 1787	changed	alternative_names	value_added		Xanthomonas campestris pv. vernoniae (Patel et al. 1968) Dye 1978
v2_v3	NCPPB 1811	changed	alternative_names	v3_value_expanded	Xanthomonas campestris pv. phaseoli (Smith 1897) Dye 1978	Xanthomonas campestris pv. phaseoli (Smith 1897) Dye 1978, Xanthomonas axonopodis pv. phaseoli (Smith 1897) Vauterin et al.1995
v1_v3	NCPPB 1811	changed	alternative_names	v3_value_expanded	Xanthomonas campestris pv. phaseoli (Smith 1897) Dye 1978	Xanthomonas campestris pv. phaseoli (Smith 1897) Dye 1978, Xanthomonas axonopodis pv. phaseoli (Smith 1897) Vauterin et al.1995
v2_v3	NCPPB 1821	changed	alternative_names	v3_value_expanded	Xanthomonas campestris pv. alfalfae (Riker et al. 1935) Dye 1978	Xanthomonas campestris pv. alfalfae (Riker et al. 1935) Dye 1978, Xanthomonas axonopodis pv. alfalfae (Riker et al. 1935) Vauterin et al. 1995, Xanthomonas alfalfae subsp. alfalfae (ex Riker et al. 1935) Schaad et al. 2007
v1_v3	NCPPB 1821	changed	alternative_names	v3_value_expanded	Xanthomonas campestris pv. alfalfae (Riker et al. 1935) Dye 1978	Xanthomonas campestris pv. alfalfae (Riker et al. 1935) Dye 1978, Xanthomonas axonopodis pv. alfalfae (Riker et al. 1935) Vauterin et al. 1995, Xanthomonas alfalfae subsp. alfalfae (ex Riker et al. 1935) Schaad et al. 2007
v2_v3	NCPPB 1826	changed	alternative_names	probable_v3_truncation	Xanthomonas campestris (Pammel 1895) Dowson 1939 emend. Vauterin et al. 1995	Xanthomonas campestris
v1_v3	NCPPB 1826	changed	alternative_names	probable_v3_truncation	Xanthomonas campestris (Pammel 1895) Dowson 1939 emend. Vauterin et al. 1995	Xanthomonas campestris
v1_v2	NCPPB 1827	changed	name_as_received	formatting_only	Xanthomonas phaseoli f.sp .rhynchosiae Sabet et al. 1969	Xanthomonas phaseoli f.sp.rhynchosiae Sabet et al. 1969
v2_v3	NCPPB 1827	changed	alternative_names	v3_value_expanded	Xanthomonas campestris pv. rhynchosiae (Sabet et al. 1969) Dye 1978	Xanthomonas campestris pv. rhynchosiae (Sabet et al. 1969) Dye 1978, Xanthomonas axonopodis pv. rhynchosiae (Sabet et al. 1969) Vauterin et al.1995
v1_v3	NCPPB 1827	changed	name_as_received	formatting_only	Xanthomonas phaseoli f.sp .rhynchosiae Sabet et al. 1969	Xanthomonas phaseoli f.sp.rhynchosiae Sabet et al. 1969
v1_v3	NCPPB 1827	changed	alternative_names	v3_value_expanded	Xanthomonas campestris pv. rhynchosiae (Sabet et al. 1969) Dye 1978	Xanthomonas campestris pv. rhynchosiae (Sabet et al. 1969) Dye 1978, Xanthomonas axonopodis pv. rhynchosiae (Sabet et al. 1969) Vauterin et al.1995
v2_v3	NCPPB 1828	changed	alternative_names	value_added		Xanthomonas campestris pv. euphorbiae (Sabet et al.1969) Dye 1978
v1_v3	NCPPB 1828	changed	alternative_names	value_added		Xanthomonas campestris pv. euphorbiae (Sabet et al.1969) Dye 1978
v2_v3	NCPPB 1829	changed	alternative_names	probable_v3_truncation	Xanthomonas campestris (Pammel 1895) Dowson 1939 emend. Vauterin et al. 1995	Xanthomonas campestris
v1_v3	NCPPB 1829	changed	alternative_names	probable_v3_truncation	Xanthomonas campestris (Pammel 1895) Dowson 1939 emend. Vauterin et al. 1995	Xanthomonas campestris
v1_v3	NCPPB 1829	changed	notes	formatting_only	Pathovar unspecifiedFatty acid profile not typical of xanthomonas.Close to Agrobacterium Not a Xanthomonad. Re: Phylogenetic structure of Xanthomonas determined by comparison of gyrB sequences. Int.J.of Syst. and evol. Microbiology (2009),59,264-274.	Pathovar unspecified. Fatty acid profile not typical of xanthomonas.Close to Agrobacterium Not a Xanthomonad. Re: Phylogenetic structure of Xanthomonas determined by comparison of gyrB sequences. Int.J.of Syst. and evol. Microbiology (2009),59,264-274.
v2_v3	NCPPB 1833	changed	alternative_names	v3_value_expanded	Xanthomonas campestris pv. dieffenbachiae (McCulloch & Pirone 1939) Dye 1978	Xanthomonas campestris pv. dieffenbachiae (McCulloch & Pirone 1939) Dye 1978, Xanthomonas axonopodis pv. dieffenbachiae (McCulloch & Pirone 1939) Vauterin et al. 1995
v1_v3	NCPPB 1833	changed	alternative_names	v3_value_expanded	Xanthomonas campestris pv. dieffenbachiae (McCulloch & Pirone 1939) Dye 1978	Xanthomonas campestris pv. dieffenbachiae (McCulloch & Pirone 1939) Dye 1978, Xanthomonas axonopodis pv. dieffenbachiae (McCulloch & Pirone 1939) Vauterin et al. 1995
v2_v3	NCPPB 1834	changed	alternative_names	v3_value_expanded	Xanthomonas campestris pv. manihotis (Berthet & Bondar 1915) Dye 1978	Xanthomonas campestris pv. manihotis (Berthet & Bondar 1915) Dye 1978, Xanthomonas axonopodis pv. manihotis (Bondar 1912) Vauterin et al. 1995
v1_v3	NCPPB 1834	changed	alternative_names	v3_value_expanded	Xanthomonas campestris pv. manihotis (Berthet & Bondar 1915) Dye 1978	Xanthomonas campestris pv. manihotis (Berthet & Bondar 1915) Dye 1978, Xanthomonas axonopodis pv. manihotis (Bondar 1912) Vauterin et al. 1995
v2_v3	NCPPB 1835	added	__record__	added		
v1_v3	NCPPB 1835	added	__record__	added		
v2_v3	NCPPB 1836	changed	alternative_names	v3_value_expanded	Xanthomonas campestris pv. cerealis (Hagborg 1942) Dye 1978	Xanthomonas campestris pv. cerealis (Hagborg 1942) Dye 1978; Xanthomonas translucens pv. cerealis (Hagborg 1942) Vauterin et al.1995
v1_v3	NCPPB 1836	changed	alternative_names	v3_value_expanded	Xanthomonas campestris pv. cerealis (Hagborg 1942) Dye 1978	Xanthomonas campestris pv. cerealis (Hagborg 1942) Dye 1978; Xanthomonas translucens pv. cerealis (Hagborg 1942) Vauterin et al.1995
v1_v2	NCPPB 1837	changed	name_as_received	formatting_only	Xanthomonas translucens f.sp . phleipratensis Wallin & reddt 1945	Xanthomonas translucens f.sp. phleipratensis Wallin & reddt 1945
v2_v3	NCPPB 1837	changed	alternative_names	v3_value_expanded	Xanthomonas campestris pv. phleipratensis (Wallin & Reddy 1945) Dye 1978	Xanthomonas campestris pv. phleipratensis (Wallin & Reddy 1945) Dye 1978 Xanthomonas translucens pv. phleipratensis (Wallin & Reddy 1945) Vauterin et al. 1995
v1_v3	NCPPB 1837	changed	name_as_received	formatting_only	Xanthomonas translucens f.sp . phleipratensis Wallin & reddt 1945	Xanthomonas translucens f.sp. phleipratensis Wallin & reddt 1945
v1_v3	NCPPB 1837	changed	alternative_names	v3_value_expanded	Xanthomonas campestris pv. phleipratensis (Wallin & Reddy 1945) Dye 1978	Xanthomonas campestris pv. phleipratensis (Wallin & Reddy 1945) Dye 1978 Xanthomonas translucens pv. phleipratensis (Wallin & Reddy 1945) Vauterin et al. 1995
v2_v3	NCPPB 1838	changed	alternative_names	v3_value_expanded	Xanthomonas campestris pv. vignicola (Burkholder 1944) Dye 1978	Xanthomonas campestris pv. vignicola (Burkholder 1944) Dye 1978, Xanthomonas axonopodis pv. vignicola (Burkholder 1944) Vauterin et al.1995
v1_v3	NCPPB 1838	changed	alternative_names	v3_value_expanded	Xanthomonas campestris pv. vignicola (Burkholder 1944) Dye 1978	Xanthomonas campestris pv. vignicola (Burkholder 1944) Dye 1978, Xanthomonas axonopodis pv. vignicola (Burkholder 1944) Vauterin et al.1995
v2_v3	NCPPB 1839	changed	alternative_names	v3_contains_old_value	Xanthomonas campestris pv. vitians (Brown 1918) Dye 1978	Xanthomonas axonopodis pv. vitians (Brown 1918) Vauterin et al. 1995; Xanthomonas campestris pv. vitians (Brown 1918) Dye 1978
v1_v3	NCPPB 1839	changed	alternative_names	v3_contains_old_value	Xanthomonas campestris pv. vitians (Brown 1918) Dye 1978	Xanthomonas axonopodis pv. vitians (Brown 1918) Vauterin et al. 1995; Xanthomonas campestris pv. vitians (Brown 1918) Dye 1978
v2_v3	NCPPB 1841	changed	alternative_names	v3_contains_old_value	Xanthomonas campestris pv. vitians (Brown 1918) Dye 1978	Xanthomonas axonopodis pv. vitians (Brown 1918) Vauterin et al. 1995; Xanthomonas campestris pv. vitians (Brown 1918) Dye 1978
v1_v3	NCPPB 1841	changed	alternative_names	v3_contains_old_value	Xanthomonas campestris pv. vitians (Brown 1918) Dye 1978	Xanthomonas axonopodis pv. vitians (Brown 1918) Vauterin et al. 1995; Xanthomonas campestris pv. vitians (Brown 1918) Dye 1978
v2_v3	NCPPB 1931	added	__record__	added		
v1_v3	NCPPB 1931	added	__record__	added		
v2_v3	NCPPB 1936	changed	alternative_names	value_changed	Xanthomonas campestris pv. oryzae (Ishyama 1922) Dye 1978	Xanthomonas campestris pv. oryzae (Ishiyama 1922) Dye 1978
v1_v3	NCPPB 1936	changed	alternative_names	value_changed	Xanthomonas campestris pv. oryzae (Ishyama 1922) Dye 1978	Xanthomonas campestris pv. oryzae (Ishiyama 1922) Dye 1978
v2_v3	NCPPB 1937	added	__record__	added		
v1_v3	NCPPB 1937	added	__record__	added		
v2_v3	NCPPB 1941	added	__record__	added		
v1_v3	NCPPB 1941	added	__record__	added		
v2_v3	NCPPB 1943	changed	alternative_names	v3_value_expanded	Xanthomonas campestris pv. cerealis (Hagborg 1942) Dye 1978	Xanthomonas campestris pv. cerealis (Hagborg 1942) Dye 1978; Xanthomonas translucens pv. cerealis (Hagborg 1942) Vauterin et al.1995
v1_v3	NCPPB 1943	changed	alternative_names	v3_value_expanded	Xanthomonas campestris pv. cerealis (Hagborg 1942) Dye 1978	Xanthomonas campestris pv. cerealis (Hagborg 1942) Dye 1978; Xanthomonas translucens pv. cerealis (Hagborg 1942) Vauterin et al.1995
v2_v3	NCPPB 1944	changed	alternative_names	v3_value_expanded	Xanthomonas campestris pv. cerealis (Hagborg 1942) Dye 1978	Xanthomonas campestris pv. cerealis (Hagborg 1942) Dye 1978; Xanthomonas translucens pv. cerealis (Hagborg 1942) Vauterin et al.1995
v1_v3	NCPPB 1944	changed	alternative_names	v3_value_expanded	Xanthomonas campestris pv. cerealis (Hagborg 1942) Dye 1978	Xanthomonas campestris pv. cerealis (Hagborg 1942) Dye 1978; Xanthomonas translucens pv. cerealis (Hagborg 1942) Vauterin et al.1995
v1_v2	NCPPB 1945	changed	name_as_received	formatting_only	Xanthomonas translucens f.sp . undulosa Smith et al. 1919	Xanthomonas translucens f.sp. undulosa Smith et al. 1919
v1_v3	NCPPB 1945	changed	name_as_received	formatting_only	Xanthomonas translucens f.sp . undulosa Smith et al. 1919	Xanthomonas translucens f.sp. undulosa Smith et al. 1919
v1_v2	NCPPB 1946	changed	name_as_received	formatting_only	Xanthomonas vesicatoria f.sp . raphani White) Starr & Burkholder 1942	Xanthomonas vesicatoria f.sp. raphani White) Starr & Burkholder 1942
v1_v3	NCPPB 1946	changed	name_as_received	formatting_only	Xanthomonas vesicatoria f.sp . raphani White) Starr & Burkholder 1942	Xanthomonas vesicatoria f.sp. raphani White) Starr & Burkholder 1942
v2_v3	NCPPB 2005	changed	alternative_names	value_added		Xanthomonas campestris pv. musacearum (Yirgou & Bradbury 1968) Dye 1978
v1_v3	NCPPB 2005	changed	alternative_names	value_added		Xanthomonas campestris pv. musacearum (Yirgou & Bradbury 1968) Dye 1978
v2_v3	NCPPB 2044	changed	alternative_names	value_added		Xanthomonas campestris pv. vesicatoria (Doidge 1920) Dye 1978
v1_v3	NCPPB 2044	changed	alternative_names	value_added		Xanthomonas campestris pv. vesicatoria (Doidge 1920) Dye 1978
v2_v3	NCPPB 2057	changed	alternative_names	value_added		Xanthomonas campestris pv. heliotropii (Sabet et al.1969) Dye 1978
v1_v3	NCPPB 2057	changed	alternative_names	value_added		Xanthomonas campestris pv. heliotropii (Sabet et al.1969) Dye 1978
v1_v2	NCPPB 2058	changed	name_as_received	formatting_only	Xanthomonas phaseoli f.sp .. vignaeradiatae Sabet et al. 1969	Xanthomonas phaseoli f.sp.. vignaeradiatae Sabet et al. 1969
v2_v3	NCPPB 2058	changed	alternative_names	v3_value_expanded	Xanthomonas campestris pv. vignaeradiatae (Sabet et al. 1969) Dye 1978	Xanthomonas campestris pv. vignaeradiatae (Sabet et al. 1969) Dye 1978, Xanthomonas axonopodis pv. vignaeradiatae (Sabet et al. 1969) Vauterin et al. 1995
v1_v3	NCPPB 2058	changed	name_as_received	formatting_only	Xanthomonas phaseoli f.sp .. vignaeradiatae Sabet et al. 1969	Xanthomonas phaseoli f.sp.. vignaeradiatae Sabet et al. 1969
v1_v3	NCPPB 2058	changed	alternative_names	v3_value_expanded	Xanthomonas campestris pv. vignaeradiatae (Sabet et al. 1969) Dye 1978	Xanthomonas campestris pv. vignaeradiatae (Sabet et al. 1969) Dye 1978, Xanthomonas axonopodis pv. vignaeradiatae (Sabet et al. 1969) Vauterin et al. 1995
v2_v3	NCPPB 2059	changed	alternative_names	v3_value_expanded	Xanthomonas campestris pv. vignicola (Burkholder 1944) Dye 1978	Xanthomonas campestris pv. vignicola (Burkholder 1944) Dye 1978, Xanthomonas axonopodis pv. vignicola (Burkholder 1944) Vauterin et al.1995
v1_v3	NCPPB 2059	changed	alternative_names	v3_value_expanded	Xanthomonas campestris pv. vignicola (Burkholder 1944) Dye 1978	Xanthomonas campestris pv. vignicola (Burkholder 1944) Dye 1978, Xanthomonas axonopodis pv. vignicola (Burkholder 1944) Vauterin et al.1995
v1_v2	NCPPB 2060	changed	name_as_received	formatting_only	Xanthomonas phaseoli f.sp .rhynchosiae Sabet et al. 1969	Xanthomonas phaseoli f.sp.rhynchosiae Sabet et al. 1969
v2_v3	NCPPB 2060	changed	alternative_names	v3_value_expanded	Xanthomonas campestris pv. rhynchosiae (Sabet et al. 1969) Dye 1978	Xanthomonas campestris pv. rhynchosiae (Sabet et al. 1969) Dye 1978, Xanthomonas axonopodis pv. rhynchosiae (Sabet et al. 1969) Vauterin et al.1995
v1_v3	NCPPB 2060	changed	name_as_received	formatting_only	Xanthomonas phaseoli f.sp .rhynchosiae Sabet et al. 1969	Xanthomonas phaseoli f.sp.rhynchosiae Sabet et al. 1969
v1_v3	NCPPB 2060	changed	alternative_names	v3_value_expanded	Xanthomonas campestris pv. rhynchosiae (Sabet et al. 1969) Dye 1978	Xanthomonas campestris pv. rhynchosiae (Sabet et al. 1969) Dye 1978, Xanthomonas axonopodis pv. rhynchosiae (Sabet et al. 1969) Vauterin et al.1995
v2_v3	NCPPB 2061	changed	alternative_names	v3_value_expanded	Xanthomonas campestris pv. vignicola (Burkholder 1944) Dye 1978	Xanthomonas campestris pv. vignicola (Burkholder 1944) Dye 1978, Xanthomonas axonopodis pv. vignicola (Burkholder 1944) Vauterin et al.1995
v1_v3	NCPPB 2061	changed	alternative_names	v3_value_expanded	Xanthomonas campestris pv. vignicola (Burkholder 1944) Dye 1978	Xanthomonas campestris pv. vignicola (Burkholder 1944) Dye 1978, Xanthomonas axonopodis pv. vignicola (Burkholder 1944) Vauterin et al.1995
v2_v3	NCPPB 2062	changed	alternative_names	v3_value_expanded	Xanthomonas campestris pv. alfalfae (Riker et al. 1935) Dye 1978	Xanthomonas campestris pv. alfalfae (Riker et al. 1935) Dye 1978, Xanthomonas axonopodis pv. alfalfae (Riker et al. 1935) Vauterin et al. 1995, Xanthomonas alfalfae subsp. alfalfae (ex Riker et al. 1935) Schaad et al. 2007
v1_v3	NCPPB 2062	changed	alternative_names	v3_value_expanded	Xanthomonas campestris pv. alfalfae (Riker et al. 1935) Dye 1978	Xanthomonas campestris pv. alfalfae (Riker et al. 1935) Dye 1978, Xanthomonas axonopodis pv. alfalfae (Riker et al. 1935) Vauterin et al. 1995, Xanthomonas alfalfae subsp. alfalfae (ex Riker et al. 1935) Schaad et al. 2007
v2_v3	NCPPB 2064	changed	alternative_names	v3_contains_old_value	Xanthomonas campestris pv. phaseoli (Smith 1897) Dye 1978	Xanthomonas axonopodis pv. phaseoli (Smith 1897) Vauterin et al.1995, Xanthomonas campestris pv. phaseoli (Smith 1897) Dye 1978
v1_v3	NCPPB 2064	changed	alternative_names	v3_contains_old_value	Xanthomonas campestris pv. phaseoli (Smith 1897) Dye 1978	Xanthomonas axonopodis pv. phaseoli (Smith 1897) Vauterin et al.1995, Xanthomonas campestris pv. phaseoli (Smith 1897) Dye 1978
v1_v2	NCPPB 2066	changed	name_as_received	formatting_only	Xanthomonas ricini f.sp . phyllanthi Sabet et al. 1969	Xanthomonas ricini f.sp. phyllanthi Sabet et al. 1969
v1_v3	NCPPB 2066	changed	name_as_received	formatting_only	Xanthomonas ricini f.sp . phyllanthi Sabet et al. 1969	Xanthomonas ricini f.sp. phyllanthi Sabet et al. 1969
v2_v3	NCPPB 2067	changed	alternative_names	value_added		Xanthomonas campestris pv. euphorbiae (Sabet et al.1969) Dye 1978
v1_v3	NCPPB 2067	changed	alternative_names	value_added		Xanthomonas campestris pv. euphorbiae (Sabet et al.1969) Dye 1978
v2_v3	NCPPB 2097	changed	alternative_names	value_added		Xanthomonas campestris pv. vernoniae (Patel et al. 1968) Dye 1978
v1_v3	NCPPB 2097	changed	alternative_names	value_added		Xanthomonas campestris pv. vernoniae (Patel et al. 1968) Dye 1978
v2_v3	NCPPB 2248	changed	alternative_names	v3_contains_old_value	Xanthomonas campestris pv. vitians (Brown 1918) Dye 1978	Xanthomonas axonopodis pv. vitians (Brown 1918) Vauterin et al. 1995; Xanthomonas campestris pv. vitians (Brown 1918) Dye 1978
v1_v3	NCPPB 2248	changed	alternative_names	v3_contains_old_value	Xanthomonas campestris pv. vitians (Brown 1918) Dye 1978	Xanthomonas axonopodis pv. vitians (Brown 1918) Vauterin et al. 1995; Xanthomonas campestris pv. vitians (Brown 1918) Dye 1978
v2_v3	NCPPB 2250	changed	alternative_names	probable_v3_truncation	Xanthomonas campestris (Pammel 1895) Dowson 1939 emend. Vauterin et al. 1995	Xanthomonas campestris
v1_v3	NCPPB 2250	changed	alternative_names	probable_v3_truncation	Xanthomonas campestris (Pammel 1895) Dowson 1939 emend. Vauterin et al. 1995	Xanthomonas campestris
v1_v3	NCPPB 2250	changed	notes	probable_v3_truncation	Pathovar unspecified.Fatty acid profile typical of xanthomonas.No match	Pathovar unspecified. Fatty acid profile typical of xanthomonas.
v2_v3	NCPPB 2251	changed	alternative_names	value_added		Xanthomonas campestris pv. musacearum (Yirgou & Bradbury 1968) Dye 1978
v1_v3	NCPPB 2251	changed	alternative_names	value_added		Xanthomonas campestris pv. musacearum (Yirgou & Bradbury 1968) Dye 1978
v2_v3	NCPPB 2255	changed	alternative_names	value_added		Xanthomonas campestris pv. syngonii Dickey & Zumoff 1987
v1_v3	NCPPB 2255	changed	alternative_names	value_added		Xanthomonas campestris pv. syngonii Dickey & Zumoff 1987
v2_v3	NCPPB 2275	added	__record__	added		
v1_v3	NCPPB 2275	added	__record__	added		
v2_v3	NCPPB 2276	added	__record__	added		
v1_v3	NCPPB 2276	added	__record__	added		
v2_v3	NCPPB 2279	added	__record__	added		
v1_v3	NCPPB 2279	added	__record__	added		
v2_v3	NCPPB 2280	added	__record__	added		
v1_v3	NCPPB 2280	added	__record__	added		
v2_v3	NCPPB 2281	added	__record__	added		
v1_v3	NCPPB 2281	added	__record__	added		
v2_v3	NCPPB 2282	added	__record__	added		
v1_v3	NCPPB 2282	added	__record__	added		
v2_v3	NCPPB 2285	added	__record__	added		
v1_v3	NCPPB 2285	added	__record__	added		
v2_v3	NCPPB 2297	changed	alternative_names	value_cleared	Flavobacterium sp.	
v1_v3	NCPPB 2297	changed	alternative_names	value_cleared	Flavobacterium sp.	
v1_v3	NCPPB 2297	changed	notes	value_cleared	The following cultures of gram negative, yellow, oxidative, motile, pectolytic rods (see Dorey, 1959; Lund, 1969) were isolated from plant lesions; their pathogenicity is uncertain. Some perhaps are more correctly identified as Cytophaga johnsonii.	
v2_v3	NCPPB 2345	changed	alternative_names	value_cleared	Xanthomonas campestris (Pammel 1895) Dowson 1939 emend. Vauterin et al. 1995	
v1_v3	NCPPB 2345	changed	alternative_names	value_cleared	Xanthomonas campestris (Pammel 1895) Dowson 1939 emend. Vauterin et al. 1995	
v2_v3	NCPPB 2346	changed	alternative_names	value_added		Xanthomonas campestris pv. passiflorae (Pereira 1969) Dye 1978
v1_v3	NCPPB 2346	changed	alternative_names	value_added		Xanthomonas campestris pv. passiflorae (Pereira 1969) Dye 1978
v2_v3	NCPPB 2352	changed	alternative_names	value_changed	Xanthomonas campestris pv. maculifoliigardeniae (Ark & Barrett 1946) Dye 1978	Xanthomonas camp. pv. maculifoliigardeniae (Ark & Barrett 1946) Dye 1978
v1_v3	NCPPB 2352	changed	alternative_names	value_changed	Xanthomonas campestris pv. maculifoliigardeniae (Ark & Barrett 1946) Dye 1978	Xanthomonas camp. pv. maculifoliigardeniae (Ark & Barrett 1946) Dye 1978
v2_v3	NCPPB 2370	changed	alternative_names	value_added		Xanthomonas campestris pv. heliotropii (Sabet et al.1969) Dye 1978
v1_v3	NCPPB 2370	changed	alternative_names	value_added		Xanthomonas campestris pv. heliotropii (Sabet et al.1969) Dye 1978
v2_v3	NCPPB 2371	changed	alternative_names	value_added		Xanthomonas campestris pv. amorphophalli (Jindal et al. 1972) Dye 1978
v1_v3	NCPPB 2371	changed	alternative_names	value_added		Xanthomonas campestris pv. amorphophalli (Jindal et al. 1972) Dye 1978
v2_v3	NCPPB 2372	changed	alternative_names	value_added		Xanthomonas campestris pv. fici (Cavara 1905) Dye 1978
v1_v3	NCPPB 2372	changed	alternative_names	value_added		Xanthomonas campestris pv. fici (Cavara 1905) Dye 1978
v2_v3	NCPPB 2373	changed	alternative_names	value_added		Xanthomonas campestris pv. carissae (Moniz et al. 1964) Dye 1978
v1_v3	NCPPB 2373	changed	alternative_names	value_added		Xanthomonas campestris pv. carissae (Moniz et al. 1964) Dye 1978
v2_v3	NCPPB 2374	changed	alternative_names	value_added		Xanthomonas campestris pv. carissae (Moniz et al. 1964) Dye 1978
v1_v3	NCPPB 2374	changed	alternative_names	value_added		Xanthomonas campestris pv. carissae (Moniz et al. 1964) Dye 1978
v2_v3	NCPPB 2375	changed	alternative_names	value_added		Xanthomonas axonopodis pv. axonopodis Starr & Garces 1950
v1_v3	NCPPB 2375	changed	alternative_names	value_added		Xanthomonas axonopodis pv. axonopodis Starr & Garces 1950
v2_v3	NCPPB 2376	changed	alternative_names	value_added		Xanthomonas axonopodis pv. axonopodis Starr & Garces 1950
v1_v3	NCPPB 2376	changed	alternative_names	value_added		Xanthomonas axonopodis pv. axonopodis Starr & Garces 1950
v2_v3	NCPPB 2387	changed	alternative_names	value_added		Xanthomonas campestris pv. mangiferaeindicae (Patel et al. 1948) Robbs, Ribeiro & Kimura 1974, Xanthomonas axonopodis pv. mangiferaeindicae (Patel et al. 1948) Ah-You et al. 2007
v1_v3	NCPPB 2387	changed	alternative_names	value_added		Xanthomonas campestris pv. mangiferaeindicae (Patel et al. 1948) Robbs, Ribeiro & Kimura 1974, Xanthomonas axonopodis pv. mangiferaeindicae (Patel et al. 1948) Ah-You et al. 2007
v2_v3	NCPPB 2388	changed	host	probable_v3_truncation	Melia indica (Isolated from Azadirachta indica A. Juss)	Melia indica (Isolated from Azadirachta indica A.
v1_v3	NCPPB 2388	changed	host	probable_v3_truncation	Melia indica (Isolated from Azadirachta indica A. Juss)	Melia indica (Isolated from Azadirachta indica A.
v2_v3	NCPPB 2393	changed	alternative_names	v3_value_expanded	Xanthomonas campestris pv. alfalfae (Riker et al. 1935) Dye 1978	Xanthomonas campestris pv. alfalfae (Riker et al. 1935) Dye 1978, Xanthomonas axonopodis pv. alfalfae (Riker et al. 1935) Vauterin et al. 1995, Xanthomonas alfalfae subsp. alfalfae (ex Riker et al. 1935) Schaad et al. 2007
v1_v3	NCPPB 2393	changed	alternative_names	v3_value_expanded	Xanthomonas campestris pv. alfalfae (Riker et al. 1935) Dye 1978	Xanthomonas campestris pv. alfalfae (Riker et al. 1935) Dye 1978, Xanthomonas axonopodis pv. alfalfae (Riker et al. 1935) Vauterin et al. 1995, Xanthomonas alfalfae subsp. alfalfae (ex Riker et al. 1935) Schaad et al. 2007
v2_v3	NCPPB 2438	changed	alternative_names	value_added		Xanthomonas campestris pv. mangiferaeindicae (Patel et al. 1948) Robbs, Ribeiro & Kimura 1974, Xanthomonas axonopodis pv. mangiferaeindicae (Patel et al. 1948) Ah-You et al. 2007
v1_v3	NCPPB 2438	changed	alternative_names	value_added		Xanthomonas campestris pv. mangiferaeindicae (Patel et al. 1948) Robbs, Ribeiro & Kimura 1974, Xanthomonas axonopodis pv. mangiferaeindicae (Patel et al. 1948) Ah-You et al. 2007
v2_v3	NCPPB 2443	changed	alternative_names	v3_value_expanded	Xanthomonas campestris pv. manihotis (Berthet & Bondar 1915) Dye 1978	Xanthomonas campestris pv. manihotis (Berthet & Bondar 1915) Dye 1978, Xanthomonas axonopodis pv. manihotis (Bondar 1912) Vauterin et al. 1995
v1_v3	NCPPB 2443	changed	alternative_names	v3_value_expanded	Xanthomonas campestris pv. manihotis (Berthet & Bondar 1915) Dye 1978	Xanthomonas campestris pv. manihotis (Berthet & Bondar 1915) Dye 1978, Xanthomonas axonopodis pv. manihotis (Bondar 1912) Vauterin et al. 1995
v2_v3	NCPPB 2444	changed	alternative_names	v3_value_expanded	Xanthomonas campestris pv. manihotis (Berthet & Bondar 1915) Dye 1978	Xanthomonas campestris pv. manihotis (Berthet & Bondar 1915) Dye 1978, Xanthomonas axonopodis pv. manihotis (Bondar 1912) Vauterin et al. 1995
v1_v3	NCPPB 2444	changed	alternative_names	v3_value_expanded	Xanthomonas campestris pv. manihotis (Berthet & Bondar 1915) Dye 1978	Xanthomonas campestris pv. manihotis (Berthet & Bondar 1915) Dye 1978, Xanthomonas axonopodis pv. manihotis (Bondar 1912) Vauterin et al. 1995
v2_v3	NCPPB 2446	changed	alternative_names	value_changed	Xanthomonas campestris pv. oryzae (Ishyama 1922) Dye 1978	Xanthomonas campestris pv. oryzae (Ishiyama 1922) Dye 1978
v1_v3	NCPPB 2446	changed	alternative_names	value_changed	Xanthomonas campestris pv. oryzae (Ishyama 1922) Dye 1978	Xanthomonas campestris pv. oryzae (Ishiyama 1922) Dye 1978
v2_v3	NCPPB 2473	added	__record__	added		
v1_v3	NCPPB 2473	added	__record__	added		
v2_v3	NCPPB 2492	changed	alternative_names	value_added		Xanthomonas campestris pv. clerodendri (Patel et al. 1952) Dye 1978
v1_v3	NCPPB 2492	changed	alternative_names	value_added		Xanthomonas campestris pv. clerodendri (Patel et al. 1952) Dye 1978
v2_v3	NCPPB 2493	changed	alternative_names	value_changed	Xanthomonas campestris pv. cucurbitae	Pseudomonas paucimobilis Holmes et al.1977
v1_v3	NCPPB 2493	changed	alternative_names	value_changed	Xanthomonas campestris pv. cucurbitae	Pseudomonas paucimobilis Holmes et al.1977
v2_v3	NCPPB 2495	changed	alternative_names	v3_value_expanded	Xanthomonas campestris pv. malvacearum (Smith 1901) Dye 1978	Xanthomonas campestris pv. malvacearum (Smith 1901) Dye 1978, Xanthomonas axonopodis pv. malvacearum (Smith 1901) Vauterin et al. 1995, Xanthomonas citri subsp. malvacearum (Smith 1901) Schaad et al. 2007
v1_v3	NCPPB 2495	changed	alternative_names	v3_value_expanded	Xanthomonas campestris pv. malvacearum (Smith 1901) Dye 1978	Xanthomonas campestris pv. malvacearum (Smith 1901) Dye 1978, Xanthomonas axonopodis pv. malvacearum (Smith 1901) Vauterin et al. 1995, Xanthomonas citri subsp. malvacearum (Smith 1901) Schaad et al. 2007
v2_v3	NCPPB 2496	changed	alternative_names	value_added		Xanthomonas campestris pv. sesami (Sabet & Dowson 1960) Dye 1978
v1_v3	NCPPB 2496	changed	alternative_names	value_added		Xanthomonas campestris pv. sesami (Sabet & Dowson 1960) Dye 1978
v2_v3	NCPPB 2497	changed	alternative_names	probable_v3_truncation	Xanthomonas campestris (Pammel 1895) Dowson 1939 emend. Vauterin et al. 1995	Xanthomonas campestris
v1_v3	NCPPB 2497	changed	alternative_names	probable_v3_truncation	Xanthomonas campestris (Pammel 1895) Dowson 1939 emend. Vauterin et al. 1995	Xanthomonas campestris
v1_v3	NCPPB 2497	changed	notes	formatting_only	Pathovar unspecified.Fatty acid profile not typical of xanthomonas.Close to Flavobacterium sp. Not a Xanthomonad. Re: Phylogenetic structure of Xanthomonas determined by comparison of gyrB sequences. Int.J.of Syst. and evol. Microbiology (2009),59,264-274.	Pathovar unspecified. Fatty acid profile not typical of xanthomonas. Close to Flavobacterium sp. Not a Xanthomonad. Re: Phylogenetic structure of Xanthomonas determined by comparison of gyrB sequences. Int.J.of Syst. and evol. Microbiology (2009),59,264-274.
v2_v3	NCPPB 2498	changed	alternative_names	value_added		Xanthomonas campestris pv. convolvuli (Nagarkoti et al.1973) Dye 1978
v1_v3	NCPPB 2498	changed	alternative_names	value_added		Xanthomonas campestris pv. convolvuli (Nagarkoti et al.1973) Dye 1978
v2_v3	NCPPB 2499	changed	alternative_names	value_added		Xanthomonas campestris pv. aracearum (Berniac 1974) Dye 1978
v1_v3	NCPPB 2499	changed	alternative_names	value_added		Xanthomonas campestris pv. aracearum (Berniac 1974) Dye 1978
v2_v3	NCPPB 2550	changed	alternative_names	v3_value_expanded	Xanthomonas campestris pv. manihotis (Berthet & Bondar 1915) Dye 1978	Xanthomonas campestris pv. manihotis (Berthet & Bondar 1915) Dye 1978, Xanthomonas axonopodis pv. manihotis (Bondar 1912) Vauterin et al. 1995
v1_v3	NCPPB 2550	changed	alternative_names	v3_value_expanded	Xanthomonas campestris pv. manihotis (Berthet & Bondar 1915) Dye 1978	Xanthomonas campestris pv. manihotis (Berthet & Bondar 1915) Dye 1978, Xanthomonas axonopodis pv. manihotis (Bondar 1912) Vauterin et al. 1995
v2_v3	NCPPB 2572	changed	alternative_names	value_added		Xanthomonas campestris pv. vesicatoria (Doidge 1920) Dye 1978
v1_v3	NCPPB 2572	changed	alternative_names	value_added		Xanthomonas campestris pv. vesicatoria (Doidge 1920) Dye 1978
v2_v3	NCPPB 2573	changed	alternative_names	v3_value_expanded	Xanthomonas campestris pv. vesicatoria (Doidge 1920) Dye 1978	Xanthomonas campestris pv. vesicatoria (Doidge 1920) Dye 1978, Xanthomonas axonopodis pv. vesicatoria Vauterin et al. 1995 (Invalid name), Xanthomonas euvesicatoria Jones et al. 2006
v1_v3	NCPPB 2573	changed	alternative_names	v3_value_expanded	Xanthomonas campestris pv. vesicatoria (Doidge 1920) Dye 1978	Xanthomonas campestris pv. vesicatoria (Doidge 1920) Dye 1978, Xanthomonas axonopodis pv. vesicatoria Vauterin et al. 1995 (Invalid name), Xanthomonas euvesicatoria Jones et al. 2006
v2_v3	NCPPB 2574	changed	alternative_names	v3_value_expanded	Xanthomonas campestris pv. vesicatoria (Doidge 1920) Dye 1978	Xanthomonas campestris pv. vesicatoria (Doidge 1920) Dye 1978, Xanthomonas axonopodis pv. vesicatoria Vauterin et al. 1995 (Invalid name), Xanthomonas euvesicatoria Jones et al. 2006
v1_v3	NCPPB 2574	changed	alternative_names	v3_value_expanded	Xanthomonas campestris pv. vesicatoria (Doidge 1920) Dye 1978	Xanthomonas campestris pv. vesicatoria (Doidge 1920) Dye 1978, Xanthomonas axonopodis pv. vesicatoria Vauterin et al. 1995 (Invalid name), Xanthomonas euvesicatoria Jones et al. 2006
v2_v3	NCPPB 2575	changed	alternative_names	v3_value_expanded	Xanthomonas campestris pv. vesicatoria (Doidge 1920) Dye 1978	Xanthomonas campestris pv. vesicatoria (Doidge 1920) Dye 1978, Xanthomonas axonopodis pv. vesicatoria Vauterin et al. 1995 (Invalid name), Xanthomonas euvesicatoria Jones et al. 2006
v1_v3	NCPPB 2575	changed	alternative_names	v3_value_expanded	Xanthomonas campestris pv. vesicatoria (Doidge 1920) Dye 1978	Xanthomonas campestris pv. vesicatoria (Doidge 1920) Dye 1978, Xanthomonas axonopodis pv. vesicatoria Vauterin et al. 1995 (Invalid name), Xanthomonas euvesicatoria Jones et al. 2006
v2_v3	NCPPB 2576	changed	alternative_names	value_added		Xanthomonas campestris pv. vesicatoria (Doidge 1920) Dye 1978
v1_v3	NCPPB 2576	changed	alternative_names	value_added		Xanthomonas campestris pv. vesicatoria (Doidge 1920) Dye 1978
v2_v3	NCPPB 2586	changed	current_name	value_changed	Xanthomonas sp. Dowson 1939	Xanthomonas campestris (Pammel 1895) Dowson 1939 (Approved Lists 1980)
v2_v3	NCPPB 2586	changed	alternative_names	probable_v3_truncation	Xanthomonas campestris (Pammel 1895) Dowson 1939 emend. Vauterin et al. 1995	Xanthomonas campestris
v1_v3	NCPPB 2586	changed	current_name	value_changed	Xanthomonas sp. Dowson 1939	Xanthomonas campestris (Pammel 1895) Dowson 1939 (Approved Lists 1980)
v1_v3	NCPPB 2586	changed	alternative_names	probable_v3_truncation	Xanthomonas campestris (Pammel 1895) Dowson 1939 emend. Vauterin et al. 1995	Xanthomonas campestris
v1_v3	NCPPB 2586	changed	notes	value_changed	Pathovar unspecified. Fatty acid profile typical of xanthomonas, close to X. hortorum pv. hederae. Partial gene (gyrB) sequence is 100% match to NCPPB 528 (Xanthomonas c. pv. campestris (T) (2017)	Partial gene (gyrB) sequence is 100% match to NCPPB 528 (Xanthomonas c. pv. campestris (T) (2017)
v2_v3	NCPPB 2592	changed	alternative_names	value_added		Xanthomonas campestris pv. betae Robbs, Kimura & Ribeiro 1981
v1_v3	NCPPB 2592	changed	alternative_names	value_added		Xanthomonas campestris pv. betae Robbs, Kimura & Ribeiro 1981
v2_v3	NCPPB 2593	changed	alternative_names	v3_value_expanded	Xanthomonas campestris pv. vesicatoria (Doidge 1920) Dye 1978	Xanthomonas campestris pv. vesicatoria (Doidge 1920) Dye 1978, Xanthomonas axonopodis pv. vesicatoria Vauterin et al. 1995 (Invalid name), Xanthomonas euvesicatoria Jones et al. 2006
v1_v3	NCPPB 2593	changed	alternative_names	v3_value_expanded	Xanthomonas campestris pv. vesicatoria (Doidge 1920) Dye 1978	Xanthomonas campestris pv. vesicatoria (Doidge 1920) Dye 1978, Xanthomonas axonopodis pv. vesicatoria Vauterin et al. 1995 (Invalid name), Xanthomonas euvesicatoria Jones et al. 2006
v2_v3	NCPPB 2594	changed	alternative_names	v3_value_expanded	Xanthomonas campestris pv. vesicatoria (Doidge 1920) Dye 1978	Xanthomonas campestris pv. vesicatoria (Doidge 1920) Dye 1978, Xanthomonas axonopodis pv. vesicatoria Vauterin et al. 1995 (Invalid name), Xanthomonas euvesicatoria Jones et al. 2006
v1_v3	NCPPB 2594	changed	alternative_names	v3_value_expanded	Xanthomonas campestris pv. vesicatoria (Doidge 1920) Dye 1978	Xanthomonas campestris pv. vesicatoria (Doidge 1920) Dye 1978, Xanthomonas axonopodis pv. vesicatoria Vauterin et al. 1995 (Invalid name), Xanthomonas euvesicatoria Jones et al. 2006
v2_v3	NCPPB 2595	changed	alternative_names	value_added		Xanthomonas campestris pv. vesicatoria (Doidge 1920) Dye 1978
v1_v3	NCPPB 2595	changed	alternative_names	value_added		Xanthomonas campestris pv. vesicatoria (Doidge 1920) Dye 1978
v2_v3	NCPPB 2632	changed	alternative_names	probable_v3_truncation	Xanthomonas campestris (Pammel 1895) Dowson 1939 emend. Vauterin et al. 1995	Xanthomonas campestris
v1_v3	NCPPB 2632	changed	alternative_names	probable_v3_truncation	Xanthomonas campestris (Pammel 1895) Dowson 1939 emend. Vauterin et al. 1995	Xanthomonas campestris
v2_v3	NCPPB 2649	changed	alternative_names	value_added		Xanthomonas campestris pv. arecae (Rao & Mohan 1970) Dye 1978
v1_v3	NCPPB 2649	changed	alternative_names	value_added		Xanthomonas campestris pv. arecae (Rao & Mohan 1970) Dye 1978
v2_v3	NCPPB 2654	changed	alternative_names	probable_v3_truncation	Xanthomonas campestris (Pammel 1895) Dowson 1939 emend. Vauterin et al. 1995	Xanthomonas campestris
v1_v3	NCPPB 2654	changed	alternative_names	probable_v3_truncation	Xanthomonas campestris (Pammel 1895) Dowson 1939 emend. Vauterin et al. 1995	Xanthomonas campestris
v1_v3	NCPPB 2654	changed	notes	formatting_only	Pathovar unspecified. Not pathogenic on bean pods (F. W. Catton pers. comm.)..Fatty acid profile typical of xanthomonas.Close to X.axonopodis pv phaseoli	Pathovar unspecified. Not pathogenic on bean pods (F. W. Catton pers. comm.). Fatty acid profile typical of xanthomonas. Close to X.axonopodis pv. phaseoli
v2_v3	NCPPB 2665	changed	alternative_names	value_changed	Xanthomonas campestris pv. phaseoli (Smith 1897) Dye 1978 Xanthomonas axonopodis pv. phaseoli (Smith 1897) Vauterin et al.1995	Xanthomonas axonopodis pv. phaseoli (Smith 1897) Vauterin et al.1995, Xanthomonas campestris pv. phaseoli (Smith 1897) Dye 1978, Xanthomonas fuscans subsp. fuscans Schaad et al. 2007
v1_v3	NCPPB 2665	changed	alternative_names	value_changed	Xanthomonas campestris pv. phaseoli (Smith 1897) Dye 1978 Xanthomonas axonopodis pv. phaseoli (Smith 1897) Vauterin et al.1995	Xanthomonas axonopodis pv. phaseoli (Smith 1897) Vauterin et al.1995, Xanthomonas campestris pv. phaseoli (Smith 1897) Dye 1978, Xanthomonas fuscans subsp. fuscans Schaad et al. 2007
v2_v3	NCPPB 2695	changed	alternative_names	v3_value_expanded	Xanthomonas campestris pv. graminis (Egli et al. 1975) Dye 1978	Xanthomonas campestris pv. graminis (Egli et al. 1975) Dye 1978; Xanthomonas translucens pv. graminis (Egli et al. 1975) Vauterin et al. 1995
v1_v3	NCPPB 2695	changed	alternative_names	v3_value_expanded	Xanthomonas campestris pv. graminis (Egli et al. 1975) Dye 1978	Xanthomonas campestris pv. graminis (Egli et al. 1975) Dye 1978; Xanthomonas translucens pv. graminis (Egli et al. 1975) Vauterin et al. 1995
v2_v3	NCPPB 2696	changed	alternative_names	v3_value_expanded	Xanthomonas campestris pv. graminis (Egli et al. 1975) Dye 1978	Xanthomonas campestris pv. graminis (Egli et al. 1975) Dye 1978; Xanthomonas translucens pv. graminis (Egli et al. 1975) Vauterin et al. 1995
v1_v3	NCPPB 2696	changed	alternative_names	v3_value_expanded	Xanthomonas campestris pv. graminis (Egli et al. 1975) Dye 1978	Xanthomonas campestris pv. graminis (Egli et al. 1975) Dye 1978; Xanthomonas translucens pv. graminis (Egli et al. 1975) Vauterin et al. 1995
v2_v3	NCPPB 2697	changed	alternative_names	v3_value_expanded	Xanthomonas campestris pv. graminis (Egli et al. 1975) Dye 1978	Xanthomonas campestris pv. graminis (Egli et al. 1975) Dye 1978; Xanthomonas translucens pv. graminis (Egli et al. 1975) Vauterin et al. 1995
v1_v3	NCPPB 2697	changed	alternative_names	v3_value_expanded	Xanthomonas campestris pv. graminis (Egli et al. 1975) Dye 1978	Xanthomonas campestris pv. graminis (Egli et al. 1975) Dye 1978; Xanthomonas translucens pv. graminis (Egli et al. 1975) Vauterin et al. 1995
v2_v3	NCPPB 2698	changed	alternative_names	v3_value_expanded	Xanthomonas campestris pv. graminis (Egli et al. 1975) Dye 1978	Xanthomonas campestris pv. graminis (Egli et al. 1975) Dye 1978; Xanthomonas translucens pv. graminis (Egli et al. 1975) Vauterin et al. 1995
v1_v3	NCPPB 2698	changed	alternative_names	v3_value_expanded	Xanthomonas campestris pv. graminis (Egli et al. 1975) Dye 1978	Xanthomonas campestris pv. graminis (Egli et al. 1975) Dye 1978; Xanthomonas translucens pv. graminis (Egli et al. 1975) Vauterin et al. 1995
v2_v3	NCPPB 2699	changed	alternative_names	v3_value_expanded	Xanthomonas campestris pv. arrhenatheri Egli & Schmidt 1982	Xanthomonas campestris pv. arrhenatheri Egli & Schmidt 1982; Xanthomonas translucens pv. arrhenatheri (Egli & Schmidt 1982) Vauterin et al. 1995
v1_v3	NCPPB 2699	changed	alternative_names	v3_value_expanded	Xanthomonas campestris pv. arrhenatheri Egli & Schmidt 1982	Xanthomonas campestris pv. arrhenatheri Egli & Schmidt 1982; Xanthomonas translucens pv. arrhenatheri (Egli & Schmidt 1982) Vauterin et al. 1995
v2_v3	NCPPB 2700	changed	alternative_names	v3_value_expanded	Xanthomonas campestris pv. graminis (Egli et al. 1975) Dye 1978	Xanthomonas campestris pv. graminis (Egli et al. 1975) Dye 1978; Xanthomonas translucens pv. graminis (Egli et al. 1975) Vauterin et al. 1995
v1_v3	NCPPB 2700	changed	alternative_names	v3_value_expanded	Xanthomonas campestris pv. graminis (Egli et al. 1975) Dye 1978	Xanthomonas campestris pv. graminis (Egli et al. 1975) Dye 1978; Xanthomonas translucens pv. graminis (Egli et al. 1975) Vauterin et al. 1995
v2_v3	NCPPB 2701	changed	alternative_names	v3_value_expanded	Xanthomonas campestris pv. graminis (Egli et al. 1975) Dye 1978	Xanthomonas campestris pv. graminis (Egli et al. 1975) Dye 1978; Xanthomonas translucens pv. graminis (Egli et al. 1975) Vauterin et al. 1995
v1_v3	NCPPB 2701	changed	alternative_names	v3_value_expanded	Xanthomonas campestris pv. graminis (Egli et al. 1975) Dye 1978	Xanthomonas campestris pv. graminis (Egli et al. 1975) Dye 1978; Xanthomonas translucens pv. graminis (Egli et al. 1975) Vauterin et al. 1995
v2_v3	NCPPB 2817	changed	alternative_names	v3_value_expanded	Xanthomonas campestris pv. cerealis (Hagborg 1942) Dye 1978	Xanthomonas campestris pv. cerealis (Hagborg 1942) Dye 1978; Xanthomonas translucens pv. cerealis (Hagborg 1942) Vauterin et al.1995
v1_v3	NCPPB 2817	changed	alternative_names	v3_value_expanded	Xanthomonas campestris pv. cerealis (Hagborg 1942) Dye 1978	Xanthomonas campestris pv. cerealis (Hagborg 1942) Dye 1978; Xanthomonas translucens pv. cerealis (Hagborg 1942) Vauterin et al.1995
v2_v3	NCPPB 2819	changed	alternative_names	v3_value_expanded	Xanthomonas campestris pv. cerealis (Hagborg 1942) Dye 1978	Xanthomonas campestris pv. cerealis (Hagborg 1942) Dye 1978; Xanthomonas translucens pv. cerealis (Hagborg 1942) Vauterin et al.1995
v1_v3	NCPPB 2819	changed	alternative_names	v3_value_expanded	Xanthomonas campestris pv. cerealis (Hagborg 1942) Dye 1978	Xanthomonas campestris pv. cerealis (Hagborg 1942) Dye 1978; Xanthomonas translucens pv. cerealis (Hagborg 1942) Vauterin et al.1995
v1_v2	NCPPB 2821	changed	name_as_received	formatting_only	Xanthomonas translucens f.sp . undulosa Smith et al. 1919	Xanthomonas translucens f.sp. undulosa Smith et al. 1919
v1_v3	NCPPB 2821	changed	name_as_received	formatting_only	Xanthomonas translucens f.sp . undulosa Smith et al. 1919	Xanthomonas translucens f.sp. undulosa Smith et al. 1919
v1_v2	NCPPB 2822	changed	name_as_received	formatting_only	Xanthomonas translucens f.sp . secalis Reddy et al. 1924	Xanthomonas translucens f.sp. secalis Reddy et al. 1924
v1_v3	NCPPB 2822	changed	name_as_received	formatting_only	Xanthomonas translucens f.sp . secalis Reddy et al. 1924	Xanthomonas translucens f.sp. secalis Reddy et al. 1924
v1_v2	NCPPB 2825	changed	name_as_received	formatting_only	Xanthomonas translucens f.sp . undulosa Smith et al. 1919	Xanthomonas translucens f.sp. undulosa Smith et al. 1919
v1_v3	NCPPB 2825	changed	name_as_received	formatting_only	Xanthomonas translucens f.sp . undulosa Smith et al. 1919	Xanthomonas translucens f.sp. undulosa Smith et al. 1919
v1_v2	NCPPB 2826	changed	name_as_received	formatting_only	Xanthomonas translucens f.sp . undulosa Smith et al. 1919	Xanthomonas translucens f.sp. undulosa Smith et al. 1919
v1_v3	NCPPB 2826	changed	name_as_received	formatting_only	Xanthomonas translucens f.sp . undulosa Smith et al. 1919	Xanthomonas translucens f.sp. undulosa Smith et al. 1919
v2_v3	NCPPB 2827	changed	alternative_names	v3_value_expanded	Xanthomonas campestris pv. cerealis (Hagborg 1942) Dye 1978	Xanthomonas campestris pv. cerealis (Hagborg 1942) Dye 1978; Xanthomonas translucens pv. cerealis (Hagborg 1942) Vauterin et al.1995
v1_v3	NCPPB 2827	changed	alternative_names	v3_value_expanded	Xanthomonas campestris pv. cerealis (Hagborg 1942) Dye 1978	Xanthomonas campestris pv. cerealis (Hagborg 1942) Dye 1978; Xanthomonas translucens pv. cerealis (Hagborg 1942) Vauterin et al.1995
v1_v2	NCPPB 2828	changed	name_as_received	formatting_only	Xanthomonas translucens f.sp . undulosa Smith et al	Xanthomonas translucens f.sp. undulosa Smith et al
v1_v3	NCPPB 2828	changed	name_as_received	formatting_only	Xanthomonas translucens f.sp . undulosa Smith et al	Xanthomonas translucens f.sp. undulosa Smith et al
v2_v3	NCPPB 2831	changed	alternative_names	v3_value_expanded	Xanthomonas campestris pv. cerealis (Hagborg 1942) Dye 1978	Xanthomonas campestris pv. cerealis (Hagborg 1942) Dye 1978; Xanthomonas translucens pv. cerealis (Hagborg 1942) Vauterin et al.1995
v1_v3	NCPPB 2831	changed	alternative_names	v3_value_expanded	Xanthomonas campestris pv. cerealis (Hagborg 1942) Dye 1978	Xanthomonas campestris pv. cerealis (Hagborg 1942) Dye 1978; Xanthomonas translucens pv. cerealis (Hagborg 1942) Vauterin et al.1995
v2_v3	NCPPB 2832	changed	alternative_names	value_added		Xanthomonas campestris pv. aracearum (Berniac 1974) Dye 1978
v1_v3	NCPPB 2832	changed	alternative_names	value_added		Xanthomonas campestris pv. aracearum (Berniac 1974) Dye 1978
v2_v3	NCPPB 2834	changed	alternative_names	v3_value_expanded	Xanthomonas campestris pv. malvacearum (Smith 1901) Dye 1978	Xanthomonas campestris pv. malvacearum (Smith 1901) Dye 1978, Xanthomonas axonopodis pv. malvacearum (Smith 1901) Vauterin et al. 1995, Xanthomonas citri subsp. malvacearum (Smith 1901) Schaad et al. 2007
v1_v3	NCPPB 2834	changed	alternative_names	v3_value_expanded	Xanthomonas campestris pv. malvacearum (Smith 1901) Dye 1978	Xanthomonas campestris pv. malvacearum (Smith 1901) Dye 1978, Xanthomonas axonopodis pv. malvacearum (Smith 1901) Vauterin et al. 1995, Xanthomonas citri subsp. malvacearum (Smith 1901) Schaad et al. 2007
v2_v3	NCPPB 2835	changed	alternative_names	v3_value_expanded	Xanthomonas campestris pv. malvacearum (Smith 1901) Dye 1978	Xanthomonas campestris pv. malvacearum (Smith 1901) Dye 1978, Xanthomonas axonopodis pv. malvacearum (Smith 1901) Vauterin et al. 1995, Xanthomonas citri subsp. malvacearum (Smith 1901) Schaad et al. 2007
v1_v3	NCPPB 2835	changed	alternative_names	v3_value_expanded	Xanthomonas campestris pv. malvacearum (Smith 1901) Dye 1978	Xanthomonas campestris pv. malvacearum (Smith 1901) Dye 1978, Xanthomonas axonopodis pv. malvacearum (Smith 1901) Vauterin et al. 1995, Xanthomonas citri subsp. malvacearum (Smith 1901) Schaad et al. 2007
v2_v3	NCPPB 2836	changed	alternative_names	v3_value_expanded	Xanthomonas campestris pv. malvacearum (Smith 1901) Dye 1978	Xanthomonas campestris pv. malvacearum (Smith 1901) Dye 1978, Xanthomonas axonopodis pv. malvacearum (Smith 1901) Vauterin et al. 1995, Xanthomonas citri subsp. malvacearum (Smith 1901) Schaad et al. 2007
v1_v3	NCPPB 2836	changed	alternative_names	v3_value_expanded	Xanthomonas campestris pv. malvacearum (Smith 1901) Dye 1978	Xanthomonas campestris pv. malvacearum (Smith 1901) Dye 1978, Xanthomonas axonopodis pv. malvacearum (Smith 1901) Vauterin et al. 1995, Xanthomonas citri subsp. malvacearum (Smith 1901) Schaad et al. 2007
v2_v3	NCPPB 2837	changed	alternative_names	v3_value_expanded	Xanthomonas campestris pv. malvacearum (Smith 1901) Dye 1978	Xanthomonas campestris pv. malvacearum (Smith 1901) Dye 1978, Xanthomonas axonopodis pv. malvacearum (Smith 1901) Vauterin et al. 1995, Xanthomonas citri subsp. malvacearum (Smith 1901) Schaad et al. 2007
v1_v3	NCPPB 2837	changed	alternative_names	v3_value_expanded	Xanthomonas campestris pv. malvacearum (Smith 1901) Dye 1978	Xanthomonas campestris pv. malvacearum (Smith 1901) Dye 1978, Xanthomonas axonopodis pv. malvacearum (Smith 1901) Vauterin et al. 1995, Xanthomonas citri subsp. malvacearum (Smith 1901) Schaad et al. 2007
v2_v3	NCPPB 2838	changed	alternative_names	v3_value_expanded	Xanthomonas campestris pv. malvacearum (Smith 1901) Dye 1978	Xanthomonas campestris pv. malvacearum (Smith 1901) Dye 1978, Xanthomonas axonopodis pv. malvacearum (Smith 1901) Vauterin et al. 1995, Xanthomonas citri subsp. malvacearum (Smith 1901) Schaad et al. 2007
v1_v3	NCPPB 2838	changed	alternative_names	v3_value_expanded	Xanthomonas campestris pv. malvacearum (Smith 1901) Dye 1978	Xanthomonas campestris pv. malvacearum (Smith 1901) Dye 1978, Xanthomonas axonopodis pv. malvacearum (Smith 1901) Vauterin et al. 1995, Xanthomonas citri subsp. malvacearum (Smith 1901) Schaad et al. 2007
v2_v3	NCPPB 2839	changed	alternative_names	v3_value_expanded	Xanthomonas campestris pv. malvacearum (Smith 1901) Dye 1978	Xanthomonas campestris pv. malvacearum (Smith 1901) Dye 1978, Xanthomonas axonopodis pv. malvacearum (Smith 1901) Vauterin et al. 1995, Xanthomonas citri subsp. malvacearum (Smith 1901) Schaad et al. 2007
v1_v3	NCPPB 2839	changed	alternative_names	v3_value_expanded	Xanthomonas campestris pv. malvacearum (Smith 1901) Dye 1978	Xanthomonas campestris pv. malvacearum (Smith 1901) Dye 1978, Xanthomonas axonopodis pv. malvacearum (Smith 1901) Vauterin et al. 1995, Xanthomonas citri subsp. malvacearum (Smith 1901) Schaad et al. 2007
v2_v3	NCPPB 2840	changed	alternative_names	v3_value_expanded	Xanthomonas campestris pv. malvacearum (Smith 1901) Dye 1978	Xanthomonas campestris pv. malvacearum (Smith 1901) Dye 1978, Xanthomonas axonopodis pv. malvacearum (Smith 1901) Vauterin et al. 1995, Xanthomonas citri subsp. malvacearum (Smith 1901) Schaad et al. 2007
v1_v3	NCPPB 2840	changed	alternative_names	v3_value_expanded	Xanthomonas campestris pv. malvacearum (Smith 1901) Dye 1978	Xanthomonas campestris pv. malvacearum (Smith 1901) Dye 1978, Xanthomonas axonopodis pv. malvacearum (Smith 1901) Vauterin et al. 1995, Xanthomonas citri subsp. malvacearum (Smith 1901) Schaad et al. 2007
v2_v3	NCPPB 2856	changed	alternative_names	probable_v3_truncation	Xanthomonas campestris (Pammel 1895) Dowson 1939 emend. Vauterin et al. 1995	Xanthomonas campestris
v1_v3	NCPPB 2856	changed	alternative_names	probable_v3_truncation	Xanthomonas campestris (Pammel 1895) Dowson 1939 emend. Vauterin et al. 1995	Xanthomonas campestris
v2_v3	NCPPB 2859	changed	alternative_names	value_changed	Xanthomonas campestris pv. corylina (Miller et al. 1940) Dye 1978	Stenotrophomonas sp.
v1_v3	NCPPB 2859	changed	alternative_names	value_changed	Xanthomonas campestris pv. corylina (Miller et al. 1940) Dye 1978	Stenotrophomonas sp.
v2_v3	NCPPB 2864	changed	current_name	value_changed	Xanthomonas sp. Dowson 1939	Xanthomonas arboricola Vauterin et al. 1995
v2_v3	NCPPB 2864	changed	name_as_received	value_added		Xanthomonas sp. Dowson 1939
v2_v3	NCPPB 2864	changed	alternative_names	value_cleared	Xanthomonas campestris (Pammel 1895) Dowson 1939 emend. Vauterin et al. 1995	
v1_v3	NCPPB 2864	changed	current_name	value_changed	Xanthomonas sp. Dowson 1939	Xanthomonas arboricola Vauterin et al. 1995
v1_v3	NCPPB 2864	changed	name_as_received	value_added		Xanthomonas sp. Dowson 1939
v1_v3	NCPPB 2864	changed	alternative_names	value_cleared	Xanthomonas campestris (Pammel 1895) Dowson 1939 emend. Vauterin et al. 1995	
v2_v3	NCPPB 2865	changed	current_name	value_changed	Xanthomonas sp. Dowson 1939	Xanthomonas arboricola Vauterin et al. 1995
v2_v3	NCPPB 2865	changed	name_as_received	value_added		Xanthomonas sp. Dowson 1939
v2_v3	NCPPB 2865	changed	alternative_names	value_cleared	Xanthomonas campestris (Pammel 1895) Dowson 1939 emend. Vauterin et al. 1995	
v1_v3	NCPPB 2865	changed	current_name	value_changed	Xanthomonas sp. Dowson 1939	Xanthomonas arboricola Vauterin et al. 1995
v1_v3	NCPPB 2865	changed	name_as_received	value_added		Xanthomonas sp. Dowson 1939
v1_v3	NCPPB 2865	changed	alternative_names	value_cleared	Xanthomonas campestris (Pammel 1895) Dowson 1939 emend. Vauterin et al. 1995	
v2_v3	NCPPB 2866	changed	current_name	value_changed	Xanthomonas sp. Dowson 1939	Xanthomonas arboricola Vauterin et al. 1995
v2_v3	NCPPB 2866	changed	name_as_received	value_added		Xanthomonas sp. Dowson 1939
v2_v3	NCPPB 2866	changed	alternative_names	value_cleared	Xanthomonas campestris (Pammel 1895) Dowson 1939 emend. Vauterin et al. 1995	
v1_v3	NCPPB 2866	changed	current_name	value_changed	Xanthomonas sp. Dowson 1939	Xanthomonas arboricola Vauterin et al. 1995
v1_v3	NCPPB 2866	changed	name_as_received	value_added		Xanthomonas sp. Dowson 1939
v1_v3	NCPPB 2866	changed	alternative_names	value_cleared	Xanthomonas campestris (Pammel 1895) Dowson 1939 emend. Vauterin et al. 1995	
v1_v3	NCPPB 2866	changed	notes	formatting_only	Partial gene sequencing of gyrB (Parkinson et al. 2009) places this strain in Xanthomonas arboricola. Pathovar unspecified. Not pathogenic on Chrysanthemum morifolium (NCPPB). Close to X.arboricola pv. pruni and pv.corylina	Partial gene sequencing of gyrB (Parkinson et al. 2009) places this strain in Xanthomonas arboricola. Pathovar unspecified. Not pathogenic on Chrysanthemum morifolium (NCPPB). Close to X.arboricola pv. pruni and pv. corylina
v2_v3	NCPPB 2877	changed	current_name	value_changed	Xanthomonas campestris pv. cannabis Severin 1978	Xanthomonas cannabis (ex Severin 1978) McKnight et al. 2026
v2_v3	NCPPB 2877	changed	alternative_names	value_added		Xanthomonas campestris pv. cannabis Severin 1978, Xanthomonas cannabis (ex Severin 1978) Jacobs et al. 2015
v1_v3	NCPPB 2877	changed	current_name	value_changed	Xanthomonas campestris pv. cannabis Severin 1978	Xanthomonas cannabis (ex Severin 1978) McKnight et al. 2026
v1_v3	NCPPB 2877	changed	alternative_names	value_added		Xanthomonas campestris pv. cannabis Severin 1978, Xanthomonas cannabis (ex Severin 1978) Jacobs et al. 2015
v1_v3	NCPPB 2877	changed	type_strain_of_species	value_changed	No	Yes
v1_v3	NCPPB 2877	changed	pathotype_strain	value_changed	Yes	No
v1_v3	NCPPB 2877	changed	notes	value_changed	"The proposed type strain for ""Xanthomonas cannabis"" Jacobs et al. 2015"	Proposed type strain of 'Xanthomonas cannabis' McKnight et al. 2025
v2_v3	NCPPB 2885	changed	alternative_names	value_added		Xanthomonas campestris pv. mangiferaeindicae (Patel et al. 1948) Robbs, Ribeiro & Kimura 1974, Xanthomonas axonopodis pv. mangiferaeindicae (Patel et al. 1948) Ah-You et al. 2007
v1_v3	NCPPB 2885	changed	alternative_names	value_added		Xanthomonas campestris pv. mangiferaeindicae (Patel et al. 1948) Robbs, Ribeiro & Kimura 1974, Xanthomonas axonopodis pv. mangiferaeindicae (Patel et al. 1948) Ah-You et al. 2007
v2_v3	NCPPB 2894	changed	alternative_names	v3_value_expanded	Xanthomonas campestris pv. alfalfae (Riker et al. 1935) Dye 1978	Xanthomonas campestris pv. alfalfae (Riker et al. 1935) Dye 1978, Xanthomonas axonopodis pv. alfalfae (Riker et al. 1935) Vauterin et al. 1995, Xanthomonas alfalfae subsp. alfalfae (ex Riker et al. 1935) Schaad et al. 2007
v1_v3	NCPPB 2894	changed	alternative_names	v3_value_expanded	Xanthomonas campestris pv. alfalfae (Riker et al. 1935) Dye 1978	Xanthomonas campestris pv. alfalfae (Riker et al. 1935) Dye 1978, Xanthomonas axonopodis pv. alfalfae (Riker et al. 1935) Vauterin et al. 1995, Xanthomonas alfalfae subsp. alfalfae (ex Riker et al. 1935) Schaad et al. 2007
v2_v3	NCPPB 2910	changed	alternative_names	v3_value_expanded	Xanthomonas campestris pv. manihotis (Berthet & Bondar 1915) Dye 1978	Xanthomonas campestris pv. manihotis (Berthet & Bondar 1915) Dye 1978, Xanthomonas axonopodis pv. manihotis (Bondar 1912) Vauterin et al. 1995
v1_v3	NCPPB 2910	changed	alternative_names	v3_value_expanded	Xanthomonas campestris pv. manihotis (Berthet & Bondar 1915) Dye 1978	Xanthomonas campestris pv. manihotis (Berthet & Bondar 1915) Dye 1978, Xanthomonas axonopodis pv. manihotis (Bondar 1912) Vauterin et al. 1995
v1_v2	NCPPB 2914	changed	name_as_received	formatting_only	Xanthomonas phaseoli f.sp .rhynchosiae Sabet et al. 1969	Xanthomonas phaseoli f.sp.rhynchosiae Sabet et al. 1969
v2_v3	NCPPB 2914	changed	alternative_names	v3_value_expanded	Xanthomonas campestris pv. rhynchosiae (Sabet et al. 1969) Dye 1978	Xanthomonas campestris pv. rhynchosiae (Sabet et al. 1969) Dye 1978, Xanthomonas axonopodis pv. rhynchosiae (Sabet et al. 1969) Vauterin et al.1995
v1_v3	NCPPB 2914	changed	name_as_received	formatting_only	Xanthomonas phaseoli f.sp .rhynchosiae Sabet et al. 1969	Xanthomonas phaseoli f.sp.rhynchosiae Sabet et al. 1969
v1_v3	NCPPB 2914	changed	alternative_names	v3_value_expanded	Xanthomonas campestris pv. rhynchosiae (Sabet et al. 1969) Dye 1978	Xanthomonas campestris pv. rhynchosiae (Sabet et al. 1969) Dye 1978, Xanthomonas axonopodis pv. rhynchosiae (Sabet et al. 1969) Vauterin et al.1995
v2_v3	NCPPB 2918	changed	alternative_names	probable_v3_truncation	Xanthomonas campestris (Pammel 1895) Dowson 1939 emend. Vauterin et al. 1995	Xanthomonas campestris
v1_v3	NCPPB 2918	changed	alternative_names	probable_v3_truncation	Xanthomonas campestris (Pammel 1895) Dowson 1939 emend. Vauterin et al. 1995	Xanthomonas campestris
v1_v3	NCPPB 2918	changed	notes	formatting_only	Pathovar unspecified.Fatty acid profile typical of xanthomonas.No good match	Pathovar unspecified. Fatty acid profile typical of xanthomonas. No good match.
v2_v3	NCPPB 2919	changed	alternative_names	v3_value_expanded	Xanthomonas campestris pv. manihotis (Berthet & Bondar 1915) Dye 1978	Xanthomonas campestris pv. manihotis (Berthet & Bondar 1915) Dye 1978, Xanthomonas axonopodis pv. manihotis (Bondar 1912) Vauterin et al. 1995
v1_v3	NCPPB 2919	changed	alternative_names	v3_value_expanded	Xanthomonas campestris pv. manihotis (Berthet & Bondar 1915) Dye 1978	Xanthomonas campestris pv. manihotis (Berthet & Bondar 1915) Dye 1978, Xanthomonas axonopodis pv. manihotis (Bondar 1912) Vauterin et al. 1995
v2_v3	NCPPB 2925	changed	alternative_names	probable_v3_truncation	Xanthomonas campestris (Pammel 1895) Dowson 1939 emend. Vauterin et al. 1995	Xanthomonas campestris
v1_v3	NCPPB 2925	changed	alternative_names	probable_v3_truncation	Xanthomonas campestris (Pammel 1895) Dowson 1939 emend. Vauterin et al. 1995	Xanthomonas campestris
v1_v3	NCPPB 2925	changed	notes	value_changed	Pathovar unspecified.Fatty acid profile not typical of xanthomonas.No match. Probably not a Xanthomonad. Re: Phylogenetic structure of Xanthomonas determined by comparison of gyrB sequences. Int.J.of Syst. and evol. Microbiology (2009),59,264-274. Probably a Sphingomonas.	Pathovar unspecified. Fatty acid profile not typical of xanthomonas. No match. Probably not a Xanthomonad. Re: Phylogenetic structure of Xanthomonas determined by comparison of gyrB sequences. Int.J.of Syst. and evol. Microbiology (2009),59,264-274. Possibly a Sphingomonas.
v2_v3	NCPPB 2931	changed	alternative_names	v3_value_expanded	Xanthomonas campestris pv. glycines (Nakano 1919) Dye 1978	Xanthomonas campestris pv. glycines (Nakano 1919) Dye 1978, Xanthomonas axonopodis pv. glycines (Nakano 1919) Vauterin et al. 1995
v1_v3	NCPPB 2931	changed	alternative_names	v3_value_expanded	Xanthomonas campestris pv. glycines (Nakano 1919) Dye 1978	Xanthomonas campestris pv. glycines (Nakano 1919) Dye 1978, Xanthomonas axonopodis pv. glycines (Nakano 1919) Vauterin et al. 1995
v2_v3	NCPPB 2932	changed	alternative_names	value_added		Xanthomonas campestris pv. daturae (Jain, Dange & Siradhana 1975) Bradbury 1986
v1_v3	NCPPB 2932	changed	alternative_names	value_added		Xanthomonas campestris pv. daturae (Jain, Dange & Siradhana 1975) Bradbury 1986
v2_v3	NCPPB 2933	changed	current_name	value_changed	Xanthomonas sp. Dowson 1939	Xanthomonas hortorum Vauterin et al. 1995
v2_v3	NCPPB 2933	changed	name_as_received	value_added		Xanthomonas sp. Dowson 1939
v2_v3	NCPPB 2933	changed	alternative_names	value_cleared	Xanthomonas campestris (Pammel 1895) Dowson 1939 emend. Vauterin et al. 1995	
v2_v3	NCPPB 2933	changed	country	v3_value_expanded	UK	UK (Isle of Man)
v1_v3	NCPPB 2933	changed	current_name	value_changed	Xanthomonas sp. Dowson 1939	Xanthomonas hortorum Vauterin et al. 1995
v1_v3	NCPPB 2933	changed	name_as_received	value_added		Xanthomonas sp. Dowson 1939
v1_v3	NCPPB 2933	changed	alternative_names	value_cleared	Xanthomonas campestris (Pammel 1895) Dowson 1939 emend. Vauterin et al. 1995	
v1_v3	NCPPB 2933	changed	country	v3_value_expanded	UK	UK (Isle of Man)
v2_v3	NCPPB 2934	changed	alternative_names	probable_v3_truncation	Xanthomonas campestris (Pammel 1895) Dowson 1939 emend. Vauterin et al. 1995	Xanthomonas campestris
v1_v3	NCPPB 2934	changed	alternative_names	probable_v3_truncation	Xanthomonas campestris (Pammel 1895) Dowson 1939 emend. Vauterin et al. 1995	Xanthomonas campestris
v1_v3	NCPPB 2934	changed	notes	formatting_only	Pathovar unspecified.Fatty acid profile typical of xanthomonas.Close to X. translucens	Pathovar unspecified. Fatty acid profile typical of xanthomonas. Close to X. translucens.
v2_v3	NCPPB 2935	changed	alternative_names	value_added		Xanthomonas campestris pv. daturae (Jain, Dange & Siradhana 1975) Bradbury 1986
v1_v3	NCPPB 2935	changed	alternative_names	value_added		Xanthomonas campestris pv. daturae (Jain, Dange & Siradhana 1975) Bradbury 1986
v2_v3	NCPPB 2936	changed	alternative_names	value_added		Xanthomonas campestris pv. argemones (Srinivasan et al. 1961) Dye 1978
v1_v3	NCPPB 2936	changed	alternative_names	value_added		Xanthomonas campestris pv. argemones (Srinivasan et al. 1961) Dye 1978
v2_v3	NCPPB 2938	changed	alternative_names	v3_value_expanded	Xanthomonas campestris pv. glycines (Nakano 1919) Dye 1978	Xanthomonas campestris pv. glycines (Nakano 1919) Dye 1978, Xanthomonas axonopodis pv. glycines (Nakano 1919) Vauterin et al. 1995
v1_v3	NCPPB 2938	changed	alternative_names	v3_value_expanded	Xanthomonas campestris pv. glycines (Nakano 1919) Dye 1978	Xanthomonas campestris pv. glycines (Nakano 1919) Dye 1978, Xanthomonas axonopodis pv. glycines (Nakano 1919) Vauterin et al. 1995
v2_v3	NCPPB 2963	changed	current_name	value_changed	Xanthomonas populi subsp. populi (ex Ridé 1958) van den Mooter & Swings 1990	Xanthomonas populi (ex Ridé 1958) van den Mooter & Swings 1990
v2_v3	NCPPB 2963	changed	alternative_names	probable_v3_truncation	Xanthomonas populi subsp. populi (Ride 1958) Ride & Ride 1978 Xanthomonas populi subsp. populi (Ride 1958) Ride & Ride 1978	Xanthomonas populi subsp. populi (Ride 1958) Ride & Ride 1978
v1_v3	NCPPB 2963	changed	current_name	value_changed	Xanthomonas populi subsp. populi (ex Ridé 1958) van den Mooter & Swings 1990	Xanthomonas populi (ex Ridé 1958) van den Mooter & Swings 1990
v1_v3	NCPPB 2963	changed	alternative_names	probable_v3_truncation	Xanthomonas populi subsp. populi (Ride 1958) Ride & Ride 1978 Xanthomonas populi subsp. populi (Ride 1958) Ride & Ride 1978	Xanthomonas populi subsp. populi (Ride 1958) Ride & Ride 1978
v2_v3	NCPPB 2965	changed	alternative_names	v3_value_expanded	Xanthomonas campestris pv. manihotis (Berthet & Bondar 1915) Dye 1978	Xanthomonas campestris pv. manihotis (Berthet & Bondar 1915) Dye 1978, Xanthomonas axonopodis pv. manihotis (Bondar 1912) Vauterin et al. 1995
v1_v3	NCPPB 2965	changed	alternative_names	v3_value_expanded	Xanthomonas campestris pv. manihotis (Berthet & Bondar 1915) Dye 1978	Xanthomonas campestris pv. manihotis (Berthet & Bondar 1915) Dye 1978, Xanthomonas axonopodis pv. manihotis (Bondar 1912) Vauterin et al. 1995
v2_v3	NCPPB 2967	changed	alternative_names	v3_value_expanded	Xanthomonas campestris pv. manihotis (Berthet & Bondar 1915) Dye 1978	Xanthomonas campestris pv. manihotis (Berthet & Bondar 1915) Dye 1978, Xanthomonas axonopodis pv. manihotis (Bondar 1912) Vauterin et al. 1995
v1_v3	NCPPB 2967	changed	alternative_names	v3_value_expanded	Xanthomonas campestris pv. manihotis (Berthet & Bondar 1915) Dye 1978	Xanthomonas campestris pv. manihotis (Berthet & Bondar 1915) Dye 1978, Xanthomonas axonopodis pv. manihotis (Bondar 1912) Vauterin et al. 1995
v2_v3	NCPPB 2968	changed	alternative_names	value_added		Xanthomonas campestris pv. vesicatoria (Doidge 1920) Dye 1978, Xanthomonas axonopodis pv. vesicatoria Vauterin et al. 1995 (Invalid name), Xanthomonas euvesicatoria Jones et al. 2006
v1_v3	NCPPB 2968	changed	alternative_names	value_added		Xanthomonas campestris pv. vesicatoria (Doidge 1920) Dye 1978, Xanthomonas axonopodis pv. vesicatoria Vauterin et al. 1995 (Invalid name), Xanthomonas euvesicatoria Jones et al. 2006
v1_v2	NCPPB 2973	changed	name_as_received	formatting_only	Xanthomonas phaseoli f.sp . cassiae	Xanthomonas phaseoli f.sp. cassiae
v1_v3	NCPPB 2973	changed	name_as_received	formatting_only	Xanthomonas phaseoli f.sp . cassiae	Xanthomonas phaseoli f.sp. cassiae
v2_v3	NCPPB 2977	changed	alternative_names	value_added		Xanthomonas campestris pv. thirumalacharii (Padhya & Patel 1964) Dye 1978
v1_v3	NCPPB 2977	changed	alternative_names	value_added		Xanthomonas campestris pv. thirumalacharii (Padhya & Patel 1964) Dye 1978
v2_v3	NCPPB 2982	changed	alternative_names	value_changed	Xanthomonas sp.	Pseudomonas cissicola (Takimoto 1939) Burkholder 1948
v1_v3	NCPPB 2982	changed	alternative_names	value_changed	Xanthomonas sp.	Pseudomonas cissicola (Takimoto 1939) Burkholder 1948
v2_v3	NCPPB 3002	changed	alternative_names	value_changed	Xanthomonas campestris pv. oryzae (Ishyama 1922) Dye 1978	Xanthomonas campestris pv. oryzae (Ishiyama 1922) Dye 1978
v1_v3	NCPPB 3002	changed	alternative_names	value_changed	Xanthomonas campestris pv. oryzae (Ishyama 1922) Dye 1978	Xanthomonas campestris pv. oryzae (Ishiyama 1922) Dye 1978
v2_v3	NCPPB 3020	changed	alternative_names	v3_value_expanded	Xanthomonas campestris pv. graminis (Egli et al. 1975) Dye 1978	Xanthomonas campestris pv. graminis (Egli et al. 1975) Dye 1978; Xanthomonas translucens pv. graminis (Egli et al. 1975) Vauterin et al. 1995
v1_v3	NCPPB 3020	changed	alternative_names	v3_value_expanded	Xanthomonas campestris pv. graminis (Egli et al. 1975) Dye 1978	Xanthomonas campestris pv. graminis (Egli et al. 1975) Dye 1978; Xanthomonas translucens pv. graminis (Egli et al. 1975) Vauterin et al. 1995
v2_v3	NCPPB 3022	changed	alternative_names	value_changed	Xanthomonas campestris pv. oryzae (Ishyama 1922) Dye 1978	Xanthomonas campestris pv. oryzae (Ishiyama 1922) Dye 1978
v1_v3	NCPPB 3022	changed	alternative_names	value_changed	Xanthomonas campestris pv. oryzae (Ishyama 1922) Dye 1978	Xanthomonas campestris pv. oryzae (Ishiyama 1922) Dye 1978
v2_v3	NCPPB 3035	changed	alternative_names	v3_value_expanded	Xanthomonas campestris pv. phaseoli (Smith 1897) Dye 1978	Xanthomonas campestris pv. phaseoli (Smith 1897) Dye 1978, Xanthomonas axonopodis pv. phaseoli (Smith 1897) Vauterin et al.1995
v1_v3	NCPPB 3035	changed	alternative_names	v3_value_expanded	Xanthomonas campestris pv. phaseoli (Smith 1897) Dye 1978	Xanthomonas campestris pv. phaseoli (Smith 1897) Dye 1978, Xanthomonas axonopodis pv. phaseoli (Smith 1897) Vauterin et al.1995
v2_v3	NCPPB 3040	changed	alternative_names	v3_value_expanded	Xanthomonas campestris pv. graminis (Egli et al. 1975) Dye 1978	Xanthomonas campestris pv. graminis (Egli et al. 1975) Dye 1978; Xanthomonas translucens pv. graminis (Egli et al. 1975) Vauterin et al. 1995
v1_v3	NCPPB 3040	changed	alternative_names	v3_value_expanded	Xanthomonas campestris pv. graminis (Egli et al. 1975) Dye 1978	Xanthomonas campestris pv. graminis (Egli et al. 1975) Dye 1978; Xanthomonas translucens pv. graminis (Egli et al. 1975) Vauterin et al. 1995
v2_v3	NCPPB 3041	changed	alternative_names	v3_value_expanded	Xanthomonas campestris pv. graminis (Egli et al. 1975) Dye 1978	Xanthomonas campestris pv. graminis (Egli et al. 1975) Dye 1978; Xanthomonas translucens pv. graminis (Egli et al. 1975) Vauterin et al. 1995
v1_v3	NCPPB 3041	changed	alternative_names	v3_value_expanded	Xanthomonas campestris pv. graminis (Egli et al. 1975) Dye 1978	Xanthomonas campestris pv. graminis (Egli et al. 1975) Dye 1978; Xanthomonas translucens pv. graminis (Egli et al. 1975) Vauterin et al. 1995
v2_v3	NCPPB 3058	changed	alternative_names	v3_value_expanded	Xanthomonas campestris pv. manihotis (Berthet & Bondar 1915) Dye 1978	Xanthomonas campestris pv. manihotis (Berthet & Bondar 1915) Dye 1978, Xanthomonas axonopodis pv. manihotis (Bondar 1912) Vauterin et al. 1995
v1_v3	NCPPB 3058	changed	alternative_names	v3_value_expanded	Xanthomonas campestris pv. manihotis (Berthet & Bondar 1915) Dye 1978	Xanthomonas campestris pv. manihotis (Berthet & Bondar 1915) Dye 1978, Xanthomonas axonopodis pv. manihotis (Bondar 1912) Vauterin et al. 1995
v2_v3	NCPPB 3059	changed	alternative_names	v3_value_expanded	Xanthomonas campestris pv. manihotis (Berthet & Bondar 1915) Dye 1978	Xanthomonas campestris pv. manihotis (Berthet & Bondar 1915) Dye 1978, Xanthomonas axonopodis pv. manihotis (Bondar 1912) Vauterin et al. 1995
v1_v3	NCPPB 3059	changed	alternative_names	v3_value_expanded	Xanthomonas campestris pv. manihotis (Berthet & Bondar 1915) Dye 1978	Xanthomonas campestris pv. manihotis (Berthet & Bondar 1915) Dye 1978, Xanthomonas axonopodis pv. manihotis (Bondar 1912) Vauterin et al. 1995
v2_v3	NCPPB 3060	changed	alternative_names	v3_value_expanded	Xanthomonas campestris pv. manihotis (Berthet & Bondar 1915) Dye 1978	Xanthomonas campestris pv. manihotis (Berthet & Bondar 1915) Dye 1978, Xanthomonas axonopodis pv. manihotis (Bondar 1912) Vauterin et al. 1995
v1_v3	NCPPB 3060	changed	alternative_names	v3_value_expanded	Xanthomonas campestris pv. manihotis (Berthet & Bondar 1915) Dye 1978	Xanthomonas campestris pv. manihotis (Berthet & Bondar 1915) Dye 1978, Xanthomonas axonopodis pv. manihotis (Bondar 1912) Vauterin et al. 1995
v2_v3	NCPPB 3066	changed	alternative_names	v3_value_expanded	Xanthomonas campestris pv. graminis (Egli et al. 1975) Dye 1978	Xanthomonas campestris pv. graminis (Egli et al. 1975) Dye 1978; Xanthomonas translucens pv. graminis (Egli et al. 1975) Vauterin et al. 1995
v1_v3	NCPPB 3066	changed	alternative_names	v3_value_expanded	Xanthomonas campestris pv. graminis (Egli et al. 1975) Dye 1978	Xanthomonas campestris pv. graminis (Egli et al. 1975) Dye 1978; Xanthomonas translucens pv. graminis (Egli et al. 1975) Vauterin et al. 1995
v2_v3	NCPPB 3078	changed	alternative_names	value_added		Xanthomonas campestris pv. mangiferaeindicae (Patel et al. 1948) Robbs, Ribeiro & Kimura 1974
v1_v3	NCPPB 3078	changed	alternative_names	value_added		Xanthomonas campestris pv. mangiferaeindicae (Patel et al. 1948) Robbs, Ribeiro & Kimura 1974
v2_v3	NCPPB 3079	changed	alternative_names	value_added		Xanthomonas campestris pv. paulliniae Robbs, Medieros & Kimura 1982
v1_v3	NCPPB 3079	changed	alternative_names	value_added		Xanthomonas campestris pv. paulliniae Robbs, Medieros & Kimura 1982
v2_v3	NCPPB 3082	changed	alternative_names	value_added		Xanthomonas campestris pv. paulliniae Robbs, Medieros & Kimura 1982
v1_v3	NCPPB 3082	changed	alternative_names	value_added		Xanthomonas campestris pv. paulliniae Robbs, Medieros & Kimura 1982
v2_v3	NCPPB 3086	changed	alternative_names	value_changed	Xanthomonas campestris pv. desmodiilaxiflori (Pant & Kulkarni 1977) Dye 1978	Xanthomonas camp. pv. desmodiilaxiflori (Pant & Kulkarni 1977) Dye 1978
v1_v3	NCPPB 3086	changed	alternative_names	value_changed	Xanthomonas campestris pv. desmodiilaxiflori (Pant & Kulkarni 1977) Dye 1978	Xanthomonas camp. pv. desmodiilaxiflori (Pant & Kulkarni 1977) Dye 1978
v1_v2	NCPPB 3092	changed	name_as_received	formatting_only	Xanthomonas campestris f.sp . clitoriae	Xanthomonas campestris f.sp. clitoriae
v1_v3	NCPPB 3092	changed	name_as_received	formatting_only	Xanthomonas campestris f.sp . clitoriae	Xanthomonas campestris f.sp. clitoriae
v2_v3	NCPPB 3110	changed	alternative_names	value_added		Xanthomonas campestris pv. mangiferaeindicae (Patel et al. 1948) Robbs, Ribeiro & Kimura 1974, Xanthomonas axonopodis pv. anacardii Ah-You et al. 2007
v1_v3	NCPPB 3110	changed	alternative_names	value_added		Xanthomonas campestris pv. mangiferaeindicae (Patel et al. 1948) Robbs, Ribeiro & Kimura 1974, Xanthomonas axonopodis pv. anacardii Ah-You et al. 2007
v2_v3	NCPPB 3114	changed	alternative_names	value_added		Xanthomonas campestris pv. merremiae (Pant & Kulkarni 1976) Dye et al. 1980
v1_v3	NCPPB 3114	changed	alternative_names	value_added		Xanthomonas campestris pv. merremiae (Pant & Kulkarni 1976) Dye et al. 1980
v2_v3	NCPPB 3125	changed	alternative_names	value_added		Xanthomonas campestris pv. mangiferaeindicae (Patel et al. 1948) Robbs, Ribeiro & Kimura 1974, Xanthomonas axonopodis pv. mangiferaeindicae (Patel et al. 1948) Ah-You et al. 2007
v1_v3	NCPPB 3125	changed	alternative_names	value_added		Xanthomonas campestris pv. mangiferaeindicae (Patel et al. 1948) Robbs, Ribeiro & Kimura 1974, Xanthomonas axonopodis pv. mangiferaeindicae (Patel et al. 1948) Ah-You et al. 2007
v2_v3	NCPPB 3135	changed	alternative_names	v3_value_expanded	Xanthomonas campestris pv. citri (Hasse 1915) Dye 1979	Xanthomonas campestris pv. citri (Hasse 1915) Dye 1979, Xanthomonas axonopodis pv. citri (Hasse 1915) Vauterin et al. 1995, Xanthomonas citri subsp. citri (Hasse 1915) Gabriel et al. 1989
v1_v3	NCPPB 3135	changed	alternative_names	v3_value_expanded	Xanthomonas campestris pv. citri (Hasse 1915) Dye 1979	Xanthomonas campestris pv. citri (Hasse 1915) Dye 1979, Xanthomonas axonopodis pv. citri (Hasse 1915) Vauterin et al. 1995, Xanthomonas citri subsp. citri (Hasse 1915) Gabriel et al. 1989
v2_v3	NCPPB 3136	changed	alternative_names	v3_value_expanded	Xanthomonas campestris pv. citri (Hasse 1915) Dye 1979	Xanthomonas campestris pv. citri (Hasse 1915) Dye 1979, Xanthomonas axonopodis pv. citri (Hasse 1915) Vauterin et al. 1995, Xanthomonas citri subsp. citri (Hasse 1915) Gabriel et al. 1989
v1_v3	NCPPB 3136	changed	alternative_names	v3_value_expanded	Xanthomonas campestris pv. citri (Hasse 1915) Dye 1979	Xanthomonas campestris pv. citri (Hasse 1915) Dye 1979, Xanthomonas axonopodis pv. citri (Hasse 1915) Vauterin et al. 1995, Xanthomonas citri subsp. citri (Hasse 1915) Gabriel et al. 1989
v2_v3	NCPPB 3140	changed	alternative_names	value_added		Xanthomonas campestris pv. passiflorae (Pereira 1969) Dye 1978
v1_v3	NCPPB 3140	changed	alternative_names	value_added		Xanthomonas campestris pv. passiflorae (Pereira 1969) Dye 1978
v2_v3	NCPPB 3161	changed	alternative_names	v3_value_expanded	Xanthomonas campestris pv. manihotis (Berthet & Bondar 1915) Dye 1978	Xanthomonas campestris pv. manihotis (Berthet & Bondar 1915) Dye 1978, Xanthomonas axonopodis pv. manihotis (Bondar 1912) Vauterin et al. 1995
v1_v3	NCPPB 3161	changed	alternative_names	v3_value_expanded	Xanthomonas campestris pv. manihotis (Berthet & Bondar 1915) Dye 1978	Xanthomonas campestris pv. manihotis (Berthet & Bondar 1915) Dye 1978, Xanthomonas axonopodis pv. manihotis (Bondar 1912) Vauterin et al. 1995
v2_v3	NCPPB 3169	changed	alternative_names	v3_value_expanded	Xanthomonas campestris pv. vignicola (Burkholder 1944) Dye 1978	Xanthomonas campestris pv. vignicola (Burkholder 1944) Dye 1978, Xanthomonas axonopodis pv. vignicola (Burkholder 1944) Vauterin et al.1995
v1_v3	NCPPB 3169	changed	alternative_names	v3_value_expanded	Xanthomonas campestris pv. vignicola (Burkholder 1944) Dye 1978	Xanthomonas campestris pv. vignicola (Burkholder 1944) Dye 1978, Xanthomonas axonopodis pv. vignicola (Burkholder 1944) Vauterin et al.1995
v2_v3	NCPPB 3172	changed	alternative_names	v3_value_expanded	Xanthomonas campestris pv. manihotis (Berthet & Bondar 1915) Dye 1978	Xanthomonas campestris pv. manihotis (Berthet & Bondar 1915) Dye 1978, Xanthomonas axonopodis pv. manihotis (Bondar 1912) Vauterin et al. 1995
v1_v3	NCPPB 3172	changed	alternative_names	v3_value_expanded	Xanthomonas campestris pv. manihotis (Berthet & Bondar 1915) Dye 1978	Xanthomonas campestris pv. manihotis (Berthet & Bondar 1915) Dye 1978, Xanthomonas axonopodis pv. manihotis (Bondar 1912) Vauterin et al. 1995
v2_v3	NCPPB 3173	changed	alternative_names	v3_value_expanded	Xanthomonas campestris pv. coracanae (Desai et al. 1965) Dye 1978	Xanthomonas campestris pv. coracanae (Desai et al. 1965) Dye 1978, Xanthomonas axonopodis pv. coracanae (Desai et al. 1965) Vauterin et al. 1995
v1_v3	NCPPB 3173	changed	alternative_names	v3_value_expanded	Xanthomonas campestris pv. coracanae (Desai et al. 1965) Dye 1978	Xanthomonas campestris pv. coracanae (Desai et al. 1965) Dye 1978, Xanthomonas axonopodis pv. coracanae (Desai et al. 1965) Vauterin et al. 1995
v2_v3	NCPPB 3177	changed	alternative_names	value_changed	Xanthomonas campestris pv. oryzae (Ishyama 1922) Dye 1978	Xanthomonas campestris pv. oryzae (Ishiyama 1922) Dye 1978
v1_v3	NCPPB 3177	changed	alternative_names	value_changed	Xanthomonas campestris pv. oryzae (Ishyama 1922) Dye 1978	Xanthomonas campestris pv. oryzae (Ishiyama 1922) Dye 1978
v2_v3	NCPPB 3178	changed	alternative_names	value_added		Xanthomonas campestris pv. vesicatoria (Doidge 1920) Dye 1978
v1_v3	NCPPB 3178	changed	alternative_names	value_added		Xanthomonas campestris pv. vesicatoria (Doidge 1920) Dye 1978
v2_v3	NCPPB 3187	changed	alternative_names	v3_value_expanded	Xanthomonas campestris pv. vignicola (Burkholder 1944) Dye 1978	Xanthomonas campestris pv. vignicola (Burkholder 1944) Dye 1978, Xanthomonas axonopodis pv. vignicola (Burkholder 1944) Vauterin et al.1995
v1_v3	NCPPB 3187	changed	alternative_names	v3_value_expanded	Xanthomonas campestris pv. vignicola (Burkholder 1944) Dye 1978	Xanthomonas campestris pv. vignicola (Burkholder 1944) Dye 1978, Xanthomonas axonopodis pv. vignicola (Burkholder 1944) Vauterin et al.1995
v2_v3	NCPPB 3191	changed	alternative_names	v3_value_expanded	Xanthomonas campestris pv. manihotis (Berthet & Bondar 1915) Dye 1978	Xanthomonas campestris pv. manihotis (Berthet & Bondar 1915) Dye 1978, Xanthomonas axonopodis pv. manihotis (Bondar 1912) Vauterin et al. 1995
v1_v3	NCPPB 3191	changed	alternative_names	v3_value_expanded	Xanthomonas campestris pv. manihotis (Berthet & Bondar 1915) Dye 1978	Xanthomonas campestris pv. manihotis (Berthet & Bondar 1915) Dye 1978, Xanthomonas axonopodis pv. manihotis (Bondar 1912) Vauterin et al. 1995
v2_v3	NCPPB 3194	changed	alternative_names	v3_value_expanded	Xanthomonas campestris pv. manihotis (Berthet & Bondar 1915) Dye 1978	Xanthomonas campestris pv. manihotis (Berthet & Bondar 1915) Dye 1978, Xanthomonas axonopodis pv. manihotis (Bondar 1912) Vauterin et al. 1995
v1_v3	NCPPB 3194	changed	alternative_names	v3_value_expanded	Xanthomonas campestris pv. manihotis (Berthet & Bondar 1915) Dye 1978	Xanthomonas campestris pv. manihotis (Berthet & Bondar 1915) Dye 1978, Xanthomonas axonopodis pv. manihotis (Bondar 1912) Vauterin et al. 1995
v2_v3	NCPPB 3200	changed	current_name	value_changed	Xanthomonas sp. Dowson 1939	Xanthomonas arboricola Vauterin et al. 1995
v2_v3	NCPPB 3200	changed	name_as_received	value_changed	Xanthomonas sp.	Xanthomonas campestris (Pammel 1895) Dowson 1939
v1_v3	NCPPB 3200	changed	current_name	value_changed	Xanthomonas sp. Dowson 1939	Xanthomonas arboricola Vauterin et al. 1995
v1_v3	NCPPB 3200	changed	name_as_received	value_changed	Xanthomonas sp.	Xanthomonas campestris (Pammel 1895) Dowson 1939
v1_v3	NCPPB 3200	changed	notes	value_changed	Partial gene sequencing of gyrB (Parkinson et al. 2009) places this strain in Xamthomonas arboricola. ex Chrysanthemums showing severe wilt	Partial gene sequencing of gyrB (Parkinson et al. 2009) places this strain in Xanthomonas arboricola. ex Chrysanthemums showing severe wilt
v2_v3	NCPPB 3212	changed	alternative_names	v3_value_expanded	Xanthomonas campestris pv. cerealis (Hagborg 1942) Dye 1978	Xanthomonas campestris pv. cerealis (Hagborg 1942) Dye 1978; Xanthomonas translucens pv. cerealis (Hagborg 1942) Vauterin et al.1995
v1_v3	NCPPB 3212	changed	alternative_names	v3_value_expanded	Xanthomonas campestris pv. cerealis (Hagborg 1942) Dye 1978	Xanthomonas campestris pv. cerealis (Hagborg 1942) Dye 1978; Xanthomonas translucens pv. cerealis (Hagborg 1942) Vauterin et al.1995
v2_v3	NCPPB 3218	changed	current_name	value_changed	Xanthomonas sp. Dowson 1939	Xanthomonas arboricola Vauterin et al. 1995
v2_v3	NCPPB 3218	changed	name_as_received	value_changed	Xanthomonas sp.	Xanthomonas campestris (Pammel 1895) Dowson 1939
v1_v3	NCPPB 3218	changed	current_name	value_changed	Xanthomonas sp. Dowson 1939	Xanthomonas arboricola Vauterin et al. 1995
v1_v3	NCPPB 3218	changed	name_as_received	value_changed	Xanthomonas sp.	Xanthomonas campestris (Pammel 1895) Dowson 1939
v2_v3	NCPPB 3229	changed	alternative_names	v3_value_expanded	Xanthomonas campestris pv. arrhenatheri Egli & Schmidt 1982	Xanthomonas campestris pv. arrhenatheri Egli & Schmidt 1982, Xanthomonas translucens pv. arrhenatheri (Egli & Schmidt 1982) Vauterin et al. 1995
v1_v3	NCPPB 3229	changed	alternative_names	v3_value_expanded	Xanthomonas campestris pv. arrhenatheri Egli & Schmidt 1982	Xanthomonas campestris pv. arrhenatheri Egli & Schmidt 1982, Xanthomonas translucens pv. arrhenatheri (Egli & Schmidt 1982) Vauterin et al. 1995
v2_v3	NCPPB 3230	changed	alternative_names	v3_value_expanded	Xanthomonas campestris pv. poae Egli & Schmidt 1982	Xanthomonas campestris pv. poae Egli & Schmidt 1982; Xanthomonas translucens pv. poae (Egli & Schmidt 1982) Vauterin et al. 1995
v1_v3	NCPPB 3230	changed	alternative_names	v3_value_expanded	Xanthomonas campestris pv. poae Egli & Schmidt 1982	Xanthomonas campestris pv. poae Egli & Schmidt 1982; Xanthomonas translucens pv. poae (Egli & Schmidt 1982) Vauterin et al. 1995
v2_v3	NCPPB 3231	changed	alternative_names	v3_value_expanded	Xanthomonas campestris pv. phlei Egli & Schmidt 1982	Xanthomonas campestris pv. phlei Egli & Schmidt 1982; Xanthomonas translucens pv. phlei (Egli & Schmidt 1982) Vauterin et al. 1995
v1_v3	NCPPB 3231	changed	alternative_names	v3_value_expanded	Xanthomonas campestris pv. phlei Egli & Schmidt 1982	Xanthomonas campestris pv. phlei Egli & Schmidt 1982; Xanthomonas translucens pv. phlei (Egli & Schmidt 1982) Vauterin et al. 1995
v2_v3	NCPPB 3232	changed	alternative_names	v3_value_expanded	Xanthomonas campestris pv. citri (Hasse 1915) Dye 1979	Xanthomonas campestris pv. citri (Hasse 1915) Dye 1979, Xanthomonas axonopodis pv. citri (Hasse 1915) Vauterin et al. 1995, Xanthomonas citri subsp. citri (Hasse 1915) Gabriel et al. 1989
v1_v3	NCPPB 3232	changed	alternative_names	v3_value_expanded	Xanthomonas campestris pv. citri (Hasse 1915) Dye 1979	Xanthomonas campestris pv. citri (Hasse 1915) Dye 1979, Xanthomonas axonopodis pv. citri (Hasse 1915) Vauterin et al. 1995, Xanthomonas citri subsp. citri (Hasse 1915) Gabriel et al. 1989
v2_v3	NCPPB 3233	changed	alternative_names	value_changed	Xanthomonas campestris pv. citri (Hasse 1915) Dye 1979	Xanthomonas axonopodis pv. aurantifolii Gabriel et al. 1989, Xanthomonas axonopodis pv. aurantifolii (Gabriel et al. 1989) Vauterin et al. 1995, Xanthomonas fuscans subsp. aurantifolii Schaad et al. 2007
v1_v3	NCPPB 3233	changed	alternative_names	value_changed	Xanthomonas campestris pv. citri (Hasse 1915) Dye 1979	Xanthomonas axonopodis pv. aurantifolii Gabriel et al. 1989, Xanthomonas axonopodis pv. aurantifolii (Gabriel et al. 1989) Vauterin et al. 1995, Xanthomonas fuscans subsp. aurantifolii Schaad et al. 2007
v2_v3	NCPPB 3234	changed	alternative_names	v3_value_expanded	Xanthomonas campestris pv. citri (Hasse 1915) Dye 1979	Xanthomonas campestris pv. citri (Hasse 1915) Dye 1979, Xanthomonas axonopodis pv. citri (Hasse 1915) Vauterin et al. 1995, Xanthomonas citri subsp. citri (Hasse 1915) Gabriel et al. 1989
v1_v3	NCPPB 3234	changed	alternative_names	v3_value_expanded	Xanthomonas campestris pv. citri (Hasse 1915) Dye 1979	Xanthomonas campestris pv. citri (Hasse 1915) Dye 1979, Xanthomonas axonopodis pv. citri (Hasse 1915) Vauterin et al. 1995, Xanthomonas citri subsp. citri (Hasse 1915) Gabriel et al. 1989
v2_v3	NCPPB 3235	changed	alternative_names	value_changed	Xanthomonas campestris pv. aurantifoliae Gabriel et al. 1989	Xanthomonas campestris pv. citri (Hasse 1915) Dye 1979, Xanthomonas axonopodis pv. citri (Hasse 1915) Vauterin et al. 1995, Xanthomonas citri subsp. citri (Hasse 1915) Gabriel et al. 1989
v1_v3	NCPPB 3235	changed	alternative_names	value_changed	Xanthomonas campestris pv. aurantifoliae Gabriel et al. 1989	Xanthomonas campestris pv. citri (Hasse 1915) Dye 1979, Xanthomonas axonopodis pv. citri (Hasse 1915) Vauterin et al. 1995, Xanthomonas citri subsp. citri (Hasse 1915) Gabriel et al. 1989
v2_v3	NCPPB 3236	changed	alternative_names	value_changed	Xanthomonas campestris pv. aurantifoliae Gabriel et al. 1989	Xanthomonas axonopodis pv. aurantifolii Gabriel et al. 1989, Xanthomonas axonopodis pv. aurantifolii (Gabriel et al. 1989) Vauterin et al. 1995, Xanthomonas fuscans subsp. aurantifolii Schaad et al. 2007
v1_v3	NCPPB 3236	changed	alternative_names	value_changed	Xanthomonas campestris pv. aurantifoliae Gabriel et al. 1989	Xanthomonas axonopodis pv. aurantifolii Gabriel et al. 1989, Xanthomonas axonopodis pv. aurantifolii (Gabriel et al. 1989) Vauterin et al. 1995, Xanthomonas fuscans subsp. aurantifolii Schaad et al. 2007
v2_v3	NCPPB 3237	changed	alternative_names	value_changed	Xanthomonas campestris pv. citri (Hasse 1915) Dye 1979	Xanthomonas axonopodis pv. aurantifolii Gabriel et al. 1989, Xanthomonas axonopodis pv. aurantifolii (Gabriel et al. 1989) Vauterin et al. 1995, Xanthomonas fuscans subsp. aurantifolii Schaad et al. 2007
v1_v3	NCPPB 3237	changed	alternative_names	value_changed	Xanthomonas campestris pv. citri (Hasse 1915) Dye 1979	Xanthomonas axonopodis pv. aurantifolii Gabriel et al. 1989, Xanthomonas axonopodis pv. aurantifolii (Gabriel et al. 1989) Vauterin et al. 1995, Xanthomonas fuscans subsp. aurantifolii Schaad et al. 2007
v2_v3	NCPPB 3240	changed	alternative_names	value_added		Xanthomonas campestris pv. vesicatoria (Doidge 1920) Dye 1978
v1_v3	NCPPB 3240	changed	alternative_names	value_added		Xanthomonas campestris pv. vesicatoria (Doidge 1920) Dye 1978
v2_v3	NCPPB 3301	changed	alternative_names	value_changed	Xanthomonas campestris pv. oryzae (Ishyama 1922) Dye 1978	Xanthomonas campestris pv. oryzae (Ishiyama 1922) Dye 1978
v1_v3	NCPPB 3301	changed	alternative_names	value_changed	Xanthomonas campestris pv. oryzae (Ishyama 1922) Dye 1978	Xanthomonas campestris pv. oryzae (Ishiyama 1922) Dye 1978
v2_v3	NCPPB 3303	changed	alternative_names	value_changed	Xanthomonas campestris pv. oryzae (Ishyama 1922) Dye 1978	Xanthomonas campestris pv. oryzae (Ishiyama 1922) Dye 1978
v1_v3	NCPPB 3303	changed	alternative_names	value_changed	Xanthomonas campestris pv. oryzae (Ishyama 1922) Dye 1978	Xanthomonas campestris pv. oryzae (Ishiyama 1922) Dye 1978
v2_v3	NCPPB 3304	changed	alternative_names	value_changed	Xanthomonas campestris pv. oryzae (Ishyama 1922) Dye 1978	Xanthomonas campestris pv. oryzae (Ishiyama 1922) Dye 1978
v1_v3	NCPPB 3304	changed	alternative_names	value_changed	Xanthomonas campestris pv. oryzae (Ishyama 1922) Dye 1978	Xanthomonas campestris pv. oryzae (Ishiyama 1922) Dye 1978
v2_v3	NCPPB 3311	changed	alternative_names	value_added		Xanthomonas campestris pv. vesicatoria (Doidge 1920) Dye 1978
v1_v3	NCPPB 3311	changed	alternative_names	value_added		Xanthomonas campestris pv. vesicatoria (Doidge 1920) Dye 1978
v2_v3	NCPPB 3312	changed	alternative_names	value_added		Xanthomonas campestris pv. vesicatoria (Doidge 1920) Dye 1978
v1_v3	NCPPB 3312	changed	alternative_names	value_added		Xanthomonas campestris pv. vesicatoria (Doidge 1920) Dye 1978
v2_v3	NCPPB 3314	changed	alternative_names	value_added		Xanthomonas campestris pv. vesicatoria (Doidge 1920) Dye 1978
v1_v3	NCPPB 3314	changed	alternative_names	value_added		Xanthomonas campestris pv. vesicatoria (Doidge 1920) Dye 1978
v2_v3	NCPPB 3315	changed	alternative_names	value_added		Xanthomonas campestris pv. vesicatoria (Doidge 1920) Dye 1978
v1_v3	NCPPB 3315	changed	alternative_names	value_added		Xanthomonas campestris pv. vesicatoria (Doidge 1920) Dye 1978
v2_v3	NCPPB 3339	added	__record__	added		
v1_v3	NCPPB 3339	added	__record__	added		
v2_v3	NCPPB 3340	added	__record__	added		
v1_v3	NCPPB 3340	added	__record__	added		
v2_v3	NCPPB 3363	changed	alternative_names	value_changed	Xanthomonas campestris pv. oryzae (Ishyama 1922) Dye 1978	Xanthomonas campestris pv. oryzae (Ishiyama 1922) Dye 1978
v1_v3	NCPPB 3363	changed	alternative_names	value_changed	Xanthomonas campestris pv. oryzae (Ishyama 1922) Dye 1978	Xanthomonas campestris pv. oryzae (Ishiyama 1922) Dye 1978
v2_v3	NCPPB 3380	changed	alternative_names	v3_value_expanded	Xanthomonas campestris pv. dieffenbachiae (McCulloch & Pirone 1939) Dye 1978	Xanthomonas campestris pv. dieffenbachiae (McCulloch & Pirone 1939) Dye 1978, Xanthomonas axonopodis pv. dieffenbachiae (McCulloch & Pirone 1939) Vauterin et al. 1995
v1_v3	NCPPB 3380	changed	alternative_names	v3_value_expanded	Xanthomonas campestris pv. dieffenbachiae (McCulloch & Pirone 1939) Dye 1978	Xanthomonas campestris pv. dieffenbachiae (McCulloch & Pirone 1939) Dye 1978, Xanthomonas axonopodis pv. dieffenbachiae (McCulloch & Pirone 1939) Vauterin et al. 1995
v2_v3	NCPPB 3437	changed	alternative_names	value_added		Xanthomonas campestris pv. passiflorae (Pereira 1969) Dye 1978
v1_v3	NCPPB 3437	changed	alternative_names	value_added		Xanthomonas campestris pv. passiflorae (Pereira 1969) Dye 1978
v2_v3	NCPPB 3438	changed	alternative_names	value_added		Xanthomonas campestris pv. passiflorae (Pereira 1969) Dye 1978
v1_v3	NCPPB 3438	changed	alternative_names	value_added		Xanthomonas campestris pv. passiflorae (Pereira 1969) Dye 1978
v2_v3	NCPPB 3441	changed	alternative_names	value_added		Xanthomonas campestris pv. cordiae Robbs et al., 1983 not a valid name
v1_v3	NCPPB 3441	changed	alternative_names	value_added		Xanthomonas campestris pv. cordiae Robbs et al., 1983 not a valid name
v2_v3	NCPPB 3442	changed	alternative_names	value_added		Xanthomonas campestris pv. cordiae Robbs et al., 1983 not a valid name
v1_v3	NCPPB 3442	changed	alternative_names	value_added		Xanthomonas campestris pv. cordiae Robbs et al., 1983 not a valid name
v2_v3	NCPPB 3443	changed	alternative_names	value_added		Xanthomonas campestris pv. cordiae Robbs et al., 1983 not a valid name
v1_v3	NCPPB 3443	changed	alternative_names	value_added		Xanthomonas campestris pv. cordiae Robbs et al., 1983 not a valid name
v2_v3	NCPPB 3479	changed	alternative_names	value_added		Xanthomonas campestris pv. aracearum (Berniac 1974) Dye 1978
v1_v3	NCPPB 3479	changed	alternative_names	value_added		Xanthomonas campestris pv. aracearum (Berniac 1974) Dye 1978
v2_v3	NCPPB 3559	changed	alternative_names	value_added		Xanthomonas campestris pv. paulliniae Robbs, Medieros & Kimura 1982
v1_v3	NCPPB 3559	changed	alternative_names	value_added		Xanthomonas campestris pv. paulliniae Robbs, Medieros & Kimura 1982
v2_v3	NCPPB 3560	changed	alternative_names	value_added		Xanthomonas campestris pv. viegasii Robbs et al. 1989
v1_v3	NCPPB 3560	changed	alternative_names	value_added		Xanthomonas campestris pv. viegasii Robbs et al. 1989
v2_v3	NCPPB 3561	changed	alternative_names	value_added		Xanthomonas campestris pv. viegasii Robbs et al. 1989
v1_v3	NCPPB 3561	changed	alternative_names	value_added		Xanthomonas campestris pv. viegasii Robbs et al. 1989
v2_v3	NCPPB 3562	changed	alternative_names	v3_value_expanded	Xanthomonas campestris pv. citri (Hasse 1915) Dye 1979	Xanthomonas campestris pv. citri (Hasse 1915) Dye 1979, Xanthomonas axonopodis pv. citri (Hasse 1915) Vauterin et al. 1995, Xanthomonas citri subsp. citri (Hasse 1915) Gabriel et al. 1989
v1_v3	NCPPB 3562	changed	alternative_names	v3_value_expanded	Xanthomonas campestris pv. citri (Hasse 1915) Dye 1979	Xanthomonas campestris pv. citri (Hasse 1915) Dye 1979, Xanthomonas axonopodis pv. citri (Hasse 1915) Vauterin et al. 1995, Xanthomonas citri subsp. citri (Hasse 1915) Gabriel et al. 1989
v2_v3	NCPPB 3563	changed	alternative_names	v3_value_expanded	Xanthomonas campestris pv. punicae (Hingorani & Singh 1959) Dye 1978	Xanthomonas campestris pv. punicae (Hingorani & Singh 1959) Dye 1978, Xanthomonas axonopodis pv. punicae (Hingorani & Singh 1959) Vauterin et al. 1995
v1_v3	NCPPB 3563	changed	alternative_names	v3_value_expanded	Xanthomonas campestris pv. punicae (Hingorani & Singh 1959) Dye 1978	Xanthomonas campestris pv. punicae (Hingorani & Singh 1959) Dye 1978, Xanthomonas axonopodis pv. punicae (Hingorani & Singh 1959) Vauterin et al. 1995
v2_v3	NCPPB 3569	changed	alternative_names	probable_v3_truncation	Xanthomonas campestris (Pammel 1895) Dowson 1939 emend. Vauterin et al. 1995	Xanthomonas campestris
v1_v3	NCPPB 3569	changed	alternative_names	probable_v3_truncation	Xanthomonas campestris (Pammel 1895) Dowson 1939 emend. Vauterin et al. 1995	Xanthomonas campestris
v2_v3	NCPPB 3570	changed	alternative_names	probable_v3_truncation	Xanthomonas campestris (Pammel 1895) Dowson 1939 emend. Vauterin et al. 1995	Xanthomonas campestris
v1_v3	NCPPB 3570	changed	alternative_names	probable_v3_truncation	Xanthomonas campestris (Pammel 1895) Dowson 1939 emend. Vauterin et al. 1995	Xanthomonas campestris
v2_v3	NCPPB 3573	changed	alternative_names	v3_value_expanded	Xanthomonas campestris pv. dieffenbachiae (McCulloch & Pirone 1939) Dye 1978	Xanthomonas campestris pv. dieffenbachiae (McCulloch & Pirone 1939) Dye 1978, Xanthomonas axonopodis pv. dieffenbachiae (McCulloch & Pirone 1939) Vauterin et al. 1995
v1_v3	NCPPB 3573	changed	alternative_names	v3_value_expanded	Xanthomonas campestris pv. dieffenbachiae (McCulloch & Pirone 1939) Dye 1978	Xanthomonas campestris pv. dieffenbachiae (McCulloch & Pirone 1939) Dye 1978, Xanthomonas axonopodis pv. dieffenbachiae (McCulloch & Pirone 1939) Vauterin et al. 1995
v2_v3	NCPPB 3582	changed	current_name	value_changed	Xanthomonas sp. Dowson 1939	Xanthomonas codiaei Vauterin et al. 1995
v2_v3	NCPPB 3582	changed	name_as_received	value_added		Xanthomonas campestris (Pammel 1895) Dowson 1939
v2_v3	NCPPB 3582	changed	alternative_names	value_changed	Xanthomonas campestris (Pammel 1895) Dowson 1939 emend. Vauterin et al. 1995	Xanthomonas campestris pv. cordiae Robbs et al., 1983 not a valid name
v1_v3	NCPPB 3582	changed	current_name	value_changed	Xanthomonas sp. Dowson 1939	Xanthomonas codiaei Vauterin et al. 1995
v1_v3	NCPPB 3582	changed	name_as_received	value_added		Xanthomonas campestris (Pammel 1895) Dowson 1939
v1_v3	NCPPB 3582	changed	alternative_names	value_changed	Xanthomonas campestris (Pammel 1895) Dowson 1939 emend. Vauterin et al. 1995	Xanthomonas campestris pv. cordiae Robbs et al., 1983 not a valid name
v1_v3	NCPPB 3582	changed	notes	probable_v3_truncation	Partial gene sequencing of gyrB (Parkinson et al. 2009) places this strain in Xanthomonas codiaei. Last path check 1988 (NCPPB)	Partial gene sequencing of gyrB (Parkinson et al. 2009) places this strain in Xanthomonas codiaei. Last path check 1988.
v2_v3	NCPPB 3583	changed	alternative_names	probable_v3_truncation	Xanthomonas campestris (Pammel 1895) Dowson 1939 emend. Vauterin et al. 1995	Xanthomonas campestris
v1_v3	NCPPB 3583	changed	alternative_names	probable_v3_truncation	Xanthomonas campestris (Pammel 1895) Dowson 1939 emend. Vauterin et al. 1995	Xanthomonas campestris
v2_v3	NCPPB 3586	changed	alternative_names	value_added		Xanthomonas campestris pv. syngonii Dickey & Zumoff 1987
v1_v3	NCPPB 3586	changed	alternative_names	value_added		Xanthomonas campestris pv. syngonii Dickey & Zumoff 1987
v2_v3	NCPPB 3587	changed	alternative_names	value_added		Xanthomonas campestris pv. syngonii Dickey & Zumoff 1987
v1_v3	NCPPB 3587	changed	alternative_names	value_added		Xanthomonas campestris pv. syngonii Dickey & Zumoff 1987
v2_v3	NCPPB 3592	changed	alternative_names	value_changed	Xanthomonas campestris pv. vitians (Brown 1918) Dye 1978	Xanthomonas cynarae Trébaol et al. 2000; Xanthomonas gardneri (ex uti? 1957) Jones et al. 2006
v1_v3	NCPPB 3592	changed	alternative_names	value_changed	Xanthomonas campestris pv. vitians (Brown 1918) Dye 1978	Xanthomonas cynarae Trébaol et al. 2000; Xanthomonas gardneri (ex uti? 1957) Jones et al. 2006
v2_v3	NCPPB 3593	changed	alternative_names	value_changed	Xanthomonas campestris pv. vitians (Brown 1918) Dye 1978	Xanthomonas cynarae Trébaol et al. 2000; Xanthomonas gardneri (ex uti? 1957) Jones et al. 2006
v1_v3	NCPPB 3593	changed	alternative_names	value_changed	Xanthomonas campestris pv. vitians (Brown 1918) Dye 1978	Xanthomonas cynarae Trébaol et al. 2000; Xanthomonas gardneri (ex uti? 1957) Jones et al. 2006
v2_v3	NCPPB 3595	changed	alternative_names	v3_value_expanded	Xanthomonas campestris pv. phaseoli (Smith 1897) Dye 1978	Xanthomonas campestris pv. phaseoli (Smith 1897) Dye 1978, Xanthomonas axonopodis pv. phaseoli (Smith 1897) Vauterin et al.1995
v1_v3	NCPPB 3595	changed	alternative_names	v3_value_expanded	Xanthomonas campestris pv. phaseoli (Smith 1897) Dye 1978	Xanthomonas campestris pv. phaseoli (Smith 1897) Dye 1978, Xanthomonas axonopodis pv. phaseoli (Smith 1897) Vauterin et al.1995
v2_v3	NCPPB 3596	changed	alternative_names	value_added		Xanthomonas campestris pv. mangiferaeindicae (Patel et al. 1948) Robbs, Ribeiro & Kimura 1974, Xanthomonas axonopodis pv. mangiferaeindicae (Patel et al. 1948) Ah-You et al. 2007
v1_v3	NCPPB 3596	changed	alternative_names	value_added		Xanthomonas campestris pv. mangiferaeindicae (Patel et al. 1948) Robbs, Ribeiro & Kimura 1974, Xanthomonas axonopodis pv. mangiferaeindicae (Patel et al. 1948) Ah-You et al. 2007
v2_v3	NCPPB 3607	changed	alternative_names	v3_value_expanded	Xanthomonas campestris pv. citri (Hasse 1915) Dye 1979	Xanthomonas campestris pv. citri (Hasse 1915) Dye 1979, Xanthomonas axonopodis pv. citri (Hasse 1915) Vauterin et al. 1995, Xanthomonas citri subsp. citri (Hasse 1915) Gabriel et al. 1989
v1_v3	NCPPB 3607	changed	alternative_names	v3_value_expanded	Xanthomonas campestris pv. citri (Hasse 1915) Dye 1979	Xanthomonas campestris pv. citri (Hasse 1915) Dye 1979, Xanthomonas axonopodis pv. citri (Hasse 1915) Vauterin et al. 1995, Xanthomonas citri subsp. citri (Hasse 1915) Gabriel et al. 1989
v2_v3	NCPPB 3608	changed	alternative_names	v3_value_expanded	Xanthomonas campestris pv. citri (Hasse 1915) Dye 1979	Xanthomonas campestris pv. citri (Hasse 1915) Dye 1979, Xanthomonas axonopodis pv. citri (Hasse 1915) Vauterin et al. 1995, Xanthomonas citri subsp. citri (Hasse 1915) Gabriel et al. 1989
v1_v3	NCPPB 3608	changed	alternative_names	v3_value_expanded	Xanthomonas campestris pv. citri (Hasse 1915) Dye 1979	Xanthomonas campestris pv. citri (Hasse 1915) Dye 1979, Xanthomonas axonopodis pv. citri (Hasse 1915) Vauterin et al. 1995, Xanthomonas citri subsp. citri (Hasse 1915) Gabriel et al. 1989
v2_v3	NCPPB 3609	changed	alternative_names	v3_value_expanded	Xanthomonas campestris pv. citri (Hasse 1915) Dye 1979	Xanthomonas campestris pv. citri (Hasse 1915) Dye 1979, Xanthomonas axonopodis pv. citri (Hasse 1915) Vauterin et al. 1995, Xanthomonas fuscans subsp. aurantifolii Schaad et al. 2007
v1_v3	NCPPB 3609	changed	alternative_names	v3_value_expanded	Xanthomonas campestris pv. citri (Hasse 1915) Dye 1979	Xanthomonas campestris pv. citri (Hasse 1915) Dye 1979, Xanthomonas axonopodis pv. citri (Hasse 1915) Vauterin et al. 1995, Xanthomonas fuscans subsp. aurantifolii Schaad et al. 2007
v2_v3	NCPPB 3612	changed	alternative_names	v3_value_expanded	Xanthomonas campestris pv. citri (Hasse 1915) Dye 1979	Xanthomonas campestris pv. citri (Hasse 1915) Dye 1979, Xanthomonas axonopodis pv. citri (Hasse 1915) Vauterin et al. 1995, Xanthomonas citri subsp. citri (Hasse 1915) Gabriel et al. 1989
v1_v3	NCPPB 3612	changed	alternative_names	v3_value_expanded	Xanthomonas campestris pv. citri (Hasse 1915) Dye 1979	Xanthomonas campestris pv. citri (Hasse 1915) Dye 1979, Xanthomonas axonopodis pv. citri (Hasse 1915) Vauterin et al. 1995, Xanthomonas citri subsp. citri (Hasse 1915) Gabriel et al. 1989
v2_v3	NCPPB 3614	changed	alternative_names	value_added		Xanthomonas campestris pv. vesicatoria (Doidge 1920) Dye 1978
v1_v3	NCPPB 3614	changed	alternative_names	value_added		Xanthomonas campestris pv. vesicatoria (Doidge 1920) Dye 1978
v2_v3	NCPPB 3615	changed	alternative_names	v3_value_expanded	Xanthomonas campestris pv. citri (Hasse 1915) Dye 1979	Xanthomonas campestris pv. citri (Hasse 1915) Dye 1979, Xanthomonas axonopodis pv. citri (Hasse 1915) Vauterin et al. 1995, Xanthomonas citri subsp. citri (Hasse 1915) Gabriel et al. 1989
v1_v3	NCPPB 3615	changed	alternative_names	v3_value_expanded	Xanthomonas campestris pv. citri (Hasse 1915) Dye 1979	Xanthomonas campestris pv. citri (Hasse 1915) Dye 1979, Xanthomonas axonopodis pv. citri (Hasse 1915) Vauterin et al. 1995, Xanthomonas citri subsp. citri (Hasse 1915) Gabriel et al. 1989
v2_v3	NCPPB 3646	changed	alternative_names	value_changed	Xanthomonas campestris pv. cassavae (ex Wiehe & Dowson 1953) Vauterin et al. 1995	Xanthomonas campestris pv. cassavae (Wiehe & Dowson 1953) Maraite and Weyns 1979
v1_v3	NCPPB 3646	changed	alternative_names	value_changed	Xanthomonas campestris pv. cassavae (ex Wiehe & Dowson 1953) Vauterin et al. 1995	Xanthomonas campestris pv. cassavae (Wiehe & Dowson 1953) Maraite and Weyns 1979
v2_v3	NCPPB 3647	changed	alternative_names	value_changed	Xanthomonas campestris pv. cassavae (ex Wiehe & Dowson 1953) Vauterin et al. 1995	Xanthomonas campestris pv. cassavae (Wiehe & Dowson 1953) Maraite and Weyns 1979
v1_v3	NCPPB 3647	changed	alternative_names	value_changed	Xanthomonas campestris pv. cassavae (ex Wiehe & Dowson 1953) Vauterin et al. 1995	Xanthomonas campestris pv. cassavae (Wiehe & Dowson 1953) Maraite and Weyns 1979
v2_v3	NCPPB 3653	changed	alternative_names	v3_value_expanded	Xanthomonas campestris pv. citri (Hasse 1915) Dye 1979	Xanthomonas campestris pv. citri (Hasse 1915) Dye 1979, Xanthomonas axonopodis pv. citri (Hasse 1915) Vauterin et al. 1995, Xanthomonas citri subsp. citri (Hasse 1915) Gabriel et al. 1989
v1_v3	NCPPB 3653	changed	alternative_names	v3_value_expanded	Xanthomonas campestris pv. citri (Hasse 1915) Dye 1979	Xanthomonas campestris pv. citri (Hasse 1915) Dye 1979, Xanthomonas axonopodis pv. citri (Hasse 1915) Vauterin et al. 1995, Xanthomonas citri subsp. citri (Hasse 1915) Gabriel et al. 1989
v2_v3	NCPPB 3654	changed	alternative_names	v3_value_expanded	Xanthomonas campestris pv. citri (Hasse 1915) Dye 1979	Xanthomonas campestris pv. citri (Hasse 1915) Dye 1979, Xanthomonas axonopodis pv. citri (Hasse 1915) Vauterin et al. 1995, Xanthomonas fuscans subsp. aurantifolii Schaad et al. 2007
v1_v3	NCPPB 3654	changed	alternative_names	v3_value_expanded	Xanthomonas campestris pv. citri (Hasse 1915) Dye 1979	Xanthomonas campestris pv. citri (Hasse 1915) Dye 1979, Xanthomonas axonopodis pv. citri (Hasse 1915) Vauterin et al. 1995, Xanthomonas fuscans subsp. aurantifolii Schaad et al. 2007
v2_v3	NCPPB 3655	changed	alternative_names	value_changed	Xanthomonas campestris pv. citri (Hasse 1915) Dye 1979	Xanthomonas axonopodis pv. aurantifolii Gabriel et al. 1989, Xanthomonas axonopodis pv. aurantifolii (Gabriel et al. 1989) Vauterin et al. 1995, Xanthomonas fuscans subsp. aurantifolii Schaad et al. 2007
v1_v3	NCPPB 3655	changed	alternative_names	value_changed	Xanthomonas campestris pv. citri (Hasse 1915) Dye 1979	Xanthomonas axonopodis pv. aurantifolii Gabriel et al. 1989, Xanthomonas axonopodis pv. aurantifolii (Gabriel et al. 1989) Vauterin et al. 1995, Xanthomonas fuscans subsp. aurantifolii Schaad et al. 2007
v2_v3	NCPPB 3656	changed	alternative_names	v3_value_expanded	Xanthomonas campestris pv. dieffenbachiae (McCulloch & Pirone 1939) Dye 1978	Xanthomonas campestris pv. dieffenbachiae (McCulloch & Pirone 1939) Dye 1978, Xanthomonas axonopodis pv. dieffenbachiae (McCulloch & Pirone 1939) Vauterin et al. 1995
v1_v3	NCPPB 3656	changed	alternative_names	v3_value_expanded	Xanthomonas campestris pv. dieffenbachiae (McCulloch & Pirone 1939) Dye 1978	Xanthomonas campestris pv. dieffenbachiae (McCulloch & Pirone 1939) Dye 1978, Xanthomonas axonopodis pv. dieffenbachiae (McCulloch & Pirone 1939) Vauterin et al. 1995
v2_v3	NCPPB 3657	changed	alternative_names	v3_value_expanded	Xanthomonas campestris pv. dieffenbachiae (McCulloch & Pirone 1939) Dye 1978	Xanthomonas campestris pv. dieffenbachiae (McCulloch & Pirone 1939) Dye 1978, Xanthomonas axonopodis pv. dieffenbachiae (McCulloch & Pirone 1939) Vauterin et al. 1995
v1_v3	NCPPB 3657	changed	alternative_names	v3_value_expanded	Xanthomonas campestris pv. dieffenbachiae (McCulloch & Pirone 1939) Dye 1978	Xanthomonas campestris pv. dieffenbachiae (McCulloch & Pirone 1939) Dye 1978, Xanthomonas axonopodis pv. dieffenbachiae (McCulloch & Pirone 1939) Vauterin et al. 1995
v2_v3	NCPPB 3658	changed	alternative_names	v3_value_expanded	Xanthomonas campestris pv. glycines (Nakano 1919) Dye 1978	Xanthomonas campestris pv. glycines (Nakano 1919) Dye 1978, Xanthomonas axonopodis pv. glycines (Nakano 1919) Vauterin et al. 1995
v1_v3	NCPPB 3658	changed	alternative_names	v3_value_expanded	Xanthomonas campestris pv. glycines (Nakano 1919) Dye 1978	Xanthomonas campestris pv. glycines (Nakano 1919) Dye 1978, Xanthomonas axonopodis pv. glycines (Nakano 1919) Vauterin et al. 1995
v2_v3	NCPPB 3659	changed	alternative_names	v3_value_expanded	Xanthomonas campestris pv. glycines (Nakano 1919) Dye 1978	Xanthomonas campestris pv. glycines (Nakano 1919) Dye 1978, Xanthomonas axonopodis pv. glycines (Nakano 1919) Vauterin et al. 1995
v1_v3	NCPPB 3659	changed	alternative_names	v3_value_expanded	Xanthomonas campestris pv. glycines (Nakano 1919) Dye 1978	Xanthomonas campestris pv. glycines (Nakano 1919) Dye 1978, Xanthomonas axonopodis pv. glycines (Nakano 1919) Vauterin et al. 1995
v2_v3	NCPPB 3660	changed	alternative_names	v3_contains_old_value	Xanthomonas campestris pv. phaseoli (Smith 1897) Dye 1978	Xanthomonas axonopodis pv. phaseoli (Smith 1897) Vauterin et al.1995, Xanthomonas campestris pv. phaseoli (Smith 1897) Dye 1978, Xanthomonas fuscans subsp. fuscans Schaad et al. 2007
v1_v3	NCPPB 3660	changed	alternative_names	v3_contains_old_value	Xanthomonas campestris pv. phaseoli (Smith 1897) Dye 1978	Xanthomonas axonopodis pv. phaseoli (Smith 1897) Vauterin et al.1995, Xanthomonas campestris pv. phaseoli (Smith 1897) Dye 1978, Xanthomonas fuscans subsp. fuscans Schaad et al. 2007
v2_v3	NCPPB 3663	changed	alternative_names	v3_contains_old_value	Xanthomonas campestris pv. vitians (Brown 1918) Dye 1978	Xanthomonas axonopodis pv. vitians (Brown 1918) Vauterin et al. 1995; Xanthomonas campestris pv. vitians (Brown 1918) Dye 1978
v1_v3	NCPPB 3663	changed	alternative_names	v3_contains_old_value	Xanthomonas campestris pv. vitians (Brown 1918) Dye 1978	Xanthomonas axonopodis pv. vitians (Brown 1918) Vauterin et al. 1995; Xanthomonas campestris pv. vitians (Brown 1918) Dye 1978
v2_v3	NCPPB 3709	changed	alternative_names	v3_value_expanded	Xanthomonas campestris pv. graminis (Egli et al. 1975) Dye 1978	Xanthomonas campestris pv. graminis (Egli et al. 1975) Dye 1978; Xanthomonas translucens pv. graminis (Egli et al. 1975) Vauterin et al. 1995
v1_v3	NCPPB 3709	changed	alternative_names	v3_value_expanded	Xanthomonas campestris pv. graminis (Egli et al. 1975) Dye 1978	Xanthomonas campestris pv. graminis (Egli et al. 1975) Dye 1978; Xanthomonas translucens pv. graminis (Egli et al. 1975) Vauterin et al. 1995
v2_v3	NCPPB 3711	changed	alternative_names	v3_value_expanded	Xanthomonas campestris pv. graminis (Egli et al. 1975) Dye 1978	Xanthomonas campestris pv. graminis (Egli et al. 1975) Dye 1978; Xanthomonas translucens pv. graminis (Egli et al. 1975) Vauterin et al. 1995
v1_v3	NCPPB 3711	changed	alternative_names	v3_value_expanded	Xanthomonas campestris pv. graminis (Egli et al. 1975) Dye 1978	Xanthomonas campestris pv. graminis (Egli et al. 1975) Dye 1978; Xanthomonas translucens pv. graminis (Egli et al. 1975) Vauterin et al. 1995
v2_v3	NCPPB 3712	changed	alternative_names	v3_value_expanded	Xanthomonas campestris pv. phlei Egli & Schmidt 1982	Xanthomonas campestris pv. phlei Egli & Schmidt 1982; Xanthomonas translucens pv. phlei (Egli & Schmidt 1982) Vauterin et al. 1995
v1_v3	NCPPB 3712	changed	alternative_names	v3_value_expanded	Xanthomonas campestris pv. phlei Egli & Schmidt 1982	Xanthomonas campestris pv. phlei Egli & Schmidt 1982; Xanthomonas translucens pv. phlei (Egli & Schmidt 1982) Vauterin et al. 1995
v2_v3	NCPPB 3713	changed	alternative_names	v3_value_expanded	Xanthomonas campestris pv. phlei Egli & Schmidt 1982	Xanthomonas campestris pv. phlei Egli & Schmidt 1982; Xanthomonas translucens pv. phlei (Egli & Schmidt 1982) Vauterin et al. 1995
v1_v3	NCPPB 3713	changed	alternative_names	v3_value_expanded	Xanthomonas campestris pv. phlei Egli & Schmidt 1982	Xanthomonas campestris pv. phlei Egli & Schmidt 1982; Xanthomonas translucens pv. phlei (Egli & Schmidt 1982) Vauterin et al. 1995
v2_v3	NCPPB 3714	changed	alternative_names	v3_value_expanded	Xanthomonas campestris pv. phlei Egli & Schmidt 1982	Xanthomonas campestris pv. phlei Egli & Schmidt 1982; Xanthomonas translucens pv. phlei (Egli & Schmidt 1982) Vauterin et al. 1995
v1_v3	NCPPB 3714	changed	alternative_names	v3_value_expanded	Xanthomonas campestris pv. phlei Egli & Schmidt 1982	Xanthomonas campestris pv. phlei Egli & Schmidt 1982; Xanthomonas translucens pv. phlei (Egli & Schmidt 1982) Vauterin et al. 1995
v2_v3	NCPPB 3716	changed	alternative_names	v3_value_expanded	Xanthomonas campestris pv. phlei Egli & Schmidt 1982	Xanthomonas campestris pv. phlei Egli & Schmidt 1982; Xanthomonas translucens pv. phlei (Egli & Schmidt 1982) Vauterin et al. 1995
v1_v3	NCPPB 3716	changed	alternative_names	v3_value_expanded	Xanthomonas campestris pv. phlei Egli & Schmidt 1982	Xanthomonas campestris pv. phlei Egli & Schmidt 1982; Xanthomonas translucens pv. phlei (Egli & Schmidt 1982) Vauterin et al. 1995
v2_v3	NCPPB 3717	changed	alternative_names	v3_value_expanded	Xanthomonas campestris pv. phlei Egli & Schmidt 1982	Xanthomonas campestris pv. phlei Egli & Schmidt 1982; Xanthomonas translucens pv. phlei (Egli & Schmidt 1982) Vauterin et al. 1995
v1_v3	NCPPB 3717	changed	alternative_names	v3_value_expanded	Xanthomonas campestris pv. phlei Egli & Schmidt 1982	Xanthomonas campestris pv. phlei Egli & Schmidt 1982; Xanthomonas translucens pv. phlei (Egli & Schmidt 1982) Vauterin et al. 1995
v2_v3	NCPPB 3718	changed	alternative_names	v3_value_expanded	Xanthomonas campestris pv. phlei Egli & Schmidt 1982	Xanthomonas campestris pv. phlei Egli & Schmidt 1982; Xanthomonas translucens pv. phlei (Egli & Schmidt 1982) Vauterin et al. 1995
v1_v3	NCPPB 3718	changed	alternative_names	v3_value_expanded	Xanthomonas campestris pv. phlei Egli & Schmidt 1982	Xanthomonas campestris pv. phlei Egli & Schmidt 1982; Xanthomonas translucens pv. phlei (Egli & Schmidt 1982) Vauterin et al. 1995
v2_v3	NCPPB 3719	changed	alternative_names	v3_value_expanded	Xanthomonas campestris pv. phlei Egli & Schmidt 1982	Xanthomonas campestris pv. phlei Egli & Schmidt 1982; Xanthomonas translucens pv. phlei (Egli & Schmidt 1982) Vauterin et al. 1995
v1_v3	NCPPB 3719	changed	alternative_names	v3_value_expanded	Xanthomonas campestris pv. phlei Egli & Schmidt 1982	Xanthomonas campestris pv. phlei Egli & Schmidt 1982; Xanthomonas translucens pv. phlei (Egli & Schmidt 1982) Vauterin et al. 1995
v2_v3	NCPPB 3720	changed	alternative_names	v3_value_expanded	Xanthomonas campestris pv. phlei Egli & Schmidt 1982	Xanthomonas campestris pv. phlei Egli & Schmidt 1982; Xanthomonas translucens pv. phlei (Egli & Schmidt 1982) Vauterin et al. 1995
v1_v3	NCPPB 3720	changed	alternative_names	v3_value_expanded	Xanthomonas campestris pv. phlei Egli & Schmidt 1982	Xanthomonas campestris pv. phlei Egli & Schmidt 1982; Xanthomonas translucens pv. phlei (Egli & Schmidt 1982) Vauterin et al. 1995
v2_v3	NCPPB 3722	changed	host	formatting_only	Begonia x 'Hiemalis'	Begonia x Hiemalis
v1_v3	NCPPB 3722	changed	host	formatting_only	Begonia x 'Hiemalis'	Begonia x Hiemalis
v2_v3	NCPPB 3742	changed	alternative_names	value_changed	Xanthomonas campestris pv. citri (Hasse 1915) Dye 1979	Xanthomonas axonopodis pv. aurantifolii Gabriel et al. 1989, Xanthomonas axonopodis pv. aurantifolii (Gabriel et al. 1989) Vauterin et al. 1995, Xanthomonas fuscans subsp. aurantifolii Schaad et al. 2007
v1_v3	NCPPB 3742	changed	alternative_names	value_changed	Xanthomonas campestris pv. citri (Hasse 1915) Dye 1979	Xanthomonas axonopodis pv. aurantifolii Gabriel et al. 1989, Xanthomonas axonopodis pv. aurantifolii (Gabriel et al. 1989) Vauterin et al. 1995, Xanthomonas fuscans subsp. aurantifolii Schaad et al. 2007
v2_v3	NCPPB 3759	changed	alternative_names	value_added		Xanthomonas campestris pv. obscurae Chand & Singh 1994
v1_v3	NCPPB 3759	changed	alternative_names	value_added		Xanthomonas campestris pv. obscurae Chand & Singh 1994
v1_v3	NCPPB 3759	changed	notes	formatting_only	Fatty Acid Profile - close to malvacearum and glycines (NCPPB).Incorrectly reported as NCPPB 3359 in Chand and Singh (1994).	Fatty Acid Profile - close to malvacearum and glycines (NCPPB). Incorrectly reported as NCPPB 3359 in Chand and Singh (1994).
v2_v3	NCPPB 3761	changed	alternative_names	probable_v3_truncation	Xanthomonas campestris (Pammel 1895) Dowson 1939 emend. Vauterin et al. 1995	Xanthomonas campestris
v1_v3	NCPPB 3761	changed	alternative_names	probable_v3_truncation	Xanthomonas campestris (Pammel 1895) Dowson 1939 emend. Vauterin et al. 1995	Xanthomonas campestris
v2_v3	NCPPB 3786	changed	alternative_names	value_added		Xanthomonas campestris pv. vesicatoria (Doidge 1920) Dye 1978
v1_v3	NCPPB 3786	changed	alternative_names	value_added		Xanthomonas campestris pv. vesicatoria (Doidge 1920) Dye 1978
v2_v3	NCPPB 3795	changed	alternative_names	value_added		Xanthomonas campestris pv. fici (Cavara 1905) Dye 1978
v1_v3	NCPPB 3795	changed	alternative_names	value_added		Xanthomonas campestris pv. fici (Cavara 1905) Dye 1978
v2_v3	NCPPB 3796	changed	alternative_names	value_added		Xanthomonas campestris pv. fici (Cavara 1905) Dye 1978
v1_v3	NCPPB 3796	changed	alternative_names	value_added		Xanthomonas campestris pv. fici (Cavara 1905) Dye 1978
v2_v3	NCPPB 3797	changed	alternative_names	value_added		Xanthomonas campestris pv. fici (Cavara 1905) Dye 1978
v1_v3	NCPPB 3797	changed	alternative_names	value_added		Xanthomonas campestris pv. fici (Cavara 1905) Dye 1978
v2_v3	NCPPB 3799	changed	alternative_names	v3_value_expanded	Xanthomonas campestris pv. citri (Hasse 1915) Dye 1979	Xanthomonas campestris pv. citri (Hasse 1915) Dye 1979, Xanthomonas axonopodis pv. citri (Hasse 1915) Vauterin et al. 1995, Xanthomonas citri subsp. citri (Hasse 1915) Gabriel et al. 1989
v1_v3	NCPPB 3799	changed	alternative_names	v3_value_expanded	Xanthomonas campestris pv. citri (Hasse 1915) Dye 1979	Xanthomonas campestris pv. citri (Hasse 1915) Dye 1979, Xanthomonas axonopodis pv. citri (Hasse 1915) Vauterin et al. 1995, Xanthomonas citri subsp. citri (Hasse 1915) Gabriel et al. 1989
v2_v3	NCPPB 3800	changed	alternative_names	value_added		Xanthomonas campestris pv. vesicatoria (Doidge 1920) Dye 1978
v1_v3	NCPPB 3800	changed	alternative_names	value_added		Xanthomonas campestris pv. vesicatoria (Doidge 1920) Dye 1978
v2_v3	NCPPB 3801	changed	alternative_names	value_added		Xanthomonas campestris pv. vesicatoria (Doidge 1920) Dye 1978
v1_v3	NCPPB 3801	changed	alternative_names	value_added		Xanthomonas campestris pv. vesicatoria (Doidge 1920) Dye 1978
v2_v3	NCPPB 3829	changed	alternative_names	v3_value_expanded	Xanthomonas campestris pv. phlei Egli & Schmidt 1982	Xanthomonas campestris pv. phlei Egli & Schmidt 1982; Xanthomonas translucens pv. phlei (Egli & Schmidt 1982) Vauterin et al. 1995
v1_v3	NCPPB 3829	changed	alternative_names	v3_value_expanded	Xanthomonas campestris pv. phlei Egli & Schmidt 1982	Xanthomonas campestris pv. phlei Egli & Schmidt 1982; Xanthomonas translucens pv. phlei (Egli & Schmidt 1982) Vauterin et al. 1995
v2_v3	NCPPB 3830	changed	alternative_names	v3_value_expanded	Xanthomonas campestris pv. phlei Egli & Schmidt 1982	Xanthomonas campestris pv. phlei Egli & Schmidt 1982; Xanthomonas translucens pv. phlei (Egli & Schmidt 1982) Vauterin et al. 1995
v1_v3	NCPPB 3830	changed	alternative_names	v3_value_expanded	Xanthomonas campestris pv. phlei Egli & Schmidt 1982	Xanthomonas campestris pv. phlei Egli & Schmidt 1982; Xanthomonas translucens pv. phlei (Egli & Schmidt 1982) Vauterin et al. 1995
v2_v3	NCPPB 3831	changed	alternative_names	v3_value_expanded	Xanthomonas campestris pv. phlei Egli & Schmidt 1982	Xanthomonas campestris pv. phlei Egli & Schmidt 1982; Xanthomonas translucens pv. phlei (Egli & Schmidt 1982) Vauterin et al. 1995
v1_v3	NCPPB 3831	changed	alternative_names	v3_value_expanded	Xanthomonas campestris pv. phlei Egli & Schmidt 1982	Xanthomonas campestris pv. phlei Egli & Schmidt 1982; Xanthomonas translucens pv. phlei (Egli & Schmidt 1982) Vauterin et al. 1995
v2_v3	NCPPB 3832	changed	alternative_names	v3_value_expanded	Xanthomonas campestris pv. citri (Hasse 1915) Dye 1979	Xanthomonas campestris pv. citri (Hasse 1915) Dye 1979, Xanthomonas axonopodis pv. citri (Hasse 1915) Vauterin et al. 1995, Xanthomonas citri subsp. citri (Hasse 1915) Gabriel et al. 1989
v1_v3	NCPPB 3832	changed	alternative_names	v3_value_expanded	Xanthomonas campestris pv. citri (Hasse 1915) Dye 1979	Xanthomonas campestris pv. citri (Hasse 1915) Dye 1979, Xanthomonas axonopodis pv. citri (Hasse 1915) Vauterin et al. 1995, Xanthomonas citri subsp. citri (Hasse 1915) Gabriel et al. 1989
v1_v3	NCPPB 3877	changed	notes	value_added		Whole genome sequencing places this strain in a different clade to confirmed Xanthomonas arboricola pv. pruni strains.
v2_v3	NCPPB 3880	changed	alternative_names	value_cleared	Xanthomonas campestris pv. dieffenbachiae (McCulloch & Pirone 1939) Dye 1978	
v1_v3	NCPPB 3880	changed	alternative_names	value_cleared	Xanthomonas campestris pv. dieffenbachiae (McCulloch & Pirone 1939) Dye 1978	
v2_v3	NCPPB 3883	changed	alternative_names	probable_v3_truncation	Xanthomonas campestris (Pammel 1895) Dowson 1939 emend. Vauterin et al. 1995	Xanthomonas campestris
v1_v3	NCPPB 3883	changed	alternative_names	probable_v3_truncation	Xanthomonas campestris (Pammel 1895) Dowson 1939 emend. Vauterin et al. 1995	Xanthomonas campestris
v2_v3	NCPPB 3884	changed	alternative_names	probable_v3_truncation	Xanthomonas campestris (Pammel 1895) Dowson 1939 emend. Vauterin et al. 1995	Xanthomonas campestris
v1_v3	NCPPB 3884	changed	alternative_names	probable_v3_truncation	Xanthomonas campestris (Pammel 1895) Dowson 1939 emend. Vauterin et al. 1995	Xanthomonas campestris
v2_v3	NCPPB 3885	changed	alternative_names	v3_value_expanded	Xanthomonas campestris pv. vignicola (Burkholder 1944) Dye 1978	Xanthomonas campestris pv. vignicola (Burkholder 1944) Dye 1978, Xanthomonas axonopodis pv. vignicola (Burkholder 1944) Vauterin et al.1995
v1_v3	NCPPB 3885	changed	alternative_names	v3_value_expanded	Xanthomonas campestris pv. vignicola (Burkholder 1944) Dye 1978	Xanthomonas campestris pv. vignicola (Burkholder 1944) Dye 1978, Xanthomonas axonopodis pv. vignicola (Burkholder 1944) Vauterin et al.1995
v2_v3	NCPPB 3886	changed	alternative_names	value_added		Xanthomonas campestris pv. fici (Cavara 1905) Dye 1978
v1_v3	NCPPB 3886	changed	alternative_names	value_added		Xanthomonas campestris pv. fici (Cavara 1905) Dye 1978
v2_v3	NCPPB 3887	changed	alternative_names	value_added		Xanthomonas campestris pv. fici (Cavara 1905) Dye 1978
v1_v3	NCPPB 3887	changed	alternative_names	value_added		Xanthomonas campestris pv. fici (Cavara 1905) Dye 1978
v2_v3	NCPPB 3925	changed	alternative_names	v3_value_expanded	Xanthomonas campestris pv. vignicola (Burkholder 1944) Dye 1978	Xanthomonas campestris pv. vignicola (Burkholder 1944) Dye 1978, Xanthomonas axonopodis pv. vignicola (Burkholder 1944) Vauterin et al.1995
v1_v3	NCPPB 3925	changed	alternative_names	v3_value_expanded	Xanthomonas campestris pv. vignicola (Burkholder 1944) Dye 1978	Xanthomonas campestris pv. vignicola (Burkholder 1944) Dye 1978, Xanthomonas axonopodis pv. vignicola (Burkholder 1944) Vauterin et al.1995
v2_v3	NCPPB 3926	changed	alternative_names	v3_value_expanded	Xanthomonas campestris pv. vignicola (Burkholder 1944) Dye 1978	Xanthomonas campestris pv. vignicola (Burkholder 1944) Dye 1978, Xanthomonas axonopodis pv. vignicola (Burkholder 1944) Vauterin et al.1995
v1_v3	NCPPB 3926	changed	alternative_names	v3_value_expanded	Xanthomonas campestris pv. vignicola (Burkholder 1944) Dye 1978	Xanthomonas campestris pv. vignicola (Burkholder 1944) Dye 1978, Xanthomonas axonopodis pv. vignicola (Burkholder 1944) Vauterin et al.1995
v2_v3	NCPPB 3931	changed	alternative_names	v3_contains_old_value	Xanthomonas campestris pv. vitians (Brown 1918) Dye 1978	Xanthomonas axonopodis pv. vitians (Brown 1918) Vauterin et al. 1995; Xanthomonas campestris pv. vitians (Brown 1918) Dye 1978
v1_v3	NCPPB 3931	changed	alternative_names	v3_contains_old_value	Xanthomonas campestris pv. vitians (Brown 1918) Dye 1978	Xanthomonas axonopodis pv. vitians (Brown 1918) Vauterin et al. 1995; Xanthomonas campestris pv. vitians (Brown 1918) Dye 1978
v2_v3	NCPPB 3932	changed	alternative_names	v3_contains_old_value	Xanthomonas campestris pv. vitians (Brown 1918) Dye 1978	Xanthomonas axonopodis pv. vitians (Brown 1918) Vauterin et al. 1995; Xanthomonas campestris pv. vitians (Brown 1918) Dye 1978
v1_v3	NCPPB 3932	changed	alternative_names	v3_contains_old_value	Xanthomonas campestris pv. vitians (Brown 1918) Dye 1978	Xanthomonas axonopodis pv. vitians (Brown 1918) Vauterin et al. 1995; Xanthomonas campestris pv. vitians (Brown 1918) Dye 1978
v2_v3	NCPPB 3942	changed	current_name	value_changed	Xanthomonas sp. Dowson 1939	Xanthomonas euvesicatoria Jones et al. 2006
v1_v3	NCPPB 3942	changed	current_name	value_changed	Xanthomonas sp. Dowson 1939	Xanthomonas euvesicatoria Jones et al. 2006
v2_v3	NCPPB 3943	changed	current_name	value_changed	Xanthomonas sp. Dowson 1939	Xanthomonas euvesicatoria Jones et al. 2006
v1_v3	NCPPB 3943	changed	current_name	value_changed	Xanthomonas sp. Dowson 1939	Xanthomonas euvesicatoria Jones et al. 2006
v2_v3	NCPPB 3947	changed	alternative_names	v3_value_expanded	Xanthomonas campestris pv. glycines (Nakano 1919) Dye 1978	Xanthomonas campestris pv. glycines (Nakano 1919) Dye 1978, Xanthomonas axonopodis pv. glycines (Nakano 1919) Vauterin et al. 1995
v1_v3	NCPPB 3947	changed	alternative_names	v3_value_expanded	Xanthomonas campestris pv. glycines (Nakano 1919) Dye 1978	Xanthomonas campestris pv. glycines (Nakano 1919) Dye 1978, Xanthomonas axonopodis pv. glycines (Nakano 1919) Vauterin et al. 1995
v2_v3	NCPPB 3951	changed	alternative_names	value_changed	Xanthomonas campestris pv. oryzae (Ishyama 1922) Dye 1978	Xanthomonas campestris pv. oryzae (Ishiyama 1922) Dye 1978
v1_v3	NCPPB 3951	changed	alternative_names	value_changed	Xanthomonas campestris pv. oryzae (Ishyama 1922) Dye 1978	Xanthomonas campestris pv. oryzae (Ishiyama 1922) Dye 1978
v2_v3	NCPPB 3954	changed	alternative_names	value_added		Xanthomonas campestris pv. vesicatoria (Doidge 1920) Dye 1978
v1_v3	NCPPB 3954	changed	alternative_names	value_added		Xanthomonas campestris pv. vesicatoria (Doidge 1920) Dye 1978
v1_v3	NCPPB 3956	changed	notes	formatting_only	Fatty Acid Profile indicates X. axonopodis pv. Undetermined	Fatty Acid Profile indicates X. axonopodis pv. undetermined
v2_v3	NCPPB 3957	changed	current_name	value_changed	Xanthomonas sp. Dowson 1939	Xanthomonas translucens (ex Jones et al. 1917) Vauterin et al. 1995
v2_v3	NCPPB 3957	changed	name_as_received	formatting_only	Xanthomonas campestris pv undetermined	Xanthomonas campestris pv. undetermined
v2_v3	NCPPB 3957	changed	alternative_names	value_cleared	Xanthomonas campestris	
v1_v3	NCPPB 3957	changed	current_name	value_changed	Xanthomonas sp. Dowson 1939	Xanthomonas translucens (ex Jones et al. 1917) Vauterin et al. 1995
v1_v3	NCPPB 3957	changed	name_as_received	formatting_only	Xanthomonas campestris pv undetermined	Xanthomonas campestris pv. undetermined
v1_v3	NCPPB 3957	changed	alternative_names	value_cleared	Xanthomonas campestris	
v2_v3	NCPPB 3958	added	__record__	added		
v1_v3	NCPPB 3958	added	__record__	added		
v2_v3	NCPPB 3959	changed	current_name	value_changed	Xanthomonas sp. Dowson 1939	Xanthomonas hortorum Vauterin et al. 1995
v1_v3	NCPPB 3959	changed	current_name	value_changed	Xanthomonas sp. Dowson 1939	Xanthomonas hortorum Vauterin et al. 1995
v2_v3	NCPPB 4033	changed	alternative_names	v3_contains_old_value	Xanthomonas campestris pv. vitians (Brown 1918) Dye 1978	Xanthomonas axonopodis pv. vitians (Brown 1918) Vauterin et al. 1995; Xanthomonas campestris pv. vitians (Brown 1918) Dye 1978
v1_v3	NCPPB 4033	changed	alternative_names	v3_contains_old_value	Xanthomonas campestris pv. vitians (Brown 1918) Dye 1978	Xanthomonas axonopodis pv. vitians (Brown 1918) Vauterin et al. 1995; Xanthomonas campestris pv. vitians (Brown 1918) Dye 1978
v2_v3	NCPPB 4034	changed	alternative_names	v3_contains_old_value	Xanthomonas campestris pv. vitians (Brown 1918) Dye 1978	Xanthomonas axonopodis pv. vitians (Brown 1918) Vauterin et al. 1995; Xanthomonas campestris pv. vitians (Brown 1918) Dye 1978
v1_v3	NCPPB 4034	changed	alternative_names	v3_contains_old_value	Xanthomonas campestris pv. vitians (Brown 1918) Dye 1978	Xanthomonas axonopodis pv. vitians (Brown 1918) Vauterin et al. 1995; Xanthomonas campestris pv. vitians (Brown 1918) Dye 1978
v2_v3	NCPPB 4037	changed	alternative_names	probable_v3_truncation	Xanthomonas campestris (Pammel 1895) Dowson 1939 emend. Vauterin et al. 1995	Xanthomonas campestris
v1_v3	NCPPB 4037	changed	alternative_names	probable_v3_truncation	Xanthomonas campestris (Pammel 1895) Dowson 1939 emend. Vauterin et al. 1995	Xanthomonas campestris
v2_v3	NCPPB 4058	changed	alternative_names	v3_contains_old_value	Xanthomonas campestris pv. vitians (Brown 1918) Dye 1978	Xanthomonas axonopodis pv. vitians (Brown 1918) Vauterin et al. 1995; Xanthomonas campestris pv. vitians (Brown 1918) Dye 1978
v1_v3	NCPPB 4058	changed	alternative_names	v3_contains_old_value	Xanthomonas campestris pv. vitians (Brown 1918) Dye 1978	Xanthomonas axonopodis pv. vitians (Brown 1918) Vauterin et al. 1995; Xanthomonas campestris pv. vitians (Brown 1918) Dye 1978
v2_v3	NCPPB 4182	added	__record__	added		
v1_v3	NCPPB 4182	added	__record__	added		
v2_v3	NCPPB 4321	changed	alternative_names	value_added		Xanthomonas perforans Jones et al. 2006
v1_v3	NCPPB 4321	changed	alternative_names	value_added		Xanthomonas perforans Jones et al. 2006
v2_v3	NCPPB 4322	changed	alternative_names	value_added		Xanthomonas perforans Jones et al. 2006
v1_v3	NCPPB 4322	changed	alternative_names	value_added		Xanthomonas perforans Jones et al. 2006
v2_v3	NCPPB 4323	changed	alternative_names	value_added		Xanthomonas campestris pv. vesicatoria (Doidge 1920) Dye 1978, Xanthomonas gardneri (ex uti? 1957) Jones et al. 2006
v1_v3	NCPPB 4323	changed	alternative_names	value_added		Xanthomonas campestris pv. vesicatoria (Doidge 1920) Dye 1978, Xanthomonas gardneri (ex uti? 1957) Jones et al. 2006
v2_v3	NCPPB 4324	changed	alternative_names	value_added		Xanthomonas campestris pv. vesicatoria (Doidge 1920) Dye 1978, Xanthomonas gardneri (ex uti? 1957) Jones et al. 2006
v1_v3	NCPPB 4324	changed	alternative_names	value_added		Xanthomonas campestris pv. vesicatoria (Doidge 1920) Dye 1978, Xanthomonas gardneri (ex uti? 1957) Jones et al. 2006
v2_v3	NCPPB 4326	changed	host	formatting_only	Zantedeschia aethiopica (White flowered calla lily).	Zantedeschia aethiopica (White flowered calla lily
v1_v3	NCPPB 4326	changed	host	formatting_only	Zantedeschia aethiopica (White flowered calla lily).	Zantedeschia aethiopica (White flowered calla lily
v1_v2	NCPPB 4340	changed	alternative_names	formatting_only	Xanthomonas nigromaculans f.sp . zinniae B1178	Xanthomonas nigromaculans f.sp. zinniae B1178
v2_v3	NCPPB 4340	changed	alternative_names	value_cleared	Xanthomonas nigromaculans f.sp. zinniae B1178	
v1_v3	NCPPB 4340	changed	alternative_names	value_cleared	Xanthomonas nigromaculans f.sp . zinniae B1178	
v2_v3	NCPPB 4342	changed	alternative_names	value_added		Xanthomonas campestris pv. populi (ex de Kam 1984) Young et al. 1991
v1_v3	NCPPB 4342	changed	alternative_names	value_added		Xanthomonas campestris pv. populi (ex de Kam 1984) Young et al. 1991
v2_v3	NCPPB 4345	changed	host	formatting_only	Canna × generalis	Canna x generalis
v1_v3	NCPPB 4345	changed	host	formatting_only	Canna × generalis	Canna x generalis
v2_v3	NCPPB 4347	changed	host	probable_v3_truncation	Mallotus japonicus (Thunb.) Muell.-Arg (East Asian mallotus)	Mallotus japonicus (Thunb.) Muell.-Arg (East Asian
v1_v3	NCPPB 4347	changed	host	probable_v3_truncation	Mallotus japonicus (Thunb.) Muell.-Arg (East Asian mallotus)	Mallotus japonicus (Thunb.) Muell.-Arg (East Asian
v2_v3	NCPPB 4348	changed	alternative_names	value_added		Xanthomonas campestris pv. mirabilis (ex Durgapal & Trivedi 1976) Dye et al. 1991
v1_v3	NCPPB 4348	changed	alternative_names	value_added		Xanthomonas campestris pv. mirabilis (ex Durgapal & Trivedi 1976) Dye et al. 1991
v2_v3	NCPPB 4349	changed	alternative_names	value_added		Xanthomonas campestris pv. pennamericanum Qhobela & Claflin 1988
v2_v3	NCPPB 4349	changed	host	probable_v3_truncation	Pennisetum americanum (L.) K. Schum. (pearl millet)	Pennisetum americanum (L.) K. Schum. (pearl mille
v1_v3	NCPPB 4349	changed	alternative_names	value_added		Xanthomonas campestris pv. pennamericanum Qhobela & Claflin 1988
v1_v3	NCPPB 4349	changed	host	probable_v3_truncation	Pennisetum americanum (L.) K. Schum. (pearl millet)	Pennisetum americanum (L.) K. Schum. (pearl mille
v2_v3	NCPPB 4351	changed	alternative_names	value_added		Xanthomonas campestris pv. viegasii Robbs et al. 1989
v1_v3	NCPPB 4351	changed	alternative_names	value_added		Xanthomonas campestris pv. viegasii Robbs et al. 1989
v2_v3	NCPPB 4352	changed	alternative_names	value_added		Xanthomonas campestris pv. zingibericola (Ren & Fang 1981) Bradbury 1986
v1_v3	NCPPB 4352	changed	alternative_names	value_added		Xanthomonas campestris pv. zingibericola (Ren & Fang 1981) Bradbury 1986
v2_v3	NCPPB 4355	changed	alternative_names	value_added		Xanthomonas campestris pv. allii Kadota et al. 2000, Xanthomonas axonopodis pv. allii (Kadota et al. 2000) Roumagnac et al. 2004
v1_v3	NCPPB 4355	changed	alternative_names	value_added		Xanthomonas campestris pv. allii Kadota et al. 2000, Xanthomonas axonopodis pv. allii (Kadota et al. 2000) Roumagnac et al. 2004
v2_v3	NCPPB 4356	changed	alternative_names	value_added		Xanthomonas cynarae Trébaol et al. 2000
v1_v3	NCPPB 4356	changed	alternative_names	value_added		Xanthomonas cynarae Trébaol et al. 2000
v2_v3	NCPPB 4372	changed	alternative_names	value_added		Xanthomonas campestris pv. allii Kadota et al. 2000, Xanthomonas axonopodis pv. allii (Kadota et al. 2000) Roumagnac et al. 2004
v1_v3	NCPPB 4372	changed	alternative_names	value_added		Xanthomonas campestris pv. allii Kadota et al. 2000, Xanthomonas axonopodis pv. allii (Kadota et al. 2000) Roumagnac et al. 2004
v1_v2	NCPPB 4373	changed	name_as_received	formatting_only	Xanthomonas axonopodis pv. aurantifolii	Xanthomonas axonopodis pv.aurantifolii
v2_v3	NCPPB 4373	changed	alternative_names	value_added		Xanthomonas axonopodis pv. aurantifolii Gabriel et al. 1989, Xanthomonas axonopodis pv. aurantifolii (Gabriel et al. 1989) Vauterin et al. 1995, Xanthomonas fuscans subsp. aurantifolii Schaad et al. 2007
v1_v3	NCPPB 4373	changed	name_as_received	formatting_only	Xanthomonas axonopodis pv. aurantifolii	Xanthomonas axonopodis pv.aurantifolii
v1_v3	NCPPB 4373	changed	alternative_names	value_added		Xanthomonas axonopodis pv. aurantifolii Gabriel et al. 1989, Xanthomonas axonopodis pv. aurantifolii (Gabriel et al. 1989) Vauterin et al. 1995, Xanthomonas fuscans subsp. aurantifolii Schaad et al. 2007
v1_v2	NCPPB 4374	changed	name_as_received	formatting_only	Xanthomonas axonopodis pv. aurantifolii	Xanthomonas axonopodis pv.aurantifolii
v2_v3	NCPPB 4374	changed	alternative_names	value_added		Xanthomonas axonopodis pv. aurantifolii Gabriel et al. 1989, Xanthomonas axonopodis pv. aurantifolii (Gabriel et al. 1989) Vauterin et al. 1995, Xanthomonas fuscans subsp. aurantifolii Schaad et al. 2007
v1_v3	NCPPB 4374	changed	name_as_received	formatting_only	Xanthomonas axonopodis pv. aurantifolii	Xanthomonas axonopodis pv.aurantifolii
v1_v3	NCPPB 4374	changed	alternative_names	value_added		Xanthomonas axonopodis pv. aurantifolii Gabriel et al. 1989, Xanthomonas axonopodis pv. aurantifolii (Gabriel et al. 1989) Vauterin et al. 1995, Xanthomonas fuscans subsp. aurantifolii Schaad et al. 2007
v2_v3	NCPPB 4375	changed	alternative_names	value_added		Xanthomonas campestris pv. citri (Hasse 1915) Dye 1979, Xanthomonas axonopodis pv. citri (Hasse 1915) Vauterin et al. 1995, Xanthomonas citri subsp. citri (Hasse 1915) Gabriel et al. 1989
v1_v3	NCPPB 4375	changed	alternative_names	value_added		Xanthomonas campestris pv. citri (Hasse 1915) Dye 1979, Xanthomonas axonopodis pv. citri (Hasse 1915) Vauterin et al. 1995, Xanthomonas citri subsp. citri (Hasse 1915) Gabriel et al. 1989
v2_v3	NCPPB 4376	changed	alternative_names	value_added		Xanthomonas alfalfae subsp. citrumelonis Schaad et al. 2007
v1_v3	NCPPB 4376	changed	alternative_names	value_added		Xanthomonas alfalfae subsp. citrumelonis Schaad et al. 2007
v2_v3	NCPPB 4377	changed	alternative_names	value_added		Xanthomonas axonopodis pv. aurantifolii Gabriel et al. 1989, Xanthomonas axonopodis pv. aurantifolii (Gabriel et al. 1989) Vauterin et al. 1995, Xanthomonas fuscans subsp. aurantifolii Schaad et al. 2007
v1_v3	NCPPB 4377	changed	alternative_names	value_added		Xanthomonas axonopodis pv. aurantifolii Gabriel et al. 1989, Xanthomonas axonopodis pv. aurantifolii (Gabriel et al. 1989) Vauterin et al. 1995, Xanthomonas fuscans subsp. aurantifolii Schaad et al. 2007
v2_v3	NCPPB 4378	changed	alternative_names	value_added		Xanthomonas campestris pv. musacearum (Yirgou & Bradbury 1968) Dye 1978
v1_v3	NCPPB 4378	changed	alternative_names	value_added		Xanthomonas campestris pv. musacearum (Yirgou & Bradbury 1968) Dye 1978
v2_v3	NCPPB 4379	changed	alternative_names	value_added		Xanthomonas campestris pv. musacearum (Yirgou & Bradbury 1968) Dye 1978
v1_v3	NCPPB 4379	changed	alternative_names	value_added		Xanthomonas campestris pv. musacearum (Yirgou & Bradbury 1968) Dye 1978
v2_v3	NCPPB 4380	changed	alternative_names	value_added		Xanthomonas campestris pv. musacearum (Yirgou & Bradbury 1968) Dye 1978
v1_v3	NCPPB 4380	changed	alternative_names	value_added		Xanthomonas campestris pv. musacearum (Yirgou & Bradbury 1968) Dye 1978
v2_v3	NCPPB 4381	changed	alternative_names	value_added		Xanthomonas campestris pv. musacearum (Yirgou & Bradbury 1968) Dye 1978
v1_v3	NCPPB 4381	changed	alternative_names	value_added		Xanthomonas campestris pv. musacearum (Yirgou & Bradbury 1968) Dye 1978
v2_v3	NCPPB 4383	changed	alternative_names	value_added		Xanthomonas campestris pv. musacearum (Yirgou & Bradbury 1968) Dye 1978
v1_v3	NCPPB 4383	changed	alternative_names	value_added		Xanthomonas campestris pv. musacearum (Yirgou & Bradbury 1968) Dye 1978
v2_v3	NCPPB 4384	changed	alternative_names	value_added		Xanthomonas campestris pv. musacearum (Yirgou & Bradbury 1968) Dye 1978
v1_v3	NCPPB 4384	changed	alternative_names	value_added		Xanthomonas campestris pv. musacearum (Yirgou & Bradbury 1968) Dye 1978
v2_v3	NCPPB 4385	changed	alternative_names	value_added		Xanthomonas campestris pv. musacearum (Yirgou & Bradbury 1968) Dye 1978
v1_v3	NCPPB 4385	changed	alternative_names	value_added		Xanthomonas campestris pv. musacearum (Yirgou & Bradbury 1968) Dye 1978
v2_v3	NCPPB 4386	changed	alternative_names	value_added		Xanthomonas campestris pv. musacearum (Yirgou & Bradbury 1968) Dye 1978
v1_v3	NCPPB 4386	changed	alternative_names	value_added		Xanthomonas campestris pv. musacearum (Yirgou & Bradbury 1968) Dye 1978
v2_v3	NCPPB 4387	changed	alternative_names	value_added		Xanthomonas campestris pv. musacearum (Yirgou & Bradbury 1968) Dye 1978
v1_v3	NCPPB 4387	changed	alternative_names	value_added		Xanthomonas campestris pv. musacearum (Yirgou & Bradbury 1968) Dye 1978
v2_v3	NCPPB 4388	changed	alternative_names	value_added		Xanthomonas campestris pv. musacearum (Yirgou & Bradbury 1968) Dye 1978
v1_v3	NCPPB 4388	changed	alternative_names	value_added		Xanthomonas campestris pv. musacearum (Yirgou & Bradbury 1968) Dye 1978
v2_v3	NCPPB 4389	changed	alternative_names	value_added		Xanthomonas campestris pv. musacearum (Yirgou & Bradbury 1968) Dye 1978
v1_v3	NCPPB 4389	changed	alternative_names	value_added		Xanthomonas campestris pv. musacearum (Yirgou & Bradbury 1968) Dye 1978
v2_v3	NCPPB 4390	changed	alternative_names	value_added		Xanthomonas campestris pv. musacearum (Yirgou & Bradbury 1968) Dye 1978
v1_v3	NCPPB 4390	changed	alternative_names	value_added		Xanthomonas campestris pv. musacearum (Yirgou & Bradbury 1968) Dye 1978
v2_v3	NCPPB 4391	changed	alternative_names	value_added		Xanthomonas campestris pv. musacearum (Yirgou & Bradbury 1968) Dye 1978
v1_v3	NCPPB 4391	changed	alternative_names	value_added		Xanthomonas campestris pv. musacearum (Yirgou & Bradbury 1968) Dye 1978
v2_v3	NCPPB 4392	changed	alternative_names	value_added		Xanthomonas campestris pv. musacearum (Yirgou & Bradbury 1968) Dye 1978
v1_v3	NCPPB 4392	changed	alternative_names	value_added		Xanthomonas campestris pv. musacearum (Yirgou & Bradbury 1968) Dye 1978
v2_v3	NCPPB 4393	changed	alternative_names	value_added		Xanthomonas campestris pv. musacearum (Yirgou & Bradbury 1968) Dye 1978
v1_v3	NCPPB 4393	changed	alternative_names	value_added		Xanthomonas campestris pv. musacearum (Yirgou & Bradbury 1968) Dye 1978
v2_v3	NCPPB 4394	changed	alternative_names	value_added		Xanthomonas campestris pv. musacearum (Yirgou & Bradbury 1968) Dye 1978
v1_v3	NCPPB 4394	changed	alternative_names	value_added		Xanthomonas campestris pv. musacearum (Yirgou & Bradbury 1968) Dye 1978
v2_v3	NCPPB 4395	changed	alternative_names	value_added		Xanthomonas campestris pv. musacearum (Yirgou & Bradbury 1968) Dye 1978
v1_v3	NCPPB 4395	changed	alternative_names	value_added		Xanthomonas campestris pv. musacearum (Yirgou & Bradbury 1968) Dye 1978
v2_v3	NCPPB 4397	changed	alternative_names	value_added		Xanthomonas campestris pv. allii Kadota et al. 2000, Xanthomonas axonopodis pv. allii (Kadota et al. 2000) Roumagnac et al. 2004
v1_v3	NCPPB 4397	changed	alternative_names	value_added		Xanthomonas campestris pv. allii Kadota et al. 2000, Xanthomonas axonopodis pv. allii (Kadota et al. 2000) Roumagnac et al. 2004
v2_v3	NCPPB 4398	changed	alternative_names	value_added		Xanthomonas campestris pv. allii Kadota et al. 2000, Xanthomonas axonopodis pv. allii (Kadota et al. 2000) Roumagnac et al. 2004
v1_v3	NCPPB 4398	changed	alternative_names	value_added		Xanthomonas campestris pv. allii Kadota et al. 2000, Xanthomonas axonopodis pv. allii (Kadota et al. 2000) Roumagnac et al. 2004
v2_v3	NCPPB 4403	changed	alternative_names	value_added		Xanthomonas campestris pv. malvacearum (Smith 1901) Dye 1978, Xanthomonas axonopodis pv. malvacearum (Smith 1901) Vauterin et al. 1995, Xanthomonas citri subsp. malvacearum (Smith 1901) Schaad et al. 2007
v1_v3	NCPPB 4403	changed	alternative_names	value_added		Xanthomonas campestris pv. malvacearum (Smith 1901) Dye 1978, Xanthomonas axonopodis pv. malvacearum (Smith 1901) Vauterin et al. 1995, Xanthomonas citri subsp. malvacearum (Smith 1901) Schaad et al. 2007
v1_v2	NCPPB 4409	changed	name_as_received	formatting_only	Xanthomonas arboricola pv. fragariae	Xanthomonas arboricola pv.fragariae
v1_v3	NCPPB 4409	changed	name_as_received	formatting_only	Xanthomonas arboricola pv. fragariae	Xanthomonas arboricola pv.fragariae
v2_v3	NCPPB 4410	changed	alternative_names	value_added		Xanthomonas campestris pv. carotae (Kendrick 1934) Dye 1978
v1_v3	NCPPB 4410	changed	alternative_names	value_added		Xanthomonas campestris pv. carotae (Kendrick 1934) Dye 1978
v2_v3	NCPPB 4411	changed	alternative_names	value_added		Xanthomonas campestris pv. carotae (Kendrick 1934) Dye 1978
v1_v3	NCPPB 4411	changed	alternative_names	value_added		Xanthomonas campestris pv. carotae (Kendrick 1934) Dye 1978
v2_v3	NCPPB 4412	changed	alternative_names	value_added		Xanthomonas campestris pv. alfalfae (Riker et al. 1935) Dye 1978, Xanthomonas axonopodis pv. alfalfae (Riker et al. 1935) Vauterin et al. 1995, Xanthomonas alfalfae subsp. alfalfae (ex Riker et al. 1935) Schaad et al. 2007
v1_v3	NCPPB 4412	changed	alternative_names	value_added		Xanthomonas campestris pv. alfalfae (Riker et al. 1935) Dye 1978, Xanthomonas axonopodis pv. alfalfae (Riker et al. 1935) Vauterin et al. 1995, Xanthomonas alfalfae subsp. alfalfae (ex Riker et al. 1935) Schaad et al. 2007
v1_v2	NCPPB 4414	changed	name_as_received	formatting_only	Xanthomonas campestris pv. chieranthii	Xanthomonas campestris pv.chieranthii
v1_v3	NCPPB 4414	changed	name_as_received	formatting_only	Xanthomonas campestris pv. chieranthii	Xanthomonas campestris pv.chieranthii
v1_v2	NCPPB 4415	changed	name_as_received	formatting_only	Xanthomonas campestris pv. chieranthii	Xanthomonas campestris pv.chieranthii
v1_v3	NCPPB 4415	changed	name_as_received	formatting_only	Xanthomonas campestris pv. chieranthii	Xanthomonas campestris pv.chieranthii
v1_v2	NCPPB 4416	removed	__record__	removed		
v2_v3	NCPPB 4416	added	__record__	added		
v1_v3	NCPPB 4416	changed	name_as_received	formatting_only	Xanthomonas campestris pv. chieranthii	Xanthomonas campestris pv.chieranthii
v2_v3	NCPPB 4433	changed	alternative_names	value_added		Xanthomonas campestris pv. musacearum (Yirgou & Bradbury 1968) Dye 1978
v1_v3	NCPPB 4433	changed	alternative_names	value_added		Xanthomonas campestris pv. musacearum (Yirgou & Bradbury 1968) Dye 1978
v2_v3	NCPPB 4434	changed	alternative_names	value_added		Xanthomonas campestris pv. musacearum (Yirgou & Bradbury 1968) Dye 1978
v1_v3	NCPPB 4434	changed	alternative_names	value_added		Xanthomonas campestris pv. musacearum (Yirgou & Bradbury 1968) Dye 1978
v2_v3	NCPPB 4449	changed	alternative_names	value_added		Xanthomonas translucens pv. pistaciae Giblot-Ducray et al 2009
v1_v3	NCPPB 4449	changed	alternative_names	value_added		Xanthomonas translucens pv. pistaciae Giblot-Ducray et al 2009
v2_v3	NCPPB 4584	changed	alternative_names	value_added		Xanthomonas campestris pv. arrhenatheri Egli & Schmidt 1982; Xanthomonas translucens pv. arrhenatheri (Egli & Schmidt 1982) Vauterin et al. 1995
v1_v3	NCPPB 4584	changed	alternative_names	value_added		Xanthomonas campestris pv. arrhenatheri Egli & Schmidt 1982; Xanthomonas translucens pv. arrhenatheri (Egli & Schmidt 1982) Vauterin et al. 1995
v2_v3	NCPPB 4590	changed	alternative_names	value_added		Xanthomonas campestris pv. citri (Hasse 1915) Dye 1979, Xanthomonas axonopodis pv. citri (Hasse 1915) Vauterin et al. 1995, Xanthomonas citri subsp. citri (Hasse 1915) Gabriel et al. 1989
v1_v3	NCPPB 4590	changed	alternative_names	value_added		Xanthomonas campestris pv. citri (Hasse 1915) Dye 1979, Xanthomonas axonopodis pv. citri (Hasse 1915) Vauterin et al. 1995, Xanthomonas citri subsp. citri (Hasse 1915) Gabriel et al. 1989
v1_v3	NCPPB 4594	changed	type_strain_of_species	value_changed	Yes	No
v1_v3	NCPPB 4594	changed	pathotype_strain	value_added		No
v2_v3	NCPPB 4613	changed	alternative_names	value_added		Xanthomonas campestris pv. vasculorum (Cobb 1894) Dye 1978, Xanthomonas axonopodis pv. vasculorum (Cobb 1894) Vauterin et al. 1995, Xanthomonas vasicola pv. vasculorum (Cobb 1894) Vauterin et al. 1995 (Invalid name)
v1_v3	NCPPB 4613	changed	alternative_names	value_added		Xanthomonas campestris pv. vasculorum (Cobb 1894) Dye 1978, Xanthomonas axonopodis pv. vasculorum (Cobb 1894) Vauterin et al. 1995, Xanthomonas vasicola pv. vasculorum (Cobb 1894) Vauterin et al. 1995 (Invalid name)
v2_v3	NCPPB 4614	changed	alternative_names	value_added		Xanthomonas campestris pv. vasculorum (Cobb 1894) Dye 1978, Xanthomonas axonopodis pv. vasculorum (Cobb 1894) Vauterin et al. 1995, Xanthomonas vasicola pv. vasculorum (Cobb 1894) Vauterin et al. 1995 (Invalid name)
v1_v3	NCPPB 4614	changed	alternative_names	value_added		Xanthomonas campestris pv. vasculorum (Cobb 1894) Dye 1978, Xanthomonas axonopodis pv. vasculorum (Cobb 1894) Vauterin et al. 1995, Xanthomonas vasicola pv. vasculorum (Cobb 1894) Vauterin et al. 1995 (Invalid name)
v2_v3	NCPPB 4630	changed	alternative_names	value_added		Xanthomonas Dowson
v1_v3	NCPPB 4630	changed	alternative_names	value_added		Xanthomonas Dowson
v2_v3	NCPPB 4661	changed	host	value_changed	Crucifer	Brassica oleracea
v1_v3	NCPPB 4661	changed	host	value_changed	Crucifer	Brassica oleracea
v2_v3	NCPPB 4704	changed	alternative_names	value_added		Xanthomonas campestris pv. vasculorum (Cobb 1894) Dye 1978, Xanthomonas axonopodis pv. vasculorum (Cobb 1894) Vauterin et al. 1995, Xanthomonas vasicola pv. vasculorum (Cobb 1894) Vauterin et al. 1995 (Invalid name)
v1_v3	NCPPB 4704	changed	alternative_names	value_added		Xanthomonas campestris pv. vasculorum (Cobb 1894) Dye 1978, Xanthomonas axonopodis pv. vasculorum (Cobb 1894) Vauterin et al. 1995, Xanthomonas vasicola pv. vasculorum (Cobb 1894) Vauterin et al. 1995 (Invalid name)
v2_v3	NCPPB 4705	changed	alternative_names	value_added		Xanthomonas campestris pv. vasculorum (Cobb 1894) Dye 1978, Xanthomonas axonopodis pv. vasculorum (Cobb 1894) Vauterin et al. 1995, Xanthomonas vasicola pv. vasculorum (Cobb 1894) Vauterin et al. 1995 (Invalid name)
v1_v3	NCPPB 4705	changed	alternative_names	value_added		Xanthomonas campestris pv. vasculorum (Cobb 1894) Dye 1978, Xanthomonas axonopodis pv. vasculorum (Cobb 1894) Vauterin et al. 1995, Xanthomonas vasicola pv. vasculorum (Cobb 1894) Vauterin et al. 1995 (Invalid name)
v2_v3	NCPPB 4706	changed	alternative_names	value_added		Xanthomonas campestris pv. vasculorum (Cobb 1894) Dye 1978, Xanthomonas axonopodis pv. vasculorum (Cobb 1894) Vauterin et al. 1995, Xanthomonas vasicola pv. vasculorum (Cobb 1894) Vauterin et al. 1995 (Invalid name)
v1_v3	NCPPB 4706	changed	alternative_names	value_added		Xanthomonas campestris pv. vasculorum (Cobb 1894) Dye 1978, Xanthomonas axonopodis pv. vasculorum (Cobb 1894) Vauterin et al. 1995, Xanthomonas vasicola pv. vasculorum (Cobb 1894) Vauterin et al. 1995 (Invalid name)
v2_v3	NCPPB 4707	changed	alternative_names	value_added		Xanthomonas campestris pv. vasculorum (Cobb 1894) Dye 1978, Xanthomonas axonopodis pv. vasculorum (Cobb 1894) Vauterin et al. 1995, Xanthomonas vasicola pv. vasculorum (Cobb 1894) Vauterin et al. 1995 (Invalid name)
v1_v3	NCPPB 4707	changed	alternative_names	value_added		Xanthomonas campestris pv. vasculorum (Cobb 1894) Dye 1978, Xanthomonas axonopodis pv. vasculorum (Cobb 1894) Vauterin et al. 1995, Xanthomonas vasicola pv. vasculorum (Cobb 1894) Vauterin et al. 1995 (Invalid name)
v2_v3	NCPPB 4708	changed	alternative_names	value_added		Xanthomonas campestris pv. vasculorum (Cobb 1894) Dye 1978, Xanthomonas axonopodis pv. vasculorum (Cobb 1894) Vauterin et al. 1995, Xanthomonas vasicola pv. vasculorum (Cobb 1894) Vauterin et al. 1995 (Invalid name)
v1_v3	NCPPB 4708	changed	alternative_names	value_added		Xanthomonas campestris pv. vasculorum (Cobb 1894) Dye 1978, Xanthomonas axonopodis pv. vasculorum (Cobb 1894) Vauterin et al. 1995, Xanthomonas vasicola pv. vasculorum (Cobb 1894) Vauterin et al. 1995 (Invalid name)
v2_v3	NCPPB 4710	changed	alternative_names	value_added		Xanthomonas campestris pv. vasculorum (Cobb 1894) Dye 1978, Xanthomonas axonopodis pv. vasculorum (Cobb 1894) Vauterin et al. 1995, Xanthomonas vasicola pv. vasculorum (Cobb 1894) Vauterin et al. 1995 (Invalid name)
v1_v3	NCPPB 4710	changed	alternative_names	value_added		Xanthomonas campestris pv. vasculorum (Cobb 1894) Dye 1978, Xanthomonas axonopodis pv. vasculorum (Cobb 1894) Vauterin et al. 1995, Xanthomonas vasicola pv. vasculorum (Cobb 1894) Vauterin et al. 1995 (Invalid name)
v2_v3	NCPPB 4711	changed	alternative_names	value_added		Xanthomonas campestris pv. vasculorum (Cobb 1894) Dye 1978, Xanthomonas axonopodis pv. vasculorum (Cobb 1894) Vauterin et al. 1995, Xanthomonas vasicola pv. vasculorum (Cobb 1894) Vauterin et al. 1995 (Invalid name)
v1_v3	NCPPB 4711	changed	alternative_names	value_added		Xanthomonas campestris pv. vasculorum (Cobb 1894) Dye 1978, Xanthomonas axonopodis pv. vasculorum (Cobb 1894) Vauterin et al. 1995, Xanthomonas vasicola pv. vasculorum (Cobb 1894) Vauterin et al. 1995 (Invalid name)
v2_v3	NCPPB 4712	changed	alternative_names	value_added		Xanthomonas campestris pv. vasculorum (Cobb 1894) Dye 1978, Xanthomonas axonopodis pv. vasculorum (Cobb 1894) Vauterin et al. 1995, Xanthomonas vasicola pv. vasculorum (Cobb 1894) Vauterin et al. 1995 (Invalid name)
v1_v3	NCPPB 4712	changed	alternative_names	value_added		Xanthomonas campestris pv. vasculorum (Cobb 1894) Dye 1978, Xanthomonas axonopodis pv. vasculorum (Cobb 1894) Vauterin et al. 1995, Xanthomonas vasicola pv. vasculorum (Cobb 1894) Vauterin et al. 1995 (Invalid name)
v2_v3	NCPPB 4713	changed	alternative_names	value_added		Xanthomonas campestris pv. vasculorum (Cobb 1894) Dye 1978, Xanthomonas axonopodis pv. vasculorum (Cobb 1894) Vauterin et al. 1995, Xanthomonas vasicola pv. vasculorum (Cobb 1894) Vauterin et al. 1995 (Invalid name)
v1_v3	NCPPB 4713	changed	alternative_names	value_added		Xanthomonas campestris pv. vasculorum (Cobb 1894) Dye 1978, Xanthomonas axonopodis pv. vasculorum (Cobb 1894) Vauterin et al. 1995, Xanthomonas vasicola pv. vasculorum (Cobb 1894) Vauterin et al. 1995 (Invalid name)
v2_v3	NCPPB 4714	changed	alternative_names	value_added		Xanthomonas campestris pv. vasculorum (Cobb 1894) Dye 1978, Xanthomonas axonopodis pv. vasculorum (Cobb 1894) Vauterin et al. 1995, Xanthomonas vasicola pv. vasculorum (Cobb 1894) Vauterin et al. 1995 (Invalid name)
v1_v3	NCPPB 4714	changed	alternative_names	value_added		Xanthomonas campestris pv. vasculorum (Cobb 1894) Dye 1978, Xanthomonas axonopodis pv. vasculorum (Cobb 1894) Vauterin et al. 1995, Xanthomonas vasicola pv. vasculorum (Cobb 1894) Vauterin et al. 1995 (Invalid name)
v2_v3	NCPPB 4715	changed	alternative_names	value_added		Xanthomonas campestris pv. vasculorum (Cobb 1894) Dye 1978, Xanthomonas axonopodis pv. vasculorum (Cobb 1894) Vauterin et al. 1995, Xanthomonas vasicola pv. vasculorum (Cobb 1894) Vauterin et al. 1995 (Invalid name)
v1_v3	NCPPB 4715	changed	alternative_names	value_added		Xanthomonas campestris pv. vasculorum (Cobb 1894) Dye 1978, Xanthomonas axonopodis pv. vasculorum (Cobb 1894) Vauterin et al. 1995, Xanthomonas vasicola pv. vasculorum (Cobb 1894) Vauterin et al. 1995 (Invalid name)
v2_v3	NCPPB 4716	changed	alternative_names	value_added		Xanthomonas campestris pv. vasculorum (Cobb 1894) Dye 1978, Xanthomonas axonopodis pv. vasculorum (Cobb 1894) Vauterin et al. 1995, Xanthomonas vasicola pv. vasculorum (Cobb 1894) Vauterin et al. 1995 (Invalid name)
v1_v3	NCPPB 4716	changed	alternative_names	value_added		Xanthomonas campestris pv. vasculorum (Cobb 1894) Dye 1978, Xanthomonas axonopodis pv. vasculorum (Cobb 1894) Vauterin et al. 1995, Xanthomonas vasicola pv. vasculorum (Cobb 1894) Vauterin et al. 1995 (Invalid name)
v2_v3	NCPPB 4721	changed	alternative_names	value_added		Xanthomonas campestris pv. viegasii Robbs et al. 1989
v1_v3	NCPPB 4721	changed	alternative_names	value_added		Xanthomonas campestris pv. viegasii Robbs et al. 1989
v2_v3	NCPPB 4722	changed	alternative_names	value_added		Xanthomonas campestris pv. viegasii Robbs et al. 1989
v1_v3	NCPPB 4722	changed	alternative_names	value_added		Xanthomonas campestris pv. viegasii Robbs et al. 1989
v2_v3	NCPPB 4727	changed	alternative_names	value_added		Xanthomonas campestris pv. zingibericola (Ren & Fang 1981) Bradbury 1986
v1_v3	NCPPB 4727	changed	alternative_names	value_added		Xanthomonas campestris pv. zingibericola (Ren & Fang 1981) Bradbury 1986
v2_v3	NCPPB 4728	changed	alternative_names	value_added		Xanthomonas campestris pv. zingibericola (Ren & Fang 1981) Bradbury 1986
v1_v3	NCPPB 4728	changed	alternative_names	value_added		Xanthomonas campestris pv. zingibericola (Ren & Fang 1981) Bradbury 1986
v2_v3	NCPPB 4729	changed	alternative_names	value_added		Xanthomonas campestris pv. viegasii Robbs et al. 1989
v1_v3	NCPPB 4729	changed	alternative_names	value_added		Xanthomonas campestris pv. viegasii Robbs et al. 1989
v2_v3	NCPPB 4730	changed	alternative_names	value_added		Xanthomonas campestris pv. zingibericola (Ren & Fang 1981) Bradbury 1986
v1_v3	NCPPB 4730	changed	alternative_names	value_added		Xanthomonas campestris pv. zingibericola (Ren & Fang 1981) Bradbury 1986
v2_v3	NCPPB 4826	added	__record__	added		
v1_v3	NCPPB 4826	added	__record__	added		
v2_v3	NCPPB 4830	added	__record__	added		
v1_v3	NCPPB 4830	added	__record__	added		
