ncppb_number	presence_pattern	v1_present	v2_present	v3_present	v1_v2_status	v2_v3_status	v1_v3_status	v1_v2_changed_fields	v2_v3_changed_fields	v1_v3_changed_fields	v1_current_name	v2_current_name	v3_current_name	latest_catalogue_url
NCPPB 45	v1+v2+v3	yes	yes	yes	unchanged	unchanged	unchanged				Xanthomonas campestris pv. campestris (Pammel 1895) Dowson 1939	Xanthomonas campestris pv. campestris (Pammel 1895) Dowson 1939	Xanthomonas campestris pv. campestris (Pammel 1895) Dowson 1939	https://ncppb.fera.co.uk/furtherinfo/45
NCPPB 101	v1+v2+v3	yes	yes	yes	unchanged	unchanged	unchanged				Xanthomonas cassavae (ex Wiehe & Dowson 1953) Vauterin et al. 1995	Xanthomonas cassavae (ex Wiehe & Dowson 1953) Vauterin et al. 1995	Xanthomonas cassavae (ex Wiehe & Dowson 1953) Vauterin et al. 1995	https://ncppb.fera.co.uk/furtherinfo/101
NCPPB 109	v1+v2+v3	yes	yes	yes	unchanged	unchanged	unchanged				Xanthomonas axonopodis pv. begoniae (Takimoto 1934) Vauterin et al. 1995	Xanthomonas axonopodis pv. begoniae (Takimoto 1934) Vauterin et al. 1995	Xanthomonas axonopodis pv. begoniae (Takimoto 1934) Vauterin et al. 1995	https://ncppb.fera.co.uk/furtherinfo/109
NCPPB 113	v1+v2+v3	yes	yes	yes	unchanged	unchanged	unchanged				Xanthomonas axonopodis pv. ricini (Yoshi & Takimoto 1928) Vauterin et al. 1995	Xanthomonas axonopodis pv. ricini (Yoshi & Takimoto 1928) Vauterin et al. 1995	Xanthomonas axonopodis pv. ricini (Yoshi & Takimoto 1928) Vauterin et al. 1995	https://ncppb.fera.co.uk/furtherinfo/113
NCPPB 151	v1+v2+v3	yes	yes	yes	unchanged	unchanged	unchanged				Xanthomonas campestris pv. papavericola (Bryan and McWhorter 1930) Dye 1978	Xanthomonas campestris pv. papavericola (Bryan and McWhorter 1930) Dye 1978	Xanthomonas campestris pv. papavericola (Bryan and McWhorter 1930) Dye 1978	https://ncppb.fera.co.uk/furtherinfo/151
NCPPB 174	v1+v2+v3	yes	yes	yes	unchanged	unchanged	unchanged				Xanthomonas axonopodis pv. vasculorum (Cobb 1893) Vauterin et al. 1995	Xanthomonas axonopodis pv. vasculorum (Cobb 1893) Vauterin et al. 1995	Xanthomonas axonopodis pv. vasculorum (Cobb 1893) Vauterin et al. 1995	https://ncppb.fera.co.uk/furtherinfo/174
NCPPB 181	v1+v2+v3	yes	yes	yes	unchanged	unchanged	unchanged				Xanthomonas axonopodis pv. vasculorum (Cobb 1893) Vauterin et al. 1995	Xanthomonas axonopodis pv. vasculorum (Cobb 1893) Vauterin et al. 1995	Xanthomonas axonopodis pv. vasculorum (Cobb 1893) Vauterin et al. 1995	https://ncppb.fera.co.uk/furtherinfo/181
NCPPB 182	v1+v2+v3	yes	yes	yes	unchanged	changed	changed		current_name; alternative_names	current_name; alternative_names	Xanthomonas sp. (Cobb 1893) Vauterin et al. 1995	Xanthomonas sp. (Cobb 1893) Vauterin et al. 1995	Xanthomonas vasicola pv. vasculorum (Cobb 1893) Vauterin et al. 1995	https://ncppb.fera.co.uk/furtherinfo/182
NCPPB 184	v1+v2+v3	yes	yes	yes	unchanged	unchanged	unchanged				Xanthomonas axonopodis pv. vasculorum (Cobb 1893) Vauterin et al. 1995	Xanthomonas axonopodis pv. vasculorum (Cobb 1893) Vauterin et al. 1995	Xanthomonas axonopodis pv. vasculorum (Cobb 1893) Vauterin et al. 1995	https://ncppb.fera.co.uk/furtherinfo/184
NCPPB 185	v1+v2+v3	yes	yes	yes	unchanged	unchanged	unchanged				Xanthomonas axonopodis pv. vasculorum (Cobb 1893) Vauterin et al. 1995	Xanthomonas axonopodis pv. vasculorum (Cobb 1893) Vauterin et al. 1995	Xanthomonas axonopodis pv. vasculorum (Cobb 1893) Vauterin et al. 1995	https://ncppb.fera.co.uk/furtherinfo/185
NCPPB 186	v1+v2+v3	yes	yes	yes	unchanged	changed	changed		alternative_names	alternative_names	Xanthomonas axonopodis pv. vasculorum (Cobb 1893) Vauterin et al. 1995	Xanthomonas axonopodis pv. vasculorum (Cobb 1893) Vauterin et al. 1995	Xanthomonas axonopodis pv. vasculorum (Cobb 1893) Vauterin et al. 1995	https://ncppb.fera.co.uk/furtherinfo/186
NCPPB 187	v1+v2+v3	yes	yes	yes	unchanged	unchanged	unchanged				Xanthomonas axonopodis pv. vasculorum (Cobb 1893) Vauterin et al. 1995	Xanthomonas axonopodis pv. vasculorum (Cobb 1893) Vauterin et al. 1995	Xanthomonas axonopodis pv. vasculorum (Cobb 1893) Vauterin et al. 1995	https://ncppb.fera.co.uk/furtherinfo/187
NCPPB 195	v1+v2+v3	yes	yes	yes	unchanged	changed	changed		alternative_names	alternative_names	Xanthomonas vesicatoria (ex Doidge 1920) Vauterin et al. 1995	Xanthomonas vesicatoria (ex Doidge 1920) Vauterin et al. 1995	Xanthomonas vesicatoria (ex Doidge 1920) Vauterin et al. 1995	https://ncppb.fera.co.uk/furtherinfo/195
NCPPB 196	v1+v2+v3	yes	yes	yes	unchanged	unchanged	unchanged				Xanthomonas campestris pv. campestris (Pammel 1895) Dowson 1939	Xanthomonas campestris pv. campestris (Pammel 1895) Dowson 1939	Xanthomonas campestris pv. campestris (Pammel 1895) Dowson 1939	https://ncppb.fera.co.uk/furtherinfo/196
NCPPB 200	v1+v2+v3	yes	yes	yes	unchanged	changed	changed		alternative_names	alternative_names	Xanthomonas citri pv. malvacearum (Smith 1901) Constantin et al. 2016 comb. nov.	Xanthomonas citri pv. malvacearum (Smith 1901) Constantin et al. 2016 comb. nov.	Xanthomonas citri pv. malvacearum (Smith 1901) Constantin et al. 2016 comb. nov.	https://ncppb.fera.co.uk/furtherinfo/200
NCPPB 205	v1+v2+v3	yes	yes	yes	unchanged	unchanged	unchanged				Xanthomonas hyacinthi (Wakker 1883) Vauterin et al. 1995	Xanthomonas hyacinthi (Wakker 1883) Vauterin et al. 1995	Xanthomonas hyacinthi (Wakker 1883) Vauterin et al. 1995	https://ncppb.fera.co.uk/furtherinfo/205
NCPPB 206	v1+v2+v3	yes	yes	yes	unchanged	changed	changed		alternative_names	alternative_names	Xanthomonas vasicola pv. vasculorum (Cobb 1894) Lang et al. 2017	Xanthomonas vasicola pv. vasculorum (Cobb 1894) Lang et al. 2017	Xanthomonas vasicola pv. vasculorum (Cobb 1894) Lang et al. 2017	https://ncppb.fera.co.uk/furtherinfo/206
NCPPB 208	v1+v2+v3	yes	yes	yes	unchanged	unchanged	unchanged				Xanthomonas albilineans (Ashby 1929) Dowson 1943	Xanthomonas albilineans (Ashby 1929) Dowson 1943	Xanthomonas albilineans (Ashby 1929) Dowson 1943	https://ncppb.fera.co.uk/furtherinfo/208
NCPPB 210	v1+v2+v3	yes	yes	yes	unchanged	changed	changed		alternative_names	alternative_names	Xanthomonas citri pv. malvacearum (Smith 1901) Constantin et al. 2016 comb. nov.	Xanthomonas citri pv. malvacearum (Smith 1901) Constantin et al. 2016 comb. nov.	Xanthomonas citri pv. malvacearum (Smith 1901) Constantin et al. 2016 comb. nov.	https://ncppb.fera.co.uk/furtherinfo/210
NCPPB 211	v1+v2+v3	yes	yes	yes	unchanged	changed	changed		alternative_names	alternative_names	Xanthomonas citri pv. citri (Hasse 1915) Constantin 2016 comb. nov.	Xanthomonas citri pv. citri (Hasse 1915) Constantin 2016 comb. nov.	Xanthomonas citri pv. citri (Hasse 1915) Constantin 2016 comb. nov.	https://ncppb.fera.co.uk/furtherinfo/211
NCPPB 212	v1+v2+v3	yes	yes	yes	unchanged	changed	changed		alternative_names	alternative_names	Xanthomonas citri pv. mangiferaeindicae (Patel et al. 1948) Constantin et al. 2016 comb. nov.	Xanthomonas citri pv. mangiferaeindicae (Patel et al. 1948) Constantin et al. 2016 comb. nov.	Xanthomonas citri pv. mangiferaeindicae (Patel et al. 1948) Constantin et al. 2016 comb. nov.	https://ncppb.fera.co.uk/furtherinfo/212
NCPPB 220	v1+v2+v3	yes	yes	yes	unchanged	changed	changed		alternative_names	alternative_names	Xanthomonas phaseoli pv. phaseoli (Smith 1897) Constantin et al. 2016 comb. nov.	Xanthomonas phaseoli pv. phaseoli (Smith 1897) Constantin et al. 2016 comb. nov.	Xanthomonas phaseoli pv. phaseoli (Smith 1897) Constantin et al. 2016 comb. nov.	https://ncppb.fera.co.uk/furtherinfo/220
NCPPB 225	v3	no	no	yes	not_in_pair	added	added						Pseudomonas syringae pv. dysoxyli (Hutchinson 1949) Young, Dye & Wilkie 1978	https://ncppb.fera.co.uk/furtherinfo/225
NCPPB 226	v1+v2+v3	yes	yes	yes	unchanged	changed	changed		alternative_names	alternative_names	Xanthomonas citri pv. citri (Hasse 1915) Constantin 2016 comb. nov.	Xanthomonas citri pv. citri (Hasse 1915) Constantin 2016 comb. nov.	Xanthomonas citri pv. citri (Hasse 1915) Constantin 2016 comb. nov.	https://ncppb.fera.co.uk/furtherinfo/226
NCPPB 230	v1+v2+v3	yes	yes	yes	unchanged	unchanged	unchanged				Xanthomonas hortorum pv. carotae (Kendrick 1934) Vauterin et al. 1995	Xanthomonas hortorum pv. carotae (Kendrick 1934) Vauterin et al. 1995	Xanthomonas hortorum pv. carotae (Kendrick 1934) Vauterin et al. 1995	https://ncppb.fera.co.uk/furtherinfo/230
NCPPB 232	v1+v2+v3	yes	yes	yes	unchanged	changed	changed		alternative_names	alternative_names	Xanthomonas hortorum pv. vitians Morinière et al. 2020	Xanthomonas hortorum pv. vitians Morinière et al. 2020	Xanthomonas hortorum pv. vitians Morinière et al. 2020	https://ncppb.fera.co.uk/furtherinfo/232
NCPPB 240	v1+v2+v3	yes	yes	yes	unchanged	unchanged	unchanged				Xanthomonas campestris pv. campestris (Pammel 1895) Dowson 1939	Xanthomonas campestris pv. campestris (Pammel 1895) Dowson 1939	Xanthomonas campestris pv. campestris (Pammel 1895) Dowson 1939	https://ncppb.fera.co.uk/furtherinfo/240
NCPPB 241	v1+v2+v3	yes	yes	yes	unchanged	unchanged	unchanged				Xanthomonas axonopodis pv. begoniae (Takimoto 1934) Vauterin et al. 1995	Xanthomonas axonopodis pv. begoniae (Takimoto 1934) Vauterin et al. 1995	Xanthomonas axonopodis pv. begoniae (Takimoto 1934) Vauterin et al. 1995	https://ncppb.fera.co.uk/furtherinfo/241
NCPPB 243	v1+v2+v3	yes	yes	yes	unchanged	changed	changed		alternative_names	alternative_names	Xanthomonas euvesicatoria pv. uppalii (Patel 1948) Harrison et al. 2023	Xanthomonas euvesicatoria pv. uppalii (Patel 1948) Harrison et al. 2023	Xanthomonas euvesicatoria pv. uppalii (Patel 1948) Harrison et al. 2023	https://ncppb.fera.co.uk/furtherinfo/243
NCPPB 245	v3	no	no	yes	not_in_pair	added	added						Serratia proteamaculans (Paine and Stansfield 1919) Grimont, Grimont & Starr 1978	https://ncppb.fera.co.uk/furtherinfo/245
NCPPB 272	v3	no	no	yes	not_in_pair	added	added						Xanthomonas arboricola pv. pruni (Smith 1903) Vauterin et al. 1995	https://ncppb.fera.co.uk/furtherinfo/272
NCPPB 273	v1+v2+v3	yes	yes	yes	unchanged	unchanged	unchanged				Xanthomonas arboricola pv. pruni (Smith 1903) Vauterin et al. 1995	Xanthomonas arboricola pv. pruni (Smith 1903) Vauterin et al. 1995	Xanthomonas arboricola pv. pruni (Smith 1903) Vauterin et al. 1995	https://ncppb.fera.co.uk/furtherinfo/273
NCPPB 279	v1+v2+v3	yes	yes	yes	unchanged	unchanged	unchanged				Xanthomonas campestris pv. campestris (Pammel 1895) Dowson 1939	Xanthomonas campestris pv. campestris (Pammel 1895) Dowson 1939	Xanthomonas campestris pv. campestris (Pammel 1895) Dowson 1939	https://ncppb.fera.co.uk/furtherinfo/279
NCPPB 290	v1+v2+v3	yes	yes	yes	unchanged	unchanged	unchanged				Xanthomonas albilineans (Ashby 1929) Dowson 1943	Xanthomonas albilineans (Ashby 1929) Dowson 1943	Xanthomonas albilineans (Ashby 1929) Dowson 1943	https://ncppb.fera.co.uk/furtherinfo/290
NCPPB 293	v1+v2+v3	yes	yes	yes	unchanged	changed	changed		alternative_names	alternative_names	Xanthomonas citri pv. malvacearum (Smith 1901) Constantin et al. 2016 comb. nov.	Xanthomonas citri pv. malvacearum (Smith 1901) Constantin et al. 2016 comb. nov.	Xanthomonas citri pv. malvacearum (Smith 1901) Constantin et al. 2016 comb. nov.	https://ncppb.fera.co.uk/furtherinfo/293
NCPPB 301	v1+v2+v3	yes	yes	yes	unchanged	changed	changed		alternative_names	alternative_names	Xanthomonas phaseoli pv. phaseoli (Smith 1897) Constantin et al. 2016 comb. nov.	Xanthomonas phaseoli pv. phaseoli (Smith 1897) Constantin et al. 2016 comb. nov.	Xanthomonas phaseoli pv. phaseoli (Smith 1897) Constantin et al. 2016 comb. nov.	https://ncppb.fera.co.uk/furtherinfo/301
NCPPB 302	v1+v2+v3	yes	yes	yes	unchanged	changed	changed		alternative_names	alternative_names	Xanthomonas phaseoli pv. phaseoli (Smith 1897) Constantin et al. 2016 comb. nov.	Xanthomonas phaseoli pv. phaseoli (Smith 1897) Constantin et al. 2016 comb. nov.	Xanthomonas phaseoli pv. phaseoli (Smith 1897) Constantin et al. 2016 comb. nov.	https://ncppb.fera.co.uk/furtherinfo/302
NCPPB 305	v1+v2+v3	yes	yes	yes	unchanged	unchanged	unchanged				Xanthomonas hortorum pv. pelargonii (Brown 1923) Vauterin et al. 1995	Xanthomonas hortorum pv. pelargonii (Brown 1923) Vauterin et al. 1995	Xanthomonas hortorum pv. pelargonii (Brown 1923) Vauterin et al. 1995	https://ncppb.fera.co.uk/furtherinfo/305
NCPPB 315	v1+v2+v3	yes	yes	yes	unchanged	changed	changed		alternative_names	alternative_names	Xanthomonas citri pv. malvacearum (Smith 1901) Constantin et al. 2016 comb. nov.	Xanthomonas citri pv. malvacearum (Smith 1901) Constantin et al. 2016 comb. nov.	Xanthomonas citri pv. malvacearum (Smith 1901) Constantin et al. 2016 comb. nov.	https://ncppb.fera.co.uk/furtherinfo/315
NCPPB 347	v1+v2+v3	yes	yes	yes	unchanged	unchanged	unchanged				Xanthomonas campestris pv. armoraciae (McCulloch 1929) Dye 1978	Xanthomonas campestris pv. armoraciae (McCulloch 1929) Dye 1978	Xanthomonas campestris pv. armoraciae (McCulloch 1929) Dye 1978	https://ncppb.fera.co.uk/furtherinfo/347
NCPPB 348	v1+v2+v3	yes	yes	yes	unchanged	changed	changed		alternative_names	alternative_names	Xanthomonas phaseoli pv. manihotis (Bondar 1912) Constantin et al. 2016 comb. nov.	Xanthomonas phaseoli pv. manihotis (Bondar 1912) Constantin et al. 2016 comb. nov.	Xanthomonas phaseoli pv. manihotis (Bondar 1912) Constantin et al. 2016 comb. nov.	https://ncppb.fera.co.uk/furtherinfo/348
NCPPB 362	v1+v2+v3	yes	yes	yes	unchanged	unchanged	unchanged				Xanthomonas arboricola pv. juglandis (Pierce 1901) Vauterin et al. 1995	Xanthomonas arboricola pv. juglandis (Pierce 1901) Vauterin et al. 1995	Xanthomonas arboricola pv. juglandis (Pierce 1901) Vauterin et al. 1995	https://ncppb.fera.co.uk/furtherinfo/362
NCPPB 381	v1+v2+v3	yes	yes	yes	changed	changed	changed	alternative_names	alternative_names	alternative_names	Xanthomonas citri pv. fuscans (Schaad et al. 2007) Constantin et al. 2016 comb. nov.	Xanthomonas citri pv. fuscans (Schaad et al. 2007) Constantin et al. 2016 comb. nov.	Xanthomonas citri pv. fuscans (Schaad et al. 2007) Constantin et al. 2016 comb. nov.	https://ncppb.fera.co.uk/furtherinfo/381
NCPPB 400	v1+v2+v3	yes	yes	yes	unchanged	unchanged	unchanged				Xanthomonas hortorum pv. pelargonii (Brown 1923) Vauterin et al. 1995	Xanthomonas hortorum pv. pelargonii (Brown 1923) Vauterin et al. 1995	Xanthomonas hortorum pv. pelargonii (Brown 1923) Vauterin et al. 1995	https://ncppb.fera.co.uk/furtherinfo/400
NCPPB 403	v1+v2+v3	yes	yes	yes	unchanged	unchanged	unchanged				Xanthomonas campestris pv. campestris (Pammel 1895) Dowson 1939	Xanthomonas campestris pv. campestris (Pammel 1895) Dowson 1939	Xanthomonas campestris pv. campestris (Pammel 1895) Dowson 1939	https://ncppb.fera.co.uk/furtherinfo/403
NCPPB 404	v1+v2+v3	yes	yes	yes	unchanged	unchanged	unchanged				Xanthomonas campestris pv. campestris (Pammel 1895) Dowson 1939	Xanthomonas campestris pv. campestris (Pammel 1895) Dowson 1939	Xanthomonas campestris pv. campestris (Pammel 1895) Dowson 1939	https://ncppb.fera.co.uk/furtherinfo/404
NCPPB 405	v1+v2+v3	yes	yes	yes	unchanged	changed	changed		alternative_names	alternative_names	Xanthomonas citri pv. citri (Hasse 1915) Constantin 2016 comb. nov.	Xanthomonas citri pv. citri (Hasse 1915) Constantin 2016 comb. nov.	Xanthomonas citri pv. citri (Hasse 1915) Constantin 2016 comb. nov.	https://ncppb.fera.co.uk/furtherinfo/405
NCPPB 406	v1+v2+v3	yes	yes	yes	unchanged	changed	changed		alternative_names	alternative_names	Xanthomonas citri pv. citri (Hasse 1915) Constantin 2016 comb. nov.	Xanthomonas citri pv. citri (Hasse 1915) Constantin 2016 comb. nov.	Xanthomonas citri pv. citri (Hasse 1915) Constantin 2016 comb. nov.	https://ncppb.fera.co.uk/furtherinfo/406
NCPPB 407	v1+v2+v3	yes	yes	yes	unchanged	changed	changed		alternative_names	alternative_names	Xanthomonas citri pv. citri (Hasse 1915) Constantin 2016 comb. nov.	Xanthomonas citri pv. citri (Hasse 1915) Constantin 2016 comb. nov.	Xanthomonas citri pv. citri (Hasse 1915) Constantin 2016 comb. nov.	https://ncppb.fera.co.uk/furtherinfo/407
NCPPB 408	v1+v2+v3	yes	yes	yes	unchanged	changed	changed		alternative_names	alternative_names	Xanthomonas citri pv. citri (Hasse 1915) Constantin 2016 comb. nov.	Xanthomonas citri pv. citri (Hasse 1915) Constantin 2016 comb. nov.	Xanthomonas citri pv. citri (Hasse 1915) Constantin 2016 comb. nov.	https://ncppb.fera.co.uk/furtherinfo/408
NCPPB 409	v1+v2+v3	yes	yes	yes	unchanged	changed	changed		alternative_names	alternative_names	Xanthomonas citri (Hasse 1915) Gabriel et al. 1989	Xanthomonas citri (Hasse 1915) Gabriel et al. 1989	Xanthomonas citri (Hasse 1915) Gabriel et al. 1989	https://ncppb.fera.co.uk/furtherinfo/409
NCPPB 410	v1+v2+v3	yes	yes	yes	unchanged	changed	changed		alternative_names	alternative_names	Xanthomonas citri pv. citri (Hasse 1915) Constantin 2016 comb. nov.	Xanthomonas citri pv. citri (Hasse 1915) Constantin 2016 comb. nov.	Xanthomonas citri pv. citri (Hasse 1915) Constantin 2016 comb. nov.	https://ncppb.fera.co.uk/furtherinfo/410
NCPPB 411	v1+v2+v3	yes	yes	yes	unchanged	unchanged	unchanged				Xanthomonas arboricola pv. juglandis (Pierce 1901) Vauterin et al. 1995	Xanthomonas arboricola pv. juglandis (Pierce 1901) Vauterin et al. 1995	Xanthomonas arboricola pv. juglandis (Pierce 1901) Vauterin et al. 1995	https://ncppb.fera.co.uk/furtherinfo/411
NCPPB 412	v1+v2+v3	yes	yes	yes	unchanged	unchanged	unchanged				Xanthomonas arboricola pv. juglandis (Pierce 1901) Vauterin et al. 1995	Xanthomonas arboricola pv. juglandis (Pierce 1901) Vauterin et al. 1995	Xanthomonas arboricola pv. juglandis (Pierce 1901) Vauterin et al. 1995	https://ncppb.fera.co.uk/furtherinfo/412
NCPPB 414	v1+v2+v3	yes	yes	yes	unchanged	unchanged	unchanged				Xanthomonas arboricola pv. juglandis (Pierce 1901) Vauterin et al. 1995	Xanthomonas arboricola pv. juglandis (Pierce 1901) Vauterin et al. 1995	Xanthomonas arboricola pv. juglandis (Pierce 1901) Vauterin et al. 1995	https://ncppb.fera.co.uk/furtherinfo/414
NCPPB 415	v1+v2+v3	yes	yes	yes	unchanged	unchanged	unchanged				Xanthomonas arboricola pv. juglandis (Pierce 1901) Vauterin et al. 1995	Xanthomonas arboricola pv. juglandis (Pierce 1901) Vauterin et al. 1995	Xanthomonas arboricola pv. juglandis (Pierce 1901) Vauterin et al. 1995	https://ncppb.fera.co.uk/furtherinfo/415
NCPPB 416	v1+v2+v3	yes	yes	yes	unchanged	unchanged	unchanged				Xanthomonas arboricola pv. pruni (Smith 1903) Vauterin et al. 1995	Xanthomonas arboricola pv. pruni (Smith 1903) Vauterin et al. 1995	Xanthomonas arboricola pv. pruni (Smith 1903) Vauterin et al. 1995	https://ncppb.fera.co.uk/furtherinfo/416
NCPPB 418	v1+v2+v3	yes	yes	yes	unchanged	unchanged	unchanged				Xanthomonas arboricola pv. pruni (Smith 1903) Vauterin et al. 1995	Xanthomonas arboricola pv. pruni (Smith 1903) Vauterin et al. 1995	Xanthomonas arboricola pv. pruni (Smith 1903) Vauterin et al. 1995	https://ncppb.fera.co.uk/furtherinfo/418
NCPPB 419	v1+v2+v3	yes	yes	yes	unchanged	unchanged	unchanged				Xanthomonas arboricola pv. pruni (Smith 1903) Vauterin et al. 1995	Xanthomonas arboricola pv. pruni (Smith 1903) Vauterin et al. 1995	Xanthomonas arboricola pv. pruni (Smith 1903) Vauterin et al. 1995	https://ncppb.fera.co.uk/furtherinfo/419
NCPPB 420	v1+v2+v3	yes	yes	yes	unchanged	unchanged	unchanged				Xanthomonas arboricola pv. pruni (Smith 1903) Vauterin et al. 1995	Xanthomonas arboricola pv. pruni (Smith 1903) Vauterin et al. 1995	Xanthomonas arboricola pv. pruni (Smith 1903) Vauterin et al. 1995	https://ncppb.fera.co.uk/furtherinfo/420
NCPPB 421	v1+v2+v3	yes	yes	yes	unchanged	unchanged	unchanged				Xanthomonas arboricola pv. pruni (Smith 1903) Vauterin et al. 1995	Xanthomonas arboricola pv. pruni (Smith 1903) Vauterin et al. 1995	Xanthomonas arboricola pv. pruni (Smith 1903) Vauterin et al. 1995	https://ncppb.fera.co.uk/furtherinfo/421
NCPPB 422	v1+v2+v3	yes	yes	yes	unchanged	unchanged	unchanged				Xanthomonas vesicatoria (ex Doidge 1920) Vauterin et al. 1995	Xanthomonas vesicatoria (ex Doidge 1920) Vauterin et al. 1995	Xanthomonas vesicatoria (ex Doidge 1920) Vauterin et al. 1995	https://ncppb.fera.co.uk/furtherinfo/422
NCPPB 423	v1+v2+v3	yes	yes	yes	unchanged	unchanged	unchanged				Xanthomonas vesicatoria (ex Doidge 1920) Vauterin et al. 1995	Xanthomonas vesicatoria (ex Doidge 1920) Vauterin et al. 1995	Xanthomonas vesicatoria (ex Doidge 1920) Vauterin et al. 1995	https://ncppb.fera.co.uk/furtherinfo/423
NCPPB 424	v1+v2+v3	yes	yes	yes	unchanged	unchanged	unchanged				Xanthomonas vesicatoria (ex Doidge 1920) Vauterin et al. 1995	Xanthomonas vesicatoria (ex Doidge 1920) Vauterin et al. 1995	Xanthomonas vesicatoria (ex Doidge 1920) Vauterin et al. 1995	https://ncppb.fera.co.uk/furtherinfo/424
NCPPB 425	v1+v2+v3	yes	yes	yes	unchanged	unchanged	unchanged				Xanthomonas hortorum pv. carotae (Kendrick 1934) Vauterin et al. 1995	Xanthomonas hortorum pv. carotae (Kendrick 1934) Vauterin et al. 1995	Xanthomonas hortorum pv. carotae (Kendrick 1934) Vauterin et al. 1995	https://ncppb.fera.co.uk/furtherinfo/425
NCPPB 449	v3	no	no	yes	not_in_pair	added	added						Pantoea stewartii subsp. stewartii (Smith 1898) Mergaert et al. 1993	https://ncppb.fera.co.uk/furtherinfo/449
NCPPB 457	v1+v2+v3	yes	yes	yes	unchanged	changed	changed		alternative_names	alternative_names	Xanthomonas axonopodis pv. axonopodis Starr & Garces 1950	Xanthomonas axonopodis pv. axonopodis Starr & Garces 1950	Xanthomonas axonopodis pv. axonopodis Starr & Garces 1950	https://ncppb.fera.co.uk/furtherinfo/457
NCPPB 464	v1+v2+v3	yes	yes	yes	unchanged	unchanged	unchanged				Xanthomonas campestris pv. olitorii (Sabet 1957) Dye 1978	Xanthomonas campestris pv. olitorii (Sabet 1957) Dye 1978	Xanthomonas campestris pv. olitorii (Sabet 1957) Dye 1978	https://ncppb.fera.co.uk/furtherinfo/464
NCPPB 465	v1+v2+v3	yes	yes	yes	unchanged	unchanged	unchanged				Xanthomonas campestris pv. olitorii (Sabet 1957) Dye 1978	Xanthomonas campestris pv. olitorii (Sabet 1957) Dye 1978	Xanthomonas campestris pv. olitorii (Sabet 1957) Dye 1978	https://ncppb.fera.co.uk/furtherinfo/465
NCPPB 466	v1+v2+v3	yes	yes	yes	unchanged	changed	changed		alternative_names	alternative_names	Xanthomonas citri pv. punicae (Hingorani & Singh 1959) Constantin et al. 2016 comb. nov.	Xanthomonas citri pv. punicae (Hingorani & Singh 1959) Constantin et al. 2016 comb. nov.	Xanthomonas citri pv. punicae (Hingorani & Singh 1959) Constantin et al. 2016 comb. nov.	https://ncppb.fera.co.uk/furtherinfo/466
NCPPB 473	v1+v2+v3	yes	yes	yes	unchanged	changed	changed		alternative_names	alternative_names	Xanthomonas citri pv. punicae (Hingorani & Singh 1959) Constantin et al. 2016 comb. nov.	Xanthomonas citri pv. punicae (Hingorani & Singh 1959) Constantin et al. 2016 comb. nov.	Xanthomonas citri pv. punicae (Hingorani & Singh 1959) Constantin et al. 2016 comb. nov.	https://ncppb.fera.co.uk/furtherinfo/473
NCPPB 476	v1+v2+v3	yes	yes	yes	unchanged	changed	changed		alternative_names	alternative_names	Xanthomonas vesicatoria (ex Doidge 1920) Vauterin et al. 1995	Xanthomonas vesicatoria (ex Doidge 1920) Vauterin et al. 1995	Xanthomonas vesicatoria (ex Doidge 1920) Vauterin et al. 1995	https://ncppb.fera.co.uk/furtherinfo/476
NCPPB 477	v1+v2+v3	yes	yes	yes	unchanged	changed	changed		alternative_names	alternative_names	Xanthomonas citri pv. trichodesmae (Patel et al.1952) Harrison et al. 2023	Xanthomonas citri pv. trichodesmae (Patel et al.1952) Harrison et al. 2023	Xanthomonas citri pv. trichodesmae (Patel et al.1952) Harrison et al. 2023	https://ncppb.fera.co.uk/furtherinfo/477
NCPPB 478	v1+v2+v3	yes	yes	yes	unchanged	unchanged	unchanged				Xanthomonas axonopodis pv. cassiae (Kulkarni et al. 1951) Vauterin et al. 1995	Xanthomonas axonopodis pv. cassiae (Kulkarni et al. 1951) Vauterin et al. 1995	Xanthomonas axonopodis pv. cassiae (Kulkarni et al. 1951) Vauterin et al. 1995	https://ncppb.fera.co.uk/furtherinfo/478
NCPPB 479	v1+v2+v3	yes	yes	yes	unchanged	unchanged	unchanged				Xanthomonas axonopodis pv. melhusii (Patel et al. 1952) Vauterin et al. 1995	Xanthomonas axonopodis pv. melhusii (Patel et al. 1952) Vauterin et al. 1995	Xanthomonas axonopodis pv. melhusii (Patel et al. 1952) Vauterin et al. 1995	https://ncppb.fera.co.uk/furtherinfo/479
NCPPB 480	v1+v2+v3	yes	yes	yes	unchanged	changed	changed		alternative_names	alternative_names	Xanthomonas euvesicatoria pv. alfalfae (ex Riker et al. 1935) Constantin et al. 2016 comb. nov.	Xanthomonas euvesicatoria pv. alfalfae (ex Riker et al. 1935) Constantin et al. 2016 comb. nov.	Xanthomonas euvesicatoria pv. alfalfae (ex Riker et al. 1935) Constantin et al. 2016 comb. nov.	https://ncppb.fera.co.uk/furtherinfo/480
NCPPB 481	v1+v2+v3	yes	yes	yes	unchanged	unchanged	unchanged				Xanthomonas axonopodis pv. desmodii (Patel 1949) Vauterin et al. 1995	Xanthomonas axonopodis pv. desmodii (Patel 1949) Vauterin et al. 1995	Xanthomonas axonopodis pv. desmodii (Patel 1949) Vauterin et al. 1995	https://ncppb.fera.co.uk/furtherinfo/481
NCPPB 485	v1+v2+v3	yes	yes	yes	unchanged	unchanged	unchanged				Xanthomonas axonopodis pv. betlicola (Patel et al. 1951) Vauterin et al. 1995	Xanthomonas axonopodis pv. betlicola (Patel et al. 1951) Vauterin et al. 1995	Xanthomonas axonopodis pv. betlicola (Patel et al. 1951) Vauterin et al. 1995	https://ncppb.fera.co.uk/furtherinfo/485
NCPPB 488	v1+v2+v3	yes	yes	yes	unchanged	unchanged	unchanged				Xanthomonas axonopodis pv. ricini (Yoshi & Takimoto 1928) Vauterin et al. 1995	Xanthomonas axonopodis pv. ricini (Yoshi & Takimoto 1928) Vauterin et al. 1995	Xanthomonas axonopodis pv. ricini (Yoshi & Takimoto 1928) Vauterin et al. 1995	https://ncppb.fera.co.uk/furtherinfo/488
NCPPB 490	v1+v2+v3	yes	yes	yes	unchanged	changed	changed		alternative_names	alternative_names	Xanthomonas citri pv. mangiferaeindicae (Patel et al. 1948) Constantin et al. 2016 comb. nov.	Xanthomonas citri pv. mangiferaeindicae (Patel et al. 1948) Constantin et al. 2016 comb. nov.	Xanthomonas citri pv. mangiferaeindicae (Patel et al. 1948) Constantin et al. 2016 comb. nov.	https://ncppb.fera.co.uk/furtherinfo/490
NCPPB 509	v1+v2+v3	yes	yes	yes	unchanged	unchanged	unchanged				Xanthomonas vesicatoria (ex Doidge 1920) Vauterin et al. 1995	Xanthomonas vesicatoria (ex Doidge 1920) Vauterin et al. 1995	Xanthomonas vesicatoria (ex Doidge 1920) Vauterin et al. 1995	https://ncppb.fera.co.uk/furtherinfo/509
NCPPB 510	v1+v2+v3	yes	yes	yes	unchanged	unchanged	unchanged				Xanthomonas albilineans (Ashby 1929) Dowson 1943	Xanthomonas albilineans (Ashby 1929) Dowson 1943	Xanthomonas albilineans (Ashby 1929) Dowson 1943	https://ncppb.fera.co.uk/furtherinfo/510
NCPPB 526	v1+v2+v3	yes	yes	yes	unchanged	unchanged	unchanged				Xanthomonas albilineans (Ashby 1929) Dowson 1943	Xanthomonas albilineans (Ashby 1929) Dowson 1943	Xanthomonas albilineans (Ashby 1929) Dowson 1943	https://ncppb.fera.co.uk/furtherinfo/526
NCPPB 528	v1+v2+v3	yes	yes	yes	unchanged	unchanged	unchanged				Xanthomonas campestris pv. campestris (Pammel 1895) Dowson 1939	Xanthomonas campestris pv. campestris (Pammel 1895) Dowson 1939	Xanthomonas campestris pv. campestris (Pammel 1895) Dowson 1939	https://ncppb.fera.co.uk/furtherinfo/528
NCPPB 529	v1+v2+v3	yes	yes	yes	unchanged	unchanged	unchanged				Xanthomonas campestris pv. campestris (Pammel 1895) Dowson 1939	Xanthomonas campestris pv. campestris (Pammel 1895) Dowson 1939	Xanthomonas campestris pv. campestris (Pammel 1895) Dowson 1939	https://ncppb.fera.co.uk/furtherinfo/529
NCPPB 535	v1+v2+v3	yes	yes	yes	unchanged	unchanged	unchanged				Xanthomonas axonopodis pv. ricini (Yoshi & Takimoto 1928) Vauterin et al. 1995	Xanthomonas axonopodis pv. ricini (Yoshi & Takimoto 1928) Vauterin et al. 1995	Xanthomonas axonopodis pv. ricini (Yoshi & Takimoto 1928) Vauterin et al. 1995	https://ncppb.fera.co.uk/furtherinfo/535
NCPPB 536	v1+v2+v3	yes	yes	yes	unchanged	unchanged	unchanged				Xanthomonas axonopodis pv. khayae (Sabet 1959) Vauterin et al. 1995	Xanthomonas axonopodis pv. khayae (Sabet 1959) Vauterin et al. 1995	Xanthomonas axonopodis pv. khayae (Sabet 1959) Vauterin et al. 1995	https://ncppb.fera.co.uk/furtherinfo/536
NCPPB 554	v1+v2+v3	yes	yes	yes	unchanged	changed	changed		alternative_names	alternative_names	Xanthomonas citri pv. glycines (Nakano 1919) Constantin et al. 2016 comb. nov.	Xanthomonas citri pv. glycines (Nakano 1919) Constantin et al. 2016 comb. nov.	Xanthomonas citri pv. glycines (Nakano 1919) Constantin et al. 2016 comb. nov.	https://ncppb.fera.co.uk/furtherinfo/554
NCPPB 555	v1+v2+v3	yes	yes	yes	unchanged	changed	changed		alternative_names	alternative_names	Xanthomonas citri pv. vignicola (Burkholder 1944) Constantin et al. 2016 comb. nov.	Xanthomonas citri pv. vignicola (Burkholder 1944) Constantin et al. 2016 comb. nov.	Xanthomonas citri pv. vignicola (Burkholder 1944) Constantin et al. 2016 comb. nov.	https://ncppb.fera.co.uk/furtherinfo/555
NCPPB 556	v1+v2+v3	yes	yes	yes	unchanged	changed	changed		alternative_names	alternative_names	Xanthomonas axonopodis Starr & Garcés 1950	Xanthomonas axonopodis Starr & Garcés 1950	Xanthomonas axonopodis Starr & Garcés 1950	https://ncppb.fera.co.uk/furtherinfo/556
NCPPB 557	v1+v2+v3	yes	yes	yes	unchanged	changed	changed		alternative_names	alternative_names	Xanthomonas axonopodis (Smith 1897) Vauterin et al.1995	Xanthomonas axonopodis (Smith 1897) Vauterin et al.1995	Xanthomonas axonopodis (Smith 1897) Vauterin et al.1995	https://ncppb.fera.co.uk/furtherinfo/557
NCPPB 570	v1+v2+v3	yes	yes	yes	unchanged	unchanged	unchanged				Xanthomonas campestris pv. amaranthicola (Patel et al. 1952) Dye 1978	Xanthomonas campestris pv. amaranthicola (Patel et al. 1952) Dye 1978	Xanthomonas campestris pv. amaranthicola (Patel et al. 1952) Dye 1978	https://ncppb.fera.co.uk/furtherinfo/570
NCPPB 571	v1+v2+v3	yes	yes	yes	unchanged	unchanged	unchanged				Xanthomonas campestris pv. badrii (Patel et al.1950) Dye 1978	Xanthomonas campestris pv. badrii (Patel et al.1950) Dye 1978	Xanthomonas campestris pv. badrii (Patel et al.1950) Dye 1978	https://ncppb.fera.co.uk/furtherinfo/571
NCPPB 573	v1+v2+v3	yes	yes	yes	unchanged	unchanged	unchanged				Xanthomonas axonopodis pv. cajani (Kulkarni et al. 1950) Vauterin et al. 1995	Xanthomonas axonopodis pv. cajani (Kulkarni et al. 1950) Vauterin et al. 1995	Xanthomonas axonopodis pv. cajani (Kulkarni et al. 1950) Vauterin et al. 1995	https://ncppb.fera.co.uk/furtherinfo/573
NCPPB 575	v1+v2+v3	yes	yes	yes	unchanged	changed	changed		alternative_names	alternative_names	Xanthomonas euvesicatoria pv. clerodendri (Patel et al. 1952) Harrison et al. 2023	Xanthomonas euvesicatoria pv. clerodendri (Patel et al. 1952) Harrison et al. 2023	Xanthomonas euvesicatoria pv. clerodendri (Patel et al. 1952) Harrison et al. 2023	https://ncppb.fera.co.uk/furtherinfo/575
NCPPB 577	v1+v2+v3	yes	yes	yes	unchanged	changed	changed		alternative_names	alternative_names	Xanthomonas axonopodis pv. desmodiigangetici (Patel & Moniz 1948) Vauterin et al. 1995	Xanthomonas axonopodis pv. desmodiigangetici (Patel & Moniz 1948) Vauterin et al. 1995	Xanthomonas axonopodis pv. desmodiigangetici (Patel & Moniz 1948) Vauterin et al. 1995	https://ncppb.fera.co.uk/furtherinfo/577
NCPPB 578	v1+v2+v3	yes	yes	yes	unchanged	changed	changed		alternative_names	alternative_names	Xanthomonas euvesicatoria pv. erythrinae (Patel et al. 1952) Constantin et al. 2016 comb. nov.	Xanthomonas euvesicatoria pv. erythrinae (Patel et al. 1952) Constantin et al. 2016 comb. nov.	Xanthomonas euvesicatoria pv. erythrinae (Patel et al. 1952) Constantin et al. 2016 comb. nov.	https://ncppb.fera.co.uk/furtherinfo/578
NCPPB 579	v1+v2+v3	yes	yes	yes	unchanged	changed	changed		alternative_names	alternative_names	Xanthomonas euvesicatoria pv. lawsoniae (Patel et al. 1951) Harrison et al. 2023	Xanthomonas euvesicatoria pv. lawsoniae (Patel et al. 1951) Harrison et al. 2023	Xanthomonas euvesicatoria pv. lawsoniae (Patel et al. 1951) Harrison et al. 2023	https://ncppb.fera.co.uk/furtherinfo/579
NCPPB 581	v1+v2+v3	yes	yes	yes	unchanged	unchanged	unchanged				Xanthomonas axonopodis pv. poinsettiicola (Patel et al. 1951) Vauterin et al. 1995	Xanthomonas axonopodis pv. poinsettiicola (Patel et al. 1951) Vauterin et al. 1995	Xanthomonas axonopodis pv. poinsettiicola (Patel et al. 1951) Vauterin et al. 1995	https://ncppb.fera.co.uk/furtherinfo/581
NCPPB 582	v1+v2+v3	yes	yes	yes	unchanged	changed	changed		alternative_names	alternative_names	Xanthomonas citri pv. sesbaniae (Patel et al. 1952) Constantin et al. 2016 comb. nov.	Xanthomonas citri pv. sesbaniae (Patel et al. 1952) Constantin et al. 2016 comb. nov.	Xanthomonas citri pv. sesbaniae (Patel et al. 1952) Constantin et al. 2016 comb. nov.	https://ncppb.fera.co.uk/furtherinfo/582
NCPPB 583	v3	no	no	yes	not_in_pair	added	added						Chryseobacterium sp. Vandamme et al. 1994	https://ncppb.fera.co.uk/furtherinfo/583
NCPPB 584	v1+v2+v3	yes	yes	yes	unchanged	unchanged	unchanged				Xanthomonas axonopodis pv. tamarindi (Patel et al. 1951) Vauterin et al. 1995	Xanthomonas axonopodis pv. tamarindi (Patel et al. 1951) Vauterin et al. 1995	Xanthomonas axonopodis pv. tamarindi (Patel et al. 1951) Vauterin et al. 1995	https://ncppb.fera.co.uk/furtherinfo/584
NCPPB 585	v1+v2+v3	yes	yes	yes	unchanged	changed	changed		alternative_names	alternative_names	Xanthomonas citri pv. trichodesmae (Patel et al.1952) Harrison et al. 2023	Xanthomonas citri pv. trichodesmae (Patel et al.1952) Harrison et al. 2023	Xanthomonas citri pv. trichodesmae (Patel et al.1952) Harrison et al. 2023	https://ncppb.fera.co.uk/furtherinfo/585
NCPPB 586	v1+v2+v3	yes	yes	yes	unchanged	changed	changed		alternative_names	alternative_names	Xanthomonas euvesicatoria pv. uppalii (Patel 1948) Harrison et al. 2023	Xanthomonas euvesicatoria pv. uppalii (Patel 1948) Harrison et al. 2023	Xanthomonas euvesicatoria pv. uppalii (Patel 1948) Harrison et al. 2023	https://ncppb.fera.co.uk/furtherinfo/586
NCPPB 599	v1+v2+v3	yes	yes	yes	unchanged	unchanged	unchanged				Xanthomonas hyacinthi (Wakker 1883) Vauterin et al. 1995	Xanthomonas hyacinthi (Wakker 1883) Vauterin et al. 1995	Xanthomonas hyacinthi (Wakker 1883) Vauterin et al. 1995	https://ncppb.fera.co.uk/furtherinfo/599
NCPPB 614	v1+v2+v3	yes	yes	yes	unchanged	changed	changed		alternative_names	alternative_names	Xanthomonas citri pv. malvacearum (Smith 1901) Schaad et al. 2007	Xanthomonas citri pv. malvacearum (Smith 1901) Schaad et al. 2007	Xanthomonas citri pv. malvacearum (Smith 1901) Schaad et al. 2007	https://ncppb.fera.co.uk/furtherinfo/614
NCPPB 631	v1+v2+v3	yes	yes	yes	unchanged	changed	changed		alternative_names	alternative_names	Xanthomonas euvesicatoria pv. sesami (Sabet & Dowson 1960) Constantin et al. 2016 comb. nov.	Xanthomonas euvesicatoria pv. sesami (Sabet & Dowson 1960) Constantin et al. 2016 comb. nov.	Xanthomonas euvesicatoria pv. sesami (Sabet & Dowson 1960) Constantin et al. 2016 comb. nov.	https://ncppb.fera.co.uk/furtherinfo/631
NCPPB 633	v1+v2+v3	yes	yes	yes	unchanged	changed	changed		alternative_names	alternative_names	Xanthomonas citri pv. malvacearum (Smith 1901) Constantin et al. 2016 comb. nov.	Xanthomonas citri pv. malvacearum (Smith 1901) Constantin et al. 2016 comb. nov.	Xanthomonas citri pv. malvacearum (Smith 1901) Constantin et al. 2016 comb. nov.	https://ncppb.fera.co.uk/furtherinfo/633
NCPPB 634	v1+v2+v3	yes	yes	yes	unchanged	changed	changed		alternative_names	alternative_names	Xanthomonas citri pv. malvacearum (Smith 1901) Constantin et al. 2016 comb. nov.	Xanthomonas citri pv. malvacearum (Smith 1901) Constantin et al. 2016 comb. nov.	Xanthomonas citri pv. malvacearum (Smith 1901) Constantin et al. 2016 comb. nov.	https://ncppb.fera.co.uk/furtherinfo/634
NCPPB 637	v1+v2+v3	yes	yes	yes	unchanged	unchanged	unchanged				Xanthomonas axonopodis pv. cyamopsidis (Patel et al.1953) Vauterin et al. 1995	Xanthomonas axonopodis pv. cyamopsidis (Patel et al.1953) Vauterin et al. 1995	Xanthomonas axonopodis pv. cyamopsidis (Patel et al.1953) Vauterin et al. 1995	https://ncppb.fera.co.uk/furtherinfo/637
NCPPB 638	v1+v2+v3	yes	yes	yes	unchanged	changed	changed		alternative_names	alternative_names	Xanthomonas citri pv. vignicola (Burkholder 1944) Constantin et al. 2016 comb. nov.	Xanthomonas citri pv. vignicola (Burkholder 1944) Constantin et al. 2016 comb. nov.	Xanthomonas citri pv. vignicola (Burkholder 1944) Constantin et al. 2016 comb. nov.	https://ncppb.fera.co.uk/furtherinfo/638
NCPPB 642	v1+v2+v3	yes	yes	yes	unchanged	unchanged	unchanged				Xanthomonas hortorum pv. hederae (Arnaud 1920) Vauterin et al. 1995	Xanthomonas hortorum pv. hederae (Arnaud 1920) Vauterin et al. 1995	Xanthomonas hortorum pv. hederae (Arnaud 1920) Vauterin et al. 1995	https://ncppb.fera.co.uk/furtherinfo/642
NCPPB 645	v1+v2+v3	yes	yes	yes	unchanged	unchanged	unchanged				Xanthomonas axonopodis pv. cassiae (Kulkarni et al. 1951) Vauterin et al. 1995	Xanthomonas axonopodis pv. cassiae (Kulkarni et al. 1951) Vauterin et al. 1995	Xanthomonas axonopodis pv. cassiae (Kulkarni et al. 1951) Vauterin et al. 1995	https://ncppb.fera.co.uk/furtherinfo/645
NCPPB 646	v1+v2+v3	yes	yes	yes	unchanged	unchanged	unchanged				Xanthomonas axonopodis pv. khayae (Sabet 1959) Vauterin et al. 1995	Xanthomonas axonopodis pv. khayae (Sabet 1959) Vauterin et al. 1995	Xanthomonas axonopodis pv. khayae (Sabet 1959) Vauterin et al. 1995	https://ncppb.fera.co.uk/furtherinfo/646
NCPPB 647	v1+v2+v3	yes	yes	yes	unchanged	changed	changed		alternative_names	alternative_names	Xanthomonas euvesicatoria pv. sesami (Sabet & Dowson 1960) Constantin et al. 2016 comb. nov.	Xanthomonas euvesicatoria pv. sesami (Sabet & Dowson 1960) Constantin et al. 2016 comb. nov.	Xanthomonas euvesicatoria pv. sesami (Sabet & Dowson 1960) Constantin et al. 2016 comb. nov.	https://ncppb.fera.co.uk/furtherinfo/647
NCPPB 648	v1+v2+v3	yes	yes	yes	unchanged	changed	changed		alternative_names	alternative_names	Xanthomonas euvesicatoria pv. alfalfae (ex Riker et al. 1935) Constantin et al. 2016 comb. nov.	Xanthomonas euvesicatoria pv. alfalfae (ex Riker et al. 1935) Constantin et al. 2016 comb. nov.	Xanthomonas euvesicatoria pv. alfalfae (ex Riker et al. 1935) Constantin et al. 2016 comb. nov.	https://ncppb.fera.co.uk/furtherinfo/648
NCPPB 670	v1+v2+v3	yes	yes	yes	unchanged	changed	changed		alternative_names	alternative_names	Xanthomonas citri pv. fuscans (Schaad et al. 2007) Constantin et al. 2016 comb. nov.	Xanthomonas citri pv. fuscans (Schaad et al. 2007) Constantin et al. 2016 comb. nov.	Xanthomonas citri pv. fuscans (Schaad et al. 2007) Constantin et al. 2016 comb. nov.	https://ncppb.fera.co.uk/furtherinfo/670
NCPPB 701	v1+v2+v3	yes	yes	yes	unchanged	unchanged	unchanged				Xanthomonas vesicatoria (ex Doidge 1920) Vauterin et al. 1995	Xanthomonas vesicatoria (ex Doidge 1920) Vauterin et al. 1995	Xanthomonas vesicatoria (ex Doidge 1920) Vauterin et al. 1995	https://ncppb.fera.co.uk/furtherinfo/701
NCPPB 702	v1+v2+v3	yes	yes	yes	unchanged	changed	changed		alternative_names	alternative_names	Xanthomonas vasicola pv. vasculorum (Cobb 1894) Lang et al. 2017	Xanthomonas vasicola pv. vasculorum (Cobb 1894) Lang et al. 2017	Xanthomonas vasicola pv. vasculorum (Cobb 1894) Lang et al. 2017	https://ncppb.fera.co.uk/furtherinfo/702
NCPPB 761	v1+v2+v3	yes	yes	yes	unchanged	changed	changed		alternative_names; host	alternative_names; host	Xanthomonas euvesicatoria pv. physalidicola (Goto & Okabe 1958) Constantin et al. 2016 comb. nov.	Xanthomonas euvesicatoria pv. physalidicola (Goto & Okabe 1958) Constantin et al. 2016 comb. nov.	Xanthomonas euvesicatoria pv. physalidicola (Goto & Okabe 1958) Constantin et al. 2016 comb. nov.	https://ncppb.fera.co.uk/furtherinfo/761
NCPPB 762	v1+v2+v3	yes	yes	yes	unchanged	unchanged	unchanged				Xanthomonas pisi (ex Goto & Okabe 1958) Vauterin et al. 1995	Xanthomonas pisi (ex Goto & Okabe 1958) Vauterin et al. 1995	Xanthomonas pisi (ex Goto & Okabe 1958) Vauterin et al. 1995	https://ncppb.fera.co.uk/furtherinfo/762
NCPPB 793	v1+v2+v3	yes	yes	yes	unchanged	changed	changed		alternative_names	alternative_names	Xanthomonas oryzae pv. oryzae (Ishiyama 1922) Swings et al. 1990	Xanthomonas oryzae pv. oryzae (Ishiyama 1922) Swings et al. 1990	Xanthomonas oryzae pv. oryzae (Ishiyama 1922) Swings et al. 1990	https://ncppb.fera.co.uk/furtherinfo/793
NCPPB 795	v1+v2+v3	yes	yes	yes	unchanged	changed	changed		alternative_names	alternative_names	Xanthomonas vasicola pv. vasculorum (Cobb 1894) Lang et al. 2017	Xanthomonas vasicola pv. vasculorum (Cobb 1894) Lang et al. 2017	Xanthomonas vasicola pv. vasculorum (Cobb 1894) Lang et al. 2017	https://ncppb.fera.co.uk/furtherinfo/795
NCPPB 840	v1+v2+v3	yes	yes	yes	unchanged	unchanged	unchanged				Xanthomonas axonopodis pv. patelii (Desai & Shah 1959) Vauterin et al. 1995	Xanthomonas axonopodis pv. patelii (Desai & Shah 1959) Vauterin et al. 1995	Xanthomonas axonopodis pv. patelii (Desai & Shah 1959) Vauterin et al. 1995	https://ncppb.fera.co.uk/furtherinfo/840
NCPPB 875	v1+v2+v3	yes	yes	yes	unchanged	unchanged	unchanged				Xanthomonas campestris pv. aberrans (Knosel 1961) Dye 1978	Xanthomonas campestris pv. aberrans (Knosel 1961) Dye 1978	Xanthomonas campestris pv. aberrans (Knosel 1961) Dye 1978	https://ncppb.fera.co.uk/furtherinfo/875
NCPPB 881	v1+v2+v3	yes	yes	yes	unchanged	changed	changed		alternative_names	alternative_names	Xanthomonas hortorum pv. gardneri Morinière et al. (2020)	Xanthomonas hortorum pv. gardneri Morinière et al. (2020)	Xanthomonas hortorum pv. gardneri Morinière et al. (2020)	https://ncppb.fera.co.uk/furtherinfo/881
NCPPB 884	v1+v2+v3	yes	yes	yes	unchanged	unchanged	unchanged				Xanthomonas axonopodis pv. patelii (Desai & Shah 1959) Vauterin et al. 1995	Xanthomonas axonopodis pv. patelii (Desai & Shah 1959) Vauterin et al. 1995	Xanthomonas axonopodis pv. patelii (Desai & Shah 1959) Vauterin et al. 1995	https://ncppb.fera.co.uk/furtherinfo/884
NCPPB 885	v1+v2+v3	yes	yes	yes	unchanged	changed	changed		alternative_names	alternative_names	Xanthomonas axonopodis pv. desmodiirotundifolii (Desai & Shah 1960) Vauterin et al. 1995	Xanthomonas axonopodis pv. desmodiirotundifolii (Desai & Shah 1960) Vauterin et al. 1995	Xanthomonas axonopodis pv. desmodiirotundifolii (Desai & Shah 1960) Vauterin et al. 1995	https://ncppb.fera.co.uk/furtherinfo/885
NCPPB 887	v1+v2+v3	yes	yes	yes	unchanged	unchanged	unchanged				Xanthomonas albilineans (Ashby 1929) Dowson 1943	Xanthomonas albilineans (Ashby 1929) Dowson 1943	Xanthomonas albilineans (Ashby 1929) Dowson 1943	https://ncppb.fera.co.uk/furtherinfo/887
NCPPB 888	v1+v2+v3	yes	yes	yes	unchanged	changed	changed		alternative_names	alternative_names	Xanthomonas sp. Dowson 1939	Xanthomonas sp. Dowson 1939	Xanthomonas sp. Dowson 1939	https://ncppb.fera.co.uk/furtherinfo/888
NCPPB 889	v1+v2+v3	yes	yes	yes	unchanged	changed	changed		alternative_names	alternative_names	Xanthomonas vasicola pv. vasculorum (Cobb 1894) Lang et al. 2017	Xanthomonas vasicola pv. vasculorum (Cobb 1894) Lang et al. 2017	Xanthomonas vasicola pv. vasculorum (Cobb 1894) Lang et al. 2017	https://ncppb.fera.co.uk/furtherinfo/889
NCPPB 891	v1+v2+v3	yes	yes	yes	unchanged	changed	changed		alternative_names	alternative_names	Xanthomonas axonopodis pv. vasculorum (Cobb 1893) Vauterin et al. 1995	Xanthomonas axonopodis pv. vasculorum (Cobb 1893) Vauterin et al. 1995	Xanthomonas axonopodis pv. vasculorum (Cobb 1893) Vauterin et al. 1995	https://ncppb.fera.co.uk/furtherinfo/891
NCPPB 892	v1+v2+v3	yes	yes	yes	changed	changed	changed	alternative_names	alternative_names	alternative_names	Xanthomonas axonopodis pv. vasculorum (Cobb 1893) Vauterin et al. 1995	Xanthomonas axonopodis pv. vasculorum (Cobb 1893) Vauterin et al. 1995	Xanthomonas axonopodis pv. vasculorum (Cobb 1893) Vauterin et al. 1995	https://ncppb.fera.co.uk/furtherinfo/892
NCPPB 893	v1+v2+v3	yes	yes	yes	changed	changed	changed	alternative_names	alternative_names	alternative_names	Xanthomonas axonopodis pv. vasculorum (Cobb 1893) Vauterin et al. 1995	Xanthomonas axonopodis pv. vasculorum (Cobb 1893) Vauterin et al. 1995	Xanthomonas axonopodis pv. vasculorum (Cobb 1893) Vauterin et al. 1995	https://ncppb.fera.co.uk/furtherinfo/893
NCPPB 895	v1+v2+v3	yes	yes	yes	unchanged	changed	changed		alternative_names	alternative_names	Xanthomonas vasicola pv. vasculorum (Cobb 1894) Lang et al. 2017	Xanthomonas vasicola pv. vasculorum (Cobb 1894) Lang et al. 2017	Xanthomonas vasicola pv. vasculorum (Cobb 1894) Lang et al. 2017	https://ncppb.fera.co.uk/furtherinfo/895
NCPPB 896	v1+v2+v3	yes	yes	yes	unchanged	unchanged	unchanged				Xanthomonas albilineans (Ashby 1929) Dowson 1943	Xanthomonas albilineans (Ashby 1929) Dowson 1943	Xanthomonas albilineans (Ashby 1929) Dowson 1943	https://ncppb.fera.co.uk/furtherinfo/896
NCPPB 897	v1+v2+v3	yes	yes	yes	unchanged	unchanged	unchanged				Xanthomonas albilineans (Ashby 1929) Dowson 1943	Xanthomonas albilineans (Ashby 1929) Dowson 1943	Xanthomonas albilineans (Ashby 1929) Dowson 1943	https://ncppb.fera.co.uk/furtherinfo/897
NCPPB 899	v1+v2+v3	yes	yes	yes	unchanged	changed	changed		alternative_names	alternative_names	Xanthomonas axonopodis pv. vasculorum (Cobb 1893) Vauterin et al. 1995	Xanthomonas axonopodis pv. vasculorum (Cobb 1893) Vauterin et al. 1995	Xanthomonas axonopodis pv. vasculorum (Cobb 1893) Vauterin et al. 1995	https://ncppb.fera.co.uk/furtherinfo/899
NCPPB 900	v1+v2+v3	yes	yes	yes	changed	changed	changed	alternative_names	alternative_names	alternative_names	Xanthomonas axonopodis pv. vasculorum (Cobb 1893) Vauterin et al. 1995	Xanthomonas axonopodis pv. vasculorum (Cobb 1893) Vauterin et al. 1995	Xanthomonas axonopodis pv. vasculorum (Cobb 1893) Vauterin et al. 1995	https://ncppb.fera.co.uk/furtherinfo/900
NCPPB 901	v1+v2+v3	yes	yes	yes	unchanged	unchanged	unchanged				Xanthomonas sp. Dowson 1939	Xanthomonas sp. Dowson 1939	Xanthomonas sp. Dowson 1939	https://ncppb.fera.co.uk/furtherinfo/901
NCPPB 902	v1+v2+v3	yes	yes	yes	unchanged	changed	changed		alternative_names	alternative_names	Xanthomonas vasicola Vauterin et al. 1995	Xanthomonas vasicola Vauterin et al. 1995	Xanthomonas vasicola Vauterin et al. 1995	https://ncppb.fera.co.uk/furtherinfo/902
NCPPB 916	v1+v2+v3	yes	yes	yes	unchanged	changed	changed		alternative_names	alternative_names	Xanthomonas sp. Dowson 1939	Xanthomonas sp. Dowson 1939	Xanthomonas sp. Dowson 1939	https://ncppb.fera.co.uk/furtherinfo/916
NCPPB 917	v1+v2+v3	yes	yes	yes	unchanged	changed	changed		alternative_names	alternative_names	Xanthomonas sp. Dowson 1939	Xanthomonas sp. Dowson 1939	Xanthomonas sp. Dowson 1939	https://ncppb.fera.co.uk/furtherinfo/917
NCPPB 918	v1+v2+v3	yes	yes	yes	unchanged	unchanged	unchanged				Xanthomonas albilineans (Ashby 1929) Dowson 1943	Xanthomonas albilineans (Ashby 1929) Dowson 1943	Xanthomonas albilineans (Ashby 1929) Dowson 1943	https://ncppb.fera.co.uk/furtherinfo/918
NCPPB 922	v1+v2+v3	yes	yes	yes	unchanged	unchanged	unchanged				Xanthomonas albilineans (Ashby 1929) Dowson 1943	Xanthomonas albilineans (Ashby 1929) Dowson 1943	Xanthomonas albilineans (Ashby 1929) Dowson 1943	https://ncppb.fera.co.uk/furtherinfo/922
NCPPB 923	v1+v2+v3	yes	yes	yes	unchanged	unchanged	unchanged				Xanthomonas arboricola pv. pruni (Smith 1903) Vauterin et al. 1995	Xanthomonas arboricola pv. pruni (Smith 1903) Vauterin et al. 1995	Xanthomonas arboricola pv. pruni (Smith 1903) Vauterin et al. 1995	https://ncppb.fera.co.uk/furtherinfo/923
NCPPB 924	v1+v2+v3	yes	yes	yes	unchanged	unchanged	unchanged				Xanthomonas arboricola pv. pruni (Smith 1903) Vauterin et al. 1995	Xanthomonas arboricola pv. pruni (Smith 1903) Vauterin et al. 1995	Xanthomonas arboricola pv. pruni (Smith 1903) Vauterin et al. 1995	https://ncppb.fera.co.uk/furtherinfo/924
NCPPB 926	v1+v2+v3	yes	yes	yes	unchanged	unchanged	unchanged				Xanthomonas arboricola pv. pruni (Smith 1903) Vauterin et al. 1995	Xanthomonas arboricola pv. pruni (Smith 1903) Vauterin et al. 1995	Xanthomonas arboricola pv. pruni (Smith 1903) Vauterin et al. 1995	https://ncppb.fera.co.uk/furtherinfo/926
NCPPB 935	v1+v2+v3	yes	yes	yes	unchanged	unchanged	unchanged				Xanthomonas arboricola pv. corylina (Miller et al. 1940) Vauterin et al. 1995	Xanthomonas arboricola pv. corylina (Miller et al. 1940) Vauterin et al. 1995	Xanthomonas arboricola pv. corylina (Miller et al. 1940) Vauterin et al. 1995	https://ncppb.fera.co.uk/furtherinfo/935
NCPPB 936	v1+v2+v3	yes	yes	yes	unchanged	changed	changed		alternative_names	alternative_names	Xanthomonas vesicatoria (ex Doidge 1920) Vauterin et al. 1995	Xanthomonas vesicatoria (ex Doidge 1920) Vauterin et al. 1995	Xanthomonas vesicatoria (ex Doidge 1920) Vauterin et al. 1995	https://ncppb.fera.co.uk/furtherinfo/936
NCPPB 937	v1+v2+v3	yes	yes	yes	unchanged	unchanged	unchanged				Xanthomonas campestris pv. incanae (Kendrick & Baker 1942) Dye 1978	Xanthomonas campestris pv. incanae (Kendrick & Baker 1942) Dye 1978	Xanthomonas campestris pv. incanae (Kendrick & Baker 1942) Dye 1978	https://ncppb.fera.co.uk/furtherinfo/937
NCPPB 938	v1+v2+v3	yes	yes	yes	unchanged	unchanged	unchanged				Xanthomonas axonopodis pv. lespedezae (Ayers et al. 1939) Vauterin et al. 1995	Xanthomonas axonopodis pv. lespedezae (Ayers et al. 1939) Vauterin et al. 1995	Xanthomonas axonopodis pv. lespedezae (Ayers et al. 1939) Vauterin et al. 1995	https://ncppb.fera.co.uk/furtherinfo/938
NCPPB 939	v1+v2+v3	yes	yes	yes	unchanged	unchanged	unchanged				Xanthomonas hortorum pv. hederae (Arnaud 1920) Vauterin et al. 1995	Xanthomonas hortorum pv. hederae (Arnaud 1920) Vauterin et al. 1995	Xanthomonas hortorum pv. hederae (Arnaud 1920) Vauterin et al. 1995	https://ncppb.fera.co.uk/furtherinfo/939
NCPPB 940	v1+v2+v3	yes	yes	yes	unchanged	unchanged	unchanged				Xanthomonas hortorum pv. taraxaci (Niederhauser 1943)Vauterin et al.1995	Xanthomonas hortorum pv. taraxaci (Niederhauser 1943)Vauterin et al.1995	Xanthomonas hortorum pv. taraxaci (Niederhauser 1943)Vauterin et al.1995	https://ncppb.fera.co.uk/furtherinfo/940
NCPPB 941	v1+v2+v3	yes	yes	yes	unchanged	changed	changed		alternative_names	alternative_names	Xanthomonas euvesicatoria pv. euvesicatoria (Jones et al. 2006) Constantin et al. 2016 comb. nov.	Xanthomonas euvesicatoria pv. euvesicatoria (Jones et al. 2006) Constantin et al. 2016 comb. nov.	Xanthomonas euvesicatoria pv. euvesicatoria (Jones et al. 2006) Constantin et al. 2016 comb. nov.	https://ncppb.fera.co.uk/furtherinfo/941
NCPPB 942	v1+v2+v3	yes	yes	yes	unchanged	unchanged	unchanged				Xanthomonas campestris pv. barbareae (Burkholder 1941) Dye 1978	Xanthomonas campestris pv. barbareae (Burkholder 1941) Dye 1978	Xanthomonas campestris pv. barbareae (Burkholder 1941) Dye 1978	https://ncppb.fera.co.uk/furtherinfo/942
NCPPB 969	v1+v2+v3	yes	yes	yes	unchanged	changed	changed		alternative_names	alternative_names	Xanthomonas hortorum pv. vitians Morinière et al. 2020	Xanthomonas hortorum pv. vitians Morinière et al. 2020	Xanthomonas hortorum pv. vitians Morinière et al. 2020	https://ncppb.fera.co.uk/furtherinfo/969
NCPPB 970	v1+v2+v3	yes	yes	yes	unchanged	changed	changed		alternative_names	alternative_names	Xanthomonas hortorum pv. vitians Morinière et al. 2020	Xanthomonas hortorum pv. vitians Morinière et al. 2020	Xanthomonas hortorum pv. vitians Morinière et al. 2020	https://ncppb.fera.co.uk/furtherinfo/970
NCPPB 971	v1+v2+v3	yes	yes	yes	unchanged	changed	changed		alternative_names	alternative_names	Xanthomonas axonopodis pv. maculifoliigardeniae (Ark & Barrett 1946) Vauterin et al. 1995	Xanthomonas axonopodis pv. maculifoliigardeniae (Ark & Barrett 1946) Vauterin et al. 1995	Xanthomonas axonopodis pv. maculifoliigardeniae (Ark & Barrett 1946) Vauterin et al. 1995	https://ncppb.fera.co.uk/furtherinfo/971
NCPPB 972	v1+v2+v3	yes	yes	yes	unchanged	changed	changed		alternative_names	alternative_names	Xanthomonas axonopodis pv. maculifoliigardeniae (Ark & Barrett 1946) Vauterin et al. 1995	Xanthomonas axonopodis pv. maculifoliigardeniae (Ark & Barrett 1946) Vauterin et al. 1995	Xanthomonas axonopodis pv. maculifoliigardeniae (Ark & Barrett 1946) Vauterin et al. 1995	https://ncppb.fera.co.uk/furtherinfo/972
NCPPB 973	v1+v2+v3	yes	yes	yes	unchanged	unchanged	unchanged				Xanthomonas translucens pv. translucens (Jones et al. 1917) Vauterin et al. 1995	Xanthomonas translucens pv. translucens (Jones et al. 1917) Vauterin et al. 1995	Xanthomonas translucens pv. translucens (Jones et al. 1917) Vauterin et al. 1995	https://ncppb.fera.co.uk/furtherinfo/973
NCPPB 974	v1+v2+v3	yes	yes	yes	unchanged	unchanged	unchanged				Xanthomonas translucens pv. translucens (Jones et al. 1917) Vauterin et al. 1995	Xanthomonas translucens pv. translucens (Jones et al. 1917) Vauterin et al. 1995	Xanthomonas translucens pv. translucens (Jones et al. 1917) Vauterin et al. 1995	https://ncppb.fera.co.uk/furtherinfo/974
NCPPB 975	v1+v2+v3	yes	yes	yes	unchanged	changed	changed		alternative_names	alternative_names	Xanthomonas vesicatoria (ex Doidge 1920) Vauterin et al. 1995	Xanthomonas vesicatoria (ex Doidge 1920) Vauterin et al. 1995	Xanthomonas vesicatoria (ex Doidge 1920) Vauterin et al. 1995	https://ncppb.fera.co.uk/furtherinfo/975
NCPPB 976	v1+v2+v3	yes	yes	yes	unchanged	unchanged	unchanged				Xanthomonas citri (ex Hasse 1915) Gabriel et al. 1989	Xanthomonas citri (ex Hasse 1915) Gabriel et al. 1989	Xanthomonas citri (ex Hasse 1915) Gabriel et al. 1989	https://ncppb.fera.co.uk/furtherinfo/976
NCPPB 983	v1+v2+v3	yes	yes	yes	unchanged	unchanged	unchanged				Xanthomonas campestris pv. barbareae (Burkholder 1941) Dye 1978	Xanthomonas campestris pv. barbareae (Burkholder 1941) Dye 1978	Xanthomonas campestris pv. barbareae (Burkholder 1941) Dye 1978	https://ncppb.fera.co.uk/furtherinfo/983
NCPPB 984	v1+v2+v3	yes	yes	yes	unchanged	unchanged	unchanged				Xanthomonas arboricola pv. corylina (Miller et al. 1940) Vauterin et al. 1995	Xanthomonas arboricola pv. corylina (Miller et al. 1940) Vauterin et al. 1995	Xanthomonas arboricola pv. corylina (Miller et al. 1940) Vauterin et al. 1995	https://ncppb.fera.co.uk/furtherinfo/984
NCPPB 985	v1+v2+v3	yes	yes	yes	unchanged	changed	changed		alternative_names	alternative_names	Xanthomonas phaseoli pv. dieffenbachiae (McCulloch & Pirone 1939) Constantin et al. 2016 comb. nov.	Xanthomonas phaseoli pv. dieffenbachiae (McCulloch & Pirone 1939) Constantin et al. 2016 comb. nov.	Xanthomonas phaseoli pv. dieffenbachiae (McCulloch & Pirone 1939) Constantin et al. 2016 comb. nov.	https://ncppb.fera.co.uk/furtherinfo/985
NCPPB 986	v1+v2+v3	yes	yes	yes	unchanged	changed	changed		alternative_names	alternative_names	Xanthomonas phaseoli pv. dieffenbachiae (McCulloch & Pirone 1939) Constantin et al. 2016 comb. nov.	Xanthomonas phaseoli pv. dieffenbachiae (McCulloch & Pirone 1939) Constantin et al. 2016 comb. nov.	Xanthomonas phaseoli pv. dieffenbachiae (McCulloch & Pirone 1939) Constantin et al. 2016 comb. nov.	https://ncppb.fera.co.uk/furtherinfo/986
NCPPB 987	v1+v2+v3	yes	yes	yes	unchanged	unchanged	unchanged				Xanthomonas hortorum pv. hederae (Arnaud 1920) Vauterin et al. 1995	Xanthomonas hortorum pv. hederae (Arnaud 1920) Vauterin et al. 1995	Xanthomonas hortorum pv. hederae (Arnaud 1920) Vauterin et al. 1995	https://ncppb.fera.co.uk/furtherinfo/987
NCPPB 989	v1+v2+v3	yes	yes	yes	unchanged	unchanged	unchanged				Xanthomonas vasicola pv. holcicola (Elliott 1930) Vauterin et al. 1995	Xanthomonas vasicola pv. holcicola (Elliott 1930) Vauterin et al. 1995	Xanthomonas vasicola pv. holcicola (Elliott 1930) Vauterin et al. 1995	https://ncppb.fera.co.uk/furtherinfo/989
NCPPB 990	v1+v2+v3	yes	yes	yes	unchanged	unchanged	unchanged				Xanthomonas campestris pv. incanae (Kendrick & Baker 1942) Dye 1978	Xanthomonas campestris pv. incanae (Kendrick & Baker 1942) Dye 1978	Xanthomonas campestris pv. incanae (Kendrick & Baker 1942) Dye 1978	https://ncppb.fera.co.uk/furtherinfo/990
NCPPB 993	v1+v2+v3	yes	yes	yes	unchanged	unchanged	unchanged				Xanthomonas axonopodis pv. lespedezae (Ayers et al. 1939) Vauterin et al. 1995	Xanthomonas axonopodis pv. lespedezae (Ayers et al. 1939) Vauterin et al. 1995	Xanthomonas axonopodis pv. lespedezae (Ayers et al. 1939) Vauterin et al. 1995	https://ncppb.fera.co.uk/furtherinfo/993
NCPPB 994	v1+v2+v3	yes	yes	yes	unchanged	unchanged	unchanged				Xanthomonas axonopodis pv. melhusii (Patel et al. 1952) Vauterin et al. 1995	Xanthomonas axonopodis pv. melhusii (Patel et al. 1952) Vauterin et al. 1995	Xanthomonas axonopodis pv. melhusii (Patel et al. 1952) Vauterin et al. 1995	https://ncppb.fera.co.uk/furtherinfo/994
NCPPB 1009	v1+v2+v3	yes	yes	yes	unchanged	unchanged	unchanged				Xanthomonas campestris pv. zinniae (Hopkins & Dowson 1949) Dye 1978	Xanthomonas campestris pv. zinniae (Hopkins & Dowson 1949) Dye 1978	Xanthomonas campestris pv. zinniae (Hopkins & Dowson 1949) Dye 1978	https://ncppb.fera.co.uk/furtherinfo/1009
NCPPB 1014	v1+v2+v3	yes	yes	yes	unchanged	unchanged	unchanged				Xanthomonas campestris pv. vitiswoodrowii (Patel & Kulkarni 1951) Dye 1978	Xanthomonas campestris pv. vitiswoodrowii (Patel & Kulkarni 1951) Dye 1978	Xanthomonas campestris pv. vitiswoodrowii (Patel & Kulkarni 1951) Dye 1978	https://ncppb.fera.co.uk/furtherinfo/1014
NCPPB 1025	v1+v2+v3	yes	yes	yes	unchanged	unchanged	unchanged				Xanthomonas campestris pv. campestris (Pammel 1895) Dowson 1939	Xanthomonas campestris pv. campestris (Pammel 1895) Dowson 1939	Xanthomonas campestris pv. campestris (Pammel 1895) Dowson 1939	https://ncppb.fera.co.uk/furtherinfo/1025
NCPPB 1043	v1+v2+v3	yes	yes	yes	unchanged	changed	changed		country	country	Xanthomonas campestris pv. campestris (Pammel 1895) Dowson 1939	Xanthomonas campestris pv. campestris (Pammel 1895) Dowson 1939	Xanthomonas campestris pv. campestris (Pammel 1895) Dowson 1939	https://ncppb.fera.co.uk/furtherinfo/1043
NCPPB 1046	v1+v2+v3	yes	yes	yes	unchanged	changed	changed		alternative_names	alternative_names	Xanthomonas sp. Dowson 1939	Xanthomonas sp. Dowson 1939	Xanthomonas sp. Dowson 1939	https://ncppb.fera.co.uk/furtherinfo/1046
NCPPB 1048	v1+v2+v3	yes	yes	yes	unchanged	changed	changed		alternative_names	alternative_names	Xanthomonas citri pv. malvacearum (Smith 1901) Constantin et al. 2016 comb. nov.	Xanthomonas citri pv. malvacearum (Smith 1901) Constantin et al. 2016 comb. nov.	Xanthomonas citri pv. malvacearum (Smith 1901) Constantin et al. 2016 comb. nov.	https://ncppb.fera.co.uk/furtherinfo/1048
NCPPB 1050	v1+v2+v3	yes	yes	yes	unchanged	unchanged	unchanged				Xanthomonas albilineans (Ashby 1929) Dowson 1943	Xanthomonas albilineans (Ashby 1929) Dowson 1943	Xanthomonas albilineans (Ashby 1929) Dowson 1943	https://ncppb.fera.co.uk/furtherinfo/1050
NCPPB 1056	v1+v2+v3	yes	yes	yes	changed	changed	changed	alternative_names	alternative_names	alternative_names	Xanthomonas citri pv. fuscans (Schaad et al. 2007) Constantin et al. 2016 comb. nov.	Xanthomonas citri pv. fuscans (Schaad et al. 2007) Constantin et al. 2016 comb. nov.	Xanthomonas citri pv. fuscans (Schaad et al. 2007) Constantin et al. 2016 comb. nov.	https://ncppb.fera.co.uk/furtherinfo/1056
NCPPB 1058	v1+v2+v3	yes	yes	yes	unchanged	changed	changed		alternative_names	alternative_names	Xanthomonas citri pv. fuscans (Schaad et al. 2007) Constantin et al. 2016 comb. nov.	Xanthomonas citri pv. fuscans (Schaad et al. 2007) Constantin et al. 2016 comb. nov.	Xanthomonas citri pv. fuscans (Schaad et al. 2007) Constantin et al. 2016 comb. nov.	https://ncppb.fera.co.uk/furtherinfo/1058
NCPPB 1059	v1+v2+v3	yes	yes	yes	unchanged	unchanged	unchanged				Xanthomonas campestris pv. papavericola (Bryan and McWhorter 1930) Dye 1978	Xanthomonas campestris pv. papavericola (Bryan and McWhorter 1930) Dye 1978	Xanthomonas campestris pv. papavericola (Bryan and McWhorter 1930) Dye 1978	https://ncppb.fera.co.uk/furtherinfo/1059
NCPPB 1060	v1+v2+v3	yes	yes	yes	unchanged	unchanged	unchanged				Xanthomonas vasicola pv. holcicola (Elliott 1930) Vauterin et al. 1995	Xanthomonas vasicola pv. holcicola (Elliott 1930) Vauterin et al. 1995	Xanthomonas vasicola pv. holcicola (Elliott 1930) Vauterin et al. 1995	https://ncppb.fera.co.uk/furtherinfo/1060
NCPPB 1061	v1+v2+v3	yes	yes	yes	unchanged	unchanged	unchanged				Xanthomonas campestris pv. plantaginis (Thornberry & Anderson 1937) Dye 1978	Xanthomonas campestris pv. plantaginis (Thornberry & Anderson 1937) Dye 1978	Xanthomonas campestris pv. plantaginis (Thornberry & Anderson 1937) Dye 1978	https://ncppb.fera.co.uk/furtherinfo/1061
NCPPB 1062	v1+v2+v3	yes	yes	yes	unchanged	changed	changed		current_name; alternative_names	current_name; alternative_names	Xanthomonas sp. Dowson 1939	Xanthomonas sp. Dowson 1939	Xanthomonas euvesicatoria Jones et al. 2006	https://ncppb.fera.co.uk/furtherinfo/1062
NCPPB 1063	v1+v2+v3	yes	yes	yes	unchanged	unchanged	unchanged				Xanthomonas axonopodis pv. ricini (Yoshi & Takimoto 1928) Vauterin et al. 1995	Xanthomonas axonopodis pv. ricini (Yoshi & Takimoto 1928) Vauterin et al. 1995	Xanthomonas axonopodis pv. ricini (Yoshi & Takimoto 1928) Vauterin et al. 1995	https://ncppb.fera.co.uk/furtherinfo/1063
NCPPB 1067	v1+v2+v3	yes	yes	yes	unchanged	changed	changed		alternative_names	alternative_names	Xanthomonas sp. Dowson 1939	Xanthomonas sp. Dowson 1939	Xanthomonas sp. Dowson 1939	https://ncppb.fera.co.uk/furtherinfo/1067
NCPPB 1068	v1+v2+v3	yes	yes	yes	unchanged	changed	changed		alternative_names	alternative_names	Xanthomonas sp. Dowson 1939	Xanthomonas sp. Dowson 1939	Xanthomonas sp. Dowson 1939	https://ncppb.fera.co.uk/furtherinfo/1068
NCPPB 1117	v1+v2+v3	yes	yes	yes	unchanged	changed	changed		alternative_names	alternative_names	Xanthomonas sp. Dowson 1939	Xanthomonas sp. Dowson 1939	Xanthomonas sp. Dowson 1939	https://ncppb.fera.co.uk/furtherinfo/1117
NCPPB 1124	v1+v2+v3	yes	yes	yes	changed	changed	changed	name_as_received	alternative_names	name_as_received; alternative_names	Xanthomonas citri pv. glycines (Nakano 1919) Constantin et al. 2016 comb.nov.	Xanthomonas citri pv. glycines (Nakano 1919) Constantin et al. 2016 comb.nov.	Xanthomonas citri pv. glycines (Nakano 1919) Constantin et al. 2016 comb.nov.	https://ncppb.fera.co.uk/furtherinfo/1124
NCPPB 1128	v1+v2+v3	yes	yes	yes	unchanged	unchanged	unchanged				Xanthomonas sp. Dowson 1939	Xanthomonas sp. Dowson 1939	Xanthomonas sp. Dowson 1939	https://ncppb.fera.co.uk/furtherinfo/1128
NCPPB 1129	v1+v2+v3	yes	yes	yes	unchanged	unchanged	unchanged				Xanthomonas campestris pv. campestris (Pammel 1895) Dowson 1939	Xanthomonas campestris pv. campestris (Pammel 1895) Dowson 1939	Xanthomonas campestris pv. campestris (Pammel 1895) Dowson 1939	https://ncppb.fera.co.uk/furtherinfo/1129
NCPPB 1131	v1+v2+v3	yes	yes	yes	unchanged	changed	changed		alternative_names	alternative_names	Xanthomonas sp. Dowson 1939	Xanthomonas sp. Dowson 1939	Xanthomonas sp. Dowson 1939	https://ncppb.fera.co.uk/furtherinfo/1131
NCPPB 1132	v1+v2+v3	yes	yes	yes	unchanged	changed	changed		alternative_names	alternative_names	Xanthomonas sp. Dowson 1939	Xanthomonas sp. Dowson 1939	Xanthomonas sp. Dowson 1939	https://ncppb.fera.co.uk/furtherinfo/1132
NCPPB 1135	v1+v2+v3	yes	yes	yes	changed	changed	changed	name_as_received	alternative_names	name_as_received; alternative_names	Xanthomonas citri pv. glycines (Nakano 1919) Constantin et al. 2016 comb.nov.	Xanthomonas citri pv. glycines (Nakano 1919) Constantin et al. 2016 comb.nov.	Xanthomonas citri pv. glycines (Nakano 1919) Constantin et al. 2016 comb.nov.	https://ncppb.fera.co.uk/furtherinfo/1135
NCPPB 1136	v1+v2+v3	yes	yes	yes	changed	changed	changed	name_as_received	alternative_names	name_as_received; alternative_names	Xanthomonas citri pv. glycines (Nakano 1919) Constantin et al. 2016 comb.nov.	Xanthomonas citri pv. glycines (Nakano 1919) Constantin et al. 2016 comb.nov.	Xanthomonas citri pv. glycines (Nakano 1919) Constantin et al. 2016 comb.nov.	https://ncppb.fera.co.uk/furtherinfo/1136
NCPPB 1138	v1+v2+v3	yes	yes	yes	unchanged	changed	changed		alternative_names	alternative_names	Xanthomonas phaseoli pv. phaseoli (Smith 1897) Constantin et al. 2016 comb. nov.	Xanthomonas phaseoli pv. phaseoli (Smith 1897) Constantin et al. 2016 comb. nov.	Xanthomonas phaseoli pv. phaseoli (Smith 1897) Constantin et al. 2016 comb. nov.	https://ncppb.fera.co.uk/furtherinfo/1138
NCPPB 1141	v1+v2+v3	yes	yes	yes	changed	changed	changed	name_as_received	alternative_names	name_as_received; alternative_names	Xanthomonas citri pv. glycines (Nakano 1919) Constantin et al. 2016 comb.nov.	Xanthomonas citri pv. glycines (Nakano 1919) Constantin et al. 2016 comb.nov.	Xanthomonas citri pv. glycines (Nakano 1919) Constantin et al. 2016 comb.nov.	https://ncppb.fera.co.uk/furtherinfo/1141
NCPPB 1143	v1+v2+v3	yes	yes	yes	unchanged	unchanged	unchanged				Xanthomonas campestris pv. campestris (Pammel 1895) Dowson 1939	Xanthomonas campestris pv. campestris (Pammel 1895) Dowson 1939	Xanthomonas campestris pv. campestris (Pammel 1895) Dowson 1939	https://ncppb.fera.co.uk/furtherinfo/1143
NCPPB 1144	v1+v2+v3	yes	yes	yes	unchanged	unchanged	unchanged				Xanthomonas campestris pv. campestris (Pammel 1895) Dowson 1939	Xanthomonas campestris pv. campestris (Pammel 1895) Dowson 1939	Xanthomonas campestris pv. campestris (Pammel 1895) Dowson 1939	https://ncppb.fera.co.uk/furtherinfo/1144
NCPPB 1145	v1+v2+v3	yes	yes	yes	unchanged	unchanged	unchanged				Xanthomonas campestris pv. campestris (Pammel 1895) Dowson 1939	Xanthomonas campestris pv. campestris (Pammel 1895) Dowson 1939	Xanthomonas campestris pv. campestris (Pammel 1895) Dowson 1939	https://ncppb.fera.co.uk/furtherinfo/1145
NCPPB 1146	v1+v2+v3	yes	yes	yes	unchanged	unchanged	unchanged				Xanthomonas campestris pv. campestris (Pammel 1895) Dowson 1939	Xanthomonas campestris pv. campestris (Pammel 1895) Dowson 1939	Xanthomonas campestris pv. campestris (Pammel 1895) Dowson 1939	https://ncppb.fera.co.uk/furtherinfo/1146
NCPPB 1147	v1+v2+v3	yes	yes	yes	unchanged	unchanged	unchanged				Xanthomonas campestris pv. campestris (Pammel 1895) Dowson 1939	Xanthomonas campestris pv. campestris (Pammel 1895) Dowson 1939	Xanthomonas campestris pv. campestris (Pammel 1895) Dowson 1939	https://ncppb.fera.co.uk/furtherinfo/1147
NCPPB 1148	v1+v2+v3	yes	yes	yes	unchanged	unchanged	unchanged				Xanthomonas axonopodis pv. martyniicola (Moniz & Patel 1958) Vauterin et al. 1995	Xanthomonas axonopodis pv. martyniicola (Moniz & Patel 1958) Vauterin et al. 1995	Xanthomonas axonopodis pv. martyniicola (Moniz & Patel 1958) Vauterin et al. 1995	https://ncppb.fera.co.uk/furtherinfo/1148
NCPPB 1149	v1+v2+v3	yes	yes	yes	unchanged	unchanged	unchanged				Xanthomonas campestris pv. vitiscarnosae (Moniz and Patel 1958) Dye 1978	Xanthomonas campestris pv. vitiscarnosae (Moniz and Patel 1958) Dye 1978	Xanthomonas campestris pv. vitiscarnosae (Moniz and Patel 1958) Dye 1978	https://ncppb.fera.co.uk/furtherinfo/1149
NCPPB 1150	v1+v2+v3	yes	yes	yes	unchanged	changed	changed		alternative_names	alternative_names	Xanthomonas oryzae pv. oryzicola (Fang et al. 1957) Swings et al. 1990	Xanthomonas oryzae pv. oryzicola (Fang et al. 1957) Swings et al. 1990	Xanthomonas oryzae pv. oryzicola (Fang et al. 1957) Swings et al. 1990	https://ncppb.fera.co.uk/furtherinfo/1150
NCPPB 1151	v1+v2+v3	yes	yes	yes	unchanged	unchanged	unchanged				Xanthomonas oryzae pv. oryzicola (Fang et al. 1957) Swings et al. 1990	Xanthomonas oryzae pv. oryzicola (Fang et al. 1957) Swings et al. 1990	Xanthomonas oryzae pv. oryzicola (Fang et al. 1957) Swings et al. 1990	https://ncppb.fera.co.uk/furtherinfo/1151
NCPPB 1152	v1+v2+v3	yes	yes	yes	unchanged	changed	changed		alternative_names	alternative_names	Xanthomonas oryzae pv. oryzae (Ishiyama 1922) Swings et al. 1990	Xanthomonas oryzae pv. oryzae (Ishiyama 1922) Swings et al. 1990	Xanthomonas oryzae pv. oryzae (Ishiyama 1922) Swings et al. 1990	https://ncppb.fera.co.uk/furtherinfo/1152
NCPPB 1153	v1+v2+v3	yes	yes	yes	unchanged	changed	changed		alternative_names	alternative_names	Xanthomonas oryzae pv. oryzae (Ishiyama 1922) Swings et al. 1990	Xanthomonas oryzae pv. oryzae (Ishiyama 1922) Swings et al. 1990	Xanthomonas oryzae pv. oryzae (Ishiyama 1922) Swings et al. 1990	https://ncppb.fera.co.uk/furtherinfo/1153
NCPPB 1154	v1+v2+v3	yes	yes	yes	unchanged	changed	changed		alternative_names	alternative_names	Xanthomonas oryzae pv. oryzae (Ishiyama 1922) Swings et al. 1990	Xanthomonas oryzae pv. oryzae (Ishiyama 1922) Swings et al. 1990	Xanthomonas oryzae pv. oryzae (Ishiyama 1922) Swings et al. 1990	https://ncppb.fera.co.uk/furtherinfo/1154
NCPPB 1155	v1+v2+v3	yes	yes	yes	unchanged	unchanged	unchanged				Xanthomonas dyei pv. laureliae (Dye 1963) Young et al. 2010	Xanthomonas dyei pv. laureliae (Dye 1963) Young et al. 2010	Xanthomonas dyei pv. laureliae (Dye 1963) Young et al. 2010	https://ncppb.fera.co.uk/furtherinfo/1155
NCPPB 1158	v1+v2+v3	yes	yes	yes	unchanged	changed	changed		alternative_names	alternative_names	Xanthomonas citri pv. fuscans (Schaad et al. 2007) Constantin et al. 2016 comb. nov.	Xanthomonas citri pv. fuscans (Schaad et al. 2007) Constantin et al. 2016 comb. nov.	Xanthomonas citri pv. fuscans (Schaad et al. 2007) Constantin et al. 2016 comb. nov.	https://ncppb.fera.co.uk/furtherinfo/1158
NCPPB 1159	v1+v2+v3	yes	yes	yes	unchanged	changed	changed		alternative_names	alternative_names	Xanthomonas phaseoli pv. manihotis (Bondar 1912) Constantin et al. 2016 comb. nov.	Xanthomonas phaseoli pv. manihotis (Bondar 1912) Constantin et al. 2016 comb. nov.	Xanthomonas phaseoli pv. manihotis (Bondar 1912) Constantin et al. 2016 comb. nov.	https://ncppb.fera.co.uk/furtherinfo/1159
NCPPB 1160	v1+v2+v3	yes	yes	yes	unchanged	changed	changed		alternative_names	alternative_names	Xanthomonas phaseoli pv. manihotis (Bondar 1912) Constantin et al. 2016 comb. nov.	Xanthomonas phaseoli pv. manihotis (Bondar 1912) Constantin et al. 2016 comb. nov.	Xanthomonas phaseoli pv. manihotis (Bondar 1912) Constantin et al. 2016 comb. nov.	https://ncppb.fera.co.uk/furtherinfo/1160
NCPPB 1161	v1+v2+v3	yes	yes	yes	unchanged	changed	changed		alternative_names	alternative_names	Xanthomonas phaseoli pv. manihotis (Bondar 1912) Constantin et al. 2016 comb. nov.	Xanthomonas phaseoli pv. manihotis (Bondar 1912) Constantin et al. 2016 comb. nov.	Xanthomonas phaseoli pv. manihotis (Bondar 1912) Constantin et al. 2016 comb. nov.	https://ncppb.fera.co.uk/furtherinfo/1161
NCPPB 1235	v1+v2+v3	yes	yes	yes	unchanged	changed	changed		alternative_names	alternative_names	Xanthomonas axonopodis pv. ricini (Yoshi & Takimoto 1928) Vauterin et al. 1995	Xanthomonas axonopodis pv. ricini (Yoshi & Takimoto 1928) Vauterin et al. 1995	Xanthomonas axonopodis pv. ricini (Yoshi & Takimoto 1928) Vauterin et al. 1995	https://ncppb.fera.co.uk/furtherinfo/1235
NCPPB 1241	v1+v2+v3	yes	yes	yes	unchanged	unchanged	unchanged				Xanthomonas vasicola pv. holcicola (Elliott 1930) Vauterin et al. 1995	Xanthomonas vasicola pv. holcicola (Elliott 1930) Vauterin et al. 1995	Xanthomonas vasicola pv. holcicola (Elliott 1930) Vauterin et al. 1995	https://ncppb.fera.co.uk/furtherinfo/1241
NCPPB 1244	v1+v2+v3	yes	yes	yes	unchanged	unchanged	unchanged				Xanthomonas albilineans (Ashby 1929) Dowson 1943	Xanthomonas albilineans (Ashby 1929) Dowson 1943	Xanthomonas albilineans (Ashby 1929) Dowson 1943	https://ncppb.fera.co.uk/furtherinfo/1244
NCPPB 1324	v1+v2+v3	yes	yes	yes	unchanged	unchanged	unchanged				Xanthomonas axonopodis pv. ricini (Yoshi & Takimoto 1928) Vauterin et al. 1995	Xanthomonas axonopodis pv. ricini (Yoshi & Takimoto 1928) Vauterin et al. 1995	Xanthomonas axonopodis pv. ricini (Yoshi & Takimoto 1928) Vauterin et al. 1995	https://ncppb.fera.co.uk/furtherinfo/1324
NCPPB 1325	v1+v2+v3	yes	yes	yes	unchanged	changed	changed		alternative_names	alternative_names	Xanthomonas sp. Dowson 1939	Xanthomonas sp. Dowson 1939	Xanthomonas sp. Dowson 1939	https://ncppb.fera.co.uk/furtherinfo/1325
NCPPB 1326	v1+v2+v3	yes	yes	yes	unchanged	changed	changed		alternative_names	alternative_names	Xanthomonas vasicola pv. vasculorum (Cobb 1894) Lang et al. 2017	Xanthomonas vasicola pv. vasculorum (Cobb 1894) Lang et al. 2017	Xanthomonas vasicola pv. vasculorum (Cobb 1894) Lang et al. 2017	https://ncppb.fera.co.uk/furtherinfo/1326
NCPPB 1332	v1+v2+v3	yes	yes	yes	unchanged	changed	changed		alternative_names	alternative_names	Xanthomonas vesicatoria (ex Doidge 1920) Vauterin et al. 1995	Xanthomonas vesicatoria (ex Doidge 1920) Vauterin et al. 1995	Xanthomonas vesicatoria (ex Doidge 1920) Vauterin et al. 1995	https://ncppb.fera.co.uk/furtherinfo/1332
NCPPB 1334	v1+v2+v3	yes	yes	yes	unchanged	changed	changed		alternative_names	alternative_names	Xanthomonas euvesicatoria pv. ionidii (Padhya & Patel 1963) Harrison et al. 2023	Xanthomonas euvesicatoria pv. ionidii (Padhya & Patel 1963) Harrison et al. 2023	Xanthomonas euvesicatoria pv. ionidii (Padhya & Patel 1963) Harrison et al. 2023	https://ncppb.fera.co.uk/furtherinfo/1334
NCPPB 1336	v1+v2+v3	yes	yes	yes	unchanged	changed	changed		alternative_names	alternative_names	Xanthomonas euvesicatoria pv. alangii (Padhya & Patel 1962) Constantin et al. 2016 comb. nov.	Xanthomonas euvesicatoria pv. alangii (Padhya & Patel 1962) Constantin et al. 2016 comb. nov.	Xanthomonas euvesicatoria pv. alangii (Padhya & Patel 1962) Constantin et al. 2016 comb. nov.	https://ncppb.fera.co.uk/furtherinfo/1336
NCPPB 1337	v1+v2+v3	yes	yes	yes	unchanged	changed	changed		alternative_names	alternative_names	Xanthomonas axonopodis pv. nakataecorchorii (Padhya & Patel 1963) Vauterin et al. 1995	Xanthomonas axonopodis pv. nakataecorchorii (Padhya & Patel 1963) Vauterin et al. 1995	Xanthomonas axonopodis pv. nakataecorchorii (Padhya & Patel 1963) Vauterin et al. 1995	https://ncppb.fera.co.uk/furtherinfo/1337
NCPPB 1381	v1+v2+v3	yes	yes	yes	unchanged	changed	changed		alternative_names	alternative_names	Xanthomonas vasicola pv. vasculorum (Cobb 1894) Lang et al. 2017	Xanthomonas vasicola pv. vasculorum (Cobb 1894) Lang et al. 2017	Xanthomonas vasicola pv. vasculorum (Cobb 1894) Lang et al. 2017	https://ncppb.fera.co.uk/furtherinfo/1381
NCPPB 1393	v1+v2+v3	yes	yes	yes	unchanged	changed	changed		alternative_names	alternative_names	Xanthomonas euvesicatoria pv. sesami (Sabet & Dowson 1960) Constantin et al. 2016 comb. nov.	Xanthomonas euvesicatoria pv. sesami (Sabet & Dowson 1960) Constantin et al. 2016 comb. nov.	Xanthomonas euvesicatoria pv. sesami (Sabet & Dowson 1960) Constantin et al. 2016 comb. nov.	https://ncppb.fera.co.uk/furtherinfo/1393
NCPPB 1394	v1+v2+v3	yes	yes	yes	unchanged	changed	changed		alternative_names	alternative_names	Xanthomonas vasicola Vauterin et al. 1995	Xanthomonas vasicola Vauterin et al. 1995	Xanthomonas vasicola Vauterin et al. 1995	https://ncppb.fera.co.uk/furtherinfo/1394
NCPPB 1395	v1+v2+v3	yes	yes	yes	unchanged	changed	changed		alternative_names	alternative_names	Xanthomonas vasicola Vauterin et al. 1995	Xanthomonas vasicola Vauterin et al. 1995	Xanthomonas vasicola Vauterin et al. 1995	https://ncppb.fera.co.uk/furtherinfo/1395
NCPPB 1396	v1+v2+v3	yes	yes	yes	unchanged	changed	changed		alternative_names	alternative_names	Xanthomonas vasicola Vauterin et al. 1995	Xanthomonas vasicola Vauterin et al. 1995	Xanthomonas vasicola Vauterin et al. 1995	https://ncppb.fera.co.uk/furtherinfo/1396
NCPPB 1402	v1+v2+v3	yes	yes	yes	unchanged	changed	changed		alternative_names	alternative_names	Xanthomonas citri pv. fuscans (Schaad et al. 2007) Constantin et al. 2016 comb. nov.	Xanthomonas citri pv. fuscans (Schaad et al. 2007) Constantin et al. 2016 comb. nov.	Xanthomonas citri pv. fuscans (Schaad et al. 2007) Constantin et al. 2016 comb. nov.	https://ncppb.fera.co.uk/furtherinfo/1402
NCPPB 1420	v1+v2+v3	yes	yes	yes	unchanged	changed	changed		alternative_names	alternative_names	Xanthomonas phaseoli pv. phaseoli (Smith 1897) Constantin et al. 2016 comb. nov.	Xanthomonas phaseoli pv. phaseoli (Smith 1897) Constantin et al. 2016 comb. nov.	Xanthomonas phaseoli pv. phaseoli (Smith 1897) Constantin et al. 2016 comb. nov.	https://ncppb.fera.co.uk/furtherinfo/1420
NCPPB 1421	v1+v2+v3	yes	yes	yes	unchanged	changed	changed		alternative_names	alternative_names	Xanthomonas vesicatoria (ex Doidge 1920) Vauterin et al. 1995	Xanthomonas vesicatoria (ex Doidge 1920) Vauterin et al. 1995	Xanthomonas vesicatoria (ex Doidge 1920) Vauterin et al. 1995	https://ncppb.fera.co.uk/furtherinfo/1421
NCPPB 1422	v1+v2+v3	yes	yes	yes	unchanged	unchanged	unchanged				Xanthomonas hortorum pv. carotae (Kendrick 1934) Vauterin et al. 1995	Xanthomonas hortorum pv. carotae (Kendrick 1934) Vauterin et al. 1995	Xanthomonas hortorum pv. carotae (Kendrick 1934) Vauterin et al. 1995	https://ncppb.fera.co.uk/furtherinfo/1422
NCPPB 1423	v1+v2+v3	yes	yes	yes	unchanged	unchanged	unchanged				Xanthomonas vesicatoria (ex Doidge 1920) Vauterin et al. 1995	Xanthomonas vesicatoria (ex Doidge 1920) Vauterin et al. 1995	Xanthomonas vesicatoria (ex Doidge 1920) Vauterin et al. 1995	https://ncppb.fera.co.uk/furtherinfo/1423
NCPPB 1426	v1+v2+v3	yes	yes	yes	unchanged	unchanged	unchanged				Xanthomonas vesicatoria (ex Doidge 1920) Vauterin et al. 1995	Xanthomonas vesicatoria (ex Doidge 1920) Vauterin et al. 1995	Xanthomonas vesicatoria (ex Doidge 1920) Vauterin et al. 1995	https://ncppb.fera.co.uk/furtherinfo/1426
NCPPB 1431	v1+v2+v3	yes	yes	yes	unchanged	unchanged	unchanged				Xanthomonas vesicatoria (ex Doidge 1920) Vauterin et al. 1995	Xanthomonas vesicatoria (ex Doidge 1920) Vauterin et al. 1995	Xanthomonas vesicatoria (ex Doidge 1920) Vauterin et al. 1995	https://ncppb.fera.co.uk/furtherinfo/1431
NCPPB 1433	v1+v2+v3	yes	yes	yes	unchanged	changed	changed		alternative_names	alternative_names	Xanthomonas citri pv. fuscans (Schaad et al. 2007) Constantin et al. 2016 comb. nov.	Xanthomonas citri pv. fuscans (Schaad et al. 2007) Constantin et al. 2016 comb. nov.	Xanthomonas citri pv. fuscans (Schaad et al. 2007) Constantin et al. 2016 comb. nov.	https://ncppb.fera.co.uk/furtherinfo/1433
NCPPB 1438	v1+v2+v3	yes	yes	yes	unchanged	changed	changed		alternative_names	alternative_names	Xanthomonas euvesicatoria Vauterin et al. 1995 (Invalid name)	Xanthomonas euvesicatoria Vauterin et al. 1995 (Invalid name)	Xanthomonas euvesicatoria Vauterin et al. 1995 (Invalid name)	https://ncppb.fera.co.uk/furtherinfo/1438
NCPPB 1439	v1+v2+v3	yes	yes	yes	unchanged	changed	changed		alternative_names	alternative_names	Xanthomonas citri pv. fuscans (Schaad et al. 2007) Constantin et al. 2016 comb. nov.	Xanthomonas citri pv. fuscans (Schaad et al. 2007) Constantin et al. 2016 comb. nov.	Xanthomonas citri pv. fuscans (Schaad et al. 2007) Constantin et al. 2016 comb. nov.	https://ncppb.fera.co.uk/furtherinfo/1439
NCPPB 1447	v1+v2+v3	yes	yes	yes	unchanged	unchanged	unchanged				Xanthomonas arboricola pv. juglandis (Pierce 1901) Vauterin et al. 1995	Xanthomonas arboricola pv. juglandis (Pierce 1901) Vauterin et al. 1995	Xanthomonas arboricola pv. juglandis (Pierce 1901) Vauterin et al. 1995	https://ncppb.fera.co.uk/furtherinfo/1447
NCPPB 1451	v1+v2+v3	yes	yes	yes	unchanged	unchanged	unchanged				Xanthomonas campestris pv. vitistrifoliae (Padhya et al. 1965) Dye 1978	Xanthomonas campestris pv. vitistrifoliae (Padhya et al. 1965) Dye 1978	Xanthomonas campestris pv. vitistrifoliae (Padhya et al. 1965) Dye 1978	https://ncppb.fera.co.uk/furtherinfo/1451
NCPPB 1452	v1+v2+v3	yes	yes	yes	unchanged	changed	changed		alternative_names	alternative_names	Xanthomonas citri pv. thirumalacharii (Padhya & Patel 1964) Constantin et al. 2016 comb. nov.	Xanthomonas citri pv. thirumalacharii (Padhya & Patel 1964) Constantin et al. 2016 comb. nov.	Xanthomonas citri pv. thirumalacharii (Padhya & Patel 1964) Constantin et al. 2016 comb. nov.	https://ncppb.fera.co.uk/furtherinfo/1452
NCPPB 1453	v1+v2+v3	yes	yes	yes	unchanged	changed	changed		alternative_names	alternative_names	Xanthomonas euvesicatoria pv. spermacoces (Srinivasan & Patel 1956) Harrison et al. 2023	Xanthomonas euvesicatoria pv. spermacoces (Srinivasan & Patel 1956) Harrison et al. 2023	Xanthomonas euvesicatoria pv. spermacoces (Srinivasan & Patel 1956) Harrison et al. 2023	https://ncppb.fera.co.uk/furtherinfo/1453
NCPPB 1454	v1+v2+v3	yes	yes	yes	unchanged	changed	changed		alternative_names	alternative_names	Xanthomonas euvesicatoria pv. tribuli (Srinivasan and Patel 1956) Constantin et al. 2016 comb. nov.	Xanthomonas euvesicatoria pv. tribuli (Srinivasan and Patel 1956) Constantin et al. 2016 comb. nov.	Xanthomonas euvesicatoria pv. tribuli (Srinivasan and Patel 1956) Constantin et al. 2016 comb. nov.	https://ncppb.fera.co.uk/furtherinfo/1454
NCPPB 1455	v1+v2+v3	yes	yes	yes	unchanged	unchanged	unchanged				Xanthomonas campestris pv. lantanae (Srinivasan & Patel 1957) Dye 1978	Xanthomonas campestris pv. lantanae (Srinivasan & Patel 1957) Dye 1978	Xanthomonas campestris pv. lantanae (Srinivasan & Patel 1957) Dye 1978	https://ncppb.fera.co.uk/furtherinfo/1455
NCPPB 1457	v1+v2+v3	yes	yes	yes	unchanged	changed	changed		alternative_names	alternative_names	Xanthomonas euvesicatoria pv. coriandri (Srinivasan et al. 1961) Harrison et al. 2023	Xanthomonas euvesicatoria pv. coriandri (Srinivasan et al. 1961) Harrison et al. 2023	Xanthomonas euvesicatoria pv. coriandri (Srinivasan et al. 1961) Harrison et al. 2023	https://ncppb.fera.co.uk/furtherinfo/1457
NCPPB 1469	v1+v2+v3	yes	yes	yes	unchanged	unchanged	unchanged				Xanthomonas fragariae Kennedy and King 1962	Xanthomonas fragariae Kennedy and King 1962	Xanthomonas fragariae Kennedy and King 1962	https://ncppb.fera.co.uk/furtherinfo/1469
NCPPB 1471	v1+v2+v3	yes	yes	yes	unchanged	changed	changed		alternative_names	alternative_names	Xanthomonas citri pv. citri (Hasse 1915) Constantin 2016 comb. nov.	Xanthomonas citri pv. citri (Hasse 1915) Constantin 2016 comb. nov.	Xanthomonas citri pv. citri (Hasse 1915) Constantin 2016 comb. nov.	https://ncppb.fera.co.uk/furtherinfo/1471
NCPPB 1472	v1+v2+v3	yes	yes	yes	unchanged	changed	changed		alternative_names	alternative_names	Xanthomonas citri pv. citri (Hasse 1915) Constantin 2016 comb. nov.	Xanthomonas citri pv. citri (Hasse 1915) Constantin 2016 comb. nov.	Xanthomonas citri pv. citri (Hasse 1915) Constantin 2016 comb. nov.	https://ncppb.fera.co.uk/furtherinfo/1472
NCPPB 1473	v1+v2+v3	yes	yes	yes	unchanged	unchanged	unchanged				Xanthomonas axonopodis pv. ricini (Yoshi & Takimoto 1928) Vauterin et al. 1995	Xanthomonas axonopodis pv. ricini (Yoshi & Takimoto 1928) Vauterin et al. 1995	Xanthomonas axonopodis pv. ricini (Yoshi & Takimoto 1928) Vauterin et al. 1995	https://ncppb.fera.co.uk/furtherinfo/1473
NCPPB 1475	v1+v2+v3	yes	yes	yes	changed	unchanged	changed	name_as_received		name_as_received	Xanthomonas axonopodis pv. cassiae (Kulkarni et al. 1951) Vauterin et al. 1995	Xanthomonas axonopodis pv. cassiae (Kulkarni et al. 1951) Vauterin et al. 1995	Xanthomonas axonopodis pv. cassiae (Kulkarni et al. 1951) Vauterin et al. 1995	https://ncppb.fera.co.uk/furtherinfo/1475
NCPPB 1482	v1+v2+v3	yes	yes	yes	unchanged	changed	changed		alternative_names	alternative_names	Xanthomonas citri pv. malvacearum (Smith 1901) Constantin et al. 2016 comb. nov.	Xanthomonas citri pv. malvacearum (Smith 1901) Constantin et al. 2016 comb. nov.	Xanthomonas citri pv. malvacearum (Smith 1901) Constantin et al. 2016 comb. nov.	https://ncppb.fera.co.uk/furtherinfo/1482
NCPPB 1495	v1+v2+v3	yes	yes	yes	changed	changed	changed	alternative_names	alternative_names	alternative_names	Xanthomonas citri pv. fuscans (Schaad et al. 2007) Constantin et al. 2016 comb. nov.	Xanthomonas citri pv. fuscans (Schaad et al. 2007) Constantin et al. 2016 comb. nov.	Xanthomonas citri pv. fuscans (Schaad et al. 2007) Constantin et al. 2016 comb. nov.	https://ncppb.fera.co.uk/furtherinfo/1495
NCPPB 1560	v1+v2+v3	yes	yes	yes	unchanged	changed	changed		current_name; alternative_names	current_name; alternative_names; notes	Xanthomonas sp. Dowson 1939	Xanthomonas sp. Dowson 1939	Xanthomonas dyei Young et al. 2010	https://ncppb.fera.co.uk/furtherinfo/1560
NCPPB 1562	v3	no	no	yes	not_in_pair	added	added						Pantoea stewartii subsp. indologenes Mergaert et al. 1993	https://ncppb.fera.co.uk/furtherinfo/1562
NCPPB 1568	v1+v2+v3	yes	yes	yes	unchanged	changed	changed		alternative_names	alternative_names	Xanthomonas sp. Dowson 1939	Xanthomonas sp. Dowson 1939	Xanthomonas sp. Dowson 1939	https://ncppb.fera.co.uk/furtherinfo/1568
NCPPB 1585	v1+v2+v3	yes	yes	yes	unchanged	unchanged	unchanged				Xanthomonas oryzae pv. oryzicola (Fang et al. 1957) Swings et al. 1990	Xanthomonas oryzae pv. oryzicola (Fang et al. 1957) Swings et al. 1990	Xanthomonas oryzae pv. oryzicola (Fang et al. 1957) Swings et al. 1990	https://ncppb.fera.co.uk/furtherinfo/1585
NCPPB 1593	v1+v2+v3	yes	yes	yes	unchanged	changed	changed		alternative_names	alternative_names	Xanthomonas euvesicatoria pv. argemones (Srinivasan et al. 1961) Constantin et al. 2016 comb. nov.	Xanthomonas euvesicatoria pv. argemones (Srinivasan et al. 1961) Constantin et al. 2016 comb. nov.	Xanthomonas euvesicatoria pv. argemones (Srinivasan et al. 1961) Constantin et al. 2016 comb. nov.	https://ncppb.fera.co.uk/furtherinfo/1593
NCPPB 1594	v1+v2+v3	yes	yes	yes	unchanged	changed	changed		alternative_names	alternative_names	Xanthomonas axonopodis pv. nakataecorchorii (Padhya & Patel 1963) Vauterin et al. 1995	Xanthomonas axonopodis pv. nakataecorchorii (Padhya & Patel 1963) Vauterin et al. 1995	Xanthomonas axonopodis pv. nakataecorchorii (Padhya & Patel 1963) Vauterin et al. 1995	https://ncppb.fera.co.uk/furtherinfo/1594
NCPPB 1595	v1+v2+v3	yes	yes	yes	unchanged	changed	changed		alternative_names	alternative_names	Xanthomonas euvesicatoria pv. physalidis (Srinivasan et al. 1962) Constantin et al. 2016 comb. nov.	Xanthomonas euvesicatoria pv. physalidis (Srinivasan et al. 1962) Constantin et al. 2016 comb. nov.	Xanthomonas euvesicatoria pv. physalidis (Srinivasan et al. 1962) Constantin et al. 2016 comb. nov.	https://ncppb.fera.co.uk/furtherinfo/1595
NCPPB 1596	v1+v2+v3	yes	yes	yes	unchanged	changed	changed		alternative_names	alternative_names	Xanthomonas euvesicatoria pv. spermacoces (Srinivasan & Patel 1956) Harrison et al. 2023	Xanthomonas euvesicatoria pv. spermacoces (Srinivasan & Patel 1956) Harrison et al. 2023	Xanthomonas euvesicatoria pv. spermacoces (Srinivasan & Patel 1956) Harrison et al. 2023	https://ncppb.fera.co.uk/furtherinfo/1596
NCPPB 1607	v1+v2+v3	yes	yes	yes	unchanged	unchanged	unchanged				Xanthomonas arboricola pv. pruni (Smith 1903) Vauterin et al. 1995	Xanthomonas arboricola pv. pruni (Smith 1903) Vauterin et al. 1995	Xanthomonas arboricola pv. pruni (Smith 1903) Vauterin et al. 1995	https://ncppb.fera.co.uk/furtherinfo/1607
NCPPB 1610	v1+v2+v3	yes	yes	yes	unchanged	unchanged	unchanged				Xanthomonas hortorum pv. pelargonii (Brown 1923) Vauterin et al. 1995	Xanthomonas hortorum pv. pelargonii (Brown 1923) Vauterin et al. 1995	Xanthomonas hortorum pv. pelargonii (Brown 1923) Vauterin et al. 1995	https://ncppb.fera.co.uk/furtherinfo/1610
NCPPB 1612	v1+v2+v3	yes	yes	yes	unchanged	changed	changed		alternative_names	alternative_names	Xanthomonas euvesicatoria pv. blepharidis (Srinivasan & Patel 1956) Harrison et al. 2023	Xanthomonas euvesicatoria pv. blepharidis (Srinivasan & Patel 1956) Harrison et al. 2023	Xanthomonas euvesicatoria pv. blepharidis (Srinivasan & Patel 1956) Harrison et al. 2023	https://ncppb.fera.co.uk/furtherinfo/1612
NCPPB 1615	v1+v2+v3	yes	yes	yes	unchanged	unchanged	unchanged				Xanthomonas hortorum pv. pelargonii (Brown 1923) Vauterin et al. 1995	Xanthomonas hortorum pv. pelargonii (Brown 1923) Vauterin et al. 1995	Xanthomonas hortorum pv. pelargonii (Brown 1923) Vauterin et al. 1995	https://ncppb.fera.co.uk/furtherinfo/1615
NCPPB 1616	v1+v2+v3	yes	yes	yes	unchanged	changed	changed		alternative_names	alternative_names	Xanthomonas vesicatoria (ex Doidge 1920) Vauterin et al. 1995	Xanthomonas vesicatoria (ex Doidge 1920) Vauterin et al. 1995	Xanthomonas vesicatoria (ex Doidge 1920) Vauterin et al. 1995	https://ncppb.fera.co.uk/furtherinfo/1616
NCPPB 1622	v1+v2+v3	yes	yes	yes	unchanged	unchanged	unchanged				Xanthomonas hyacinthi (Wakker 1883) Vauterin et al. 1995	Xanthomonas hyacinthi (Wakker 1883) Vauterin et al. 1995	Xanthomonas hyacinthi (Wakker 1883) Vauterin et al. 1995	https://ncppb.fera.co.uk/furtherinfo/1622
NCPPB 1628	v1+v2+v3	yes	yes	yes	unchanged	changed	changed		alternative_names	alternative_names	Xanthomonas euvesicatoria pv. alangii (Padhya & Patel 1962) Constantin et al. 2016 comb. nov.	Xanthomonas euvesicatoria pv. alangii (Padhya & Patel 1962) Constantin et al. 2016 comb. nov.	Xanthomonas euvesicatoria pv. alangii (Padhya & Patel 1962) Constantin et al. 2016 comb. nov.	https://ncppb.fera.co.uk/furtherinfo/1628
NCPPB 1629	v1+v2+v3	yes	yes	yes	unchanged	unchanged	unchanged				Xanthomonas axonopodis pv. bauhiniae (Padhya et al. 1965) Vauterin et al. 1995	Xanthomonas axonopodis pv. bauhiniae (Padhya et al. 1965) Vauterin et al. 1995	Xanthomonas axonopodis pv. bauhiniae (Padhya et al. 1965) Vauterin et al. 1995	https://ncppb.fera.co.uk/furtherinfo/1629
NCPPB 1630	v1+v2+v3	yes	yes	yes	unchanged	unchanged	unchanged				Xanthomonas arboricola pv. celebensis (Gaumann 1923) Vauterin et al. 1995	Xanthomonas arboricola pv. celebensis (Gaumann 1923) Vauterin et al. 1995	Xanthomonas arboricola pv. celebensis (Gaumann 1923) Vauterin et al. 1995	https://ncppb.fera.co.uk/furtherinfo/1630
NCPPB 1632	v1+v2+v3	yes	yes	yes	unchanged	unchanged	unchanged				Xanthomonas oryzae pv. oryzicola (Fang et al. 1957) Swings et al. 1990	Xanthomonas oryzae pv. oryzicola (Fang et al. 1957) Swings et al. 1990	Xanthomonas oryzae pv. oryzicola (Fang et al. 1957) Swings et al. 1990	https://ncppb.fera.co.uk/furtherinfo/1632
NCPPB 1633	v1+v2+v3	yes	yes	yes	unchanged	changed	changed		alternative_names	alternative_names	Xanthomonas citri pv. vignicola (Burkholder 1944) Constantin et al. 2016 comb. nov.	Xanthomonas citri pv. vignicola (Burkholder 1944) Constantin et al. 2016 comb. nov.	Xanthomonas citri pv. vignicola (Burkholder 1944) Constantin et al. 2016 comb. nov.	https://ncppb.fera.co.uk/furtherinfo/1633
NCPPB 1638	v1+v2+v3	yes	yes	yes	unchanged	changed	changed		current_name; alternative_names	current_name; alternative_names; notes	Xanthomonas sp. Dowson 1939	Xanthomonas sp. Dowson 1939	Xanthomonas cucurbitae Dowson 1939	https://ncppb.fera.co.uk/furtherinfo/1638
NCPPB 1645	v1+v2+v3	yes	yes	yes	unchanged	unchanged	unchanged				Xanthomonas campestris pv. campestris (Pammel 1895) Dowson 1939	Xanthomonas campestris pv. campestris (Pammel 1895) Dowson 1939	Xanthomonas campestris pv. campestris (Pammel 1895) Dowson 1939	https://ncppb.fera.co.uk/furtherinfo/1645
NCPPB 1646	v1+v2+v3	yes	yes	yes	unchanged	changed	changed		alternative_names	alternative_names	Xanthomonas phaseoli pv. phaseoli (Smith 1897) Constantin et al. 2016 comb. nov.	Xanthomonas phaseoli pv. phaseoli (Smith 1897) Constantin et al. 2016 comb. nov.	Xanthomonas phaseoli pv. phaseoli (Smith 1897) Constantin et al. 2016 comb. nov.	https://ncppb.fera.co.uk/furtherinfo/1646
NCPPB 1648	v1+v2+v3	yes	yes	yes	unchanged	unchanged	unchanged				Xanthomonas campestris pv. campestris (Pammel 1895) Dowson 1939	Xanthomonas campestris pv. campestris (Pammel 1895) Dowson 1939	Xanthomonas campestris pv. campestris (Pammel 1895) Dowson 1939	https://ncppb.fera.co.uk/furtherinfo/1648
NCPPB 1654	v1+v2+v3	yes	yes	yes	unchanged	changed	changed		alternative_names	alternative_names	Xanthomonas citri pv. fuscans (Schaad et al. 2007) Constantin et al. 2016 comb. nov.	Xanthomonas citri pv. fuscans (Schaad et al. 2007) Constantin et al. 2016 comb. nov.	Xanthomonas citri pv. fuscans (Schaad et al. 2007) Constantin et al. 2016 comb. nov.	https://ncppb.fera.co.uk/furtherinfo/1654
NCPPB 1659	v1+v2+v3	yes	yes	yes	unchanged	unchanged	unchanged				Xanthomonas arboricola pv. juglandis (Pierce 1901) Vauterin et al. 1995	Xanthomonas arboricola pv. juglandis (Pierce 1901) Vauterin et al. 1995	Xanthomonas arboricola pv. juglandis (Pierce 1901) Vauterin et al. 1995	https://ncppb.fera.co.uk/furtherinfo/1659
NCPPB 1668	v1+v2+v3	yes	yes	yes	unchanged	changed	changed		alternative_names	alternative_names	Xanthomonas hortorum pv. cynarae Morinière et al. (2020)	Xanthomonas hortorum pv. cynarae Morinière et al. (2020)	Xanthomonas hortorum pv. cynarae Morinière et al. (2020)	https://ncppb.fera.co.uk/furtherinfo/1668
NCPPB 1671	v1+v2+v3	yes	yes	yes	unchanged	changed	changed		alternative_names	alternative_names	Xanthomonas citri pv. sesbaniae (Patel et al. 1952) Constantin et al. 2016 comb. nov.	Xanthomonas citri pv. sesbaniae (Patel et al. 1952) Constantin et al. 2016 comb. nov.	Xanthomonas citri pv. sesbaniae (Patel et al. 1952) Constantin et al. 2016 comb. nov.	https://ncppb.fera.co.uk/furtherinfo/1671
NCPPB 1672	v1+v2+v3	yes	yes	yes	unchanged	changed	changed		alternative_names	alternative_names	Xanthomonas sp. Dowson 1939	Xanthomonas sp. Dowson 1939	Xanthomonas sp. Dowson 1939	https://ncppb.fera.co.uk/furtherinfo/1672
NCPPB 1680	v1+v2+v3	yes	yes	yes	unchanged	changed	changed		alternative_names	alternative_names	Xanthomonas phaseoli pv. phaseoli (Smith 1897) Constantin et al. 2016 comb. nov.	Xanthomonas phaseoli pv. phaseoli (Smith 1897) Constantin et al. 2016 comb. nov.	Xanthomonas phaseoli pv. phaseoli (Smith 1897) Constantin et al. 2016 comb. nov.	https://ncppb.fera.co.uk/furtherinfo/1680
NCPPB 1682	v3	no	no	yes	not_in_pair	added	added						Pantoea anthophila Brady et al. 2009	https://ncppb.fera.co.uk/furtherinfo/1682
NCPPB 1683	v1+v2	yes	yes	no	unchanged	removed	removed				Stenotrophomonas hibiscicola (Moniz 1963) Nguyen et al. 2024	Stenotrophomonas hibiscicola (Moniz 1963) Nguyen et al. 2024		
NCPPB 1684	v1+v2+v3	yes	yes	yes	unchanged	unchanged	unchanged				Xanthomonas axonopodis pv. ricini (Yoshi & Takimoto 1928) Vauterin et al. 1995	Xanthomonas axonopodis pv. ricini (Yoshi & Takimoto 1928) Vauterin et al. 1995	Xanthomonas axonopodis pv. ricini (Yoshi & Takimoto 1928) Vauterin et al. 1995	https://ncppb.fera.co.uk/furtherinfo/1684
NCPPB 1685	v1+v2+v3	yes	yes	yes	unchanged	unchanged	unchanged				Xanthomonas campestris pv. campestris (Pammel 1895) Dowson 1939	Xanthomonas campestris pv. campestris (Pammel 1895) Dowson 1939	Xanthomonas campestris pv. campestris (Pammel 1895) Dowson 1939	https://ncppb.fera.co.uk/furtherinfo/1685
NCPPB 1697	v1+v2+v3	yes	yes	yes	unchanged	changed	changed		alternative_names	alternative_names	Xanthomonas citri pv. malvacearum (Smith 1901) Constantin et al. 2016 comb. nov.	Xanthomonas citri pv. malvacearum (Smith 1901) Constantin et al. 2016 comb. nov.	Xanthomonas citri pv. malvacearum (Smith 1901) Constantin et al. 2016 comb. nov.	https://ncppb.fera.co.uk/furtherinfo/1697
NCPPB 1698	v1+v2+v3	yes	yes	yes	unchanged	changed	changed		alternative_names	alternative_names	Xanthomonas citri pv. malvacearum (Smith 1901) Constantin et al. 2016 comb. nov.	Xanthomonas citri pv. malvacearum (Smith 1901) Constantin et al. 2016 comb. nov.	Xanthomonas citri pv. malvacearum (Smith 1901) Constantin et al. 2016 comb. nov.	https://ncppb.fera.co.uk/furtherinfo/1698
NCPPB 1699	v1+v2+v3	yes	yes	yes	unchanged	changed	changed		alternative_names	alternative_names	Xanthomonas citri pv. malvacearum (Smith 1901) Constantin et al. 2016 comb. nov.	Xanthomonas citri pv. malvacearum (Smith 1901) Constantin et al. 2016 comb. nov.	Xanthomonas citri pv. malvacearum (Smith 1901) Constantin et al. 2016 comb. nov.	https://ncppb.fera.co.uk/furtherinfo/1699
NCPPB 1700	v1+v2+v3	yes	yes	yes	unchanged	changed	changed		alternative_names	alternative_names	Xanthomonas citri pv. malvacearum (Smith 1901) Constantin et al. 2016 comb. nov.	Xanthomonas citri pv. malvacearum (Smith 1901) Constantin et al. 2016 comb. nov.	Xanthomonas citri pv. malvacearum (Smith 1901) Constantin et al. 2016 comb. nov.	https://ncppb.fera.co.uk/furtherinfo/1700
NCPPB 1701	v1+v2+v3	yes	yes	yes	unchanged	changed	changed		alternative_names	alternative_names	Xanthomonas citri pv. malvacearum (Smith 1901) Constantin et al. 2016 comb. nov.	Xanthomonas citri pv. malvacearum (Smith 1901) Constantin et al. 2016 comb. nov.	Xanthomonas citri pv. malvacearum (Smith 1901) Constantin et al. 2016 comb. nov.	https://ncppb.fera.co.uk/furtherinfo/1701
NCPPB 1711	v1+v2+v3	yes	yes	yes	unchanged	unchanged	unchanged				Xanthomonas campestris pv. campestris (Pammel 1895) Dowson 1939	Xanthomonas campestris pv. campestris (Pammel 1895) Dowson 1939	Xanthomonas campestris pv. campestris (Pammel 1895) Dowson 1939	https://ncppb.fera.co.uk/furtherinfo/1711
NCPPB 1712	v1+v2+v3	yes	yes	yes	unchanged	changed	changed		alternative_names	alternative_names	Xanthomonas citri pv. malvacearum (Smith 1901) Constantin et al. 2016 comb. nov.	Xanthomonas citri pv. malvacearum (Smith 1901) Constantin et al. 2016 comb. nov.	Xanthomonas citri pv. malvacearum (Smith 1901) Constantin et al. 2016 comb. nov.	https://ncppb.fera.co.uk/furtherinfo/1712
NCPPB 1713	v1+v2+v3	yes	yes	yes	unchanged	changed	changed		alternative_names	alternative_names	Xanthomonas citri (ex Hasse 1915) Gabriel et al. 1989	Xanthomonas citri (ex Hasse 1915) Gabriel et al. 1989	Xanthomonas citri (ex Hasse 1915) Gabriel et al. 1989	https://ncppb.fera.co.uk/furtherinfo/1713
NCPPB 1714	v1+v2+v3	yes	yes	yes	unchanged	changed	changed		alternative_names	alternative_names	Xanthomonas citri pv. glycines (Nakano 1919) Constantin et al. 2016 comb.nov.	Xanthomonas citri pv. glycines (Nakano 1919) Constantin et al. 2016 comb.nov.	Xanthomonas citri pv. glycines (Nakano 1919) Constantin et al. 2016 comb.nov.	https://ncppb.fera.co.uk/furtherinfo/1714
NCPPB 1715	v1+v2+v3	yes	yes	yes	unchanged	unchanged	unchanged				Xanthomonas campestris pv. zinniae (Hopkins & Dowson 1949) Dye 1978	Xanthomonas campestris pv. zinniae (Hopkins & Dowson 1949) Dye 1978	Xanthomonas campestris pv. zinniae (Hopkins & Dowson 1949) Dye 1978	https://ncppb.fera.co.uk/furtherinfo/1715
NCPPB 1717	v1+v2+v3	yes	yes	yes	changed	changed	changed	name_as_received	alternative_names	name_as_received; alternative_names	Xanthomonas citri pv. glycines (Nakano 1919) Constantin et al. 2016 comb.nov.	Xanthomonas citri pv. glycines (Nakano 1919) Constantin et al. 2016 comb.nov.	Xanthomonas citri pv. glycines (Nakano 1919) Constantin et al. 2016 comb.nov.	https://ncppb.fera.co.uk/furtherinfo/1717
NCPPB 1737	v1+v2+v3	yes	yes	yes	unchanged	unchanged	unchanged				Xanthomonas albilineans (Ashby 1929) Dowson 1943	Xanthomonas albilineans (Ashby 1929) Dowson 1943	Xanthomonas albilineans (Ashby 1929) Dowson 1943	https://ncppb.fera.co.uk/furtherinfo/1737
NCPPB 1738	v1+v2+v3	yes	yes	yes	unchanged	unchanged	unchanged				Xanthomonas albilineans (Ashby 1929) Dowson 1943	Xanthomonas albilineans (Ashby 1929) Dowson 1943	Xanthomonas albilineans (Ashby 1929) Dowson 1943	https://ncppb.fera.co.uk/furtherinfo/1738
NCPPB 1754	v1+v2+v3	yes	yes	yes	unchanged	changed	changed		current_name; alternative_names	current_name; alternative_names	Xanthomonas sp. Dowson 1939	Xanthomonas sp. Dowson 1939	Xanthomonas euvesicatoria Jones et al. 2006	https://ncppb.fera.co.uk/furtherinfo/1754
NCPPB 1755	v1+v2+v3	yes	yes	yes	unchanged	changed	changed		alternative_names	alternative_names	Xanthomonas euvesicatoria pv. ionidii (Padhya & Patel 1963) Harrison et al. 2023	Xanthomonas euvesicatoria pv. ionidii (Padhya & Patel 1963) Harrison et al. 2023	Xanthomonas euvesicatoria pv. ionidii (Padhya & Patel 1963) Harrison et al. 2023	https://ncppb.fera.co.uk/furtherinfo/1755
NCPPB 1756	v1+v2+v3	yes	yes	yes	unchanged	changed	changed		alternative_names	alternative_names	Xanthomonas euvesicatoria pv. physalidis (Srinivasan et al. 1962) Constantin et al. 2016 comb. nov.	Xanthomonas euvesicatoria pv. physalidis (Srinivasan et al. 1962) Constantin et al. 2016 comb. nov.	Xanthomonas euvesicatoria pv. physalidis (Srinivasan et al. 1962) Constantin et al. 2016 comb. nov.	https://ncppb.fera.co.uk/furtherinfo/1756
NCPPB 1757	v1+v2+v3	yes	yes	yes	unchanged	changed	changed		alternative_names	alternative_names	Xanthomonas euvesicatoria pv. blepharidis (Srinivasan & Patel 1956) Harrison et al. 2023	Xanthomonas euvesicatoria pv. blepharidis (Srinivasan & Patel 1956) Harrison et al. 2023	Xanthomonas euvesicatoria pv. blepharidis (Srinivasan & Patel 1956) Harrison et al. 2023	https://ncppb.fera.co.uk/furtherinfo/1757
NCPPB 1758	v1+v2+v3	yes	yes	yes	unchanged	changed	changed		alternative_names	alternative_names	Xanthomonas euvesicatoria pv. coriandri (Srinivasan et al. 1961) Harrison et al. 2023	Xanthomonas euvesicatoria pv. coriandri (Srinivasan et al. 1961) Harrison et al. 2023	Xanthomonas euvesicatoria pv. coriandri (Srinivasan et al. 1961) Harrison et al. 2023	https://ncppb.fera.co.uk/furtherinfo/1758
NCPPB 1759	v1+v2+v3	yes	yes	yes	unchanged	unchanged	unchanged				Xanthomonas campestris pv. bilvae Chakravarti et al. 1984	Xanthomonas campestris pv. bilvae Chakravarti et al. 1984	Xanthomonas campestris pv. bilvae Chakravarti et al. 1984	https://ncppb.fera.co.uk/furtherinfo/1759
NCPPB 1760	v1+v2+v3	yes	yes	yes	unchanged	changed	changed		alternative_names	alternative_names	Xanthomonas euvesicatoria pv. spermacoces (Srinivasan & Patel 1956) Harrison et al. 2023	Xanthomonas euvesicatoria pv. spermacoces (Srinivasan & Patel 1956) Harrison et al. 2023	Xanthomonas euvesicatoria pv. spermacoces (Srinivasan & Patel 1956) Harrison et al. 2023	https://ncppb.fera.co.uk/furtherinfo/1760
NCPPB 1765	v1+v2+v3	yes	yes	yes	unchanged	unchanged	unchanged				Xanthomonas hortorum pv. pelargonii (Brown 1923) Vauterin et al. 1995	Xanthomonas hortorum pv. pelargonii (Brown 1923) Vauterin et al. 1995	Xanthomonas hortorum pv. pelargonii (Brown 1923) Vauterin et al. 1995	https://ncppb.fera.co.uk/furtherinfo/1765
NCPPB 1774	v1+v2+v3	yes	yes	yes	unchanged	unchanged	unchanged				Xanthomonas sp. Dowson 1939	Xanthomonas sp. Dowson 1939	Xanthomonas sp. Dowson 1939	https://ncppb.fera.co.uk/furtherinfo/1774
NCPPB 1785	v1+v2+v3	yes	yes	yes	unchanged	changed	changed		alternative_names	alternative_names	Xanthomonas citri pv. malvacearum (Smith 1901) Constantin et al. 2016 comb. nov.	Xanthomonas citri pv. malvacearum (Smith 1901) Constantin et al. 2016 comb. nov.	Xanthomonas citri pv. malvacearum (Smith 1901) Constantin et al. 2016 comb. nov.	https://ncppb.fera.co.uk/furtherinfo/1785
NCPPB 1786	v1+v2+v3	yes	yes	yes	unchanged	changed	changed		alternative_names	alternative_names	Xanthomonas euvesicatoria pv. coracanae (Desai et al. 1965) Constantin et al. 2016 comb. nov.	Xanthomonas euvesicatoria pv. coracanae (Desai et al. 1965) Constantin et al. 2016 comb. nov.	Xanthomonas euvesicatoria pv. coracanae (Desai et al. 1965) Constantin et al. 2016 comb. nov.	https://ncppb.fera.co.uk/furtherinfo/1786
NCPPB 1787	v1+v2+v3	yes	yes	yes	unchanged	changed	changed		alternative_names	alternative_names	Xanthomonas euvesicatoria pv. vernoniae (Patel et al. 1968) Harrison et al. 2023	Xanthomonas euvesicatoria pv. vernoniae (Patel et al. 1968) Harrison et al. 2023	Xanthomonas euvesicatoria pv. vernoniae (Patel et al. 1968) Harrison et al. 2023	https://ncppb.fera.co.uk/furtherinfo/1787
NCPPB 1811	v1+v2+v3	yes	yes	yes	unchanged	changed	changed		alternative_names	alternative_names	Xanthomonas phaseoli pv. phaseoli (Smith 1897) Constantin et al. 2016 comb. nov.	Xanthomonas phaseoli pv. phaseoli (Smith 1897) Constantin et al. 2016 comb. nov.	Xanthomonas phaseoli pv. phaseoli (Smith 1897) Constantin et al. 2016 comb. nov.	https://ncppb.fera.co.uk/furtherinfo/1811
NCPPB 1821	v1+v2+v3	yes	yes	yes	unchanged	changed	changed		alternative_names	alternative_names	Xanthomonas euvesicatoria pv. alfalfae (ex Riker et al. 1935) Constantin et al. 2016 comb. nov.	Xanthomonas euvesicatoria pv. alfalfae (ex Riker et al. 1935) Constantin et al. 2016 comb. nov.	Xanthomonas euvesicatoria pv. alfalfae (ex Riker et al. 1935) Constantin et al. 2016 comb. nov.	https://ncppb.fera.co.uk/furtherinfo/1821
NCPPB 1822	v1+v2+v3	yes	yes	yes	unchanged	unchanged	unchanged				Xanthomonas fragariae Kennedy and King 1962	Xanthomonas fragariae Kennedy and King 1962	Xanthomonas fragariae Kennedy and King 1962	https://ncppb.fera.co.uk/furtherinfo/1822
NCPPB 1826	v1+v2+v3	yes	yes	yes	unchanged	changed	changed		alternative_names	alternative_names	Xanthomonas sp. Dowson 1939	Xanthomonas sp. Dowson 1939	Xanthomonas sp. Dowson 1939	https://ncppb.fera.co.uk/furtherinfo/1826
NCPPB 1827	v1+v2+v3	yes	yes	yes	changed	changed	changed	name_as_received	alternative_names	name_as_received; alternative_names	Xanthomonas citri pv. rhynchosiae (Sabet et al. 1969) Constantin et al. 2016 comb. nov	Xanthomonas citri pv. rhynchosiae (Sabet et al. 1969) Constantin et al. 2016 comb. nov	Xanthomonas citri pv. rhynchosiae (Sabet et al. 1969) Constantin et al. 2016 comb. nov	https://ncppb.fera.co.uk/furtherinfo/1827
NCPPB 1828	v1+v2+v3	yes	yes	yes	unchanged	changed	changed		alternative_names	alternative_names	Xanthomonas euvesicatoria pv. euphorbiae (Sabet et al.1969) Harrison et al. 2023	Xanthomonas euvesicatoria pv. euphorbiae (Sabet et al.1969) Harrison et al. 2023	Xanthomonas euvesicatoria pv. euphorbiae (Sabet et al.1969) Harrison et al. 2023	https://ncppb.fera.co.uk/furtherinfo/1828
NCPPB 1829	v1+v2+v3	yes	yes	yes	unchanged	changed	changed		alternative_names	alternative_names; notes	Xanthomonas sp. Dowson 1939	Xanthomonas sp. Dowson 1939	Xanthomonas sp. Dowson 1939	https://ncppb.fera.co.uk/furtherinfo/1829
NCPPB 1830	v1+v2+v3	yes	yes	yes	unchanged	unchanged	unchanged				Xanthomonas albilineans (Ashby 1929) Dowson 1943	Xanthomonas albilineans (Ashby 1929) Dowson 1943	Xanthomonas albilineans (Ashby 1929) Dowson 1943	https://ncppb.fera.co.uk/furtherinfo/1830
NCPPB 1832	v1+v2+v3	yes	yes	yes	unchanged	unchanged	unchanged				Xanthomonas arboricola pv. celebensis (Gaumann 1923) Vauterin et al. 1995	Xanthomonas arboricola pv. celebensis (Gaumann 1923) Vauterin et al. 1995	Xanthomonas arboricola pv. celebensis (Gaumann 1923) Vauterin et al. 1995	https://ncppb.fera.co.uk/furtherinfo/1832
NCPPB 1833	v1+v2+v3	yes	yes	yes	unchanged	changed	changed		alternative_names	alternative_names	Xanthomonas phaseoli pv. dieffenbachiae (McCulloch & Pirone 1939) Constantin et al. 2016 comb. nov.	Xanthomonas phaseoli pv. dieffenbachiae (McCulloch & Pirone 1939) Constantin et al. 2016 comb. nov.	Xanthomonas phaseoli pv. dieffenbachiae (McCulloch & Pirone 1939) Constantin et al. 2016 comb. nov.	https://ncppb.fera.co.uk/furtherinfo/1833
NCPPB 1834	v1+v2+v3	yes	yes	yes	unchanged	changed	changed		alternative_names	alternative_names	Xanthomonas phaseoli pv. manihotis (Bondar 1912) Constantin et al. 2016 comb. nov.	Xanthomonas phaseoli pv. manihotis (Bondar 1912) Constantin et al. 2016 comb. nov.	Xanthomonas phaseoli pv. manihotis (Bondar 1912) Constantin et al. 2016 comb. nov.	https://ncppb.fera.co.uk/furtherinfo/1834
NCPPB 1835	v3	no	no	yes	not_in_pair	added	added						Burkholderia sp.	https://ncppb.fera.co.uk/furtherinfo/1835
NCPPB 1836	v1+v2+v3	yes	yes	yes	unchanged	changed	changed		alternative_names	alternative_names	Xanthomonas cerealis pv. cerealis Tambong et al. 2024	Xanthomonas cerealis pv. cerealis Tambong et al. 2024	Xanthomonas cerealis pv. cerealis Tambong et al. 2024	https://ncppb.fera.co.uk/furtherinfo/1836
NCPPB 1837	v1+v2+v3	yes	yes	yes	changed	changed	changed	name_as_received	alternative_names	name_as_received; alternative_names	Xanthomonas graminis pv. phlei Tambong et al. 2024	Xanthomonas graminis pv. phlei Tambong et al. 2024	Xanthomonas graminis pv. phlei Tambong et al. 2024	https://ncppb.fera.co.uk/furtherinfo/1837
NCPPB 1838	v1+v2+v3	yes	yes	yes	unchanged	changed	changed		alternative_names	alternative_names	Xanthomonas citri pv. vignicola (Burkholder 1944) Constantin et al. 2016 comb. nov.	Xanthomonas citri pv. vignicola (Burkholder 1944) Constantin et al. 2016 comb. nov.	Xanthomonas citri pv. vignicola (Burkholder 1944) Constantin et al. 2016 comb. nov.	https://ncppb.fera.co.uk/furtherinfo/1838
NCPPB 1839	v1+v2+v3	yes	yes	yes	unchanged	changed	changed		alternative_names	alternative_names	Xanthomonas hortorum pv. vitians Morinière et al. 2020	Xanthomonas hortorum pv. vitians Morinière et al. 2020	Xanthomonas hortorum pv. vitians Morinière et al. 2020	https://ncppb.fera.co.uk/furtherinfo/1839
NCPPB 1841	v1+v2+v3	yes	yes	yes	unchanged	changed	changed		alternative_names	alternative_names	Xanthomonas hortorum pv. vitians Morinière et al. 2020	Xanthomonas hortorum pv. vitians Morinière et al. 2020	Xanthomonas hortorum pv. vitians Morinière et al. 2020	https://ncppb.fera.co.uk/furtherinfo/1841
NCPPB 1925	v1+v2+v3	yes	yes	yes	unchanged	unchanged	unchanged				Xanthomonas axonopodis pv. begoniae (Takimoto 1934) Vauterin et al. 1995	Xanthomonas axonopodis pv. begoniae (Takimoto 1934) Vauterin et al. 1995	Xanthomonas axonopodis pv. begoniae (Takimoto 1934) Vauterin et al. 1995	https://ncppb.fera.co.uk/furtherinfo/1925
NCPPB 1929	v1+v2+v3	yes	yes	yes	unchanged	unchanged	unchanged				Xanthomonas campestris pv. campestris (Pammel 1895) Dowson 1939	Xanthomonas campestris pv. campestris (Pammel 1895) Dowson 1939	Xanthomonas campestris pv. campestris (Pammel 1895) Dowson 1939	https://ncppb.fera.co.uk/furtherinfo/1929
NCPPB 1930	v1+v2+v3	yes	yes	yes	unchanged	unchanged	unchanged				Xanthomonas campestris pv. armoraciae (McCulloch 1929) Dye 1978	Xanthomonas campestris pv. armoraciae (McCulloch 1929) Dye 1978	Xanthomonas campestris pv. armoraciae (McCulloch 1929) Dye 1978	https://ncppb.fera.co.uk/furtherinfo/1930
NCPPB 1931	v3	no	no	yes	not_in_pair	added	added						Pantoea agglomerans (Lohnis 1911) Dye 1964	https://ncppb.fera.co.uk/furtherinfo/1931
NCPPB 1932	v1+v2+v3	yes	yes	yes	unchanged	unchanged	unchanged				Xanthomonas campestris pv. guizotiae (Yirgou 1964) Dye 1978	Xanthomonas campestris pv. guizotiae (Yirgou 1964) Dye 1978	Xanthomonas campestris pv. guizotiae (Yirgou 1964) Dye 1978	https://ncppb.fera.co.uk/furtherinfo/1932
NCPPB 1933	v1+v2+v3	yes	yes	yes	unchanged	unchanged	unchanged				Xanthomonas campestris pv. guizotiae (Yirgou 1964) Dye 1978	Xanthomonas campestris pv. guizotiae (Yirgou 1964) Dye 1978	Xanthomonas campestris pv. guizotiae (Yirgou 1964) Dye 1978	https://ncppb.fera.co.uk/furtherinfo/1933
NCPPB 1934	v1+v2+v3	yes	yes	yes	unchanged	unchanged	unchanged				Xanthomonas campestris pv. incanae (Kendrick & Baker 1942) Dye 1978	Xanthomonas campestris pv. incanae (Kendrick & Baker 1942) Dye 1978	Xanthomonas campestris pv. incanae (Kendrick & Baker 1942) Dye 1978	https://ncppb.fera.co.uk/furtherinfo/1934
NCPPB 1935	v1+v2+v3	yes	yes	yes	unchanged	unchanged	unchanged				Xanthomonas campestris pv. nigromaculans (Takimoto 1927) Dye 1978	Xanthomonas campestris pv. nigromaculans (Takimoto 1927) Dye 1978	Xanthomonas campestris pv. nigromaculans (Takimoto 1927) Dye 1978	https://ncppb.fera.co.uk/furtherinfo/1935
NCPPB 1936	v1+v2+v3	yes	yes	yes	unchanged	changed	changed		alternative_names	alternative_names	Xanthomonas oryzae pv. oryzae (Ishiyama 1922) Swings et al. 1990	Xanthomonas oryzae pv. oryzae (Ishiyama 1922) Swings et al. 1990	Xanthomonas oryzae pv. oryzae (Ishiyama 1922) Swings et al. 1990	https://ncppb.fera.co.uk/furtherinfo/1936
NCPPB 1937	v3	no	no	yes	not_in_pair	added	added						Sphingomonas sp. (Bryan and McWhorter 1930) Dye 1978	https://ncppb.fera.co.uk/furtherinfo/1937
NCPPB 1938	v1+v2+v3	yes	yes	yes	unchanged	unchanged	unchanged				Xanthomonas campestris pv. plantaginis (Thornberry & Anderson 1937) Dye 1978	Xanthomonas campestris pv. plantaginis (Thornberry & Anderson 1937) Dye 1978	Xanthomonas campestris pv. plantaginis (Thornberry & Anderson 1937) Dye 1978	https://ncppb.fera.co.uk/furtherinfo/1938
NCPPB 1939	v1+v2+v3	yes	yes	yes	unchanged	unchanged	unchanged				Xanthomonas axonopodis pv. poinsettiicola (Patel et al. 1951) Vauterin et al. 1995	Xanthomonas axonopodis pv. poinsettiicola (Patel et al. 1951) Vauterin et al. 1995	Xanthomonas axonopodis pv. poinsettiicola (Patel et al. 1951) Vauterin et al. 1995	https://ncppb.fera.co.uk/furtherinfo/1939
NCPPB 1941	v3	no	no	yes	not_in_pair	added	added						Pantoea anthophila Brady et al. 2009	https://ncppb.fera.co.uk/furtherinfo/1941
NCPPB 1942	v1+v2+v3	yes	yes	yes	unchanged	unchanged	unchanged				Xanthomonas translucens pv. translucens (Jones et al. 1917) Vauterin et al. 1995	Xanthomonas translucens pv. translucens (Jones et al. 1917) Vauterin et al. 1995	Xanthomonas translucens pv. translucens (Jones et al. 1917) Vauterin et al. 1995	https://ncppb.fera.co.uk/furtherinfo/1942
NCPPB 1943	v1+v2+v3	yes	yes	yes	unchanged	changed	changed		alternative_names	alternative_names	Xanthomonas cerealis pv. cerealis Tambong et al. 2024	Xanthomonas cerealis pv. cerealis Tambong et al. 2024	Xanthomonas cerealis pv. cerealis Tambong et al. 2024	https://ncppb.fera.co.uk/furtherinfo/1943
NCPPB 1944	v1+v2+v3	yes	yes	yes	unchanged	changed	changed		alternative_names	alternative_names	Xanthomonas cerealis pv. cerealis Tambong et al. 2024	Xanthomonas cerealis pv. cerealis Tambong et al. 2024	Xanthomonas cerealis pv. cerealis Tambong et al. 2024	https://ncppb.fera.co.uk/furtherinfo/1944
NCPPB 1945	v1+v2+v3	yes	yes	yes	changed	unchanged	changed	name_as_received		name_as_received	Xanthomonas translucens pv. undulosa (Smith et al. 1919) Vauterin et al. 1995	Xanthomonas translucens pv. undulosa (Smith et al. 1919) Vauterin et al. 1995	Xanthomonas translucens pv. undulosa (Smith et al. 1919) Vauterin et al. 1995	https://ncppb.fera.co.uk/furtherinfo/1945
NCPPB 1946	v1+v2+v3	yes	yes	yes	changed	unchanged	changed	name_as_received		name_as_received	Xanthomonas campestris pv. raphani (White 1930) Dye 1978	Xanthomonas campestris pv. raphani (White 1930) Dye 1978	Xanthomonas campestris pv. raphani (White 1930) Dye 1978	https://ncppb.fera.co.uk/furtherinfo/1946
NCPPB 1974	v1+v2+v3	yes	yes	yes	unchanged	unchanged	unchanged				Stenotrophomonas maltophilia (Hugh 1981) Palleroni and Bradbury 1993	Stenotrophomonas maltophilia (Hugh 1981) Palleroni and Bradbury 1993	Stenotrophomonas maltophilia (Hugh 1981) Palleroni and Bradbury 1993	https://ncppb.fera.co.uk/furtherinfo/1974
NCPPB 1975	v1+v2+v3	yes	yes	yes	unchanged	unchanged	unchanged				Stenotrophomonas maltophilia (Hugh 1981) Palleroni and Bradbury 1993	Stenotrophomonas maltophilia (Hugh 1981) Palleroni and Bradbury 1993	Stenotrophomonas maltophilia (Hugh 1981) Palleroni and Bradbury 1993	https://ncppb.fera.co.uk/furtherinfo/1975
NCPPB 1981	v1+v2+v3	yes	yes	yes	unchanged	unchanged	unchanged				Xanthomonas sp. Dowson 1939	Xanthomonas sp. Dowson 1939	Xanthomonas sp. Dowson 1939	https://ncppb.fera.co.uk/furtherinfo/1981
NCPPB 2005	v1+v2+v3	yes	yes	yes	unchanged	changed	changed		alternative_names	alternative_names	Xanthomonas vasicola pv. musacearum (Yirgou & Bradbury 1968) Dye 1978	Xanthomonas vasicola pv. musacearum (Yirgou & Bradbury 1968) Dye 1978	Xanthomonas vasicola pv. musacearum (Yirgou & Bradbury 1968) Dye 1978	https://ncppb.fera.co.uk/furtherinfo/2005
NCPPB 2011	v1+v2+v3	yes	yes	yes	unchanged	unchanged	unchanged				Xanthomonas hortorum pv. hederae (Arnaud 1920) Vauterin et al. 1995	Xanthomonas hortorum pv. hederae (Arnaud 1920) Vauterin et al. 1995	Xanthomonas hortorum pv. hederae (Arnaud 1920) Vauterin et al. 1995	https://ncppb.fera.co.uk/furtherinfo/2011
NCPPB 2016	v1+v2+v3	yes	yes	yes	unchanged	unchanged	unchanged				Xanthomonas hortorum pv. hederae (Arnaud 1920) Vauterin et al. 1995	Xanthomonas hortorum pv. hederae (Arnaud 1920) Vauterin et al. 1995	Xanthomonas hortorum pv. hederae (Arnaud 1920) Vauterin et al. 1995	https://ncppb.fera.co.uk/furtherinfo/2016
NCPPB 2031	v1+v2+v3	yes	yes	yes	unchanged	unchanged	unchanged				Xanthomonas campestris pv. campestris (Pammel 1895) Dowson 1939	Xanthomonas campestris pv. campestris (Pammel 1895) Dowson 1939	Xanthomonas campestris pv. campestris (Pammel 1895) Dowson 1939	https://ncppb.fera.co.uk/furtherinfo/2031
NCPPB 2044	v1+v2+v3	yes	yes	yes	unchanged	changed	changed		alternative_names	alternative_names	Xanthomonas vesicatoria (ex Doidge 1920) Vauterin et al. 1995	Xanthomonas vesicatoria (ex Doidge 1920) Vauterin et al. 1995	Xanthomonas vesicatoria (ex Doidge 1920) Vauterin et al. 1995	https://ncppb.fera.co.uk/furtherinfo/2044
NCPPB 2057	v1+v2+v3	yes	yes	yes	unchanged	changed	changed		alternative_names	alternative_names	Xanthomonas euvesicatoria pv. heliotropii (Sabet et al.1969) Harrison et al. 2023	Xanthomonas euvesicatoria pv. heliotropii (Sabet et al.1969) Harrison et al. 2023	Xanthomonas euvesicatoria pv. heliotropii (Sabet et al.1969) Harrison et al. 2023	https://ncppb.fera.co.uk/furtherinfo/2057
NCPPB 2058	v1+v2+v3	yes	yes	yes	changed	changed	changed	name_as_received	alternative_names	name_as_received; alternative_names	Xanthomonas citri pv. vignaeradiatae (Sabet et al. 1969) Constantin et al. 2016 comb. nov	Xanthomonas citri pv. vignaeradiatae (Sabet et al. 1969) Constantin et al. 2016 comb. nov	Xanthomonas citri pv. vignaeradiatae (Sabet et al. 1969) Constantin et al. 2016 comb. nov	https://ncppb.fera.co.uk/furtherinfo/2058
NCPPB 2059	v1+v2+v3	yes	yes	yes	unchanged	changed	changed		alternative_names	alternative_names	Xanthomonas citri pv. vignicola (Burkholder 1944) Constantin et al. 2016 comb. nov.	Xanthomonas citri pv. vignicola (Burkholder 1944) Constantin et al. 2016 comb. nov.	Xanthomonas citri pv. vignicola (Burkholder 1944) Constantin et al. 2016 comb. nov.	https://ncppb.fera.co.uk/furtherinfo/2059
NCPPB 2060	v1+v2+v3	yes	yes	yes	changed	changed	changed	name_as_received	alternative_names	name_as_received; alternative_names	Xanthomonas citri pv. rhynchosiae (Sabet et al. 1969) Constantin et al. 2016 comb. nov	Xanthomonas citri pv. rhynchosiae (Sabet et al. 1969) Constantin et al. 2016 comb. nov	Xanthomonas citri pv. rhynchosiae (Sabet et al. 1969) Constantin et al. 2016 comb. nov	https://ncppb.fera.co.uk/furtherinfo/2060
NCPPB 2061	v1+v2+v3	yes	yes	yes	unchanged	changed	changed		alternative_names	alternative_names	Xanthomonas citri pv. vignicola (Burkholder 1944) Constantin et al. 2016 comb. nov.	Xanthomonas citri pv. vignicola (Burkholder 1944) Constantin et al. 2016 comb. nov.	Xanthomonas citri pv. vignicola (Burkholder 1944) Constantin et al. 2016 comb. nov.	https://ncppb.fera.co.uk/furtherinfo/2061
NCPPB 2062	v1+v2+v3	yes	yes	yes	unchanged	changed	changed		alternative_names	alternative_names	Xanthomonas euvesicatoria pv. alfalfae (ex Riker et al. 1935) Constantin et al. 2016 comb. nov.	Xanthomonas euvesicatoria pv. alfalfae (ex Riker et al. 1935) Constantin et al. 2016 comb. nov.	Xanthomonas euvesicatoria pv. alfalfae (ex Riker et al. 1935) Constantin et al. 2016 comb. nov.	https://ncppb.fera.co.uk/furtherinfo/2062
NCPPB 2063	v1+v2+v3	yes	yes	yes	unchanged	unchanged	unchanged				Xanthomonas axonopodis pv. cajani (Kulkarni et al. 1950) Vauterin et al. 1995	Xanthomonas axonopodis pv. cajani (Kulkarni et al. 1950) Vauterin et al. 1995	Xanthomonas axonopodis pv. cajani (Kulkarni et al. 1950) Vauterin et al. 1995	https://ncppb.fera.co.uk/furtherinfo/2063
NCPPB 2064	v1+v2+v3	yes	yes	yes	unchanged	changed	changed		alternative_names	alternative_names	Xanthomonas citri (ex Hasse 1915) Gabriel et al. 1989	Xanthomonas citri (ex Hasse 1915) Gabriel et al. 1989	Xanthomonas citri (ex Hasse 1915) Gabriel et al. 1989	https://ncppb.fera.co.uk/furtherinfo/2064
NCPPB 2066	v1+v2+v3	yes	yes	yes	changed	unchanged	changed	name_as_received		name_as_received	Xanthomonas axonopodis pv. phyllanthi (Sabet et al. 1969) Vauterin et al 1995	Xanthomonas axonopodis pv. phyllanthi (Sabet et al. 1969) Vauterin et al 1995	Xanthomonas axonopodis pv. phyllanthi (Sabet et al. 1969) Vauterin et al 1995	https://ncppb.fera.co.uk/furtherinfo/2066
NCPPB 2067	v1+v2+v3	yes	yes	yes	unchanged	changed	changed		alternative_names	alternative_names	Xanthomonas euvesicatoria pv. euphorbiae (Sabet et al.1969) Harrison et al. 2023	Xanthomonas euvesicatoria pv. euphorbiae (Sabet et al.1969) Harrison et al. 2023	Xanthomonas euvesicatoria pv. euphorbiae (Sabet et al.1969) Harrison et al. 2023	https://ncppb.fera.co.uk/furtherinfo/2067
NCPPB 2095	v1+v2+v3	yes	yes	yes	unchanged	unchanged	unchanged				Xanthomonas hyacinthi (Wakker 1883) Vauterin et al. 1995	Xanthomonas hyacinthi (Wakker 1883) Vauterin et al. 1995	Xanthomonas hyacinthi (Wakker 1883) Vauterin et al. 1995	https://ncppb.fera.co.uk/furtherinfo/2095
NCPPB 2097	v1+v2+v3	yes	yes	yes	unchanged	changed	changed		alternative_names	alternative_names	Xanthomonas euvesicatoria pv. vernoniae (Patel et al. 1968) Harrison et al. 2023	Xanthomonas euvesicatoria pv. vernoniae (Patel et al. 1968) Harrison et al. 2023	Xanthomonas euvesicatoria pv. vernoniae (Patel et al. 1968) Harrison et al. 2023	https://ncppb.fera.co.uk/furtherinfo/2097
NCPPB 2099	v1+v2+v3	yes	yes	yes	unchanged	unchanged	unchanged				Xanthomonas campestris pv. zantedeschiae (Joubert & Truter 1972) Dye 1978	Xanthomonas campestris pv. zantedeschiae (Joubert & Truter 1972) Dye 1978	Xanthomonas campestris pv. zantedeschiae (Joubert & Truter 1972) Dye 1978	https://ncppb.fera.co.uk/furtherinfo/2099
NCPPB 2147	v1+v2+v3	yes	yes	yes	unchanged	unchanged	unchanged				Pseudomonas sp. Migula 1894	Pseudomonas sp. Migula 1894	Pseudomonas sp. Migula 1894	https://ncppb.fera.co.uk/furtherinfo/2147
NCPPB 2181	v1+v2+v3	yes	yes	yes	unchanged	unchanged	unchanged				Xanthomonas translucens pv. translucens (Jones et al. 1917) Vauterin et al. 1995	Xanthomonas translucens pv. translucens (Jones et al. 1917) Vauterin et al. 1995	Xanthomonas translucens pv. translucens (Jones et al. 1917) Vauterin et al. 1995	https://ncppb.fera.co.uk/furtherinfo/2181
NCPPB 2182	v1+v2+v3	yes	yes	yes	unchanged	unchanged	unchanged				Xanthomonas campestris pv. gummisudans (McCulloch 1924) Dye 1978	Xanthomonas campestris pv. gummisudans (McCulloch 1924) Dye 1978	Xanthomonas campestris pv. gummisudans (McCulloch 1924) Dye 1978	https://ncppb.fera.co.uk/furtherinfo/2182
NCPPB 2183	v1+v2+v3	yes	yes	yes	unchanged	unchanged	unchanged				Xanthomonas hyacinthi (Wakker 1883) Vauterin et al. 1995	Xanthomonas hyacinthi (Wakker 1883) Vauterin et al. 1995	Xanthomonas hyacinthi (Wakker 1883) Vauterin et al. 1995	https://ncppb.fera.co.uk/furtherinfo/2183
NCPPB 2190	v1+v2+v3	yes	yes	yes	unchanged	unchanged	unchanged				Xanthomonas campestris pv. esculenti (Rangasami & Eswaran 1962) Dye 1978	Xanthomonas campestris pv. esculenti (Rangasami & Eswaran 1962) Dye 1978	Xanthomonas campestris pv. esculenti (Rangasami & Eswaran 1962) Dye 1978	https://ncppb.fera.co.uk/furtherinfo/2190
NCPPB 2217	v1+v2+v3	yes	yes	yes	unchanged	unchanged	unchanged				Xylophilus ampelinus (Panagopoulos 1969) Willems et al. 1987	Xylophilus ampelinus (Panagopoulos 1969) Willems et al. 1987	Xylophilus ampelinus (Panagopoulos 1969) Willems et al. 1987	https://ncppb.fera.co.uk/furtherinfo/2217
NCPPB 2218	v1+v2+v3	yes	yes	yes	unchanged	unchanged	unchanged				Xylophilus ampelinus (Panagopoulos 1969) Willems et al. 1987	Xylophilus ampelinus (Panagopoulos 1969) Willems et al. 1987	Xylophilus ampelinus (Panagopoulos 1969) Willems et al. 1987	https://ncppb.fera.co.uk/furtherinfo/2218
NCPPB 2226	v1+v2+v3	yes	yes	yes	unchanged	unchanged	unchanged				Xanthomonas axonopodis pv. begoniae (Takimoto 1934) Vauterin et al. 1995	Xanthomonas axonopodis pv. begoniae (Takimoto 1934) Vauterin et al. 1995	Xanthomonas axonopodis pv. begoniae (Takimoto 1934) Vauterin et al. 1995	https://ncppb.fera.co.uk/furtherinfo/2226
NCPPB 2228	v1+v2+v3	yes	yes	yes	unchanged	unchanged	unchanged				Xanthomonas axonopodis pv. biophyti (Patel et al.1969) Vauterin et al. 1995	Xanthomonas axonopodis pv. biophyti (Patel et al.1969) Vauterin et al. 1995	Xanthomonas axonopodis pv. biophyti (Patel et al.1969) Vauterin et al. 1995	https://ncppb.fera.co.uk/furtherinfo/2228
NCPPB 2229	v1+v2+v3	yes	yes	yes	unchanged	unchanged	unchanged				Xanthomonas campestris pv. leeana (Patel & Kofasthane 1969) Dye 1978	Xanthomonas campestris pv. leeana (Patel & Kofasthane 1969) Dye 1978	Xanthomonas campestris pv. leeana (Patel & Kofasthane 1969) Dye 1978	https://ncppb.fera.co.uk/furtherinfo/2229
NCPPB 2230	v1+v2+v3	yes	yes	yes	unchanged	unchanged	unchanged				Xanthomonas axonopodis pv. fascicularis (Patel & Kotasthane 1969) Vauterin et al. 1995	Xanthomonas axonopodis pv. fascicularis (Patel & Kotasthane 1969) Vauterin et al. 1995	Xanthomonas axonopodis pv. fascicularis (Patel & Kotasthane 1969) Vauterin et al. 1995	https://ncppb.fera.co.uk/furtherinfo/2230
NCPPB 2247	v1+v2+v3	yes	yes	yes	unchanged	unchanged	unchanged				Xanthomonas albilineans (Ashby 1929) Dowson 1943	Xanthomonas albilineans (Ashby 1929) Dowson 1943	Xanthomonas albilineans (Ashby 1929) Dowson 1943	https://ncppb.fera.co.uk/furtherinfo/2247
NCPPB 2248	v1+v2+v3	yes	yes	yes	unchanged	changed	changed		alternative_names	alternative_names	Xanthomonas hortorum pv. vitians Morinière et al. 2020	Xanthomonas hortorum pv. vitians Morinière et al. 2020	Xanthomonas hortorum pv. vitians Morinière et al. 2020	https://ncppb.fera.co.uk/furtherinfo/2248
NCPPB 2249	v1+v2+v3	yes	yes	yes	unchanged	unchanged	unchanged				Xanthomonas albilineans (Ashby 1929) Dowson 1943	Xanthomonas albilineans (Ashby 1929) Dowson 1943	Xanthomonas albilineans (Ashby 1929) Dowson 1943	https://ncppb.fera.co.uk/furtherinfo/2249
NCPPB 2250	v1+v2+v3	yes	yes	yes	unchanged	changed	changed		alternative_names	alternative_names; notes	Xanthomonas sp.	Xanthomonas sp.	Xanthomonas sp.	https://ncppb.fera.co.uk/furtherinfo/2250
NCPPB 2251	v1+v2+v3	yes	yes	yes	unchanged	changed	changed		alternative_names	alternative_names	Xanthomonas vasicola pv. musacearum (Yirgou & Bradbury 1968) Dye 1978	Xanthomonas vasicola pv. musacearum (Yirgou & Bradbury 1968) Dye 1978	Xanthomonas vasicola pv. musacearum (Yirgou & Bradbury 1968) Dye 1978	https://ncppb.fera.co.uk/furtherinfo/2251
NCPPB 2255	v1+v2+v3	yes	yes	yes	unchanged	changed	changed		alternative_names	alternative_names	Xanthomonas phaseoli pv. syngonii (Dickey & Zumoff 1987) Constantin et al. 2016 comb. nov.	Xanthomonas phaseoli pv. syngonii (Dickey & Zumoff 1987) Constantin et al. 2016 comb. nov.	Xanthomonas phaseoli pv. syngonii (Dickey & Zumoff 1987) Constantin et al. 2016 comb. nov.	https://ncppb.fera.co.uk/furtherinfo/2255
NCPPB 2257	v1+v2+v3	yes	yes	yes	unchanged	unchanged	unchanged				Xanthomonas albilineans (Ashby 1929) Dowson 1943	Xanthomonas albilineans (Ashby 1929) Dowson 1943	Xanthomonas albilineans (Ashby 1929) Dowson 1943	https://ncppb.fera.co.uk/furtherinfo/2257
NCPPB 2258	v1+v2+v3	yes	yes	yes	unchanged	unchanged	unchanged				Xanthomonas albilineans (Ashby 1929) Dowson 1943	Xanthomonas albilineans (Ashby 1929) Dowson 1943	Xanthomonas albilineans (Ashby 1929) Dowson 1943	https://ncppb.fera.co.uk/furtherinfo/2258
NCPPB 2269	v1+v2+v3	yes	yes	yes	unchanged	unchanged	unchanged				Xanthomonas hortorum pv. pelargonii (Brown 1923) Vauterin et al. 1995	Xanthomonas hortorum pv. pelargonii (Brown 1923) Vauterin et al. 1995	Xanthomonas hortorum pv. pelargonii (Brown 1923) Vauterin et al. 1995	https://ncppb.fera.co.uk/furtherinfo/2269
NCPPB 2275	v3	no	no	yes	not_in_pair	added	added						Pantoea stewartii subsp. indologenes Mergaert et al. 1993	https://ncppb.fera.co.uk/furtherinfo/2275
NCPPB 2276	v3	no	no	yes	not_in_pair	added	added						Pantoea anthophila Gavini et al. 1989	https://ncppb.fera.co.uk/furtherinfo/2276
NCPPB 2279	v3	no	no	yes	not_in_pair	added	added						Pantoea dispersa Gavini et al. 1989	https://ncppb.fera.co.uk/furtherinfo/2279
NCPPB 2280	v3	no	no	yes	not_in_pair	added	added						Pantoea stewartii subsp. indologenes Mergaert et al. 1993	https://ncppb.fera.co.uk/furtherinfo/2280
NCPPB 2281	v3	no	no	yes	not_in_pair	added	added						Pantoea stewartii subsp. indologenes Mergaert et al. 1993	https://ncppb.fera.co.uk/furtherinfo/2281
NCPPB 2282	v3	no	no	yes	not_in_pair	added	added						Pantoea stewartii subsp. indologenes Mergaert et al. 1993	https://ncppb.fera.co.uk/furtherinfo/2282
NCPPB 2285	v3	no	no	yes	not_in_pair	added	added						Pantoea dispersa Gavini et al. 1989	https://ncppb.fera.co.uk/furtherinfo/2285
NCPPB 2297	v1+v2+v3	yes	yes	yes	unchanged	changed	changed		alternative_names	alternative_names; notes	Xanthomonas sp. Dowson 1939	Xanthomonas sp. Dowson 1939	Xanthomonas sp. Dowson 1939	https://ncppb.fera.co.uk/furtherinfo/2297
NCPPB 2336	v1+v2+v3	yes	yes	yes	unchanged	unchanged	unchanged				Xanthomonas hortorum pv. hederae (Arnaud 1920) Vauterin et al. 1995	Xanthomonas hortorum pv. hederae (Arnaud 1920) Vauterin et al. 1995	Xanthomonas hortorum pv. hederae (Arnaud 1920) Vauterin et al. 1995	https://ncppb.fera.co.uk/furtherinfo/2336
NCPPB 2337	v1+v2+v3	yes	yes	yes	unchanged	unchanged	unchanged				Xanthomonas dyei pv. eucalypti (Truman 1974) Young et al. 2010	Xanthomonas dyei pv. eucalypti (Truman 1974) Young et al. 2010	Xanthomonas dyei pv. eucalypti (Truman 1974) Young et al. 2010	https://ncppb.fera.co.uk/furtherinfo/2337
NCPPB 2338	v1+v2+v3	yes	yes	yes	unchanged	unchanged	unchanged				Xanthomonas dyei pv. eucalypti (Truman 1974) Young et al. 2010	Xanthomonas dyei pv. eucalypti (Truman 1974) Young et al. 2010	Xanthomonas dyei pv. eucalypti (Truman 1974) Young et al. 2010	https://ncppb.fera.co.uk/furtherinfo/2338
NCPPB 2345	v1+v2+v3	yes	yes	yes	unchanged	changed	changed		alternative_names	alternative_names	Xanthomonas campestris (Pammel 1895) Dowson 1939	Xanthomonas campestris (Pammel 1895) Dowson 1939	Xanthomonas campestris (Pammel 1895) Dowson 1939	https://ncppb.fera.co.uk/furtherinfo/2345
NCPPB 2346	v1+v2+v3	yes	yes	yes	unchanged	changed	changed		alternative_names	alternative_names	Xanthomonas phaseoli pv. passiflorae (Pereira 1969) Harrison et al. 2023	Xanthomonas phaseoli pv. passiflorae (Pereira 1969) Harrison et al. 2023	Xanthomonas phaseoli pv. passiflorae (Pereira 1969) Harrison et al. 2023	https://ncppb.fera.co.uk/furtherinfo/2346
NCPPB 2352	v1+v2+v3	yes	yes	yes	unchanged	changed	changed		alternative_names	alternative_names	Xanthomonas axonopodis pv. maculifoliigardeniae (Ark & Barrett 1946) Vauterin et al. 1995	Xanthomonas axonopodis pv. maculifoliigardeniae (Ark & Barrett 1946) Vauterin et al. 1995	Xanthomonas axonopodis pv. maculifoliigardeniae (Ark & Barrett 1946) Vauterin et al. 1995	https://ncppb.fera.co.uk/furtherinfo/2352
NCPPB 2368	v1+v2+v3	yes	yes	yes	unchanged	unchanged	unchanged				Xanthomonas axonopodis pv. pedalii (Patel & Jindal 1972) Vauterin et al. 1995	Xanthomonas axonopodis pv. pedalii (Patel & Jindal 1972) Vauterin et al. 1995	Xanthomonas axonopodis pv. pedalii (Patel & Jindal 1972) Vauterin et al. 1995	https://ncppb.fera.co.uk/furtherinfo/2368
NCPPB 2369	v1+v2+v3	yes	yes	yes	unchanged	unchanged	unchanged				Xanthomonas axonopodis pv. ricini (Yoshi & Takimoto 1928) Vauterin et al. 1995	Xanthomonas axonopodis pv. ricini (Yoshi & Takimoto 1928) Vauterin et al. 1995	Xanthomonas axonopodis pv. ricini (Yoshi & Takimoto 1928) Vauterin et al. 1995	https://ncppb.fera.co.uk/furtherinfo/2369
NCPPB 2370	v1+v2+v3	yes	yes	yes	unchanged	changed	changed		alternative_names	alternative_names	Xanthomonas euvesicatoria pv. heliotropii (Sabet et al.1969) Harrison et al. 2023	Xanthomonas euvesicatoria pv. heliotropii (Sabet et al.1969) Harrison et al. 2023	Xanthomonas euvesicatoria pv. heliotropii (Sabet et al.1969) Harrison et al. 2023	https://ncppb.fera.co.uk/furtherinfo/2370
NCPPB 2371	v1+v2+v3	yes	yes	yes	unchanged	changed	changed		alternative_names	alternative_names	Xanthomonas euvesicatoria pv. amorphophalli (Jindal et al. 1972) Constantin et al. 2016 comb. nov.	Xanthomonas euvesicatoria pv. amorphophalli (Jindal et al. 1972) Constantin et al. 2016 comb. nov.	Xanthomonas euvesicatoria pv. amorphophalli (Jindal et al. 1972) Constantin et al. 2016 comb. nov.	https://ncppb.fera.co.uk/furtherinfo/2371
NCPPB 2372	v1+v2+v3	yes	yes	yes	unchanged	changed	changed		alternative_names	alternative_names	Xanthomonas euvesicatoria pv. fici (Cavara 1905) Harrison et al. 2023	Xanthomonas euvesicatoria pv. fici (Cavara 1905) Harrison et al. 2023	Xanthomonas euvesicatoria pv. fici (Cavara 1905) Harrison et al. 2023	https://ncppb.fera.co.uk/furtherinfo/2372
NCPPB 2373	v1+v2+v3	yes	yes	yes	unchanged	changed	changed		alternative_names	alternative_names	Xanthomonas euvesicatoria pv. carissae (Moniz et al. 1964) Harrison et al. 2023	Xanthomonas euvesicatoria pv. carissae (Moniz et al. 1964) Harrison et al. 2023	Xanthomonas euvesicatoria pv. carissae (Moniz et al. 1964) Harrison et al. 2023	https://ncppb.fera.co.uk/furtherinfo/2373
NCPPB 2374	v1+v2+v3	yes	yes	yes	unchanged	changed	changed		alternative_names	alternative_names	Xanthomonas euvesicatoria pv. carissae (Moniz et al. 1964) Harrison et al. 2023	Xanthomonas euvesicatoria pv. carissae (Moniz et al. 1964) Harrison et al. 2023	Xanthomonas euvesicatoria pv. carissae (Moniz et al. 1964) Harrison et al. 2023	https://ncppb.fera.co.uk/furtherinfo/2374
NCPPB 2375	v1+v2+v3	yes	yes	yes	unchanged	changed	changed		alternative_names	alternative_names	Xanthomonas axonopodis pv. axonopodis Starr & Garces 1950	Xanthomonas axonopodis pv. axonopodis Starr & Garces 1950	Xanthomonas axonopodis pv. axonopodis Starr & Garces 1950	https://ncppb.fera.co.uk/furtherinfo/2375
NCPPB 2376	v1+v2+v3	yes	yes	yes	unchanged	changed	changed		alternative_names	alternative_names	Xanthomonas axonopodis pv. axonopodis Starr & Garces 1950	Xanthomonas axonopodis pv. axonopodis Starr & Garces 1950	Xanthomonas axonopodis pv. axonopodis Starr & Garces 1950	https://ncppb.fera.co.uk/furtherinfo/2376
NCPPB 2387	v1+v2+v3	yes	yes	yes	unchanged	changed	changed		alternative_names	alternative_names	Xanthomonas citri pv. mangiferaeindicae (Patel et al. 1948) Constantin et al. 2016 comb. nov.	Xanthomonas citri pv. mangiferaeindicae (Patel et al. 1948) Constantin et al. 2016 comb. nov.	Xanthomonas citri pv. mangiferaeindicae (Patel et al. 1948) Constantin et al. 2016 comb. nov.	https://ncppb.fera.co.uk/furtherinfo/2387
NCPPB 2388	v1+v2+v3	yes	yes	yes	unchanged	changed	changed		host	host	Xanthomonas campestris pv. azadirachtae (Desai et al.1966) Dye 1978	Xanthomonas campestris pv. azadirachtae (Desai et al.1966) Dye 1978	Xanthomonas campestris pv. azadirachtae (Desai et al.1966) Dye 1978	https://ncppb.fera.co.uk/furtherinfo/2388
NCPPB 2389	v1+v2+v3	yes	yes	yes	unchanged	unchanged	unchanged				Xanthomonas translucens pv. translucens (Jones et al. 1917) Vauterin et al. 1995	Xanthomonas translucens pv. translucens (Jones et al. 1917) Vauterin et al. 1995	Xanthomonas translucens pv. translucens (Jones et al. 1917) Vauterin et al. 1995	https://ncppb.fera.co.uk/furtherinfo/2389
NCPPB 2393	v1+v2+v3	yes	yes	yes	unchanged	changed	changed		alternative_names	alternative_names	Xanthomonas euvesicatoria pv. alfalfae (ex Riker et al. 1935) Constantin et al. 2016 comb. nov.	Xanthomonas euvesicatoria pv. alfalfae (ex Riker et al. 1935) Constantin et al. 2016 comb. nov.	Xanthomonas euvesicatoria pv. alfalfae (ex Riker et al. 1935) Constantin et al. 2016 comb. nov.	https://ncppb.fera.co.uk/furtherinfo/2393
NCPPB 2417	v1+v2+v3	yes	yes	yes	unchanged	unchanged	unchanged				Xanthomonas vasicola pv. holcicola (Elliott 1930) Vauterin et al. 1995	Xanthomonas vasicola pv. holcicola (Elliott 1930) Vauterin et al. 1995	Xanthomonas vasicola pv. holcicola (Elliott 1930) Vauterin et al. 1995	https://ncppb.fera.co.uk/furtherinfo/2417
NCPPB 2436	v1+v2+v3	yes	yes	yes	unchanged	unchanged	unchanged				Xanthomonas campestris pv. arracaciae (Pereira et al.1971) Dye 1978	Xanthomonas campestris pv. arracaciae (Pereira et al.1971) Dye 1978	Xanthomonas campestris pv. arracaciae (Pereira et al.1971) Dye 1978	https://ncppb.fera.co.uk/furtherinfo/2436
NCPPB 2438	v1+v2+v3	yes	yes	yes	unchanged	changed	changed		alternative_names	alternative_names	Xanthomonas citri pv. mangiferaeindicae (Patel et al. 1948) Constantin et al. 2016 comb. nov.	Xanthomonas citri pv. mangiferaeindicae (Patel et al. 1948) Constantin et al. 2016 comb. nov.	Xanthomonas citri pv. mangiferaeindicae (Patel et al. 1948) Constantin et al. 2016 comb. nov.	https://ncppb.fera.co.uk/furtherinfo/2438
NCPPB 2439	v1+v2+v3	yes	yes	yes	unchanged	unchanged	unchanged				Xanthomonas campestris pv. zinniae (Hopkins & Dowson 1949) Dye 1978	Xanthomonas campestris pv. zinniae (Hopkins & Dowson 1949) Dye 1978	Xanthomonas campestris pv. zinniae (Hopkins & Dowson 1949) Dye 1978	https://ncppb.fera.co.uk/furtherinfo/2439
NCPPB 2443	v1+v2+v3	yes	yes	yes	unchanged	changed	changed		alternative_names	alternative_names	Xanthomonas phaseoli pv. manihotis (Bondar 1912) Constantin et al. 2016 comb. nov.	Xanthomonas phaseoli pv. manihotis (Bondar 1912) Constantin et al. 2016 comb. nov.	Xanthomonas phaseoli pv. manihotis (Bondar 1912) Constantin et al. 2016 comb. nov.	https://ncppb.fera.co.uk/furtherinfo/2443
NCPPB 2444	v1+v2+v3	yes	yes	yes	unchanged	changed	changed		alternative_names	alternative_names	Xanthomonas phaseoli pv. manihotis (Bondar 1912) Constantin et al. 2016 comb. nov.	Xanthomonas phaseoli pv. manihotis (Bondar 1912) Constantin et al. 2016 comb. nov.	Xanthomonas phaseoli pv. manihotis (Bondar 1912) Constantin et al. 2016 comb. nov.	https://ncppb.fera.co.uk/furtherinfo/2444
NCPPB 2446	v1+v2+v3	yes	yes	yes	unchanged	changed	changed		alternative_names	alternative_names	Xanthomonas oryzae pv. oryzae (Ishiyama 1922) Swings et al. 1990	Xanthomonas oryzae pv. oryzae (Ishiyama 1922) Swings et al. 1990	Xanthomonas oryzae pv. oryzae (Ishiyama 1922) Swings et al. 1990	https://ncppb.fera.co.uk/furtherinfo/2446
NCPPB 2473	v3	no	no	yes	not_in_pair	added	added						Xanthomonas fragariae Kennedy and King 1962	https://ncppb.fera.co.uk/furtherinfo/2473
NCPPB 2475	v1+v2+v3	yes	yes	yes	unchanged	unchanged	unchanged				Xanthomonas campestris pv. viticola (Nayudu 1972) Dye 1978	Xanthomonas campestris pv. viticola (Nayudu 1972) Dye 1978	Xanthomonas campestris pv. viticola (Nayudu 1972) Dye 1978	https://ncppb.fera.co.uk/furtherinfo/2475
NCPPB 2490	v1+v2+v3	yes	yes	yes	unchanged	unchanged	unchanged				Xanthomonas campestris pv. vitiswoodrowii (Patel & Kulkarni 1951) Dye 1978	Xanthomonas campestris pv. vitiswoodrowii (Patel & Kulkarni 1951) Dye 1978	Xanthomonas campestris pv. vitiswoodrowii (Patel & Kulkarni 1951) Dye 1978	https://ncppb.fera.co.uk/furtherinfo/2490
NCPPB 2492	v1+v2+v3	yes	yes	yes	unchanged	changed	changed		alternative_names	alternative_names	Xanthomonas euvesicatoria pv. clerodendri (Patel et al. 1952) Harrison et al. 2023	Xanthomonas euvesicatoria pv. clerodendri (Patel et al. 1952) Harrison et al. 2023	Xanthomonas euvesicatoria pv. clerodendri (Patel et al. 1952) Harrison et al. 2023	https://ncppb.fera.co.uk/furtherinfo/2492
NCPPB 2493	v1+v2+v3	yes	yes	yes	unchanged	changed	changed		alternative_names	alternative_names	Sphingomonas paucimobilis (Holmes et al.1977) Yabuchi et al. 1990	Sphingomonas paucimobilis (Holmes et al.1977) Yabuchi et al. 1990	Sphingomonas paucimobilis (Holmes et al.1977) Yabuchi et al. 1990	https://ncppb.fera.co.uk/furtherinfo/2493
NCPPB 2494	v1+v2+v3	yes	yes	yes	unchanged	unchanged	unchanged				Xanthomonas axonopodis pv. cyamopsidis (Patel et al.1953) Vauterin et al. 1995	Xanthomonas axonopodis pv. cyamopsidis (Patel et al.1953) Vauterin et al. 1995	Xanthomonas axonopodis pv. cyamopsidis (Patel et al.1953) Vauterin et al. 1995	https://ncppb.fera.co.uk/furtherinfo/2494
NCPPB 2495	v1+v2+v3	yes	yes	yes	unchanged	changed	changed		alternative_names	alternative_names	Xanthomonas citri pv. malvacearum (Smith 1901) Constantin et al. 2016 comb. nov.	Xanthomonas citri pv. malvacearum (Smith 1901) Constantin et al. 2016 comb. nov.	Xanthomonas citri pv. malvacearum (Smith 1901) Constantin et al. 2016 comb. nov.	https://ncppb.fera.co.uk/furtherinfo/2495
NCPPB 2496	v1+v2+v3	yes	yes	yes	unchanged	changed	changed		alternative_names	alternative_names	Xanthomonas euvesicatoria pv. sesami (Sabet & Dowson 1960) Constantin et al. 2016 comb. nov.	Xanthomonas euvesicatoria pv. sesami (Sabet & Dowson 1960) Constantin et al. 2016 comb. nov.	Xanthomonas euvesicatoria pv. sesami (Sabet & Dowson 1960) Constantin et al. 2016 comb. nov.	https://ncppb.fera.co.uk/furtherinfo/2496
NCPPB 2497	v1+v2+v3	yes	yes	yes	unchanged	changed	changed		alternative_names	alternative_names; notes	Xanthomonas sp. Dowson 1939	Xanthomonas sp. Dowson 1939	Xanthomonas sp. Dowson 1939	https://ncppb.fera.co.uk/furtherinfo/2497
NCPPB 2498	v1+v2+v3	yes	yes	yes	unchanged	changed	changed		alternative_names	alternative_names	Xanthomonas euvesicatoria pv. convolvuli (Nagarkoti et al.1973) Harrison et al. 2023	Xanthomonas euvesicatoria pv. convolvuli (Nagarkoti et al.1973) Harrison et al. 2023	Xanthomonas euvesicatoria pv. convolvuli (Nagarkoti et al.1973) Harrison et al. 2023	https://ncppb.fera.co.uk/furtherinfo/2498
NCPPB 2499	v1+v2+v3	yes	yes	yes	unchanged	changed	changed		alternative_names	alternative_names	Xanthomonas citri pv. aracearum (Berniac 1974) Constantin et al. 2016 comb. nov.	Xanthomonas citri pv. aracearum (Berniac 1974) Constantin et al. 2016 comb. nov.	Xanthomonas citri pv. aracearum (Berniac 1974) Constantin et al. 2016 comb. nov.	https://ncppb.fera.co.uk/furtherinfo/2499
NCPPB 2503	v1+v2+v3	yes	yes	yes	unchanged	unchanged	unchanged				Xanthomonas albilineans (Ashby 1929) Dowson 1943	Xanthomonas albilineans (Ashby 1929) Dowson 1943	Xanthomonas albilineans (Ashby 1929) Dowson 1943	https://ncppb.fera.co.uk/furtherinfo/2503
NCPPB 2517	v1+v2+v3	yes	yes	yes	unchanged	unchanged	unchanged				Xanthomonas campestris (Pammel 1895) Dowson 1939	Xanthomonas campestris (Pammel 1895) Dowson 1939	Xanthomonas campestris (Pammel 1895) Dowson 1939	https://ncppb.fera.co.uk/furtherinfo/2517
NCPPB 2550	v1+v2+v3	yes	yes	yes	unchanged	changed	changed		alternative_names	alternative_names	Xanthomonas phaseoli pv. manihotis (Bondar 1912) Constantin et al. 2016 comb. nov.	Xanthomonas phaseoli pv. manihotis (Bondar 1912) Constantin et al. 2016 comb. nov.	Xanthomonas phaseoli pv. manihotis (Bondar 1912) Constantin et al. 2016 comb. nov.	https://ncppb.fera.co.uk/furtherinfo/2550
NCPPB 2567	v1+v2+v3	yes	yes	yes	unchanged	unchanged	unchanged				Xanthomonas cucurbitae (ex Bryan 1926) Vauterin et al. 1995	Xanthomonas cucurbitae (ex Bryan 1926) Vauterin et al. 1995	Xanthomonas cucurbitae (ex Bryan 1926) Vauterin et al. 1995	https://ncppb.fera.co.uk/furtherinfo/2567
NCPPB 2572	v1+v2+v3	yes	yes	yes	unchanged	changed	changed		alternative_names	alternative_names	Xanthomonas vesicatoria (ex Doidge 1920) Vauterin et al. 1995	Xanthomonas vesicatoria (ex Doidge 1920) Vauterin et al. 1995	Xanthomonas vesicatoria (ex Doidge 1920) Vauterin et al. 1995	https://ncppb.fera.co.uk/furtherinfo/2572
NCPPB 2573	v1+v2+v3	yes	yes	yes	unchanged	changed	changed		alternative_names	alternative_names	Xanthomonas euvesicatoria pv. euvesicatoria (Jones et al. 2006) Constantin et al. 2016 comb. nov.	Xanthomonas euvesicatoria pv. euvesicatoria (Jones et al. 2006) Constantin et al. 2016 comb. nov.	Xanthomonas euvesicatoria pv. euvesicatoria (Jones et al. 2006) Constantin et al. 2016 comb. nov.	https://ncppb.fera.co.uk/furtherinfo/2573
NCPPB 2574	v1+v2+v3	yes	yes	yes	unchanged	changed	changed		alternative_names	alternative_names	Xanthomonas euvesicatoria pv. euvesicatoria (Jones et al. 2006) Constantin et al. 2016 comb. nov.	Xanthomonas euvesicatoria pv. euvesicatoria (Jones et al. 2006) Constantin et al. 2016 comb. nov.	Xanthomonas euvesicatoria pv. euvesicatoria (Jones et al. 2006) Constantin et al. 2016 comb. nov.	https://ncppb.fera.co.uk/furtherinfo/2574
NCPPB 2575	v1+v2+v3	yes	yes	yes	unchanged	changed	changed		alternative_names	alternative_names	Xanthomonas euvesicatoria pv. euvesicatoria (Jones et al. 2006) Constantin et al. 2016 comb. nov.	Xanthomonas euvesicatoria pv. euvesicatoria (Jones et al. 2006) Constantin et al. 2016 comb. nov.	Xanthomonas euvesicatoria pv. euvesicatoria (Jones et al. 2006) Constantin et al. 2016 comb. nov.	https://ncppb.fera.co.uk/furtherinfo/2575
NCPPB 2576	v1+v2+v3	yes	yes	yes	unchanged	changed	changed		alternative_names	alternative_names	Xanthomonas vesicatoria (ex Doidge 1920) Vauterin et al. 1995	Xanthomonas vesicatoria (ex Doidge 1920) Vauterin et al. 1995	Xanthomonas vesicatoria (ex Doidge 1920) Vauterin et al. 1995	https://ncppb.fera.co.uk/furtherinfo/2576
NCPPB 2586	v1+v2+v3	yes	yes	yes	unchanged	changed	changed		current_name; alternative_names	current_name; alternative_names; notes	Xanthomonas sp. Dowson 1939	Xanthomonas sp. Dowson 1939	Xanthomonas campestris (Pammel 1895) Dowson 1939 (Approved Lists 1980)	https://ncppb.fera.co.uk/furtherinfo/2586
NCPPB 2587	v1+v2+v3	yes	yes	yes	unchanged	unchanged	unchanged				Xanthomonas arboricola pv. pruni (Smith 1903) Vauterin et al. 1995	Xanthomonas arboricola pv. pruni (Smith 1903) Vauterin et al. 1995	Xanthomonas arboricola pv. pruni (Smith 1903) Vauterin et al. 1995	https://ncppb.fera.co.uk/furtherinfo/2587
NCPPB 2588	v1+v2+v3	yes	yes	yes	unchanged	unchanged	unchanged				Xanthomonas arboricola pv. pruni (Smith 1903) Vauterin et al. 1995	Xanthomonas arboricola pv. pruni (Smith 1903) Vauterin et al. 1995	Xanthomonas arboricola pv. pruni (Smith 1903) Vauterin et al. 1995	https://ncppb.fera.co.uk/furtherinfo/2588
NCPPB 2592	v1+v2+v3	yes	yes	yes	unchanged	changed	changed		alternative_names	alternative_names	Xanthomonas euvesicatoria pv. betae (Robbs et al. 1981) Constantin et al. 2016 comb. nov.	Xanthomonas euvesicatoria pv. betae (Robbs et al. 1981) Constantin et al. 2016 comb. nov.	Xanthomonas euvesicatoria pv. betae (Robbs et al. 1981) Constantin et al. 2016 comb. nov.	https://ncppb.fera.co.uk/furtherinfo/2592
NCPPB 2593	v1+v2+v3	yes	yes	yes	unchanged	changed	changed		alternative_names	alternative_names	Xanthomonas euvesicatoria pv. euvesicatoria (Jones et al. 2006) Constantin et al. 2016 comb. nov.	Xanthomonas euvesicatoria pv. euvesicatoria (Jones et al. 2006) Constantin et al. 2016 comb. nov.	Xanthomonas euvesicatoria pv. euvesicatoria (Jones et al. 2006) Constantin et al. 2016 comb. nov.	https://ncppb.fera.co.uk/furtherinfo/2593
NCPPB 2594	v1+v2+v3	yes	yes	yes	unchanged	changed	changed		alternative_names	alternative_names	Xanthomonas euvesicatoria pv. euvesicatoria (Jones et al. 2006) Constantin et al. 2016 comb. nov.	Xanthomonas euvesicatoria pv. euvesicatoria (Jones et al. 2006) Constantin et al. 2016 comb. nov.	Xanthomonas euvesicatoria pv. euvesicatoria (Jones et al. 2006) Constantin et al. 2016 comb. nov.	https://ncppb.fera.co.uk/furtherinfo/2594
NCPPB 2595	v1+v2+v3	yes	yes	yes	unchanged	changed	changed		alternative_names	alternative_names	Xanthomonas vesicatoria (ex Doidge 1920) Vauterin et al. 1995	Xanthomonas vesicatoria (ex Doidge 1920) Vauterin et al. 1995	Xanthomonas vesicatoria (ex Doidge 1920) Vauterin et al. 1995	https://ncppb.fera.co.uk/furtherinfo/2595
NCPPB 2597	v1+v2+v3	yes	yes	yes	unchanged	unchanged	unchanged				Xanthomonas cucurbitae (ex Bryan 1926) Vauterin et al. 1995	Xanthomonas cucurbitae (ex Bryan 1926) Vauterin et al. 1995	Xanthomonas cucurbitae (ex Bryan 1926) Vauterin et al. 1995	https://ncppb.fera.co.uk/furtherinfo/2597
NCPPB 2605	v1+v2+v3	yes	yes	yes	unchanged	unchanged	unchanged				Xanthomonas axonopodis pv. begoniae (Takimoto 1934) Vauterin et al. 1995	Xanthomonas axonopodis pv. begoniae (Takimoto 1934) Vauterin et al. 1995	Xanthomonas axonopodis pv. begoniae (Takimoto 1934) Vauterin et al. 1995	https://ncppb.fera.co.uk/furtherinfo/2605
NCPPB 2614	v1+v2+v3	yes	yes	yes	unchanged	unchanged	unchanged				Xanthomonas campestris pv. viticola (Nayudu 1972) Dye 1978	Xanthomonas campestris pv. viticola (Nayudu 1972) Dye 1978	Xanthomonas campestris pv. viticola (Nayudu 1972) Dye 1978	https://ncppb.fera.co.uk/furtherinfo/2614
NCPPB 2615	v1+v2+v3	yes	yes	yes	unchanged	unchanged	unchanged				Xanthomonas campestris pv. viticola (Nayudu 1972) Dye 1978	Xanthomonas campestris pv. viticola (Nayudu 1972) Dye 1978	Xanthomonas campestris pv. viticola (Nayudu 1972) Dye 1978	https://ncppb.fera.co.uk/furtherinfo/2615
NCPPB 2616	v1+v2+v3	yes	yes	yes	unchanged	unchanged	unchanged				Xanthomonas campestris pv. viticola (Nayudu 1972) Dye 1978	Xanthomonas campestris pv. viticola (Nayudu 1972) Dye 1978	Xanthomonas campestris pv. viticola (Nayudu 1972) Dye 1978	https://ncppb.fera.co.uk/furtherinfo/2616
NCPPB 2632	v1+v2+v3	yes	yes	yes	unchanged	changed	changed		alternative_names	alternative_names	Xanthomonas sp. Dowson 1939	Xanthomonas sp. Dowson 1939	Xanthomonas sp. Dowson 1939	https://ncppb.fera.co.uk/furtherinfo/2632
NCPPB 2649	v1+v2+v3	yes	yes	yes	unchanged	changed	changed		alternative_names	alternative_names	Xanthomonas vasicola pv. arecae (Rao & Mohan 1970) Dye 1978. emend. Studholme et al., 2020	Xanthomonas vasicola pv. arecae (Rao & Mohan 1970) Dye 1978. emend. Studholme et al., 2020	Xanthomonas vasicola pv. arecae (Rao & Mohan 1970) Dye 1978. emend. Studholme et al., 2020	https://ncppb.fera.co.uk/furtherinfo/2649
NCPPB 2654	v1+v2+v3	yes	yes	yes	unchanged	changed	changed		alternative_names	alternative_names; notes	Xanthomonas sp. Dowson 1939	Xanthomonas sp. Dowson 1939	Xanthomonas sp. Dowson 1939	https://ncppb.fera.co.uk/furtherinfo/2654
NCPPB 2665	v1+v2+v3	yes	yes	yes	unchanged	changed	changed		alternative_names	alternative_names	Xanthomonas citri pv. fuscans (Schaad et al. 2007) Constantin et al. 2016 comb. nov.	Xanthomonas citri pv. fuscans (Schaad et al. 2007) Constantin et al. 2016 comb. nov.	Xanthomonas citri pv. fuscans (Schaad et al. 2007) Constantin et al. 2016 comb. nov.	https://ncppb.fera.co.uk/furtherinfo/2665
NCPPB 2695	v1+v2+v3	yes	yes	yes	unchanged	changed	changed		alternative_names	alternative_names	Xanthomonas graminis pv. graminis Tambong et al. 2024	Xanthomonas graminis pv. graminis Tambong et al. 2024	Xanthomonas graminis pv. graminis Tambong et al. 2024	https://ncppb.fera.co.uk/furtherinfo/2695
NCPPB 2696	v1+v2+v3	yes	yes	yes	unchanged	changed	changed		alternative_names	alternative_names	Xanthomonas graminis pv. graminis Tambong et al. 2024	Xanthomonas graminis pv. graminis Tambong et al. 2024	Xanthomonas graminis pv. graminis Tambong et al. 2024	https://ncppb.fera.co.uk/furtherinfo/2696
NCPPB 2697	v1+v2+v3	yes	yes	yes	unchanged	changed	changed		alternative_names	alternative_names	Xanthomonas graminis pv. graminis Tambong et al. 2024	Xanthomonas graminis pv. graminis Tambong et al. 2024	Xanthomonas graminis pv. graminis Tambong et al. 2024	https://ncppb.fera.co.uk/furtherinfo/2697
NCPPB 2698	v1+v2+v3	yes	yes	yes	unchanged	changed	changed		alternative_names	alternative_names	Xanthomonas graminis pv. graminis Tambong et al. 2024	Xanthomonas graminis pv. graminis Tambong et al. 2024	Xanthomonas graminis pv. graminis Tambong et al. 2024	https://ncppb.fera.co.uk/furtherinfo/2698
NCPPB 2699	v1+v2+v3	yes	yes	yes	unchanged	changed	changed		alternative_names	alternative_names	Xanthomonas graminis pv. arrhenatheri Tambong et al. 2024	Xanthomonas graminis pv. arrhenatheri Tambong et al. 2024	Xanthomonas graminis pv. arrhenatheri Tambong et al. 2024	https://ncppb.fera.co.uk/furtherinfo/2699
NCPPB 2700	v1+v2+v3	yes	yes	yes	unchanged	changed	changed		alternative_names	alternative_names	Xanthomonas graminis pv. graminis Tambong et al. 2024	Xanthomonas graminis pv. graminis Tambong et al. 2024	Xanthomonas graminis pv. graminis Tambong et al. 2024	https://ncppb.fera.co.uk/furtherinfo/2700
NCPPB 2701	v1+v2+v3	yes	yes	yes	unchanged	changed	changed		alternative_names	alternative_names	Xanthomonas graminis pv. graminis Tambong et al. 2024	Xanthomonas graminis pv. graminis Tambong et al. 2024	Xanthomonas graminis pv. graminis Tambong et al. 2024	https://ncppb.fera.co.uk/furtherinfo/2701
NCPPB 2817	v1+v2+v3	yes	yes	yes	unchanged	changed	changed		alternative_names	alternative_names	Xanthomonas cerealis pv. cerealis Tambong et al. 2024	Xanthomonas cerealis pv. cerealis Tambong et al. 2024	Xanthomonas cerealis pv. cerealis Tambong et al. 2024	https://ncppb.fera.co.uk/furtherinfo/2817
NCPPB 2819	v1+v2+v3	yes	yes	yes	unchanged	changed	changed		alternative_names	alternative_names	Xanthomonas cerealis pv. cerealis Tambong et al. 2024	Xanthomonas cerealis pv. cerealis Tambong et al. 2024	Xanthomonas cerealis pv. cerealis Tambong et al. 2024	https://ncppb.fera.co.uk/furtherinfo/2819
NCPPB 2820	v1+v2+v3	yes	yes	yes	unchanged	unchanged	unchanged				Xanthomonas translucens pv. translucens (Jones et al. 1917) Vauterin et al. 1995	Xanthomonas translucens pv. translucens (Jones et al. 1917) Vauterin et al. 1995	Xanthomonas translucens pv. translucens (Jones et al. 1917) Vauterin et al. 1995	https://ncppb.fera.co.uk/furtherinfo/2820
NCPPB 2821	v1+v2+v3	yes	yes	yes	changed	unchanged	changed	name_as_received		name_as_received	Xanthomonas translucens pv. undulosa (Smith et al. 1919) Vauterin et al. 1995	Xanthomonas translucens pv. undulosa (Smith et al. 1919) Vauterin et al. 1995	Xanthomonas translucens pv. undulosa (Smith et al. 1919) Vauterin et al. 1995	https://ncppb.fera.co.uk/furtherinfo/2821
NCPPB 2822	v1+v2+v3	yes	yes	yes	changed	unchanged	changed	name_as_received		name_as_received	Xanthomonas translucens pv. secalis (Reddy et al. 1924) Vauterin et al. 1995	Xanthomonas translucens pv. secalis (Reddy et al. 1924) Vauterin et al. 1995	Xanthomonas translucens pv. secalis (Reddy et al. 1924) Vauterin et al. 1995	https://ncppb.fera.co.uk/furtherinfo/2822
NCPPB 2825	v1+v2+v3	yes	yes	yes	changed	unchanged	changed	name_as_received		name_as_received	Xanthomonas translucens pv. undulosa (Smith et al. 1919) Vauterin et al. 1995	Xanthomonas translucens pv. undulosa (Smith et al. 1919) Vauterin et al. 1995	Xanthomonas translucens pv. undulosa (Smith et al. 1919) Vauterin et al. 1995	https://ncppb.fera.co.uk/furtherinfo/2825
NCPPB 2826	v1+v2+v3	yes	yes	yes	changed	unchanged	changed	name_as_received		name_as_received	Xanthomonas translucens pv. undulosa (Smith et al. 1919) Vauterin et al. 1995	Xanthomonas translucens pv. undulosa (Smith et al. 1919) Vauterin et al. 1995	Xanthomonas translucens pv. undulosa (Smith et al. 1919) Vauterin et al. 1995	https://ncppb.fera.co.uk/furtherinfo/2826
NCPPB 2827	v1+v2+v3	yes	yes	yes	unchanged	changed	changed		alternative_names	alternative_names	Xanthomonas cerealis pv. cerealis Tambong et al. 2024	Xanthomonas cerealis pv. cerealis Tambong et al. 2024	Xanthomonas cerealis pv. cerealis Tambong et al. 2024	https://ncppb.fera.co.uk/furtherinfo/2827
NCPPB 2828	v1+v2+v3	yes	yes	yes	changed	unchanged	changed	name_as_received		name_as_received	Xanthomonas translucens pv. undulosa (Smith et al. 1919) Vauterin et al. 1995	Xanthomonas translucens pv. undulosa (Smith et al. 1919) Vauterin et al. 1995	Xanthomonas translucens pv. undulosa (Smith et al. 1919) Vauterin et al. 1995	https://ncppb.fera.co.uk/furtherinfo/2828
NCPPB 2829	v1+v2+v3	yes	yes	yes	unchanged	unchanged	unchanged				Xanthomonas translucens pv. translucens (Jones et al. 1917) Vauterin et al. 1995	Xanthomonas translucens pv. translucens (Jones et al. 1917) Vauterin et al. 1995	Xanthomonas translucens pv. translucens (Jones et al. 1917) Vauterin et al. 1995	https://ncppb.fera.co.uk/furtherinfo/2829
NCPPB 2831	v1+v2+v3	yes	yes	yes	unchanged	changed	changed		alternative_names	alternative_names	Xanthomonas cerealis pv. cerealis Tambong et al. 2024	Xanthomonas cerealis pv. cerealis Tambong et al. 2024	Xanthomonas cerealis pv. cerealis Tambong et al. 2024	https://ncppb.fera.co.uk/furtherinfo/2831
NCPPB 2832	v1+v2+v3	yes	yes	yes	unchanged	changed	changed		alternative_names	alternative_names	Xanthomonas citri pv. aracearum (Berniac 1974) Constantin et al. 2016 comb. nov.	Xanthomonas citri pv. aracearum (Berniac 1974) Constantin et al. 2016 comb. nov.	Xanthomonas citri pv. aracearum (Berniac 1974) Constantin et al. 2016 comb. nov.	https://ncppb.fera.co.uk/furtherinfo/2832
NCPPB 2834	v1+v2+v3	yes	yes	yes	unchanged	changed	changed		alternative_names	alternative_names	Xanthomonas citri pv. malvacearum (Smith 1901) Constantin et al. 2016 comb. nov.	Xanthomonas citri pv. malvacearum (Smith 1901) Constantin et al. 2016 comb. nov.	Xanthomonas citri pv. malvacearum (Smith 1901) Constantin et al. 2016 comb. nov.	https://ncppb.fera.co.uk/furtherinfo/2834
NCPPB 2835	v1+v2+v3	yes	yes	yes	unchanged	changed	changed		alternative_names	alternative_names	Xanthomonas citri pv. malvacearum (Smith 1901) Constantin et al. 2016 comb. nov.	Xanthomonas citri pv. malvacearum (Smith 1901) Constantin et al. 2016 comb. nov.	Xanthomonas citri pv. malvacearum (Smith 1901) Constantin et al. 2016 comb. nov.	https://ncppb.fera.co.uk/furtherinfo/2835
NCPPB 2836	v1+v2+v3	yes	yes	yes	unchanged	changed	changed		alternative_names	alternative_names	Xanthomonas citri pv. malvacearum (Smith 1901) Constantin et al. 2016 comb. nov.	Xanthomonas citri pv. malvacearum (Smith 1901) Constantin et al. 2016 comb. nov.	Xanthomonas citri pv. malvacearum (Smith 1901) Constantin et al. 2016 comb. nov.	https://ncppb.fera.co.uk/furtherinfo/2836
NCPPB 2837	v1+v2+v3	yes	yes	yes	unchanged	changed	changed		alternative_names	alternative_names	Xanthomonas citri pv. malvacearum (Smith 1901) Constantin et al. 2016 comb. nov.	Xanthomonas citri pv. malvacearum (Smith 1901) Constantin et al. 2016 comb. nov.	Xanthomonas citri pv. malvacearum (Smith 1901) Constantin et al. 2016 comb. nov.	https://ncppb.fera.co.uk/furtherinfo/2837
NCPPB 2838	v1+v2+v3	yes	yes	yes	unchanged	changed	changed		alternative_names	alternative_names	Xanthomonas citri pv. malvacearum (Smith 1901) Constantin et al. 2016 comb. nov.	Xanthomonas citri pv. malvacearum (Smith 1901) Constantin et al. 2016 comb. nov.	Xanthomonas citri pv. malvacearum (Smith 1901) Constantin et al. 2016 comb. nov.	https://ncppb.fera.co.uk/furtherinfo/2838
NCPPB 2839	v1+v2+v3	yes	yes	yes	unchanged	changed	changed		alternative_names	alternative_names	Xanthomonas citri pv. malvacearum (Smith 1901) Constantin et al. 2016 comb. nov.	Xanthomonas citri pv. malvacearum (Smith 1901) Constantin et al. 2016 comb. nov.	Xanthomonas citri pv. malvacearum (Smith 1901) Constantin et al. 2016 comb. nov.	https://ncppb.fera.co.uk/furtherinfo/2839
NCPPB 2840	v1+v2+v3	yes	yes	yes	unchanged	changed	changed		alternative_names	alternative_names	Xanthomonas citri pv. malvacearum (Smith 1901) Constantin et al. 2016 comb. nov.	Xanthomonas citri pv. malvacearum (Smith 1901) Constantin et al. 2016 comb. nov.	Xanthomonas citri pv. malvacearum (Smith 1901) Constantin et al. 2016 comb. nov.	https://ncppb.fera.co.uk/furtherinfo/2840
NCPPB 2856	v1+v2+v3	yes	yes	yes	unchanged	changed	changed		alternative_names	alternative_names	Xanthomonas sp. Dowson 1939	Xanthomonas sp. Dowson 1939	Xanthomonas sp. Dowson 1939	https://ncppb.fera.co.uk/furtherinfo/2856
NCPPB 2857	v1+v2+v3	yes	yes	yes	unchanged	unchanged	unchanged				Xanthomonas campestris pv. campestris (Pammel 1895) Dowson 1939	Xanthomonas campestris pv. campestris (Pammel 1895) Dowson 1939	Xanthomonas campestris pv. campestris (Pammel 1895) Dowson 1939	https://ncppb.fera.co.uk/furtherinfo/2857
NCPPB 2859	v1+v2+v3	yes	yes	yes	unchanged	changed	changed		alternative_names	alternative_names	Stenotrophomonas sp.	Stenotrophomonas sp.	Stenotrophomonas sp.	https://ncppb.fera.co.uk/furtherinfo/2859
NCPPB 2864	v1+v2+v3	yes	yes	yes	unchanged	changed	changed		current_name; name_as_received; alternative_names	current_name; name_as_received; alternative_names	Xanthomonas sp. Dowson 1939	Xanthomonas sp. Dowson 1939	Xanthomonas arboricola Vauterin et al. 1995	https://ncppb.fera.co.uk/furtherinfo/2864
NCPPB 2865	v1+v2+v3	yes	yes	yes	unchanged	changed	changed		current_name; name_as_received; alternative_names	current_name; name_as_received; alternative_names	Xanthomonas sp. Dowson 1939	Xanthomonas sp. Dowson 1939	Xanthomonas arboricola Vauterin et al. 1995	https://ncppb.fera.co.uk/furtherinfo/2865
NCPPB 2866	v1+v2+v3	yes	yes	yes	unchanged	changed	changed		current_name; name_as_received; alternative_names	current_name; name_as_received; alternative_names; notes	Xanthomonas sp. Dowson 1939	Xanthomonas sp. Dowson 1939	Xanthomonas arboricola Vauterin et al. 1995	https://ncppb.fera.co.uk/furtherinfo/2866
NCPPB 2876	v1+v2+v3	yes	yes	yes	unchanged	unchanged	unchanged				Xanthomonas campestris pv. cannabis Severin 1978	Xanthomonas campestris pv. cannabis Severin 1978	Xanthomonas campestris pv. cannabis Severin 1978	https://ncppb.fera.co.uk/furtherinfo/2876
NCPPB 2877	v1+v2+v3	yes	yes	yes	unchanged	changed	changed		current_name; alternative_names	current_name; alternative_names; type_strain_of_species; pathotype_strain; notes	Xanthomonas campestris pv. cannabis Severin 1978	Xanthomonas campestris pv. cannabis Severin 1978	Xanthomonas cannabis (ex Severin 1978) McKnight et al. 2026	https://ncppb.fera.co.uk/furtherinfo/2877
NCPPB 2879	v1+v2+v3	yes	yes	yes	unchanged	unchanged	unchanged				Xanthomonas campestris pv. cannabis Severin 1978	Xanthomonas campestris pv. cannabis Severin 1978	Xanthomonas campestris pv. cannabis Severin 1978	https://ncppb.fera.co.uk/furtherinfo/2879
NCPPB 2885	v1+v2+v3	yes	yes	yes	unchanged	changed	changed		alternative_names	alternative_names	Xanthomonas citri pv. mangiferaeindicae (Patel et al. 1948) Constantin et al. 2016 comb. nov.	Xanthomonas citri pv. mangiferaeindicae (Patel et al. 1948) Constantin et al. 2016 comb. nov.	Xanthomonas citri pv. mangiferaeindicae (Patel et al. 1948) Constantin et al. 2016 comb. nov.	https://ncppb.fera.co.uk/furtherinfo/2885
NCPPB 2894	v1+v2+v3	yes	yes	yes	unchanged	changed	changed		alternative_names	alternative_names	Xanthomonas euvesicatoria pv. alfalfae (ex Riker et al. 1935) Constantin et al. 2016 comb. nov.	Xanthomonas euvesicatoria pv. alfalfae (ex Riker et al. 1935) Constantin et al. 2016 comb. nov.	Xanthomonas euvesicatoria pv. alfalfae (ex Riker et al. 1935) Constantin et al. 2016 comb. nov.	https://ncppb.fera.co.uk/furtherinfo/2894
NCPPB 2896	v1+v2+v3	yes	yes	yes	unchanged	unchanged	unchanged				Xanthomonas arboricola pv. corylina (Miller et al. 1940) Vauterin et al. 1995	Xanthomonas arboricola pv. corylina (Miller et al. 1940) Vauterin et al. 1995	Xanthomonas arboricola pv. corylina (Miller et al. 1940) Vauterin et al. 1995	https://ncppb.fera.co.uk/furtherinfo/2896
NCPPB 2898	v1+v2+v3	yes	yes	yes	unchanged	unchanged	unchanged				Xanthomonas arboricola pv. corylina (Miller et al. 1940) Vauterin et al. 1995	Xanthomonas arboricola pv. corylina (Miller et al. 1940) Vauterin et al. 1995	Xanthomonas arboricola pv. corylina (Miller et al. 1940) Vauterin et al. 1995	https://ncppb.fera.co.uk/furtherinfo/2898
NCPPB 2904	v1+v2+v3	yes	yes	yes	unchanged	unchanged	unchanged				Xanthomonas translucens pv. translucens (Jones et al. 1917) Vauterin et al. 1995	Xanthomonas translucens pv. translucens (Jones et al. 1917) Vauterin et al. 1995	Xanthomonas translucens pv. translucens (Jones et al. 1917) Vauterin et al. 1995	https://ncppb.fera.co.uk/furtherinfo/2904
NCPPB 2910	v1+v2+v3	yes	yes	yes	unchanged	changed	changed		alternative_names	alternative_names	Xanthomonas phaseoli pv. manihotis (Bondar 1912) Constantin et al. 2016 comb. nov.	Xanthomonas phaseoli pv. manihotis (Bondar 1912) Constantin et al. 2016 comb. nov.	Xanthomonas phaseoli pv. manihotis (Bondar 1912) Constantin et al. 2016 comb. nov.	https://ncppb.fera.co.uk/furtherinfo/2910
NCPPB 2914	v1+v2+v3	yes	yes	yes	changed	changed	changed	name_as_received	alternative_names	name_as_received; alternative_names	Xanthomonas citri pv. rhynchosiae (Sabet et al. 1969) Constantin et al. 2016 comb. nov	Xanthomonas citri pv. rhynchosiae (Sabet et al. 1969) Constantin et al. 2016 comb. nov	Xanthomonas citri pv. rhynchosiae (Sabet et al. 1969) Constantin et al. 2016 comb. nov	https://ncppb.fera.co.uk/furtherinfo/2914
NCPPB 2918	v1+v2+v3	yes	yes	yes	unchanged	changed	changed		alternative_names	alternative_names; notes	Xanthomonas sp. Dowson 1939	Xanthomonas sp. Dowson 1939	Xanthomonas sp. Dowson 1939	https://ncppb.fera.co.uk/furtherinfo/2918
NCPPB 2919	v1+v2+v3	yes	yes	yes	unchanged	changed	changed		alternative_names	alternative_names	Xanthomonas phaseoli pv. manihotis (Bondar 1912) Constantin et al. 2016 comb. nov.	Xanthomonas phaseoli pv. manihotis (Bondar 1912) Constantin et al. 2016 comb. nov.	Xanthomonas phaseoli pv. manihotis (Bondar 1912) Constantin et al. 2016 comb. nov.	https://ncppb.fera.co.uk/furtherinfo/2919
NCPPB 2920	v1+v2+v3	yes	yes	yes	unchanged	unchanged	unchanged				Xanthomonas translucens pv. translucens (Jones et al. 1917) Vauterin et al. 1995	Xanthomonas translucens pv. translucens (Jones et al. 1917) Vauterin et al. 1995	Xanthomonas translucens pv. translucens (Jones et al. 1917) Vauterin et al. 1995	https://ncppb.fera.co.uk/furtherinfo/2920
NCPPB 2921	v1+v2+v3	yes	yes	yes	unchanged	unchanged	unchanged				Xanthomonas oryzae pv. oryzicola (Fang et al. 1957) Swings et al. 1990	Xanthomonas oryzae pv. oryzicola (Fang et al. 1957) Swings et al. 1990	Xanthomonas oryzae pv. oryzicola (Fang et al. 1957) Swings et al. 1990	https://ncppb.fera.co.uk/furtherinfo/2921
NCPPB 2922	v1+v2+v3	yes	yes	yes	unchanged	unchanged	unchanged				Xanthomonas sp. Dowson 1939	Xanthomonas sp. Dowson 1939	Xanthomonas sp. Dowson 1939	https://ncppb.fera.co.uk/furtherinfo/2922
NCPPB 2925	v1+v2+v3	yes	yes	yes	unchanged	changed	changed		alternative_names	alternative_names; notes	Xanthomonas sp. Dowson 1939	Xanthomonas sp. Dowson 1939	Xanthomonas sp. Dowson 1939	https://ncppb.fera.co.uk/furtherinfo/2925
NCPPB 2927	v1+v2+v3	yes	yes	yes	unchanged	unchanged	unchanged				Xanthomonas arboricola pv. juglandis (Pierce 1901) Vauterin et al. 1995	Xanthomonas arboricola pv. juglandis (Pierce 1901) Vauterin et al. 1995	Xanthomonas arboricola pv. juglandis (Pierce 1901) Vauterin et al. 1995	https://ncppb.fera.co.uk/furtherinfo/2927
NCPPB 2928	v1+v2+v3	yes	yes	yes	unchanged	unchanged	unchanged				Xanthomonas campestris pv. azadirachtae (Desai et al.1966) Dye 1978	Xanthomonas campestris pv. azadirachtae (Desai et al.1966) Dye 1978	Xanthomonas campestris pv. azadirachtae (Desai et al.1966) Dye 1978	https://ncppb.fera.co.uk/furtherinfo/2928
NCPPB 2930	v1+v2+v3	yes	yes	yes	unchanged	unchanged	unchanged				Xanthomonas vasicola pv. holcicola (Elliott 1930) Vauterin et al. 1995	Xanthomonas vasicola pv. holcicola (Elliott 1930) Vauterin et al. 1995	Xanthomonas vasicola pv. holcicola (Elliott 1930) Vauterin et al. 1995	https://ncppb.fera.co.uk/furtherinfo/2930
NCPPB 2931	v1+v2+v3	yes	yes	yes	unchanged	changed	changed		alternative_names	alternative_names	Xanthomonas citri pv. glycines (Nakano 1919) Constantin et al. 2016 comb.nov.	Xanthomonas citri pv. glycines (Nakano 1919) Constantin et al. 2016 comb.nov.	Xanthomonas citri pv. glycines (Nakano 1919) Constantin et al. 2016 comb.nov.	https://ncppb.fera.co.uk/furtherinfo/2931
NCPPB 2932	v1+v2+v3	yes	yes	yes	unchanged	changed	changed		alternative_names	alternative_names	Xanthomonas euvesicatoria pv. daturae (Jain, Dange & Siradhana 1975) Harrison et al. 2023	Xanthomonas euvesicatoria pv. daturae (Jain, Dange & Siradhana 1975) Harrison et al. 2023	Xanthomonas euvesicatoria pv. daturae (Jain, Dange & Siradhana 1975) Harrison et al. 2023	https://ncppb.fera.co.uk/furtherinfo/2932
NCPPB 2933	v1+v2+v3	yes	yes	yes	unchanged	changed	changed		current_name; name_as_received; alternative_names; country	current_name; name_as_received; alternative_names; country	Xanthomonas sp. Dowson 1939	Xanthomonas sp. Dowson 1939	Xanthomonas hortorum Vauterin et al. 1995	https://ncppb.fera.co.uk/furtherinfo/2933
NCPPB 2934	v1+v2+v3	yes	yes	yes	unchanged	changed	changed		alternative_names	alternative_names; notes	Xanthomonas sp. Dowson 1939	Xanthomonas sp. Dowson 1939	Xanthomonas sp. Dowson 1939	https://ncppb.fera.co.uk/furtherinfo/2934
NCPPB 2935	v1+v2+v3	yes	yes	yes	unchanged	changed	changed		alternative_names	alternative_names	Xanthomonas euvesicatoria pv. daturae (Jain, Dange & Siradhana 1975) Harrison et al. 2023	Xanthomonas euvesicatoria pv. daturae (Jain, Dange & Siradhana 1975) Harrison et al. 2023	Xanthomonas euvesicatoria pv. daturae (Jain, Dange & Siradhana 1975) Harrison et al. 2023	https://ncppb.fera.co.uk/furtherinfo/2935
NCPPB 2936	v1+v2+v3	yes	yes	yes	unchanged	changed	changed		alternative_names	alternative_names	Xanthomonas euvesicatoria pv. argemones (Srinivasan et al. 1961) Constantin et al. 2016 comb. nov.	Xanthomonas euvesicatoria pv. argemones (Srinivasan et al. 1961) Constantin et al. 2016 comb. nov.	Xanthomonas euvesicatoria pv. argemones (Srinivasan et al. 1961) Constantin et al. 2016 comb. nov.	https://ncppb.fera.co.uk/furtherinfo/2936
NCPPB 2938	v1+v2+v3	yes	yes	yes	unchanged	changed	changed		alternative_names	alternative_names	Xanthomonas citri pv. glycines (Nakano 1919) Constantin et al. 2016 comb.nov.	Xanthomonas citri pv. glycines (Nakano 1919) Constantin et al. 2016 comb.nov.	Xanthomonas citri pv. glycines (Nakano 1919) Constantin et al. 2016 comb.nov.	https://ncppb.fera.co.uk/furtherinfo/2938
NCPPB 2949	v1+v2+v3	yes	yes	yes	unchanged	unchanged	unchanged				Xanthomonas fragariae Kennedy and King 1962	Xanthomonas fragariae Kennedy and King 1962	Xanthomonas fragariae Kennedy and King 1962	https://ncppb.fera.co.uk/furtherinfo/2949
NCPPB 2953	v1+v2+v3	yes	yes	yes	unchanged	unchanged	unchanged				Xanthomonas populi (ex Ridé 1958) van den Mooter & Swings 1990	Xanthomonas populi (ex Ridé 1958) van den Mooter & Swings 1990	Xanthomonas populi (ex Ridé 1958) van den Mooter & Swings 1990	https://ncppb.fera.co.uk/furtherinfo/2953
NCPPB 2955	v1+v2+v3	yes	yes	yes	unchanged	unchanged	unchanged				Xanthomonas populi (ex Ridé 1958) van den Mooter & Swings 1990	Xanthomonas populi (ex Ridé 1958) van den Mooter & Swings 1990	Xanthomonas populi (ex Ridé 1958) van den Mooter & Swings 1990	https://ncppb.fera.co.uk/furtherinfo/2955
NCPPB 2959	v1+v2+v3	yes	yes	yes	unchanged	unchanged	unchanged				Xanthomonas populi (ex Ridé 1958) van den Mooter & Swings 1990	Xanthomonas populi (ex Ridé 1958) van den Mooter & Swings 1990	Xanthomonas populi (ex Ridé 1958) van den Mooter & Swings 1990	https://ncppb.fera.co.uk/furtherinfo/2959
NCPPB 2960	v1+v2+v3	yes	yes	yes	unchanged	unchanged	unchanged				Xanthomonas populi (ex Ridé 1958) van den Mooter & Swings 1990	Xanthomonas populi (ex Ridé 1958) van den Mooter & Swings 1990	Xanthomonas populi (ex Ridé 1958) van den Mooter & Swings 1990	https://ncppb.fera.co.uk/furtherinfo/2960
NCPPB 2963	v1+v2+v3	yes	yes	yes	unchanged	changed	changed		current_name; alternative_names	current_name; alternative_names	Xanthomonas populi subsp. populi (ex Ridé 1958) van den Mooter & Swings 1990	Xanthomonas populi subsp. populi (ex Ridé 1958) van den Mooter & Swings 1990	Xanthomonas populi (ex Ridé 1958) van den Mooter & Swings 1990	https://ncppb.fera.co.uk/furtherinfo/2963
NCPPB 2965	v1+v2+v3	yes	yes	yes	unchanged	changed	changed		alternative_names	alternative_names	Xanthomonas phaseoli pv. manihotis (Bondar 1912) Constantin et al. 2016 comb. nov.	Xanthomonas phaseoli pv. manihotis (Bondar 1912) Constantin et al. 2016 comb. nov.	Xanthomonas phaseoli pv. manihotis (Bondar 1912) Constantin et al. 2016 comb. nov.	https://ncppb.fera.co.uk/furtherinfo/2965
NCPPB 2967	v1+v2+v3	yes	yes	yes	unchanged	changed	changed		alternative_names	alternative_names	Xanthomonas phaseoli pv. manihotis (Bondar 1912) Constantin et al. 2016 comb. nov.	Xanthomonas phaseoli pv. manihotis (Bondar 1912) Constantin et al. 2016 comb. nov.	Xanthomonas phaseoli pv. manihotis (Bondar 1912) Constantin et al. 2016 comb. nov.	https://ncppb.fera.co.uk/furtherinfo/2967
NCPPB 2968	v1+v2+v3	yes	yes	yes	unchanged	changed	changed		alternative_names	alternative_names	Xanthomonas euvesicatoria pv. euvesicatoria (Jones et al. 2006) Constantin et al. 2016 comb. nov.	Xanthomonas euvesicatoria pv. euvesicatoria (Jones et al. 2006) Constantin et al. 2016 comb. nov.	Xanthomonas euvesicatoria pv. euvesicatoria (Jones et al. 2006) Constantin et al. 2016 comb. nov.	https://ncppb.fera.co.uk/furtherinfo/2968
NCPPB 2969	v1+v2+v3	yes	yes	yes	unchanged	unchanged	unchanged				Xanthomonas albilineans (Ashby 1929) Dowson 1943	Xanthomonas albilineans (Ashby 1929) Dowson 1943	Xanthomonas albilineans (Ashby 1929) Dowson 1943	https://ncppb.fera.co.uk/furtherinfo/2969
NCPPB 2970	v1+v2+v3	yes	yes	yes	unchanged	unchanged	unchanged				Xanthomonas campestris pv. papavericola (Bryan and McWhorter 1930) Dye 1978	Xanthomonas campestris pv. papavericola (Bryan and McWhorter 1930) Dye 1978	Xanthomonas campestris pv. papavericola (Bryan and McWhorter 1930) Dye 1978	https://ncppb.fera.co.uk/furtherinfo/2970
NCPPB 2973	v1+v2+v3	yes	yes	yes	changed	unchanged	changed	name_as_received		name_as_received	Xanthomonas axonopodis pv. cassiae (Kulkarni et al. 1951) Vauterin et al. 1995	Xanthomonas axonopodis pv. cassiae (Kulkarni et al. 1951) Vauterin et al. 1995	Xanthomonas axonopodis pv. cassiae (Kulkarni et al. 1951) Vauterin et al. 1995	https://ncppb.fera.co.uk/furtherinfo/2973
NCPPB 2977	v1+v2+v3	yes	yes	yes	unchanged	changed	changed		alternative_names	alternative_names	Xanthomonas citri pv. thirumalacharii (Padhya & Patel 1964) Constantin et al. 2016 comb. nov.	Xanthomonas citri pv. thirumalacharii (Padhya & Patel 1964) Constantin et al. 2016 comb. nov.	Xanthomonas citri pv. thirumalacharii (Padhya & Patel 1964) Constantin et al. 2016 comb. nov.	https://ncppb.fera.co.uk/furtherinfo/2977
NCPPB 2978	v1+v2+v3	yes	yes	yes	unchanged	unchanged	unchanged				Xanthomonas campestris pv. zantedeschiae (Joubert & Truter 1972) Dye 1978	Xanthomonas campestris pv. zantedeschiae (Joubert & Truter 1972) Dye 1978	Xanthomonas campestris pv. zantedeschiae (Joubert & Truter 1972) Dye 1978	https://ncppb.fera.co.uk/furtherinfo/2978
NCPPB 2982	v1+v2+v3	yes	yes	yes	unchanged	changed	changed		alternative_names	alternative_names	Xanthomonas cissicola (Takimoto 1939) Rudra and Gupta 2021	Xanthomonas cissicola (Takimoto 1939) Rudra and Gupta 2021	Xanthomonas cissicola (Takimoto 1939) Rudra and Gupta 2021	https://ncppb.fera.co.uk/furtherinfo/2982
NCPPB 2983	v1+v2+v3	yes	yes	yes	unchanged	unchanged	unchanged				Xanthomonas campestris pv. phormiicola (Takimoto 1933) Dye 1978	Xanthomonas campestris pv. phormiicola (Takimoto 1933) Dye 1978	Xanthomonas campestris pv. phormiicola (Takimoto 1933) Dye 1978	https://ncppb.fera.co.uk/furtherinfo/2983
NCPPB 2985	v1+v2+v3	yes	yes	yes	unchanged	unchanged	unchanged				Xanthomonas hortorum pv. pelargonii (Brown 1923) Vauterin et al. 1995	Xanthomonas hortorum pv. pelargonii (Brown 1923) Vauterin et al. 1995	Xanthomonas hortorum pv. pelargonii (Brown 1923) Vauterin et al. 1995	https://ncppb.fera.co.uk/furtherinfo/2985
NCPPB 2986	v1+v2+v3	yes	yes	yes	unchanged	unchanged	unchanged				Xanthomonas campestris pv. aberrans (Knosel 1961) Dye 1978	Xanthomonas campestris pv. aberrans (Knosel 1961) Dye 1978	Xanthomonas campestris pv. aberrans (Knosel 1961) Dye 1978	https://ncppb.fera.co.uk/furtherinfo/2986
NCPPB 2987	v1+v2+v3	yes	yes	yes	unchanged	unchanged	unchanged				Xanthomonas populi (ex Ridé 1958) van den Mooter & Swings 1990	Xanthomonas populi (ex Ridé 1958) van den Mooter & Swings 1990	Xanthomonas populi (ex Ridé 1958) van den Mooter & Swings 1990	https://ncppb.fera.co.uk/furtherinfo/2987
NCPPB 2997	v1+v2+v3	yes	yes	yes	unchanged	unchanged	unchanged				Xanthomonas axonopodis pv. cyamopsidis (Patel et al.1953) Vauterin et al. 1995	Xanthomonas axonopodis pv. cyamopsidis (Patel et al.1953) Vauterin et al. 1995	Xanthomonas axonopodis pv. cyamopsidis (Patel et al.1953) Vauterin et al. 1995	https://ncppb.fera.co.uk/furtherinfo/2997
NCPPB 2998	v1+v2+v3	yes	yes	yes	unchanged	unchanged	unchanged				Xanthomonas axonopodis pv. cyamopsidis (Patel et al.1953) Vauterin et al. 1995	Xanthomonas axonopodis pv. cyamopsidis (Patel et al.1953) Vauterin et al. 1995	Xanthomonas axonopodis pv. cyamopsidis (Patel et al.1953) Vauterin et al. 1995	https://ncppb.fera.co.uk/furtherinfo/2998
NCPPB 3002	v1+v2+v3	yes	yes	yes	unchanged	changed	changed		alternative_names	alternative_names	Xanthomonas oryzae pv. oryzae (Ishiyama 1922) Swings et al. 1990	Xanthomonas oryzae pv. oryzae (Ishiyama 1922) Swings et al. 1990	Xanthomonas oryzae pv. oryzae (Ishiyama 1922) Swings et al. 1990	https://ncppb.fera.co.uk/furtherinfo/3002
NCPPB 3003	v1+v2+v3	yes	yes	yes	unchanged	unchanged	unchanged				Xanthomonas axonopodis pv. begoniae (Takimoto 1934) Vauterin et al. 1995	Xanthomonas axonopodis pv. begoniae (Takimoto 1934) Vauterin et al. 1995	Xanthomonas axonopodis pv. begoniae (Takimoto 1934) Vauterin et al. 1995	https://ncppb.fera.co.uk/furtherinfo/3003
NCPPB 3005	v1+v2+v3	yes	yes	yes	unchanged	unchanged	unchanged				Xanthomonas marantae Zagatto & Pereira 1963	Xanthomonas marantae Zagatto & Pereira 1963	Xanthomonas marantae Zagatto & Pereira 1963	https://ncppb.fera.co.uk/furtherinfo/3005
NCPPB 3020	v1+v2+v3	yes	yes	yes	unchanged	changed	changed		alternative_names	alternative_names	Xanthomonas graminis pv. graminis Tambong et al. 2024	Xanthomonas graminis pv. graminis Tambong et al. 2024	Xanthomonas graminis pv. graminis Tambong et al. 2024	https://ncppb.fera.co.uk/furtherinfo/3020
NCPPB 3022	v1+v2+v3	yes	yes	yes	unchanged	changed	changed		alternative_names	alternative_names	Xanthomonas oryzae pv. oryzae (Ishiyama 1922) Swings et al. 1990	Xanthomonas oryzae pv. oryzae (Ishiyama 1922) Swings et al. 1990	Xanthomonas oryzae pv. oryzae (Ishiyama 1922) Swings et al. 1990	https://ncppb.fera.co.uk/furtherinfo/3022
NCPPB 3024	v1+v2+v3	yes	yes	yes	unchanged	unchanged	unchanged				Xanthomonas campestris pv. zinniae (Hopkins & Dowson 1949) Dye 1978	Xanthomonas campestris pv. zinniae (Hopkins & Dowson 1949) Dye 1978	Xanthomonas campestris pv. zinniae (Hopkins & Dowson 1949) Dye 1978	https://ncppb.fera.co.uk/furtherinfo/3024
NCPPB 3026	v1+v2+v3	yes	yes	yes	unchanged	unchanged	unchanged				Xylophilus ampelinus (Panagopoulos 1969) Willems et al. 1987	Xylophilus ampelinus (Panagopoulos 1969) Willems et al. 1987	Xylophilus ampelinus (Panagopoulos 1969) Willems et al. 1987	https://ncppb.fera.co.uk/furtherinfo/3026
NCPPB 3027	v1+v2+v3	yes	yes	yes	unchanged	unchanged	unchanged				Xylophilus ampelinus (Panagopoulos 1969) Willems et al. 1987	Xylophilus ampelinus (Panagopoulos 1969) Willems et al. 1987	Xylophilus ampelinus (Panagopoulos 1969) Willems et al. 1987	https://ncppb.fera.co.uk/furtherinfo/3027
NCPPB 3028	v1+v2+v3	yes	yes	yes	unchanged	unchanged	unchanged				Xanthomonas fragariae Kennedy and King 1962	Xanthomonas fragariae Kennedy and King 1962	Xanthomonas fragariae Kennedy and King 1962	https://ncppb.fera.co.uk/furtherinfo/3028
NCPPB 3035	v1+v2+v3	yes	yes	yes	unchanged	changed	changed		alternative_names	alternative_names	Xanthomonas phaseoli pv. phaseoli (Smith 1897) Constantin et al. 2016 comb. nov.	Xanthomonas phaseoli pv. phaseoli (Smith 1897) Constantin et al. 2016 comb. nov.	Xanthomonas phaseoli pv. phaseoli (Smith 1897) Constantin et al. 2016 comb. nov.	https://ncppb.fera.co.uk/furtherinfo/3035
NCPPB 3040	v1+v2+v3	yes	yes	yes	unchanged	changed	changed		alternative_names	alternative_names	Xanthomonas graminis pv. graminis Tambong et al. 2024	Xanthomonas graminis pv. graminis Tambong et al. 2024	Xanthomonas graminis pv. graminis Tambong et al. 2024	https://ncppb.fera.co.uk/furtherinfo/3040
NCPPB 3041	v1+v2+v3	yes	yes	yes	unchanged	changed	changed		alternative_names	alternative_names	Xanthomonas graminis pv. graminis Tambong et al. 2024	Xanthomonas graminis pv. graminis Tambong et al. 2024	Xanthomonas graminis pv. graminis Tambong et al. 2024	https://ncppb.fera.co.uk/furtherinfo/3041
NCPPB 3058	v1+v2+v3	yes	yes	yes	unchanged	changed	changed		alternative_names	alternative_names	Xanthomonas phaseoli pv. manihotis (Bondar 1912) Constantin et al. 2016 comb. nov.	Xanthomonas phaseoli pv. manihotis (Bondar 1912) Constantin et al. 2016 comb. nov.	Xanthomonas phaseoli pv. manihotis (Bondar 1912) Constantin et al. 2016 comb. nov.	https://ncppb.fera.co.uk/furtherinfo/3058
NCPPB 3059	v1+v2+v3	yes	yes	yes	unchanged	changed	changed		alternative_names	alternative_names	Xanthomonas phaseoli pv. manihotis (Bondar 1912) Constantin et al. 2016 comb. nov.	Xanthomonas phaseoli pv. manihotis (Bondar 1912) Constantin et al. 2016 comb. nov.	Xanthomonas phaseoli pv. manihotis (Bondar 1912) Constantin et al. 2016 comb. nov.	https://ncppb.fera.co.uk/furtherinfo/3059
NCPPB 3060	v1+v2+v3	yes	yes	yes	unchanged	changed	changed		alternative_names	alternative_names	Xanthomonas phaseoli pv. manihotis (Bondar 1912) Constantin et al. 2016 comb. nov.	Xanthomonas phaseoli pv. manihotis (Bondar 1912) Constantin et al. 2016 comb. nov.	Xanthomonas phaseoli pv. manihotis (Bondar 1912) Constantin et al. 2016 comb. nov.	https://ncppb.fera.co.uk/furtherinfo/3060
NCPPB 3061	v1+v2+v3	yes	yes	yes	unchanged	unchanged	unchanged				Xanthomonas cassavae (ex Wiehe & Dowson 1953) Vauterin et al. 1995	Xanthomonas cassavae (ex Wiehe & Dowson 1953) Vauterin et al. 1995	Xanthomonas cassavae (ex Wiehe & Dowson 1953) Vauterin et al. 1995	https://ncppb.fera.co.uk/furtherinfo/3061
NCPPB 3062	v1+v2+v3	yes	yes	yes	unchanged	unchanged	unchanged				Xanthomonas cassavae (ex Wiehe & Dowson 1953) Vauterin et al. 1995	Xanthomonas cassavae (ex Wiehe & Dowson 1953) Vauterin et al. 1995	Xanthomonas cassavae (ex Wiehe & Dowson 1953) Vauterin et al. 1995	https://ncppb.fera.co.uk/furtherinfo/3062
NCPPB 3066	v1+v2+v3	yes	yes	yes	unchanged	changed	changed		alternative_names	alternative_names	Xanthomonas graminis pv. graminis Tambong et al. 2024	Xanthomonas graminis pv. graminis Tambong et al. 2024	Xanthomonas graminis pv. graminis Tambong et al. 2024	https://ncppb.fera.co.uk/furtherinfo/3066
NCPPB 3078	v1+v2+v3	yes	yes	yes	unchanged	changed	changed		alternative_names	alternative_names	Xanthomonas arboricola Vauterin et al. 1995	Xanthomonas arboricola Vauterin et al. 1995	Xanthomonas arboricola Vauterin et al. 1995	https://ncppb.fera.co.uk/furtherinfo/3078
NCPPB 3079	v1+v2+v3	yes	yes	yes	unchanged	changed	changed		alternative_names	alternative_names	Xanthomonas euvesicatoria pv. paulliniae (Robbs, Medieros & Kimura 1982) Harrison et al. 2023	Xanthomonas euvesicatoria pv. paulliniae (Robbs, Medieros & Kimura 1982) Harrison et al. 2023	Xanthomonas euvesicatoria pv. paulliniae (Robbs, Medieros & Kimura 1982) Harrison et al. 2023	https://ncppb.fera.co.uk/furtherinfo/3079
NCPPB 3082	v1+v2+v3	yes	yes	yes	unchanged	changed	changed		alternative_names	alternative_names	Xanthomonas euvesicatoria pv. paulliniae (Robbs, Medieros & Kimura 1982) Harrison et al. 2023	Xanthomonas euvesicatoria pv. paulliniae (Robbs, Medieros & Kimura 1982) Harrison et al. 2023	Xanthomonas euvesicatoria pv. paulliniae (Robbs, Medieros & Kimura 1982) Harrison et al. 2023	https://ncppb.fera.co.uk/furtherinfo/3082
NCPPB 3086	v1+v2+v3	yes	yes	yes	unchanged	changed	changed		alternative_names	alternative_names	Xanthomonas axonopodis pv. desmodiilaxiflori (Pant & Kulkarni 1977) Vauterin et al. 1995	Xanthomonas axonopodis pv. desmodiilaxiflori (Pant & Kulkarni 1977) Vauterin et al. 1995	Xanthomonas axonopodis pv. desmodiilaxiflori (Pant & Kulkarni 1977) Vauterin et al. 1995	https://ncppb.fera.co.uk/furtherinfo/3086
NCPPB 3092	v1+v2+v3	yes	yes	yes	changed	unchanged	changed	name_as_received		name_as_received	Xanthomonas axonopodis pv. clitoriae (Pandit & Kulkarni 1979) Vauterin et al. 1995	Xanthomonas axonopodis pv. clitoriae (Pandit & Kulkarni 1979) Vauterin et al. 1995	Xanthomonas axonopodis pv. clitoriae (Pandit & Kulkarni 1979) Vauterin et al. 1995	https://ncppb.fera.co.uk/furtherinfo/3092
NCPPB 3110	v1+v2+v3	yes	yes	yes	unchanged	changed	changed		alternative_names	alternative_names	Xanthomonas citri pv. anacardii (Ah-You et al. 2007) Constantin et al. 2016 comb. nov.	Xanthomonas citri pv. anacardii (Ah-You et al. 2007) Constantin et al. 2016 comb. nov.	Xanthomonas citri pv. anacardii (Ah-You et al. 2007) Constantin et al. 2016 comb. nov.	https://ncppb.fera.co.uk/furtherinfo/3110
NCPPB 3114	v1+v2+v3	yes	yes	yes	unchanged	changed	changed		alternative_names	alternative_names	Xanthomonas citri pv. merremiae (Pant & Kulkarni 1976) Harrison et al. 2023	Xanthomonas citri pv. merremiae (Pant & Kulkarni 1976) Harrison et al. 2023	Xanthomonas citri pv. merremiae (Pant & Kulkarni 1976) Harrison et al. 2023	https://ncppb.fera.co.uk/furtherinfo/3114
NCPPB 3119	v1+v2+v3	yes	yes	yes	unchanged	unchanged	unchanged				Xanthomonas hortorum pv. pelargonii (Brown 1923) Vauterin et al. 1995	Xanthomonas hortorum pv. pelargonii (Brown 1923) Vauterin et al. 1995	Xanthomonas hortorum pv. pelargonii (Brown 1923) Vauterin et al. 1995	https://ncppb.fera.co.uk/furtherinfo/3119
NCPPB 3125	v1+v2+v3	yes	yes	yes	unchanged	changed	changed		alternative_names	alternative_names	Xanthomonas citri pv. mangiferaeindicae (Patel et al. 1948) Constantin et al. 2016 comb. nov.	Xanthomonas citri pv. mangiferaeindicae (Patel et al. 1948) Constantin et al. 2016 comb. nov.	Xanthomonas citri pv. mangiferaeindicae (Patel et al. 1948) Constantin et al. 2016 comb. nov.	https://ncppb.fera.co.uk/furtherinfo/3125
NCPPB 3135	v1+v2+v3	yes	yes	yes	unchanged	changed	changed		alternative_names	alternative_names	Xanthomonas citri pv. citri (Hasse 1915) Constantin 2016 comb. nov.	Xanthomonas citri pv. citri (Hasse 1915) Constantin 2016 comb. nov.	Xanthomonas citri pv. citri (Hasse 1915) Constantin 2016 comb. nov.	https://ncppb.fera.co.uk/furtherinfo/3135
NCPPB 3136	v1+v2+v3	yes	yes	yes	unchanged	changed	changed		alternative_names	alternative_names	Xanthomonas citri pv. citri (Hasse 1915) Constantin 2016 comb. nov.	Xanthomonas citri pv. citri (Hasse 1915) Constantin 2016 comb. nov.	Xanthomonas citri pv. citri (Hasse 1915) Constantin 2016 comb. nov.	https://ncppb.fera.co.uk/furtherinfo/3136
NCPPB 3140	v1+v2+v3	yes	yes	yes	unchanged	changed	changed		alternative_names	alternative_names	Xanthomonas phaseoli pv. passiflorae (Pereira 1969) Harrison et al. 2023	Xanthomonas phaseoli pv. passiflorae (Pereira 1969) Harrison et al. 2023	Xanthomonas phaseoli pv. passiflorae (Pereira 1969) Harrison et al. 2023	https://ncppb.fera.co.uk/furtherinfo/3140
NCPPB 3155	v1+v2+v3	yes	yes	yes	unchanged	unchanged	unchanged				Xanthomonas arboricola pv. pruni (Smith 1903) Vauterin et al. 1995	Xanthomonas arboricola pv. pruni (Smith 1903) Vauterin et al. 1995	Xanthomonas arboricola pv. pruni (Smith 1903) Vauterin et al. 1995	https://ncppb.fera.co.uk/furtherinfo/3155
NCPPB 3156	v1+v2+v3	yes	yes	yes	unchanged	unchanged	unchanged				Xanthomonas arboricola pv. pruni (Smith 1903) Vauterin et al. 1995	Xanthomonas arboricola pv. pruni (Smith 1903) Vauterin et al. 1995	Xanthomonas arboricola pv. pruni (Smith 1903) Vauterin et al. 1995	https://ncppb.fera.co.uk/furtherinfo/3156
NCPPB 3161	v1+v2+v3	yes	yes	yes	unchanged	changed	changed		alternative_names	alternative_names	Xanthomonas phaseoli pv. manihotis (Bondar 1912) Constantin et al. 2016 comb. nov.	Xanthomonas phaseoli pv. manihotis (Bondar 1912) Constantin et al. 2016 comb. nov.	Xanthomonas phaseoli pv. manihotis (Bondar 1912) Constantin et al. 2016 comb. nov.	https://ncppb.fera.co.uk/furtherinfo/3161
NCPPB 3162	v1+v2+v3	yes	yes	yes	unchanged	unchanged	unchanged				Xanthomonas vasicola pv. holcicola (Elliott 1930) Vauterin et al. 1995	Xanthomonas vasicola pv. holcicola (Elliott 1930) Vauterin et al. 1995	Xanthomonas vasicola pv. holcicola (Elliott 1930) Vauterin et al. 1995	https://ncppb.fera.co.uk/furtherinfo/3162
NCPPB 3168	v1+v2+v3	yes	yes	yes	unchanged	unchanged	unchanged				Xanthomonas cucurbitae (ex Bryan 1926) Vauterin et al. 1995	Xanthomonas cucurbitae (ex Bryan 1926) Vauterin et al. 1995	Xanthomonas cucurbitae (ex Bryan 1926) Vauterin et al. 1995	https://ncppb.fera.co.uk/furtherinfo/3168
NCPPB 3169	v1+v2+v3	yes	yes	yes	unchanged	changed	changed		alternative_names	alternative_names	Xanthomonas citri pv. vignicola (Burkholder 1944) Constantin et al. 2016 comb. nov.	Xanthomonas citri pv. vignicola (Burkholder 1944) Constantin et al. 2016 comb. nov.	Xanthomonas citri pv. vignicola (Burkholder 1944) Constantin et al. 2016 comb. nov.	https://ncppb.fera.co.uk/furtherinfo/3169
NCPPB 3170	v1+v2+v3	yes	yes	yes	unchanged	unchanged	unchanged				Xanthomonas translucens pv. translucens (Jones et al. 1917) Vauterin et al. 1995	Xanthomonas translucens pv. translucens (Jones et al. 1917) Vauterin et al. 1995	Xanthomonas translucens pv. translucens (Jones et al. 1917) Vauterin et al. 1995	https://ncppb.fera.co.uk/furtherinfo/3170
NCPPB 3172	v1+v2+v3	yes	yes	yes	unchanged	changed	changed		alternative_names	alternative_names	Xanthomonas phaseoli pv. manihotis (Bondar 1912) Constantin et al. 2016 comb. nov.	Xanthomonas phaseoli pv. manihotis (Bondar 1912) Constantin et al. 2016 comb. nov.	Xanthomonas phaseoli pv. manihotis (Bondar 1912) Constantin et al. 2016 comb. nov.	https://ncppb.fera.co.uk/furtherinfo/3172
NCPPB 3173	v1+v2+v3	yes	yes	yes	unchanged	changed	changed		alternative_names	alternative_names	Xanthomonas euvesicatoria pv. coracanae (Desai et al. 1965) Constantin et al. 2016 comb. nov.	Xanthomonas euvesicatoria pv. coracanae (Desai et al. 1965) Constantin et al. 2016 comb. nov.	Xanthomonas euvesicatoria pv. coracanae (Desai et al. 1965) Constantin et al. 2016 comb. nov.	https://ncppb.fera.co.uk/furtherinfo/3173
NCPPB 3174	v1+v2+v3	yes	yes	yes	unchanged	unchanged	unchanged				Xanthomonas sp. Dowson 1939	Xanthomonas sp. Dowson 1939	Xanthomonas sp. Dowson 1939	https://ncppb.fera.co.uk/furtherinfo/3174
NCPPB 3176	v1+v2+v3	yes	yes	yes	unchanged	unchanged	unchanged				Xanthomonas translucens pv. translucens (Jones et al. 1917) Vauterin et al. 1995	Xanthomonas translucens pv. translucens (Jones et al. 1917) Vauterin et al. 1995	Xanthomonas translucens pv. translucens (Jones et al. 1917) Vauterin et al. 1995	https://ncppb.fera.co.uk/furtherinfo/3176
NCPPB 3177	v1+v2+v3	yes	yes	yes	unchanged	changed	changed		alternative_names	alternative_names	Xanthomonas oryzae pv. oryzae (Ishiyama 1922) Swings et al. 1990	Xanthomonas oryzae pv. oryzae (Ishiyama 1922) Swings et al. 1990	Xanthomonas oryzae pv. oryzae (Ishiyama 1922) Swings et al. 1990	https://ncppb.fera.co.uk/furtherinfo/3177
NCPPB 3178	v1+v2+v3	yes	yes	yes	unchanged	changed	changed		alternative_names	alternative_names	Xanthomonas vesicatoria (ex Doidge 1920) Vauterin et al. 1995	Xanthomonas vesicatoria (ex Doidge 1920) Vauterin et al. 1995	Xanthomonas vesicatoria (ex Doidge 1920) Vauterin et al. 1995	https://ncppb.fera.co.uk/furtherinfo/3178
NCPPB 3182	v1+v2+v3	yes	yes	yes	unchanged	unchanged	unchanged				Xanthomonas campestris pv. amaranthicola (Patel et al. 1952) Dye 1978	Xanthomonas campestris pv. amaranthicola (Patel et al. 1952) Dye 1978	Xanthomonas campestris pv. amaranthicola (Patel et al. 1952) Dye 1978	https://ncppb.fera.co.uk/furtherinfo/3182
NCPPB 3187	v1+v2+v3	yes	yes	yes	unchanged	changed	changed		alternative_names	alternative_names	Xanthomonas citri pv. vignicola (Burkholder 1944) Constantin et al. 2016 comb. nov.	Xanthomonas citri pv. vignicola (Burkholder 1944) Constantin et al. 2016 comb. nov.	Xanthomonas citri pv. vignicola (Burkholder 1944) Constantin et al. 2016 comb. nov.	https://ncppb.fera.co.uk/furtherinfo/3187
NCPPB 3191	v1+v2+v3	yes	yes	yes	unchanged	changed	changed		alternative_names	alternative_names	Xanthomonas phaseoli pv. manihotis (Bondar 1912) Constantin et al. 2016 comb. nov.	Xanthomonas phaseoli pv. manihotis (Bondar 1912) Constantin et al. 2016 comb. nov.	Xanthomonas phaseoli pv. manihotis (Bondar 1912) Constantin et al. 2016 comb. nov.	https://ncppb.fera.co.uk/furtherinfo/3191
NCPPB 3192	v1+v2+v3	yes	yes	yes	unchanged	unchanged	unchanged				Xanthomonas cassavae (ex Wiehe & Dowson 1953) Vauterin et al. 1995	Xanthomonas cassavae (ex Wiehe & Dowson 1953) Vauterin et al. 1995	Xanthomonas cassavae (ex Wiehe & Dowson 1953) Vauterin et al. 1995	https://ncppb.fera.co.uk/furtherinfo/3192
NCPPB 3194	v1+v2+v3	yes	yes	yes	unchanged	changed	changed		alternative_names	alternative_names	Xanthomonas phaseoli pv. manihotis (Bondar 1912) Constantin et al. 2016 comb. nov.	Xanthomonas phaseoli pv. manihotis (Bondar 1912) Constantin et al. 2016 comb. nov.	Xanthomonas phaseoli pv. manihotis (Bondar 1912) Constantin et al. 2016 comb. nov.	https://ncppb.fera.co.uk/furtherinfo/3194
NCPPB 3200	v1+v2+v3	yes	yes	yes	unchanged	changed	changed		current_name; name_as_received	current_name; name_as_received; notes	Xanthomonas sp. Dowson 1939	Xanthomonas sp. Dowson 1939	Xanthomonas arboricola Vauterin et al. 1995	https://ncppb.fera.co.uk/furtherinfo/3200
NCPPB 3204	v1+v2+v3	yes	yes	yes	unchanged	unchanged	unchanged				Xanthomonas axonopodis pv. cyamopsidis (Patel et al.1953) Vauterin et al. 1995	Xanthomonas axonopodis pv. cyamopsidis (Patel et al.1953) Vauterin et al. 1995	Xanthomonas axonopodis pv. cyamopsidis (Patel et al.1953) Vauterin et al. 1995	https://ncppb.fera.co.uk/furtherinfo/3204
NCPPB 3207	v1+v2+v3	yes	yes	yes	unchanged	unchanged	unchanged				Xanthomonas campestris pv. campestris (Pammel 1895) Dowson 1939	Xanthomonas campestris pv. campestris (Pammel 1895) Dowson 1939	Xanthomonas campestris pv. campestris (Pammel 1895) Dowson 1939	https://ncppb.fera.co.uk/furtherinfo/3207
NCPPB 3212	v1+v2+v3	yes	yes	yes	unchanged	changed	changed		alternative_names	alternative_names	Xanthomonas cerealis pv. cerealis Tambong et al. 2024	Xanthomonas cerealis pv. cerealis Tambong et al. 2024	Xanthomonas cerealis pv. cerealis Tambong et al. 2024	https://ncppb.fera.co.uk/furtherinfo/3212
NCPPB 3213	v1+v2+v3	yes	yes	yes	unchanged	unchanged	unchanged				Xanthomonas campestris pv. bilvae Chakravarti et al. 1984	Xanthomonas campestris pv. bilvae Chakravarti et al. 1984	Xanthomonas campestris pv. bilvae Chakravarti et al. 1984	https://ncppb.fera.co.uk/furtherinfo/3213
NCPPB 3215	v1+v2+v3	yes	yes	yes	unchanged	unchanged	unchanged				Xanthomonas translucens pv. translucens (Jones et al. 1917) Vauterin et al. 1995	Xanthomonas translucens pv. translucens (Jones et al. 1917) Vauterin et al. 1995	Xanthomonas translucens pv. translucens (Jones et al. 1917) Vauterin et al. 1995	https://ncppb.fera.co.uk/furtherinfo/3215
NCPPB 3218	v1+v2+v3	yes	yes	yes	unchanged	changed	changed		current_name; name_as_received	current_name; name_as_received	Xanthomonas sp. Dowson 1939	Xanthomonas sp. Dowson 1939	Xanthomonas arboricola Vauterin et al. 1995	https://ncppb.fera.co.uk/furtherinfo/3218
NCPPB 3229	v1+v2+v3	yes	yes	yes	unchanged	changed	changed		alternative_names	alternative_names	Xanthomonas graminis pv. arrhenatheri Tambong et al. 2024	Xanthomonas graminis pv. arrhenatheri Tambong et al. 2024	Xanthomonas graminis pv. arrhenatheri Tambong et al. 2024	https://ncppb.fera.co.uk/furtherinfo/3229
NCPPB 3230	v1+v2+v3	yes	yes	yes	unchanged	changed	changed		alternative_names	alternative_names	Xanthomonas graminis pv. poae Tambong et al. 2024	Xanthomonas graminis pv. poae Tambong et al. 2024	Xanthomonas graminis pv. poae Tambong et al. 2024	https://ncppb.fera.co.uk/furtherinfo/3230
NCPPB 3231	v1+v2+v3	yes	yes	yes	unchanged	changed	changed		alternative_names	alternative_names	Xanthomonas graminis pv. phlei Tambong et al. 2024	Xanthomonas graminis pv. phlei Tambong et al. 2024	Xanthomonas graminis pv. phlei Tambong et al. 2024	https://ncppb.fera.co.uk/furtherinfo/3231
NCPPB 3232	v1+v2+v3	yes	yes	yes	unchanged	changed	changed		alternative_names	alternative_names	Xanthomonas citri pv. citri (Hasse 1915) Constantin 2016 comb. nov.	Xanthomonas citri pv. citri (Hasse 1915) Constantin 2016 comb. nov.	Xanthomonas citri pv. citri (Hasse 1915) Constantin 2016 comb. nov.	https://ncppb.fera.co.uk/furtherinfo/3232
NCPPB 3233	v1+v2+v3	yes	yes	yes	unchanged	changed	changed		alternative_names	alternative_names	Xanthomonas citri pv. aurantifolii (Schaad et al. 2007) Constantin et al. 2016 comb. nov.	Xanthomonas citri pv. aurantifolii (Schaad et al. 2007) Constantin et al. 2016 comb. nov.	Xanthomonas citri pv. aurantifolii (Schaad et al. 2007) Constantin et al. 2016 comb. nov.	https://ncppb.fera.co.uk/furtherinfo/3233
NCPPB 3234	v1+v2+v3	yes	yes	yes	unchanged	changed	changed		alternative_names	alternative_names	Xanthomonas citri pv. citri (Hasse 1915) Constantin 2016 comb. nov.	Xanthomonas citri pv. citri (Hasse 1915) Constantin 2016 comb. nov.	Xanthomonas citri pv. citri (Hasse 1915) Constantin 2016 comb. nov.	https://ncppb.fera.co.uk/furtherinfo/3234
NCPPB 3235	v1+v2+v3	yes	yes	yes	unchanged	changed	changed		alternative_names	alternative_names	Xanthomonas citri pv. citri (Hasse 1915) Constantin 2016 comb. nov.	Xanthomonas citri pv. citri (Hasse 1915) Constantin 2016 comb. nov.	Xanthomonas citri pv. citri (Hasse 1915) Constantin 2016 comb. nov.	https://ncppb.fera.co.uk/furtherinfo/3235
NCPPB 3236	v1+v2+v3	yes	yes	yes	unchanged	changed	changed		alternative_names	alternative_names	Xanthomonas citri pv. aurantifolii (Schaad et al. 2007) Constantin et al. 2016 comb. nov.	Xanthomonas citri pv. aurantifolii (Schaad et al. 2007) Constantin et al. 2016 comb. nov.	Xanthomonas citri pv. aurantifolii (Schaad et al. 2007) Constantin et al. 2016 comb. nov.	https://ncppb.fera.co.uk/furtherinfo/3236
NCPPB 3237	v1+v2+v3	yes	yes	yes	unchanged	changed	changed		alternative_names	alternative_names	Xanthomonas citri pv. aurantifolii (Schaad et al. 2007) Constantin et al. 2016 comb. nov.	Xanthomonas citri pv. aurantifolii (Schaad et al. 2007) Constantin et al. 2016 comb. nov.	Xanthomonas citri pv. aurantifolii (Schaad et al. 2007) Constantin et al. 2016 comb. nov.	https://ncppb.fera.co.uk/furtherinfo/3237
NCPPB 3240	v1+v2+v3	yes	yes	yes	unchanged	changed	changed		alternative_names	alternative_names	Xanthomonas vesicatoria (ex Doidge 1920) Vauterin et al. 1995	Xanthomonas vesicatoria (ex Doidge 1920) Vauterin et al. 1995	Xanthomonas vesicatoria (ex Doidge 1920) Vauterin et al. 1995	https://ncppb.fera.co.uk/furtherinfo/3240
NCPPB 3241	v1+v2+v3	yes	yes	yes	unchanged	unchanged	unchanged				Xylophilus ampelinus (Panagopoulos 1969) Willems et al. 1987	Xylophilus ampelinus (Panagopoulos 1969) Willems et al. 1987	Xylophilus ampelinus (Panagopoulos 1969) Willems et al. 1987	https://ncppb.fera.co.uk/furtherinfo/3241
NCPPB 3242	v1+v2+v3	yes	yes	yes	unchanged	unchanged	unchanged				Xanthomonas hyacinthi (Wakker 1883) Vauterin et al. 1995	Xanthomonas hyacinthi (Wakker 1883) Vauterin et al. 1995	Xanthomonas hyacinthi (Wakker 1883) Vauterin et al. 1995	https://ncppb.fera.co.uk/furtherinfo/3242
NCPPB 3245	v1+v2+v3	yes	yes	yes	unchanged	unchanged	unchanged				Xanthomonas campestris pv. centellae Basnyat & Kulkarni 1979	Xanthomonas campestris pv. centellae Basnyat & Kulkarni 1979	Xanthomonas campestris pv. centellae Basnyat & Kulkarni 1979	https://ncppb.fera.co.uk/furtherinfo/3245
NCPPB 3290	v1+v2+v3	yes	yes	yes	unchanged	unchanged	unchanged				Xanthomonas campestris pv. campestris (Pammel 1895) Dowson 1939	Xanthomonas campestris pv. campestris (Pammel 1895) Dowson 1939	Xanthomonas campestris pv. campestris (Pammel 1895) Dowson 1939	https://ncppb.fera.co.uk/furtherinfo/3290
NCPPB 3291	v1+v2+v3	yes	yes	yes	unchanged	unchanged	unchanged				Xanthomonas campestris pv. campestris (Pammel 1895) Dowson 1939	Xanthomonas campestris pv. campestris (Pammel 1895) Dowson 1939	Xanthomonas campestris pv. campestris (Pammel 1895) Dowson 1939	https://ncppb.fera.co.uk/furtherinfo/3291
NCPPB 3292	v1+v2+v3	yes	yes	yes	unchanged	unchanged	unchanged				Xanthomonas campestris pv. campestris (Pammel 1895) Dowson 1939	Xanthomonas campestris pv. campestris (Pammel 1895) Dowson 1939	Xanthomonas campestris pv. campestris (Pammel 1895) Dowson 1939	https://ncppb.fera.co.uk/furtherinfo/3292
NCPPB 3301	v1+v2+v3	yes	yes	yes	unchanged	changed	changed		alternative_names	alternative_names	Xanthomonas oryzae pv. oryzae (Ishiyama 1922) Swings et al. 1990	Xanthomonas oryzae pv. oryzae (Ishiyama 1922) Swings et al. 1990	Xanthomonas oryzae pv. oryzae (Ishiyama 1922) Swings et al. 1990	https://ncppb.fera.co.uk/furtherinfo/3301
NCPPB 3303	v1+v2+v3	yes	yes	yes	unchanged	changed	changed		alternative_names	alternative_names	Xanthomonas oryzae pv. oryzae (Ishiyama 1922) Swings et al. 1990	Xanthomonas oryzae pv. oryzae (Ishiyama 1922) Swings et al. 1990	Xanthomonas oryzae pv. oryzae (Ishiyama 1922) Swings et al. 1990	https://ncppb.fera.co.uk/furtherinfo/3303
NCPPB 3304	v1+v2+v3	yes	yes	yes	unchanged	changed	changed		alternative_names	alternative_names	Xanthomonas oryzae pv. oryzae (Ishiyama 1922) Swings et al. 1990	Xanthomonas oryzae pv. oryzae (Ishiyama 1922) Swings et al. 1990	Xanthomonas oryzae pv. oryzae (Ishiyama 1922) Swings et al. 1990	https://ncppb.fera.co.uk/furtherinfo/3304
NCPPB 3311	v1+v2+v3	yes	yes	yes	unchanged	changed	changed		alternative_names	alternative_names	Xanthomonas vesicatoria (ex Doidge 1920) Vauterin et al. 1995	Xanthomonas vesicatoria (ex Doidge 1920) Vauterin et al. 1995	Xanthomonas vesicatoria (ex Doidge 1920) Vauterin et al. 1995	https://ncppb.fera.co.uk/furtherinfo/3311
NCPPB 3312	v1+v2+v3	yes	yes	yes	unchanged	changed	changed		alternative_names	alternative_names	Xanthomonas vesicatoria (ex Doidge 1920) Vauterin et al. 1995	Xanthomonas vesicatoria (ex Doidge 1920) Vauterin et al. 1995	Xanthomonas vesicatoria (ex Doidge 1920) Vauterin et al. 1995	https://ncppb.fera.co.uk/furtherinfo/3312
NCPPB 3313	v1+v2+v3	yes	yes	yes	unchanged	unchanged	unchanged				Xanthomonas campestris pv. campestris (Pammel 1895) Dowson 1939	Xanthomonas campestris pv. campestris (Pammel 1895) Dowson 1939	Xanthomonas campestris pv. campestris (Pammel 1895) Dowson 1939	https://ncppb.fera.co.uk/furtherinfo/3313
NCPPB 3314	v1+v2+v3	yes	yes	yes	unchanged	changed	changed		alternative_names	alternative_names	Xanthomonas vesicatoria (ex Doidge 1920) Vauterin et al. 1995	Xanthomonas vesicatoria (ex Doidge 1920) Vauterin et al. 1995	Xanthomonas vesicatoria (ex Doidge 1920) Vauterin et al. 1995	https://ncppb.fera.co.uk/furtherinfo/3314
NCPPB 3315	v1+v2+v3	yes	yes	yes	unchanged	changed	changed		alternative_names	alternative_names	Xanthomonas vesicatoria (ex Doidge 1920) Vauterin et al. 1995	Xanthomonas vesicatoria (ex Doidge 1920) Vauterin et al. 1995	Xanthomonas vesicatoria (ex Doidge 1920) Vauterin et al. 1995	https://ncppb.fera.co.uk/furtherinfo/3315
NCPPB 3329	v1+v2+v3	yes	yes	yes	unchanged	unchanged	unchanged				Xanthomonas hortorum pv. pelargonii (Brown 1923) Vauterin et al. 1995	Xanthomonas hortorum pv. pelargonii (Brown 1923) Vauterin et al. 1995	Xanthomonas hortorum pv. pelargonii (Brown 1923) Vauterin et al. 1995	https://ncppb.fera.co.uk/furtherinfo/3329
NCPPB 3330	v1+v2+v3	yes	yes	yes	unchanged	unchanged	unchanged				Xanthomonas hortorum pv. pelargonii (Brown 1923) Vauterin et al. 1995	Xanthomonas hortorum pv. pelargonii (Brown 1923) Vauterin et al. 1995	Xanthomonas hortorum pv. pelargonii (Brown 1923) Vauterin et al. 1995	https://ncppb.fera.co.uk/furtherinfo/3330
NCPPB 3339	v3	no	no	yes	not_in_pair	added	added						Xanthomonas arboricola pv. corylina (Miller et al. 1940) Vauterin et al. 1995	https://ncppb.fera.co.uk/furtherinfo/3339
NCPPB 3340	v3	no	no	yes	not_in_pair	added	added						Xanthomonas arboricola pv. juglandis (Pierce 1901) Vauterin et al. 1995	https://ncppb.fera.co.uk/furtherinfo/3340
NCPPB 3361	v1+v2+v3	yes	yes	yes	unchanged	unchanged	unchanged				Xanthomonas oryzae pv. oryzicola (Fang et al. 1957) Swings et al. 1990	Xanthomonas oryzae pv. oryzicola (Fang et al. 1957) Swings et al. 1990	Xanthomonas oryzae pv. oryzicola (Fang et al. 1957) Swings et al. 1990	https://ncppb.fera.co.uk/furtherinfo/3361
NCPPB 3363	v1+v2+v3	yes	yes	yes	unchanged	changed	changed		alternative_names	alternative_names	Xanthomonas oryzae pv. oryzae (Ishiyama 1922) Swings et al. 1990	Xanthomonas oryzae pv. oryzae (Ishiyama 1922) Swings et al. 1990	Xanthomonas oryzae pv. oryzae (Ishiyama 1922) Swings et al. 1990	https://ncppb.fera.co.uk/furtherinfo/3363
NCPPB 3380	v1+v2+v3	yes	yes	yes	unchanged	changed	changed		alternative_names	alternative_names	Xanthomonas phaseoli pv. dieffenbachiae (McCulloch & Pirone 1939) Constantin et al. 2016 comb. nov.	Xanthomonas phaseoli pv. dieffenbachiae (McCulloch & Pirone 1939) Constantin et al. 2016 comb. nov.	Xanthomonas phaseoli pv. dieffenbachiae (McCulloch & Pirone 1939) Constantin et al. 2016 comb. nov.	https://ncppb.fera.co.uk/furtherinfo/3380
NCPPB 3381	v1+v2+v3	yes	yes	yes	unchanged	unchanged	unchanged				Xanthomonas hortorum pv. pelargonii (Brown 1923) Vauterin et al. 1995	Xanthomonas hortorum pv. pelargonii (Brown 1923) Vauterin et al. 1995	Xanthomonas hortorum pv. pelargonii (Brown 1923) Vauterin et al. 1995	https://ncppb.fera.co.uk/furtherinfo/3381
NCPPB 3382	v1+v2+v3	yes	yes	yes	unchanged	unchanged	unchanged				Xanthomonas hyacinthi (Wakker 1883) Vauterin et al. 1995	Xanthomonas hyacinthi (Wakker 1883) Vauterin et al. 1995	Xanthomonas hyacinthi (Wakker 1883) Vauterin et al. 1995	https://ncppb.fera.co.uk/furtherinfo/3382
NCPPB 3426	v1+v2+v3	yes	yes	yes	unchanged	unchanged	unchanged				Xanthomonas populi (ex Ridé 1958) van den Mooter & Swings 1990	Xanthomonas populi (ex Ridé 1958) van den Mooter & Swings 1990	Xanthomonas populi (ex Ridé 1958) van den Mooter & Swings 1990	https://ncppb.fera.co.uk/furtherinfo/3426
NCPPB 3434	v1+v2+v3	yes	yes	yes	unchanged	unchanged	unchanged				Xanthomonas melonis Vauterin et al. 1995	Xanthomonas melonis Vauterin et al. 1995	Xanthomonas melonis Vauterin et al. 1995	https://ncppb.fera.co.uk/furtherinfo/3434
NCPPB 3435	v1+v2+v3	yes	yes	yes	unchanged	unchanged	unchanged				Xanthomonas melonis Vauterin et al. 1995	Xanthomonas melonis Vauterin et al. 1995	Xanthomonas melonis Vauterin et al. 1995	https://ncppb.fera.co.uk/furtherinfo/3435
NCPPB 3437	v1+v2+v3	yes	yes	yes	unchanged	changed	changed		alternative_names	alternative_names	Xanthomonas phaseoli pv. passiflorae (Pereira 1969) Harrison et al. 2023	Xanthomonas phaseoli pv. passiflorae (Pereira 1969) Harrison et al. 2023	Xanthomonas phaseoli pv. passiflorae (Pereira 1969) Harrison et al. 2023	https://ncppb.fera.co.uk/furtherinfo/3437
NCPPB 3438	v1+v2+v3	yes	yes	yes	unchanged	changed	changed		alternative_names	alternative_names	Xanthomonas phaseoli pv. passiflorae (Pereira 1969) Harrison et al. 2023	Xanthomonas phaseoli pv. passiflorae (Pereira 1969) Harrison et al. 2023	Xanthomonas phaseoli pv. passiflorae (Pereira 1969) Harrison et al. 2023	https://ncppb.fera.co.uk/furtherinfo/3438
NCPPB 3440	v1+v2+v3	yes	yes	yes	unchanged	unchanged	unchanged				Xanthomonas hortorum pv. carotae (Kendrick 1934) Vauterin et al. 1995	Xanthomonas hortorum pv. carotae (Kendrick 1934) Vauterin et al. 1995	Xanthomonas hortorum pv. carotae (Kendrick 1934) Vauterin et al. 1995	https://ncppb.fera.co.uk/furtherinfo/3440
NCPPB 3441	v1+v2+v3	yes	yes	yes	unchanged	changed	changed		alternative_names	alternative_names	Xanthomonas sp. Dowson 1939	Xanthomonas sp. Dowson 1939	Xanthomonas sp. Dowson 1939	https://ncppb.fera.co.uk/furtherinfo/3441
NCPPB 3442	v1+v2+v3	yes	yes	yes	unchanged	changed	changed		alternative_names	alternative_names	Xanthomonas sp. Dowson 1939	Xanthomonas sp. Dowson 1939	Xanthomonas sp. Dowson 1939	https://ncppb.fera.co.uk/furtherinfo/3442
NCPPB 3443	v1+v2+v3	yes	yes	yes	unchanged	changed	changed		alternative_names	alternative_names	Xanthomonas sp. Dowson 1939	Xanthomonas sp. Dowson 1939	Xanthomonas sp. Dowson 1939	https://ncppb.fera.co.uk/furtherinfo/3443
NCPPB 3456	v1+v2+v3	yes	yes	yes	unchanged	unchanged	unchanged				Xanthomonas hortorum pv. pelargonii (Brown 1923) Vauterin et al. 1995	Xanthomonas hortorum pv. pelargonii (Brown 1923) Vauterin et al. 1995	Xanthomonas hortorum pv. pelargonii (Brown 1923) Vauterin et al. 1995	https://ncppb.fera.co.uk/furtherinfo/3456
NCPPB 3457	v1+v2+v3	yes	yes	yes	unchanged	unchanged	unchanged				Xanthomonas hortorum pv. pelargonii (Brown 1923) Vauterin et al. 1995	Xanthomonas hortorum pv. pelargonii (Brown 1923) Vauterin et al. 1995	Xanthomonas hortorum pv. pelargonii (Brown 1923) Vauterin et al. 1995	https://ncppb.fera.co.uk/furtherinfo/3457
NCPPB 3479	v1+v2+v3	yes	yes	yes	unchanged	changed	changed		alternative_names	alternative_names	Xanthomonas citri pv. aracearum (Berniac 1974) Constantin et al. 2016 comb. nov.	Xanthomonas citri pv. aracearum (Berniac 1974) Constantin et al. 2016 comb. nov.	Xanthomonas citri pv. aracearum (Berniac 1974) Constantin et al. 2016 comb. nov.	https://ncppb.fera.co.uk/furtherinfo/3479
NCPPB 3484	v1+v2+v3	yes	yes	yes	unchanged	unchanged	unchanged				Xylophilus ampelinus (Panagopoulos 1969) Willems et al. 1987	Xylophilus ampelinus (Panagopoulos 1969) Willems et al. 1987	Xylophilus ampelinus (Panagopoulos 1969) Willems et al. 1987	https://ncppb.fera.co.uk/furtherinfo/3484
NCPPB 3559	v1+v2+v3	yes	yes	yes	unchanged	changed	changed		alternative_names	alternative_names	Xanthomonas euvesicatoria pv. paulliniae (Robbs, Medieros & Kimura 1982) Harrison et al. 2023	Xanthomonas euvesicatoria pv. paulliniae (Robbs, Medieros & Kimura 1982) Harrison et al. 2023	Xanthomonas euvesicatoria pv. paulliniae (Robbs, Medieros & Kimura 1982) Harrison et al. 2023	https://ncppb.fera.co.uk/furtherinfo/3559
NCPPB 3560	v1+v2+v3	yes	yes	yes	unchanged	changed	changed		alternative_names	alternative_names	Xanthomonas euvesicatoria pv. viegasii (Robbs et al. 1989) Harrison et al. 2023	Xanthomonas euvesicatoria pv. viegasii (Robbs et al. 1989) Harrison et al. 2023	Xanthomonas euvesicatoria pv. viegasii (Robbs et al. 1989) Harrison et al. 2023	https://ncppb.fera.co.uk/furtherinfo/3560
NCPPB 3561	v1+v2+v3	yes	yes	yes	unchanged	changed	changed		alternative_names	alternative_names	Xanthomonas euvesicatoria pv. viegasii (Robbs et al. 1989) Harrison et al. 2023	Xanthomonas euvesicatoria pv. viegasii (Robbs et al. 1989) Harrison et al. 2023	Xanthomonas euvesicatoria pv. viegasii (Robbs et al. 1989) Harrison et al. 2023	https://ncppb.fera.co.uk/furtherinfo/3561
NCPPB 3562	v1+v2+v3	yes	yes	yes	unchanged	changed	changed		alternative_names	alternative_names	Xanthomonas citri pv. citri (Hasse 1915) Constantin 2016 comb. nov.	Xanthomonas citri pv. citri (Hasse 1915) Constantin 2016 comb. nov.	Xanthomonas citri pv. citri (Hasse 1915) Constantin 2016 comb. nov.	https://ncppb.fera.co.uk/furtherinfo/3562
NCPPB 3563	v1+v2+v3	yes	yes	yes	unchanged	changed	changed		alternative_names	alternative_names	Xanthomonas citri pv. punicae (Hingorani & Singh 1959) Constantin et al. 2016 comb. nov.	Xanthomonas citri pv. punicae (Hingorani & Singh 1959) Constantin et al. 2016 comb. nov.	Xanthomonas citri pv. punicae (Hingorani & Singh 1959) Constantin et al. 2016 comb. nov.	https://ncppb.fera.co.uk/furtherinfo/3563
NCPPB 3566	v1+v2+v3	yes	yes	yes	unchanged	unchanged	unchanged				Xanthomonas campestris pv. campestris (Pammel 1895) Dowson 1939	Xanthomonas campestris pv. campestris (Pammel 1895) Dowson 1939	Xanthomonas campestris pv. campestris (Pammel 1895) Dowson 1939	https://ncppb.fera.co.uk/furtherinfo/3566
NCPPB 3567	v1+v2+v3	yes	yes	yes	unchanged	unchanged	unchanged				Xanthomonas campestris pv. campestris (Pammel 1895) Dowson 1939	Xanthomonas campestris pv. campestris (Pammel 1895) Dowson 1939	Xanthomonas campestris pv. campestris (Pammel 1895) Dowson 1939	https://ncppb.fera.co.uk/furtherinfo/3567
NCPPB 3568	v1+v2+v3	yes	yes	yes	unchanged	unchanged	unchanged				Xanthomonas campestris pv. centellae Basnyat & Kulkarni 1979	Xanthomonas campestris pv. centellae Basnyat & Kulkarni 1979	Xanthomonas campestris pv. centellae Basnyat & Kulkarni 1979	https://ncppb.fera.co.uk/furtherinfo/3568
NCPPB 3569	v1+v2+v3	yes	yes	yes	unchanged	changed	changed		alternative_names	alternative_names	Xanthomonas sp. Dowson 1939	Xanthomonas sp. Dowson 1939	Xanthomonas sp. Dowson 1939	https://ncppb.fera.co.uk/furtherinfo/3569
NCPPB 3570	v1+v2+v3	yes	yes	yes	unchanged	changed	changed		alternative_names	alternative_names	Xanthomonas sp. Dowson 1939	Xanthomonas sp. Dowson 1939	Xanthomonas sp. Dowson 1939	https://ncppb.fera.co.uk/furtherinfo/3570
NCPPB 3573	v1+v2+v3	yes	yes	yes	unchanged	changed	changed		alternative_names	alternative_names	Xanthomonas phaseoli pv. dieffenbachiae (McCulloch & Pirone 1939) Constantin et al. 2016 comb. nov.	Xanthomonas phaseoli pv. dieffenbachiae (McCulloch & Pirone 1939) Constantin et al. 2016 comb. nov.	Xanthomonas phaseoli pv. dieffenbachiae (McCulloch & Pirone 1939) Constantin et al. 2016 comb. nov.	https://ncppb.fera.co.uk/furtherinfo/3573
NCPPB 3582	v1+v2+v3	yes	yes	yes	unchanged	changed	changed		current_name; name_as_received; alternative_names	current_name; name_as_received; alternative_names; notes	Xanthomonas sp. Dowson 1939	Xanthomonas sp. Dowson 1939	Xanthomonas codiaei Vauterin et al. 1995	https://ncppb.fera.co.uk/furtherinfo/3582
NCPPB 3583	v1+v2+v3	yes	yes	yes	unchanged	changed	changed		alternative_names	alternative_names	Xanthomonas sp. Dowson 1939	Xanthomonas sp. Dowson 1939	Xanthomonas sp. Dowson 1939	https://ncppb.fera.co.uk/furtherinfo/3583
NCPPB 3586	v1+v2+v3	yes	yes	yes	unchanged	changed	changed		alternative_names	alternative_names	Xanthomonas phaseoli pv. syngonii (Dickey & Zumoff 1987) Constantin et al. 2016 comb. nov.	Xanthomonas phaseoli pv. syngonii (Dickey & Zumoff 1987) Constantin et al. 2016 comb. nov.	Xanthomonas phaseoli pv. syngonii (Dickey & Zumoff 1987) Constantin et al. 2016 comb. nov.	https://ncppb.fera.co.uk/furtherinfo/3586
NCPPB 3587	v1+v2+v3	yes	yes	yes	unchanged	changed	changed		alternative_names	alternative_names	Xanthomonas phaseoli pv. syngonii (Dickey & Zumoff 1987) Constantin et al. 2016 comb. nov.	Xanthomonas phaseoli pv. syngonii (Dickey & Zumoff 1987) Constantin et al. 2016 comb. nov.	Xanthomonas phaseoli pv. syngonii (Dickey & Zumoff 1987) Constantin et al. 2016 comb. nov.	https://ncppb.fera.co.uk/furtherinfo/3587
NCPPB 3588	v1+v2+v3	yes	yes	yes	unchanged	unchanged	unchanged				Xanthomonas hortorum pv. hederae (Arnaud 1920) Vauterin et al. 1995	Xanthomonas hortorum pv. hederae (Arnaud 1920) Vauterin et al. 1995	Xanthomonas hortorum pv. hederae (Arnaud 1920) Vauterin et al. 1995	https://ncppb.fera.co.uk/furtherinfo/3588
NCPPB 3589	v1+v2+v3	yes	yes	yes	unchanged	unchanged	unchanged				Xanthomonas hortorum pv. hederae (Arnaud 1920) Vauterin et al. 1995	Xanthomonas hortorum pv. hederae (Arnaud 1920) Vauterin et al. 1995	Xanthomonas hortorum pv. hederae (Arnaud 1920) Vauterin et al. 1995	https://ncppb.fera.co.uk/furtherinfo/3589
NCPPB 3592	v1+v2+v3	yes	yes	yes	unchanged	changed	changed		alternative_names	alternative_names	Xanthomonas hortorum Vauterin et al. 1995	Xanthomonas hortorum Vauterin et al. 1995	Xanthomonas hortorum Vauterin et al. 1995	https://ncppb.fera.co.uk/furtherinfo/3592
NCPPB 3593	v1+v2+v3	yes	yes	yes	unchanged	changed	changed		alternative_names	alternative_names	Xanthomonas hortorum Vauterin et al. 1995	Xanthomonas hortorum Vauterin et al. 1995	Xanthomonas hortorum Vauterin et al. 1995	https://ncppb.fera.co.uk/furtherinfo/3593
NCPPB 3595	v1+v2+v3	yes	yes	yes	unchanged	changed	changed		alternative_names	alternative_names	Xanthomonas phaseoli pv. phaseoli (Smith 1897) Constantin et al. 2016 comb. nov.	Xanthomonas phaseoli pv. phaseoli (Smith 1897) Constantin et al. 2016 comb. nov.	Xanthomonas phaseoli pv. phaseoli (Smith 1897) Constantin et al. 2016 comb. nov.	https://ncppb.fera.co.uk/furtherinfo/3595
NCPPB 3596	v1+v2+v3	yes	yes	yes	unchanged	changed	changed		alternative_names	alternative_names	Xanthomonas citri pv. mangiferaeindicae (Patel et al. 1948) Constantin et al. 2016 comb. nov.	Xanthomonas citri pv. mangiferaeindicae (Patel et al. 1948) Constantin et al. 2016 comb. nov.	Xanthomonas citri pv. mangiferaeindicae (Patel et al. 1948) Constantin et al. 2016 comb. nov.	https://ncppb.fera.co.uk/furtherinfo/3596
NCPPB 3607	v1+v2+v3	yes	yes	yes	unchanged	changed	changed		alternative_names	alternative_names	Xanthomonas citri pv. citri (Hasse 1915) Constantin 2016 comb. nov.	Xanthomonas citri pv. citri (Hasse 1915) Constantin 2016 comb. nov.	Xanthomonas citri pv. citri (Hasse 1915) Constantin 2016 comb. nov.	https://ncppb.fera.co.uk/furtherinfo/3607
NCPPB 3608	v1+v2+v3	yes	yes	yes	unchanged	changed	changed		alternative_names	alternative_names	Xanthomonas citri pv. citri (Hasse 1915) Constantin 2016 comb. nov.	Xanthomonas citri pv. citri (Hasse 1915) Constantin 2016 comb. nov.	Xanthomonas citri pv. citri (Hasse 1915) Constantin 2016 comb. nov.	https://ncppb.fera.co.uk/furtherinfo/3608
NCPPB 3609	v1+v2+v3	yes	yes	yes	unchanged	changed	changed		alternative_names	alternative_names	Xanthomonas citri pv. aurantifolii Schaad et al. 2007	Xanthomonas citri pv. aurantifolii Schaad et al. 2007	Xanthomonas citri pv. aurantifolii Schaad et al. 2007	https://ncppb.fera.co.uk/furtherinfo/3609
NCPPB 3611	v1+v2+v3	yes	yes	yes	unchanged	unchanged	unchanged				Xanthomonas campestris pv. viticola (Nayudu 1972) Dye 1978	Xanthomonas campestris pv. viticola (Nayudu 1972) Dye 1978	Xanthomonas campestris pv. viticola (Nayudu 1972) Dye 1978	https://ncppb.fera.co.uk/furtherinfo/3611
NCPPB 3612	v1+v2+v3	yes	yes	yes	unchanged	changed	changed		alternative_names	alternative_names	Xanthomonas citri pv. citri (Hasse 1915) Constantin 2016 comb. nov.	Xanthomonas citri pv. citri (Hasse 1915) Constantin 2016 comb. nov.	Xanthomonas citri pv. citri (Hasse 1915) Constantin 2016 comb. nov.	https://ncppb.fera.co.uk/furtherinfo/3612
NCPPB 3614	v1+v2+v3	yes	yes	yes	unchanged	changed	changed		alternative_names	alternative_names	Xanthomonas vesicatoria (ex Doidge 1920) Vauterin et al. 1995	Xanthomonas vesicatoria (ex Doidge 1920) Vauterin et al. 1995	Xanthomonas vesicatoria (ex Doidge 1920) Vauterin et al. 1995	https://ncppb.fera.co.uk/furtherinfo/3614
NCPPB 3615	v1+v2+v3	yes	yes	yes	unchanged	changed	changed		alternative_names	alternative_names	Xanthomonas citri pv. citri (Hasse 1915) Constantin 2016 comb. nov.	Xanthomonas citri pv. citri (Hasse 1915) Constantin 2016 comb. nov.	Xanthomonas citri pv. citri (Hasse 1915) Constantin 2016 comb. nov.	https://ncppb.fera.co.uk/furtherinfo/3615
NCPPB 3638	v1+v2+v3	yes	yes	yes	unchanged	unchanged	unchanged				Xanthomonas campestris pv. parthenii Chand et al. 1995	Xanthomonas campestris pv. parthenii Chand et al. 1995	Xanthomonas campestris pv. parthenii Chand et al. 1995	https://ncppb.fera.co.uk/furtherinfo/3638
NCPPB 3639	v1+v2+v3	yes	yes	yes	unchanged	unchanged	unchanged				Xanthomonas campestris pv. parthenii Chand et al. 1995	Xanthomonas campestris pv. parthenii Chand et al. 1995	Xanthomonas campestris pv. parthenii Chand et al. 1995	https://ncppb.fera.co.uk/furtherinfo/3639
NCPPB 3640	v1+v2+v3	yes	yes	yes	unchanged	unchanged	unchanged				Xanthomonas campestris pv. parthenii Chand et al. 1995	Xanthomonas campestris pv. parthenii Chand et al. 1995	Xanthomonas campestris pv. parthenii Chand et al. 1995	https://ncppb.fera.co.uk/furtherinfo/3640
NCPPB 3641	v1+v2+v3	yes	yes	yes	unchanged	unchanged	unchanged				Xanthomonas campestris pv. parthenii Chand et al. 1995	Xanthomonas campestris pv. parthenii Chand et al. 1995	Xanthomonas campestris pv. parthenii Chand et al. 1995	https://ncppb.fera.co.uk/furtherinfo/3641
NCPPB 3642	v1+v2+v3	yes	yes	yes	unchanged	unchanged	unchanged				Xanthomonas campestris pv. viticola (Nayudu 1972) Dye 1978	Xanthomonas campestris pv. viticola (Nayudu 1972) Dye 1978	Xanthomonas campestris pv. viticola (Nayudu 1972) Dye 1978	https://ncppb.fera.co.uk/furtherinfo/3642
NCPPB 3646	v1+v2+v3	yes	yes	yes	unchanged	changed	changed		alternative_names	alternative_names	Xanthomonas cassavae (ex Wiehe & Dowson 1953) Vauterin et al. 1995	Xanthomonas cassavae (ex Wiehe & Dowson 1953) Vauterin et al. 1995	Xanthomonas cassavae (ex Wiehe & Dowson 1953) Vauterin et al. 1995	https://ncppb.fera.co.uk/furtherinfo/3646
NCPPB 3647	v1+v2+v3	yes	yes	yes	unchanged	changed	changed		alternative_names	alternative_names	Xanthomonas cassavae (ex Wiehe & Dowson 1953) Vauterin et al. 1995	Xanthomonas cassavae (ex Wiehe & Dowson 1953) Vauterin et al. 1995	Xanthomonas cassavae (ex Wiehe & Dowson 1953) Vauterin et al. 1995	https://ncppb.fera.co.uk/furtherinfo/3647
NCPPB 3651	v1+v2+v3	yes	yes	yes	unchanged	unchanged	unchanged				Xanthomonas hortorum pv. carotae (Kendrick 1934) Vauterin et al. 1995	Xanthomonas hortorum pv. carotae (Kendrick 1934) Vauterin et al. 1995	Xanthomonas hortorum pv. carotae (Kendrick 1934) Vauterin et al. 1995	https://ncppb.fera.co.uk/furtherinfo/3651
NCPPB 3652	v1+v2+v3	yes	yes	yes	unchanged	unchanged	unchanged				Xanthomonas hortorum pv. carotae (Kendrick 1934) Vauterin et al. 1995	Xanthomonas hortorum pv. carotae (Kendrick 1934) Vauterin et al. 1995	Xanthomonas hortorum pv. carotae (Kendrick 1934) Vauterin et al. 1995	https://ncppb.fera.co.uk/furtherinfo/3652
NCPPB 3653	v1+v2+v3	yes	yes	yes	unchanged	changed	changed		alternative_names	alternative_names	Xanthomonas citri pv. citri (Hasse 1915) Constantin 2016 comb. nov.	Xanthomonas citri pv. citri (Hasse 1915) Constantin 2016 comb. nov.	Xanthomonas citri pv. citri (Hasse 1915) Constantin 2016 comb. nov.	https://ncppb.fera.co.uk/furtherinfo/3653
NCPPB 3654	v1+v2+v3	yes	yes	yes	unchanged	changed	changed		alternative_names	alternative_names	Xanthomonas citri pv. aurantifolii (Schaad et al. 2007) Constantin et al. 2016 comb. nov.	Xanthomonas citri pv. aurantifolii (Schaad et al. 2007) Constantin et al. 2016 comb. nov.	Xanthomonas citri pv. aurantifolii (Schaad et al. 2007) Constantin et al. 2016 comb. nov.	https://ncppb.fera.co.uk/furtherinfo/3654
NCPPB 3655	v1+v2+v3	yes	yes	yes	unchanged	changed	changed		alternative_names	alternative_names	Xanthomonas citri pv. aurantifolii (Schaad et al. 2007) Constantin et al. 2016 comb. nov.	Xanthomonas citri pv. aurantifolii (Schaad et al. 2007) Constantin et al. 2016 comb. nov.	Xanthomonas citri pv. aurantifolii (Schaad et al. 2007) Constantin et al. 2016 comb. nov.	https://ncppb.fera.co.uk/furtherinfo/3655
NCPPB 3656	v1+v2+v3	yes	yes	yes	unchanged	changed	changed		alternative_names	alternative_names	Xanthomonas phaseoli pv. dieffenbachiae (McCulloch & Pirone 1939) Constantin et al. 2016 comb. nov.	Xanthomonas phaseoli pv. dieffenbachiae (McCulloch & Pirone 1939) Constantin et al. 2016 comb. nov.	Xanthomonas phaseoli pv. dieffenbachiae (McCulloch & Pirone 1939) Constantin et al. 2016 comb. nov.	https://ncppb.fera.co.uk/furtherinfo/3656
NCPPB 3657	v1+v2+v3	yes	yes	yes	unchanged	changed	changed		alternative_names	alternative_names	Xanthomonas phaseoli pv. dieffenbachiae (McCulloch & Pirone 1939) Constantin et al. 2016 comb. nov.	Xanthomonas phaseoli pv. dieffenbachiae (McCulloch & Pirone 1939) Constantin et al. 2016 comb. nov.	Xanthomonas phaseoli pv. dieffenbachiae (McCulloch & Pirone 1939) Constantin et al. 2016 comb. nov.	https://ncppb.fera.co.uk/furtherinfo/3657
NCPPB 3658	v1+v2+v3	yes	yes	yes	unchanged	changed	changed		alternative_names	alternative_names	Xanthomonas citri pv. glycines (Nakano 1919) Constantin et al. 2016 comb.nov.	Xanthomonas citri pv. glycines (Nakano 1919) Constantin et al. 2016 comb.nov.	Xanthomonas citri pv. glycines (Nakano 1919) Constantin et al. 2016 comb.nov.	https://ncppb.fera.co.uk/furtherinfo/3658
NCPPB 3659	v1+v2+v3	yes	yes	yes	unchanged	changed	changed		alternative_names	alternative_names	Xanthomonas citri pv. glycines (Nakano 1919) Constantin et al. 2016 comb.nov.	Xanthomonas citri pv. glycines (Nakano 1919) Constantin et al. 2016 comb.nov.	Xanthomonas citri pv. glycines (Nakano 1919) Constantin et al. 2016 comb.nov.	https://ncppb.fera.co.uk/furtherinfo/3659
NCPPB 3660	v1+v2+v3	yes	yes	yes	unchanged	changed	changed		alternative_names	alternative_names	Xanthomonas citri pv. fuscans (Schaad et al. 2007) Constantin et al. 2016 comb. nov.	Xanthomonas citri pv. fuscans (Schaad et al. 2007) Constantin et al. 2016 comb. nov.	Xanthomonas citri pv. fuscans (Schaad et al. 2007) Constantin et al. 2016 comb. nov.	https://ncppb.fera.co.uk/furtherinfo/3660
NCPPB 3661	v1+v2+v3	yes	yes	yes	unchanged	unchanged	unchanged				Xanthomonas arboricola pv. pruni (Smith 1903) Vauterin et al. 1995	Xanthomonas arboricola pv. pruni (Smith 1903) Vauterin et al. 1995	Xanthomonas arboricola pv. pruni (Smith 1903) Vauterin et al. 1995	https://ncppb.fera.co.uk/furtherinfo/3661
NCPPB 3662	v1+v2+v3	yes	yes	yes	unchanged	unchanged	unchanged				Xanthomonas axonopodis pv. ricini (Yoshi & Takimoto 1928) Vauterin et al. 1995	Xanthomonas axonopodis pv. ricini (Yoshi & Takimoto 1928) Vauterin et al. 1995	Xanthomonas axonopodis pv. ricini (Yoshi & Takimoto 1928) Vauterin et al. 1995	https://ncppb.fera.co.uk/furtherinfo/3662
NCPPB 3663	v1+v2+v3	yes	yes	yes	unchanged	changed	changed		alternative_names	alternative_names	Xanthomonas hortorum pv. vitians Morinière et al. 2020	Xanthomonas hortorum pv. vitians Morinière et al. 2020	Xanthomonas hortorum pv. vitians Morinière et al. 2020	https://ncppb.fera.co.uk/furtherinfo/3663
NCPPB 3705	v1+v2+v3	yes	yes	yes	unchanged	unchanged	unchanged				Xanthomonas campestris pv. campestris (Pammel 1895) Dowson 1939	Xanthomonas campestris pv. campestris (Pammel 1895) Dowson 1939	Xanthomonas campestris pv. campestris (Pammel 1895) Dowson 1939	https://ncppb.fera.co.uk/furtherinfo/3705
NCPPB 3706	v1+v2+v3	yes	yes	yes	unchanged	unchanged	unchanged				Xanthomonas hortorum pv. pelargonii (Brown 1923) Vauterin et al. 1995	Xanthomonas hortorum pv. pelargonii (Brown 1923) Vauterin et al. 1995	Xanthomonas hortorum pv. pelargonii (Brown 1923) Vauterin et al. 1995	https://ncppb.fera.co.uk/furtherinfo/3706
NCPPB 3709	v1+v2+v3	yes	yes	yes	unchanged	changed	changed		alternative_names	alternative_names	Xanthomonas graminis pv. graminis Tambong et al. 2024	Xanthomonas graminis pv. graminis Tambong et al. 2024	Xanthomonas graminis pv. graminis Tambong et al. 2024	https://ncppb.fera.co.uk/furtherinfo/3709
NCPPB 3711	v1+v2+v3	yes	yes	yes	unchanged	changed	changed		alternative_names	alternative_names	Xanthomonas graminis pv. graminis Tambong et al. 2024	Xanthomonas graminis pv. graminis Tambong et al. 2024	Xanthomonas graminis pv. graminis Tambong et al. 2024	https://ncppb.fera.co.uk/furtherinfo/3711
NCPPB 3712	v1+v2+v3	yes	yes	yes	unchanged	changed	changed		alternative_names	alternative_names	Xanthomonas graminis pv. phlei Tambong et al. 2024	Xanthomonas graminis pv. phlei Tambong et al. 2024	Xanthomonas graminis pv. phlei Tambong et al. 2024	https://ncppb.fera.co.uk/furtherinfo/3712
NCPPB 3713	v1+v2+v3	yes	yes	yes	unchanged	changed	changed		alternative_names	alternative_names	Xanthomonas graminis pv. phlei Tambong et al. 2024	Xanthomonas graminis pv. phlei Tambong et al. 2024	Xanthomonas graminis pv. phlei Tambong et al. 2024	https://ncppb.fera.co.uk/furtherinfo/3713
NCPPB 3714	v1+v2+v3	yes	yes	yes	unchanged	changed	changed		alternative_names	alternative_names	Xanthomonas graminis pv. phlei Tambong et al. 2024	Xanthomonas graminis pv. phlei Tambong et al. 2024	Xanthomonas graminis pv. phlei Tambong et al. 2024	https://ncppb.fera.co.uk/furtherinfo/3714
NCPPB 3716	v1+v2+v3	yes	yes	yes	unchanged	changed	changed		alternative_names	alternative_names	Xanthomonas graminis pv. phlei Tambong et al. 2024	Xanthomonas graminis pv. phlei Tambong et al. 2024	Xanthomonas graminis pv. phlei Tambong et al. 2024	https://ncppb.fera.co.uk/furtherinfo/3716
NCPPB 3717	v1+v2+v3	yes	yes	yes	unchanged	changed	changed		alternative_names	alternative_names	Xanthomonas graminis pv. phlei Tambong et al. 2024	Xanthomonas graminis pv. phlei Tambong et al. 2024	Xanthomonas graminis pv. phlei Tambong et al. 2024	https://ncppb.fera.co.uk/furtherinfo/3717
NCPPB 3718	v1+v2+v3	yes	yes	yes	unchanged	changed	changed		alternative_names	alternative_names	Xanthomonas graminis pv. phlei Tambong et al. 2024	Xanthomonas graminis pv. phlei Tambong et al. 2024	Xanthomonas graminis pv. phlei Tambong et al. 2024	https://ncppb.fera.co.uk/furtherinfo/3718
NCPPB 3719	v1+v2+v3	yes	yes	yes	unchanged	changed	changed		alternative_names	alternative_names	Xanthomonas graminis pv. phlei Tambong et al. 2024	Xanthomonas graminis pv. phlei Tambong et al. 2024	Xanthomonas graminis pv. phlei Tambong et al. 2024	https://ncppb.fera.co.uk/furtherinfo/3719
NCPPB 3720	v1+v2+v3	yes	yes	yes	unchanged	changed	changed		alternative_names	alternative_names	Xanthomonas graminis pv. phlei Tambong et al. 2024	Xanthomonas graminis pv. phlei Tambong et al. 2024	Xanthomonas graminis pv. phlei Tambong et al. 2024	https://ncppb.fera.co.uk/furtherinfo/3720
NCPPB 3722	v1+v2+v3	yes	yes	yes	unchanged	changed	changed		host	host	Xanthomonas axonopodis pv. begoniae (Takimoto 1934) Vauterin et al. 1995	Xanthomonas axonopodis pv. begoniae (Takimoto 1934) Vauterin et al. 1995	Xanthomonas axonopodis pv. begoniae (Takimoto 1934) Vauterin et al. 1995	https://ncppb.fera.co.uk/furtherinfo/3722
NCPPB 3742	v1+v2+v3	yes	yes	yes	unchanged	changed	changed		alternative_names	alternative_names	Xanthomonas citri pv. aurantifolii (Schaad et al. 2007) Constantin et al. 2016 comb. nov.	Xanthomonas citri pv. aurantifolii (Schaad et al. 2007) Constantin et al. 2016 comb. nov.	Xanthomonas citri pv. aurantifolii (Schaad et al. 2007) Constantin et al. 2016 comb. nov.	https://ncppb.fera.co.uk/furtherinfo/3742
NCPPB 3743	v1+v2+v3	yes	yes	yes	unchanged	unchanged	unchanged				Xanthomonas fragariae Kennedy and King 1962	Xanthomonas fragariae Kennedy and King 1962	Xanthomonas fragariae Kennedy and King 1962	https://ncppb.fera.co.uk/furtherinfo/3743
NCPPB 3744	v1+v2+v3	yes	yes	yes	unchanged	unchanged	unchanged				Xanthomonas arboricola pv. pruni (Smith 1903) Vauterin et al. 1995	Xanthomonas arboricola pv. pruni (Smith 1903) Vauterin et al. 1995	Xanthomonas arboricola pv. pruni (Smith 1903) Vauterin et al. 1995	https://ncppb.fera.co.uk/furtherinfo/3744
NCPPB 3753	v1+v2+v3	yes	yes	yes	unchanged	unchanged	unchanged				Xanthomonas campestris pv. cannabis Severin 1978	Xanthomonas campestris pv. cannabis Severin 1978	Xanthomonas campestris pv. cannabis Severin 1978	https://ncppb.fera.co.uk/furtherinfo/3753
NCPPB 3754	v1+v2+v3	yes	yes	yes	unchanged	unchanged	unchanged				Xanthomonas campestris pv. cannabis Severin 1978	Xanthomonas campestris pv. cannabis Severin 1978	Xanthomonas campestris pv. cannabis Severin 1978	https://ncppb.fera.co.uk/furtherinfo/3754
NCPPB 3758	v1+v2+v3	yes	yes	yes	unchanged	unchanged	unchanged				Xanthomonas axonopodis pv. cyamopsidis (Patel et al.1953) Vauterin et al. 1995	Xanthomonas axonopodis pv. cyamopsidis (Patel et al.1953) Vauterin et al. 1995	Xanthomonas axonopodis pv. cyamopsidis (Patel et al.1953) Vauterin et al. 1995	https://ncppb.fera.co.uk/furtherinfo/3758
NCPPB 3759	v1+v2+v3	yes	yes	yes	unchanged	changed	changed		alternative_names	alternative_names; notes	Xanthomonas euvesicatoria pv. obscurae (Chand & Singh 1994) Harrison et al. 2023	Xanthomonas euvesicatoria pv. obscurae (Chand & Singh 1994) Harrison et al. 2023	Xanthomonas euvesicatoria pv. obscurae (Chand & Singh 1994) Harrison et al. 2023	https://ncppb.fera.co.uk/furtherinfo/3759
NCPPB 3761	v1+v2+v3	yes	yes	yes	unchanged	changed	changed		alternative_names	alternative_names	Xanthomonas sp. Dowson 1939	Xanthomonas sp. Dowson 1939	Xanthomonas sp. Dowson 1939	https://ncppb.fera.co.uk/furtherinfo/3761
NCPPB 3776	v1+v2+v3	yes	yes	yes	unchanged	unchanged	unchanged				Xanthomonas arboricola pv. corylina (Miller et al. 1940) Vauterin et al. 1995	Xanthomonas arboricola pv. corylina (Miller et al. 1940) Vauterin et al. 1995	Xanthomonas arboricola pv. corylina (Miller et al. 1940) Vauterin et al. 1995	https://ncppb.fera.co.uk/furtherinfo/3776
NCPPB 3786	v1+v2+v3	yes	yes	yes	unchanged	changed	changed		alternative_names	alternative_names	Xanthomonas vesicatoria (ex Doidge 1920) Vauterin et al. 1995	Xanthomonas vesicatoria (ex Doidge 1920) Vauterin et al. 1995	Xanthomonas vesicatoria (ex Doidge 1920) Vauterin et al. 1995	https://ncppb.fera.co.uk/furtherinfo/3786
NCPPB 3795	v1+v2+v3	yes	yes	yes	unchanged	changed	changed		alternative_names	alternative_names	Xanthomonas euvesicatoria pv. fici (Cavara 1905) Harrison et al. 2023	Xanthomonas euvesicatoria pv. fici (Cavara 1905) Harrison et al. 2023	Xanthomonas euvesicatoria pv. fici (Cavara 1905) Harrison et al. 2023	https://ncppb.fera.co.uk/furtherinfo/3795
NCPPB 3796	v1+v2+v3	yes	yes	yes	unchanged	changed	changed		alternative_names	alternative_names	Xanthomonas euvesicatoria pv. fici (Cavara 1905) Harrison et al. 2023	Xanthomonas euvesicatoria pv. fici (Cavara 1905) Harrison et al. 2023	Xanthomonas euvesicatoria pv. fici (Cavara 1905) Harrison et al. 2023	https://ncppb.fera.co.uk/furtherinfo/3796
NCPPB 3797	v1+v2+v3	yes	yes	yes	unchanged	changed	changed		alternative_names	alternative_names	Xanthomonas euvesicatoria pv. fici (Cavara 1905) Harrison et al. 2023	Xanthomonas euvesicatoria pv. fici (Cavara 1905) Harrison et al. 2023	Xanthomonas euvesicatoria pv. fici (Cavara 1905) Harrison et al. 2023	https://ncppb.fera.co.uk/furtherinfo/3797
NCPPB 3799	v1+v2+v3	yes	yes	yes	unchanged	changed	changed		alternative_names	alternative_names	Xanthomonas citri pv. citri (Hasse 1915) Constantin 2016 comb. nov.	Xanthomonas citri pv. citri (Hasse 1915) Constantin 2016 comb. nov.	Xanthomonas citri pv. citri (Hasse 1915) Constantin 2016 comb. nov.	https://ncppb.fera.co.uk/furtherinfo/3799
NCPPB 3800	v1+v2+v3	yes	yes	yes	unchanged	changed	changed		alternative_names	alternative_names	Xanthomonas vesicatoria (ex Doidge 1920) Vauterin et al. 1995	Xanthomonas vesicatoria (ex Doidge 1920) Vauterin et al. 1995	Xanthomonas vesicatoria (ex Doidge 1920) Vauterin et al. 1995	https://ncppb.fera.co.uk/furtherinfo/3800
NCPPB 3801	v1+v2+v3	yes	yes	yes	unchanged	changed	changed		alternative_names	alternative_names	Xanthomonas vesicatoria (ex Doidge 1920) Vauterin et al. 1995	Xanthomonas vesicatoria (ex Doidge 1920) Vauterin et al. 1995	Xanthomonas vesicatoria (ex Doidge 1920) Vauterin et al. 1995	https://ncppb.fera.co.uk/furtherinfo/3801
NCPPB 3829	v1+v2+v3	yes	yes	yes	unchanged	changed	changed		alternative_names	alternative_names	Xanthomonas graminis pv. phlei Tambong et al. 2024	Xanthomonas graminis pv. phlei Tambong et al. 2024	Xanthomonas graminis pv. phlei Tambong et al. 2024	https://ncppb.fera.co.uk/furtherinfo/3829
NCPPB 3830	v1+v2+v3	yes	yes	yes	unchanged	changed	changed		alternative_names	alternative_names	Xanthomonas graminis pv. phlei Tambong et al. 2024	Xanthomonas graminis pv. phlei Tambong et al. 2024	Xanthomonas graminis pv. phlei Tambong et al. 2024	https://ncppb.fera.co.uk/furtherinfo/3830
NCPPB 3831	v1+v2+v3	yes	yes	yes	unchanged	changed	changed		alternative_names	alternative_names	Xanthomonas graminis pv. phlei Tambong et al. 2024	Xanthomonas graminis pv. phlei Tambong et al. 2024	Xanthomonas graminis pv. phlei Tambong et al. 2024	https://ncppb.fera.co.uk/furtherinfo/3831
NCPPB 3832	v1+v2+v3	yes	yes	yes	unchanged	changed	changed		alternative_names	alternative_names	Xanthomonas citri pv. citri (Hasse 1915) Constantin 2016 comb. nov.	Xanthomonas citri pv. citri (Hasse 1915) Constantin 2016 comb. nov.	Xanthomonas citri pv. citri (Hasse 1915) Constantin 2016 comb. nov.	https://ncppb.fera.co.uk/furtherinfo/3832
NCPPB 3870	v1+v2+v3	yes	yes	yes	unchanged	unchanged	unchanged				Xanthomonas arboricola pv. corylina (Miller et al. 1940) Vauterin et al. 1995	Xanthomonas arboricola pv. corylina (Miller et al. 1940) Vauterin et al. 1995	Xanthomonas arboricola pv. corylina (Miller et al. 1940) Vauterin et al. 1995	https://ncppb.fera.co.uk/furtherinfo/3870
NCPPB 3875	v1+v2+v3	yes	yes	yes	unchanged	unchanged	unchanged				Xanthomonas arboricola pv. corylina (Miller et al. 1940) Vauterin et al. 1995	Xanthomonas arboricola pv. corylina (Miller et al. 1940) Vauterin et al. 1995	Xanthomonas arboricola pv. corylina (Miller et al. 1940) Vauterin et al. 1995	https://ncppb.fera.co.uk/furtherinfo/3875
NCPPB 3876	v1+v2+v3	yes	yes	yes	unchanged	unchanged	unchanged				Xanthomonas arboricola pv. corylina (Miller et al. 1940) Vauterin et al. 1995	Xanthomonas arboricola pv. corylina (Miller et al. 1940) Vauterin et al. 1995	Xanthomonas arboricola pv. corylina (Miller et al. 1940) Vauterin et al. 1995	https://ncppb.fera.co.uk/furtherinfo/3876
NCPPB 3877	v1+v2+v3	yes	yes	yes	unchanged	unchanged	changed			notes	Xanthomonas arboricola pv. pruni (Smith 1903) Vauterin et al. 1995	Xanthomonas arboricola pv. pruni (Smith 1903) Vauterin et al. 1995	Xanthomonas arboricola pv. pruni (Smith 1903) Vauterin et al. 1995	https://ncppb.fera.co.uk/furtherinfo/3877
NCPPB 3878	v1+v2+v3	yes	yes	yes	unchanged	unchanged	unchanged				Xanthomonas arboricola pv. pruni (Smith 1903) Vauterin et al. 1995	Xanthomonas arboricola pv. pruni (Smith 1903) Vauterin et al. 1995	Xanthomonas arboricola pv. pruni (Smith 1903) Vauterin et al. 1995	https://ncppb.fera.co.uk/furtherinfo/3878
NCPPB 3880	v1+v2+v3	yes	yes	yes	unchanged	changed	changed		alternative_names	alternative_names	Pseudomonas syringae pv. pisi (Sacket 1916) Young, Dye & Wilkie 1978	Pseudomonas syringae pv. pisi (Sacket 1916) Young, Dye & Wilkie 1978	Pseudomonas syringae pv. pisi (Sacket 1916) Young, Dye & Wilkie 1978	https://ncppb.fera.co.uk/furtherinfo/3880
NCPPB 3883	v1+v2+v3	yes	yes	yes	unchanged	changed	changed		alternative_names	alternative_names	Xanthomonas sp. Dowson 1939	Xanthomonas sp. Dowson 1939	Xanthomonas sp. Dowson 1939	https://ncppb.fera.co.uk/furtherinfo/3883
NCPPB 3884	v1+v2+v3	yes	yes	yes	unchanged	changed	changed		alternative_names	alternative_names	Xanthomonas sp. Dowson 1939	Xanthomonas sp. Dowson 1939	Xanthomonas sp. Dowson 1939	https://ncppb.fera.co.uk/furtherinfo/3884
NCPPB 3885	v1+v2+v3	yes	yes	yes	unchanged	changed	changed		alternative_names	alternative_names	Xanthomonas citri pv. vignicola (Burkholder 1944) Constantin et al. 2016 comb. nov.	Xanthomonas citri pv. vignicola (Burkholder 1944) Constantin et al. 2016 comb. nov.	Xanthomonas citri pv. vignicola (Burkholder 1944) Constantin et al. 2016 comb. nov.	https://ncppb.fera.co.uk/furtherinfo/3885
NCPPB 3886	v1+v2+v3	yes	yes	yes	unchanged	changed	changed		alternative_names	alternative_names	Xanthomonas euvesicatoria pv. fici (Cavara 1905) Harrison et al. 2023	Xanthomonas euvesicatoria pv. fici (Cavara 1905) Harrison et al. 2023	Xanthomonas euvesicatoria pv. fici (Cavara 1905) Harrison et al. 2023	https://ncppb.fera.co.uk/furtherinfo/3886
NCPPB 3887	v1+v2+v3	yes	yes	yes	unchanged	changed	changed		alternative_names	alternative_names	Xanthomonas euvesicatoria pv. fici (Cavara 1905) Harrison et al. 2023	Xanthomonas euvesicatoria pv. fici (Cavara 1905) Harrison et al. 2023	Xanthomonas euvesicatoria pv. fici (Cavara 1905) Harrison et al. 2023	https://ncppb.fera.co.uk/furtherinfo/3887
NCPPB 3888	v1+v2+v3	yes	yes	yes	unchanged	unchanged	unchanged				Xanthomonas campestris pv. parthenii Chand et al. 1995	Xanthomonas campestris pv. parthenii Chand et al. 1995	Xanthomonas campestris pv. parthenii Chand et al. 1995	https://ncppb.fera.co.uk/furtherinfo/3888
NCPPB 3890	v1+v2+v3	yes	yes	yes	unchanged	unchanged	unchanged				Xanthomonas campestris pv. campestris (Pammel 1895) Dowson 1939	Xanthomonas campestris pv. campestris (Pammel 1895) Dowson 1939	Xanthomonas campestris pv. campestris (Pammel 1895) Dowson 1939	https://ncppb.fera.co.uk/furtherinfo/3890
NCPPB 3925	v1+v2+v3	yes	yes	yes	unchanged	changed	changed		alternative_names	alternative_names	Xanthomonas citri pv. vignicola (Burkholder 1944) Constantin et al. 2016 comb. nov.	Xanthomonas citri pv. vignicola (Burkholder 1944) Constantin et al. 2016 comb. nov.	Xanthomonas citri pv. vignicola (Burkholder 1944) Constantin et al. 2016 comb. nov.	https://ncppb.fera.co.uk/furtherinfo/3925
NCPPB 3926	v1+v2+v3	yes	yes	yes	unchanged	changed	changed		alternative_names	alternative_names	Xanthomonas citri pv. vignicola (Burkholder 1944) Constantin et al. 2016 comb. nov.	Xanthomonas citri pv. vignicola (Burkholder 1944) Constantin et al. 2016 comb. nov.	Xanthomonas citri pv. vignicola (Burkholder 1944) Constantin et al. 2016 comb. nov.	https://ncppb.fera.co.uk/furtherinfo/3926
NCPPB 3927	v1+v2+v3	yes	yes	yes	unchanged	unchanged	unchanged				Xanthomonas campestris pv. campestris (Pammel 1895) Dowson 1939	Xanthomonas campestris pv. campestris (Pammel 1895) Dowson 1939	Xanthomonas campestris pv. campestris (Pammel 1895) Dowson 1939	https://ncppb.fera.co.uk/furtherinfo/3927
NCPPB 3931	v1+v2+v3	yes	yes	yes	unchanged	changed	changed		alternative_names	alternative_names	Xanthomonas hortorum pv. vitians Morinière et al. 2020	Xanthomonas hortorum pv. vitians Morinière et al. 2020	Xanthomonas hortorum pv. vitians Morinière et al. 2020	https://ncppb.fera.co.uk/furtherinfo/3931
NCPPB 3932	v1+v2+v3	yes	yes	yes	unchanged	changed	changed		alternative_names	alternative_names	Xanthomonas hortorum pv. vitians Morinière et al. 2020	Xanthomonas hortorum pv. vitians Morinière et al. 2020	Xanthomonas hortorum pv. vitians Morinière et al. 2020	https://ncppb.fera.co.uk/furtherinfo/3932
NCPPB 3942	v1+v2+v3	yes	yes	yes	unchanged	changed	changed		current_name	current_name	Xanthomonas sp. Dowson 1939	Xanthomonas sp. Dowson 1939	Xanthomonas euvesicatoria Jones et al. 2006	https://ncppb.fera.co.uk/furtherinfo/3942
NCPPB 3943	v1+v2+v3	yes	yes	yes	unchanged	changed	changed		current_name	current_name	Xanthomonas sp. Dowson 1939	Xanthomonas sp. Dowson 1939	Xanthomonas euvesicatoria Jones et al. 2006	https://ncppb.fera.co.uk/furtherinfo/3943
NCPPB 3944	v1+v2+v3	yes	yes	yes	unchanged	unchanged	unchanged				Xanthomonas sp. Dowson 1939	Xanthomonas sp. Dowson 1939	Xanthomonas sp. Dowson 1939	https://ncppb.fera.co.uk/furtherinfo/3944
NCPPB 3947	v1+v2+v3	yes	yes	yes	unchanged	changed	changed		alternative_names	alternative_names	Xanthomonas citri pv. glycines (Nakano 1919) Constantin et al. 2016 comb.nov.	Xanthomonas citri pv. glycines (Nakano 1919) Constantin et al. 2016 comb.nov.	Xanthomonas citri pv. glycines (Nakano 1919) Constantin et al. 2016 comb.nov.	https://ncppb.fera.co.uk/furtherinfo/3947
NCPPB 3948	v1+v2+v3	yes	yes	yes	unchanged	unchanged	unchanged				Xanthomonas axonopodis pv. poinsettiicola (Patel et al. 1951) Vauterin et al. 1995	Xanthomonas axonopodis pv. poinsettiicola (Patel et al. 1951) Vauterin et al. 1995	Xanthomonas axonopodis pv. poinsettiicola (Patel et al. 1951) Vauterin et al. 1995	https://ncppb.fera.co.uk/furtherinfo/3948
NCPPB 3949	v1+v2+v3	yes	yes	yes	unchanged	unchanged	unchanged				Xanthomonas oryzae pv. oryzicola (Fang et al. 1957) Swings et al. 1990	Xanthomonas oryzae pv. oryzicola (Fang et al. 1957) Swings et al. 1990	Xanthomonas oryzae pv. oryzicola (Fang et al. 1957) Swings et al. 1990	https://ncppb.fera.co.uk/furtherinfo/3949
NCPPB 3950	v1+v2+v3	yes	yes	yes	unchanged	unchanged	unchanged				Xanthomonas arboricola pv. corylina (Miller et al. 1940) Vauterin et al. 1995	Xanthomonas arboricola pv. corylina (Miller et al. 1940) Vauterin et al. 1995	Xanthomonas arboricola pv. corylina (Miller et al. 1940) Vauterin et al. 1995	https://ncppb.fera.co.uk/furtherinfo/3950
NCPPB 3951	v1+v2+v3	yes	yes	yes	unchanged	changed	changed		alternative_names	alternative_names	Xanthomonas oryzae pv. oryzae (Ishiyama 1922) Swings et al. 1990	Xanthomonas oryzae pv. oryzae (Ishiyama 1922) Swings et al. 1990	Xanthomonas oryzae pv. oryzae (Ishiyama 1922) Swings et al. 1990	https://ncppb.fera.co.uk/furtherinfo/3951
NCPPB 3953	v1+v2+v3	yes	yes	yes	unchanged	unchanged	unchanged				Xanthomonas translucens pv. translucens (Jones et al. 1917) Vauterin et al. 1995	Xanthomonas translucens pv. translucens (Jones et al. 1917) Vauterin et al. 1995	Xanthomonas translucens pv. translucens (Jones et al. 1917) Vauterin et al. 1995	https://ncppb.fera.co.uk/furtherinfo/3953
NCPPB 3954	v1+v2+v3	yes	yes	yes	unchanged	changed	changed		alternative_names	alternative_names	Xanthomonas vesicatoria (ex Doidge 1920) Vauterin et al. 1995	Xanthomonas vesicatoria (ex Doidge 1920) Vauterin et al. 1995	Xanthomonas vesicatoria (ex Doidge 1920) Vauterin et al. 1995	https://ncppb.fera.co.uk/furtherinfo/3954
NCPPB 3955	v1+v2+v3	yes	yes	yes	unchanged	unchanged	unchanged				Xanthomonas translucens pv. undulosa (Smith et al. 1919) Vauterin et al. 1995	Xanthomonas translucens pv. undulosa (Smith et al. 1919) Vauterin et al. 1995	Xanthomonas translucens pv. undulosa (Smith et al. 1919) Vauterin et al. 1995	https://ncppb.fera.co.uk/furtherinfo/3955
NCPPB 3956	v1+v2+v3	yes	yes	yes	unchanged	unchanged	changed			notes	Xanthomonas sp. Dowson 1939	Xanthomonas sp. Dowson 1939	Xanthomonas sp. Dowson 1939	https://ncppb.fera.co.uk/furtherinfo/3956
NCPPB 3957	v1+v2+v3	yes	yes	yes	unchanged	changed	changed		current_name; name_as_received; alternative_names	current_name; name_as_received; alternative_names	Xanthomonas sp. Dowson 1939	Xanthomonas sp. Dowson 1939	Xanthomonas translucens (ex Jones et al. 1917) Vauterin et al. 1995	https://ncppb.fera.co.uk/furtherinfo/3957
NCPPB 3958	v3	no	no	yes	not_in_pair	added	added						Acidovorax sp. Willems et al. 1990 emend. Willems et al. 1992	https://ncppb.fera.co.uk/furtherinfo/3958
NCPPB 3959	v1+v2+v3	yes	yes	yes	unchanged	changed	changed		current_name	current_name	Xanthomonas sp. Dowson 1939	Xanthomonas sp. Dowson 1939	Xanthomonas hortorum Vauterin et al. 1995	https://ncppb.fera.co.uk/furtherinfo/3959
NCPPB 3960	v1+v2+v3	yes	yes	yes	unchanged	unchanged	unchanged				Xanthomonas hortorum pv. pelargonii (Brown 1923) Vauterin et al. 1995	Xanthomonas hortorum pv. pelargonii (Brown 1923) Vauterin et al. 1995	Xanthomonas hortorum pv. pelargonii (Brown 1923) Vauterin et al. 1995	https://ncppb.fera.co.uk/furtherinfo/3960
NCPPB 4013	v1+v2+v3	yes	yes	yes	unchanged	unchanged	unchanged				Xanthomonas campestris pv. asclepiadis Flynn & Vidaver 1995	Xanthomonas campestris pv. asclepiadis Flynn & Vidaver 1995	Xanthomonas campestris pv. asclepiadis Flynn & Vidaver 1995	https://ncppb.fera.co.uk/furtherinfo/4013
NCPPB 4014	v1+v2+v3	yes	yes	yes	unchanged	unchanged	unchanged				Xanthomonas campestris pv. asclepiadis Flynn & Vidaver 1995	Xanthomonas campestris pv. asclepiadis Flynn & Vidaver 1995	Xanthomonas campestris pv. asclepiadis Flynn & Vidaver 1995	https://ncppb.fera.co.uk/furtherinfo/4014
NCPPB 4015	v1+v2+v3	yes	yes	yes	unchanged	unchanged	unchanged				Xanthomonas campestris pv. asclepiadis Flynn & Vidaver 1995	Xanthomonas campestris pv. asclepiadis Flynn & Vidaver 1995	Xanthomonas campestris pv. asclepiadis Flynn & Vidaver 1995	https://ncppb.fera.co.uk/furtherinfo/4015
NCPPB 4031	v1+v2+v3	yes	yes	yes	unchanged	unchanged	unchanged				Xanthomonas hortorum pv. pelargonii (Brown 1923) Vauterin et al. 1995	Xanthomonas hortorum pv. pelargonii (Brown 1923) Vauterin et al. 1995	Xanthomonas hortorum pv. pelargonii (Brown 1923) Vauterin et al. 1995	https://ncppb.fera.co.uk/furtherinfo/4031
NCPPB 4032	v1+v2+v3	yes	yes	yes	unchanged	unchanged	unchanged				Xanthomonas hortorum pv. pelargonii (Brown 1923) Vauterin et al. 1995	Xanthomonas hortorum pv. pelargonii (Brown 1923) Vauterin et al. 1995	Xanthomonas hortorum pv. pelargonii (Brown 1923) Vauterin et al. 1995	https://ncppb.fera.co.uk/furtherinfo/4032
NCPPB 4033	v1+v2+v3	yes	yes	yes	unchanged	changed	changed		alternative_names	alternative_names	Xanthomonas hortorum pv. vitians Morinière et al. 2020	Xanthomonas hortorum pv. vitians Morinière et al. 2020	Xanthomonas hortorum pv. vitians Morinière et al. 2020	https://ncppb.fera.co.uk/furtherinfo/4033
NCPPB 4034	v1+v2+v3	yes	yes	yes	unchanged	changed	changed		alternative_names	alternative_names	Xanthomonas hortorum pv. vitians Morinière et al. 2020	Xanthomonas hortorum pv. vitians Morinière et al. 2020	Xanthomonas hortorum pv. vitians Morinière et al. 2020	https://ncppb.fera.co.uk/furtherinfo/4034
NCPPB 4037	v1+v2+v3	yes	yes	yes	unchanged	changed	changed		alternative_names	alternative_names	Xanthomonas sp. Dowson 1939	Xanthomonas sp. Dowson 1939	Xanthomonas sp. Dowson 1939	https://ncppb.fera.co.uk/furtherinfo/4037
NCPPB 4058	v1+v2+v3	yes	yes	yes	unchanged	changed	changed		alternative_names	alternative_names	Xanthomonas hortorum pv. vitians Morinière et al. 2020	Xanthomonas hortorum pv. vitians Morinière et al. 2020	Xanthomonas hortorum pv. vitians Morinière et al. 2020	https://ncppb.fera.co.uk/furtherinfo/4058
NCPPB 4181	v1+v2+v3	yes	yes	yes	unchanged	unchanged	unchanged				Xanthomonas fragariae Kennedy and King 1962	Xanthomonas fragariae Kennedy and King 1962	Xanthomonas fragariae Kennedy and King 1962	https://ncppb.fera.co.uk/furtherinfo/4181
NCPPB 4182	v3	no	no	yes	not_in_pair	added	added						Xanthomonas arboricola pv. fragariae Janse et al 2001	https://ncppb.fera.co.uk/furtherinfo/4182
NCPPB 4183	v1+v2+v3	yes	yes	yes	unchanged	unchanged	unchanged				Xanthomonas arboricola pv. fragariae Janse et al 2001	Xanthomonas arboricola pv. fragariae Janse et al 2001	Xanthomonas arboricola pv. fragariae Janse et al 2001	https://ncppb.fera.co.uk/furtherinfo/4183
NCPPB 4210	v1+v2+v3	yes	yes	yes	unchanged	unchanged	unchanged				Xanthomonas sp. Dowson 1939	Xanthomonas sp. Dowson 1939	Xanthomonas sp. Dowson 1939	https://ncppb.fera.co.uk/furtherinfo/4210
NCPPB 4231	v1+v2+v3	yes	yes	yes	unchanged	unchanged	unchanged				Xanthomonas sp. Dowson 1939	Xanthomonas sp. Dowson 1939	Xanthomonas sp. Dowson 1939	https://ncppb.fera.co.uk/furtherinfo/4231
NCPPB 4232	v1+v2+v3	yes	yes	yes	unchanged	unchanged	unchanged				Xanthomonas sp. Dowson 1939	Xanthomonas sp. Dowson 1939	Xanthomonas sp. Dowson 1939	https://ncppb.fera.co.uk/furtherinfo/4232
NCPPB 4321	v1+v2+v3	yes	yes	yes	unchanged	changed	changed		alternative_names	alternative_names	Xanthomonas euvesicatoria pv. perforans (Jones et al. 2006) Constantin et al. 2016 comb. nov.	Xanthomonas euvesicatoria pv. perforans (Jones et al. 2006) Constantin et al. 2016 comb. nov.	Xanthomonas euvesicatoria pv. perforans (Jones et al. 2006) Constantin et al. 2016 comb. nov.	https://ncppb.fera.co.uk/furtherinfo/4321
NCPPB 4322	v1+v2+v3	yes	yes	yes	unchanged	changed	changed		alternative_names	alternative_names	Xanthomonas euvesicatoria pv. perforans (Jones et al. 2006) Constantin et al. 2016 comb. nov.	Xanthomonas euvesicatoria pv. perforans (Jones et al. 2006) Constantin et al. 2016 comb. nov.	Xanthomonas euvesicatoria pv. perforans (Jones et al. 2006) Constantin et al. 2016 comb. nov.	https://ncppb.fera.co.uk/furtherinfo/4322
NCPPB 4323	v1+v2+v3	yes	yes	yes	unchanged	changed	changed		alternative_names	alternative_names	Xanthomonas hortorum pv. gardneri Morinière et al. (2020)	Xanthomonas hortorum pv. gardneri Morinière et al. (2020)	Xanthomonas hortorum pv. gardneri Morinière et al. (2020)	https://ncppb.fera.co.uk/furtherinfo/4323
NCPPB 4324	v1+v2+v3	yes	yes	yes	unchanged	changed	changed		alternative_names	alternative_names	Xanthomonas hortorum pv. gardneri Morinière et al. (2020)	Xanthomonas hortorum pv. gardneri Morinière et al. (2020)	Xanthomonas hortorum pv. gardneri Morinière et al. (2020)	https://ncppb.fera.co.uk/furtherinfo/4324
NCPPB 4326	v1+v2+v3	yes	yes	yes	unchanged	changed	changed		host	host	Xanthomonas campestris pv. zantedeschiae (Joubert & Truter 1972) Dye 1978	Xanthomonas campestris pv. zantedeschiae (Joubert & Truter 1972) Dye 1978	Xanthomonas campestris pv. zantedeschiae (Joubert & Truter 1972) Dye 1978	https://ncppb.fera.co.uk/furtherinfo/4326
NCPPB 4340	v1+v2+v3	yes	yes	yes	changed	changed	changed	alternative_names	alternative_names	alternative_names	Xanthomonas campestris pv. zinniae (Hopkins & Dowson 1949) Dye 1978	Xanthomonas campestris pv. zinniae (Hopkins & Dowson 1949) Dye 1978	Xanthomonas campestris pv. zinniae (Hopkins & Dowson 1949) Dye 1978	https://ncppb.fera.co.uk/furtherinfo/4340
NCPPB 4341	v1+v2+v3	yes	yes	yes	unchanged	unchanged	unchanged				Xanthomonas sacchari Vauterin et al. 1995	Xanthomonas sacchari Vauterin et al. 1995	Xanthomonas sacchari Vauterin et al. 1995	https://ncppb.fera.co.uk/furtherinfo/4341
NCPPB 4342	v1+v2+v3	yes	yes	yes	unchanged	changed	changed		alternative_names	alternative_names	Xanthomonas arboricola pv. populi (ex de Kam 1984) Vauterin et al. 1995	Xanthomonas arboricola pv. populi (ex de Kam 1984) Vauterin et al. 1995	Xanthomonas arboricola pv. populi (ex de Kam 1984) Vauterin et al. 1995	https://ncppb.fera.co.uk/furtherinfo/4342
NCPPB 4343	v1+v2+v3	yes	yes	yes	unchanged	unchanged	unchanged				Xanthomonas bromi Vauterin et al. 1995	Xanthomonas bromi Vauterin et al. 1995	Xanthomonas bromi Vauterin et al. 1995	https://ncppb.fera.co.uk/furtherinfo/4343
NCPPB 4344	v1+v2+v3	yes	yes	yes	unchanged	unchanged	unchanged				Xanthomonas campestris pv. brunneivaginae (Luo et al. 1988)Young et al. 1996	Xanthomonas campestris pv. brunneivaginae (Luo et al. 1988)Young et al. 1996	Xanthomonas campestris pv. brunneivaginae (Luo et al. 1988)Young et al. 1996	https://ncppb.fera.co.uk/furtherinfo/4344
NCPPB 4345	v1+v2+v3	yes	yes	yes	unchanged	changed	changed		host	host	Xanthomonas campestris pv. cannae Easwaramurthy et al. 1984	Xanthomonas campestris pv. cannae Easwaramurthy et al. 1984	Xanthomonas campestris pv. cannae Easwaramurthy et al. 1984	https://ncppb.fera.co.uk/furtherinfo/4345
NCPPB 4346	v1+v2+v3	yes	yes	yes	unchanged	unchanged	unchanged				Xanthomonas campestris pv. leersiae (ex Fang et al. 1957) Young et al. 1991	Xanthomonas campestris pv. leersiae (ex Fang et al. 1957) Young et al. 1991	Xanthomonas campestris pv. leersiae (ex Fang et al. 1957) Young et al. 1991	https://ncppb.fera.co.uk/furtherinfo/4346
NCPPB 4347	v1+v2+v3	yes	yes	yes	unchanged	changed	changed		host	host	Xanthomonas campestris pv. malloti Goto 1993	Xanthomonas campestris pv. malloti Goto 1993	Xanthomonas campestris pv. malloti Goto 1993	https://ncppb.fera.co.uk/furtherinfo/4347
NCPPB 4348	v1+v2+v3	yes	yes	yes	unchanged	changed	changed		alternative_names	alternative_names	Xanthomonas euvesicatoria pv. mirabilis (ex Durgapal & Trivedi 1976) Harrison et al. 2023	Xanthomonas euvesicatoria pv. mirabilis (ex Durgapal & Trivedi 1976) Harrison et al. 2023	Xanthomonas euvesicatoria pv. mirabilis (ex Durgapal & Trivedi 1976) Harrison et al. 2023	https://ncppb.fera.co.uk/furtherinfo/4348
NCPPB 4349	v1+v2+v3	yes	yes	yes	unchanged	changed	changed		alternative_names; host	alternative_names; host	Xanthomonas euvesicatoria pv. pennamericanum (Qhobela & Claflin 1988) Harrison et al. 2023	Xanthomonas euvesicatoria pv. pennamericanum (Qhobela & Claflin 1988) Harrison et al. 2023	Xanthomonas euvesicatoria pv. pennamericanum (Qhobela & Claflin 1988) Harrison et al. 2023	https://ncppb.fera.co.uk/furtherinfo/4349
NCPPB 4350	v1+v2+v3	yes	yes	yes	unchanged	unchanged	unchanged				Xanthomonas codiaei Vauterin et al. 1995	Xanthomonas codiaei Vauterin et al. 1995	Xanthomonas codiaei Vauterin et al. 1995	https://ncppb.fera.co.uk/furtherinfo/4350
NCPPB 4351	v1+v2+v3	yes	yes	yes	unchanged	changed	changed		alternative_names	alternative_names	Xanthomonas euvesicatoria pv. viegasii (Robbs et al. 1989) Harrison et al. 2023	Xanthomonas euvesicatoria pv. viegasii (Robbs et al. 1989) Harrison et al. 2023	Xanthomonas euvesicatoria pv. viegasii (Robbs et al. 1989) Harrison et al. 2023	https://ncppb.fera.co.uk/furtherinfo/4351
NCPPB 4352	v1+v2+v3	yes	yes	yes	unchanged	changed	changed		alternative_names	alternative_names	Xanthomonas euvesicatoria pv. zingibericola (Ren & Fang 1981) Harrison et al. 2023	Xanthomonas euvesicatoria pv. zingibericola (Ren & Fang 1981) Harrison et al. 2023	Xanthomonas euvesicatoria pv. zingibericola (Ren & Fang 1981) Harrison et al. 2023	https://ncppb.fera.co.uk/furtherinfo/4352
NCPPB 4353	v1+v2+v3	yes	yes	yes	unchanged	unchanged	unchanged				Xanthomonas theicola (Uehara et al. 1980) Vauterin et al. 1995	Xanthomonas theicola (Uehara et al. 1980) Vauterin et al. 1995	Xanthomonas theicola (Uehara et al. 1980) Vauterin et al. 1995	https://ncppb.fera.co.uk/furtherinfo/4353
NCPPB 4355	v1+v2+v3	yes	yes	yes	unchanged	changed	changed		alternative_names	alternative_names	Xanthomonas euvesicatoria pv. allii (Kadota et al. 2000) Constantin et al. 2016 comb. nov.	Xanthomonas euvesicatoria pv. allii (Kadota et al. 2000) Constantin et al. 2016 comb. nov.	Xanthomonas euvesicatoria pv. allii (Kadota et al. 2000) Constantin et al. 2016 comb. nov.	https://ncppb.fera.co.uk/furtherinfo/4355
NCPPB 4356	v1+v2+v3	yes	yes	yes	unchanged	changed	changed		alternative_names	alternative_names	Xanthomonas hortorum pv. cynarae Morinière et al. (2020)	Xanthomonas hortorum pv. cynarae Morinière et al. (2020)	Xanthomonas hortorum pv. cynarae Morinière et al. (2020)	https://ncppb.fera.co.uk/furtherinfo/4356
NCPPB 4363	v1+v2+v3	yes	yes	yes	unchanged	unchanged	unchanged				Xanthomonas dyei pv. dysoxyli (Hutchinson 1949) Young et al. 2010	Xanthomonas dyei pv. dysoxyli (Hutchinson 1949) Young et al. 2010	Xanthomonas dyei pv. dysoxyli (Hutchinson 1949) Young et al. 2010	https://ncppb.fera.co.uk/furtherinfo/4363
NCPPB 4364	v1+v2+v3	yes	yes	yes	unchanged	unchanged	unchanged				Xanthomonas dyei pv. dysoxyli (Hutchinson 1949) Young et al. 2010	Xanthomonas dyei pv. dysoxyli (Hutchinson 1949) Young et al. 2010	Xanthomonas dyei pv. dysoxyli (Hutchinson 1949) Young et al. 2010	https://ncppb.fera.co.uk/furtherinfo/4364
NCPPB 4367	v1+v2+v3	yes	yes	yes	unchanged	unchanged	unchanged				Xanthomonas dyei pv. dysoxyli (Hutchinson 1949) Young et al. 2010	Xanthomonas dyei pv. dysoxyli (Hutchinson 1949) Young et al. 2010	Xanthomonas dyei pv. dysoxyli (Hutchinson 1949) Young et al. 2010	https://ncppb.fera.co.uk/furtherinfo/4367
NCPPB 4372	v1+v2+v3	yes	yes	yes	unchanged	changed	changed		alternative_names	alternative_names	Xanthomonas euvesicatoria pv. allii (Kadota et al. 2000) Constantin et al. 2016 comb. nov.	Xanthomonas euvesicatoria pv. allii (Kadota et al. 2000) Constantin et al. 2016 comb. nov.	Xanthomonas euvesicatoria pv. allii (Kadota et al. 2000) Constantin et al. 2016 comb. nov.	https://ncppb.fera.co.uk/furtherinfo/4372
NCPPB 4373	v1+v2+v3	yes	yes	yes	changed	changed	changed	name_as_received	alternative_names	name_as_received; alternative_names	Xanthomonas citri pv. aurantifolii (Schaad et al. 2007) Constantin et al. 2016 comb. nov.	Xanthomonas citri pv. aurantifolii (Schaad et al. 2007) Constantin et al. 2016 comb. nov.	Xanthomonas citri pv. aurantifolii (Schaad et al. 2007) Constantin et al. 2016 comb. nov.	https://ncppb.fera.co.uk/furtherinfo/4373
NCPPB 4374	v1+v2+v3	yes	yes	yes	changed	changed	changed	name_as_received	alternative_names	name_as_received; alternative_names	Xanthomonas citri pv. aurantifolii (Schaad et al. 2007) Constantin et al. 2016 comb. nov.	Xanthomonas citri pv. aurantifolii (Schaad et al. 2007) Constantin et al. 2016 comb. nov.	Xanthomonas citri pv. aurantifolii (Schaad et al. 2007) Constantin et al. 2016 comb. nov.	https://ncppb.fera.co.uk/furtherinfo/4374
NCPPB 4375	v1+v2+v3	yes	yes	yes	unchanged	changed	changed		alternative_names	alternative_names	Xanthomonas citri pv. citri (Hasse 1915) Constantin 2016 comb. nov.	Xanthomonas citri pv. citri (Hasse 1915) Constantin 2016 comb. nov.	Xanthomonas citri pv. citri (Hasse 1915) Constantin 2016 comb. nov.	https://ncppb.fera.co.uk/furtherinfo/4375
NCPPB 4376	v1+v2+v3	yes	yes	yes	unchanged	changed	changed		alternative_names	alternative_names	Xanthomonas euvesicatoria pv. citrumelonis (Schaad et al. 2007) Constantin et al. 2016 comb. nov.	Xanthomonas euvesicatoria pv. citrumelonis (Schaad et al. 2007) Constantin et al. 2016 comb. nov.	Xanthomonas euvesicatoria pv. citrumelonis (Schaad et al. 2007) Constantin et al. 2016 comb. nov.	https://ncppb.fera.co.uk/furtherinfo/4376
NCPPB 4377	v1+v2+v3	yes	yes	yes	unchanged	changed	changed		alternative_names	alternative_names	Xanthomonas citri pv. aurantifolii (Schaad et al. 2007) Constantin et al. 2016 comb. nov.	Xanthomonas citri pv. aurantifolii (Schaad et al. 2007) Constantin et al. 2016 comb. nov.	Xanthomonas citri pv. aurantifolii (Schaad et al. 2007) Constantin et al. 2016 comb. nov.	https://ncppb.fera.co.uk/furtherinfo/4377
NCPPB 4378	v1+v2+v3	yes	yes	yes	unchanged	changed	changed		alternative_names	alternative_names	Xanthomonas vasicola pv. musacearum (Yirgou & Bradbury 1968) Dye 1978	Xanthomonas vasicola pv. musacearum (Yirgou & Bradbury 1968) Dye 1978	Xanthomonas vasicola pv. musacearum (Yirgou & Bradbury 1968) Dye 1978	https://ncppb.fera.co.uk/furtherinfo/4378
NCPPB 4379	v1+v2+v3	yes	yes	yes	unchanged	changed	changed		alternative_names	alternative_names	Xanthomonas vasicola pv. musacearum (Yirgou & Bradbury 1968) Dye 1978	Xanthomonas vasicola pv. musacearum (Yirgou & Bradbury 1968) Dye 1978	Xanthomonas vasicola pv. musacearum (Yirgou & Bradbury 1968) Dye 1978	https://ncppb.fera.co.uk/furtherinfo/4379
NCPPB 4380	v1+v2+v3	yes	yes	yes	unchanged	changed	changed		alternative_names	alternative_names	Xanthomonas vasicola pv. musacearum (Yirgou & Bradbury 1968) Dye 1978	Xanthomonas vasicola pv. musacearum (Yirgou & Bradbury 1968) Dye 1978	Xanthomonas vasicola pv. musacearum (Yirgou & Bradbury 1968) Dye 1978	https://ncppb.fera.co.uk/furtherinfo/4380
NCPPB 4381	v1+v2+v3	yes	yes	yes	unchanged	changed	changed		alternative_names	alternative_names	Xanthomonas vasicola pv. musacearum (Yirgou & Bradbury 1968) Dye 1978	Xanthomonas vasicola pv. musacearum (Yirgou & Bradbury 1968) Dye 1978	Xanthomonas vasicola pv. musacearum (Yirgou & Bradbury 1968) Dye 1978	https://ncppb.fera.co.uk/furtherinfo/4381
NCPPB 4383	v1+v2+v3	yes	yes	yes	unchanged	changed	changed		alternative_names	alternative_names	Xanthomonas vasicola pv. musacearum (Yirgou & Bradbury 1968) Dye 1978	Xanthomonas vasicola pv. musacearum (Yirgou & Bradbury 1968) Dye 1978	Xanthomonas vasicola pv. musacearum (Yirgou & Bradbury 1968) Dye 1978	https://ncppb.fera.co.uk/furtherinfo/4383
NCPPB 4384	v1+v2+v3	yes	yes	yes	unchanged	changed	changed		alternative_names	alternative_names	Xanthomonas vasicola pv. musacearum (Yirgou & Bradbury 1968) Dye 1978	Xanthomonas vasicola pv. musacearum (Yirgou & Bradbury 1968) Dye 1978	Xanthomonas vasicola pv. musacearum (Yirgou & Bradbury 1968) Dye 1978	https://ncppb.fera.co.uk/furtherinfo/4384
NCPPB 4385	v1+v2+v3	yes	yes	yes	unchanged	changed	changed		alternative_names	alternative_names	Xanthomonas vasicola pv. musacearum (Yirgou & Bradbury 1968) Dye 1978	Xanthomonas vasicola pv. musacearum (Yirgou & Bradbury 1968) Dye 1978	Xanthomonas vasicola pv. musacearum (Yirgou & Bradbury 1968) Dye 1978	https://ncppb.fera.co.uk/furtherinfo/4385
NCPPB 4386	v1+v2+v3	yes	yes	yes	unchanged	changed	changed		alternative_names	alternative_names	Xanthomonas vasicola pv. musacearum (Yirgou & Bradbury 1968) Dye 1978	Xanthomonas vasicola pv. musacearum (Yirgou & Bradbury 1968) Dye 1978	Xanthomonas vasicola pv. musacearum (Yirgou & Bradbury 1968) Dye 1978	https://ncppb.fera.co.uk/furtherinfo/4386
NCPPB 4387	v1+v2+v3	yes	yes	yes	unchanged	changed	changed		alternative_names	alternative_names	Xanthomonas vasicola pv. musacearum (Yirgou & Bradbury 1968) Dye 1978	Xanthomonas vasicola pv. musacearum (Yirgou & Bradbury 1968) Dye 1978	Xanthomonas vasicola pv. musacearum (Yirgou & Bradbury 1968) Dye 1978	https://ncppb.fera.co.uk/furtherinfo/4387
NCPPB 4388	v1+v2+v3	yes	yes	yes	unchanged	changed	changed		alternative_names	alternative_names	Xanthomonas vasicola pv. musacearum (Yirgou & Bradbury 1968) Dye 1978	Xanthomonas vasicola pv. musacearum (Yirgou & Bradbury 1968) Dye 1978	Xanthomonas vasicola pv. musacearum (Yirgou & Bradbury 1968) Dye 1978	https://ncppb.fera.co.uk/furtherinfo/4388
NCPPB 4389	v1+v2+v3	yes	yes	yes	unchanged	changed	changed		alternative_names	alternative_names	Xanthomonas vasicola pv. musacearum (Yirgou & Bradbury 1968) Dye 1978	Xanthomonas vasicola pv. musacearum (Yirgou & Bradbury 1968) Dye 1978	Xanthomonas vasicola pv. musacearum (Yirgou & Bradbury 1968) Dye 1978	https://ncppb.fera.co.uk/furtherinfo/4389
NCPPB 4390	v1+v2+v3	yes	yes	yes	unchanged	changed	changed		alternative_names	alternative_names	Xanthomonas vasicola pv. musacearum (Yirgou & Bradbury 1968) Dye 1978	Xanthomonas vasicola pv. musacearum (Yirgou & Bradbury 1968) Dye 1978	Xanthomonas vasicola pv. musacearum (Yirgou & Bradbury 1968) Dye 1978	https://ncppb.fera.co.uk/furtherinfo/4390
NCPPB 4391	v1+v2+v3	yes	yes	yes	unchanged	changed	changed		alternative_names	alternative_names	Xanthomonas vasicola pv. musacearum (Yirgou & Bradbury 1968) Dye 1978	Xanthomonas vasicola pv. musacearum (Yirgou & Bradbury 1968) Dye 1978	Xanthomonas vasicola pv. musacearum (Yirgou & Bradbury 1968) Dye 1978	https://ncppb.fera.co.uk/furtherinfo/4391
NCPPB 4392	v1+v2+v3	yes	yes	yes	unchanged	changed	changed		alternative_names	alternative_names	Xanthomonas vasicola pv. musacearum (Yirgou & Bradbury 1968) Dye 1978	Xanthomonas vasicola pv. musacearum (Yirgou & Bradbury 1968) Dye 1978	Xanthomonas vasicola pv. musacearum (Yirgou & Bradbury 1968) Dye 1978	https://ncppb.fera.co.uk/furtherinfo/4392
NCPPB 4393	v1+v2+v3	yes	yes	yes	unchanged	changed	changed		alternative_names	alternative_names	Xanthomonas vasicola pv. musacearum (Yirgou & Bradbury 1968) Dye 1978	Xanthomonas vasicola pv. musacearum (Yirgou & Bradbury 1968) Dye 1978	Xanthomonas vasicola pv. musacearum (Yirgou & Bradbury 1968) Dye 1978	https://ncppb.fera.co.uk/furtherinfo/4393
NCPPB 4394	v1+v2+v3	yes	yes	yes	unchanged	changed	changed		alternative_names	alternative_names	Xanthomonas vasicola pv. musacearum (Yirgou & Bradbury 1968) Dye 1978	Xanthomonas vasicola pv. musacearum (Yirgou & Bradbury 1968) Dye 1978	Xanthomonas vasicola pv. musacearum (Yirgou & Bradbury 1968) Dye 1978	https://ncppb.fera.co.uk/furtherinfo/4394
NCPPB 4395	v1+v2+v3	yes	yes	yes	unchanged	changed	changed		alternative_names	alternative_names	Xanthomonas vasicola pv. musacearum (Yirgou & Bradbury 1968) Dye 1978	Xanthomonas vasicola pv. musacearum (Yirgou & Bradbury 1968) Dye 1978	Xanthomonas vasicola pv. musacearum (Yirgou & Bradbury 1968) Dye 1978	https://ncppb.fera.co.uk/furtherinfo/4395
NCPPB 4397	v1+v2+v3	yes	yes	yes	unchanged	changed	changed		alternative_names	alternative_names	Xanthomonas euvesicatoria pv. allii (Kadota et al. 2000) Constantin et al. 2016 comb. nov.	Xanthomonas euvesicatoria pv. allii (Kadota et al. 2000) Constantin et al. 2016 comb. nov.	Xanthomonas euvesicatoria pv. allii (Kadota et al. 2000) Constantin et al. 2016 comb. nov.	https://ncppb.fera.co.uk/furtherinfo/4397
NCPPB 4398	v1+v2+v3	yes	yes	yes	unchanged	changed	changed		alternative_names	alternative_names	Xanthomonas euvesicatoria pv. allii (Kadota et al. 2000) Constantin et al. 2016 comb. nov.	Xanthomonas euvesicatoria pv. allii (Kadota et al. 2000) Constantin et al. 2016 comb. nov.	Xanthomonas euvesicatoria pv. allii (Kadota et al. 2000) Constantin et al. 2016 comb. nov.	https://ncppb.fera.co.uk/furtherinfo/4398
NCPPB 4399	v1+v2+v3	yes	yes	yes	unchanged	unchanged	unchanged				Xanthomonas campestris pv. tardicrescens (McCulloch 1937) Dye 1978	Xanthomonas campestris pv. tardicrescens (McCulloch 1937) Dye 1978	Xanthomonas campestris pv. tardicrescens (McCulloch 1937) Dye 1978	https://ncppb.fera.co.uk/furtherinfo/4399
NCPPB 4402	v1+v2+v3	yes	yes	yes	unchanged	unchanged	unchanged				Xanthomonas axonopodis	Xanthomonas axonopodis	Xanthomonas axonopodis	https://ncppb.fera.co.uk/furtherinfo/4402
NCPPB 4403	v1+v2+v3	yes	yes	yes	unchanged	changed	changed		alternative_names	alternative_names	Xanthomonas citri pv. malvacearum (Smith 1901) Constantin et al. 2016 comb. nov.	Xanthomonas citri pv. malvacearum (Smith 1901) Constantin et al. 2016 comb. nov.	Xanthomonas citri pv. malvacearum (Smith 1901) Constantin et al. 2016 comb. nov.	https://ncppb.fera.co.uk/furtherinfo/4403
NCPPB 4404	v1+v2+v3	yes	yes	yes	unchanged	unchanged	unchanged				Xanthomonas campestris pv. thespesiae Patil & Kulkarni 1981	Xanthomonas campestris pv. thespesiae Patil & Kulkarni 1981	Xanthomonas campestris pv. thespesiae Patil & Kulkarni 1981	https://ncppb.fera.co.uk/furtherinfo/4404
NCPPB 4405	v1+v2+v3	yes	yes	yes	unchanged	unchanged	unchanged				Xanthomonas bromi Vauterin et al. 1995	Xanthomonas bromi Vauterin et al. 1995	Xanthomonas bromi Vauterin et al. 1995	https://ncppb.fera.co.uk/furtherinfo/4405
NCPPB 4407	v1+v2+v3	yes	yes	yes	unchanged	unchanged	unchanged				Xanthomonas sacchari Vauterin et al. 1995	Xanthomonas sacchari Vauterin et al. 1995	Xanthomonas sacchari Vauterin et al. 1995	https://ncppb.fera.co.uk/furtherinfo/4407
NCPPB 4409	v1+v2+v3	yes	yes	yes	changed	unchanged	changed	name_as_received		name_as_received	Xanthomonas arboricola pv. fragariae Janse et al 2001	Xanthomonas arboricola pv. fragariae Janse et al 2001	Xanthomonas arboricola pv. fragariae Janse et al 2001	https://ncppb.fera.co.uk/furtherinfo/4409
NCPPB 4410	v1+v2+v3	yes	yes	yes	unchanged	changed	changed		alternative_names	alternative_names	Xanthomonas hortorum pv. carotae (Kendrick 1934) Vauterin et al. 1995	Xanthomonas hortorum pv. carotae (Kendrick 1934) Vauterin et al. 1995	Xanthomonas hortorum pv. carotae (Kendrick 1934) Vauterin et al. 1995	https://ncppb.fera.co.uk/furtherinfo/4410
NCPPB 4411	v1+v2+v3	yes	yes	yes	unchanged	changed	changed		alternative_names	alternative_names	Xanthomonas hortorum pv. carotae (Kendrick 1934) Vauterin et al. 1995	Xanthomonas hortorum pv. carotae (Kendrick 1934) Vauterin et al. 1995	Xanthomonas hortorum pv. carotae (Kendrick 1934) Vauterin et al. 1995	https://ncppb.fera.co.uk/furtherinfo/4411
NCPPB 4412	v1+v2+v3	yes	yes	yes	unchanged	changed	changed		alternative_names	alternative_names	Xanthomonas euvesicatoria pv. alfalfae (ex Riker et al. 1935) Constantin et al. 2016 comb. nov.	Xanthomonas euvesicatoria pv. alfalfae (ex Riker et al. 1935) Constantin et al. 2016 comb. nov.	Xanthomonas euvesicatoria pv. alfalfae (ex Riker et al. 1935) Constantin et al. 2016 comb. nov.	https://ncppb.fera.co.uk/furtherinfo/4412
NCPPB 4413	v1+v2+v3	yes	yes	yes	unchanged	unchanged	unchanged				Xanthomonas campestris (Pammel 1895) Dowson 1939	Xanthomonas campestris (Pammel 1895) Dowson 1939	Xanthomonas campestris (Pammel 1895) Dowson 1939	https://ncppb.fera.co.uk/furtherinfo/4413
NCPPB 4414	v1+v2+v3	yes	yes	yes	changed	unchanged	changed	name_as_received		name_as_received	Xanthomonas campestris (Pammel 1895) Dowson 1939	Xanthomonas campestris (Pammel 1895) Dowson 1939	Xanthomonas campestris (Pammel 1895) Dowson 1939	https://ncppb.fera.co.uk/furtherinfo/4414
NCPPB 4415	v1+v2+v3	yes	yes	yes	changed	unchanged	changed	name_as_received		name_as_received	Xanthomonas campestris (Pammel 1895) Dowson 1939	Xanthomonas campestris (Pammel 1895) Dowson 1939	Xanthomonas campestris (Pammel 1895) Dowson 1939	https://ncppb.fera.co.uk/furtherinfo/4415
NCPPB 4416	v1+v3	yes	no	yes	removed	added	changed			name_as_received	Xanthomonas campestris (Pammel 1895) Dowson 1939		Xanthomonas campestris (Pammel 1895) Dowson 1939	https://ncppb.fera.co.uk/furtherinfo/4416
NCPPB 4418	v1+v2+v3	yes	yes	yes	unchanged	unchanged	unchanged				Xanthomonas campestris (Pammel 1895) Dowson 1939	Xanthomonas campestris (Pammel 1895) Dowson 1939	Xanthomonas campestris (Pammel 1895) Dowson 1939	https://ncppb.fera.co.uk/furtherinfo/4418
NCPPB 4433	v1+v2+v3	yes	yes	yes	unchanged	changed	changed		alternative_names	alternative_names	Xanthomonas vasicola pv. musacearum (Yirgou & Bradbury 1968) Dye 1978	Xanthomonas vasicola pv. musacearum (Yirgou & Bradbury 1968) Dye 1978	Xanthomonas vasicola pv. musacearum (Yirgou & Bradbury 1968) Dye 1978	https://ncppb.fera.co.uk/furtherinfo/4433
NCPPB 4434	v1+v2+v3	yes	yes	yes	unchanged	changed	changed		alternative_names	alternative_names	Xanthomonas vasicola pv. musacearum (Yirgou & Bradbury 1968) Dye 1978	Xanthomonas vasicola pv. musacearum (Yirgou & Bradbury 1968) Dye 1978	Xanthomonas vasicola pv. musacearum (Yirgou & Bradbury 1968) Dye 1978	https://ncppb.fera.co.uk/furtherinfo/4434
NCPPB 4435	v1+v2+v3	yes	yes	yes	unchanged	unchanged	unchanged				Xanthomonas hortorum Vauterin et al. 1995	Xanthomonas hortorum Vauterin et al. 1995	Xanthomonas hortorum Vauterin et al. 1995	https://ncppb.fera.co.uk/furtherinfo/4435
NCPPB 4446	v1+v2+v3	yes	yes	yes	unchanged	unchanged	unchanged				Xanthomonas dyei Young et al. 2010	Xanthomonas dyei Young et al. 2010	Xanthomonas dyei Young et al. 2010	https://ncppb.fera.co.uk/furtherinfo/4446
NCPPB 4448	v1+v2+v3	yes	yes	yes	unchanged	unchanged	unchanged				Xanthomonas translucens pv. pistaciae Giblot-Ducray et al 2009	Xanthomonas translucens pv. pistaciae Giblot-Ducray et al 2009	Xanthomonas translucens pv. pistaciae Giblot-Ducray et al 2009	https://ncppb.fera.co.uk/furtherinfo/4448
NCPPB 4449	v1+v2+v3	yes	yes	yes	unchanged	changed	changed		alternative_names	alternative_names	Xanthomonas cerealis pv. pistaciae Tambong et al. 2024	Xanthomonas cerealis pv. pistaciae Tambong et al. 2024	Xanthomonas cerealis pv. pistaciae Tambong et al. 2024	https://ncppb.fera.co.uk/furtherinfo/4449
NCPPB 4450	v1+v2+v3	yes	yes	yes	unchanged	unchanged	unchanged				Xanthomonas campestris (Pammel 1895) Dowson 1939	Xanthomonas campestris (Pammel 1895) Dowson 1939	Xanthomonas campestris (Pammel 1895) Dowson 1939	https://ncppb.fera.co.uk/furtherinfo/4450
NCPPB 4451	v1+v2+v3	yes	yes	yes	unchanged	unchanged	unchanged				Xanthomonas campestris pv. raphani (White 1930) Dye 1978	Xanthomonas campestris pv. raphani (White 1930) Dye 1978	Xanthomonas campestris pv. raphani (White 1930) Dye 1978	https://ncppb.fera.co.uk/furtherinfo/4451
NCPPB 4466	v1+v2+v3	yes	yes	yes	unchanged	unchanged	unchanged				Xanthomonas sp. Dowson 1939	Xanthomonas sp. Dowson 1939	Xanthomonas sp. Dowson 1939	https://ncppb.fera.co.uk/furtherinfo/4466
NCPPB 4468	v1+v2+v3	yes	yes	yes	unchanged	unchanged	unchanged				Xanthomonas sp. Dowson 1939	Xanthomonas sp. Dowson 1939	Xanthomonas sp. Dowson 1939	https://ncppb.fera.co.uk/furtherinfo/4468
NCPPB 4584	v1+v2+v3	yes	yes	yes	unchanged	changed	changed		alternative_names	alternative_names	Xanthomonas graminis pv. arrhenatheri Tambong et al. 2024	Xanthomonas graminis pv. arrhenatheri Tambong et al. 2024	Xanthomonas graminis pv. arrhenatheri Tambong et al. 2024	https://ncppb.fera.co.uk/furtherinfo/4584
NCPPB 4590	v1+v2+v3	yes	yes	yes	unchanged	changed	changed		alternative_names	alternative_names	Xanthomonas citri pv. citri (Hasse 1915) Constantin 2016 comb. nov.	Xanthomonas citri pv. citri (Hasse 1915) Constantin 2016 comb. nov.	Xanthomonas citri pv. citri (Hasse 1915) Constantin 2016 comb. nov.	https://ncppb.fera.co.uk/furtherinfo/4590
NCPPB 4594	v1+v2+v3	yes	yes	yes	unchanged	unchanged	changed			type_strain_of_species; pathotype_strain	Xanthomonas sp. Dowson 1939	Xanthomonas sp. Dowson 1939	Xanthomonas sp. Dowson 1939	https://ncppb.fera.co.uk/furtherinfo/4594
NCPPB 4600	v1+v2+v3	yes	yes	yes	unchanged	unchanged	unchanged				Xanthomonas nasturtii Vicente et al. 2017	Xanthomonas nasturtii Vicente et al. 2017	Xanthomonas nasturtii Vicente et al. 2017	https://ncppb.fera.co.uk/furtherinfo/4600
NCPPB 4601	v1+v2+v3	yes	yes	yes	unchanged	unchanged	unchanged				Xanthomonas floridensis Vicente et al. 2017	Xanthomonas floridensis Vicente et al. 2017	Xanthomonas floridensis Vicente et al. 2017	https://ncppb.fera.co.uk/furtherinfo/4601
NCPPB 4613	v1+v2+v3	yes	yes	yes	unchanged	changed	changed		alternative_names	alternative_names	Xanthomonas vasicola pv. vasculorum (Cobb 1894) Lang et al. 2017	Xanthomonas vasicola pv. vasculorum (Cobb 1894) Lang et al. 2017	Xanthomonas vasicola pv. vasculorum (Cobb 1894) Lang et al. 2017	https://ncppb.fera.co.uk/furtherinfo/4613
NCPPB 4614	v1+v2+v3	yes	yes	yes	unchanged	changed	changed		alternative_names	alternative_names	Xanthomonas vasicola pv. vasculorum (Cobb 1894) Lang et al. 2017	Xanthomonas vasicola pv. vasculorum (Cobb 1894) Lang et al. 2017	Xanthomonas vasicola pv. vasculorum (Cobb 1894) Lang et al. 2017	https://ncppb.fera.co.uk/furtherinfo/4614
NCPPB 4615	v1+v2+v3	yes	yes	yes	unchanged	unchanged	unchanged				Xanthomonas campestris pv. campestris (Pammel 1895) Dowson 1939	Xanthomonas campestris pv. campestris (Pammel 1895) Dowson 1939	Xanthomonas campestris pv. campestris (Pammel 1895) Dowson 1939	https://ncppb.fera.co.uk/furtherinfo/4615
NCPPB 4618	v1+v2+v3	yes	yes	yes	unchanged	unchanged	unchanged				Xanthomonas phaseoli (ex Smith) Gabriel et al. 1989 VP	Xanthomonas phaseoli (ex Smith) Gabriel et al. 1989 VP	Xanthomonas phaseoli (ex Smith) Gabriel et al. 1989 VP	https://ncppb.fera.co.uk/furtherinfo/4618
NCPPB 4622	v1+v2+v3	yes	yes	yes	unchanged	unchanged	unchanged				Xanthomonas nasturtii	Xanthomonas nasturtii	Xanthomonas nasturtii	https://ncppb.fera.co.uk/furtherinfo/4622
NCPPB 4623	v1+v2+v3	yes	yes	yes	unchanged	unchanged	unchanged				Xanthomonas arboricola pv. pruni (Smith) Vauterin et al.	Xanthomonas arboricola pv. pruni (Smith) Vauterin et al.	Xanthomonas arboricola pv. pruni (Smith) Vauterin et al.	https://ncppb.fera.co.uk/furtherinfo/4623
NCPPB 4625	v1+v2+v3	yes	yes	yes	unchanged	unchanged	unchanged				Xanthomonas campestris pv. armoraciae	Xanthomonas campestris pv. armoraciae	Xanthomonas campestris pv. armoraciae	https://ncppb.fera.co.uk/furtherinfo/4625
NCPPB 4629	v1+v2+v3	yes	yes	yes	unchanged	unchanged	unchanged				Xanthomonas dyei Young et al. 2010	Xanthomonas dyei Young et al. 2010	Xanthomonas dyei Young et al. 2010	https://ncppb.fera.co.uk/furtherinfo/4629
NCPPB 4630	v1+v2+v3	yes	yes	yes	unchanged	changed	changed		alternative_names	alternative_names	Xanthomonas dyei Young et al. 2010	Xanthomonas dyei Young et al. 2010	Xanthomonas dyei Young et al. 2010	https://ncppb.fera.co.uk/furtherinfo/4630
NCPPB 4631	v1+v2+v3	yes	yes	yes	unchanged	unchanged	unchanged				Xanthomonas campestris	Xanthomonas campestris	Xanthomonas campestris	https://ncppb.fera.co.uk/furtherinfo/4631
NCPPB 4632	v1+v2+v3	yes	yes	yes	unchanged	unchanged	unchanged				Xanthomonas dyei pv. eucalypti Young et al. 2010	Xanthomonas dyei pv. eucalypti Young et al. 2010	Xanthomonas dyei pv. eucalypti Young et al. 2010	https://ncppb.fera.co.uk/furtherinfo/4632
NCPPB 4633	v1+v2+v3	yes	yes	yes	unchanged	unchanged	unchanged				Xanthomonas dyei Young et al. 2010	Xanthomonas dyei Young et al. 2010	Xanthomonas dyei Young et al. 2010	https://ncppb.fera.co.uk/furtherinfo/4633
NCPPB 4634	v1+v2+v3	yes	yes	yes	unchanged	unchanged	unchanged				Xanthomonas dyei Young et al. 2010	Xanthomonas dyei Young et al. 2010	Xanthomonas dyei Young et al. 2010	https://ncppb.fera.co.uk/furtherinfo/4634
NCPPB 4635	v1+v2+v3	yes	yes	yes	unchanged	unchanged	unchanged				Xanthomonas campestris pv. tardicrescens	Xanthomonas campestris pv. tardicrescens	Xanthomonas campestris pv. tardicrescens	https://ncppb.fera.co.uk/furtherinfo/4635
NCPPB 4660	v1+v2+v3	yes	yes	yes	unchanged	unchanged	unchanged				Xanthomonas campestris pv. campestris (Pammel 1895) Dowson 1939	Xanthomonas campestris pv. campestris (Pammel 1895) Dowson 1939	Xanthomonas campestris pv. campestris (Pammel 1895) Dowson 1939	https://ncppb.fera.co.uk/furtherinfo/4660
NCPPB 4661	v1+v2+v3	yes	yes	yes	unchanged	changed	changed		host	host	Xanthomonas campestris pv. campestris (Pammel 1895) Dowson 1939	Xanthomonas campestris pv. campestris (Pammel 1895) Dowson 1939	Xanthomonas campestris pv. campestris (Pammel 1895) Dowson 1939	https://ncppb.fera.co.uk/furtherinfo/4661
NCPPB 4662	v1+v2+v3	yes	yes	yes	unchanged	unchanged	unchanged				Xanthomonas campestris pv. campestris (Pammel 1895) Dowson 1939	Xanthomonas campestris pv. campestris (Pammel 1895) Dowson 1939	Xanthomonas campestris pv. campestris (Pammel 1895) Dowson 1939	https://ncppb.fera.co.uk/furtherinfo/4662
NCPPB 4663	v1+v2+v3	yes	yes	yes	unchanged	unchanged	unchanged				Xanthomonas campestris pv. campestris (Pammel 1895) Dowson 1939	Xanthomonas campestris pv. campestris (Pammel 1895) Dowson 1939	Xanthomonas campestris pv. campestris (Pammel 1895) Dowson 1939	https://ncppb.fera.co.uk/furtherinfo/4663
NCPPB 4664	v1+v2+v3	yes	yes	yes	unchanged	unchanged	unchanged				Xanthomonas campestris pv. campestris (Pammel 1895) Dowson 1939	Xanthomonas campestris pv. campestris (Pammel 1895) Dowson 1939	Xanthomonas campestris pv. campestris (Pammel 1895) Dowson 1939	https://ncppb.fera.co.uk/furtherinfo/4664
NCPPB 4665	v1+v2+v3	yes	yes	yes	unchanged	unchanged	unchanged				Xanthomonas campestris pv. campestris (Pammel 1895) Dowson 1939	Xanthomonas campestris pv. campestris (Pammel 1895) Dowson 1939	Xanthomonas campestris pv. campestris (Pammel 1895) Dowson 1939	https://ncppb.fera.co.uk/furtherinfo/4665
NCPPB 4666	v1+v2+v3	yes	yes	yes	unchanged	unchanged	unchanged				Xanthomonas nasturtii Vicente et al., 2017	Xanthomonas nasturtii Vicente et al., 2017	Xanthomonas nasturtii Vicente et al., 2017	https://ncppb.fera.co.uk/furtherinfo/4666
NCPPB 4668	v1+v2+v3	yes	yes	yes	unchanged	unchanged	unchanged				Xanthomonas campestris pv. campestris (Pammel 1895) Dowson 1939	Xanthomonas campestris pv. campestris (Pammel 1895) Dowson 1939	Xanthomonas campestris pv. campestris (Pammel 1895) Dowson 1939	https://ncppb.fera.co.uk/furtherinfo/4668
NCPPB 4669	v1+v2+v3	yes	yes	yes	unchanged	unchanged	unchanged				Xanthomonas campestris pv. campestris (Pammel 1895) Dowson 1939	Xanthomonas campestris pv. campestris (Pammel 1895) Dowson 1939	Xanthomonas campestris pv. campestris (Pammel 1895) Dowson 1939	https://ncppb.fera.co.uk/furtherinfo/4669
NCPPB 4670	v1+v2+v3	yes	yes	yes	unchanged	unchanged	unchanged				Xanthomonas campestris pv. campestris (Pammel 1895) Dowson 1939	Xanthomonas campestris pv. campestris (Pammel 1895) Dowson 1939	Xanthomonas campestris pv. campestris (Pammel 1895) Dowson 1939	https://ncppb.fera.co.uk/furtherinfo/4670
NCPPB 4671	v1+v2+v3	yes	yes	yes	unchanged	unchanged	unchanged				Xanthomonas campestris pv. campestris (Pammel 1895) Dowson 1939	Xanthomonas campestris pv. campestris (Pammel 1895) Dowson 1939	Xanthomonas campestris pv. campestris (Pammel 1895) Dowson 1939	https://ncppb.fera.co.uk/furtherinfo/4671
NCPPB 4675	v1+v2+v3	yes	yes	yes	unchanged	unchanged	unchanged				Xanthomonas euroxanthea Martins et al. 2020	Xanthomonas euroxanthea Martins et al. 2020	Xanthomonas euroxanthea Martins et al. 2020	https://ncppb.fera.co.uk/furtherinfo/4675
NCPPB 4676	v1+v2+v3	yes	yes	yes	unchanged	unchanged	unchanged				Xanthomonas arboricola pv. juglandis	Xanthomonas arboricola pv. juglandis	Xanthomonas arboricola pv. juglandis	https://ncppb.fera.co.uk/furtherinfo/4676
NCPPB 4678	v1+v2+v3	yes	yes	yes	unchanged	unchanged	unchanged				Xanthomonas campestris pv. campestris (Pammel 1895) Dowson 1939	Xanthomonas campestris pv. campestris (Pammel 1895) Dowson 1939	Xanthomonas campestris pv. campestris (Pammel 1895) Dowson 1939	https://ncppb.fera.co.uk/furtherinfo/4678
NCPPB 4679	v1+v2+v3	yes	yes	yes	unchanged	unchanged	unchanged				Xanthomonas campestris pv. campestris (Pammel 1895) Dowson 1939	Xanthomonas campestris pv. campestris (Pammel 1895) Dowson 1939	Xanthomonas campestris pv. campestris (Pammel 1895) Dowson 1939	https://ncppb.fera.co.uk/furtherinfo/4679
NCPPB 4680	v1+v2+v3	yes	yes	yes	unchanged	unchanged	unchanged				Xanthomonas campestris pv. campestris (Pammel 1895) Dowson 1939	Xanthomonas campestris pv. campestris (Pammel 1895) Dowson 1939	Xanthomonas campestris pv. campestris (Pammel 1895) Dowson 1939	https://ncppb.fera.co.uk/furtherinfo/4680
NCPPB 4681	v1+v2+v3	yes	yes	yes	unchanged	unchanged	unchanged				Xanthomonas campestris pv. campestris (Pammel 1895) Dowson 1939	Xanthomonas campestris pv. campestris (Pammel 1895) Dowson 1939	Xanthomonas campestris pv. campestris (Pammel 1895) Dowson 1939	https://ncppb.fera.co.uk/furtherinfo/4681
NCPPB 4682	v1+v2+v3	yes	yes	yes	unchanged	unchanged	unchanged				Xanthomonas campestris pv. campestris (Pammel 1895) Dowson 1939	Xanthomonas campestris pv. campestris (Pammel 1895) Dowson 1939	Xanthomonas campestris pv. campestris (Pammel 1895) Dowson 1939	https://ncppb.fera.co.uk/furtherinfo/4682
NCPPB 4692	v1+v2+v3	yes	yes	yes	unchanged	unchanged	unchanged				Xanthomonas hydrangeae Dia et al. 2021	Xanthomonas hydrangeae Dia et al. 2021	Xanthomonas hydrangeae Dia et al. 2021	https://ncppb.fera.co.uk/furtherinfo/4692
NCPPB 4693	v1+v2+v3	yes	yes	yes	unchanged	unchanged	unchanged				Xanthomonas hydrangeae Dia et al. 2021	Xanthomonas hydrangeae Dia et al. 2021	Xanthomonas hydrangeae Dia et al. 2021	https://ncppb.fera.co.uk/furtherinfo/4693
NCPPB 4698	v1+v2+v3	yes	yes	yes	unchanged	unchanged	unchanged				Xanthomonas hortorum Vauterin et al. 1995	Xanthomonas hortorum Vauterin et al. 1995	Xanthomonas hortorum Vauterin et al. 1995	https://ncppb.fera.co.uk/furtherinfo/4698
NCPPB 4699	v1+v2+v3	yes	yes	yes	unchanged	unchanged	unchanged				Xanthomonas hortorum Vauterin et al. 1995	Xanthomonas hortorum Vauterin et al. 1995	Xanthomonas hortorum Vauterin et al. 1995	https://ncppb.fera.co.uk/furtherinfo/4699
NCPPB 4700	v1+v2+v3	yes	yes	yes	unchanged	unchanged	unchanged				Xanthomonas hortorum Vauterin et al. 1995	Xanthomonas hortorum Vauterin et al. 1995	Xanthomonas hortorum Vauterin et al. 1995	https://ncppb.fera.co.uk/furtherinfo/4700
NCPPB 4701	v1+v2+v3	yes	yes	yes	unchanged	unchanged	unchanged				Xanthomonas campestris pv. incanae (Kendrick & Baker 1942) Dye 1978	Xanthomonas campestris pv. incanae (Kendrick & Baker 1942) Dye 1978	Xanthomonas campestris pv. incanae (Kendrick & Baker 1942) Dye 1978	https://ncppb.fera.co.uk/furtherinfo/4701
NCPPB 4702	v1+v2+v3	yes	yes	yes	unchanged	unchanged	unchanged				Xanthomonas campestris pv. incanae (Kendrick & Baker 1942) Dye 1978	Xanthomonas campestris pv. incanae (Kendrick & Baker 1942) Dye 1978	Xanthomonas campestris pv. incanae (Kendrick & Baker 1942) Dye 1978	https://ncppb.fera.co.uk/furtherinfo/4702
NCPPB 4703	v1+v2+v3	yes	yes	yes	unchanged	unchanged	unchanged				Xanthomonas campestris pv. incanae (Kendrick & Baker 1942) Dye 1978	Xanthomonas campestris pv. incanae (Kendrick & Baker 1942) Dye 1978	Xanthomonas campestris pv. incanae (Kendrick & Baker 1942) Dye 1978	https://ncppb.fera.co.uk/furtherinfo/4703
NCPPB 4704	v1+v2+v3	yes	yes	yes	unchanged	changed	changed		alternative_names	alternative_names	Xanthomonas vasicola pv. vasculorum (Cobb 1894) Lang et al. 2017	Xanthomonas vasicola pv. vasculorum (Cobb 1894) Lang et al. 2017	Xanthomonas vasicola pv. vasculorum (Cobb 1894) Lang et al. 2017	https://ncppb.fera.co.uk/furtherinfo/4704
NCPPB 4705	v1+v2+v3	yes	yes	yes	unchanged	changed	changed		alternative_names	alternative_names	Xanthomonas vasicola pv. vasculorum (Cobb 1894) Lang et al. 2017	Xanthomonas vasicola pv. vasculorum (Cobb 1894) Lang et al. 2017	Xanthomonas vasicola pv. vasculorum (Cobb 1894) Lang et al. 2017	https://ncppb.fera.co.uk/furtherinfo/4705
NCPPB 4706	v1+v2+v3	yes	yes	yes	unchanged	changed	changed		alternative_names	alternative_names	Xanthomonas vasicola pv. vasculorum (Cobb 1894) Lang et al. 2017	Xanthomonas vasicola pv. vasculorum (Cobb 1894) Lang et al. 2017	Xanthomonas vasicola pv. vasculorum (Cobb 1894) Lang et al. 2017	https://ncppb.fera.co.uk/furtherinfo/4706
NCPPB 4707	v1+v2+v3	yes	yes	yes	unchanged	changed	changed		alternative_names	alternative_names	Xanthomonas vasicola pv. vasculorum (Cobb 1894) Lang et al. 2017	Xanthomonas vasicola pv. vasculorum (Cobb 1894) Lang et al. 2017	Xanthomonas vasicola pv. vasculorum (Cobb 1894) Lang et al. 2017	https://ncppb.fera.co.uk/furtherinfo/4707
NCPPB 4708	v1+v2+v3	yes	yes	yes	unchanged	changed	changed		alternative_names	alternative_names	Xanthomonas vasicola pv. vasculorum (Cobb 1894) Lang et al. 2017	Xanthomonas vasicola pv. vasculorum (Cobb 1894) Lang et al. 2017	Xanthomonas vasicola pv. vasculorum (Cobb 1894) Lang et al. 2017	https://ncppb.fera.co.uk/furtherinfo/4708
NCPPB 4709	v1+v2+v3	yes	yes	yes	unchanged	unchanged	unchanged				Xanthomonas vasicola pv. holcicola (Elliott 1930) Vauterin et al. 1995	Xanthomonas vasicola pv. holcicola (Elliott 1930) Vauterin et al. 1995	Xanthomonas vasicola pv. holcicola (Elliott 1930) Vauterin et al. 1995	https://ncppb.fera.co.uk/furtherinfo/4709
NCPPB 4710	v1+v2+v3	yes	yes	yes	unchanged	changed	changed		alternative_names	alternative_names	Xanthomonas vasicola pv. vasculorum (Cobb 1894) Lang et al. 2017	Xanthomonas vasicola pv. vasculorum (Cobb 1894) Lang et al. 2017	Xanthomonas vasicola pv. vasculorum (Cobb 1894) Lang et al. 2017	https://ncppb.fera.co.uk/furtherinfo/4710
NCPPB 4711	v1+v2+v3	yes	yes	yes	unchanged	changed	changed		alternative_names	alternative_names	Xanthomonas vasicola pv. vasculorum (Cobb 1894) Lang et al. 2017	Xanthomonas vasicola pv. vasculorum (Cobb 1894) Lang et al. 2017	Xanthomonas vasicola pv. vasculorum (Cobb 1894) Lang et al. 2017	https://ncppb.fera.co.uk/furtherinfo/4711
NCPPB 4712	v1+v2+v3	yes	yes	yes	unchanged	changed	changed		alternative_names	alternative_names	Xanthomonas vasicola pv. vasculorum (Cobb 1894) Lang et al. 2017	Xanthomonas vasicola pv. vasculorum (Cobb 1894) Lang et al. 2017	Xanthomonas vasicola pv. vasculorum (Cobb 1894) Lang et al. 2017	https://ncppb.fera.co.uk/furtherinfo/4712
NCPPB 4713	v1+v2+v3	yes	yes	yes	unchanged	changed	changed		alternative_names	alternative_names	Xanthomonas vasicola pv. vasculorum (Cobb 1894) Lang et al. 2017	Xanthomonas vasicola pv. vasculorum (Cobb 1894) Lang et al. 2017	Xanthomonas vasicola pv. vasculorum (Cobb 1894) Lang et al. 2017	https://ncppb.fera.co.uk/furtherinfo/4713
NCPPB 4714	v1+v2+v3	yes	yes	yes	unchanged	changed	changed		alternative_names	alternative_names	Xanthomonas vasicola pv. vasculorum (Cobb 1894) Lang et al. 2017	Xanthomonas vasicola pv. vasculorum (Cobb 1894) Lang et al. 2017	Xanthomonas vasicola pv. vasculorum (Cobb 1894) Lang et al. 2017	https://ncppb.fera.co.uk/furtherinfo/4714
NCPPB 4715	v1+v2+v3	yes	yes	yes	unchanged	changed	changed		alternative_names	alternative_names	Xanthomonas vasicola pv. vasculorum (Cobb 1894) Lang et al. 2017	Xanthomonas vasicola pv. vasculorum (Cobb 1894) Lang et al. 2017	Xanthomonas vasicola pv. vasculorum (Cobb 1894) Lang et al. 2017	https://ncppb.fera.co.uk/furtherinfo/4715
NCPPB 4716	v1+v2+v3	yes	yes	yes	unchanged	changed	changed		alternative_names	alternative_names	Xanthomonas vasicola pv. vasculorum (Cobb 1894) Lang et al. 2017	Xanthomonas vasicola pv. vasculorum (Cobb 1894) Lang et al. 2017	Xanthomonas vasicola pv. vasculorum (Cobb 1894) Lang et al. 2017	https://ncppb.fera.co.uk/furtherinfo/4716
NCPPB 4717	v1+v2+v3	yes	yes	yes	unchanged	unchanged	unchanged				Xanthomonas campestris pv. asclepiadis Flynn & Vidaver	Xanthomonas campestris pv. asclepiadis Flynn & Vidaver	Xanthomonas campestris pv. asclepiadis Flynn & Vidaver	https://ncppb.fera.co.uk/furtherinfo/4717
NCPPB 4718	v1+v2+v3	yes	yes	yes	unchanged	unchanged	unchanged				Xanthomonas campestris pv. asclepiadis Flynn & Vidaver	Xanthomonas campestris pv. asclepiadis Flynn & Vidaver	Xanthomonas campestris pv. asclepiadis Flynn & Vidaver	https://ncppb.fera.co.uk/furtherinfo/4718
NCPPB 4719	v1+v2+v3	yes	yes	yes	unchanged	unchanged	unchanged				Xanthomonas campestris pv. asclepiadis Flynn & Vidaver	Xanthomonas campestris pv. asclepiadis Flynn & Vidaver	Xanthomonas campestris pv. asclepiadis Flynn & Vidaver	https://ncppb.fera.co.uk/furtherinfo/4719
NCPPB 4720	v1+v2+v3	yes	yes	yes	unchanged	unchanged	unchanged				Xanthomonas campestris pv. cannae Easwaramurthy et al.	Xanthomonas campestris pv. cannae Easwaramurthy et al.	Xanthomonas campestris pv. cannae Easwaramurthy et al.	https://ncppb.fera.co.uk/furtherinfo/4720
NCPPB 4721	v1+v2+v3	yes	yes	yes	unchanged	changed	changed		alternative_names	alternative_names	Xanthomonas euvesicatoria pv. viegasii (Robbs et al. 1989) Harrison et al. 2023	Xanthomonas euvesicatoria pv. viegasii (Robbs et al. 1989) Harrison et al. 2023	Xanthomonas euvesicatoria pv. viegasii (Robbs et al. 1989) Harrison et al. 2023	https://ncppb.fera.co.uk/furtherinfo/4721
NCPPB 4722	v1+v2+v3	yes	yes	yes	unchanged	changed	changed		alternative_names	alternative_names	Xanthomonas euvesicatoria pv. viegasii (Robbs et al. 1989) Harrison et al. 2023	Xanthomonas euvesicatoria pv. viegasii (Robbs et al. 1989) Harrison et al. 2023	Xanthomonas euvesicatoria pv. viegasii (Robbs et al. 1989) Harrison et al. 2023	https://ncppb.fera.co.uk/furtherinfo/4722
NCPPB 4727	v1+v2+v3	yes	yes	yes	unchanged	changed	changed		alternative_names	alternative_names	Xanthomonas euvesicatoria pv. zingibericola (Ren and Fang 1981) Harrison et al. 2023	Xanthomonas euvesicatoria pv. zingibericola (Ren and Fang 1981) Harrison et al. 2023	Xanthomonas euvesicatoria pv. zingibericola (Ren and Fang 1981) Harrison et al. 2023	https://ncppb.fera.co.uk/furtherinfo/4727
NCPPB 4728	v1+v2+v3	yes	yes	yes	unchanged	changed	changed		alternative_names	alternative_names	Xanthomonas euvesicatoria pv. zingibericola (Ren and Fang 1981) Harrison et al. 2023	Xanthomonas euvesicatoria pv. zingibericola (Ren and Fang 1981) Harrison et al. 2023	Xanthomonas euvesicatoria pv. zingibericola (Ren and Fang 1981) Harrison et al. 2023	https://ncppb.fera.co.uk/furtherinfo/4728
NCPPB 4729	v1+v2+v3	yes	yes	yes	unchanged	changed	changed		alternative_names	alternative_names	Xanthomonas euvesicatoria pv. viegasii (Robbs et al. 1989) Harrison et al. 2023	Xanthomonas euvesicatoria pv. viegasii (Robbs et al. 1989) Harrison et al. 2023	Xanthomonas euvesicatoria pv. viegasii (Robbs et al. 1989) Harrison et al. 2023	https://ncppb.fera.co.uk/furtherinfo/4729
NCPPB 4730	v1+v2+v3	yes	yes	yes	unchanged	changed	changed		alternative_names	alternative_names	Xanthomonas euvesicatoria pv. zingibericola (Ren & Fang 1981) Harrison et al. 2023	Xanthomonas euvesicatoria pv. zingibericola (Ren & Fang 1981) Harrison et al. 2023	Xanthomonas euvesicatoria pv. zingibericola (Ren & Fang 1981) Harrison et al. 2023	https://ncppb.fera.co.uk/furtherinfo/4730
NCPPB 4731	v1+v2+v3	yes	yes	yes	unchanged	unchanged	unchanged				Xanthomonas campestris pv. leersiae (ex Fang et al. 1957) Young et al. 1991	Xanthomonas campestris pv. leersiae (ex Fang et al. 1957) Young et al. 1991	Xanthomonas campestris pv. leersiae (ex Fang et al. 1957) Young et al. 1991	https://ncppb.fera.co.uk/furtherinfo/4731
NCPPB 4732	v1+v2+v3	yes	yes	yes	unchanged	unchanged	unchanged				Xanthomonas campestris pv. leersiae (ex Fang et al. 1957) Young et al. 1991	Xanthomonas campestris pv. leersiae (ex Fang et al. 1957) Young et al. 1991	Xanthomonas campestris pv. leersiae (ex Fang et al. 1957) Young et al. 1991	https://ncppb.fera.co.uk/furtherinfo/4732
NCPPB 4733	v1+v2+v3	yes	yes	yes	unchanged	unchanged	unchanged				Xanthomonas campestris pv. cannae Easwaramurthy et al. 1984	Xanthomonas campestris pv. cannae Easwaramurthy et al. 1984	Xanthomonas campestris pv. cannae Easwaramurthy et al. 1984	https://ncppb.fera.co.uk/furtherinfo/4733
NCPPB 4753	v1+v2+v3	yes	yes	yes	unchanged	unchanged	unchanged				Xanthomonas prunicola Lopez et al	Xanthomonas prunicola Lopez et al	Xanthomonas prunicola Lopez et al	https://ncppb.fera.co.uk/furtherinfo/4753
NCPPB 4754	v1+v2+v3	yes	yes	yes	unchanged	unchanged	unchanged				Xanthomonas prunicola Lopez et al. 2018	Xanthomonas prunicola Lopez et al. 2018	Xanthomonas prunicola Lopez et al. 2018	https://ncppb.fera.co.uk/furtherinfo/4754
NCPPB 4755	v1+v2+v3	yes	yes	yes	unchanged	unchanged	unchanged				Xanthomonas prunicola Lopez et al. 2018	Xanthomonas prunicola Lopez et al. 2018	Xanthomonas prunicola Lopez et al. 2018	https://ncppb.fera.co.uk/furtherinfo/4755
NCPPB 4763	v1+v2+v3	yes	yes	yes	unchanged	unchanged	unchanged				Xanthomonas hortorum Vauterin et al. 1995	Xanthomonas hortorum Vauterin et al. 1995	Xanthomonas hortorum Vauterin et al. 1995	https://ncppb.fera.co.uk/furtherinfo/4763
NCPPB 4770	v1+v2+v3	yes	yes	yes	unchanged	unchanged	unchanged				Xanthomonas campestris pv. campestris (Pammel 1895) Dowson 1939	Xanthomonas campestris pv. campestris (Pammel 1895) Dowson 1939	Xanthomonas campestris pv. campestris (Pammel 1895) Dowson 1939	https://ncppb.fera.co.uk/furtherinfo/4770
NCPPB 4771	v1+v2+v3	yes	yes	yes	unchanged	unchanged	unchanged				Xanthomonas campestris pv. campestris (Pammel 1895) Dowson 1939	Xanthomonas campestris pv. campestris (Pammel 1895) Dowson 1939	Xanthomonas campestris pv. campestris (Pammel 1895) Dowson 1939	https://ncppb.fera.co.uk/furtherinfo/4771
NCPPB 4772	v1+v2+v3	yes	yes	yes	unchanged	unchanged	unchanged				Xanthomonas fragariae Kennedy and King 1962	Xanthomonas fragariae Kennedy and King 1962	Xanthomonas fragariae Kennedy and King 1962	https://ncppb.fera.co.uk/furtherinfo/4772
NCPPB 4826	v3	no	no	yes	not_in_pair	added	added						Xanthomonas sp. Dowson 1939 (Approved Lists 1980)	https://ncppb.fera.co.uk/furtherinfo/4826
NCPPB 4830	v3	no	no	yes	not_in_pair	added	added						Xanthomonas hydrangeae Dia et al, 2022	https://ncppb.fera.co.uk/furtherinfo/4830
