query_id	ncppb_number	query_track	query_tier	searched_identifier	reported_count	retrieved_uid_count	truncated	quoted_phrase_not_found_count	status	error
000f73568e236853f76a	NCPPB 1638	other_references	expected_genus	B2290	0	0	no	0	ok	
007f256e77f7c7756334	NCPPB 881	ncppb_number	exact_full_identifier	NCPPB 881	2	2	no	1	ok	
009bd9b6566dae94002c	NCPPB 3237	other_references	expected_genus	XC69	2	2	no	0	ok	
00d37dfe93efbdc30bb5	NCPPB 4381	ncppb_number	exact_full_identifier	NCPPB 4381	2	2	no	1	ok	
00dd69ec785d79225703	NCPPB 2936	ncppb_number	exact_full_identifier	NCPPB 2936	0	0	no	3	ok	
00e9f40de9ef7629e934	NCPPB 1629	ncppb_number	exact_full_identifier	NCPPB 1629	1	1	no	1	ok	
00fb7d198a3ba6d2fc6e	NCPPB 1241	ncppb_number	exact_full_identifier	NCPPB 1241	1	1	no	2	ok	
0117654cced4c210bf52	NCPPB 3005	ncppb_number	exact_full_identifier	NCPPB 3005	1	1	no	0	ok	
0128cfdedb07f537429b	NCPPB 902	ncppb_number	exact_full_identifier	NCPPB 902	1	1	no	2	ok	
01a88248352f3cc47d40	NCPPB 4394	other_references	expected_genus	354053	0	0	no	0	ok	
0203c705a7d52fa14779	NCPPB 2567	ncppb_number	exact_full_identifier	NCPPB 2567	0	0	no	3	ok	
02254f7cb1b89f247f6e	NCPPB 2938	other_references	expected_genus	B6617	0	0	no	0	ok	
02721e16d74340434b6b	NCPPB 4699	ncppb_number	exact_full_identifier	NCPPB 4699	0	0	no	3	ok	
02a145c6b000f8dc7ec4	NCPPB 2373	ncppb_number	exact_full_identifier	NCPPB 2373	1	1	no	0	ok	
02a90b8e9805c5a53c4a	NCPPB 2595	other_references	expected_genus	ENA-76	0	0	no	0	ok	
02b1984f420ce7ac7177	NCPPB 2031	other_references	expected_genus	XCB-2	0	0	no	0	ok	
02d1d0ab3f1a91b6b810	NCPPB 4037	other_references	expected_genus	981703	0	0	no	0	ok	
02d2780ba2cb11898100	NCPPB 2919	other_references	expected_genus	B5530	0	0	no	0	ok	
030190d061afb8126004	NCPPB 477	ncppb_number	exact_full_identifier	NCPPB 477	0	0	no	3	ok	
0319ef0623ea008edd8b	NCPPB 3570	ncppb_number	exact_full_identifier	NCPPB 3570	1	1	no	1	ok	
03c79232109f29ef00b1	NCPPB 4664	ncppb_number	exact_full_identifier	NCPPB 4664	0	0	no	3	ok	
03d3f371c782cddc3158	NCPPB 4729	ncppb_number	exact_full_identifier	NCPPB 4729	0	0	no	3	ok	
03e93ad20dfd1e124124	NCPPB 3240	ncppb_number	exact_full_identifier	NCPPB 3240	0	0	no	3	ok	
040d61d103a9a3d0a69b	NCPPB 4433	ncppb_number	exact_full_identifier	NCPPB 4433	0	0	no	3	ok	
042722e7f0620927c40d	NCPPB 1059	other_references	expected_genus	B658	0	0	no	0	ok	
0427cdf0f8817f620c2d	NCPPB 3303	other_references	expected_genus	PX079	0	0	no	0	ok	
043434bfeee7ca459bcb	NCPPB 1632	ncppb_number	exact_full_identifier	NCPPB 1632	0	0	no	3	ok	
043f742a8e9a1f5be806	NCPPB 4701	ncppb_number	exact_full_identifier	NCPPB 4701	0	0	no	3	ok	
046a47056c89e353454f	NCPPB 1423	ncppb_number	exact_full_identifier	NCPPB 1423	0	0	no	3	ok	
04787cd71eaf58051897	NCPPB 464	ncppb_number	exact_full_identifier	NCPPB 464	2	2	no	0	ok	
049a6bff37e99c6761e3	NCPPB 3329	ncppb_number	exact_full_identifier	NCPPB 3329	0	0	no	3	ok	
04a98846447b66ab43d5	NCPPB 403	ncppb_number	exact_full_identifier	NCPPB 403	0	0	no	3	ok	
056929a9295488479581	NCPPB 3800	ncppb_number	exact_full_identifier	NCPPB 3800	0	0	no	3	ok	
059b318900001ef976c2	NCPPB 3949	ncppb_number	exact_full_identifier	NCPPB 3949	0	0	no	3	ok	
05d16fa41516e50be911	NCPPB 2066	ncppb_number	exact_full_identifier	NCPPB 2066	1	1	no	1	ok	
062fb4a3f5c50a7899bb	NCPPB 1124	other_references	expected_genus	B724A	0	0	no	0	ok	
063b9900bce44c42c209	NCPPB 2820	ncppb_number	exact_full_identifier	NCPPB 2820	0	0	no	3	ok	
066c1561480c242a8f50	NCPPB 2064	ncppb_number	exact_full_identifier	NCPPB 2064	2	2	no	0	ok	
067df65c0ba00891d27f	NCPPB 984	ncppb_number	exact_full_identifier	NCPPB 984	0	0	no	3	ok	
07326d7ad70cda36980d	NCPPB 4708	other_references	expected_genus	IL02(1)YDC	0	0	no	0	ok	
07401ac45afd167d2ff6	NCPPB 529	other_references	expected_genus	P33/1	2	2	no	0	ok	
077b9447848568a098ab	NCPPB 2914	ncppb_number	exact_full_identifier	NCPPB 2914	1	1	no	1	ok	
07c4d3852314fc83772f	NCPPB 2493	ncppb_number	exact_full_identifier	NCPPB 2493	0	0	no	3	ok	
0844ba9027772f85a4d4	NCPPB 3614	other_references	expected_genus	11H XCVe1	0	0	no	0	ok	
084757a078fd7863d07e	NCPPB 3569	ncppb_number	exact_full_identifier	NCPPB 3569	1	1	no	1	ok	
084babfb9b846be81a94	NCPPB 3609	ncppb_number	exact_full_identifier	NCPPB 3609	0	0	no	3	ok	
085e34f48c0fbe3779e8	NCPPB 1811	ncppb_number	exact_full_identifier	NCPPB 1811	2	2	no	0	ok	
085f819298063499ec9c	NCPPB 2182	ncppb_number	exact_full_identifier	NCPPB 2182	1	1	no	1	ok	
088e8e6142d8bc9fa251	NCPPB 584	ncppb_number	exact_full_identifier	NCPPB 584	1	1	no	1	ok	
08caa403a6715b7c3fe4	NCPPB 940	ncppb_number	exact_full_identifier	NCPPB 940	1	1	no	1	ok	
08ef2469040f5a359f5d	NCPPB 2374	ncppb_number	exact_full_identifier	NCPPB 2374	0	0	no	3	ok	
0947886c1cc2055d44d5	NCPPB 1046	other_references	expected_genus	B589	0	0	no	0	ok	
09d95c02173918a284eb	NCPPB 2836	ncppb_number	exact_full_identifier	NCPPB 2836	0	0	no	3	ok	
09dd11c1c7fe6c41ccc0	NCPPB 2822	ncppb_number	exact_full_identifier	NCPPB 2822	0	0	no	3	ok	
0a002761229da32dcf1c	NCPPB 2255	ncppb_number	exact_full_identifier	NCPPB 2255	0	0	no	3	ok	
0aadba69686833b15127	NCPPB 1585	other_references	expected_genus	B2115	0	0	no	0	ok	
0ae49e8ac274ba4bd585	NCPPB 2930	other_references	expected_genus	B5806	0	0	no	0	ok	
0aecc37a11e327375b35	NCPPB 2963	ncppb_number	exact_full_identifier	NCPPB 2963	0	0	no	3	ok	
0b03e0d477391f877005	NCPPB 3218	ncppb_number	exact_full_identifier	NCPPB 3218	1	1	no	1	ok	
0ba895d527e9c71131ca	NCPPB 4728	ncppb_number	exact_full_identifier	NCPPB 4728	0	0	no	3	ok	
0bcb6bff9bb9963186a8	NCPPB 2828	other_references	expected_genus	5777	0	0	no	0	ok	
0be21727436555472f04	NCPPB 3832	other_references	expected_genus	A6340	0	0	no	0	ok	
0c1d022f9424e135c103	NCPPB 923	other_references	expected_genus	B495	0	0	no	0	ok	
0c72713a330589a2d294	NCPPB 2927	ncppb_number	exact_full_identifier	NCPPB 2927	0	0	no	3	ok	
0c8cc73750dac757d077	NCPPB 3170	ncppb_number	exact_full_identifier	NCPPB 3170	0	0	no	3	ok	
0d24606274335318e760	NCPPB 1715	other_references	expected_genus	B1853	0	0	no	0	ok	
0d680d44812b7c454738	NCPPB 240	ncppb_number	exact_full_identifier	NCPPB 240	0	0	no	3	ok	
0d7e2afeea42eafcfd6a	NCPPB 485	other_references	expected_genus	XB109	0	0	no	0	ok	
0dc8eac13b52336fec01	NCPPB 4663	ncppb_number	exact_full_identifier	NCPPB 4663	0	0	no	3	ok	
0dfef139e1838558c8e5	NCPPB 4630	ncppb_number	exact_full_identifier	NCPPB 4630	1	1	no	1	ok	
0dff5a642642fd6b59e1	NCPPB 2575	ncppb_number	exact_full_identifier	NCPPB 2575	0	0	no	3	ok	
0e894fd810006119f572	NCPPB 423	ncppb_number	exact_full_identifier	NCPPB 423	0	0	no	3	ok	
0ebdc3558dd704b513c8	NCPPB 2879	other_references	expected_genus	XC12	0	0	no	0	ok	
0f5078868802ba75dbf6	NCPPB 3659	other_references	expected_genus	ISBF 333	0	0	no	0	ok	
0f571592e7b17b913fd1	NCPPB 2616	ncppb_number	exact_full_identifier	NCPPB 2616	0	0	no	3	ok	
0f7583d80555e03e438c	NCPPB 2190	other_references	expected_genus	ENA-568	0	0	no	0	ok	
0f7b69080bd3e40028d6	NCPPB 1833	other_references	expected_genus	ENA-350	1	1	no	0	ok	
0f7ee51b1a7d256fc843	NCPPB 989	ncppb_number	exact_full_identifier	NCPPB 989	1	1	no	2	ok	
0f9a6b1d85b05ca4a709	NCPPB 2827	other_references	expected_genus	5690	1	1	no	0	ok	
0fc7b656f9f00852a871	NCPPB 509	ncppb_number	exact_full_identifier	NCPPB 509	0	0	no	3	ok	
0fe1f82827c2f1dcaad3	NCPPB 577	ncppb_number	exact_full_identifier	NCPPB 577	1	1	no	1	ok	
102273216f78ce894c9b	NCPPB 3380	ncppb_number	exact_full_identifier	NCPPB 3380	0	0	no	3	ok	
1052d127ed7dafbc450d	NCPPB 634	other_references	expected_genus	S2519	0	0	no	0	ok	
106df818c0da64797071	ALL_OTHER_PREFIX:CCUG	other_references	expected_genus:Xanthomonas	CCUG	1	1	no	0	ok	
10888b5c8eff684c0035	NCPPB 4342	other_references	expected_genus	Dsk 129	0	0	no	0	ok	
10ecd3b49563743d77ce	NCPPB 1648	other_references	expected_genus	B2305	0	0	no	0	ok	
110ebf8c322b376cc1e9	NCPPB 2493	other_references	expected_genus	B4487	0	0	no	0	ok	
111297a024696273d495	NCPPB 4351	ncppb_number	exact_full_identifier	NCPPB 4351	1	1	no	0	ok	
115b237cfa26cc71531a	NCPPB 4321	ncppb_number	exact_full_identifier	NCPPB 4321	0	0	no	3	ok	
118fa6d8ebc30e036a27	NCPPB 795	ncppb_number	exact_full_identifier	NCPPB 795	1	1	no	0	ok	
11c63502fba58e8872b3	NCPPB 1128	ncppb_number	exact_full_identifier	NCPPB 1128	1	1	no	0	ok	
11d89a956429c9c55c30	NCPPB 1060	ncppb_number	exact_full_identifier	NCPPB 1060	1	1	no	2	ok	
11fb84d87c198768dcf6	NCPPB 1324	ncppb_number	exact_full_identifier	NCPPB 1324	1	1	no	1	ok	
124af521bead122c5212	NCPPB 3595	other_references	expected_genus	XCP1	1	1	no	0	ok	
129202032e8103cc25e3	NCPPB 3615	other_references	expected_genus	11H XCC3	0	0	no	0	ok	
1298aa3d1bdd01e9f0ad	NCPPB 3156	ncppb_number	exact_full_identifier	NCPPB 3156	0	0	no	3	ok	
13578a6370602fe2ac65	NCPPB 3593	other_references	expected_genus	A4102b	0	0	no	0	ok	
136ca44cb6299600b9ac	NCPPB 875	ncppb_number	exact_full_identifier	NCPPB 875	0	0	no	3	ok	
13975423984341fdadc8	NCPPB 4367	ncppb_number	exact_full_identifier	NCPPB 4367	1	1	no	1	ok	
1410f3f6d4e9295e774b	NCPPB 4340	ncppb_number	exact_full_identifier	NCPPB 4340	0	0	no	3	ok	
1431aa3d05fff274cf24	NCPPB 1560	ncppb_number	exact_full_identifier	NCPPB 1560	1	1	no	1	ok	
1481324ee4d33ef6d391	NCPPB 3078	other_references	expected_genus	ENA503	1	1	no	0	ok	
14cbc06da0aa063d2f70	NCPPB 3314	ncppb_number	exact_full_identifier	NCPPB 3314	0	0	no	3	ok	
14f6c8be58b172eaab7b	NCPPB 490	ncppb_number	exact_full_identifier	NCPPB 490	0	0	no	3	ok	
1560c797dd0481f78272	NCPPB 1471	ncppb_number	exact_full_identifier	NCPPB 1471	1	1	no	1	ok	
156688358e963e74246a	ALL_OTHER_PREFIX:LMG	other_references	expected_genus:Xylophilus	LMG	1	1	no	0	ok	
15bbe9cfb1d8d0894773	NCPPB 3932	ncppb_number	exact_full_identifier	NCPPB 3932	0	0	no	3	ok	
15d3aef5764598b821fb	NCPPB 2059	ncppb_number	exact_full_identifier	NCPPB 2059	0	0	no	3	ok	
161f6560839934320b12	NCPPB 3176	ncppb_number	exact_full_identifier	NCPPB 3176	0	0	no	3	ok	
1636d3a032d89c2f77b1	NCPPB 3315	ncppb_number	exact_full_identifier	NCPPB 3315	0	0	no	3	ok	
171a5d1e6899d1957e34	NCPPB 2255	other_references	expected_genus	068-1406	0	0	no	0	ok	
17e60ba80b320bbc35da	NCPPB 1944	ncppb_number	exact_full_identifier	NCPPB 1944	0	0	no	3	ok	
17ef633286af0f888662	NCPPB 2575	other_references	expected_genus	XV-69-13	0	0	no	0	ok	
17fb17474efcd1cbf70e	NCPPB 1974	ncppb_number	exact_full_identifier	NCPPB 1974	1	1	no	1	ok	
1810a9cfbcfd4f6fc606	NCPPB 2182	other_references	expected_genus	S131-84	0	0	no	0	ok	
18640f050f4d752e7ce8	NCPPB 1495	ncppb_number	exact_full_identifier	NCPPB 1495	1	1	no	1	ok	
187861d3b59bdf372f26	NCPPB 2963	other_references	expected_genus	S62b	0	0	no	0	ok	
187d4a2d361fe4bffe47	NCPPB 2967	ncppb_number	exact_full_identifier	NCPPB 2967	0	0	no	3	ok	
18a932ad59a7d297b09a	NCPPB 2983	ncppb_number	exact_full_identifier	NCPPB 2983	1	1	no	0	ok	
18c597b8a316ea1e32c7	NCPPB 3890	ncppb_number	exact_full_identifier	NCPPB 3890	0	0	no	3	ok	
18e1d8a4b20aa8091b14	NCPPB 488	ncppb_number	exact_full_identifier	NCPPB 488	1	1	no	1	ok	
1900899c79621bd22112	NCPPB 3291	ncppb_number	exact_full_identifier	NCPPB 3291	0	0	no	3	ok	
19292f6a8971bf6d7c1e	NCPPB 3753	other_references	expected_genus	XCN 8201	0	0	no	0	ok	
195b161879b935199d1b	NCPPB 1421	ncppb_number	exact_full_identifier	NCPPB 1421	0	0	no	3	ok	
19684a4fd9b6e3426990	NCPPB 2594	ncppb_number	exact_full_identifier	NCPPB 2594	0	0	no	3	ok	
197718f26c9d9cef483e	NCPPB 3381	other_references	expected_genus	A2222	0	0	no	0	ok	
198573b38c9bd51a7495	NCPPB 581	ncppb_number	exact_full_identifier	NCPPB 581	1	1	no	1	ok	
19a81a9fca604bc1a5f4	NCPPB 2346	other_references	expected_genus	SBF-813	0	0	no	0	ok	
19c98cddd6196759206a	NCPPB 2438	other_references	expected_genus	2UP87	0	0	no	0	ok	
19f16ffb11110b639b1b	NCPPB 895	other_references	expected_genus	B370	0	0	no	0	ok	
1a246c124f050c773291	NCPPB 2439	ncppb_number	exact_full_identifier	NCPPB 2439	2	2	no	0	ok	
1a27af3b6358dd90f280	NCPPB 2832	ncppb_number	exact_full_identifier	NCPPB 2832	1	1	no	1	ok	
1a376e8a4c0cb059ba9a	NCPPB 1612	ncppb_number	exact_full_identifier	NCPPB 1612	0	0	no	3	ok	
1a668cb59678d5e4e6d9	NCPPB 922	other_references	expected_genus	B499	0	0	no	0	ok	
1a87ca88ff213f9a7612	NCPPB 2250	ncppb_number	exact_full_identifier	NCPPB 2250	1	1	no	1	ok	
1aa07a59ee82e155d5f7	NCPPB 3797	other_references	expected_genus	A5125/	0	0	no	0	ok	
1aaa8b1f7071f7fa18d4	NCPPB 942	ncppb_number	exact_full_identifier	NCPPB 942	1	1	no	1	ok	
1aadd299cc798744b549	NCPPB 889	other_references	expected_genus	B323	0	0	no	0	ok	
1bd0b43f1485f1d51d50	NCPPB 993	ncppb_number	exact_full_identifier	NCPPB 993	1	1	no	1	ok	
1c0b7130b281fbabc6e5	NCPPB 4615	ncppb_number	exact_full_identifier	NCPPB 4615	0	0	no	3	ok	
1c6d8e725f8b3cf5c8e2	ALL_OTHER_PREFIX:CSL	other_references	expected_genus:Xanthomonas	CSL	0	0	no	0	ok	
1c917c8f09d377f02fad	NCPPB 4376	other_references	expected_genus	1925	0	0	no	0	ok	
1cd186de63ea183a3c2c	NCPPB 2965	ncppb_number	exact_full_identifier	NCPPB 2965	0	0	no	3	ok	
1cd994c3e5e4e6818e26	NCPPB 884	other_references	expected_genus	B400	0	0	no	0	ok	
1d0c221123f0790df6cd	NCPPB 2973	ncppb_number	exact_full_identifier	NCPPB 2973	1	1	no	1	ok	
1d106aaa28f7979d139b	NCPPB 2005	other_references	expected_genus	B3100	0	0	no	0	ok	
1d3cc6f0dc3c6f1e33df	NCPPB 4349	ncppb_number	exact_full_identifier	NCPPB 4349	1	1	no	0	ok	
1dbd4cd12598bac76a36	NCPPB 4412	ncppb_number	exact_full_identifier	NCPPB 4412	0	0	no	3	ok	
1e07fbd15d92ccbe6077	NCPPB 1684	ncppb_number	exact_full_identifier	NCPPB 1684	1	1	no	1	ok	
1e0c32708f38b91bb23c	NCPPB 3440	ncppb_number	exact_full_identifier	NCPPB 3440	0	0	no	3	ok	
1e77d453041d197cc974	NCPPB 1622	ncppb_number	exact_full_identifier	NCPPB 1622	0	0	no	3	ok	
1e8ae6ee6445520bd3a2	NCPPB 3040	other_references	expected_genus	A895	0	0	no	0	ok	
1ea76921a169caa3712b	NCPPB 4700	other_references	expected_genus	1294-9	0	0	no	0	ok	
1ec75a2408626b8a8104	NCPPB 1150	ncppb_number	exact_full_identifier	NCPPB 1150	0	0	no	3	ok	
1ee4ed2a76b6aaeedd26	NCPPB 1638	ncppb_number	exact_full_identifier	NCPPB 1638	1	1	no	1	ok	
1f075490adec1235bd95	NCPPB 3187	other_references	expected_genus	7613a	0	0	no	0	ok	
1f121f467c334db79cb5	NCPPB 1402	ncppb_number	exact_full_identifier	NCPPB 1402	1	1	no	1	ok	
1f503b4e28d8b5e817b9	NCPPB 2574	ncppb_number	exact_full_identifier	NCPPB 2574	0	0	no	3	ok	
1f98378fe30f92db2b82	NCPPB 2921	other_references	expected_genus	B5566	0	0	no	0	ok	
1fbcedd4c3d716d39974	NCPPB 3642	ncppb_number	exact_full_identifier	NCPPB 3642	0	0	no	3	ok	
1fd263694d50ce50f84f	NCPPB 3646	other_references	expected_genus	ISBF 272	0	0	no	0	ok	
1fda0cc891baf9b5a063	NCPPB 410	ncppb_number	exact_full_identifier	NCPPB 410	0	0	no	3	ok	
2009eb03c4f447b5c44b	NCPPB 1117	ncppb_number	exact_full_identifier	NCPPB 1117	0	0	no	3	ok	
2076315c7b7cfe739938	NCPPB 466	ncppb_number	exact_full_identifier	NCPPB 466	0	0	no	3	ok	
20a5e0a55e5ad616b710	NCPPB 575	ncppb_number	exact_full_identifier	NCPPB 575	1	1	no	0	ok	
20cc497f8d8c8fe4bc18	ALL_OTHER_PREFIX:ATCC	other_references	expected_genus:Stenotrophomonas	ATCC	97	97	no	0	ok	
21442e45c1e705fe82e8	NCPPB 1946	ncppb_number	exact_full_identifier	NCPPB 1946	1	1	no	2	ok	
214c2ccf24a23da5bf28	NCPPB 485	ncppb_number	exact_full_identifier	NCPPB 485	1	1	no	1	ok	
21d0292d81c87430fbf6	NCPPB 1061	other_references	expected_genus	B652	0	0	no	0	ok	
2215a2f1d90bd1dca6d1	NCPPB 4770	ncppb_number	exact_full_identifier	NCPPB 4770	0	0	no	3	ok	
22177f68f277f337b4e0	NCPPB 936	ncppb_number	exact_full_identifier	NCPPB 936	0	0	no	3	ok	
221b7971f2b706c1650b	NCPPB 670	other_references	expected_genus	77421	0	0	no	0	ok	
223f8f2ac7b095a9e5a9	NCPPB 4709	ncppb_number	exact_full_identifier	NCPPB 4709	0	0	no	3	ok	
227e004841406c5866a4	NCPPB 4630	other_references	expected_genus	ZZ22	0	0	no	0	ok	
2287646a0ba967182b87	NCPPB 1048	other_references	expected_genus	B639	0	0	no	0	ok	
229e1fd8cafdd7b138ee	NCPPB 840	ncppb_number	exact_full_identifier	NCPPB 840	1	1	no	1	ok	
22b36dde4b3593b2de63	NCPPB 3563	other_references	expected_genus	IIH-Xcp1	0	0	no	0	ok	
22db56d5883117134f56	NCPPB 3234	other_references	expected_genus	XC62	1	1	no	0	ok	
2313b4f1267d3fa1479e	NCPPB 4451	ncppb_number	exact_full_identifier	NCPPB 4451	0	0	no	3	ok	
231c678d2cc2ac6a11d1	NCPPB 4468	other_references	expected_genus	CSL972199	0	0	no	0	ok	
231fde1aff9e68e1d62d	NCPPB 2183	other_references	expected_genus	S148-81	0	0	no	0	ok	
2379e0d24c5c6de55898	NCPPB 1395	ncppb_number	exact_full_identifier	NCPPB 1395	1	1	no	2	ok	
23a1dbc145e9119bed49	NCPPB 3135	ncppb_number	exact_full_identifier	NCPPB 3135	0	0	no	3	ok	
23e09982d9860b463df2	NCPPB 2594	other_references	expected_genus	ENA-734	0	0	no	0	ok	
24682ca257d018973246	NCPPB 4393	other_references	expected_genus	394052	0	0	no	0	ok	
246ea5c41833b99b037f	NCPPB 2387	ncppb_number	exact_full_identifier	NCPPB 2387	0	0	no	3	ok	
2481c5e4453a57d1843d	NCPPB 424	ncppb_number	exact_full_identifier	NCPPB 424	0	0	no	3	ok	
2487377f567c8b974bc0	NCPPB 2922	other_references	expected_genus	B5577	0	0	no	0	ok	
24a52248e320ac8558e5	NCPPB 1630	other_references	expected_genus	ZZ24	0	0	no	0	ok	
24fd226be14e44e0f555	NCPPB 4632	ncppb_number	exact_full_identifier	NCPPB 4632	1	1	no	1	ok	
2517f1adddc8dfc7f996	NCPPB 4231	ncppb_number	exact_full_identifier	NCPPB 4231	1	1	no	2	ok	
25497123ab4754ba08bc	NCPPB 3573	other_references	expected_genus	X2G2	2	2	no	0	ok	
2565b9dbac200e0bc470	NCPPB 2597	ncppb_number	exact_full_identifier	NCPPB 2597	0	0	no	3	ok	
256a3deda88e65a8b91a	NCPPB 4681	ncppb_number	exact_full_identifier	NCPPB 4681	1	1	no	1	ok	
256f2a02e69583708dac	NCPPB 2825	other_references	expected_genus	5670	0	0	no	0	ok	
2599c824ba25f3c8ad2c	NCPPB 3654	other_references	expected_genus	ISBF 380	0	0	no	0	ok	
25badc756f3fe895b1ae	NCPPB 1671	other_references	expected_genus	B2536	0	0	no	0	ok	
25c26b4212825c1ce543	NCPPB 4466	ncppb_number	exact_full_identifier	NCPPB 4466	1	1	no	1	ok	
25d20dd0db1fbc59330b	NCPPB 4682	other_references	expected_genus	Xc318	0	0	no	0	ok	
2607bc2bb96c353a9998	NCPPB 2417	ncppb_number	exact_full_identifier	NCPPB 2417	2	2	no	0	ok	
260f5f0c01d1c85d807a	NCPPB 4714	ncppb_number	exact_full_identifier	NCPPB 4714	0	0	no	3	ok	
262977f1d6905369cb60	NCPPB 3927	ncppb_number	exact_full_identifier	NCPPB 3927	1	1	no	1	ok	
2678734a3bfd8a3112d4	NCPPB 2352	ncppb_number	exact_full_identifier	NCPPB 2352	1	1	no	1	ok	
268c0c90d8c2255a572c	NCPPB 200	ncppb_number	exact_full_identifier	NCPPB 200	0	0	no	3	ok	
26b0e227b17769240624	NCPPB 1712	ncppb_number	exact_full_identifier	NCPPB 1712	0	0	no	3	ok	
26b450397e26d72e5e1f	NCPPB 2258	ncppb_number	exact_full_identifier	NCPPB 2258	0	0	no	3	ok	
26d3c8e7adb704085690	NCPPB 3588	ncppb_number	exact_full_identifier	NCPPB 3588	0	0	no	3	ok	
26e065e2f1affbe1f1b7	NCPPB 2821	other_references	expected_genus	5523	0	0	no	0	ok	
26f8f4ab4cbe2860239b	NCPPB 1135	ncppb_number	exact_full_identifier	NCPPB 1135	0	0	no	3	ok	
270f4e077dc62c1052f4	NCPPB 3169	ncppb_number	exact_full_identifier	NCPPB 3169	0	0	no	3	ok	
2728b58015e3be986299	NCPPB 884	ncppb_number	exact_full_identifier	NCPPB 884	0	0	no	3	ok	
27310683a9e1e6d528a2	NCPPB 4700	ncppb_number	exact_full_identifier	NCPPB 4700	0	0	no	3	ok	
2781f6fa01dd7a6057c1	NCPPB 4407	ncppb_number	exact_full_identifier	NCPPB 4407	0	0	no	3	ok	
27d47b35a9edb21d36a9	NCPPB 3954	ncppb_number	exact_full_identifier	NCPPB 3954	0	0	no	3	ok	
28101e0b84a1f5b20054	NCPPB 1738	ncppb_number	exact_full_identifier	NCPPB 1738	0	0	no	3	ok	
283693dfe2242a5ab78f	NCPPB 1235	other_references	expected_genus	B922	0	0	no	0	ok	
284e5f979a7bf5e2f9c5	NCPPB 2062	ncppb_number	exact_full_identifier	NCPPB 2062	0	0	no	3	ok	
2853c4bdc99577a289cb	NCPPB 1336	ncppb_number	exact_full_identifier	NCPPB 1336	1	1	no	0	ok	
28974bf5cb94af563895	NCPPB 1834	ncppb_number	exact_full_identifier	NCPPB 1834	0	0	no	3	ok	
28a0405a275cbde18137	NCPPB 3313	ncppb_number	exact_full_identifier	NCPPB 3313	0	0	no	3	ok	
293bd51ac4365912c024	NCPPB 702	other_references	expected_genus	77860	0	0	no	0	ok	
2949c568c39af724b3a9	NCPPB 4398	ncppb_number	exact_full_identifier	NCPPB 4398	0	0	no	3	ok	
299e2d6e016707e20b34	NCPPB 4364	ncppb_number	exact_full_identifier	NCPPB 4364	1	1	no	1	ok	
29dd782999a761656d1d	NCPPB 2097	ncppb_number	exact_full_identifier	NCPPB 2097	0	0	no	3	ok	
2a3be2eccb274904cad6	NCPPB 1048	ncppb_number	exact_full_identifier	NCPPB 1048	0	0	no	3	ok	
2a446703b1dca335b7cf	NCPPB 4435	ncppb_number	exact_full_identifier	NCPPB 4435	0	0	no	3	ok	
2a7ebd0f8a26ddb86409	NCPPB 935	ncppb_number	exact_full_identifier	NCPPB 935	2	2	no	0	ok	
2a92ba233a31f1c4fdd4	NCPPB 3041	other_references	expected_genus	A905	0	0	no	0	ok	
2a940558c113935ba933	NCPPB 3092	ncppb_number	exact_full_identifier	NCPPB 3092	0	0	no	3	ok	
2a9ef4da2fb778b4a528	NCPPB 3110	ncppb_number	exact_full_identifier	NCPPB 3110	0	0	no	3	ok	
2b00f0261fc38c8801ee	NCPPB 315	other_references	expected_genus	XS52/5	0	0	no	0	ok	
2b4ea7955ea785cb33c1	NCPPB 1616	ncppb_number	exact_full_identifier	NCPPB 1616	0	0	no	3	ok	
2b6a0b816e167dab1e48	NCPPB 406	ncppb_number	exact_full_identifier	NCPPB 406	1	1	no	2	ok	
2b6fa3944466d469afd1	NCPPB 4716	other_references	expected_genus	NE-16	1	1	no	0	ok	
2b7e0b20264c3ae3ae1f	NCPPB 1832	ncppb_number	exact_full_identifier	NCPPB 1832	0	0	no	3	ok	
2ba6450955a9aab315e9	NCPPB 4713	other_references	expected_genus	IL-1(1)YDC	2	2	no	0	ok	
2bc5fa9e705fe6045cdc	NCPPB 3218	other_references	expected_genus	B8718	0	0	no	0	ok	
2bc63700c21b739dc042	NCPPB 2336	ncppb_number	exact_full_identifier	NCPPB 2336	0	0	no	3	ok	
2bcb694a189d664a172f	NCPPB 4391	ncppb_number	exact_full_identifier	NCPPB 4391	1	1	no	1	ok	
2c2f1af07778d07e3e7a	NCPPB 1839	other_references	expected_genus	ENA-250	0	0	no	0	ok	
2c4fc81496be8d178e9f	NCPPB 480	ncppb_number	exact_full_identifier	NCPPB 480	0	0	no	3	ok	
2c528218abd67874e836	NCPPB 4718	ncppb_number	exact_full_identifier	NCPPB 4718	0	0	no	3	ok	
2caa876d1bcc3148e8da	NCPPB 2817	ncppb_number	exact_full_identifier	NCPPB 2817	0	0	no	3	ok	
2d1ce93b88f04639831e	NCPPB 3119	ncppb_number	exact_full_identifier	NCPPB 3119	0	0	no	3	ok	
2d98b58d6b22cd40599f	NCPPB 1595	ncppb_number	exact_full_identifier	NCPPB 1595	0	0	no	3	ok	
2dc3677fc8a7e3d6b789	NCPPB 1755	other_references	expected_genus	HACC-180	0	0	no	0	ok	
2dc986457f45e62d4fdb	NCPPB 2497	other_references	expected_genus	B4539	0	0	no	0	ok	
2de6a48c05ce9a063a4d	NCPPB 1712	other_references	expected_genus	B1334	0	0	no	0	ok	
2deb1e72ebc7618449f5	NCPPB 1929	ncppb_number	exact_full_identifier	NCPPB 1929	0	0	no	3	ok	
2e07e843c5ed5454d8df	NCPPB 4434	ncppb_number	exact_full_identifier	NCPPB 4434	0	0	no	3	ok	
2e0d9fabe629bdc8f62c	NCPPB 2933	other_references	expected_genus	B6132	0	0	no	0	ok	
2e1b1b3b5fbd4f246304	NCPPB 4379	other_references	expected_genus	KY44	0	0	no	0	ok	
2e46a9310980adf2ab07	NCPPB 1829	ncppb_number	exact_full_identifier	NCPPB 1829	0	0	no	3	ok	
2e6575c3ac7da26585b3	NCPPB 4183	ncppb_number	exact_full_identifier	NCPPB 4183	0	0	no	3	ok	
2e699dc0a0d2e7f1429b	NCPPB 3646	ncppb_number	exact_full_identifier	NCPPB 3646	0	0	no	3	ok	
2e9c315ba24e93e25806	NCPPB 585	ncppb_number	exact_full_identifier	NCPPB 585	1	1	no	0	ok	
2eaa396348a2150f4d62	NCPPB 4754	ncppb_number	exact_full_identifier	NCPPB 4754	0	0	no	3	ok	
2f0ad865a502999cb50d	NCPPB 555	ncppb_number	exact_full_identifier	NCPPB 555	0	0	no	3	ok	
2f375de87d715de7d2f0	NCPPB 3776	ncppb_number	exact_full_identifier	NCPPB 3776	0	0	no	3	ok	
2f722989c7e1d52df606	NCPPB 3953	ncppb_number	exact_full_identifier	NCPPB 3953	0	0	no	3	ok	
2ffaa806e3a0fe4ee390	NCPPB 969	ncppb_number	exact_full_identifier	NCPPB 969	0	0	no	3	ok	
308d78ef14e62606129c	NCPPB 186	ncppb_number	exact_full_identifier	NCPPB 186	0	0	no	3	ok	
30a5010251a28f53a19a	NCPPB 3062	other_references	expected_genus	R704	0	0	no	0	ok	
31541f7b3b9fc9052b82	NCPPB 3799	ncppb_number	exact_full_identifier	NCPPB 3799	0	0	no	3	ok	
31c4145b7dfd52e4401d	NCPPB 917	other_references	expected_genus	B130	0	0	no	0	ok	
31ebdf3c52661e50c99e	NCPPB 1593	ncppb_number	exact_full_identifier	NCPPB 1593	0	0	no	3	ok	
31fe0449cdd6066546fc	NCPPB 3301	ncppb_number	exact_full_identifier	NCPPB 3301	0	0	no	3	ok	
32456e4a078132b1d0aa	NCPPB 3801	ncppb_number	exact_full_identifier	NCPPB 3801	0	0	no	3	ok	
326325b757ef1d357cce	NCPPB 2436	other_references	expected_genus	SBF-913	0	0	no	0	ok	
32903208f9dd9923696f	NCPPB 2898	other_references	expected_genus	A724A	0	0	no	0	ok	
32942874e5870b4d057e	NCPPB 3200	other_references	expected_genus	B8059	0	0	no	0	ok	
32a9b1502949f361e150	NCPPB 230	ncppb_number	exact_full_identifier	NCPPB 230	0	0	no	3	ok	
3306f189e9f7bb857517	NCPPB 887	other_references	expected_genus	B315	0	0	no	0	ok	
330df7bd56e6dc7afd64	NCPPB 2587	ncppb_number	exact_full_identifier	NCPPB 2587	0	0	no	3	ok	
330e65fb7c4feed8d411	NCPPB 1826	ncppb_number	exact_full_identifier	NCPPB 1826	1	1	no	1	ok	
3347194ad2b0a3649609	NCPPB 3656	ncppb_number	exact_full_identifier	NCPPB 3656	0	0	no	3	ok	
3373ef3b48e7a308642b	NCPPB 1452	ncppb_number	exact_full_identifier	NCPPB 1452	0	0	no	3	ok	
348b9227b192569beab2	NCPPB 3442	other_references	expected_genus	ENA 3123	1	1	no	0	ok	
348c8b823184a1f872a1	NCPPB 2928	other_references	expected_genus	B5643	0	0	no	0	ok	
34af773932dbbc627613	NCPPB 3140	ncppb_number	exact_full_identifier	NCPPB 3140	0	0	no	3	ok	
34c6483c30d8f9dc38ef	NCPPB 1841	ncppb_number	exact_full_identifier	NCPPB 1841	0	0	no	3	ok	
350cc25e3ebe4f7bbb4b	NCPPB 2346	ncppb_number	exact_full_identifier	NCPPB 2346	1	1	no	0	ok	
352be05fa16b2706528a	NCPPB 893	other_references	expected_genus	B343	0	0	no	0	ok	
3541d59d5b48bbf7fc92	NCPPB 638	other_references	expected_genus	76537	0	0	no	0	ok	
355eb1493cfbf717648b	NCPPB 1759	other_references	expected_genus	HACC-184	0	0	no	0	ok	
358e4810b411370fbe86	NCPPB 3883	ncppb_number	exact_full_identifier	NCPPB 3883	2	2	no	0	ok	
35b66c44b790a8ce334a	NCPPB 1420	ncppb_number	exact_full_identifier	NCPPB 1420	0	0	no	3	ok	
35e7c3020a67a8597abe	NCPPB 2701	ncppb_number	exact_full_identifier	NCPPB 2701	0	0	no	3	ok	
362f68b0d1c414d5b713	NCPPB 1067	ncppb_number	exact_full_identifier	NCPPB 1067	1	1	no	0	ok	
364464f6e1284d65a48b	NCPPB 3592	ncppb_number	exact_full_identifier	NCPPB 3592	0	0	no	3	ok	
369ff7937fe1eba3b9d7	NCPPB 1633	ncppb_number	exact_full_identifier	NCPPB 1633	0	0	no	3	ok	
36b41bc2d38929fd5b19	NCPPB 899	ncppb_number	exact_full_identifier	NCPPB 899	0	0	no	3	ok	
3715d0f0142b8d3c8daa	ALL_OTHER_PREFIX:IMI	other_references	expected_genus:Xanthomonas	IMI	2	2	no	0	ok	
37645fba05a151d3105c	NCPPB 2820	other_references	expected_genus	5262	1	1	no	0	ok	
37cbfc14572caf08668d	NCPPB 2921	other_references	expected_genus	PP1312/60	0	0	no	0	ok	
38275626e4e16aa7f00b	NCPPB 1438	other_references	expected_genus	I 608	0	0	no	0	ok	
38768cfa4341ea939ea8	NCPPB 1149	ncppb_number	exact_full_identifier	NCPPB 1149	0	0	no	3	ok	
38d0021e3ece26b20d68	NCPPB 3713	ncppb_number	exact_full_identifier	NCPPB 3713	0	0	no	3	ok	
38d1c366d695c487c90f	NCPPB 4344	other_references	expected_genus	03-29991	0	0	no	0	ok	
38e22d562bae25fba67a	NCPPB 4322	ncppb_number	exact_full_identifier	NCPPB 4322	0	0	no	3	ok	
399500e362ce9e325801	NCPPB 901	other_references	expected_genus	B406	0	0	no	0	ok	
39bd214525bf40d1676c	NCPPB 4378	ncppb_number	exact_full_identifier	NCPPB 4378	1	1	no	0	ok	
39cfabe5570ef0da63ac	NCPPB 2928	other_references	expected_genus	N318	2	2	no	0	ok	
39dde9d63ba735d880aa	NCPPB 3652	other_references	expected_genus	ISBF 367	0	0	no	0	ok	
39e4e21fe3c6a50b5dce	NCPPB 3888	ncppb_number	exact_full_identifier	NCPPB 3888	1	1	no	0	ok	
39e9c1c06a1b6a89ca6e	NCPPB 1833	ncppb_number	exact_full_identifier	NCPPB 1833	1	1	no	0	ok	
3a0cf8e46d011734e8fc	NCPPB 4601	ncppb_number	exact_full_identifier	NCPPB 4601	0	0	no	3	ok	
3a3042f0e921786249ee	NCPPB 3232	ncppb_number	exact_full_identifier	NCPPB 3232	0	0	no	3	ok	
3a4946bc09fb5d43b819	NCPPB 3086	ncppb_number	exact_full_identifier	NCPPB 3086	1	1	no	1	ok	
3a5e79bd961019138383	NCPPB 2968	ncppb_number	exact_full_identifier	NCPPB 2968	0	0	no	3	ok	
3a8b46899bc61b28b295	NCPPB 3719	ncppb_number	exact_full_identifier	NCPPB 3719	0	0	no	3	ok	
3adf53cf2dad5f36d9b4	NCPPB 4353	ncppb_number	exact_full_identifier	NCPPB 4353	0	0	no	3	ok	
3ae7c42158e079ec9550	NCPPB 3831	ncppb_number	exact_full_identifier	NCPPB 3831	0	0	no	3	ok	
3aec4aa21957a626a1b1	NCPPB 634	ncppb_number	exact_full_identifier	NCPPB 634	0	0	no	3	ok	
3b01571ab30489797f69	NCPPB 3712	ncppb_number	exact_full_identifier	NCPPB 3712	0	0	no	3	ok	
3b491dc8a9846aa95c01	NCPPB 2595	ncppb_number	exact_full_identifier	NCPPB 2595	0	0	no	3	ok	
3b70927e0f19584fa292	ALL_OTHER_PREFIX:ISPAVE-B	other_references	expected_genus:Xanthomonas	ISPAVE-B	0	0	no	0	ok	
3bc06c33a1b8acfe98cd	NCPPB 3361	ncppb_number	exact_full_identifier	NCPPB 3361	0	0	no	3	ok	
3be52ad7978986677f6c	NCPPB 2044	other_references	expected_genus	15984	0	0	no	0	ok	
3bec1258577bfdbde9ea	NCPPB 1616	other_references	expected_genus	B2249F	0	0	no	0	ok	
3bfb311b4a97bebee373	ALL_OTHER_PREFIX:LMG	other_references	expected_genus:Xanthomonas	LMG	124	124	no	0	ok	
3c3abfb8ae996b304278	NCPPB 2576	ncppb_number	exact_full_identifier	NCPPB 2576	0	0	no	3	ok	
3ca8b5a87840299cad29	NCPPB 1136	ncppb_number	exact_full_identifier	NCPPB 1136	0	0	no	3	ok	
3caa1a1f612559d45931	NCPPB 4231	other_references	expected_genus	2011627	0	0	no	0	ok	
3cc8567d2a6cd3338174	NCPPB 1158	ncppb_number	exact_full_identifier	NCPPB 1158	1	1	no	2	ok	
3cd70136cd2ffb41fa54	NCPPB 3215	ncppb_number	exact_full_identifier	NCPPB 3215	0	0	no	3	ok	
3cf90eee7d05f5fa77e8	NCPPB 1402	other_references	expected_genus	B1374	0	0	no	0	ok	
3d08a7c7d71a7191b92d	NCPPB 4343	other_references	expected_genus	1601-1	0	0	no	0	ok	
3d22eefe426698a5ab0a	NCPPB 151	ncppb_number	exact_full_identifier	NCPPB 151	1	1	no	1	ok	
3dd331c0b80c1a55b814	NCPPB 3660	other_references	expected_genus	ISBF 253	0	0	no	0	ok	
3e2506263f6dc025d17d	NCPPB 4355	ncppb_number	exact_full_identifier	NCPPB 4355	0	0	no	3	ok	
3e460d4244a0f30c585e	NCPPB 4682	ncppb_number	exact_full_identifier	NCPPB 4682	2	2	no	1	ok	
3e801c3285b6a45a919e	NCPPB 3024	ncppb_number	exact_full_identifier	NCPPB 3024	0	0	no	3	ok	
3e8efea1eef18eca5457	NCPPB 4705	ncppb_number	exact_full_identifier	NCPPB 4705	0	0	no	3	ok	
3e9f72972b7b30f4f340	NCPPB 1495	other_references	expected_genus	C398	0	0	no	0	ok	
3ecefbbea4ac8ea01956	NCPPB 2998	ncppb_number	exact_full_identifier	NCPPB 2998	1	1	no	1	ok	
3f0aae0c6cae448aa2c6	NCPPB 4704	ncppb_number	exact_full_identifier	NCPPB 4704	0	0	no	3	ok	
3f16812ff653fcce3d2e	NCPPB 181	ncppb_number	exact_full_identifier	NCPPB 181	0	0	no	3	ok	
3f2d1cc2e774c685bab2	NCPPB 3212	ncppb_number	exact_full_identifier	NCPPB 3212	0	0	no	3	ok	
3f40d846a4218444e83f	NCPPB 3655	other_references	expected_genus	ISBF 381	0	0	no	0	ok	
3f5c397c4f2ecd232468	NCPPB 3041	ncppb_number	exact_full_identifier	NCPPB 3041	0	0	no	3	ok	
3f7ca35ccc7c9992f3d6	NCPPB 4692	ncppb_number	exact_full_identifier	NCPPB 4692	1	1	no	0	ok	
3f95920c601ef33a8318	NCPPB 3003	ncppb_number	exact_full_identifier	NCPPB 3003	0	0	no	3	ok	
3faa57df3b1c49487d83	NCPPB 2978	ncppb_number	exact_full_identifier	NCPPB 2978	0	0	no	3	ok	
400f232619a262ca344a	NCPPB 2011	ncppb_number	exact_full_identifier	NCPPB 2011	0	0	no	3	ok	
401c78161646b3e3ffbb	NCPPB 638	ncppb_number	exact_full_identifier	NCPPB 638	0	0	no	3	ok	
402c2276349775ad9190	NCPPB 1755	ncppb_number	exact_full_identifier	NCPPB 1755	0	0	no	3	ok	
404f8e64417e2b33c2cc	NCPPB 3647	ncppb_number	exact_full_identifier	NCPPB 3647	0	0	no	3	ok	
4070a99d359c2e4f4451	NCPPB 1058	other_references	expected_genus	B659	0	0	no	0	ok	
407ab6f59b028beb0cc5	NCPPB 2838	other_references	expected_genus	UKP 765	0	0	no	0	ok	
408841cd67f9c2fab1d8	NCPPB 4435	other_references	expected_genus	20722939	0	0	no	0	ok	
4089d53854013cb3753b	NCPPB 305	ncppb_number	exact_full_identifier	NCPPB 305	0	0	no	3	ok	
40dcd9c3b9ea33391269	NCPPB 2987	ncppb_number	exact_full_identifier	NCPPB 2987	0	0	no	3	ok	
40f8e9a92ef561a5a13d	NCPPB 4415	other_references	expected_genus	Protect 766	0	0	no	0	ok	
41750f99d7856dfc9a99	NCPPB 4321	other_references	expected_genus	XV938	0	0	no	0	ok	
41c4b80417dc11f53a1f	NCPPB 1683	ncppb_number	exact_full_identifier	NCPPB 1683	0	0	no	3	ok	
41c752a2dc0888501c39	NCPPB 4380	ncppb_number	exact_full_identifier	NCPPB 4380	0	0	no	3	ok	
41d8e21e8f4fca978750	NCPPB 3608	other_references	expected_genus	IIHXCC2	0	0	no	0	ok	
41ddaf502f7b3d40c230	NCPPB 4386	ncppb_number	exact_full_identifier	NCPPB 4386	0	0	no	3	ok	
42160c2d6455ab39fc2c	NCPPB 2977	ncppb_number	exact_full_identifier	NCPPB 2977	0	0	no	3	ok	
426ce0dbabdffe93ec22	ALL_OTHER_PREFIX:NCTC	other_references	expected_genus:Stenotrophomonas	NCTC	7	7	no	0	ok	
427e1a54c572f6cd0068	NCPPB 3082	ncppb_number	exact_full_identifier	NCPPB 3082	0	0	no	3	ok	
4284286709bfb0162cb5	NCPPB 3233	other_references	expected_genus	IBSF 512	0	0	no	0	ok	
42a70bda1f53e9b68e39	NCPPB 4733	ncppb_number	exact_full_identifier	NCPPB 4733	0	0	no	3	ok	
42e46dffadcbf6f0012c	NCPPB 938	ncppb_number	exact_full_identifier	NCPPB 938	0	0	no	3	ok	
430fbc19c290183f472f	NCPPB 4405	ncppb_number	exact_full_identifier	NCPPB 4405	0	0	no	3	ok	
43a822024da2c3233a79	NCPPB 3234	ncppb_number	exact_full_identifier	NCPPB 3234	0	0	no	3	ok	
43b4ee8ff1d03a32f218	NCPPB 2969	ncppb_number	exact_full_identifier	NCPPB 2969	0	0	no	3	ok	
43d416ffe18887852e7b	NCPPB 1757	other_references	expected_genus	HACC-182	0	0	no	0	ok	
43f1ea5ed6e0d79c5373	NCPPB 2496	ncppb_number	exact_full_identifier	NCPPB 2496	0	0	no	3	ok	
4435978c8cd5b96061d3	NCPPB 528	ncppb_number	exact_full_identifier	NCPPB 528	2	2	no	0	ok	
4438fc50afc72c118de7	NCPPB 2490	ncppb_number	exact_full_identifier	NCPPB 2490	0	0	no	3	ok	
44403a56bd401dbdba40	NCPPB 923	ncppb_number	exact_full_identifier	NCPPB 923	0	0	no	3	ok	
4479b98cf226c36dc84c	NCPPB 3639	ncppb_number	exact_full_identifier	NCPPB 3639	0	0	no	3	ok	
44829d471eeb2bf5665f	NCPPB 3304	ncppb_number	exact_full_identifier	NCPPB 3304	0	0	no	3	ok	
44ce0ddba91c4b52f5d6	NCPPB 902	other_references	expected_genus	B454	0	0	no	0	ok	
44e53eb8ee18fe10a157	NCPPB 985	ncppb_number	exact_full_identifier	NCPPB 985	0	0	no	3	ok	
45247a0897bb37fc4d49	NCPPB 578	ncppb_number	exact_full_identifier	NCPPB 578	0	0	no	3	ok	
4530921b56566c35ac8e	NCPPB 4703	ncppb_number	exact_full_identifier	NCPPB 4703	0	0	no	3	ok	
455eb82539e4d49d3548	NCPPB 1050	other_references	expected_genus	B672	0	0	no	0	ok	
459399dea053285e436c	ALL_OTHER_PREFIX:DSMZ	other_references	expected_genus:Xanthomonas	DSMZ	0	0	no	0	ok	
45b76b81369694982cb2	NCPPB 4323	other_references	expected_genus	XV444	0	0	no	0	ok	
45d51b2b535d8e98be69	NCPPB 4411	ncppb_number	exact_full_identifier	NCPPB 4411	0	0	no	3	ok	
45fad7dced231633c3c9	NCPPB 3172	other_references	expected_genus	B7299	0	0	no	0	ok	
46153ad2473f1e0d4e68	NCPPB 4392	other_references	expected_genus	394051	0	0	no	0	ok	
461f242111dad1a03c96	NCPPB 3657	ncppb_number	exact_full_identifier	NCPPB 3657	0	0	no	3	ok	
46774023d85d624a9416	NCPPB 2248	other_references	expected_genus	MR20213	0	0	no	0	ok	
468e03e6ec1e9de90c43	NCPPB 888	other_references	expected_genus	B325	0	0	no	0	ok	
469b0d043bd774b474cc	NCPPB 3705	ncppb_number	exact_full_identifier	NCPPB 3705	0	0	no	3	ok	
46ebd939ccd2a6592658	NCPPB 573	ncppb_number	exact_full_identifier	NCPPB 573	1	1	no	1	ok	
47632258a123fcecd01c	NCPPB 3887	other_references	expected_genus	RC2B	0	0	no	0	ok	
4772118ea4ed967d67ac	NCPPB 1787	ncppb_number	exact_full_identifier	NCPPB 1787	1	1	no	0	ok	
479602b70e3e3e21bbd2	NCPPB 3640	ncppb_number	exact_full_identifier	NCPPB 3640	0	0	no	3	ok	
47c6dfe9c9a5404d9372	NCPPB 422	ncppb_number	exact_full_identifier	NCPPB 422	0	0	no	3	ok	
47f404d74fab4ca80a9e	NCPPB 670	ncppb_number	exact_full_identifier	NCPPB 670	1	1	no	0	ok	
480b567f27e7faa1d978	NCPPB 4721	ncppb_number	exact_full_identifier	NCPPB 4721	0	0	no	3	ok	
4815a914521216f95e02	NCPPB 4618	ncppb_number	exact_full_identifier	NCPPB 4618	0	0	no	3	ok	
484c6617fbb013ec1f57	NCPPB 4388	ncppb_number	exact_full_identifier	NCPPB 4388	0	0	no	3	ok	
4909a0bd0623b8b29992	NCPPB 2248	ncppb_number	exact_full_identifier	NCPPB 2248	0	0	no	3	ok	
4934e51cc1847feab7d4	NCPPB 2828	ncppb_number	exact_full_identifier	NCPPB 2828	0	0	no	3	ok	
4935f5ca185c3840b8fd	NCPPB 4434	other_references	expected_genus	20702295	0	0	no	0	ok	
4937630981d3822805f4	NCPPB 1786	ncppb_number	exact_full_identifier	NCPPB 1786	0	0	no	3	ok	
49808b3d6d0cb3f68cc3	NCPPB 648	ncppb_number	exact_full_identifier	NCPPB 648	0	0	no	3	ok	
49917d7775cf3a39a3c0	NCPPB 3641	ncppb_number	exact_full_identifier	NCPPB 3641	0	0	no	3	ok	
49b990f3f880e98652ac	NCPPB 1152	ncppb_number	exact_full_identifier	NCPPB 1152	0	0	no	3	ok	
49bbb66006d915304731	NCPPB 4722	ncppb_number	exact_full_identifier	NCPPB 4722	0	0	no	3	ok	
49e6fc15c1b0ba65ac3b	NCPPB 478	ncppb_number	exact_full_identifier	NCPPB 478	1	1	no	1	ok	
4a180f14823a44fecffd	NCPPB 2031	ncppb_number	exact_full_identifier	NCPPB 2031	0	0	no	3	ok	
4a19d023d3da1d09df87	NCPPB 3161	other_references	expected_genus	B6812	0	0	no	0	ok	
4a369d47a1003104d641	NCPPB 2700	ncppb_number	exact_full_identifier	NCPPB 2700	0	0	no	3	ok	
4a48cd09da99c23a2abb	NCPPB 4385	other_references	expected_genus	031/KIB/05	0	0	no	0	ok	
4a51f2f4599bdf83a6d1	NCPPB 174	ncppb_number	exact_full_identifier	NCPPB 174	0	0	no	3	ok	
4a930c02b0ecac0ede79	NCPPB 4386	other_references	expected_genus	005/WKS/05	0	0	no	0	ok	
4aba4506f28fbd9d59ec	NCPPB 642	ncppb_number	exact_full_identifier	NCPPB 642	0	0	no	3	ok	
4adfc84f1efdcd6a8f4d	NCPPB 1433	other_references	expected_genus	E1309	0	0	no	0	ok	
4aea593a653c91308ec9	NCPPB 1061	ncppb_number	exact_full_identifier	NCPPB 1061	2	2	no	0	ok	
4b135244b140e5cf4240	NCPPB 3174	other_references	expected_genus	B7344b	0	0	no	0	ok	
4b1f54cee2fb9fbf945b	NCPPB 2839	ncppb_number	exact_full_identifier	NCPPB 2839	0	0	no	3	ok	
4b46fbf21e32013cc52c	NCPPB 1680	ncppb_number	exact_full_identifier	NCPPB 1680	1	1	no	1	ok	
4b7a5036008a29feb1ee	NCPPB 1014	ncppb_number	exact_full_identifier	NCPPB 1014	0	0	no	3	ok	
4b94fdd44dba838b8219	NCPPB 4713	ncppb_number	exact_full_identifier	NCPPB 4713	0	0	no	3	ok	
4b9fd6777d9c431536da	NCPPB 3168	other_references	expected_genus	B7147	0	0	no	0	ok	
4baa15ee115db917a209	NCPPB 210	ncppb_number	exact_full_identifier	NCPPB 210	0	0	no	3	ok	
4bc203b70d832cdde879	NCPPB 1067	other_references	expected_genus	B707A	0	0	no	0	ok	
4c2a479ad2af2b716448	NCPPB 3799	other_references	expected_genus	A5128/1	0	0	no	0	ok	
4c65aac1a8c886f1f7aa	NCPPB 1821	ncppb_number	exact_full_identifier	NCPPB 1821	0	0	no	3	ok	
4cac5d23c365bbe57463	NCPPB 3659	ncppb_number	exact_full_identifier	NCPPB 3659	0	0	no	3	ok	
4cd614523c1ead49d2c8	NCPPB 1594	ncppb_number	exact_full_identifier	NCPPB 1594	1	1	no	1	ok	
4cea27c3e7297548dad9	NCPPB 633	other_references	expected_genus	M2519	0	0	no	0	ok	
4cfb0a4417ba38715771	NCPPB 226	ncppb_number	exact_full_identifier	NCPPB 226	1	1	no	1	ok	
4d40b20bc3ce72107bde	NCPPB 1043	other_references	expected_genus	B621	0	0	no	0	ok	
4d4955c274f3690c8427	NCPPB 1146	ncppb_number	exact_full_identifier	NCPPB 1146	0	0	no	3	ok	
4d792925580bce4d422a	NCPPB 211	ncppb_number	exact_full_identifier	NCPPB 211	1	1	no	1	ok	
4d79b709a4e094fecf4c	NCPPB 1063	other_references	expected_genus	B651	0	0	no	0	ok	
4d7b5f2ba04ca6207e3f	ALL_OTHER_PREFIX:GBBC	other_references	expected_genus:Xanthomonas	GBBC	29	29	no	0	ok	
4d8d9ae3878d5c61ccd6	NCPPB 2446	other_references	expected_genus	H5809	0	0	no	0	ok	
4d981935d51634e873ea	NCPPB 3948	ncppb_number	exact_full_identifier	NCPPB 3948	1	1	no	1	ok	
4d9dabb3a1a8a0b1f912	NCPPB 3059	other_references	expected_genus	Z291	0	0	no	0	ok	
4db8820c4474563cbb97	NCPPB 3931	ncppb_number	exact_full_identifier	NCPPB 3931	0	0	no	3	ok	
4ddbaa9244eff1f7cf69	NCPPB 3744	ncppb_number	exact_full_identifier	NCPPB 3744	0	0	no	3	ok	
4de0b92b205571afd647	NCPPB 3438	ncppb_number	exact_full_identifier	NCPPB 3438	0	0	no	3	ok	
4df90705532931103d54	NCPPB 45	ncppb_number	exact_full_identifier	NCPPB 45	0	0	no	3	ok	
4e0bdedf454a43f8f9db	NCPPB 885	other_references	expected_genus	B401	0	0	no	0	ok	
4ebe4b4f1c85bdc12c46	NCPPB 3960	ncppb_number	exact_full_identifier	NCPPB 3960	0	0	no	3	ok	
4ee9b84ba5b8b83a660c	NCPPB 348	ncppb_number	exact_full_identifier	NCPPB 348	0	0	no	3	ok	
4f3e10cd67b447479921	NCPPB 3022	ncppb_number	exact_full_identifier	NCPPB 3022	0	0	no	3	ok	
4f4f5e23afa612e6ef46	NCPPB 3942	ncppb_number	exact_full_identifier	NCPPB 3942	0	0	no	3	ok	
4f5b497e71da98ff83e9	NCPPB 3234	other_references	expected_genus	6501S	0	0	no	0	ok	
4f69f2b5685c7f9b4264	NCPPB 1645	other_references	expected_genus	SAL/163/B	0	0	no	0	ok	
4f6a49760b4dbbd7c950	NCPPB 3653	other_references	expected_genus	ISBF 353	0	0	no	0	ok	
4fcec6a7982f4ea986b7	NCPPB 2345	ncppb_number	exact_full_identifier	NCPPB 2345	1	1	no	2	ok	
4fdba8de4d05aad8fbe1	NCPPB 4384	other_references	expected_genus	041/NSG/05	0	0	no	0	ok	
4feea3dc53f04d5681d2	NCPPB 1472	ncppb_number	exact_full_identifier	NCPPB 1472	0	0	no	3	ok	
4ff5ea8871bf6bf816b5	NCPPB 4771	other_references	expected_genus	2023027163	1	1	no	0	ok	
501db1ac9163c05e4edb	NCPPB 3079	ncppb_number	exact_full_identifier	NCPPB 3079	1	1	no	0	ok	
50289259c1a941a9dda9	NCPPB 4034	ncppb_number	exact_full_identifier	NCPPB 4034	0	0	no	3	ok	
5048412850f717a6b23e	NCPPB 3024	other_references	expected_genus	NC334	0	0	no	0	ok	
5082ced2d2d64111b074	NCPPB 4341	ncppb_number	exact_full_identifier	NCPPB 4341	0	0	no	3	ok	
50bccac8de9d4d00d15c	NCPPB 2226	ncppb_number	exact_full_identifier	NCPPB 2226	0	0	no	3	ok	
51189b2194e3a9741705	NCPPB 2375	ncppb_number	exact_full_identifier	NCPPB 2375	0	0	no	3	ok	
511bac5805b3447d39e5	NCPPB 4671	ncppb_number	exact_full_identifier	NCPPB 4671	0	0	no	3	ok	
518868b036fdb87e326a	NCPPB 4704	other_references	expected_genus	Co-126-2	1	1	no	0	ok	
51963884a5c64208230b	NCPPB 4468	ncppb_number	exact_full_identifier	NCPPB 4468	1	1	no	1	ok	
51c3e613807b79bc8c59	NCPPB 416	ncppb_number	exact_full_identifier	NCPPB 416	2	2	no	0	ok	
5206b091743d18e4fcf6	NCPPB 2918	other_references	expected_genus	BS469	0	0	no	0	ok	
5240e7b37e286a5e6416	NCPPB 4350	ncppb_number	exact_full_identifier	NCPPB 4350	2	2	no	0	ok	
52431946569ec1506331	NCPPB 1942	ncppb_number	exact_full_identifier	NCPPB 1942	0	0	no	3	ok	
5272350b19ea746ec37e	NCPPB 535	ncppb_number	exact_full_identifier	NCPPB 535	1	1	no	1	ok	
527522c384353d5f9ddf	NCPPB 4634	ncppb_number	exact_full_identifier	NCPPB 4634	1	1	no	1	ok	
527d0ee9bb3c290665fd	NCPPB 3192	ncppb_number	exact_full_identifier	NCPPB 3192	0	0	no	3	ok	
529fefc6305b17b12d57	NCPPB 3061	ncppb_number	exact_full_identifier	NCPPB 3061	0	0	no	3	ok	
52d9509f838f3d53dc3f	NCPPB 347	ncppb_number	exact_full_identifier	NCPPB 347	2	2	no	0	ok	
534a5bb985b921a1500b	NCPPB 1659	other_references	expected_genus	B2404	0	0	no	0	ok	
536279a1a1a1e3565de1	NCPPB 2973	other_references	expected_genus	XC18	0	0	no	0	ok	
536faaba401f4bcd400c	NCPPB 3178	ncppb_number	exact_full_identifier	NCPPB 3178	0	0	no	3	ok	
53868c8f6dce79879d15	ALL_OTHER_PREFIX:CIP	other_references	expected_genus:Xanthomonas	CIP	0	0	no	0	ok	
53b137043bbeaaea49d2	NCPPB 924	other_references	expected_genus	B497	0	0	no	0	ok	
53b57db332f26eb32893	NCPPB 2904	other_references	expected_genus	A736	0	0	no	0	ok	
541df9944df69f9284cb	NCPPB 2935	ncppb_number	exact_full_identifier	NCPPB 2935	0	0	no	3	ok	
543412a038363a9f68f9	NCPPB 3027	ncppb_number	exact_full_identifier	NCPPB 3027	0	0	no	3	ok	
54741f9085fce1f58f67	NCPPB 3173	ncppb_number	exact_full_identifier	NCPPB 3173	0	0	no	3	ok	
54786bf003c426fdd662	NCPPB 2269	ncppb_number	exact_full_identifier	NCPPB 2269	0	0	no	3	ok	
548ca45fd890fa34511e	NCPPB 4392	ncppb_number	exact_full_identifier	NCPPB 4392	2	2	no	0	ok	
54945d6adfb638f7ff6d	NCPPB 4676	ncppb_number	exact_full_identifier	NCPPB 4676	0	0	no	3	ok	
54da778397d2e313711a	NCPPB 2649	ncppb_number	exact_full_identifier	NCPPB 2649	1	1	no	0	ok	
55506c0e4030b5337625	NCPPB 2338	ncppb_number	exact_full_identifier	NCPPB 2338	1	1	no	1	ok	
555a2d554e9e360210e0	NCPPB 205	ncppb_number	exact_full_identifier	NCPPB 205	0	0	no	3	ok	
560b8b32903863c89bb1	NCPPB 3639	other_references	expected_genus	RCIIHXCP2	0	0	no	0	ok	
56785621d2607b3f7f43	ALL_NCPPB	ncppb_number	expected_genus:Pseudomonas	NCPPB	60	60	no	0	ok	
568c3df94877a1668297	NCPPB 2949	ncppb_number	exact_full_identifier	NCPPB 2949	1	1	no	1	ok	
56bbe132e96d281083c4	NCPPB 3754	other_references	expected_genus	XCN 8203	0	0	no	0	ok	
56c67d0e007520150b9f	NCPPB 2864	ncppb_number	exact_full_identifier	NCPPB 2864	1	1	no	1	ok	
56ea4aca73400fd51f07	NCPPB 1785	ncppb_number	exact_full_identifier	NCPPB 1785	0	0	no	3	ok	
572b59afcbfc0bbdb853	NCPPB 2665	ncppb_number	exact_full_identifier	NCPPB 2665	1	1	no	2	ok	
573a36fc43e0f8590713	NCPPB 1648	ncppb_number	exact_full_identifier	NCPPB 1648	0	0	no	3	ok	
57e979691e813bf11697	NCPPB 2573	ncppb_number	exact_full_identifier	NCPPB 2573	0	0	no	3	ok	
580d725adce692b69e6c	NCPPB 1129	ncppb_number	exact_full_identifier	NCPPB 1129	0	0	no	3	ok	
585ee9bfb292ccc1ef53	NCPPB 273	ncppb_number	exact_full_identifier	NCPPB 273	0	0	no	3	ok	
593057a1b6da805ba06a	NCPPB 4613	other_references	expected_genus	NE744	0	0	no	0	ok	
597b005249ad7e2730c4	ALL_OTHER_PREFIX:DSM	other_references	expected_genus:Xanthomonas	DSM	8	8	no	0	ok	
59fac10732891eace578	NCPPB 4323	ncppb_number	exact_full_identifier	NCPPB 4323	0	0	no	3	ok	
5a02661bcb0f21035805	NCPPB 1654	ncppb_number	exact_full_identifier	NCPPB 1654	1	1	no	2	ok	
5a2491b4f6317d7cc3e7	NCPPB 2910	ncppb_number	exact_full_identifier	NCPPB 2910	0	0	no	3	ok	
5a4ed249e870fa0f4e73	NCPPB 2834	other_references	expected_genus	UKP 33	0	0	no	0	ok	
5a5f447aed358b07c125	NCPPB 3207	other_references	expected_genus	B8511	0	0	no	0	ok	
5a9781cea36c2b50a56f	NCPPB 2827	ncppb_number	exact_full_identifier	NCPPB 2827	0	0	no	3	ok	
5b2b0bdcf6162c9957b2	NCPPB 1975	ncppb_number	exact_full_identifier	NCPPB 1975	0	0	no	3	ok	
5b2cfc3c978af98cff25	NCPPB 3582	ncppb_number	exact_full_identifier	NCPPB 3582	1	1	no	1	ok	
5b92a0be27c9e5e7514e	NCPPB 972	ncppb_number	exact_full_identifier	NCPPB 972	1	1	no	1	ok	
5b9741f6247dc4929a86	NCPPB 1160	ncppb_number	exact_full_identifier	NCPPB 1160	0	0	no	3	ok	
5b9e8a3f47b4adc490c6	NCPPB 2044	ncppb_number	exact_full_identifier	NCPPB 2044	0	0	no	3	ok	
5bbeb38084debb380447	NCPPB 3173	other_references	expected_genus	B7343	0	0	no	0	ok	
5bc0addcc7bde98ec1c9	NCPPB 3658	other_references	expected_genus	ISBF 327	0	0	no	0	ok	
5c05ca1a6e2cfeb6b7a5	NCPPB 3651	ncppb_number	exact_full_identifier	NCPPB 3651	0	0	no	3	ok	
5c0a00c82c87990c906c	NCPPB 2376	other_references	expected_genus	XA115	0	0	no	0	ok	
5c317bed0f84180d35f7	NCPPB 4755	ncppb_number	exact_full_identifier	NCPPB 4755	0	0	no	3	ok	
5c5257dbdbc132ea2056	NCPPB 3182	ncppb_number	exact_full_identifier	NCPPB 3182	0	0	no	3	ok	
5c7f5a40b6be201ebbed	NCPPB 2826	ncppb_number	exact_full_identifier	NCPPB 2826	0	0	no	3	ok	
5cb44c8c8a36ad35217c	NCPPB 4324	ncppb_number	exact_full_identifier	NCPPB 4324	0	0	no	3	ok	
5ce016fd360b76ab1f65	NCPPB 2494	other_references	expected_genus	B5017	0	0	no	0	ok	
5daf9823901143521353	NCPPB 1135	other_references	expected_genus	B740B	0	0	no	0	ok	
5e1bdcc213d858a95398	NCPPB 4669	ncppb_number	exact_full_identifier	NCPPB 4669	0	0	no	3	ok	
5e4a03e1fb34ee5b534a	NCPPB 404	ncppb_number	exact_full_identifier	NCPPB 404	0	0	no	3	ok	
5e63a15504eed18b8e0f	NCPPB 3330	other_references	expected_genus	A2087C	0	0	no	0	ok	
5f156424ea8dbae56a86	NCPPB 3568	ncppb_number	exact_full_identifier	NCPPB 3568	0	0	no	3	ok	
5f252ce042b4918c650c	NCPPB 889	ncppb_number	exact_full_identifier	NCPPB 889	1	1	no	1	ok	
5f26858cf094fb17202a	NCPPB 1334	ncppb_number	exact_full_identifier	NCPPB 1334	1	1	no	0	ok	
5f84e8df63a1a10cb0ee	NCPPB 1332	other_references	expected_genus	B1198	0	0	no	0	ok	
5fe9708c2a05fd1db0dd	NCPPB 3716	ncppb_number	exact_full_identifier	NCPPB 3716	0	0	no	3	ok	
60489ebcb438bfb72b55	NCPPB 3761	ncppb_number	exact_full_identifier	NCPPB 3761	1	1	no	1	ok	
606409e9701e552db6bf	NCPPB 1930	ncppb_number	exact_full_identifier	NCPPB 1930	0	0	no	3	ok	
6071c706ee37082c05b6	NCPPB 3582	other_references	expected_genus	X144	0	0	no	0	ok	
608ccfced838506b6300	NCPPB 2930	ncppb_number	exact_full_identifier	NCPPB 2930	1	1	no	1	ok	
6099dd252c4cad9fdaf9	NCPPB 2920	other_references	expected_genus	B5562	0	0	no	0	ok	
60a47889d74726810758	NCPPB 3880	ncppb_number	exact_full_identifier	NCPPB 3880	0	0	no	3	ok	
60db16b820ca50380917	NCPPB 1447	ncppb_number	exact_full_identifier	NCPPB 1447	1	1	no	1	ok	
60f286fe3973932b0c90	NCPPB 1244	ncppb_number	exact_full_identifier	NCPPB 1244	0	0	no	3	ok	
610f706cb027d5d1e8ad	NCPPB 1138	ncppb_number	exact_full_identifier	NCPPB 1138	1	1	no	1	ok	
6142867f94491d8dd6eb	NCPPB 3612	other_references	expected_genus	IIH XCC7	0	0	no	0	ok	
62035ec8318629c8e069	NCPPB 2840	other_references	expected_genus	UKP 852	0	0	no	0	ok	
621d3bf42b62fd40edd5	NCPPB 2654	other_references	expected_genus	C783	0	0	no	0	ok	
62241edfb4616ce76049	NCPPB 4373	ncppb_number	exact_full_identifier	NCPPB 4373	0	0	no	3	ok	
6230e2a5c535e30023ee	NCPPB 3079	other_references	expected_genus	ENA 2154	0	0	no	0	ok	
6242a1c5f8aea9ade2e9	ALL_OTHER_PREFIX:ICMP	other_references	expected_genus:Xanthomonas	ICMP	97	97	no	0	ok	
62607a5ffcc1035c3214	NCPPB 2654	ncppb_number	exact_full_identifier	NCPPB 2654	2	2	no	0	ok	
62d2ae90b4a7bce1ced8	NCPPB 793	other_references	expected_genus	78017	0	0	no	0	ok	
62f81926e43dae77433f	ALL_OTHER_PREFIX:IBSP	other_references	expected_genus:Xanthomonas	IBSP	1	1	no	0	ok	
638344fed458a30da889	NCPPB 4448	other_references	expected_genus	CS283	0	0	no	0	ok	
639abcf2568368eddc0b	NCPPB 4698	ncppb_number	exact_full_identifier	NCPPB 4698	0	0	no	3	ok	
63c7cacbe5448332ec23	NCPPB 4375	other_references	expected_genus	1594	1	1	no	0	ok	
6420269dcad134583615	NCPPB 2297	ncppb_number	exact_full_identifier	NCPPB 2297	0	0	no	3	ok	
64b4cbafeadeba7bc1c4	NCPPB 4384	ncppb_number	exact_full_identifier	NCPPB 4384	0	0	no	3	ok	
64bffc69bdb5031c62a3	NCPPB 887	ncppb_number	exact_full_identifier	NCPPB 887	0	0	no	3	ok	
64d8081af2510a0d290d	NCPPB 701	other_references	expected_genus	77833	0	0	no	0	ok	
64ee2241d49737926e81	NCPPB 2067	ncppb_number	exact_full_identifier	NCPPB 2067	0	0	no	3	ok	
6508b5b6c6a8a3a4c3b0	NCPPB 571	ncppb_number	exact_full_identifier	NCPPB 571	0	0	no	3	ok	
652355ec6fd53c41adbe	NCPPB 536	ncppb_number	exact_full_identifier	NCPPB 536	1	1	no	1	ok	
65760adcf2a49a8bb1fa	NCPPB 2393	other_references	expected_genus	Xl-6-1	0	0	no	0	ok	
659c97865812dafe84e6	NCPPB 2573	other_references	expected_genus	XV-69-10	0	0	no	0	ok	
65a1946f3325f1233a59	NCPPB 4625	ncppb_number	exact_full_identifier	NCPPB 4625	0	0	no	3	ok	
65a8923e7883b91a66ba	NCPPB 3443	ncppb_number	exact_full_identifier	NCPPB 3443	1	1	no	1	ok	
65f62ed2ba56ddb3cd2b	NCPPB 1754	other_references	expected_genus	HACC-179	0	0	no	0	ok	
66251dc5922c6e2613b3	NCPPB 1841	other_references	expected_genus	ENA-265	0	0	no	0	ok	
66356e6521b0ca763df6	NCPPB 1131	other_references	expected_genus	B720	0	0	no	0	ok	
666ec98bef1b3af5609b	NCPPB 3950	ncppb_number	exact_full_identifier	NCPPB 3950	0	0	no	3	ok	
670372f45fa471ab96ed	NCPPB 4374	other_references	expected_genus	1497	0	0	no	0	ok	
672d3d7db0fe4c05a10c	NCPPB 4680	other_references	expected_genus	Xc23	0	0	no	0	ok	
674522ea9ed6b410b26e	NCPPB 2885	other_references	expected_genus	G21.5	1	1	no	0	ok	
677b3faa20f6fae08b6e	NCPPB 3162	ncppb_number	exact_full_identifier	NCPPB 3162	1	1	no	0	ok	
67830d64c210fb414539	NCPPB 1439	ncppb_number	exact_full_identifier	NCPPB 1439	0	0	no	3	ok	
67d78d89f53f123f465c	NCPPB 1326	ncppb_number	exact_full_identifier	NCPPB 1326	1	1	no	1	ok	
67eb301033f6e4033f3b	NCPPB 2665	other_references	expected_genus	IPV-BO 193	0	0	no	0	ok	
682bb9767c7a2fd25172	NCPPB 3656	other_references	expected_genus	CIA 2836	0	0	no	0	ok	
684eba7c0928130eca01	NCPPB 2698	ncppb_number	exact_full_identifier	NCPPB 2698	0	0	no	3	ok	
685a08975cadb37e0398	NCPPB 3652	other_references	expected_genus	UnB-47	0	0	no	0	ok	
68b4024c1b77d4c9f04d	NCPPB 2217	ncppb_number	exact_full_identifier	NCPPB 2217	1	1	no	1	ok	
68b4322b01ddac27ec5e	NCPPB 3382	ncppb_number	exact_full_identifier	NCPPB 3382	0	0	no	3	ok	
68bd7eebf7bbd5537c05	NCPPB 1668	ncppb_number	exact_full_identifier	NCPPB 1668	0	0	no	3	ok	
692198ce0d9c70ff8cc2	NCPPB 1475	other_references	expected_genus	B1479	0	0	no	0	ok	
692464c1854258049a59	NCPPB 3647	other_references	expected_genus	ISBF 273	0	0	no	0	ok	
6942f62380dbfb99f6f9	NCPPB 3026	ncppb_number	exact_full_identifier	NCPPB 3026	0	0	no	3	ok	
69c241343051c991c14a	NCPPB 3655	ncppb_number	exact_full_identifier	NCPPB 3655	0	0	no	3	ok	
69c2f494f743e363d137	NCPPB 2934	other_references	expected_genus	B6141	0	0	no	0	ok	
69c4c671221ec88c0a82	NCPPB 4372	ncppb_number	exact_full_identifier	NCPPB 4372	0	0	no	3	ok	
69c9ace24fc5ad4f19ab	NCPPB 2368	ncppb_number	exact_full_identifier	NCPPB 2368	1	1	no	1	ok	
6a05677b4dee56710056	NCPPB 4719	ncppb_number	exact_full_identifier	NCPPB 4719	0	0	no	3	ok	
6a58d496d83b6066b414	NCPPB 3241	ncppb_number	exact_full_identifier	NCPPB 3241	0	0	no	3	ok	
6a720ba87e33558778c8	NCPPB 3456	other_references	expected_genus	M192	0	0	no	0	ok	
6a9d3f133af325e7fa3a	NCPPB 2928	ncppb_number	exact_full_identifier	NCPPB 2928	0	0	no	3	ok	
6aabd9b7e20b741cb90a	NCPPB 1701	other_references	expected_genus	XL59/9	0	0	no	0	ok	
6b14590929a629153409	NCPPB 2921	ncppb_number	exact_full_identifier	NCPPB 2921	0	0	no	3	ok	
6b23f77f27ba7c559cc1	NCPPB 2834	ncppb_number	exact_full_identifier	NCPPB 2834	0	0	no	3	ok	
6b256980f24416351c70	NCPPB 2695	ncppb_number	exact_full_identifier	NCPPB 2695	0	0	no	3	ok	
6b30fd211dd7356cb421	NCPPB 586	ncppb_number	exact_full_identifier	NCPPB 586	1	1	no	0	ok	
6b37eb310bcfa7ed5a66	NCPPB 2060	ncppb_number	exact_full_identifier	NCPPB 2060	1	1	no	1	ok	
6b3fb23b2503334e6f5d	ALL_OTHER_PREFIX:VKM	other_references	expected_genus:Xanthomonas	VKM	1	1	no	0	ok	
6b58e90289002d2a1941	NCPPB 4717	other_references	expected_genus	10197-90	0	0	no	0	ok	
6c232357e141e02102c2	NCPPB 3640	other_references	expected_genus	XCP3	1	1	no	0	ok	
6c2fd9a4ce06e7a431a2	NCPPB 2499	other_references	expected_genus	B4542	0	0	no	0	ok	
6c4221c88f7051dfe69f	NCPPB 185	ncppb_number	exact_full_identifier	NCPPB 185	0	0	no	3	ok	
6c748ccbf96d7dd682d8	NCPPB 2935	other_references	expected_genus	B6144	0	0	no	0	ok	
6c8affdb6aefff64a9a1	NCPPB 4340	other_references	expected_genus	UN-20506424	0	0	no	0	ok	
6ccb36331112f22a320f	NCPPB 2250	other_references	expected_genus	B3516a	0	0	no	0	ok	
6d08d76fa3910773b305	NCPPB 2550	other_references	expected_genus	IBSP-124	0	0	no	0	ok	
6d0ce63efbcd216ed335	NCPPB 4058	ncppb_number	exact_full_identifier	NCPPB 4058	0	0	no	3	ok	
6d26b0161c0a6ca57386	NCPPB 4706	ncppb_number	exact_full_identifier	NCPPB 4706	0	0	no	3	ok	
6d2980518cbd4ceca90d	NCPPB 4389	ncppb_number	exact_full_identifier	NCPPB 4389	0	0	no	3	ok	
6d62546fd91502aadc84	NCPPB 1129	other_references	expected_genus	B784	0	0	no	0	ok	
6d8978b4dd02b86adf8a	NCPPB 1934	ncppb_number	exact_full_identifier	NCPPB 1934	0	0	no	3	ok	
6d8bb3e5d71e400369ed	NCPPB 634	other_references	expected_genus	223S	0	0	no	0	ok	
6daf336ad0cab3b5895b	NCPPB 1393	other_references	expected_genus	B1432	0	0	no	0	ok	
6e0014c71efe6759f728	NCPPB 400	ncppb_number	exact_full_identifier	NCPPB 400	0	0	no	3	ok	
6e23af40bf46c7207ea2	NCPPB 1451	ncppb_number	exact_full_identifier	NCPPB 1451	0	0	no	3	ok	
6e3e249fa3ebd42b6aa9	NCPPB 1615	ncppb_number	exact_full_identifier	NCPPB 1615	0	0	no	3	ok	
6e58055cffa77e53a371	NCPPB 290	ncppb_number	exact_full_identifier	NCPPB 290	0	0	no	3	ok	
6e69f657ed06071e7235	NCPPB 2058	ncppb_number	exact_full_identifier	NCPPB 2058	1	1	no	1	ok	
6ee987f0ed4ea0bdabc6	NCPPB 990	ncppb_number	exact_full_identifier	NCPPB 990	0	0	no	3	ok	
6f2d8a55862b2c5c7d11	NCPPB 3596	ncppb_number	exact_full_identifier	NCPPB 3596	0	0	no	3	ok	
6f56de4607197aa51ef6	NCPPB 208	ncppb_number	exact_full_identifier	NCPPB 208	0	0	no	3	ok	
6fc4a634588b4fbe4aa0	NCPPB 2249	other_references	expected_genus	B3891	0	0	no	0	ok	
6fdb5060b392d12ffbea	NCPPB 916	ncppb_number	exact_full_identifier	NCPPB 916	0	0	no	3	ok	
70164614e00fbc17124b	NCPPB 795	other_references	expected_genus	81587	0	0	no	0	ok	
7064a9ef7425c136cbae	NCPPB 599	ncppb_number	exact_full_identifier	NCPPB 599	0	0	no	3	ok	
70924eb177ffbf373cc3	NCPPB 4037	ncppb_number	exact_full_identifier	NCPPB 4037	2	2	no	0	ok	
70a960498f491c5c9525	NCPPB 3566	ncppb_number	exact_full_identifier	NCPPB 3566	0	0	no	3	ok	
70bfe4db17ebd66133e3	NCPPB 891	other_references	expected_genus	B337	0	0	no	0	ok	
70de9b594b3509e0feec	NCPPB 3662	other_references	expected_genus	ISBF 159	0	0	no	0	ok	
70e1aad42a7e458058f9	NCPPB 1132	other_references	expected_genus	B719	0	0	no	0	ok	
70fb9ad2b897cb94350e	NCPPB 3330	ncppb_number	exact_full_identifier	NCPPB 3330	0	0	no	3	ok	
7126ae07e4699c10f22d	NCPPB 3235	ncppb_number	exact_full_identifier	NCPPB 3235	0	0	no	3	ok	
715d5e86b7d8b965e254	NCPPB 2982	ncppb_number	exact_full_identifier	NCPPB 2982	0	0	no	3	ok	
71759bc57bc9bccb8f98	NCPPB 4614	ncppb_number	exact_full_identifier	NCPPB 4614	1	1	no	1	ok	
71affb1dca25182ea2ea	NCPPB 1836	ncppb_number	exact_full_identifier	NCPPB 1836	0	0	no	3	ok	
71eac8a96297aaeee268	NCPPB 3231	ncppb_number	exact_full_identifier	NCPPB 3231	0	0	no	3	ok	
72183c57bdf766e20307	NCPPB 633	ncppb_number	exact_full_identifier	NCPPB 633	3	3	no	1	ok	
721dc342584b6ddbd957	NCPPB 4376	ncppb_number	exact_full_identifier	NCPPB 4376	0	0	no	3	ok	
72541a221d25066dff1e	NCPPB 3786	ncppb_number	exact_full_identifier	NCPPB 3786	0	0	no	3	ok	
728a0902ee6542d7f323	NCPPB 918	other_references	expected_genus	B373	0	0	no	0	ok	
72a373232f8a4ae96c08	NCPPB 1138	other_references	expected_genus	B727	0	0	no	0	ok	
72a50d4dcfb8f5490505	NCPPB 1672	ncppb_number	exact_full_identifier	NCPPB 1672	0	0	no	3	ok	
731e1d32ee1dea32281c	NCPPB 2190	ncppb_number	exact_full_identifier	NCPPB 2190	2	2	no	0	ok	
7325ff7a31c53a7e1540	NCPPB 2592	other_references	expected_genus	ENA-2078	0	0	no	0	ok	
73b8626d7cd58f7beb59	NCPPB 2968	other_references	expected_genus	XV25	0	0	no	0	ok	
73c0b5fd40862afb8c1c	ALL_NCPPB	ncppb_number	unfiltered_fallback	NCPPB	718	718	no	0	ok	
73e1e758731010f65e51	NCPPB 4034	other_references	expected_genus	701a	0	0	no	0	ok	
73e9dd79bacbc80f31f6	NCPPB 3886	ncppb_number	exact_full_identifier	NCPPB 3886	1	1	no	1	ok	
73f01551bb94560ccf3e	NCPPB 2370	ncppb_number	exact_full_identifier	NCPPB 2370	0	0	no	3	ok	
741c0012e6cc68a5fdfd	NCPPB 4387	ncppb_number	exact_full_identifier	NCPPB 4387	0	0	no	3	ok	
74b6176ee99ca2152aaa	NCPPB 301	ncppb_number	exact_full_identifier	NCPPB 301	0	0	no	3	ok	
74bde4ce69e15d24b0a4	NCPPB 3363	other_references	expected_genus	OS-14	0	0	no	0	ok	
74c12754b2dab357000c	NCPPB 4375	ncppb_number	exact_full_identifier	NCPPB 4375	0	0	no	3	ok	
74dc99f8c146a7926d21	NCPPB 1025	ncppb_number	exact_full_identifier	NCPPB 1025	0	0	no	3	ok	
74e58d1b531d3e016936	NCPPB 1758	other_references	expected_genus	HACC-183	0	0	no	0	ok	
7506a80e852b8a561d0e	NCPPB 2859	ncppb_number	exact_full_identifier	NCPPB 2859	0	0	no	3	ok	
757e1b0aa25b25559bd5	NCPPB 2910	other_references	expected_genus	B5271	0	0	no	0	ok	
759bc9f3d079e4957c5d	NCPPB 1420	other_references	expected_genus	E1388	0	0	no	0	ok	
759e348c01d2ed1a9971	NCPPB 1714	other_references	expected_genus	B744	0	0	no	0	ok	
75c7a00f87177859add5	ALL_OTHER_PREFIX:CPBF	other_references	expected_genus:Xanthomonas	CPBF	24	24	no	0	ok	
7649e633569332c50b32	NCPPB 4377	ncppb_number	exact_full_identifier	NCPPB 4377	0	0	no	3	ok	
7652338b7df3ec14561b	NCPPB 922	other_references	expected_genus	1213A	0	0	no	0	ok	
76a62c2a0dac4fe55c7c	NCPPB 2986	ncppb_number	exact_full_identifier	NCPPB 2986	1	1	no	2	ok	
76db09fd24a4bc6f780f	NCPPB 1145	ncppb_number	exact_full_identifier	NCPPB 1145	0	0	no	3	ok	
7714811c8ba8381eb871	NCPPB 2615	ncppb_number	exact_full_identifier	NCPPB 2615	0	0	no	3	ok	
771c97979b73dab7eae7	NCPPB 2936	other_references	expected_genus	B 6149	0	0	no	0	ok	
7731cc8b47cb7f30094c	NCPPB 1610	ncppb_number	exact_full_identifier	NCPPB 1610	0	0	no	3	ok	
774f1c292ea0ab64fdfe	NCPPB 2572	ncppb_number	exact_full_identifier	NCPPB 2572	0	0	no	3	ok	
775c37b98347e571997f	NCPPB 3642	other_references	expected_genus	IIHXCg3	0	0	no	0	ok	
77810192b243d0c563df	NCPPB 4707	other_references	expected_genus	ARG-3A	0	0	no	0	ok	
77aef057d9ed944dc7e7	NCPPB 1925	ncppb_number	exact_full_identifier	NCPPB 1925	0	0	no	3	ok	
77dc06ef777260377397	NCPPB 3060	ncppb_number	exact_full_identifier	NCPPB 3060	0	0	no	3	ok	
78f41a5b73ee154e902d	NCPPB 1765	ncppb_number	exact_full_identifier	NCPPB 1765	0	0	no	3	ok	
791b3981e62bc88c4f00	NCPPB 2879	ncppb_number	exact_full_identifier	NCPPB 2879	0	0	no	3	ok	
79627c9027f3e2729329	NCPPB 1701	other_references	expected_genus	B649	0	0	no	0	ok	
79b5352998a09a1ab81c	NCPPB 526	ncppb_number	exact_full_identifier	NCPPB 526	0	0	no	3	ok	
7a17772ea38d8cc6f093	NCPPB 1607	ncppb_number	exact_full_identifier	NCPPB 1607	0	0	no	3	ok	
7a37799fe5a1076c9f27	NCPPB 2925	other_references	expected_genus	B5582	0	0	no	0	ok	
7a6c8ac2092099a605c1	NCPPB 4326	other_references	expected_genus	Xcz A5	0	0	no	0	ok	
7a7b3437d55be32a44e5	NCPPB 1153	ncppb_number	exact_full_identifier	NCPPB 1153	0	0	no	3	ok	
7a9d268dccba9690206f	NCPPB 3194	ncppb_number	exact_full_identifier	NCPPB 3194	0	0	no	3	ok	
7b161bfb386abf1bf06f	NCPPB 4397	ncppb_number	exact_full_identifier	NCPPB 4397	0	0	no	3	ok	
7b17906c6f311d5b2c98	NCPPB 3592	other_references	expected_genus	A4102a	0	0	no	0	ok	
7bd74686ef9e5ce81384	NCPPB 3177	ncppb_number	exact_full_identifier	NCPPB 3177	0	0	no	3	ok	
7bd76cabb3c7d8ec76f3	NCPPB 3583	ncppb_number	exact_full_identifier	NCPPB 3583	1	1	no	1	ok	
7bf966893b9a7cbe3ea2	NCPPB 4717	ncppb_number	exact_full_identifier	NCPPB 4717	0	0	no	3	ok	
7c08d683f4d51695189c	NCPPB 3182	other_references	expected_genus	B 7567	0	0	no	0	ok	
7c0c2d49d56956389985	NCPPB 2063	ncppb_number	exact_full_identifier	NCPPB 2063	1	1	no	1	ok	
7c21f4658b79cd2a8bdf	NCPPB 4031	other_references	expected_genus	ADAS 97001669	0	0	no	0	ok	
7c23551a2b34ea01843e	NCPPB 2930	other_references	expected_genus	PP223	0	0	no	0	ok	
7c445b6c2ae80a5e0a4d	NCPPB 3020	other_references	expected_genus	426 & 427	0	0	no	0	ok	
7c4a9003eb71d3126798	NCPPB 3382	other_references	expected_genus	A2184	0	0	no	0	ok	
7c594b0c6cb20d8bae53	ALL_OTHER_PREFIX:ATCC	other_references	expected_genus:Xanthomonas	ATCC	24	24	no	0	ok	
7cd5339cee11f1d6473b	NCPPB 3172	ncppb_number	exact_full_identifier	NCPPB 3172	0	0	no	3	ok	
7d379153fb7185afacc9	NCPPB 2376	ncppb_number	exact_full_identifier	NCPPB 2376	0	0	no	3	ok	
7d7a739f27c0e974ff9b	NCPPB 900	ncppb_number	exact_full_identifier	NCPPB 900	1	1	no	1	ok	
7dc8ab1f86d977af1e9d	NCPPB 2375	other_references	expected_genus	XA113	0	0	no	0	ok	
7dd1536880816097469f	NCPPB 1939	ncppb_number	exact_full_identifier	NCPPB 1939	1	1	no	1	ok	
7e3df3fcf1f5d5676e30	NCPPB 3614	ncppb_number	exact_full_identifier	NCPPB 3614	0	0	no	3	ok	
7eb3a59d18601b51c267	NCPPB 3592	other_references	expected_genus	2132A	0	0	no	0	ok	
7edb900e2c02e2b7f615	NCPPB 3381	ncppb_number	exact_full_identifier	NCPPB 3381	0	0	no	3	ok	
7f1c520e65bf41157efe	NCPPB 916	other_references	expected_genus	B136	0	0	no	0	ok	
7f69f598a14d677f5aab	NCPPB 411	ncppb_number	exact_full_identifier	NCPPB 411	0	0	no	3	ok	
7f8b4181379e9c0ffc3a	NCPPB 1936	ncppb_number	exact_full_identifier	NCPPB 1936	0	0	no	3	ok	
7fd649d2f6cc2344f34c	NCPPB 1396	other_references	expected_genus	B1443	0	0	no	0	ok	
803ca09a5eb034bcce8c	NCPPB 1839	ncppb_number	exact_full_identifier	NCPPB 1839	0	0	no	3	ok	
8061e569bba9e60a3b7f	NCPPB 206	ncppb_number	exact_full_identifier	NCPPB 206	1	1	no	2	ok	
8093310e052362a5b943	NCPPB 4772	ncppb_number	exact_full_identifier	NCPPB 4772	1	1	no	1	ok	
80ce5f836aa6f4a5f726	NCPPB 476	ncppb_number	exact_full_identifier	NCPPB 476	0	0	no	3	ok	
81147870ac488b11d687	NCPPB 1381	ncppb_number	exact_full_identifier	NCPPB 1381	0	0	no	3	ok	
811f0e1c47c926d4319d	NCPPB 2218	ncppb_number	exact_full_identifier	NCPPB 2218	0	0	no	3	ok	
812a6c9878acd76dce82	NCPPB 926	other_references	expected_genus	B494	0	0	no	0	ok	
81358a535edd1d953124	NCPPB 1828	ncppb_number	exact_full_identifier	NCPPB 1828	1	1	no	0	ok	
814386bbe80ffbb5c9b6	NCPPB 2934	ncppb_number	exact_full_identifier	NCPPB 2934	0	0	no	3	ok	
823c9251cef91b8c1f84	NCPPB 3931	other_references	expected_genus	A6520/1	0	0	no	0	ok	
8269f8a272df1cac6bbc	NCPPB 3237	ncppb_number	exact_full_identifier	NCPPB 3237	0	0	no	3	ok	
82d5187c64b2c6ffd29c	NCPPB 3066	ncppb_number	exact_full_identifier	NCPPB 3066	0	0	no	3	ok	
82d86fde06d1c68ef8bf	NCPPB 2920	ncppb_number	exact_full_identifier	NCPPB 2920	0	0	no	3	ok	
82f07c28db0944fae07c	NCPPB 315	ncppb_number	exact_full_identifier	NCPPB 315	0	0	no	3	ok	
82f7a1424139a3425b9f	NCPPB 971	ncppb_number	exact_full_identifier	NCPPB 971	1	1	no	1	ok	
832c686aeccbd1a1968b	NCPPB 4675	ncppb_number	exact_full_identifier	NCPPB 4675	1	1	no	1	ok	
8335396176ff20dca5c0	NCPPB 2985	ncppb_number	exact_full_identifier	NCPPB 2985	1	1	no	1	ok	
836de6e4918d03a6e3f1	NCPPB 3304	other_references	expected_genus	PXO86	1	1	no	0	ok	
836f6efa7850f4fb23f7	NCPPB 4402	ncppb_number	exact_full_identifier	NCPPB 4402	0	0	no	3	ok	
8380f7982f1107325df9	NCPPB 4383	other_references	expected_genus	071/WSK/05	0	0	no	0	ok	
83ad4ac75181f68a0d97	NCPPB 4662	ncppb_number	exact_full_identifier	NCPPB 4662	0	0	no	3	ok	
843feee37d10bbbc645f	NCPPB 3361	other_references	expected_genus	OS-901	0	0	no	0	ok	
845a0fe650e3076c6a0f	NCPPB 3162	other_references	expected_genus	B6892b	0	0	no	0	ok	
8471ec7c9ff3bdced5b8	NCPPB 3028	ncppb_number	exact_full_identifier	NCPPB 3028	1	1	no	1	ok	
84866be164e37a518f55	NCPPB 232	ncppb_number	exact_full_identifier	NCPPB 232	1	1	no	1	ok	
84aec072a50ad1b21be4	NCPPB 457	ncppb_number	exact_full_identifier	NCPPB 457	0	0	no	3	ok	
84af2aa4ab49065e4e4d	NCPPB 1046	ncppb_number	exact_full_identifier	NCPPB 1046	0	0	no	3	ok	
84c51e4276328823ad42	NCPPB 2475	ncppb_number	exact_full_identifier	NCPPB 2475	0	0	no	3	ok	
84de1e7ba7d05dbb2bfd	NCPPB 2147	ncppb_number	exact_full_identifier	NCPPB 2147	0	0	no	3	ok	
853040cfa211570fe9ac	NCPPB 3638	ncppb_number	exact_full_identifier	NCPPB 3638	0	0	no	3	ok	
853136e1902658231e6c	NCPPB 4183	other_references	expected_genus	PD2806	0	0	no	0	ok	
8555d5e84dc0b2d73edc	NCPPB 3204	other_references	expected_genus	B8327	0	0	no	0	ok	
859f7d93320ad3849a8f	NCPPB 1455	ncppb_number	exact_full_identifier	NCPPB 1455	1	1	no	1	ok	
85be24cbb42cf0f9c66c	NCPPB 1395	other_references	expected_genus	B1444	0	0	no	0	ok	
85d1adc837c9637c15a5	NCPPB 3567	ncppb_number	exact_full_identifier	NCPPB 3567	0	0	no	3	ok	
8648b8b98223f6547313	NCPPB 1714	ncppb_number	exact_full_identifier	NCPPB 1714	0	0	no	3	ok	
864f98089fb451ff98f2	NCPPB 3561	ncppb_number	exact_full_identifier	NCPPB 3561	0	0	no	3	ok	
869e5cb1274d4727db93	NCPPB 4732	ncppb_number	exact_full_identifier	NCPPB 4732	0	0	no	3	ok	
86c69dabd6c9d952e457	NCPPB 2817	other_references	expected_genus	4081	0	0	no	0	ok	
86e43d0190a3d8397565	NCPPB 1056	other_references	expected_genus	B665B	0	0	no	0	ok	
873e9689a905fa9c5ff6	NCPPB 3657	other_references	expected_genus	ISBF 269	0	0	no	0	ok	
8750f5682b637edd3abd	NCPPB 4623	ncppb_number	exact_full_identifier	NCPPB 4623	0	0	no	3	ok	
877b3538147f16d93aec	NCPPB 762	ncppb_number	exact_full_identifier	NCPPB 762	1	1	no	1	ok	
8782d9c42d5f69801fd1	NCPPB 2498	other_references	expected_genus	B5081	0	0	no	0	ok	
87cfc33f836100081261	NCPPB 1482	ncppb_number	exact_full_identifier	NCPPB 1482	0	0	no	3	ok	
87e97c10142a8bb25349	NCPPB 4763	other_references	expected_genus	NBC5720	0	0	no	0	ok	
87ea2b13ad9737d87aa8	NCPPB 1697	ncppb_number	exact_full_identifier	NCPPB 1697	0	0	no	3	ok	
87ee6b3b7d13320ca79f	NCPPB 1685	other_references	expected_genus	B2631	0	0	no	0	ok	
87fb13206eb665fa70c4	ALL_OTHER_PREFIX:ATCC	other_references	expected_genus:Xylophilus	ATCC	0	0	no	0	ok	
8816356fa662ded460ea	NCPPB 3959	ncppb_number	exact_full_identifier	NCPPB 3959	1	1	no	1	ok	
887dc6d8d53789a6cbc3	NCPPB 4679	ncppb_number	exact_full_identifier	NCPPB 4679	2	2	no	0	ok	
88a303b3845d6d11c6f4	NCPPB 4702	ncppb_number	exact_full_identifier	NCPPB 4702	0	0	no	3	ok	
88b2d9f99244809c1e36	NCPPB 4613	ncppb_number	exact_full_identifier	NCPPB 4613	0	0	no	3	ok	
8901b6975edb0122ed47	NCPPB 974	ncppb_number	exact_full_identifier	NCPPB 974	0	0	no	3	ok	
892a3e2d77e55491afca	NCPPB 3888	other_references	expected_genus	RC4B	0	0	no	0	ok	
8998e02f2809e53313a6	NCPPB 1737	ncppb_number	exact_full_identifier	NCPPB 1737	0	0	no	3	ok	
89b5907601aaa6f4ccc4	NCPPB 896	ncppb_number	exact_full_identifier	NCPPB 896	0	0	no	3	ok	
89b696b189adc11e8366	NCPPB 4715	ncppb_number	exact_full_identifier	NCPPB 4715	0	0	no	3	ok	
89f0bc8d41cc42a43519	NCPPB 2699	ncppb_number	exact_full_identifier	NCPPB 2699	0	0	no	3	ok	
89f15bc2014630205e1e	ALL_NCPPB	ncppb_number	expected_genus:Stenotrophomonas	NCPPB	1	1	no	0	ok	
8a1f46c16aef7e66819d	NCPPB 3718	ncppb_number	exact_full_identifier	NCPPB 3718	0	0	no	3	ok	
8a283ca7a970e653bdc3	NCPPB 2248	other_references	expected_genus	B3005	0	0	no	0	ok	
8a5e0a7560a4242b898e	NCPPB 2831	ncppb_number	exact_full_identifier	NCPPB 2831	0	0	no	3	ok	
8a659b5e531ef67a2428	NCPPB 4393	ncppb_number	exact_full_identifier	NCPPB 4393	3	3	no	0	ok	
8a8439d85d98e8f0aa92	NCPPB 4014	ncppb_number	exact_full_identifier	NCPPB 4014	0	0	no	3	ok	
8ac52c9cde16385c0ca8	NCPPB 1700	other_references	expected_genus	B648	0	0	no	0	ok	
8ad3ec392e16927b9354	NCPPB 2593	ncppb_number	exact_full_identifier	NCPPB 2593	0	0	no	3	ok	
8ade1a9bbeeab3b432e2	NCPPB 2517	ncppb_number	exact_full_identifier	NCPPB 2517	0	0	no	3	ok	
8ae5ff2dfa27b9354f8d	NCPPB 3035	other_references	expected_genus	XP20	0	0	no	0	ok	
8b35737f17fcfdc57f5e	NCPPB 1337	ncppb_number	exact_full_identifier	NCPPB 1337	2	2	no	1	ok	
8b3b79722537cf278da1	NCPPB 4633	ncppb_number	exact_full_identifier	NCPPB 4633	1	1	no	1	ok	
8bde9a3d6b81594684f5	NCPPB 510	ncppb_number	exact_full_identifier	NCPPB 510	0	0	no	3	ok	
8be570bd12696c8d8e20	NCPPB 3437	ncppb_number	exact_full_identifier	NCPPB 3437	0	0	no	3	ok	
8c6c826fd62d139f5951	NCPPB 2446	other_references	expected_genus	B5000	0	0	no	0	ok	
8ccd430074eb991bd617	NCPPB 4731	ncppb_number	exact_full_identifier	NCPPB 4731	0	0	no	3	ok	
8d2a78fc1924cd23a828	NCPPB 3876	ncppb_number	exact_full_identifier	NCPPB 3876	0	0	no	3	ok	
8d35b4134b1d56286915	NCPPB 1760	other_references	expected_genus	HACC-185	0	0	no	0	ok	
8d528e1373ed952b204f	ALL_NCPPB	ncppb_number	expected_genus:Xylophilus	NCPPB	0	0	no	0	ok	
8d9378c9a4798cce1440	NCPPB 2593	other_references	expected_genus	ENA-804	0	0	no	0	ok	
8db7ea6b0dab2b630dea	NCPPB 2857	other_references	expected_genus	C799	0	0	no	0	ok	
8db843e7ec1c186ac665	NCPPB 3646	other_references	expected_genus	CIAT 1164	0	0	no	0	ok	
8e26e82da884441e8e9e	NCPPB 3213	ncppb_number	exact_full_identifier	NCPPB 3213	1	1	no	2	ok	
8e28d6e18a11530e9780	NCPPB 4383	ncppb_number	exact_full_identifier	NCPPB 4383	0	0	no	3	ok	
8e775fe446fd667c22a5	NCPPB 1475	ncppb_number	exact_full_identifier	NCPPB 1475	1	1	no	1	ok	
8e8922c6d07b14d32f61	NCPPB 1235	ncppb_number	exact_full_identifier	NCPPB 1235	0	0	no	3	ok	
8e9c52978d06b4199901	NCPPB 4210	ncppb_number	exact_full_identifier	NCPPB 4210	0	0	no	3	ok	
8ec68c56d9def3a4bdab	ALL_OTHER_PREFIX:IBSBF	other_references	expected_genus:Xanthomonas	IBSBF	32	32	no	0	ok	
8eddbea125580bbcb7d5	NCPPB 3711	ncppb_number	exact_full_identifier	NCPPB 3711	1	1	no	0	ok	
8efbfee2b30bc2755953	NCPPB 3078	ncppb_number	exact_full_identifier	NCPPB 3078	0	0	no	3	ok	
8f1c1a20f01ca3b41776	NCPPB 3187	ncppb_number	exact_full_identifier	NCPPB 3187	0	0	no	3	ok	
8f267f5013bb78c28b67	NCPPB 3956	ncppb_number	exact_full_identifier	NCPPB 3956	0	0	no	3	ok	
8f2f0d53f98bc7023c7b	NCPPB 3951	ncppb_number	exact_full_identifier	NCPPB 3951	0	0	no	3	ok	
8fe0c6311074e2a72207	NCPPB 1155	ncppb_number	exact_full_identifier	NCPPB 1155	1	1	no	1	ok	
9009d0f2f98e3005149e	NCPPB 3583	other_references	expected_genus	X 154	1	1	no	0	ok	
900fb886865c27eb8ba5	NCPPB 3587	other_references	expected_genus	LX105	0	0	no	0	ok	
902fa4308924f04f6885	NCPPB 1700	ncppb_number	exact_full_identifier	NCPPB 1700	0	0	no	3	ok	
90433d2d4ba452b3835f	NCPPB 554	ncppb_number	exact_full_identifier	NCPPB 554	0	0	no	3	ok	
9087d6929433e345fc3d	NCPPB 2592	ncppb_number	exact_full_identifier	NCPPB 2592	0	0	no	3	ok	
90a0afbbff9d60c1723b	NCPPB 1332	ncppb_number	exact_full_identifier	NCPPB 1332	0	0	no	3	ok	
90d754fa42f83d8e0a41	NCPPB 3066	other_references	expected_genus	A960	0	0	no	0	ok	
911a15d064ed77f38a98	NCPPB 1838	ncppb_number	exact_full_identifier	NCPPB 1838	1	1	no	1	ok	
915cca4f6b0790b4f916	NCPPB 2838	ncppb_number	exact_full_identifier	NCPPB 2838	0	0	no	3	ok	
916ce1792e039bb6f8e2	NCPPB 3562	ncppb_number	exact_full_identifier	NCPPB 3562	1	1	no	2	ok	
9178845df4785e770bd3	NCPPB 1935	ncppb_number	exact_full_identifier	NCPPB 1935	2	2	no	0	ok	
91908ef0c7aab046d2c7	NCPPB 4415	ncppb_number	exact_full_identifier	NCPPB 4415	0	0	no	3	ok	
919ec08b6adf4009818e	NCPPB 1473	ncppb_number	exact_full_identifier	NCPPB 1473	1	1	no	1	ok	
922545f3d3ab809ee8bc	NCPPB 4622	ncppb_number	exact_full_identifier	NCPPB 4622	0	0	no	3	ok	
924c5b78078d2140855a	NCPPB 4753	ncppb_number	exact_full_identifier	NCPPB 4753	0	0	no	3	ok	
92ae74a0a6bbb5465a7a	NCPPB 4715	other_references	expected_genus	IAO2	0	0	no	0	ok	
92f7477e33531c30b50b	NCPPB 2496	other_references	expected_genus	B5078	0	0	no	0	ok	
936fb9769ed81a416f2e	NCPPB 3593	other_references	expected_genus	2132B	0	0	no	0	ok	
9370571e811005cbdda9	NCPPB 2444	ncppb_number	exact_full_identifier	NCPPB 2444	0	0	no	3	ok	
9376f390cb3814645fe4	NCPPB 4033	ncppb_number	exact_full_identifier	NCPPB 4033	0	0	no	3	ok	
937cbfc464d33f52ba78	NCPPB 937	ncppb_number	exact_full_identifier	NCPPB 937	1	1	no	2	ok	
9396936e687eee1426c5	NCPPB 4635	ncppb_number	exact_full_identifier	NCPPB 4635	0	0	no	3	ok	
93adc53e07df15e6a83a	NCPPB 4343	ncppb_number	exact_full_identifier	NCPPB 4343	0	0	no	3	ok	
94093945b8dd79a32b69	NCPPB 1925	other_references	expected_genus	XB10	1	1	no	0	ok	
943e5fab617c58154195	NCPPB 3035	ncppb_number	exact_full_identifier	NCPPB 3035	2	2	no	0	ok	
947cb334961892c109c2	NCPPB 2247	other_references	expected_genus	B3596	0	0	no	0	ok	
94a5c210132bcab039e3	NCPPB 4693	ncppb_number	exact_full_identifier	NCPPB 4693	0	0	no	3	ok	
94b571d56d7a1d9eb468	NCPPB 1439	other_references	expected_genus	E1299	0	0	no	0	ok	
95133591e8b48370eae0	NCPPB 1141	ncppb_number	exact_full_identifier	NCPPB 1141	0	0	no	3	ok	
952bd690e7114a79d9ae	NCPPB 2057	ncppb_number	exact_full_identifier	NCPPB 2057	1	1	no	0	ok	
95486874557b9b6bd3d4	NCPPB 3484	ncppb_number	exact_full_identifier	NCPPB 3484	0	0	no	3	ok	
95567d1a1b37b17f21a5	NCPPB 2016	ncppb_number	exact_full_identifier	NCPPB 2016	0	0	no	3	ok	
95759a73c51a200e77d0	NCPPB 3586	ncppb_number	exact_full_identifier	NCPPB 3586	0	0	no	3	ok	
95b0f7029c3e77d13c89	NCPPB 2228	ncppb_number	exact_full_identifier	NCPPB 2228	1	1	no	1	ok	
961316f89c400300fdd0	NCPPB 1325	ncppb_number	exact_full_identifier	NCPPB 1325	1	1	no	1	ok	
96216a310796cd101294	NCPPB 362	ncppb_number	exact_full_identifier	NCPPB 362	0	0	no	3	ok	
9676683f0b8c829cde95	NCPPB 2503	ncppb_number	exact_full_identifier	NCPPB 2503	0	0	no	3	ok	
96851efff10f3e4a81de	NCPPB 1697	other_references	expected_genus	B2024	9	9	no	0	ok	
96a147e59ba91a19c01b	NCPPB 1630	ncppb_number	exact_full_identifier	NCPPB 1630	0	0	no	3	ok	
96ced7440bce78c58c05	NCPPB 3312	ncppb_number	exact_full_identifier	NCPPB 3312	0	0	no	3	ok	
96d0efcbeca4abee9a8f	NCPPB 3194	other_references	expected_genus	B7797	0	0	no	0	ok	
96e23e06007dd502877d	NCPPB 976	ncppb_number	exact_full_identifier	NCPPB 976	1	1	no	1	ok	
978c2c25ae773ff606d7	NCPPB 4629	ncppb_number	exact_full_identifier	NCPPB 4629	1	1	no	1	ok	
97bb5303073063359a84	NCPPB 3886	other_references	expected_genus	RC2A	0	0	no	0	ok	
97cfba4442bb4d4a59ba	NCPPB 2393	ncppb_number	exact_full_identifier	NCPPB 2393	0	0	no	3	ok	
97d8cfada02e165ae2c5	NCPPB 4705	other_references	expected_genus	Arg-1A	0	0	no	0	ok	
97da914d7f9d6d45e38b	NCPPB 529	ncppb_number	exact_full_identifier	NCPPB 529	0	0	no	3	ok	
98ef89c2877f62274054	NCPPB 702	ncppb_number	exact_full_identifier	NCPPB 702	1	1	no	1	ok	
997746ef6c22eb8c8ddd	NCPPB 3797	ncppb_number	exact_full_identifier	NCPPB 3797	1	1	no	1	ok	
9980d61ad4ae16321cc5	NCPPB 2345	other_references	expected_genus	A218	0	0	no	0	ok	
99870084107f47f1080e	NCPPB 1136	other_references	expected_genus	B809A	0	0	no	0	ok	
998d6674d4ff74247f04	NCPPB 2492	other_references	expected_genus	B4568b	0	0	no	0	ok	
99b955e452abcc06b3fc	NCPPB 2497	ncppb_number	exact_full_identifier	NCPPB 2497	0	0	no	3	ok	
99ba9ba9cbaa58cfc881	NCPPB 4342	ncppb_number	exact_full_identifier	NCPPB 4342	0	0	no	3	ok	
99fb73b928a9612ea54e	NCPPB 1472	other_references	expected_genus	B1601	0	0	no	0	ok	
9a592ad2f631502ba14f	NCPPB 1062	ncppb_number	exact_full_identifier	NCPPB 1062	1	1	no	1	ok	
9a5a419bbd06149334ec	ALL_NCPPB	ncppb_number	expected_genus:Xanthomonas	NCPPB	379	379	no	0	ok	
9a63843d17cbc1e21d49	NCPPB 3229	ncppb_number	exact_full_identifier	NCPPB 3229	0	0	no	3	ok	
9a6c780abf5a416d8d77	NCPPB 3651	other_references	expected_genus	UnB-45	0	0	no	0	ok	
9aade2fc2262d65c4b62	NCPPB 4622	other_references	expected_genus	Protect 13 E6	0	0	no	0	ok	
9b00424acf478d7b317a	NCPPB 3884	ncppb_number	exact_full_identifier	NCPPB 3884	2	2	no	0	ok	
9b1353b80330ef112ace	NCPPB 3612	ncppb_number	exact_full_identifier	NCPPB 3612	1	1	no	2	ok	
9b477e8ed65d2302af36	NCPPB 1068	other_references	expected_genus	B689A	0	0	no	0	ok	
9b6ea6f000db3105195f	NCPPB 241	ncppb_number	exact_full_identifier	NCPPB 241	0	0	no	3	ok	
9b8346d497f8d37f36e7	NCPPB 2885	ncppb_number	exact_full_identifier	NCPPB 2885	0	0	no	3	ok	
9b99f2dfdf0a09b61777	NCPPB 1422	other_references	expected_genus	N.066	0	0	no	0	ok	
9bd073fb43d2ba418ea4	NCPPB 1585	ncppb_number	exact_full_identifier	NCPPB 1585	2	2	no	1	ok	
9be9a09c50c3dfb7942e	NCPPB 941	ncppb_number	exact_full_identifier	NCPPB 941	0	0	no	3	ok	
9bf788b3bb8239b6d9c9	NCPPB 1050	ncppb_number	exact_full_identifier	NCPPB 1050	0	0	no	3	ok	
9c3a5197fd6a9baba0ad	NCPPB 2914	other_references	expected_genus	B5300	0	0	no	0	ok	
9c806849ad20e4f147c6	NCPPB 1612	other_references	expected_genus	B2175	0	0	no	0	ok	
9caa65212822b3741e9f	NCPPB 917	ncppb_number	exact_full_identifier	NCPPB 917	0	0	no	3	ok	
9d309caa8eb36a2b1cb0	NCPPB 4322	other_references	expected_genus	XV1220	1	1	no	0	ok	
9d62c83a1ebf6a4becfb	NCPPB 2257	ncppb_number	exact_full_identifier	NCPPB 2257	0	0	no	3	ok	
9d69edc904c4175e0f98	NCPPB 302	ncppb_number	exact_full_identifier	NCPPB 302	0	0	no	3	ok	
9d6f878302a8dd2d8601	NCPPB 1159	ncppb_number	exact_full_identifier	NCPPB 1159	0	0	no	3	ok	
9d80545522cc4d2b1e70	ALL_OTHER_PREFIX:ICMP	other_references	expected_genus:Xylophilus	ICMP	1	1	no	0	ok	
9ddafcb796446656244f	NCPPB 457	other_references	expected_genus	XA103	0	0	no	0	ok	
9ddc10af52390549590b	NCPPB 4600	ncppb_number	exact_full_identifier	NCPPB 4600	0	0	no	3	ok	
9df4c730d52118669f39	NCPPB 4772	other_references	expected_genus	2023027127	0	0	no	0	ok	
9e252a48202805bbc3d8	NCPPB 701	ncppb_number	exact_full_identifier	NCPPB 701	0	0	no	3	ok	
9e3da9b00d94f3022c34	NCPPB 3110	other_references	expected_genus	ENA 2530	0	0	no	0	ok	
9e4b888cc3783db1262b	NCPPB 939	ncppb_number	exact_full_identifier	NCPPB 939	1	1	no	1	ok	
9e5f6d8743922bbe78f4	ALL_OTHER_PREFIX:ICPB	other_references	expected_genus:Xanthomonas	ICPB	6	6	no	0	ok	
9e7d2a4b545ebf2926e3	NCPPB 4763	ncppb_number	exact_full_identifier	NCPPB 4763	0	0	no	3	ok	
9ecd8010c9207310af4d	NCPPB 1981	ncppb_number	exact_full_identifier	NCPPB 1981	0	0	no	3	ok	
9ed91152565138575f33	NCPPB 645	ncppb_number	exact_full_identifier	NCPPB 645	1	1	no	1	ok	
9eebf947d07fc67fe43d	NCPPB 293	ncppb_number	exact_full_identifier	NCPPB 293	0	0	no	3	ok	
9f0a3bbea41bd15e8388	NCPPB 2614	ncppb_number	exact_full_identifier	NCPPB 2614	0	0	no	3	ok	
9f1d988c6acef12c7826	NCPPB 926	ncppb_number	exact_full_identifier	NCPPB 926	0	0	no	3	ok	
9f78b6fcacbdb6583003	NCPPB 4411	other_references	expected_genus	8394	0	0	no	0	ok	
9fa7d12c76425b3bd9a6	NCPPB 3178	other_references	expected_genus	B7440a	0	0	no	0	ok	
9fcb2294b84fd9facb07	NCPPB 3441	ncppb_number	exact_full_identifier	NCPPB 3441	1	1	no	1	ok	
9fda2419f8a34da4a9de	NCPPB 2572	other_references	expected_genus	XV-69-1	0	0	no	0	ok	
9ff37a5cc12d097c34bd	NCPPB 1596	ncppb_number	exact_full_identifier	NCPPB 1596	0	0	no	3	ok	
9ffec368dcac56ad7aa6	NCPPB 1668	other_references	expected_genus	CS56-27	0	0	no	0	ok	
a06522e63bd5e52f5b1c	NCPPB 922	ncppb_number	exact_full_identifier	NCPPB 922	0	0	no	3	ok	
a06c35cf30842ecfcbd6	NCPPB 3658	ncppb_number	exact_full_identifier	NCPPB 3658	0	0	no	3	ok	
a0775f89156ae5fd2a54	NCPPB 2388	ncppb_number	exact_full_identifier	NCPPB 2388	0	0	no	3	ok	
a0c6e7888d855c616421	NCPPB 1943	ncppb_number	exact_full_identifier	NCPPB 1943	1	1	no	0	ok	
a0d75e497e9c88f2e54c	NCPPB 4399	ncppb_number	exact_full_identifier	NCPPB 4399	0	0	no	3	ok	
a0d783a94497aa1e9739	NCPPB 1469	ncppb_number	exact_full_identifier	NCPPB 1469	2	2	no	1	ok	
a15ef4178ff122e09d16	NCPPB 1826	other_references	expected_genus	C555	0	0	no	0	ok	
a18b3f22414846458297	NCPPB 987	ncppb_number	exact_full_identifier	NCPPB 987	0	0	no	3	ok	
a18f083cfab667ad850a	NCPPB 4326	ncppb_number	exact_full_identifier	NCPPB 4326	0	0	no	3	ok	
a1b7e1fb0c60402e0b01	NCPPB 3662	ncppb_number	exact_full_identifier	NCPPB 3662	1	1	no	1	ok	
a1e50d153a9f12a36728	NCPPB 4698	other_references	expected_genus	1294-6	0	0	no	0	ok	
a1ef40f2f2b6ed75b5ff	NCPPB 3885	ncppb_number	exact_full_identifier	NCPPB 3885	0	0	no	3	ok	
a22715f352fcca0e07a8	NCPPB 1945	ncppb_number	exact_full_identifier	NCPPB 1945	0	0	no	3	ok	
a29090d6d73392dd1e04	NCPPB 793	ncppb_number	exact_full_identifier	NCPPB 793	0	0	no	3	ok	
a291d1265944efd19d01	NCPPB 3114	ncppb_number	exact_full_identifier	NCPPB 3114	1	1	no	0	ok	
a2a1a763f94eab5810b9	NCPPB 4614	other_references	expected_genus	SAM119	1	1	no	0	ok	
a2ce261a332fb080fe1c	NCPPB 1568	ncppb_number	exact_full_identifier	NCPPB 1568	0	0	no	3	ok	
a2cfd4d888dd1b2793a2	NCPPB 3058	ncppb_number	exact_full_identifier	NCPPB 3058	0	0	no	3	ok	
a31c86762f8448081fdf	NCPPB 896	other_references	expected_genus	B462	0	0	no	0	ok	
a3220ab617e392b148ca	NCPPB 220	ncppb_number	exact_full_identifier	NCPPB 220	1	1	no	1	ok	
a347b7bf9ab23412ecac	NCPPB 1685	other_references	expected_genus	WA134	0	0	no	0	ok	
a350fe20e680b73ff8aa	NCPPB 3092	other_references	expected_genus	B7090	0	0	no	0	ok	
a365d1f8f19776ddddac	NCPPB 1241	other_references	expected_genus	B996	0	0	no	0	ok	
a3807d7e67de1e1b8c57	NCPPB 1043	ncppb_number	exact_full_identifier	NCPPB 1043	0	0	no	3	ok	
a3fb115b733b57a8fae3	NCPPB 2985	other_references	expected_genus	ZJ12	0	0	no	0	ok	
a43c74761ecfa53df700	NCPPB 3155	other_references	expected_genus	1192-IPV-BO	0	0	no	0	ok	
a45a95ad8fc80550fa67	NCPPB 4708	ncppb_number	exact_full_identifier	NCPPB 4708	0	0	no	3	ok	
a4da06dcba6faa36277e	NCPPB 4374	ncppb_number	exact_full_identifier	NCPPB 4374	0	0	no	3	ok	
a4e36f433a51adda6327	NCPPB 3654	ncppb_number	exact_full_identifier	NCPPB 3654	0	0	no	3	ok	
a4e411cc33098aea7859	NCPPB 3595	ncppb_number	exact_full_identifier	NCPPB 3595	0	0	no	3	ok	
a4ed97e31668fdc9e2a4	NCPPB 1059	ncppb_number	exact_full_identifier	NCPPB 1059	1	1	no	1	ok	
a4fd72991763ba026bc5	NCPPB 3586	other_references	expected_genus	L-212	0	0	no	0	ok	
a525c476dfeb47d9805e	NCPPB 4712	other_references	expected_genus	ARG-6B	0	0	no	0	ok	
a5c305b098d28c703d8f	NCPPB 2337	ncppb_number	exact_full_identifier	NCPPB 2337	1	1	no	0	ok	
a602b7e864e5b8470537	NCPPB 2697	ncppb_number	exact_full_identifier	NCPPB 2697	0	0	no	3	ok	
a608b919d71b09210e0f	NCPPB 1711	other_references	expected_genus	P125	0	0	no	0	ok	
a6232e59a4f7f318594d	NCPPB 2247	ncppb_number	exact_full_identifier	NCPPB 2247	0	0	no	3	ok	
a666703bda19c6c99d3a	NCPPB 2925	ncppb_number	exact_full_identifier	NCPPB 2925	0	0	no	3	ok	
a687b0363e13d7bd92f0	NCPPB 900	other_references	expected_genus	B386	0	0	no	0	ok	
a69bb29e35cd4f8934a4	NCPPB 4590	ncppb_number	exact_full_identifier	NCPPB 4590	0	0	no	3	ok	
a69e6ebb568552d6a227	NCPPB 1148	ncppb_number	exact_full_identifier	NCPPB 1148	0	0	no	3	ok	
a6a8bdf03dc620a01010	NCPPB 4232	ncppb_number	exact_full_identifier	NCPPB 4232	1	1	no	2	ok	
a71b53c642f54a3bcebf	NCPPB 1131	ncppb_number	exact_full_identifier	NCPPB 1131	2	2	no	0	ok	
a76deea34eff180dab9c	NCPPB 4058	other_references	expected_genus	985855	0	0	no	0	ok	
a777ecd8d448b4ce46e7	NCPPB 3215	other_references	expected_genus	B8613	0	0	no	0	ok	
a789bc9a55ae33d2e323	NCPPB 1244	other_references	expected_genus	B1021	0	0	no	0	ok	
a795899be0ba95f42f5c	NCPPB 381	ncppb_number	exact_full_identifier	NCPPB 381	2	2	no	0	ok	
a7d4ce9af1ba14f4e8d1	NCPPB 418	ncppb_number	exact_full_identifier	NCPPB 418	0	0	no	3	ok	
a7d4eac24eab29780876	NCPPB 582	ncppb_number	exact_full_identifier	NCPPB 582	0	0	no	3	ok	
a7fd9a53f6a3763bff7b	NCPPB 1672	other_references	expected_genus	B2540B	0	0	no	0	ok	
a84ddd5fa0df6409a5eb	NCPPB 3204	ncppb_number	exact_full_identifier	NCPPB 3204	1	1	no	1	ok	
a8786b069a8d4c19f07b	NCPPB 2372	ncppb_number	exact_full_identifier	NCPPB 2372	2	2	no	0	ok	
a88dcd893731bdb2c181	NCPPB 3457	ncppb_number	exact_full_identifier	NCPPB 3457	0	0	no	3	ok	
a8aeaa4147d0adf57a90	NCPPB 3656	other_references	expected_genus	ISBF 255	0	0	no	0	ok	
a8fd5b2a9ce62b5d1ff5	NCPPB 1426	ncppb_number	exact_full_identifier	NCPPB 1426	0	0	no	3	ok	
a9accc2a562dcc19d5b3	NCPPB 3944	ncppb_number	exact_full_identifier	NCPPB 3944	0	0	no	3	ok	
a9e8a013e50233f7d35a	NCPPB 3002	ncppb_number	exact_full_identifier	NCPPB 3002	0	0	no	3	ok	
a9e8d0ffe3a87848e1c6	NCPPB 4680	ncppb_number	exact_full_identifier	NCPPB 4680	2	2	no	1	ok	
aa192ce7a85a3f95e074	NCPPB 1422	ncppb_number	exact_full_identifier	NCPPB 1422	0	0	no	3	ok	
aa6a0e91cad32296aa3a	NCPPB 1701	ncppb_number	exact_full_identifier	NCPPB 1701	0	0	no	3	ok	
aa6b9a416984071c84e3	NCPPB 3596	other_references	expected_genus	11HXCM1	0	0	no	0	ok	
aadc4defd952c8400041	NCPPB 3040	ncppb_number	exact_full_identifier	NCPPB 3040	0	0	no	3	ok	
aae2c0816aa6e8ce59f5	NCPPB 3926	ncppb_number	exact_full_identifier	NCPPB 3926	0	0	no	3	ok	
aaee244d082b80de88b5	NCPPB 3426	ncppb_number	exact_full_identifier	NCPPB 3426	0	0	no	3	ok	
ab229cf0291064577e53	NCPPB 3161	ncppb_number	exact_full_identifier	NCPPB 3161	0	0	no	3	ok	
abbf6b065ea7504a7762	NCPPB 1144	ncppb_number	exact_full_identifier	NCPPB 1144	1	1	no	1	ok	
ac1290a8e4b6efe35ca8	NCPPB 1758	ncppb_number	exact_full_identifier	NCPPB 1758	1	1	no	0	ok	
ac54e8e51f2ba68266ea	NCPPB 1938	ncppb_number	exact_full_identifier	NCPPB 1938	0	0	no	3	ok	
ac55685234678502a3b1	NCPPB 579	ncppb_number	exact_full_identifier	NCPPB 579	1	1	no	0	ok	
ac59257ce091caaef582	NCPPB 2835	ncppb_number	exact_full_identifier	NCPPB 2835	0	0	no	3	ok	
ac62cd38ef114359c47e	NCPPB 647	ncppb_number	exact_full_identifier	NCPPB 647	0	0	no	3	ok	
ac76d05df61d936e8083	NCPPB 4730	ncppb_number	exact_full_identifier	NCPPB 4730	0	0	no	3	ok	
ace709cba31153155b45	NCPPB 4379	ncppb_number	exact_full_identifier	NCPPB 4379	1	1	no	1	ok	
acf50f017e83792a00f6	NCPPB 3609	other_references	expected_genus	IIHXCC4	0	0	no	0	ok	
ad552111b32130725bce	NCPPB 419	ncppb_number	exact_full_identifier	NCPPB 419	0	0	no	3	ok	
ad9b5bb9a05be4c67eb7	NCPPB 3608	ncppb_number	exact_full_identifier	NCPPB 3608	0	0	no	3	ok	
adf36f56ee69437fec84	NCPPB 414	ncppb_number	exact_full_identifier	NCPPB 414	0	0	no	3	ok	
adf5de225ea884d2c993	NCPPB 2931	other_references	expected_genus	B5830	0	0	no	0	ok	
ae4e08441c474b7164f8	NCPPB 2896	other_references	expected_genus	164/7	0	0	no	0	ok	
ae7fdb14090d255e1acb	NCPPB 3232	other_references	expected_genus	XC59	0	0	no	0	ok	
aea9916e9f763dc30c98	NCPPB 1324	other_references	expected_genus	B1167	0	0	no	0	ok	
aeaf7b206bd86af3463a	NCPPB 481	ncppb_number	exact_full_identifier	NCPPB 481	1	1	no	1	ok	
aee375fe4450d4449203	NCPPB 2918	ncppb_number	exact_full_identifier	NCPPB 2918	2	2	no	0	ok	
af5a200547d85634dc13	NCPPB 1715	ncppb_number	exact_full_identifier	NCPPB 1715	0	0	no	3	ok	
af839f0b0a3afbda1c58	NCPPB 1132	ncppb_number	exact_full_identifier	NCPPB 1132	2	2	no	0	ok	
aff1c6c051ce2f215426	NCPPB 570	ncppb_number	exact_full_identifier	NCPPB 570	1	1	no	1	ok	
aff6e825a26cd20b38ec	NCPPB 2894	ncppb_number	exact_full_identifier	NCPPB 2894	0	0	no	3	ok	
afff6f1826e4c136cec8	NCPPB 2965	other_references	expected_genus	IBBF-105	0	0	no	0	ok	
b0408c83712df575fd8f	NCPPB 4381	other_references	expected_genus	014/LUW/05	0	0	no	0	ok	
b06d203a362133278eef	NCPPB 4449	other_references	expected_genus	CS284	0	0	no	0	ok	
b08ab5a6822e35640c59	NCPPB 3060	other_references	expected_genus	N578	0	0	no	0	ok	
b1d6f871103097bbf1f3	NCPPB 897	other_references	expected_genus	B463	0	0	no	0	ok	
b1f4018a9b8097bf34cf	NCPPB 3758	ncppb_number	exact_full_identifier	NCPPB 3758	1	1	no	1	ok	
b20780b10adc681605f5	NCPPB 4363	ncppb_number	exact_full_identifier	NCPPB 4363	1	1	no	1	ok	
b25dd3cdde976d603fe3	NCPPB 1433	ncppb_number	exact_full_identifier	NCPPB 1433	1	1	no	2	ok	
b265a55809b4014d080f	NCPPB 465	ncppb_number	exact_full_identifier	NCPPB 465	1	1	no	0	ok	
b272ed7197dd294690ad	NCPPB 3706	ncppb_number	exact_full_identifier	NCPPB 3706	0	0	no	3	ok	
b2bb51872ab8ce0575de	NCPPB 4660	ncppb_number	exact_full_identifier	NCPPB 4660	0	0	no	3	ok	
b2bfe9a0b420ade3c9a1	NCPPB 893	ncppb_number	exact_full_identifier	NCPPB 893	0	0	no	3	ok	
b2e2ec0636b856f2e824	NCPPB 3479	ncppb_number	exact_full_identifier	NCPPB 3479	0	0	no	3	ok	
b35db2f7d5e04a576238	NCPPB 2550	ncppb_number	exact_full_identifier	NCPPB 2550	0	0	no	3	ok	
b35df90016fff42540dd	NCPPB 2829	ncppb_number	exact_full_identifier	NCPPB 2829	0	0	no	3	ok	
b3742a42498de001f4bc	NCPPB 895	ncppb_number	exact_full_identifier	NCPPB 895	0	0	no	3	ok	
b37f470ca098ca485fef	NCPPB 3647	other_references	expected_genus	CIAT 1195	0	0	no	0	ok	
b39cc33bc0e750a7f204	ALL_OTHER_PREFIX:ITCC	other_references	expected_genus:Xanthomonas	ITCC	3	3	no	0	ok	
b3b78c5e1cb644901ae7	NCPPB 212	ncppb_number	exact_full_identifier	NCPPB 212	0	0	no	3	ok	
b3eabebce55ece38eae9	NCPPB 4711	ncppb_number	exact_full_identifier	NCPPB 4711	0	0	no	3	ok	
b43b24532b014f5fcea6	NCPPB 2436	ncppb_number	exact_full_identifier	NCPPB 2436	0	0	no	3	ok	
b4acf4a0f6248ed18cf8	NCPPB 2574	other_references	expected_genus	XV-69-23	0	0	no	0	ok	
b4e321bcda425a5e74c4	NCPPB 2819	ncppb_number	exact_full_identifier	NCPPB 2819	0	0	no	3	ok	
b4f16949322c36b74ec6	NCPPB 1473	other_references	expected_genus	B1559	0	0	no	0	ok	
b51e7386e046cccaa9e6	NCPPB 2949	other_references	expected_genus	DAR 26146	0	0	no	0	ok	
b54deb963cb5ac3621b4	NCPPB 1737	other_references	expected_genus	X.a.7a	0	0	no	0	ok	
b5a36a6d76bb9b4457bf	NCPPB 3168	ncppb_number	exact_full_identifier	NCPPB 3168	0	0	no	3	ok	
b5b2fd945ae7d02ea625	NCPPB 1068	ncppb_number	exact_full_identifier	NCPPB 1068	1	1	no	1	ok	
b5bcebec20e415aa5fd0	NCPPB 3443	other_references	expected_genus	ENA 3045	1	1	no	0	ok	
b5f7e2f0ce61050d064d	NCPPB 2970	ncppb_number	exact_full_identifier	NCPPB 2970	1	1	no	2	ok	
b624efac31f60dd98864	NCPPB 1646	other_references	expected_genus	B2324A	0	0	no	0	ok	
b62abc6d4efa21daff1c	NCPPB 918	ncppb_number	exact_full_identifier	NCPPB 918	0	0	no	3	ok	
b64bfa9f26e4e2228eb4	NCPPB 3660	ncppb_number	exact_full_identifier	NCPPB 3660	1	1	no	1	ok	
b67abe79555f2f238f20	NCPPB 4390	ncppb_number	exact_full_identifier	NCPPB 4390	1	1	no	0	ok	
b686998d9285a3908faa	NCPPB 2005	ncppb_number	exact_full_identifier	NCPPB 2005	3	3	no	0	ok	
b69fb9580528e34dc302	NCPPB 897	ncppb_number	exact_full_identifier	NCPPB 897	0	0	no	3	ok	
b6ba102061826a27636d	NCPPB 182	ncppb_number	exact_full_identifier	NCPPB 182	0	0	no	3	ok	
b6f8eeaa9dd1a987f785	NCPPB 614	ncppb_number	exact_full_identifier	NCPPB 614	0	0	no	3	ok	
b713d3a3450a24d4d4f2	NCPPB 3925	ncppb_number	exact_full_identifier	NCPPB 3925	0	0	no	3	ok	
b755e0959d3c4543ef4b	NCPPB 1827	ncppb_number	exact_full_identifier	NCPPB 1827	1	1	no	1	ok	
b7fa26e85c90f7658e38	NCPPB 3615	ncppb_number	exact_full_identifier	NCPPB 3615	0	0	no	3	ok	
b836a1155c603479c37b	NCPPB 3890	other_references	expected_genus	A6220	0	0	no	0	ok	
b885169e4a689e871ba1	NCPPB 3082	other_references	expected_genus	ENA 2564	0	0	no	0	ok	
b8b154beaad41addfa43	NCPPB 3709	ncppb_number	exact_full_identifier	NCPPB 3709	1	1	no	2	ok	
b8b63bc288bf74258c6b	NCPPB 3435	ncppb_number	exact_full_identifier	NCPPB 3435	0	0	no	3	ok	
b8c3cf38494d1f3a4a81	NCPPB 3653	ncppb_number	exact_full_identifier	NCPPB 3653	0	0	no	3	ok	
b8dce6a4f2cdd0092752	NCPPB 1056	ncppb_number	exact_full_identifier	NCPPB 1056	1	1	no	0	ok	
b9404daa411392fef09d	NCPPB 2181	other_references	expected_genus	X1-11-2	1	1	no	0	ok	
b941a97c2e27d1a1a182	NCPPB 415	ncppb_number	exact_full_identifier	NCPPB 415	0	0	no	3	ok	
b95104d50465797dc356	NCPPB 3169	other_references	expected_genus	B 7166	0	0	no	0	ok	
ba06ca2ace152775e00f	NCPPB 557	ncppb_number	exact_full_identifier	NCPPB 557	2	2	no	1	ok	
ba2301a992c5d7e6741b	NCPPB 3652	ncppb_number	exact_full_identifier	NCPPB 3652	0	0	no	3	ok	
ba9077898f2998a3440a	NCPPB 4341	other_references	expected_genus	VdM4	0	0	no	0	ok	
bb14d3efe92e375aea87	NCPPB 1628	ncppb_number	exact_full_identifier	NCPPB 1628	0	0	no	3	ok	
bb7572f3d9165687abf6	NCPPB 3231	other_references	expected_genus	Xg 729	0	0	no	0	ok	
bb7a6aa59c7b41d1d29b	NCPPB 2825	ncppb_number	exact_full_identifier	NCPPB 2825	0	0	no	3	ok	
bc02dd29818bb0362754	NCPPB 2389	ncppb_number	exact_full_identifier	NCPPB 2389	0	0	no	3	ok	
bc297b7ad471c301eec9	NCPPB 2877	ncppb_number	exact_full_identifier	NCPPB 2877	1	1	no	0	ok	
bcc641a39d024a29c25e	NCPPB 2831	other_references	expected_genus	5897	0	0	no	0	ok	
bcfc2a0f088895a4921a	NCPPB 3607	ncppb_number	exact_full_identifier	NCPPB 3607	0	0	no	3	ok	
bd438a5a5802231caa3e	NCPPB 4584	other_references	expected_genus	NCPPB 2699	0	0	no	0	ok	
bd620f6f53d05967b277	NCPPB 3363	ncppb_number	exact_full_identifier	NCPPB 3363	0	0	no	3	ok	
bd8cc5b9bf2140f15ba9	NCPPB 3479	other_references	expected_genus	PNG11779	0	0	no	0	ok	
bd9110882f73d264ff42	NCPPB 2919	ncppb_number	exact_full_identifier	NCPPB 2919	0	0	no	3	ok	
bdbd9282deea7c11e71d	NCPPB 4015	ncppb_number	exact_full_identifier	NCPPB 4015	0	0	no	3	ok	
bdc2ebd2cc46b8d8c52e	NCPPB 3932	other_references	expected_genus	A5420/2	0	0	no	0	ok	
bde22f8fdc937442b685	NCPPB 4446	ncppb_number	exact_full_identifier	NCPPB 4446	1	1	no	1	ok	
be016cf69bda05e41373	NCPPB 2837	ncppb_number	exact_full_identifier	NCPPB 2837	0	0	no	3	ok	
be08ec9019458771c931	NCPPB 1325	other_references	expected_genus	B1160	0	0	no	0	ok	
be3f10f4f5dd152a59ed	NCPPB 3611	ncppb_number	exact_full_identifier	NCPPB 3611	0	0	no	3	ok	
be4293558513056b81f2	NCPPB 631	ncppb_number	exact_full_identifier	NCPPB 631	0	0	no	3	ok	
be85da88929baff7e57e	NCPPB 1671	ncppb_number	exact_full_identifier	NCPPB 1671	0	0	no	3	ok	
be9c0234b15219fe6cbd	NCPPB 1063	ncppb_number	exact_full_identifier	NCPPB 1063	1	1	no	1	ok	
beac93d18b1414ee55dc	NCPPB 3947	ncppb_number	exact_full_identifier	NCPPB 3947	0	0	no	3	ok	
becc6d29114872aad72d	NCPPB 2835	other_references	expected_genus	UKP 37	0	0	no	0	ok	
bf04d45f5f130ac7e2ba	NCPPB 2605	other_references	expected_genus	A493	0	0	no	0	ok	
bf24c9ca35f1a80dbf76	NCPPB 1396	ncppb_number	exact_full_identifier	NCPPB 1396	1	1	no	2	ok	
bf3c1282245c7f23998a	NCPPB 1830	ncppb_number	exact_full_identifier	NCPPB 1830	0	0	no	3	ok	
bf6ab99d608e14bb6bfa	NCPPB 4345	ncppb_number	exact_full_identifier	NCPPB 4345	1	1	no	0	ok	
bf94e8bbc3a16fbef06c	NCPPB 3641	other_references	expected_genus	XCP4	1	1	no	0	ok	
bfc47278172837a7a2d1	NCPPB 187	ncppb_number	exact_full_identifier	NCPPB 187	0	0	no	3	ok	
bfe271c9f7a04a2b39fa	NCPPB 4385	ncppb_number	exact_full_identifier	NCPPB 4385	0	0	no	3	ok	
bfec8062afe48665e1f8	NCPPB 4670	ncppb_number	exact_full_identifier	NCPPB 4670	0	0	no	3	ok	
bfefb8ef155c2dd56468	NCPPB 3559	ncppb_number	exact_full_identifier	NCPPB 3559	0	0	no	3	ok	
bff73806d00d604cc23b	NCPPB 4395	ncppb_number	exact_full_identifier	NCPPB 4395	1	1	no	1	ok	
c009cfbb1df7b6228e16	NCPPB 196	ncppb_number	exact_full_identifier	NCPPB 196	0	0	no	3	ok	
c02faf52c4ba98d3c3b8	NCPPB 923	other_references	expected_genus	A13a	0	0	no	0	ok	
c092c704745287a0c0bf	NCPPB 421	ncppb_number	exact_full_identifier	NCPPB 421	0	0	no	3	ok	
c0ada2af0849872c515f	NCPPB 2959	ncppb_number	exact_full_identifier	NCPPB 2959	0	0	no	3	ok	
c0c4659e98f5cebe4a95	NCPPB 1837	ncppb_number	exact_full_identifier	NCPPB 1837	0	0	no	3	ok	
c0d91dbec870a89ae19d	NCPPB 4032	ncppb_number	exact_full_identifier	NCPPB 4032	0	0	no	3	ok	
c12964423dfbe845c2c1	NCPPB 3573	ncppb_number	exact_full_identifier	NCPPB 3573	0	0	no	3	ok	
c156265b267c83c4fa85	NCPPB 2953	ncppb_number	exact_full_identifier	NCPPB 2953	0	0	no	3	ok	
c1c08af8ec033a24003d	NCPPB 924	ncppb_number	exact_full_identifier	NCPPB 924	0	0	no	3	ok	
c1cbefa3c6a06277b3fe	NCPPB 2932	ncppb_number	exact_full_identifier	NCPPB 2932	1	1	no	0	ok	
c1f9e9fa97a5574cac54	NCPPB 243	ncppb_number	exact_full_identifier	NCPPB 243	0	0	no	3	ok	
c2469538938947f9b464	NCPPB 4414	other_references	expected_genus	Protect 1599	0	0	no	0	ok	
c2830d2e85bde8ea179d	NCPPB 3717	ncppb_number	exact_full_identifier	NCPPB 3717	0	0	no	3	ok	
c293c34abf0ddd8b4b7c	NCPPB 2821	ncppb_number	exact_full_identifier	NCPPB 2821	0	0	no	3	ok	
c2c3bdd2e12f0f9d8db1	NCPPB 4712	ncppb_number	exact_full_identifier	NCPPB 4712	0	0	no	3	ok	
c2ec8d308b23449945a6	NCPPB 1933	ncppb_number	exact_full_identifier	NCPPB 1933	1	1	no	1	ok	
c2f98b2dc9837a50f663	NCPPB 4709	other_references	expected_genus	NE-18 Xvh	1	1	no	0	ok	
c30def8f76b5bfe787b3	NCPPB 3589	ncppb_number	exact_full_identifier	NCPPB 3589	0	0	no	3	ok	
c317507bc82719fcd1f2	NCPPB 2371	ncppb_number	exact_full_identifier	NCPPB 2371	0	0	no	3	ok	
c32fc66201fe0bacbd96	NCPPB 3229	other_references	expected_genus	Xg 719	0	0	no	0	ok	
c351107676961e852988	NCPPB 1607	other_references	expected_genus	B2165	1	1	no	0	ok	
c36391af2e7b7ca19366	ALL_OTHER_PREFIX:WHRI	other_references	expected_genus:Xanthomonas	WHRI	863	863	no	0	ok	
c3647748faf5b3f283eb	NCPPB 2576	other_references	expected_genus	XV-E-3	0	0	no	0	ok	
c3be2fba3574d67a6250	ALL_OTHER_PREFIX:ICMP	other_references	expected_genus:Stenotrophomonas	ICMP	0	0	no	0	ok	
c4044c7d918061f74d84	NCPPB 3875	ncppb_number	exact_full_identifier	NCPPB 3875	0	0	no	3	ok	
c40614cb739d3772248e	NCPPB 409	ncppb_number	exact_full_identifier	NCPPB 409	0	0	no	3	ok	
c431961cad2b2c7a3df2	NCPPB 408	ncppb_number	exact_full_identifier	NCPPB 408	0	0	no	3	ok	
c46ff9d32eef51d2c25f	NCPPB 1717	other_references	expected_genus	B913	0	0	no	0	ok	
c4c8323815b6407cd5eb	NCPPB 2919	other_references	expected_genus	CBZII 5972	0	0	no	0	ok	
c4fb044c1a3f2e84a3f9	NCPPB 3192	other_references	expected_genus	B7791	0	0	no	0	ok	
c51acf9226c10f570965	NCPPB 1646	ncppb_number	exact_full_identifier	NCPPB 1646	0	0	no	3	ok	
c5380c65ec0aef063045	NCPPB 3174	ncppb_number	exact_full_identifier	NCPPB 3174	1	1	no	1	ok	
c566a9259e021073815c	NCPPB 1326	other_references	expected_genus	B1116	0	0	no	0	ok	
c589a900ffa962a4d072	NCPPB 2057	other_references	expected_genus	Hel 1	0	0	no	0	ok	
c5acff9677117344e2c2	ALL_OTHER_PREFIX:DSM	other_references	expected_genus:Stenotrophomonas	DSM	42	42	no	0	ok	
c61eed97f47eaf1eb8ce	NCPPB 2922	ncppb_number	exact_full_identifier	NCPPB 2922	2	2	no	0	ok	
c6c3dfa61a6ed87c0f9d	NCPPB 646	ncppb_number	exact_full_identifier	NCPPB 646	1	1	no	1	ok	
c71a46c44f94f36c66da	NCPPB 113	ncppb_number	exact_full_identifier	NCPPB 113	1	1	no	1	ok	
c74426901b044a993f13	NCPPB 3714	ncppb_number	exact_full_identifier	NCPPB 3714	0	0	no	3	ok	
c7821f111911c4e7f284	NCPPB 1759	ncppb_number	exact_full_identifier	NCPPB 1759	1	1	no	2	ok	
c79e2b0993ba6cf81fe1	NCPPB 3796	ncppb_number	exact_full_identifier	NCPPB 3796	1	1	no	1	ok	
c88c08461a91c212aad7	NCPPB 3587	ncppb_number	exact_full_identifier	NCPPB 3587	0	0	no	3	ok	
c89e116088947faf383c	NCPPB 3236	other_references	expected_genus	XC64	0	0	no	0	ok	
c8be4c07a2d0386cd956	NCPPB 1128	other_references	expected_genus	B791	0	0	no	0	ok	
c8c312a15feb2f0957f4	NCPPB 4324	other_references	expected_genus	XV448	0	0	no	0	ok	
c8fcc32b3b3138b025d3	NCPPB 3155	ncppb_number	exact_full_identifier	NCPPB 3155	0	0	no	3	ok	
c9180f99975a2e00ebd3	NCPPB 4394	ncppb_number	exact_full_identifier	NCPPB 4394	0	0	no	3	ok	
c918e720c8383f77b068	NCPPB 3661	other_references	expected_genus	ISBF 443	0	0	no	0	ok	
c93191c40cca47656236	NCPPB 3943	ncppb_number	exact_full_identifier	NCPPB 3943	0	0	no	3	ok	
c93cba6168b9d71a477d	NCPPB 2632	ncppb_number	exact_full_identifier	NCPPB 2632	1	1	no	1	ok	
c9443fe632816083d87f	NCPPB 3236	ncppb_number	exact_full_identifier	NCPPB 3236	0	0	no	3	ok	
c9aeac53f3b9670dd894	NCPPB 1025	other_references	expected_genus	B565	0	0	no	0	ok	
c9bbf333046a0ce6511a	NCPPB 2960	ncppb_number	exact_full_identifier	NCPPB 2960	0	0	no	3	ok	
c9c03cdd441f6c64d29d	NCPPB 4181	ncppb_number	exact_full_identifier	NCPPB 4181	1	1	no	1	ok	
ca3e438528f3a3306d4a	NCPPB 4665	ncppb_number	exact_full_identifier	NCPPB 4665	0	0	no	3	ok	
ca679c944994ec1ae9e3	NCPPB 2438	ncppb_number	exact_full_identifier	NCPPB 2438	0	0	no	3	ok	
ca6b9da6b1625fedf234	NCPPB 2932	other_references	expected_genus	B5480	0	0	no	0	ok	
ca6cec9b5115d8445907	NCPPB 3233	other_references	expected_genus	XC70	0	0	no	0	ok	
cb31391848500cc01101	ALL_OTHER_PREFIX:DSM	other_references	expected_genus:Xylophilus	DSM	0	0	no	0	ok	
cb7c864e898ec66de758	NCPPB 1699	ncppb_number	exact_full_identifier	NCPPB 1699	0	0	no	3	ok	
cbdea4d9785a1f13cd94	NCPPB 633	other_references	expected_genus	222M	0	0	no	0	ok	
cbfb12d3d681476eda96	NCPPB 1757	ncppb_number	exact_full_identifier	NCPPB 1757	1	1	no	0	ok	
cc136cb59771ee48aa23	NCPPB 3311	ncppb_number	exact_full_identifier	NCPPB 3311	0	0	no	3	ok	
cc1f196ad40329ceaa15	NCPPB 4681	other_references	expected_genus	Xc27	3	3	no	0	ok	
cc3d69e24e3baa156a6c	NCPPB 3020	ncppb_number	exact_full_identifier	NCPPB 3020	0	0	no	3	ok	
cc670e94ab6d3c6ece7a	NCPPB 2588	ncppb_number	exact_full_identifier	NCPPB 2588	0	0	no	3	ok	
cc8e1de5a43e29e0b36c	NCPPB 4710	ncppb_number	exact_full_identifier	NCPPB 4710	0	0	no	3	ok	
ccbe632ab562a221be9d	NCPPB 2927	other_references	expected_genus	B5632	0	0	no	0	ok	
cce3d4e9e45f35f27ec3	NCPPB 3743	ncppb_number	exact_full_identifier	NCPPB 3743	1	1	no	1	ok	
ccfa8327f01db262dfd6	NCPPB 2938	ncppb_number	exact_full_identifier	NCPPB 2938	0	0	no	3	ok	
cd1bd406d203d193af27	NCPPB 2498	ncppb_number	exact_full_identifier	NCPPB 2498	1	1	no	0	ok	
cd2d13c05c2f7fb598d0	NCPPB 2251	ncppb_number	exact_full_identifier	NCPPB 2251	2	2	no	1	ok	
cdb747bc2bf1ac97e674	NCPPB 1698	ncppb_number	exact_full_identifier	NCPPB 1698	0	0	no	3	ok	
cdbb7d280625523bd89c	NCPPB 2492	ncppb_number	exact_full_identifier	NCPPB 2492	0	0	no	3	ok	
ce2ca9b4095cfce1f414	NCPPB 4594	ncppb_number	exact_full_identifier	NCPPB 4594	1	1	no	1	ok	
ce57685c1e695e77f90b	NCPPB 994	ncppb_number	exact_full_identifier	NCPPB 994	0	0	no	3	ok	
ce5a240f07e3035ab64a	NCPPB 2822	other_references	expected_genus	5558	0	0	no	0	ok	
ce6960fca1528c4bf1e2	NCPPB 3233	ncppb_number	exact_full_identifier	NCPPB 3233	0	0	no	3	ok	
ce986ac3dbc627926da0	NCPPB 2011	other_references	expected_genus	C596	0	0	no	0	ok	
ce9b0519c01f2ec01b6d	NCPPB 4404	ncppb_number	exact_full_identifier	NCPPB 4404	0	0	no	3	ok	
cf4dc788df2df76acaef	NCPPB 3830	ncppb_number	exact_full_identifier	NCPPB 3830	0	0	no	3	ok	
cfbb6cf0624a31759cfb	ALL_OTHER_PREFIX:PD	other_references	expected_genus:Xanthomonas	PD	52	52	no	0	ok	
cfc4328a24613d42ea17	NCPPB 4590	other_references	expected_genus	D 3213	0	0	no	0	ok	
cfcda50f0b817cf26b02	NCPPB 3176	other_references	expected_genus	B7380	0	0	no	0	ok	
cfcdf79ea3fc744c0822	NCPPB 1760	ncppb_number	exact_full_identifier	NCPPB 1760	1	1	no	0	ok	
cfeedf573ff43f3acb5d	NCPPB 3329	other_references	expected_genus	A2087B	0	0	no	0	ok	
cff12ba669c1af76fd61	NCPPB 3062	ncppb_number	exact_full_identifier	NCPPB 3062	0	0	no	3	ok	
d00b297e7694fdd727fc	NCPPB 3742	ncppb_number	exact_full_identifier	NCPPB 3742	0	0	no	3	ok	
d052fc2c4e2db5d7f03b	NCPPB 1154	ncppb_number	exact_full_identifier	NCPPB 1154	0	0	no	3	ok	
d05524206a910a974acb	NCPPB 1713	ncppb_number	exact_full_identifier	NCPPB 1713	2	2	no	1	ok	
d079d2e9c72f1fba3719	NCPPB 3795	ncppb_number	exact_full_identifier	NCPPB 3795	1	1	no	1	ok	
d0e593254d92b48a8414	NCPPB 3191	other_references	expected_genus	BM12	0	0	no	0	ok	
d0fa3e2697fab0bcb58f	NCPPB 109	ncppb_number	exact_full_identifier	NCPPB 109	0	0	no	3	ok	
d186041de309a14cd621	NCPPB 479	ncppb_number	exact_full_identifier	NCPPB 479	0	0	no	3	ok	
d19740d0dcedae26cd3d	NCPPB 3380	other_references	expected_genus	A2192	0	0	no	0	ok	
d197fcf3125271dd3670	NCPPB 4714	other_references	expected_genus	ARG 4B	0	0	no	0	ok	
d1bd15f87177514388e8	NCPPB 3059	ncppb_number	exact_full_identifier	NCPPB 3059	2	2	no	2	ok	
d1ef8a70f637573f0fd0	NCPPB 4448	ncppb_number	exact_full_identifier	NCPPB 4448	0	0	no	3	ok	
d251c02dadc8c91ca4af	NCPPB 3722	ncppb_number	exact_full_identifier	NCPPB 3722	0	0	no	3	ok	
d2809a07b528e743f809	NCPPB 3242	ncppb_number	exact_full_identifier	NCPPB 3242	0	0	no	3	ok	
d2d5c474351156d2fae4	NCPPB 1124	ncppb_number	exact_full_identifier	NCPPB 1124	0	0	no	3	ok	
d2f015964ba3951de0ea	NCPPB 4013	ncppb_number	exact_full_identifier	NCPPB 4013	2	2	no	0	ok	
d30791ddcac8255e3f81	NCPPB 4716	ncppb_number	exact_full_identifier	NCPPB 4716	0	0	no	3	ok	
d3458b199c319b65ca93	NCPPB 2369	ncppb_number	exact_full_identifier	NCPPB 2369	1	1	no	1	ok	
d36dc3d3d02792a442d6	NCPPB 2230	ncppb_number	exact_full_identifier	NCPPB 2230	1	1	no	1	ok	
d3c51f75f9d41c04d2c1	NCPPB 4397	other_references	expected_genus	ISBF 594	0	0	no	0	ok	
d3fe00aecd493412bf43	NCPPB 2495	ncppb_number	exact_full_identifier	NCPPB 2495	0	0	no	3	ok	
d413290e66c6d9908afb	NCPPB 2837	other_references	expected_genus	UKP 783	0	0	no	0	ok	
d4355e17da8f5e34e0d9	NCPPB 4403	ncppb_number	exact_full_identifier	NCPPB 4403	0	0	no	3	ok	
d441b9f67a897702e858	NCPPB 2955	ncppb_number	exact_full_identifier	NCPPB 2955	0	0	no	3	ok	
d446930e5559e09bbb00	NCPPB 2605	ncppb_number	exact_full_identifier	NCPPB 2605	0	0	no	3	ok	
d468325335398c05c236	NCPPB 2099	ncppb_number	exact_full_identifier	NCPPB 2099	0	0	no	3	ok	
d495bac3b1e53385be4b	NCPPB 973	ncppb_number	exact_full_identifier	NCPPB 973	0	0	no	3	ok	
d4f67635ea1ed20a6937	NCPPB 2876	ncppb_number	exact_full_identifier	NCPPB 2876	0	0	no	3	ok	
d4fac59d5e508d8e2f6f	NCPPB 637	ncppb_number	exact_full_identifier	NCPPB 637	1	1	no	1	ok	
d55f2352f170985c0770	NCPPB 4350	other_references	expected_genus	X259 (87-56A)	0	0	no	0	ok	
d582345690dbedde7825	NCPPB 2632	other_references	expected_genus	D119	0	0	no	0	ok	
d5b408ee94e2a7ebc036	NCPPB 2967	other_references	expected_genus	IBBF-165	0	0	no	0	ok	
d5ba5be4838c1e74338e	NCPPB 2495	other_references	expected_genus	B4687	0	0	no	0	ok	
d5f12737e2941b1a0f65	NCPPB 2251	other_references	expected_genus	B3645	0	0	no	0	ok	
d61d01854c69dc28bdb7	NCPPB 2250	other_references	expected_genus	Dowson 1939	0	0	no	0	ok	
d64a9ea8d46186f0099f	NCPPB 405	ncppb_number	exact_full_identifier	NCPPB 405	0	0	no	3	ok	
d67f34edd47ef26cbebd	NCPPB 1932	ncppb_number	exact_full_identifier	NCPPB 1932	1	1	no	1	ok	
d686fe87c9599dec70af	NCPPB 2499	ncppb_number	exact_full_identifier	NCPPB 2499	0	0	no	3	ok	
d68b0de63e9fa6e68c99	NCPPB 2249	ncppb_number	exact_full_identifier	NCPPB 2249	0	0	no	3	ok	
d703aabc54c65d4a535d	NCPPB 3303	ncppb_number	exact_full_identifier	NCPPB 3303	0	0	no	3	ok	
d709927b509465ace564	NCPPB 1832	other_references	expected_genus	ZZ28	0	0	no	0	ok	
d7408b60382a176f553e	NCPPB 4373	other_references	expected_genus	1472	269	269	no	0	ok	
d77ac17e82bfc5fd1754	NCPPB 4409	ncppb_number	exact_full_identifier	NCPPB 4409	0	0	no	3	ok	
d78b7274a8a628bebbf3	NCPPB 3759	ncppb_number	exact_full_identifier	NCPPB 3759	1	1	no	0	ok	
d7bec21a0fce84a874e3	NCPPB 556	ncppb_number	exact_full_identifier	NCPPB 556	1	1	no	1	ok	
d7ce7209b4c9c1fe86be	NCPPB 1431	ncppb_number	exact_full_identifier	NCPPB 1431	0	0	no	3	ok	
d7e685e30e6d6ccda7f1	NCPPB 1756	ncppb_number	exact_full_identifier	NCPPB 1756	1	1	no	0	ok	
d817e632c402fe6b3aeb	NCPPB 4699	other_references	expected_genus	0894-4	0	0	no	0	ok	
d8879f994e19c543f658	NCPPB 1756	other_references	expected_genus	HACC-181	0	0	no	0	ok	
d8b511f6d1746cf44180	ALL_OTHER_PREFIX:CFBP	other_references	expected_genus:Xanthomonas	CFBP	342	342	no	0	ok	
d92f9719c1f7b700d4a3	NCPPB 3870	ncppb_number	exact_full_identifier	NCPPB 3870	0	0	no	3	ok	
d97a8421ddfcc4a03acd	NCPPB 4668	ncppb_number	exact_full_identifier	NCPPB 4668	0	0	no	3	ok	
d9889d489fdef0f9e182	NCPPB 2840	ncppb_number	exact_full_identifier	NCPPB 2840	0	0	no	3	ok	
d9ce6b730a492a721a89	NCPPB 4707	ncppb_number	exact_full_identifier	NCPPB 4707	0	0	no	3	ok	
d9fc98e5463d1f0f2aec	NCPPB 1685	ncppb_number	exact_full_identifier	NCPPB 1685	0	0	no	3	ok	
da25b6a8aee87f97fd02	NCPPB 1147	ncppb_number	exact_full_identifier	NCPPB 1147	0	0	no	3	ok	
da978d2b01059f0f7c96	NCPPB 1393	ncppb_number	exact_full_identifier	NCPPB 1393	0	0	no	3	ok	
db09679a2811611e3ae4	NCPPB 2898	ncppb_number	exact_full_identifier	NCPPB 2898	0	0	no	3	ok	
db3bb956a0de860a783a	NCPPB 2819	other_references	expected_genus	4230	0	0	no	0	ok	
db49255f34389ed48f06	NCPPB 1645	other_references	expected_genus	B2340	0	0	no	0	ok	
db4c0bace519a7273c0a	NCPPB 3125	ncppb_number	exact_full_identifier	NCPPB 3125	0	0	no	3	ok	
db6db52664e3db93894e	NCPPB 425	ncppb_number	exact_full_identifier	NCPPB 425	0	0	no	3	ok	
db8058360a99adb8bb83	NCPPB 3456	ncppb_number	exact_full_identifier	NCPPB 3456	0	0	no	3	ok	
db958261bbe2b826c0aa	NCPPB 1822	ncppb_number	exact_full_identifier	NCPPB 1822	1	1	no	1	ok	
dccf39ad2cf698243ad7	NCPPB 4433	other_references	expected_genus	20709953	0	0	no	0	ok	
dcfdabb107e1ba4d328c	NCPPB 1838	other_references	expected_genus	XV18	0	0	no	0	ok	
dd623220e3b40bf0dd99	NCPPB 1471	other_references	expected_genus	B1603	0	0	no	0	ok	
dd6bba172265ecf2fc43	NCPPB 1151	ncppb_number	exact_full_identifier	NCPPB 1151	0	0	no	3	ok	
dd6fae0c71f0bb3bb082	NCPPB 2856	other_references	expected_genus	C798	0	0	no	0	ok	
dd9b539400e194b2689f	NCPPB 2896	ncppb_number	exact_full_identifier	NCPPB 2896	0	0	no	3	ok	
ddb237e4159d29599adc	ALL_OTHER_PREFIX:ATTCC	other_references	expected_genus:Xanthomonas	ATTCC	0	0	no	0	ok	
de072d990e775cd67d9c	NCPPB 1711	ncppb_number	exact_full_identifier	NCPPB 1711	0	0	no	3	ok	
de4a4580f3d6765b45eb	NCPPB 3213	other_references	expected_genus	B 8600	0	0	no	0	ok	
de61f73de8026496fb68	NCPPB 3651	other_references	expected_genus	ISBF 366	0	0	no	0	ok	
de67fba646aa12379515	NCPPB 4771	ncppb_number	exact_full_identifier	NCPPB 4771	0	0	no	3	ok	
de99a7b6f603a0598315	NCPPB 3720	ncppb_number	exact_full_identifier	NCPPB 3720	0	0	no	3	ok	
dedc3b9c8090fac812ac	NCPPB 1394	ncppb_number	exact_full_identifier	NCPPB 1394	2	2	no	0	ok	
df1321ab5ce1c7f90744	NCPPB 4346	ncppb_number	exact_full_identifier	NCPPB 4346	2	2	no	0	ok	
df4794fc5daced2e6515	NCPPB 1062	other_references	expected_genus	B644	0	0	no	0	ok	
dfb3ffe2df7f53345a12	NCPPB 3563	ncppb_number	exact_full_identifier	NCPPB 3563	0	0	no	3	ok	
dfbb2fe11abeccf6a993	NCPPB 3292	ncppb_number	exact_full_identifier	NCPPB 3292	0	0	no	3	ok	
e09a781a988f39e541f4	NCPPB 4413	ncppb_number	exact_full_identifier	NCPPB 4413	0	0	no	3	ok	
e0f2dcc13302e7f10495	NCPPB 4380	other_references	expected_genus	038/KBA/05	0	0	no	0	ok	
e0ffe5e97b02805bc429	NCPPB 1381	other_references	expected_genus	B1350	0	0	no	0	ok	
e10cd7e8a32e7dedb74e	NCPPB 2336	other_references	expected_genus	C721	0	0	no	0	ok	
e18025f176f3ce385422	NCPPB 2829	other_references	expected_genus	5781	0	0	no	0	ok	
e1aa37514a3b2ab4b810	NCPPB 4727	ncppb_number	exact_full_identifier	NCPPB 4727	0	0	no	3	ok	
e1ef1da585564a10288d	NCPPB 885	ncppb_number	exact_full_identifier	NCPPB 885	1	1	no	1	ok	
e20eaf49f92b115b645f	ALL_OTHER_PREFIX:ICPB	other_references	expected_genus:Xylophilus	ICPB	0	0	no	0	ok	
e22b7d0d9fe6dc338335	NCPPB 4418	ncppb_number	exact_full_identifier	NCPPB 4418	0	0	no	3	ok	
e2b42bdf8b62bfc731dc	NCPPB 4232	other_references	expected_genus	2011626	0	0	no	0	ok	
e2d15c9a88994f943e8b	NCPPB 2183	ncppb_number	exact_full_identifier	NCPPB 2183	0	0	no	3	ok	
e3091cb25148195fea64	NCPPB 3753	ncppb_number	exact_full_identifier	NCPPB 3753	1	1	no	0	ok	
e31567b5bb80a1d59583	NCPPB 4348	ncppb_number	exact_full_identifier	NCPPB 4348	1	1	no	0	ok	
e366e54b94e0faa2a029	NCPPB 891	ncppb_number	exact_full_identifier	NCPPB 891	0	0	no	3	ok	
e3694cc579203ef9da9a	NCPPB 1457	ncppb_number	exact_full_identifier	NCPPB 1457	0	0	no	3	ok	
e3733ebf5f4fb92ae7aa	ALL_OTHER_PREFIX:PDDCC	other_references	expected_genus:Xanthomonas	PDDCC	2	2	no	0	ok	
e393ac3887bbcd9d88df	NCPPB 892	other_references	expected_genus	B349	0	0	no	0	ok	
e3c129649f36de91ac88	NCPPB 3434	ncppb_number	exact_full_identifier	NCPPB 3434	1	1	no	0	ok	
e40b3025c608f3be4206	NCPPB 4347	ncppb_number	exact_full_identifier	NCPPB 4347	1	1	no	1	ok	
e466565ed1c1022cb06e	NCPPB 3290	ncppb_number	exact_full_identifier	NCPPB 3290	0	0	no	3	ok	
e468b9983a9c70408e01	NCPPB 2856	ncppb_number	exact_full_identifier	NCPPB 2856	1	1	no	1	ok	
e4885e41b1576ce774d6	NCPPB 4710	other_references	expected_genus	Arg-2B	0	0	no	0	ok	
e5dcff8f4d82823b4883	NCPPB 4678	ncppb_number	exact_full_identifier	NCPPB 4678	3	3	no	0	ok	
e5f8b66e9f4ea3e75206	NCPPB 3191	ncppb_number	exact_full_identifier	NCPPB 3191	0	0	no	3	ok	
e60dced47a6a370b7e3e	NCPPB 4398	other_references	expected_genus	ISBF 595	0	0	no	0	ok	
e617aba1eece6d1c3149	NCPPB 4414	ncppb_number	exact_full_identifier	NCPPB 4414	0	0	no	3	ok	
e631484a57e2c1778fbd	NCPPB 2446	ncppb_number	exact_full_identifier	NCPPB 2446	0	0	no	3	ok	
e6c4b5af830e8c511d9d	NCPPB 4410	ncppb_number	exact_full_identifier	NCPPB 4410	0	0	no	3	ok	
e6e0062485edd34a8a2c	NCPPB 1834	other_references	expected_genus	ENA-300	0	0	no	0	ok	
e7aa9ca4575c2cfe85b2	NCPPB 901	ncppb_number	exact_full_identifier	NCPPB 901	1	1	no	1	ok	
e7c21e720b67d5c58a21	NCPPB 4623	other_references	expected_genus	Protect OB Box 3 A6	0	0	no	0	ok	
e825f8dcff65f847fedd	NCPPB 3235	other_references	expected_genus	XC63	0	0	no	0	ok	
e838867e948d3418af75	NCPPB 2997	ncppb_number	exact_full_identifier	NCPPB 2997	1	1	no	1	ok	
e88a2a5c3bc463a9a2cd	NCPPB 2665	other_references	expected_genus	BO 193	0	0	no	0	ok	
e8ff16b56f49e51b33f2	NCPPB 4770	other_references	expected_genus	2023024626	0	0	no	0	ok	
e90c2e88a09c71a8aa7d	NCPPB 3442	ncppb_number	exact_full_identifier	NCPPB 3442	1	1	no	1	ok	
e918c0a2cf3a95e1a6c7	NCPPB 3663	other_references	expected_genus	ISBF 473	0	0	no	0	ok	
e95acdf475cc160763af	NCPPB 2826	other_references	expected_genus	5673	0	0	no	0	ok	
e967fdbb04f354b8723c	NCPPB 970	ncppb_number	exact_full_identifier	NCPPB 970	0	0	no	3	ok	
e97dccda4167fad96fb1	NCPPB 2229	ncppb_number	exact_full_identifier	NCPPB 2229	0	0	no	3	ok	
e9aa714ace4cee6b2737	NCPPB 637	other_references	expected_genus	76200	0	0	no	0	ok	
e9b1bf0619fd84de1386	NCPPB 3022	other_references	expected_genus	CIAT 1185	0	0	no	0	ok	
ea2acdce3f1130dcb297	NCPPB 3957	ncppb_number	exact_full_identifier	NCPPB 3957	0	0	no	3	ok	
ea90ffd4fb48691d2ea3	NCPPB 986	ncppb_number	exact_full_identifier	NCPPB 986	0	0	no	3	ok	
ea92808582f6c1d7e986	NCPPB 899	other_references	expected_genus	B377	0	0	no	0	ok	
ea92ae8b4df92cc63c93	NCPPB 4344	ncppb_number	exact_full_identifier	NCPPB 4344	0	0	no	3	ok	
eb63662cc33a843d53c4	NCPPB 3754	ncppb_number	exact_full_identifier	NCPPB 3754	0	0	no	3	ok	
eb7e426deaff0faf2636	NCPPB 4584	ncppb_number	exact_full_identifier	NCPPB 4584	0	0	no	3	ok	
ec4dd778862e9df5e090	NCPPB 1060	other_references	expected_genus	B657	0	0	no	0	ok	
ec623921845e8d1bda46	NCPPB 407	ncppb_number	exact_full_identifier	NCPPB 407	0	0	no	3	ok	
ec859af22dfcb97694c3	NCPPB 4722	other_references	expected_genus	9262-87	0	0	no	0	ok	
eca1b01b2ccd419040fe	NCPPB 2866	ncppb_number	exact_full_identifier	NCPPB 2866	1	1	no	1	ok	
ed34167c41406ded80ca	NCPPB 3241	other_references	expected_genus	67-2a	0	0	no	0	ok	
ed4f7655897289587ee3	NCPPB 4718	other_references	expected_genus	10194-90	0	0	no	0	ok	
ed9028685c698207f124	NCPPB 4720	ncppb_number	exact_full_identifier	NCPPB 4720	0	0	no	3	ok	
ee7455f465848a14c6f7	NCPPB 2586	ncppb_number	exact_full_identifier	NCPPB 2586	2	2	no	0	ok	
eec2123f6cb777b97da1	NCPPB 2181	ncppb_number	exact_full_identifier	NCPPB 2181	0	0	no	3	ok	
ef09ce6ba2b7ea1cc185	NCPPB 473	ncppb_number	exact_full_identifier	NCPPB 473	0	0	no	3	ok	
ef2cce68aa812517394e	NCPPB 975	ncppb_number	exact_full_identifier	NCPPB 975	0	0	no	3	ok	
ef3fbebc45ed916df1c0	NCPPB 2490	other_references	expected_genus	B4929	0	0	no	0	ok	
ef43f256718c04e17211	NCPPB 4450	ncppb_number	exact_full_identifier	NCPPB 4450	0	0	no	3	ok	
ef4976144874b672593b	NCPPB 3170	other_references	expected_genus	B7205	0	0	no	0	ok	
ef8961f4db0089510ec0	NCPPB 184	ncppb_number	exact_full_identifier	NCPPB 184	0	0	no	3	ok	
ef91414bf4cad8585860	NCPPB 1774	ncppb_number	exact_full_identifier	NCPPB 1774	0	0	no	3	ok	
efa2b0396a4597791e39	NCPPB 195	ncppb_number	exact_full_identifier	NCPPB 195	0	0	no	3	ok	
efa799f531f056cab55c	NCPPB 1713	other_references	expected_genus	B912	0	0	no	0	ok	
efc3e20bb974f6c09ef2	NCPPB 2865	ncppb_number	exact_full_identifier	NCPPB 2865	1	1	no	1	ok	
efd7984e2621a548aa48	NCPPB 3191	other_references	expected_genus	B7790	0	0	no	0	ok	
f07aee16b16ee0c2aaee	NCPPB 3562	other_references	expected_genus	IIH-Xcc5	0	0	no	0	ok	
f0bde17f977e0a93e6e7	NCPPB 1699	other_references	expected_genus	B2019	4	4	no	0	ok	
f12e69ccc287ccf6ec01	NCPPB 4449	ncppb_number	exact_full_identifier	NCPPB 4449	0	0	no	3	ok	
f171da4ad12fd5d16b2e	NCPPB 3663	ncppb_number	exact_full_identifier	NCPPB 3663	0	0	no	3	ok	
f17988fcf6e10bfe5ecb	NCPPB 1645	ncppb_number	exact_full_identifier	NCPPB 1645	0	0	no	3	ok	
f1c4b56da0bc0609fae3	NCPPB 2857	ncppb_number	exact_full_identifier	NCPPB 2857	0	0	no	3	ok	
f1e939903cabca7b4571	NCPPB 1711	other_references	expected_genus	B1548	0	0	no	0	ok	
f22952ad976a8496d2b1	NCPPB 1482	other_references	expected_genus	B1741	0	0	no	0	ok	
f284f35b0358862159c9	NCPPB 3207	ncppb_number	exact_full_identifier	NCPPB 3207	0	0	no	3	ok	
f2c046d44f44f459aa29	NCPPB 761	ncppb_number	exact_full_identifier	NCPPB 761	0	0	no	3	ok	
f2c80d7f6c95e69cc9c6	NCPPB 3177	other_references	expected_genus	B7385	0	0	no	0	ok	
f2fc9615e2f2a34b6007	NCPPB 4631	ncppb_number	exact_full_identifier	NCPPB 4631	0	0	no	3	ok	
f321862f5e6ac924997b	NCPPB 3880	other_references	expected_genus	A5922	0	0	no	0	ok	
f358dce3693d1d954ba8	NCPPB 1698	other_references	expected_genus	B650	0	0	no	0	ok	
f3b4ef2cf4e07bfe49aa	NCPPB 4377	other_references	expected_genus	1583	0	0	no	0	ok	
f40092c5b31d30f202da	NCPPB 2931	ncppb_number	exact_full_identifier	NCPPB 2931	0	0	no	3	ok	
f4480780c668c309cfdc	NCPPB 3877	ncppb_number	exact_full_identifier	NCPPB 3877	0	0	no	3	ok	
f4a1c5e3bd09771ed1d7	NCPPB 983	ncppb_number	exact_full_identifier	NCPPB 983	1	1	no	2	ok	
f4bf447287869dd51023	NCPPB 3878	ncppb_number	exact_full_identifier	NCPPB 3878	0	0	no	3	ok	
f5287a7f29d2b2da608e	NCPPB 4356	ncppb_number	exact_full_identifier	NCPPB 4356	0	0	no	3	ok	
f53f4e942795d6cb638c	NCPPB 2696	ncppb_number	exact_full_identifier	NCPPB 2696	0	0	no	3	ok	
f56e8a231257b1ce8171	NCPPB 2443	ncppb_number	exact_full_identifier	NCPPB 2443	0	0	no	3	ok	
f592e64dde39ff10f722	NCPPB 4721	other_references	expected_genus	13093-96	0	0	no	0	ok	
f636722ffae407e165e3	NCPPB 1717	ncppb_number	exact_full_identifier	NCPPB 1717	0	0	no	3	ok	
f66c39334ddd9a0eb97e	NCPPB 1141	other_references	expected_genus	B745	0	0	no	0	ok	
f69a1f69473cd0792735	NCPPB 4661	ncppb_number	exact_full_identifier	NCPPB 4661	0	0	no	3	ok	
f725f9e0913b4e777862	NCPPB 3832	ncppb_number	exact_full_identifier	NCPPB 3832	0	0	no	3	ok	
f74e76d6682b5aeff114	NCPPB 412	ncppb_number	exact_full_identifier	NCPPB 412	0	0	no	3	ok	
f7d5a57a1f1a58c42fec	NCPPB 3212	other_references	expected_genus	B 8597	0	0	no	0	ok	
f7e9d6d56a46ac82484b	NCPPB 3955	ncppb_number	exact_full_identifier	NCPPB 3955	0	0	no	3	ok	
f8d302b7b17240a7d646	NCPPB 4615	other_references	expected_genus	B100	0	0	no	0	ok	
f8e00641dcc0fd358203	NCPPB 4031	other_references	expected_genus	972200	0	0	no	0	ok	
f8ebf8b1d906df0d5bf2	NCPPB 3301	other_references	expected_genus	PX061	0	0	no	0	ok	
f8f339a96c4d00f8e2f6	NCPPB 892	ncppb_number	exact_full_identifier	NCPPB 892	0	0	no	3	ok	
f8f79cf002f22ff2038b	NCPPB 2933	ncppb_number	exact_full_identifier	NCPPB 2933	1	1	no	1	ok	
f90d5a7ee3b5f5db2699	NCPPB 1754	ncppb_number	exact_full_identifier	NCPPB 1754	1	1	no	1	ok	
f9121b1bdb1a71bedc25	NCPPB 1009	ncppb_number	exact_full_identifier	NCPPB 1009	0	0	no	3	ok	
f928d9487f314a71d14e	NCPPB 2095	ncppb_number	exact_full_identifier	NCPPB 2095	0	0	no	3	ok	
f934128fa475c3f2c763	NCPPB 3245	ncppb_number	exact_full_identifier	NCPPB 3245	0	0	no	3	ok	
f983cb079d920319febc	NCPPB 420	ncppb_number	exact_full_identifier	NCPPB 420	0	0	no	3	ok	
f99eaa18dfae3aef26db	NCPPB 4031	ncppb_number	exact_full_identifier	NCPPB 4031	0	0	no	3	ok	
f9dd37dd188dba9e3c5a	NCPPB 1117	other_references	expected_genus	B828	0	0	no	0	ok	
fa1601887708eb609b8c	NCPPB 4352	ncppb_number	exact_full_identifier	NCPPB 4352	1	1	no	0	ok	
fa22cc619bde66c5187c	NCPPB 2061	ncppb_number	exact_full_identifier	NCPPB 2061	0	0	no	3	ok	
fa34df50cb47d7a4d804	NCPPB 888	ncppb_number	exact_full_identifier	NCPPB 888	0	0	no	3	ok	
fa53da462626ac44a5dd	NCPPB 3136	ncppb_number	exact_full_identifier	NCPPB 3136	0	0	no	3	ok	
fa5c6c7b702f2ea0dec5	NCPPB 1454	ncppb_number	exact_full_identifier	NCPPB 1454	0	0	no	3	ok	
fa65aa23e054d28cc029	NCPPB 3560	ncppb_number	exact_full_identifier	NCPPB 3560	0	0	no	3	ok	
fa7171f5fa0eebdd70d4	NCPPB 3200	ncppb_number	exact_full_identifier	NCPPB 3200	1	1	no	0	ok	
fa73ee3a1f83fdd07756	NCPPB 3829	ncppb_number	exact_full_identifier	NCPPB 3829	0	0	no	3	ok	
fa7ff3a12fcb48a8c323	NCPPB 4410	other_references	expected_genus	8356	1	1	no	0	ok	
fae4fdddef0dd798542a	NCPPB 279	ncppb_number	exact_full_identifier	NCPPB 279	0	0	no	3	ok	
fb388d3b532d07057689	NCPPB 101	ncppb_number	exact_full_identifier	NCPPB 101	1	1	no	0	ok	
fbaf7b0445e087745b5e	NCPPB 1698	other_references	expected_genus	XL59/10	0	0	no	0	ok	
fc04870697d11da903a7	NCPPB 1058	ncppb_number	exact_full_identifier	NCPPB 1058	1	1	no	1	ok	
fc2c62479e6cbb585266	NCPPB 1438	ncppb_number	exact_full_identifier	NCPPB 1438	0	0	no	3	ok	
fc43352ef560edab7017	NCPPB 3638	other_references	expected_genus	RCIIHXCP1	0	0	no	0	ok	
fc530da6f11b36998d84	NCPPB 4378	other_references	expected_genus	034/LRA/05	0	0	no	0	ok	
fc6a5e03570223a0d1a6	NCPPB 3230	ncppb_number	exact_full_identifier	NCPPB 3230	0	0	no	3	ok	
fcc9ac8dbbb15397eddd	NCPPB 1143	ncppb_number	exact_full_identifier	NCPPB 1143	0	0	no	3	ok	
fcd93fd373ce2df9b04f	NCPPB 1684	other_references	expected_genus	B2602	0	0	no	0	ok	
fcf2b7133daea7f3bd0a	NCPPB 1654	other_references	expected_genus	B2330	0	0	no	0	ok	
fcf4b95adbe4293cd3f8	NCPPB 4033	other_references	expected_genus	700a	0	0	no	0	ok	
fcf9a7983ce2cd915d1c	NCPPB 4032	other_references	expected_genus	972270	0	0	no	0	ok	
fd3ddd4207aa1798e168	NCPPB 1453	ncppb_number	exact_full_identifier	NCPPB 1453	0	0	no	3	ok	
fd54a6556147717fc1f9	NCPPB 1394	other_references	expected_genus	B1446	0	0	no	0	ok	
fd6fa679476f2ae3005d	NCPPB 3887	ncppb_number	exact_full_identifier	NCPPB 3887	1	1	no	1	ok	
fd91f65dbcf3c66c50d3	NCPPB 2904	ncppb_number	exact_full_identifier	NCPPB 2904	0	0	no	3	ok	
fdac0d8b4623ce4fdd1c	NCPPB 1161	ncppb_number	exact_full_identifier	NCPPB 1161	0	0	no	3	ok	
fdbe6000aed052495b7f	NCPPB 3661	ncppb_number	exact_full_identifier	NCPPB 3661	0	0	no	3	ok	
fdd1b837c11522df0313	NCPPB 4666	ncppb_number	exact_full_identifier	NCPPB 4666	0	0	no	3	ok	
fdd998afce0c22f2caea	ALL_NCPPB	ncppb_number	expected_genus:Sphingomonas	NCPPB	2	2	no	0	ok	
fe5148d24c914551cdc6	NCPPB 3593	ncppb_number	exact_full_identifier	NCPPB 3593	0	0	no	3	ok	
fea622d6848706453b14	NCPPB 2839	other_references	expected_genus	UKP 784	0	0	no	0	ok	
ff034aadf88b0135f531	NCPPB 1981	other_references	expected_genus	W135	0	0	no	0	ok	
ff1b086b53539cb6cd4d	NCPPB 1659	ncppb_number	exact_full_identifier	NCPPB 1659	0	0	no	3	ok	
ffaefe17223b66b84b09	NCPPB 2494	ncppb_number	exact_full_identifier	NCPPB 2494	1	1	no	1	ok	
