ncppb_number	current_name	name_as_received	alternative_names	country	host	year_added	type_strain_of_species	pathotype_strain	notes	reference	ncppb_catalogue_url	source_page
NCPPB 45	Xanthomonas campestris pv. campestris (Pammel 1895) Dowson 1939	Xanthomonas campestris (Pammel 1895) Dowson 1939		UK	Brassica napus	1941	No	No			https://ncppb.fera.co.uk/furtherinfo/45	1
NCPPB 101	Xanthomonas cassavae (ex Wiehe & Dowson 1953) Vauterin et al. 1995	Xanthomonas cassavae	Xanthomonas campestris pv. cassavae (Wiehe & Dowson 1953) Maraite and Weyns 1979	Malawi	Manihot esculenta	1951	Yes	No			https://ncppb.fera.co.uk/furtherinfo/101	1
NCPPB 109	Xanthomonas axonopodis pv. begoniae (Takimoto 1934) Vauterin et al. 1995	Xanthomonas begoniae Takimoto 1934	Xanthomonas campestris pv. begoniae (Takimoto 1934) Dye 1978	UK	Begonia sp.	1937	No	No			https://ncppb.fera.co.uk/furtherinfo/109	1
NCPPB 113	Xanthomonas axonopodis pv. ricini (Yoshi & Takimoto 1928) Vauterin et al. 1995	X. ricinicola.	Xanthomonas campestris pv. ricini (Yoshi & T akimoto 1928) Dye 1978	Uganda		1938	No	No	Yellow strain. Not pathogenic.	*Sabet, K.A. 1959. Ann. Appl. Biol. 47: 49	https://ncppb.fera.co.uk/furtherinfo/113	1
NCPPB 151	Xanthomonas campestris pv. papavericola (Bryan and McWhorter 1930) Dye 1978			Mauritius	Argemone sp.	1941	No	No			https://ncppb.fera.co.uk/furtherinfo/151	1
NCPPB 174	Xanthomonas axonopodis pv. vasculorum (Cobb 1893) Vauterin et al. 1995	Xanthomonas vasculorum (Cobb 1893) Dowson 1939	Xanthomonas campestris pv. vasculorum (Cobb 1893) Dye 1978			1958	No	No			https://ncppb.fera.co.uk/furtherinfo/174	1
NCPPB 181	Xanthomonas axonopodis pv. vasculorum (Cobb 1893) Vauterin et al. 1995	Xanthomonas vasculorum (Cobb 1893) Dowson 1939	Xanthomonas campestris pv. vasculorum (Cobb 1893) Dye 1978	Australia		1946	No	No	Fatty acid Type B(Dookun, Stead & Autrey 2000)		https://ncppb.fera.co.uk/furtherinfo/181	1
NCPPB 182	Xanthomonas vasicola pv. vasculorum (Cobb 1893) Vauterin et al. 1995	Xanthomonas vasculorum (Cobb 1893) Dowson 1939	Xanthomonas campestris pv. vasculorum (Cobb 1893) Dye 1978, Xanthomonas axonopodis pv. vasculorum (Cobb 1893) Vauterin et al. 1995	Puerto Rico	Saccharum officinarum	1946	No	No	Fatty acid Type E (Dookun, Stead & Autrey 2000)		https://ncppb.fera.co.uk/furtherinfo/182	1
NCPPB 184	Xanthomonas axonopodis pv. vasculorum (Cobb 1893) Vauterin et al. 1995	Xanthomonas vasculorum (Cobb 1893) Dowson 1939	Xanthomonas campestris pv. vasculorum (Cobb 1893) Dye 1978	Mauritius	Saccharum officinarum	1958	No	No	Fatty acid Type B (Dookun, Stead & Autrey 2000)		https://ncppb.fera.co.uk/furtherinfo/184	1
NCPPB 185	Xanthomonas axonopodis pv. vasculorum (Cobb 1893) Vauterin et al. 1995	Xanthomonas vasculorum (Cobb 1893) Dowson 1939	Xanthomonas campestris pv. vasculorum (Cobb 1893) Dye 1978	Mauritius	Dictyospermaalbum	1946	No	No	Fatty acid Type B(Dookun, Stead & Autrey 2000)		https://ncppb.fera.co.uk/furtherinfo/185	1
NCPPB 186	Xanthomonas axonopodis pv. vasculorum (Cobb 1893) Vauterin et al. 1995	Xanthomonas vasculorum (Cobb 1893) Dowson 1939	Xanthomonas campestris pv. vasculorum (Cobb 1893) Dye 1978	Mauritius	Thysanolaena maxima	1946	No	No	Fatty acid Type A(Dookun, Stead & Autrey 2000)new pv.?		https://ncppb.fera.co.uk/furtherinfo/186	1
NCPPB 187	Xanthomonas axonopodis pv. vasculorum (Cobb 1893) Vauterin et al. 1995	Xanthomonas vasculorum (Cobb 1893) Dowson 1939	Xanthomonas campestris pv. vasculorum (Cobb 1893) Dye 1978	Mauritius	Roystonea regia	1946	No	No	Fatty acid Type B(Dookun, Stead & Autrey 2000)		https://ncppb.fera.co.uk/furtherinfo/187	1
NCPPB 195	Xanthomonas vesicatoria (ex Doidge 1920) Vauterin et al. 1995	Xanthomonas vesicatoria (Doidge 1920) Dowson 1939	Xanthomonas campestris pv. vesicatoria (Doidge 1920) Dye 1978	Israel		1947	No	No			https://ncppb.fera.co.uk/furtherinfo/195	1
NCPPB 196	Xanthomonas campestris pv. campestris (Pammel 1895) Dowson 1939	Xanthomonas campestris (Pammel 1895) Dowson 1939		Mauritius	Brassica oleracea var. capitata	1947	No	No			https://ncppb.fera.co.uk/furtherinfo/196	1
NCPPB 200	Xanthomonas citri pv. malvacearum (Smith 1901) Constantin et al. 2016 comb. nov.	Xanthomonas malvacearum (Smith 1901) Dowson 1939	Xanthomonas campestris pv. malvacearum (Smith 1901) Dye 1978, Xanthomonas axonopodis pv. malvacearum (Smith 1901) Vauterin et al. 1995 Xanthomonas citri subsp. malvacearum (Smith 1901) Schaad et al. 2007	Sudan	Gossypium sp.	1947	No	No	The group classification of Hayward (1964b) and the race classification of Hunter et al. (1968) is used.	Hayward, A.C. 1964. J. Gen. Microbiol. 35: 287; Hunter, R.E., Brinkerhoff, L.A., Bird, L.S. 1968. P	https://ncppb.fera.co.uk/furtherinfo/200	1
NCPPB 205	Xanthomonas hyacinthi (Wakker 1883) Vauterin et al. 1995	Xanthomonas hyacinthi	Xanthomonas campestris pv. hyacinthi (Wakker 1883) Dye 1978	Netherlands	Hyacinthus orientalis.	1948	No	No			https://ncppb.fera.co.uk/furtherinfo/205	1
NCPPB 206	Xanthomonas vasicola pv. vasculorum (Cobb 1894) Lang et al. 2017	Xanthomonas vasculorum (Cobb 1893) Dowson 1939	Xanthomonas campestris pv. vasculorum (Cobb 1894) Dye 1978, Xanthomonas axonopodis pv. vasculorum (Cobb 1894) Vauterin et al. 1995, Xanthomonas vasicola pv. vasculorum (Cobb 1894) Vauterin et al. 1995 (Invalid name)	South Africa	Zea mays	1948	No	No	Fatty acid Type C (Dookun, Stead & Autrey 2000)		https://ncppb.fera.co.uk/furtherinfo/206	1
NCPPB 208	Xanthomonas albilineans (Ashby 1929) Dowson 1943	X. albilineans var. paspali. See Orian (1962)		Mauritius	Paspalum dilatatum	1948	No	No			https://ncppb.fera.co.uk/furtherinfo/208	1
NCPPB 210	Xanthomonas citri pv. malvacearum (Smith 1901) Constantin et al. 2016 comb. nov.	Xanthomonas malvacearum (Smith 1901) Dowson 1939	Xanthomonas campestris pv. malvacearum (Smith 1901) Dye 1978, Xanthomonas axonopodis pv. malvacearum (Smith 1901) Vauterin et al. 1995, Xanthomonas citri subsp. malvacearum (Smith 1901) Schaad et al. 2007	India		1948	No	No	The group classification of Hayward (1964b) and the race classification of Hunter et al. (1968) is used.	Hayward, A.C. 1964. J. Gen. Microbiol. 35: 287; Hunter, R.E., Brinkerhoff, L.A., Bird, L.S. 1968. P	https://ncppb.fera.co.uk/furtherinfo/210	1
NCPPB 211	Xanthomonas citri pv. citri (Hasse 1915) Constantin 2016 comb. nov.	Xanthomonas citri (Hasse 1915) Dowson	Xanthomonas campestris pv. citri (Hasse 1915) Dye 1979, Xanthomonas axonopodis pv. citri (Hasse 1915) Vauterin et al. 1995, Xanthomonas citri subsp. citri (Hasse 1915) Gabriel et al. 1989	India		1948	No	No	Type A(Asiatic Canker)		https://ncppb.fera.co.uk/furtherinfo/211	1
NCPPB 212	Xanthomonas citri pv. mangiferaeindicae (Patel et al. 1948) Constantin et al. 2016 comb. nov.		Xanthomonas campestris pv. mangiferaeindicae (Patel et al. 1948) Robbs, Ribeiro & Kimura 1974, Xanthomonas axonopodis pv. mangiferaeindicae (Patel et al. 1948) Ah-You et al. 2007	India		1948	No	No	Partial gene (gyrB) sequence indicates this is Xanthomonas citri.		https://ncppb.fera.co.uk/furtherinfo/212	1
NCPPB 220	Xanthomonas phaseoli pv. phaseoli (Smith 1897) Constantin et al. 2016 comb. nov.	Xanthomonas phaseoli (Smith 1897) Dowson 1939	Xanthomonas campestris pv. phaseoli (Smith 1897) Dye 1978, Xanthomonas axonopodis pv. phaseoli (Smith 1897) Vauterin et al.1995	USA		1948	No	No	gyrB 100% match with NCPPB 3035		https://ncppb.fera.co.uk/furtherinfo/220	1
NCPPB 225	Pseudomonas syringae pv. dysoxyli (Hutchinson 1949) Young, Dye & Wilkie 1978	Pseudomonas dysoxyli	Pseudomonas dysoxyli	New Zealand (Auckland)	Dysoxylum spectabile (Forst.f.) Hook.f. (Kohekohe	1949	No	Yes	LOPAT Group II. The bacterial disease of the native New Zealand plant Dysoxylum spectabile (Kohekohe) with the symptoms of greasy translucent leaf lesions, 'shotholes' in the leaf tissue, and greasy lesions in the leaf axils is caused by Xanthomonas dyei pv. dysoxyli.	Young, J. M.; Wilkie, J. P.; Park, D.-C.; Watson, D. R. W. (2010)New Zealand strains of plant pathogenic bacteria classified by multi-locus sequence analysis; proposal ofXanthomonas dyeisp. nov.Plant Pathology59(2)270-281. DOI: 10.1111/j.1365-3059.2009.02210.x Young, J.M.; Triggs, C.M. (1994)Evaluation of determinative tests for pathovars of Pseudomonas syringae van Hall 1902.Journal of Applied Bacteriology77(2)195-207. DOI: 10.1111/j.1365-2672.1994.tb03064.x Visnovsky, Sandra B.; Panda, Preeti; Everett, Kerry R.; Lu, Ashley; Butler, Ruth C.; Taylor, Robert K.; Pitman, Andrew R. (2020)A PCR diagnostic assay for rapid detection of plant pathogenic pseudomonads.Plant Pathology69(7)1311-1330. DOI: 10.1111/ppa.13204 Ferreira-Tonin, Mariana; Rodrigues-Neto, Júlio; Harakava, Ricardo; Destéfano, Suzete Aparecida Lanza (2012)Phylogenetic analysis of Xanthomonas based on partial rpoB gene sequences and species differentiation by PCR-RFLP. International Journal of Systematic and Evolutionar	https://ncppb.fera.co.uk/furtherinfo/225	1
NCPPB 226	Xanthomonas citri pv. citri (Hasse 1915) Constantin 2016 comb. nov.	Xanthomonas citri (Hasse 1915) Dowson	Xanthomonas campestris pv. citri (Hasse 1915) Dye 1979, Xanthomonas axonopodis pv. citri (Hasse 1915) Vauterin et al. 1995, Xanthomonas citri subsp. citri (Hasse 1915) Gabriel et al. 1989	New Zealand		1949	No	No	Type A(Asiatic Canker)		https://ncppb.fera.co.uk/furtherinfo/226	1
NCPPB 230	Xanthomonas hortorum pv. carotae (Kendrick 1934) Vauterin et al. 1995	Xanthomonas carotae Kendrick 1934	Xanthomonas campestris pv. carotae (Kendrick 1934) Dye 1978	USA		1949	No	No			https://ncppb.fera.co.uk/furtherinfo/230	1
NCPPB 232	Xanthomonas hortorum pv. vitians Morinière et al. 2020	X. lactucaescariolae	Xanthomonas axonopodis pv. vitians (Brown 1918) Vauterin et al. 1995; Xanthomonas campestris pv. vitians (Brown 1918) Dye 1978	USA		1949	No	No			https://ncppb.fera.co.uk/furtherinfo/232	1
NCPPB 240	Xanthomonas campestris pv. campestris (Pammel 1895) Dowson 1939	Xanthomonas campestris (Pammel 1895) Dowson 1939		UK	Brassica napus	1941	No	No			https://ncppb.fera.co.uk/furtherinfo/240	1
NCPPB 241	Xanthomonas axonopodis pv. begoniae (Takimoto 1934) Vauterin et al. 1995	Xanthomonas begoniae Takimoto 1934	Xanthomonas campestris pv. begoniae (Takimoto 1934) Dye 1978	USA		1944	No	No			https://ncppb.fera.co.uk/furtherinfo/241	1
NCPPB 243	Xanthomonas euvesicatoria pv. uppalii (Patel 1948) Harrison et al. 2023		Xanthomonas campestris pv. uppalii (Patel 1948) Dye 1978	India	Ipomea muricata	1948	No	No			https://ncppb.fera.co.uk/furtherinfo/243	1
NCPPB 245	Serratia proteamaculans (Paine and Stansfield 1919) Grimont, Grimont & Starr 1978	Xanthomonas proteamaculans	Erwinia proteamaculans (Paine and Stansfield 1919) Dye 1966	UK	Protea cynaroides	1920	Yes	No		Dye, D.W. 1969. N. Z. J. Sci. 12: 833	https://ncppb.fera.co.uk/furtherinfo/245	1
NCPPB 273	Xanthomonas arboricola pv. pruni (Smith 1903) Vauterin et al. 1995	Xanthomonas pruni	Xanthomonas campestris pv. pruni (Smith 1903) Dye 1978	USA		1949	No	No			https://ncppb.fera.co.uk/furtherinfo/273	1
NCPPB 279	Xanthomonas campestris pv. campestris (Pammel 1895) Dowson 1939	Xanthomonas campestris (Pammel 1895) Dowson 1939		Malawi	Brassica oleracea var. capitata	1950	No	No			https://ncppb.fera.co.uk/furtherinfo/279	1
NCPPB 290	Xanthomonas albilineans (Ashby 1929) Dowson 1943	Xanthomonas albilineans		Guyana	Saccharum officinarum	1951	No	No			https://ncppb.fera.co.uk/furtherinfo/290	1
NCPPB 293	Xanthomonas citri pv. malvacearum (Smith 1901) Constantin et al. 2016 comb. nov.	Xanthomonas malvacearum (Smith 1901) Dowson 1939	Xanthomonas campestris pv. malvacearum (Smith 1901) Dye 1978, Xanthomonas axonopodis pv. malvacearum (Smith 1901) Vauterin et al. 1995, Xanthomonas citri subsp. malvacearum (Smith 1901) Schaad et al. 2007	South Africa	Gossypium sp.	1951	No	No	The group classification of Hayward (1964b) and the race classification of Hunter et al. (1968) is used.	Hayward, A.C. 1964. J. Gen. Microbiol. 35: 287; Hunter, R.E., Brinkerhoff, L.A., Bird, L.S. 1968. P	https://ncppb.fera.co.uk/furtherinfo/293	1
NCPPB 301	Xanthomonas phaseoli pv. phaseoli (Smith 1897) Constantin et al. 2016 comb. nov.	Xanthomonas phaseoli (Smith 1897) Dowson 1939	Xanthomonas campestris pv. phaseoli (Smith 1897) Dye 1978, Xanthomonas axonopodis pv. phaseoli (Smith 1897) Vauterin et al.1995	Canada		1951	No	No	gyrB 100% match with NCPPB 3035		https://ncppb.fera.co.uk/furtherinfo/301	1
NCPPB 302	Xanthomonas phaseoli pv. phaseoli (Smith 1897) Constantin et al. 2016 comb. nov.	Xanthomonas phaseoli (Smith 1897) Dowson 1939	Xanthomonas campestris pv. phaseoli (Smith 1897) Dye 1978, Xanthomonas axonopodis pv. phaseoli (Smith 1897) Vauterin et al.1995	Canada		1951	No	No	gyrB 100% match with NCPPB 3035		https://ncppb.fera.co.uk/furtherinfo/302	1
NCPPB 305	Xanthomonas hortorum pv. pelargonii (Brown 1923) Vauterin et al. 1995	Xanthomonas pelargonii	Xanthomonas campestris pv. pelargonii (Brown 1923) Dye 1978	Denmark		1951	No	No			https://ncppb.fera.co.uk/furtherinfo/305	1
NCPPB 315	Xanthomonas citri pv. malvacearum (Smith 1901) Constantin et al. 2016 comb. nov.	Xanthomonas malvacearum (Smith 1901) Dowson 1939	Xanthomonas campestris pv. malvacearum (Smith 1901) Dye 1978, Xanthomonas axonopodis pv. malvacearum (Smith 1901) Vauterin et al. 1995, Xanthomonas citri subsp. malvacearum (Smith 1901) Schaad et al. 2007	Uganda	Gossypium sp.	1952	No	No	The group classification of Hayward (1964b) and the race classification of Hunter et al. (1968) is used.	Hayward, A.C. 1964. J. Gen. Microbiol. 35: 287; Hunter, R.E., Brinkerhoff, L.A., Bird, L.S. 1968. P	https://ncppb.fera.co.uk/furtherinfo/315	1
NCPPB 347	Xanthomonas campestris pv. armoraciae (McCulloch 1929) Dye 1978	Pseudomonas campestris var. armoraciae (McCulloch 1929) Krasilnikov 1949		Tanzania	Iberis sp.	1954	No	Yes	Reported not to be pathogenic to Armoracia		https://ncppb.fera.co.uk/furtherinfo/347	1
NCPPB 348	Xanthomonas phaseoli pv. manihotis (Bondar 1912) Constantin et al. 2016 comb. nov.	Xanthomonas manihotis (Berthet & Bondar 1915) Starr 1946	Xanthomonas campestris pv. manihotis (Berthet & Bondar 1915) Dye 1978, Xanthomonas axonopodis pv. manihotis (Bondar 1912) Vauterin et al. 1995			1954	No	No	Non-pigmented.		https://ncppb.fera.co.uk/furtherinfo/348	1
NCPPB 362	Xanthomonas arboricola pv. juglandis (Pierce 1901) Vauterin et al. 1995	Xanthomonas juglandis	Xanthomonas campestris pv. juglandis (Pierce 1901) Dye 1978	UK	Juglans regia	1955	No	No			https://ncppb.fera.co.uk/furtherinfo/362	1
NCPPB 381	Xanthomonas citri pv. fuscans (Schaad et al. 2007) Constantin et al. 2016 comb. nov.	Xanthomonas phaseoli (Smith 1897) Dowson 1939	Xanthomonas axonopodis pv. phaseoli (Smith 1897) Vauterin et al.1995, Xanthomonas campestris pv. phaseoli (Smith 1897) Dye 1978, Xanthomonas fuscans subsp. fuscans Schaad et al. 2007	Canada	Phaseolus vulgaris	1957	Yes	Yes	Produces brown pigment		https://ncppb.fera.co.uk/furtherinfo/381	1
NCPPB 400	Xanthomonas hortorum pv. pelargonii (Brown 1923) Vauterin et al. 1995	Xanthomonas pelargonii	Xanthomonas campestris pv. pelargonii (Brown 1923) Dye 1978	Denmark	Pelargonium zonale	1957	No	No			https://ncppb.fera.co.uk/furtherinfo/400	1
NCPPB 403	Xanthomonas campestris pv. campestris (Pammel 1895) Dowson 1939	Xanthomonas campestris (Pammel 1895) Dowson 1939		New Zealand	Brassica sp.	1957	No	No	ex Chou Moellier		https://ncppb.fera.co.uk/furtherinfo/403	1
NCPPB 404	Xanthomonas campestris pv. campestris (Pammel 1895) Dowson 1939	Xanthomonas campestris (Pammel 1895) Dowson 1939		New Zealand	Brassica napobrassica	1957	No	No			https://ncppb.fera.co.uk/furtherinfo/404	1
NCPPB 405	Xanthomonas citri pv. citri (Hasse 1915) Constantin 2016 comb. nov.	Xanthomonas citri (Hasse 1915) Dowson	Xanthomonas campestris pv. citri (Hasse 1915) Dye 1979, Xanthomonas axonopodis pv. citri (Hasse 1915) Vauterin et al. 1995, Xanthomonas citri subsp. citri (Hasse 1915) Gabriel et al. 1989	New Zealand	Citrus sp.	1957	No	No	Type A(Asiatic Canker)		https://ncppb.fera.co.uk/furtherinfo/405	1
NCPPB 406	Xanthomonas citri pv. citri (Hasse 1915) Constantin 2016 comb. nov.	Xanthomonas citri (Hasse 1915) Dowson	Xanthomonas campestris pv. citri (Hasse 1915) Dye 1979, Xanthomonas axonopodis pv. citri (Hasse 1915) Vauterin et al. 1995, Xanthomonas citri subsp. citri (Hasse 1915) Gabriel et al. 1989	New Zealand	Citrus sp.(New Zealand grapefruit)	1957	No	No	Type A(Asiatic Canker)		https://ncppb.fera.co.uk/furtherinfo/406	1
NCPPB 407	Xanthomonas citri pv. citri (Hasse 1915) Constantin 2016 comb. nov.	Xanthomonas citri (Hasse 1915) Dowson	Xanthomonas campestris pv. citri (Hasse 1915) Dye 1979, Xanthomonas axonopodis pv. citri (Hasse 1915) Vauterin et al. 1995, Xanthomonas citri subsp. citri (Hasse 1915) Gabriel et al. 1989	New Zealand	Citrus sp.	1957	No	No	Type A(Asiatic Canker)		https://ncppb.fera.co.uk/furtherinfo/407	1
NCPPB 408	Xanthomonas citri pv. citri (Hasse 1915) Constantin 2016 comb. nov.	Xanthomonas citri (Hasse 1915) Dowson	Xanthomonas campestris pv. citri (Hasse 1915) Dye 1979, Xanthomonas axonopodis pv. citri (Hasse 1915) Vauterin et al. 1995, Xanthomonas citri subsp. citri (Hasse 1915) Gabriel et al. 1989	New Zealand	Citrus reticulata	1957	No	No	Type A(Asiatic Canker)		https://ncppb.fera.co.uk/furtherinfo/408	1
NCPPB 409	Xanthomonas citri (Hasse 1915) Gabriel et al. 1989	Xanthomonas citri (Hasse 1915) Dowson	Xanthomonas campestris pv. citri (Hasse 1915) Dye 1979, Xanthomonas axonopodis pv. citri (Hasse 1915)	New Zealand	Citrus limon	1957	No	No	Type A(Asiatic Canker)		https://ncppb.fera.co.uk/furtherinfo/409	1
NCPPB 410	Xanthomonas citri pv. citri (Hasse 1915) Constantin 2016 comb. nov.	Xanthomonas citri (Hasse 1915) Dowson	Xanthomonas campestris pv. citri (Hasse 1915) Dye 1979, Xanthomonas axonopodis pv. citri (Hasse 1915) Vauterin et al. 1995, Xanthomonas citri subsp. citri (Hasse 1915) Gabriel et al. 1989	New Zealand	Citrus sinensis	1957	No	No	Type A(Asiatic Canker)		https://ncppb.fera.co.uk/furtherinfo/410	2
NCPPB 411	Xanthomonas arboricola pv. juglandis (Pierce 1901) Vauterin et al. 1995	Xanthomonas juglandis	Xanthomonas campestris pv. juglandis (Pierce 1901) Dye 1978	New Zealand	Juglans regia	1957	Yes	Yes			https://ncppb.fera.co.uk/furtherinfo/411	2
NCPPB 412	Xanthomonas arboricola pv. juglandis (Pierce 1901) Vauterin et al. 1995	Xanthomonas juglandis	Xanthomonas campestris pv. juglandis (Pierce 1901) Dye 1978	New Zealand	Juglans regia	1957	No	No			https://ncppb.fera.co.uk/furtherinfo/412	2
NCPPB 414	Xanthomonas arboricola pv. juglandis (Pierce 1901) Vauterin et al. 1995	Xanthomonas juglandis	Xanthomonas campestris pv. juglandis (Pierce 1901) Dye 1978	New Zealand	Juglans regia	1957	No	No			https://ncppb.fera.co.uk/furtherinfo/414	2
NCPPB 415	Xanthomonas arboricola pv. juglandis (Pierce 1901) Vauterin et al. 1995	Xanthomonas juglandis	Xanthomonas campestris pv. juglandis (Pierce 1901) Dye 1978	New Zealand	Juglans regia	1957	No	No			https://ncppb.fera.co.uk/furtherinfo/415	2
NCPPB 416	Xanthomonas arboricola pv. pruni (Smith 1903) Vauterin et al. 1995	Xanthomonas pruni	Xanthomonas campestris pv. pruni (Smith 1903) Dye 1978	New Zealand	Prunus sp. cv. Victory	1957	No	Yes	"Our records show that when we received this strain from Dye it was listed as ""from Victory plum fruit"" - as we can find no reference to P. salicina cv. 'Victory' we think this may be from P. domestica cv. 'Victory' (NCPPB 2024)."		https://ncppb.fera.co.uk/furtherinfo/416	2
NCPPB 418	Xanthomonas arboricola pv. pruni (Smith 1903) Vauterin et al. 1995	Xanthomonas pruni	Xanthomonas campestris pv. pruni (Smith 1903) Dye 1978	New Zealand	Prunus salicina	1957	No	No			https://ncppb.fera.co.uk/furtherinfo/418	2
NCPPB 419	Xanthomonas arboricola pv. pruni (Smith 1903) Vauterin et al. 1995	Xanthomonas pruni	Xanthomonas campestris pv. pruni (Smith 1903) Dye 1978	New Zealand	Prunus persica.	1957	No	No			https://ncppb.fera.co.uk/furtherinfo/419	2
NCPPB 420	Xanthomonas arboricola pv. pruni (Smith 1903) Vauterin et al. 1995	Xanthomonas pruni	Xanthomonas campestris pv. pruni (Smith 1903) Dye 1978	New Zealand	Prunus persica	1957	No	No			https://ncppb.fera.co.uk/furtherinfo/420	2
NCPPB 421	Xanthomonas arboricola pv. pruni (Smith 1903) Vauterin et al. 1995	Xanthomonas pruni	Xanthomonas campestris pv. pruni (Smith 1903) Dye 1978	New Zealand	Prunus salicina	1957	No	No			https://ncppb.fera.co.uk/furtherinfo/421	2
NCPPB 422	Xanthomonas vesicatoria (ex Doidge 1920) Vauterin et al. 1995	Xanthomonas vesicatoria (Doidge 1920) Dowson 1939	Xanthomonas campestris pv. vesicatoria (Doidge 1920) Dye 1978	New Zealand	Solanum lycopersicum	1957	Yes	No		Richard D., et al. (2017). Complete genome sequences of six copper-resistant Xanthomonas strains causing bacterial spot of Solaneous Plants, Belonging to X. gardneri, X. euvesicatoria, and X.vesicatoria, using long-read technology. Genome Annoucements 5:e01693-16	https://ncppb.fera.co.uk/furtherinfo/422	2
NCPPB 423	Xanthomonas vesicatoria (ex Doidge 1920) Vauterin et al. 1995	Xanthomonas vesicatoria (Doidge 1920) Dowson 1939	Xanthomonas campestris pv. vesicatoria (Doidge 1920) Dye 1978	New Zealand	Solanum lycopersicum	1957	No	No			https://ncppb.fera.co.uk/furtherinfo/423	2
NCPPB 424	Xanthomonas vesicatoria (ex Doidge 1920) Vauterin et al. 1995	Xanthomonas vesicatoria (Doidge 1920) Dowson 1939	Xanthomonas campestris pv. vesicatoria (Doidge 1920) Dye 1978	New Zealand	Solanum lycopersicum	1957	No	No			https://ncppb.fera.co.uk/furtherinfo/424	2
NCPPB 425	Xanthomonas hortorum pv. carotae (Kendrick 1934) Vauterin et al. 1995	Xanthomonas carotae Kendrick 1934	Xanthomonas campestris pv. carotae (Kendrick 1934) Dye 1978	Canada		1967	No	No			https://ncppb.fera.co.uk/furtherinfo/425	2
NCPPB 449	Pantoea stewartii subsp. stewartii (Smith 1898) Mergaert et al. 1993	Xanthomonas stewartii	Erwinia stewartii (Smith 1898) Dye 1963	USA	Zea mays var. rugosa	1957	No	No	WGS confirms this strain is Pantoea stewartii subsp. stewartii (NCPPB March 2025).		https://ncppb.fera.co.uk/furtherinfo/449	2
NCPPB 457	Xanthomonas axonopodis pv. axonopodis Starr & Garces 1950	Xanthomonas axonopodis Starr & Garces 1950	Xanthomonas axonopodis pv. axonopodis Starr & Garces 1950	Colombia	Axonopus scoparius	1957	Yes	Yes			https://ncppb.fera.co.uk/furtherinfo/457	2
NCPPB 464	Xanthomonas campestris pv. olitorii (Sabet 1957) Dye 1978			Sudan	Corchorus olitorius	1957	No	Yes	Whole genome sequencing (NCPPB July 2025) indicates this organism is close to X. euvesicatoria.		https://ncppb.fera.co.uk/furtherinfo/464	2
NCPPB 465	Xanthomonas campestris pv. olitorii (Sabet 1957) Dye 1978			Sudan	Corchorus olitorius	1957	No	No			https://ncppb.fera.co.uk/furtherinfo/465	2
NCPPB 466	Xanthomonas citri pv. punicae (Hingorani & Singh 1959) Constantin et al. 2016 comb. nov.	Xanthomonas punicae Hingorani & Singh 1959	Xanthomonas campestris pv. punicae (Hingorani & Singh 1959) Dye 1978, Xanthomonas axonopodis pv. punicae (Hingorani & Singh 1959) Vauterin et al. 1995	India	Punica granatum	1957	No	Yes			https://ncppb.fera.co.uk/furtherinfo/466	2
NCPPB 473	Xanthomonas citri pv. punicae (Hingorani & Singh 1959) Constantin et al. 2016 comb. nov.	Xanthomonas punicae Hingorani & Singh 1959	Xanthomonas campestris pv. punicae (Hingorani & Singh 1959) Dye 1978, Xanthomonas axonopodis pv. punicae (Hingorani & Singh 1959) Vauterin et al. 1995	India	Punica granatum	1958	No	No			https://ncppb.fera.co.uk/furtherinfo/473	2
NCPPB 476	Xanthomonas vesicatoria (ex Doidge 1920) Vauterin et al. 1995	Xanthomonas vesicatoria (Doidge 1920) Dowson 1939	Xanthomonas campestris pv. vesicatoria (Doidge 1920) Dye 1978	India	Capsicum frutescens var. tongum (chilli)	1957	No	No			https://ncppb.fera.co.uk/furtherinfo/476	2
NCPPB 477	Xanthomonas citri pv. trichodesmae (Patel et al.1952) Harrison et al. 2023		Xanthomonas campestris pv. trichodesmae (Patel et al.1952) Dye 1978	India	Trichodesma zeylanicum	1957	No	No			https://ncppb.fera.co.uk/furtherinfo/477	2
NCPPB 478	Xanthomonas axonopodis pv. cassiae (Kulkarni et al. 1951) Vauterin et al. 1995	Xanthomonas cassiae	Xanthomonas campestris pv. cassiae (Kulkarni et al. 1951) Dye 1978	India	Cassia tora	1957	No	No			https://ncppb.fera.co.uk/furtherinfo/478	2
NCPPB 479	Xanthomonas axonopodis pv. melhusii (Patel et al. 1952) Vauterin et al. 1995	Xanthomonas melhusii Patel et al. 1952	Xanthomonas campestris pv. melhusii (Patel et al. 1952) Dye 1978	India	Tectona grandis	1958	No	No			https://ncppb.fera.co.uk/furtherinfo/479	2
NCPPB 480	Xanthomonas euvesicatoria pv. alfalfae (ex Riker et al. 1935) Constantin et al. 2016 comb. nov.	Xanthomonas alfalfae	Xanthomonas campestris pv. alfalfae (Riker et al. 1935) Dye 1978, Xanthomonas axonopodis pv. alfalfae (Riker et al. 1935) Vauterin et al. 1995, Xanthomonas alfalfae subsp. alfalfae (ex Riker et al. 1935) Schaad et al. 2007	India	Medicago sativa	1957	No	No			https://ncppb.fera.co.uk/furtherinfo/480	2
NCPPB 481	Xanthomonas axonopodis pv. desmodii (Patel 1949) Vauterin et al. 1995	Xanthomonas desmodii Patel 1949	Xanthomonas campestris pv. desmodii (Patel 1949) Dye 1978	India	Desmodium diffusum	1957	No	Yes			https://ncppb.fera.co.uk/furtherinfo/481	2
NCPPB 485	Xanthomonas axonopodis pv. betlicola (Patel et al. 1951) Vauterin et al. 1995	Xanthomonas betlicola	Xanthomonas campestris pv. betlicola (Patel et al. 1951) Dye 1978	India	Piper betle	1957	No	No			https://ncppb.fera.co.uk/furtherinfo/485	2
NCPPB 488	Xanthomonas axonopodis pv. ricini (Yoshi & Takimoto 1928) Vauterin et al. 1995	X. ricinicola.	Xanthomonas campestris pv. ricini (Yoshi & T akimoto 1928) Dye 1978	India	Ricinus communis	1957	No	No	Yellow strain		https://ncppb.fera.co.uk/furtherinfo/488	2
NCPPB 490	Xanthomonas citri pv. mangiferaeindicae (Patel et al. 1948) Constantin et al. 2016 comb. nov.		Xanthomonas campestris pv. mangiferaeindicae (Patel et al. 1948) Robbs, Ribeiro & Kimura 1974, Xanthomonas axonopodis pv. mangiferaeindicae (Patel et al. 1948) Ah-You et al. 2007	India	Mangifera indica (Mango)	1957	No	Yes	Partial gene (gyrB) sequence indicates this is Xanthomonas citri.		https://ncppb.fera.co.uk/furtherinfo/490	2
NCPPB 509	Xanthomonas vesicatoria (ex Doidge 1920) Vauterin et al. 1995	Xanthomonas vesicatoria (Doidge 1920) Dowson 1939	Xanthomonas campestris pv. vesicatoria (Doidge 1920) Dye 1978	Zimbabwe	Solanum lycopersicum	1957	No	No			https://ncppb.fera.co.uk/furtherinfo/509	2
NCPPB 510	Xanthomonas albilineans (Ashby 1929) Dowson 1943	Xanthomonas albilineans		Mauritius	Saccharum officinarum	1957	No	No			https://ncppb.fera.co.uk/furtherinfo/510	2
NCPPB 526	Xanthomonas albilineans (Ashby 1929) Dowson 1943	Xanthomonas albilineans		St Lucia	Saccharum officinarum	1957	No	No			https://ncppb.fera.co.uk/furtherinfo/526	2
NCPPB 528	Xanthomonas campestris pv. campestris (Pammel 1895) Dowson 1939	Xanthomonas campestris (Pammel 1895) Dowson 1939		UK	Brassica oleracea var. gemmifera	1957	Yes	Yes	Race 3 (Vicente et al. 2001)		https://ncppb.fera.co.uk/furtherinfo/528	2
NCPPB 529	Xanthomonas campestris pv. campestris (Pammel 1895) Dowson 1939	Xanthomonas campestris (Pammel 1895) Dowson 1939		UK	Brassica oleracea var. capitata	1957	No	No	Race 1 (Vicente et al. 2001)		https://ncppb.fera.co.uk/furtherinfo/529	2
NCPPB 535	Xanthomonas axonopodis pv. ricini (Yoshi & Takimoto 1928) Vauterin et al. 1995	Xanthomonas ricini (Yoshi & T akimoto 1928) Dowson 1939	Xanthomonas campestris pv. ricini (Yoshi & T akimoto 1928) Dye 1978	Sudan	Ricinus communis	1957	No	No	White strain		https://ncppb.fera.co.uk/furtherinfo/535	2
NCPPB 536	Xanthomonas axonopodis pv. khayae (Sabet 1959) Vauterin et al. 1995	Xanthomonas khayae Sabet 1959	Xanthomonas campestris pv. khayae (Sabet 1959) Dye 1978	Sudan	Khaya senegalensis (mahogany)	1958	No	Yes			https://ncppb.fera.co.uk/furtherinfo/536	2
NCPPB 554	Xanthomonas citri pv. glycines (Nakano 1919) Constantin et al. 2016 comb. nov.	X. phaseoli var. sojense	Xanthomonas campestris pv. glycines (Nakano 1919) Dye 1978, Xanthomonas axonopodis pv. glycines (Nakano 1919) Vauterin et al. 1995	Sudan	Glycine max	1958	No	Yes			https://ncppb.fera.co.uk/furtherinfo/554	2
NCPPB 555	Xanthomonas citri pv. vignicola (Burkholder 1944) Constantin et al. 2016 comb. nov.	X. vignicola Burkholder 1944	Xanthomonas campestris pv. vignicola (Burkholder 1944) Dye 1978, Xanthomonas axonopodis pv. vignicola (Burkholder 1944) Vauterin et al.1995	Sudan	Vigna unguiculata	1958	No	No			https://ncppb.fera.co.uk/furtherinfo/555	2
NCPPB 556	Xanthomonas axonopodis Starr & Garcés 1950	Xanthomonas phaseoli (Smith 1897) Dowson 1939	Xanthomonas axonopodis pv. phaseoli (Smith 1897) Vauterin et al.1995, Xanthomonas campestris pv. phaseoli (Smith 1897) Dye 1978	Sudan	Dolichos lablab	1958	No	No	Partial gene sequence (gyrB) indicates that this is two bp different to NCPPB 554 X. citri pv. glycines		https://ncppb.fera.co.uk/furtherinfo/556	2
NCPPB 557	Xanthomonas axonopodis (Smith 1897) Vauterin et al.1995	Xanthomonas phaseoli (Smith 1897) Dowson 1939	Xanthomonas axonopodis pv. phaseoli (Smith 1897) Vauterin et al.1995, Xanthomonas campestris pv. phaseoli (Smith 1897) Dye 1978	Sudan	Dolichos lablab	1958	No	No	Partial gene sequence (gyrB) indicates that this is two bp different to NCPPB 554 X. citri pv. glycines		https://ncppb.fera.co.uk/furtherinfo/557	2
NCPPB 570	Xanthomonas campestris pv. amaranthicola (Patel et al. 1952) Dye 1978			India	Amaranthus viridis	1958	No	Yes			https://ncppb.fera.co.uk/furtherinfo/570	2
NCPPB 571	Xanthomonas campestris pv. badrii (Patel et al.1950) Dye 1978			India	Xanthium strumarium	1958	No	Yes			https://ncppb.fera.co.uk/furtherinfo/571	2
NCPPB 573	Xanthomonas axonopodis pv. cajani (Kulkarni et al. 1950) Vauterin et al. 1995	Xanthomonas cajani	Xanthomonas campestris pv. cajani (Kulkarni et al. 1950) Dye 1978	India	Cajanus cajan	1958	No	Yes			https://ncppb.fera.co.uk/furtherinfo/573	2
NCPPB 575	Xanthomonas euvesicatoria pv. clerodendri (Patel et al. 1952) Harrison et al. 2023		Xanthomonas campestris pv. clerodendri (Patel et al. 1952) Dye 1978	India	Clerodendron sp	1958	No	Yes			https://ncppb.fera.co.uk/furtherinfo/575	2
NCPPB 577	Xanthomonas axonopodis pv. desmodiigangetici (Patel & Moniz 1948) Vauterin et al. 1995	Xanthomonas desmodiigangetici Patel & Moniz 1948	Xanthomonas camp. pv. desmodiigangetici ( Patel & Moniz 1948) Dye 1978	India	Desmodium gangeticum	1958	No	Yes	Whole genome sequencing (NCPPB July 2025) indicates this organism is likely to be a pathovar of X. euvesicatoria.		https://ncppb.fera.co.uk/furtherinfo/577	2
NCPPB 578	Xanthomonas euvesicatoria pv. erythrinae (Patel et al. 1952) Constantin et al. 2016 comb. nov.	Xanthomonas erythrinae	Xanthomonas campestris pv. erythrinae (Patel et al. 1952) Dye 1978, Xanthomonas axonopodis pv. erythrinae (Patel et al. 1952) Vauterin et al. 1995	India	Erythrina indica	1958	No	Yes			https://ncppb.fera.co.uk/furtherinfo/578	2
NCPPB 579	Xanthomonas euvesicatoria pv. lawsoniae (Patel et al. 1951) Harrison et al. 2023		Xanthomonas campestris pv. lawsoniae (Patel et al. 1951) Dye 1978	India	Lawsonia inermis	1958	No	Yes			https://ncppb.fera.co.uk/furtherinfo/579	2
NCPPB 581	Xanthomonas axonopodis pv. poinsettiicola (Patel et al. 1951) Vauterin et al. 1995	Xanthomonas poinsettiicola Patel et al. 1951	Xanthomonas campestris pv. poinsettiicola (Patel et al. 1951) Dye 1978	India	Euphorbia pulcherrima	1958	No	Yes	Whole genome sequencing (NCPPB July 2025) indicates this organism is likely to be a pathovar of X. euvesicatoria.		https://ncppb.fera.co.uk/furtherinfo/581	2
NCPPB 582	Xanthomonas citri pv. sesbaniae (Patel et al. 1952) Constantin et al. 2016 comb. nov.	Xanthomonas sesbaniae Patel et al. 1952	Xanthomonas campestris pv. sesbaniae (Patel et al. 1952) Dye 1978, Xanthomonas axonopodis pv. sesbaniae (Patel et al. 1952) Vauterin et al. 1995	Unknown	Sesbania aegyptiaca (Egyptian riverhemp)	1958	No	Yes		Bansal, Kanika; Kumar, Sanjeet; Patil, Prabhu B. (2022)Phylo-Taxonogenomics Supports Revision of Taxonomic Status of 20 Xanthomonas Pathovars to Xanthomonas citri.Phytopathology®112(6)1201-1207. DOI: 10.1094/PHYTO-08-21-0342-SC	https://ncppb.fera.co.uk/furtherinfo/582	2
NCPPB 583	Chryseobacterium sp. Vandamme et al. 1994	Xanthomonas stizolobiicola (illegit.)		India	Stizolobium deeringianum	1958	No	No		Dye, D.W. 1966. N.Z. Jl. Sci. 9: 843	https://ncppb.fera.co.uk/furtherinfo/583	2
NCPPB 584	Xanthomonas axonopodis pv. tamarindi (Patel et al. 1951) Vauterin et al. 1995	Xanthomonas tamarindi Patel et al. 1951	Xanthomonas campestris pv. tamarindi (Patel et al. 1951) Dye 1978	India	Tamarindus indica	1958	No	Yes	Whole genome sequencing (NCPPB July 2025) indicates this organism is likely to be a pathovar of X. euvesicatoria.		https://ncppb.fera.co.uk/furtherinfo/584	3
NCPPB 585	Xanthomonas citri pv. trichodesmae (Patel et al.1952) Harrison et al. 2023		Xanthomonas campestris pv. trichodesmae (Patel et al.1952) Dye 1978	India	Trichodesma zeylanicum	1958	No	Yes			https://ncppb.fera.co.uk/furtherinfo/585	3
NCPPB 586	Xanthomonas euvesicatoria pv. uppalii (Patel 1948) Harrison et al. 2023		Xanthomonas campestris pv. uppalii (Patel 1948) Dye 1978	India	Ipomoea muricata	1958	No	Yes			https://ncppb.fera.co.uk/furtherinfo/586	3
NCPPB 599	Xanthomonas hyacinthi (Wakker 1883) Vauterin et al. 1995	Xanthomonas hyacinthi	Xanthomonas campestris pv. hyacinthi (Wakker 1883) Dye 1978	Netherlands	Hyacinthus orientalis	1958	Yes	No			https://ncppb.fera.co.uk/furtherinfo/599	3
NCPPB 614	Xanthomonas citri pv. malvacearum (Smith 1901) Schaad et al. 2007	Xanthomonas malvacearum (Smith 1901) Dowson 1939	Xanthomonas campestris pv. malvacearum (Smith 1901) Dye 1978, Xanthomonas axonopodis pv. malvacearum (Smith 1901) Vauterin et al. 1995, Xanthomonas citri subsp. malvacearum (Smith 1901) Schaad et al. 2007			1958	No	No	Race 1. The group classification of Hayward (1964b) and the race classification of Hunter et al. (1968) is used.	Hayward, A.C. 1964. J. Gen. Microbiol. 35: 287; Hunter, R.E., Brinkerhoff, L.A., Bird, L.S. 1968. P	https://ncppb.fera.co.uk/furtherinfo/614	3
NCPPB 631	Xanthomonas euvesicatoria pv. sesami (Sabet & Dowson 1960) Constantin et al. 2016 comb. nov.		Xanthomonas campestris pv. sesami (Sabet & Dowson 1960) Dye 1978	Sudan	Sesamum indicum	1959	No	Yes			https://ncppb.fera.co.uk/furtherinfo/631	3
NCPPB 633	Xanthomonas citri pv. malvacearum (Smith 1901) Constantin et al. 2016 comb. nov.	Xanthomonas malvacearum (Smith 1901) Dowson 1939	Xanthomonas campestris pv. malvacearum (Smith 1901) Dye 1978, Xanthomonas axonopodis pv. malvacearum (Smith 1901) Vauterin et al. 1995, Xanthomonas citri subsp. malvacearum (Smith 1901) Schaad et al. 2007	Sudan	Gossypium sp	1959	No	Yes	The group classification of Hayward (1964b) and the race classification of Hunter et al. (1968) is used.	Hayward, A.C. 1964. J. Gen. Microbiol. 35: 287; Hunter, R.E., Brinkerhoff, L.A., Bird, L.S. 1968. P	https://ncppb.fera.co.uk/furtherinfo/633	3
NCPPB 634	Xanthomonas citri pv. malvacearum (Smith 1901) Constantin et al. 2016 comb. nov.	Xanthomonas malvacearum (Smith 1901) Dowson 1939	Xanthomonas campestris pv. malvacearum (Smith 1901) Dye 1978, Xanthomonas axonopodis pv. malvacearum (Smith 1901) Vauterin et al. 1995, Xanthomonas citri subsp. malvacearum (Smith 1901) Schaad et al. 2007	Sudan	Gossypium sp.	1959	No	No	The group classification of Hayward (1964b) and the race classification of Hunter et al. (1968) is used.	Hayward, A.C. 1964. J. Gen. Microbiol. 35: 287; Hunter, R.E., Brinkerhoff, L.A., Bird, L.S. 1968. P	https://ncppb.fera.co.uk/furtherinfo/634	3
NCPPB 637	Xanthomonas axonopodis pv. cyamopsidis (Patel et al.1953) Vauterin et al. 1995	X. cyamophagus	Xanthomonas campestris pv. cyamopsidis (Patel et al.1953) Dye 1978	India	Cyamopsis tetragonolobus	1959	No	Yes			https://ncppb.fera.co.uk/furtherinfo/637	3
NCPPB 638	Xanthomonas citri pv. vignicola (Burkholder 1944) Constantin et al. 2016 comb. nov.	X. vignicola. Burkholder 1944	Xanthomonas campestris pv. vignicola (Burkholder 1944) Dye 1978, Xanthomonas axonopodis pv. vignicola (Burkholder 1944) Vauterin et al.1995	Zimbabwe	Vigna sinensis	1959	No	No			https://ncppb.fera.co.uk/furtherinfo/638	3
NCPPB 642	Xanthomonas hortorum pv. hederae (Arnaud 1920) Vauterin et al. 1995	Xanthomonas hederae	Xanthomonas campestris pv. hederae (Arnaud 1920) Dye 1978	Denmark	Hedera helix.	1959	No	No			https://ncppb.fera.co.uk/furtherinfo/642	3
NCPPB 645	Xanthomonas axonopodis pv. cassiae (Kulkarni et al. 1951) Vauterin et al. 1995	Xanthomonas cassiae	Xanthomonas campestris pv. cassiae (Kulkarni et al. 1951) Dye 1978	Sudan	Cassia acutifolia	1959	No	No			https://ncppb.fera.co.uk/furtherinfo/645	3
NCPPB 646	Xanthomonas axonopodis pv. khayae (Sabet 1959) Vauterin et al. 1995	Xanthomonas khayae Sabet 1959	Xanthomonas campestris pv. khayae (Sabet 1959) Dye 1978	Sudan	Khaya senegalensis (mahogany)	1959	No	No			https://ncppb.fera.co.uk/furtherinfo/646	3
NCPPB 647	Xanthomonas euvesicatoria pv. sesami (Sabet & Dowson 1960) Constantin et al. 2016 comb. nov.		Xanthomonas campestris pv. sesami (Sabet & Dowson 1960) Dye 1978	Sudan	Sesamum indicum	1959	No	No			https://ncppb.fera.co.uk/furtherinfo/647	3
NCPPB 648	Xanthomonas euvesicatoria pv. alfalfae (ex Riker et al. 1935) Constantin et al. 2016 comb. nov.	Xanthomonas alfalfae	Xanthomonas campestris pv. alfalfae (Riker et al. 1935) Dye 1978, Xanthomonas axonopodis pv. alfalfae (Riker et al. 1935) Vauterin et al. 1995, Xanthomonas alfalfae subsp. alfalfae (ex Riker et al. 1935) Schaad et al. 2007	Sudan	Medicago sativa	1959	No	No			https://ncppb.fera.co.uk/furtherinfo/648	3
NCPPB 670	Xanthomonas citri pv. fuscans (Schaad et al. 2007) Constantin et al. 2016 comb. nov.	Xanthomonas phaseoli (Smith 1897) Dowson 1939	Xanthomonas axonopodis pv. phaseoli (Smith 1897) Vauterin et al.1995, Xanthomonas campestris pv. phaseoli (Smith 1897) Dye 1978, Xanthomonas fuscans subsp. fuscans Schaad et al. 2007	Uganda	Phaseolus vulgaris	1959	No	No	Produces brown pigment, gyrB 100% match to NCPPB 381		https://ncppb.fera.co.uk/furtherinfo/670	3
NCPPB 701	Xanthomonas vesicatoria (ex Doidge 1920) Vauterin et al. 1995	Xanthomonas vesicatoria (Doidge 1920) Dowson 1939	Xanthomonas campestris pv. vesicatoria (Doidge 1920) Dye 1978	Zimbabwe	Solanum lycopersicum	1959	No	No			https://ncppb.fera.co.uk/furtherinfo/701	3
NCPPB 702	Xanthomonas vasicola pv. vasculorum (Cobb 1894) Lang et al. 2017	Xanthomonas vasculorum (Cobb 1893) Dowson 1939	Xanthomonas campestris pv. vasculorum (Cobb 1894) Dye 1978, Xanthomonas axonopodis pv. vasculorum (Cobb 1894) Vauterin et al. 1995, Xanthomonas vasicola pv. vasculorum (Cobb 1894) Vauterin et al. 1995 (Invalid name)	Zimbabwe	Saccharum officinarum	1959	No	No	Fatty acid Type C (Dookun, Stead & Autrey 2000)		https://ncppb.fera.co.uk/furtherinfo/702	3
NCPPB 761	Xanthomonas euvesicatoria pv. physalidicola (Goto & Okabe 1958) Constantin et al. 2016 comb. nov.	Xanthomonas physalidicola Goto & Okabe 1958	Xanthomonas campestris pv. physalidicola (Goto & Okabe 1958) Dye 1978, Xanthomonas axonopodis pv. physalidicola (Goto & Okabe 1958) Vauterin et al. 1995	Unknown	Physalis alkekengii L. (Bladder cherry / Chinese L	1960	No	Yes			https://ncppb.fera.co.uk/furtherinfo/761	3
NCPPB 762	Xanthomonas pisi (ex Goto & Okabe 1958) Vauterin et al. 1995	Xanthomonas pisi Goto & Okabe 1958	Xanthomonas campestris pv. pisi (Goto & Okabe 1958) Dye 1978	Japan (Shizuoka)	Pisum sativum L. (pea)	1960	Yes	No	Causes leaf spots	Shenavar, Omid; Rahimian, Heshmatolah; Barzegar, Ali (2023)Characterization of Xanthomonas hortorum isolates causing leaf spot on Primula vulgaris.Plant Pathology. DOI: 10.1111/ppa.13782	https://ncppb.fera.co.uk/furtherinfo/762	3
NCPPB 793	Xanthomonas oryzae pv. oryzae (Ishiyama 1922) Swings et al. 1990	Xanthomonas oryzae	Xanthomonas campestris pv. oryzae (Ishiyama 1922) Dye 1978	India	Oryza sativa	1960	No	No			https://ncppb.fera.co.uk/furtherinfo/793	3
NCPPB 795	Xanthomonas vasicola pv. vasculorum (Cobb 1894) Lang et al. 2017	Xanthomonas vasculorum (Cobb 1893) Dowson 1939	Xanthomonas campestris pv. vasculorum (Cobb 1894) Dye 1978, Xanthomonas axonopodis pv. vasculorum (Cobb 1894) Vauterin et al. 1995, Xanthomonas vasicola pv. vasculorum (Cobb 1894) Vauterin et al. 1995 (Invalid name)	Malagasy Republic	Saccharum officinarum	1960	No	No	Fatty acid Type C (Dookun, Stead & Autrey 2000)		https://ncppb.fera.co.uk/furtherinfo/795	3
NCPPB 840	Xanthomonas axonopodis pv. patelii (Desai & Shah 1959) Vauterin et al. 1995	Xanthomonas patelii Desai & Shah 1959	Xanthomonas campestris pv. patelii (Desai & Shah 1959) Dye 1978	India	Crotalaria juncea	1960	No	Yes			https://ncppb.fera.co.uk/furtherinfo/840	3
NCPPB 875	Xanthomonas campestris pv. aberrans (Knosel 1961) Dye 1978	Xanthomonas campestris var. aberrans Knosel 1961		W. Germany	Brassica oleracea var. botrytis	1961	No	No			https://ncppb.fera.co.uk/furtherinfo/875	3
NCPPB 881	Xanthomonas hortorum pv. gardneri Morinière et al. (2020)	Pseudomonas gardneri Sutic 1957	Xanthomonas campestris pv. vesicatoria (Doidge 1920) Dye 1978, Xanthomonas gardneri (ex uti? 1957) Jones et al. 2006	Yugoslavia (Serbia)	Solanum lycopersicum	1961	No	Yes			https://ncppb.fera.co.uk/furtherinfo/881	3
NCPPB 884	Xanthomonas axonopodis pv. patelii (Desai & Shah 1959) Vauterin et al. 1995	Xanthomonas patelii Desai & Shah 1959	Xanthomonas campestris pv. patelii (Desai & Shah 1959) Dye 1978	India	Crotalaria juncea	1961	No	No			https://ncppb.fera.co.uk/furtherinfo/884	3
NCPPB 885	Xanthomonas axonopodis pv. desmodiirotundifolii (Desai & Shah 1960) Vauterin et al. 1995	Xanthomonas desmodiirotundifolii Desai & Shah 1960	Xanthomonas camp. pv. desmodiirotundifolii (Desai & Shah 1960) Dye 1978	India	Desmodium rotundifolium	1961	No	Yes			https://ncppb.fera.co.uk/furtherinfo/885	3
NCPPB 887	Xanthomonas albilineans (Ashby 1929) Dowson 1943	Xanthomonas albilineans		Mauritius	Saccharum officinarum	1961	No	No			https://ncppb.fera.co.uk/furtherinfo/887	3
NCPPB 888	Xanthomonas sp. Dowson 1939		Xanthomonas campestris	South Africa	Saccharum officinarum	1961	No	No	Causes 'red stripe' symptoms. Pathovar unspecified.Fatty acid profile typical of xanthomonas.= X.c.vasculorum E	Hayward, A.C. 1962. Occ. pap. Maurit. Sug. Res. Inst. No 13 (1962)	https://ncppb.fera.co.uk/furtherinfo/888	3
NCPPB 889	Xanthomonas vasicola pv. vasculorum (Cobb 1894) Lang et al. 2017	Xanthomonas vasculorum (Cobb 1893) Dowson 1939	Xanthomonas campestris pv. vasculorum (Cobb 1894) Dye 1978, Xanthomonas axonopodis pv. vasculorum (Cobb 1894) Vauterin et al. 1995, Xanthomonas vasicola pv. vasculorum (Cobb 1894) Vauterin et al. 1995 (Invalid name)	South Africa	Saccharum officinarum	1961	No	No	Fatty acid Type C (Dookun, Stead & Autrey 2000)		https://ncppb.fera.co.uk/furtherinfo/889	3
NCPPB 891	Xanthomonas axonopodis pv. vasculorum (Cobb 1893) Vauterin et al. 1995	Xanthomonas vasculorum (Cobb 1893) Dowson 1939	Xanthomonas campestris pv. vasculorum (Cobb 1893) Dye 1978	Mauritius	Thysanolaena maxima	1961	No	No	Fatty acid Type A(Dookun, Stead & Autrey 2000)new pv.?		https://ncppb.fera.co.uk/furtherinfo/891	3
NCPPB 892	Xanthomonas axonopodis pv. vasculorum (Cobb 1893) Vauterin et al. 1995	Xanthomonas vasculorum (Cobb 1893) Dowson 1939	Xanthomonas campestris pv. vasculorum (Cobb 1893) Dye 1978	Mauritius	Thysanolaena maxima	1961	No	No	Fatty acid Type A(Dookun, Stead & Autrey 2000)new pv.?		https://ncppb.fera.co.uk/furtherinfo/892	3
NCPPB 893	Xanthomonas axonopodis pv. vasculorum (Cobb 1893) Vauterin et al. 1995	Xanthomonas vasculorum (Cobb 1893) Dowson 1939	Xanthomonas campestris pv. vasculorum (Cobb 1893) Dye 1978	Mauritius	Thysanoleana maxima.	1961	No	No	Fatty acid Type A(Dookun, Stead & Autrey 2000)new pv.?		https://ncppb.fera.co.uk/furtherinfo/893	3
NCPPB 895	Xanthomonas vasicola pv. vasculorum (Cobb 1894) Lang et al. 2017	Xanthomonas vasculorum (Cobb 1893) Dowson 1939	Xanthomonas campestris pv. vasculorum (Cobb 1894) Dye 1978, Xanthomonas axonopodis pv. vasculorum (Cobb 1894) Vauterin et al. 1995, Xanthomonas vasicola pv. vasculorum (Cobb 1894) Vauterin et al. 1995 (Invalid name)	Malagasy Republic	Saccharum officinarum	1961	No	No	Fatty acid Type C (Dookun, Stead & Autrey 2000)		https://ncppb.fera.co.uk/furtherinfo/895	3
NCPPB 896	Xanthomonas albilineans (Ashby 1929) Dowson 1943	Xanthomonas albilineans		Malagasy Republic	Saccharum officinarum	1961	No	No			https://ncppb.fera.co.uk/furtherinfo/896	3
NCPPB 897	Xanthomonas albilineans (Ashby 1929) Dowson 1943	Xanthomonas albilineans		Malagasy Republic	Saccharum officinarum	1961	No	No			https://ncppb.fera.co.uk/furtherinfo/897	3
NCPPB 899	Xanthomonas axonopodis pv. vasculorum (Cobb 1893) Vauterin et al. 1995	Xanthomonas vasculorum (Cobb 1893) Dowson 1939	Xanthomonas campestris pv. vasculorum (Cobb 1893) Dye 1978	Reunion	Saccharum officinarum	1961	No	No	Fatty acid Type D(Dookun, Stead & Autrey 2000)		https://ncppb.fera.co.uk/furtherinfo/899	3
NCPPB 900	Xanthomonas axonopodis pv. vasculorum (Cobb 1893) Vauterin et al. 1995	Xanthomonas vasculorum (Cobb 1893) Dowson 1939	Xanthomonas campestris pv. vasculorum (Cobb 1893) Dye 1978	Reunion	Saccharum officinarum	1961	No	No	Fatty acid Type D(Dookun, Stead & Autrey 2000)		https://ncppb.fera.co.uk/furtherinfo/900	3
NCPPB 901	Xanthomonas sp. Dowson 1939	Xanthomonas malvacearum (Smith 1901) Dowson 1939	Xanthomonas campestris pv. malvacearum (Smith 1901) Dye 1978	India	Gossypium sp	1961	No	No	The group classification of Hayward (1964b) and the race classification of Hunter et al. (1968) is used. The Fatty Acid Profile is typical of a Xanthomonas sp. (not X. a. malvacearum, NCPPB)	Hayward, A.C. 1964. J. Gen. Microbiol. 35: 287; Hunter, R.E., Brinkerhoff, L.A., Bird, L.S. 1968. P	https://ncppb.fera.co.uk/furtherinfo/901	3
NCPPB 902	Xanthomonas vasicola Vauterin et al. 1995		Xanthomonas campestris	Sri Lanka	Tripsacum laxum. See Mulder (1961).	1961	No	No	Studholme et al. 2020 place this organism in X. vasicola, pathovar unspecified. Fatty acid profile typical of Xanthomonas, close to X. vasicola NCPPB 1394, NCPPB 1395, NCPPB 1396	https://doi.org/10.1094/PHYTO-03-19-0098-LE	https://ncppb.fera.co.uk/furtherinfo/902	3
NCPPB 916	Xanthomonas sp. Dowson 1939		Xanthomonas campestris	Trinidad	Saccharum officinarum	1961	No	No	Causes ''red stripe'' symptoms. Pathovar unspecified..Fatty acid profile typical of xanthomonas..= X.c.vasculorum E	Hayward, A.C. 1962. Occ. pap. Maurit. Sug. Res. Inst. No 13 (1962)	https://ncppb.fera.co.uk/furtherinfo/916	3
NCPPB 917	Xanthomonas sp. Dowson 1939		Xanthomonas campestris	Trinidad	Saccharum officinarum	1961	No	No	Causes 'red stripe' symptoms. Pathovar unspecified..Fatty acid profile typical of xanthomonas. But not.= X.c.vasculorum E	Hayward, A.C. 1962. Occ. pap. Maurit. Sug. Res. Inst. No 13 (1962)	https://ncppb.fera.co.uk/furtherinfo/917	3
NCPPB 918	Xanthomonas albilineans (Ashby 1929) Dowson 1943	Xanthomonas albilineans		Malagasy Republic	Saccharum officinarum	1961	No	No			https://ncppb.fera.co.uk/furtherinfo/918	3
NCPPB 922	Xanthomonas albilineans (Ashby 1929) Dowson 1943	Xanthomonas albilineans		Malagasy Republic	Saccharum officinarum	1961	No	No			https://ncppb.fera.co.uk/furtherinfo/922	3
NCPPB 923	Xanthomonas arboricola pv. pruni (Smith 1903) Vauterin et al. 1995	Xanthomonas pruni	Xanthomonas campestris pv. pruni (Smith 1903) Dye 1978	South Africa	Prunus domestica	1961	No	No			https://ncppb.fera.co.uk/furtherinfo/923	3
NCPPB 924	Xanthomonas arboricola pv. pruni (Smith 1903) Vauterin et al. 1995	Xanthomonas pruni	Xanthomonas campestris pv. pruni (Smith 1903) Dye 1978	South Africa	Prunus domestica	1961	No	No			https://ncppb.fera.co.uk/furtherinfo/924	3
NCPPB 926	Xanthomonas arboricola pv. pruni (Smith 1903) Vauterin et al. 1995	Xanthomonas pruni	Xanthomonas campestris pv. pruni (Smith 1903) Dye 1978	South Africa	Prunus domestica	1961	No	No			https://ncppb.fera.co.uk/furtherinfo/926	3
NCPPB 935	Xanthomonas arboricola pv. corylina (Miller et al. 1940) Vauterin et al. 1995	Xanthomonas corylina	Xanthomonas campestris pv. corylina (Miller et al. 1940) Dye 1978	USA	Corylus maxima	1961	No	Yes			https://ncppb.fera.co.uk/furtherinfo/935	3
NCPPB 936	Xanthomonas vesicatoria (ex Doidge 1920) Vauterin et al. 1995	Xanthomonas vesicatoria (Doidge 1920) Dowson 1939	Xanthomonas campestris pv. vesicatoria (Doidge 1920) Dye 1978	USA	Capsicum frutescens	1961	No	No			https://ncppb.fera.co.uk/furtherinfo/936	3
NCPPB 937	Xanthomonas campestris pv. incanae (Kendrick & Baker 1942) Dye 1978	Xanthomonas incanae (Kendrick & Baker 1942) Starr & Weiss 1943		USA	Matthiola sp	1961	No	Yes			https://ncppb.fera.co.uk/furtherinfo/937	3
NCPPB 938	Xanthomonas axonopodis pv. lespedezae (Ayers et al. 1939) Vauterin et al. 1995	Xanthomonas lespedezae Ayers et al. 1939	Xanthomonas campestris pv. lespedezae (Ayers et al. 1939) Dye 1978	USA	Lespedeza sp.	1961	No	No			https://ncppb.fera.co.uk/furtherinfo/938	4
NCPPB 939	Xanthomonas hortorum pv. hederae (Arnaud 1920) Vauterin et al. 1995	Xanthomonas hederae	Xanthomonas campestris pv. hederae (Arnaud 1920) Dye 1978	USA	Hedera helix	1961	Yes	Yes			https://ncppb.fera.co.uk/furtherinfo/939	4
NCPPB 940	Xanthomonas hortorum pv. taraxaci (Niederhauser 1943)Vauterin et al.1995	Xanthomonas taraxaci	Xanthomonas campestris pv. taraxaci (Niederhauser 1943) Dye 1978	USA	Taraxacum kok-saghyz	1961	No	Yes			https://ncppb.fera.co.uk/furtherinfo/940	4
NCPPB 941	Xanthomonas euvesicatoria pv. euvesicatoria (Jones et al. 2006) Constantin et al. 2016 comb. nov.	Xanthomonas vesicatoria (Doidge 1920) Dowson 1939	Xanthomonas campestris pv. vesicatoria (Doidge 1920) Dye 1978, Xanthomonas axonopodis pv. vesicatoria Vauterin et al. 1995 (Invalid name), Xanthomonas euvesicatoria Jones et al. 2006	USA	Capsicum frutescens	1961	No	No			https://ncppb.fera.co.uk/furtherinfo/941	4
NCPPB 942	Xanthomonas campestris pv. barbareae (Burkholder 1941) Dye 1978	Xanthomonas barbareae Burkholder 1941		USA	Barbarea vulgaris	1961	No	No	Non-mucoid (NCPPB).		https://ncppb.fera.co.uk/furtherinfo/942	4
NCPPB 969	Xanthomonas hortorum pv. vitians Morinière et al. 2020	X. lactucae.	Xanthomonas axonopodis pv. vitians (Brown 1918) Vauterin et al. 1995; Xanthomonas campestris pv. vitians (Brown 1918) Dye 1978	USA	Lactuca sativa	1961	No	No			https://ncppb.fera.co.uk/furtherinfo/969	4
NCPPB 970	Xanthomonas hortorum pv. vitians Morinière et al. 2020	X. lactucaescariolae	Xanthomonas axonopodis pv. vitians (Brown 1918) Vauterin et al. 1995; Xanthomonas campestris pv. vitians (Brown 1918) Dye 1978	USA	Lactuca sp. (wild lettuce).	1966	No	No			https://ncppb.fera.co.uk/furtherinfo/970	4
NCPPB 971	Xanthomonas axonopodis pv. maculifoliigardeniae (Ark & Barrett 1946) Vauterin et al. 1995	Xanthomonas maculifoliigardeniae Ark & Barrett 1946	Xanthomonas camp. pv. maculifoliigardeniae (Ark & Barrett 1946) Dye 1978	USA	Gardenia sp	1966	No	Yes	Whole genome sequencing (NCPPB July 2025) indicates this organism is likely to be a pathovar of X. euvesicatoria.		https://ncppb.fera.co.uk/furtherinfo/971	4
NCPPB 972	Xanthomonas axonopodis pv. maculifoliigardeniae (Ark & Barrett 1946) Vauterin et al. 1995	Xanthomonas maculifoliigardeniae Ark & Barrett 1946	Xanthomonas camp. pv. maculifoliigardeniae (Ark & Barrett 1946) Dye 1978	USA	Gardenia sp.	1961	No	No			https://ncppb.fera.co.uk/furtherinfo/972	4
NCPPB 973	Xanthomonas translucens pv. translucens (Jones et al. 1917) Vauterin et al. 1995	Xanthomonas translucens Jones et al. 1917	Xanthomonas campestris pv. translucens (Jones et al. 1917) Dye 1978	USA	Hordeum vulgare	1961	Yes	Yes			https://ncppb.fera.co.uk/furtherinfo/973	4
NCPPB 974	Xanthomonas translucens pv. translucens (Jones et al. 1917) Vauterin et al. 1995	Xanthomonas translucens Jones et al. 1917	Xanthomonas campestris pv. translucens (Jones et al. 1917) Dye 1978	Canada	Secale cereale.	1961	No	No			https://ncppb.fera.co.uk/furtherinfo/974	4
NCPPB 975	Xanthomonas vesicatoria (ex Doidge 1920) Vauterin et al. 1995	Xanthomonas vesicatoria (Doidge 1920) Dowson 1939	Xanthomonas campestris pv. vesicatoria (Doidge 1920) Dye 1978	USA	Capsicum frutescens	1961	No	No			https://ncppb.fera.co.uk/furtherinfo/975	4
NCPPB 976	Xanthomonas citri (ex Hasse 1915) Gabriel et al. 1989	Xanthomonas vitians (Brown 1918) Dowson 1943	Xanthomonas campestris pv. vitians (Brown 1918) Dye 1978	USA	Lactuca sp. (Lettuce)	1961	No	No	X. campestris pv. vitians is represented by two phenetically and genomically distinct bacterial populations (Vauterin et al. 1995). The pathotype (NCPPB 976) was transferred to Xanthomonas axonopodis pv. vitians, but the fact that this single strain differs uniquely from the other strains from lettu	Morinière, Lucas; Burlet, Alexandre; Rosenthal, Emma R.; Nesme, Xavier; Portier, Perrine; Bull, Carolee T.; Lavire, Céline; Fischer-Le Saux, Marion; Bertolla, Franck (2020)Clarifying the taxonomy of the causal agent of bacterial leaf spot of lettuce through a polyphasic approach reveals that Xanthomonas cynarae Trébaol et al. 2000 emend. Timilsina et al. 2019 is a later heterotypic synonym of Xanthomonas hortorum Vauterin et al. 1995.Systematic and Applied Microbiology43(4)126087-. DOI: 10.1016/j.syapm.2020.126087	https://ncppb.fera.co.uk/furtherinfo/976	4
NCPPB 983	Xanthomonas campestris pv. barbareae (Burkholder 1941) Dye 1978	Xanthomonas barbareae Burkholder 1941		USA	Barbarea vulgaris	1961	No	Yes			https://ncppb.fera.co.uk/furtherinfo/983	4
NCPPB 984	Xanthomonas arboricola pv. corylina (Miller et al. 1940) Vauterin et al. 1995	Xanthomonas corylina	Xanthomonas campestris pv. corylina (Miller et al. 1940) Dye 1978	USA	Corylus maxima.	1961	No	No			https://ncppb.fera.co.uk/furtherinfo/984	4
NCPPB 985	Xanthomonas phaseoli pv. dieffenbachiae (McCulloch & Pirone 1939) Constantin et al. 2016 comb. nov.	Xanthomonas dieffenbachiae McCulloch & Pirone 1939	Xanthomonas campestris pv. dieffenbachiae (McCulloch & Pirone 1939) Dye 1978, Xanthomonas axonopodis pv. dieffenbachiae (McCulloch & Pirone 1939) Vauterin et al. 1995	USA	Dieffenbachia sp.	1961	No	No			https://ncppb.fera.co.uk/furtherinfo/985	4
NCPPB 986	Xanthomonas phaseoli pv. dieffenbachiae (McCulloch & Pirone 1939) Constantin et al. 2016 comb. nov.	Xanthomonas dieffenbachiae McCulloch & Pirone 1939	Xanthomonas campestris pv. dieffenbachiae (McCulloch & Pirone 1939) Dye 1978, Xanthomonas axonopodis pv. dieffenbachiae (McCulloch & Pirone 1939) Vauterin et al. 1995	USA	Dieffenbachia sp.	1961	No	No			https://ncppb.fera.co.uk/furtherinfo/986	4
NCPPB 987	Xanthomonas hortorum pv. hederae (Arnaud 1920) Vauterin et al. 1995	Xanthomonas hederae	Xanthomonas campestris pv. hederae (Arnaud 1920) Dye 1978	USA	Hedera helix	1961	No	No			https://ncppb.fera.co.uk/furtherinfo/987	4
NCPPB 989	Xanthomonas vasicola pv. holcicola (Elliott 1930) Vauterin et al. 1995	Xanthomonas holcicola Elliott 1930	Xanthomonas campestris pv. holcicola (Elliott 1930) Dye 1978	USA	Holcus sp.	1961	No	No			https://ncppb.fera.co.uk/furtherinfo/989	4
NCPPB 990	Xanthomonas campestris pv. incanae (Kendrick & Baker 1942) Dye 1978	Xanthomonas incanae (Kendrick & Baker 1942) Starr & Weiss 1943		USA	Matthiola sp	1961	No	No			https://ncppb.fera.co.uk/furtherinfo/990	4
NCPPB 993	Xanthomonas axonopodis pv. lespedezae (Ayers et al. 1939) Vauterin et al. 1995	Xanthomonas lespedezae Ayers et al. 1939	Xanthomonas campestris pv. lespedezae (Ayers et al. 1939) Dye 1978	USA	Lespedeza sp. (Korean lespediza)	1961	No	Yes			https://ncppb.fera.co.uk/furtherinfo/993	4
NCPPB 994	Xanthomonas axonopodis pv. melhusii (Patel et al. 1952) Vauterin et al. 1995	Xanthomonas melhusii Patel et al. 1952	Xanthomonas campestris pv. melhusii (Patel et al. 1952) Dye 1978	India	Tectona grandis	1961	No	Yes			https://ncppb.fera.co.uk/furtherinfo/994	4
NCPPB 1009	Xanthomonas campestris pv. zinniae (Hopkins & Dowson 1949) Dye 1978			Zimbabwe	Zinnia sp.	1961	No	No	Probably = NCPPB 189.		https://ncppb.fera.co.uk/furtherinfo/1009	4
NCPPB 1014	Xanthomonas campestris pv. vitiswoodrowii (Patel & Kulkarni 1951) Dye 1978			India	Vitis woodrowii	1961	No	Yes			https://ncppb.fera.co.uk/furtherinfo/1014	4
NCPPB 1025	Xanthomonas campestris pv. campestris (Pammel 1895) Dowson 1939	Xanthomonas campestris (Pammel 1895) Dowson 1939		Malawi	Brassica oleracea var. botrytis	1961	No	No			https://ncppb.fera.co.uk/furtherinfo/1025	4
NCPPB 1043	Xanthomonas campestris pv. campestris (Pammel 1895) Dowson 1939	Xanthomonas campestris (Pammel 1895) Dowson 1939		Papua New Guinea	Brassica oleracea	1961	No	No	Race 1(Vicente et al. 2001)		https://ncppb.fera.co.uk/furtherinfo/1043	4
NCPPB 1046	Xanthomonas sp. Dowson 1939		Xanthomonas campestris	India	Saccharum officinarum	1961	No	No	Causes a disease similar to 'red stripe'. Pathovar unspecified. Fatty acid profile typical of Xanthomonas = X.c.vasculorum E	Hayward, A.C. 1962. Occ. pap. Maurit. Sug. Res. Inst. No 13 (1962)	https://ncppb.fera.co.uk/furtherinfo/1046	4
NCPPB 1048	Xanthomonas citri pv. malvacearum (Smith 1901) Constantin et al. 2016 comb. nov.	Xanthomonas malvacearum (Smith 1901) Dowson 1939	Xanthomonas campestris pv. malvacearum (Smith 1901) Dye 1978, Xanthomonas axonopodis pv. malvacearum (Smith 1901) Vauterin et al. 1995, Xanthomonas citri subsp. malvacearum (Smith 1901) Schaad et al. 2007	Zambia	Gossypium hirsutum.	1961	No	No	The group classification of Hayward (1964b) and the race classification of Hunter et al. (1968) is used.	Hayward, A.C. 1964. J. Gen. Microbiol. 35: 287; Hunter, R.E., Brinkerhoff, L.A., Bird, L.S. 1968. P	https://ncppb.fera.co.uk/furtherinfo/1048	4
NCPPB 1050	Xanthomonas albilineans (Ashby 1929) Dowson 1943	Xanthomonas albilineans		Guyana	Saccharum sp.	1961	No	No			https://ncppb.fera.co.uk/furtherinfo/1050	4
NCPPB 1056	Xanthomonas citri pv. fuscans (Schaad et al. 2007) Constantin et al. 2016 comb. nov.	Xanthomonas phaseoli (Smith 1897) Dowson 1939	Xanthomonas axonopodis pv. phaseoli (Smith 1897) Vauterin et al.1995, Xanthomonas campestris pv. phaseoli (Smith 1897) Dye 1978, Xanthomonas fuscans subsp. fuscans Schaad et al. 2007	Ethiopia	Phaseolus vulgaris	1961	No	No	Produces brown pigment, gyrB 100% match to NCPPB 381		https://ncppb.fera.co.uk/furtherinfo/1056	4
NCPPB 1058	Xanthomonas citri pv. fuscans (Schaad et al. 2007) Constantin et al. 2016 comb. nov.	Xanthomonas phaseoli (Smith 1897) Dowson 1939	Xanthomonas axonopodis pv. phaseoli (Smith 1897) Vauterin et al.1995, Xanthomonas campestris pv. phaseoli (Smith 1897) Dye 1978, Xanthomonas fuscans subsp. fuscans Schaad et al. 2007	Ethiopia	Phaseolus vulgaris	1961	No	No	Produces brown pigment, gyrB 100% match to NCPPB 381		https://ncppb.fera.co.uk/furtherinfo/1058	4
NCPPB 1059	Xanthomonas campestris pv. papavericola (Bryan and McWhorter 1930) Dye 1978			Ethiopia	Papaver somniferum	1961	No	No			https://ncppb.fera.co.uk/furtherinfo/1059	4
NCPPB 1060	Xanthomonas vasicola pv. holcicola (Elliott 1930) Vauterin et al. 1995	Xanthomonas holcicola Elliott 1930	Xanthomonas campestris pv. holcicola (Elliott 1930) Dye 1978	Ethiopia	Sorghum vulgare.	1961	No	No			https://ncppb.fera.co.uk/furtherinfo/1060	4
NCPPB 1061	Xanthomonas campestris pv. plantaginis (Thornberry & Anderson 1937) Dye 1978	Xanthomonas plantaginis (Thornberry & Anderson 1937) Burkholder 1948		Ethiopia	Plantago lanceolata	1961	No	Yes	Not virulent on this host when tested (NCPPB). (Reference strain).		https://ncppb.fera.co.uk/furtherinfo/1061	4
NCPPB 1062	Xanthomonas euvesicatoria Jones et al. 2006	Xanthomonas sp.	Xanthomonas campestris	Papua New Guinea	Dioscorea esculenta	1961	No	No	Whole genome sequencing (NCPPB July 2025) indicates this organism is likely to be a pathovar of X. euvesicatoria. Not virulent on this host when tested (Hayward pers. comm). Pathovar unspecified.		https://ncppb.fera.co.uk/furtherinfo/1062	4
NCPPB 1063	Xanthomonas axonopodis pv. ricini (Yoshi & Takimoto 1928) Vauterin et al. 1995	Xanthomonas ricini (Yoshi & T akimoto 1928) Dowson 1939	Xanthomonas campestris pv. ricini (Yoshi & T akimoto 1928) Dye 1978	Ethiopia	Ricinus communis	1961	No	Yes	Whole genome sequencing (NCPPB July 2025) indicates this organism is likely to be a pathovar of X. euvesicatoria. White strain.		https://ncppb.fera.co.uk/furtherinfo/1063	4
NCPPB 1067	Xanthomonas sp. Dowson 1939		Xanthomonas campestris	New Hebrides	Raphanus sativus (Chinese radish)	1961	No	No	Pathovar unspecified.Fatty acid profile typical of xanthomonas.Close to X.campestris pv raphani		https://ncppb.fera.co.uk/furtherinfo/1067	4
NCPPB 1068	Xanthomonas sp. Dowson 1939		Xanthomonas campestris	Malawi	Nicotiana tabacum	1961	No	No	From Ps. angulata lesion. Pathovar unspecified. Fatty acid profile typical of Xanthomonas. Close to X. axonopodis pv. phaseoli and pv. citri		https://ncppb.fera.co.uk/furtherinfo/1068	4
NCPPB 1117	Xanthomonas sp. Dowson 1939		Xanthomonas campestris	India	Saccharum officinarum	1962	No	No	Causes a disease similar to 'red stripe' . Pathovar unspecified.Fatty acid profile typical of xanthomonas..= X.c.vasculorum E.	Hayward, A.C. 1962. Occ. pap. Maurit. Sug. Res. Inst. No 13 (1962)	https://ncppb.fera.co.uk/furtherinfo/1117	4
NCPPB 1124	Xanthomonas citri pv. glycines (Nakano 1919) Constantin et al. 2016 comb.nov.	X. phaseoli f.sp. sojense	Xanthomonas campestris pv. glycines (Nakano 1919) Dye 1978, Xanthomonas axonopodis pv. glycines (Nakano 1919) Vauterin et al. 1995	Zambia	Glycine max	1962	No	No			https://ncppb.fera.co.uk/furtherinfo/1124	4
NCPPB 1128	Xanthomonas sp. Dowson 1939	Xanthomonas phaseoli (Smith 1897) Dowson 1939	Xanthomonas campestris pv. phaseoli (Smith 1897) Dye 1978	Jamaica	Phaseolus vulgaris	1962	No	No	Very low similarity with Xanthomonas axonopodis pv. phaseoli on Fatty Acid Profile, 16S sequence matches Xanthomonas spp. but gyrB does not sequence		https://ncppb.fera.co.uk/furtherinfo/1128	4
NCPPB 1129	Xanthomonas campestris pv. campestris (Pammel 1895) Dowson 1939	Xanthomonas campestris (Pammel 1895) Dowson 1939		Uganda	Brassica oleracea	1962	No	No			https://ncppb.fera.co.uk/furtherinfo/1129	4
NCPPB 1131	Xanthomonas sp. Dowson 1939		Xanthomonas campestris	Eastern Samoa	Musa paradisiaca	1962	No	No	Pathovar unspecified.Fatty acid profile typical of xanthomonas.Close to X.arboricola pv. corylina.Not same as 1132		https://ncppb.fera.co.uk/furtherinfo/1131	4
NCPPB 1132	Xanthomonas sp. Dowson 1939		Xanthomonas campestris	Western Samoa	Musa canksii var. samoensis	1962	No	No	Pathovar unspecified.Fatty acid profile typical of xanthomonas.No close match.Not same as 1131		https://ncppb.fera.co.uk/furtherinfo/1132	4
NCPPB 1135	Xanthomonas citri pv. glycines (Nakano 1919) Constantin et al. 2016 comb.nov.	X. phaseoli f.sp. sojense	Xanthomonas campestris pv. glycines (Nakano 1919) Dye 1978, Xanthomonas axonopodis pv. glycines (Nakano 1919) Vauterin et al. 1995	Zambia	Glycine max.	1962	No	No			https://ncppb.fera.co.uk/furtherinfo/1135	4
NCPPB 1136	Xanthomonas citri pv. glycines (Nakano 1919) Constantin et al. 2016 comb.nov.	X. phaseoli f.sp. sojense	Xanthomonas campestris pv. glycines (Nakano 1919) Dye 1978, Xanthomonas axonopodis pv. glycines (Nakano 1919) Vauterin et al. 1995	Zimbabwe	Glycine javanica	1962	No	No			https://ncppb.fera.co.uk/furtherinfo/1136	4
NCPPB 1138	Xanthomonas phaseoli pv. phaseoli (Smith 1897) Constantin et al. 2016 comb. nov.	Xanthomonas phaseoli (Smith 1897) Dowson 1939	Xanthomonas campestris pv. phaseoli (Smith 1897) Dye 1978, Xanthomonas axonopodis pv. phaseoli (Smith 1897) Vauterin et al.1995	Zambia	Phaseolus vulgaris	1962	No	No	gyrB 100% match with NCPPB 3035		https://ncppb.fera.co.uk/furtherinfo/1138	4
NCPPB 1141	Xanthomonas citri pv. glycines (Nakano 1919) Constantin et al. 2016 comb.nov.	X. phaseoli f.sp. sojense	Xanthomonas campestris pv. glycines (Nakano 1919) Dye 1978, Xanthomonas axonopodis pv. glycines (Nakano 1919) Vauterin et al. 1995	Zambia	Glycine max	1962	No	No			https://ncppb.fera.co.uk/furtherinfo/1141	4
NCPPB 1143	Xanthomonas campestris pv. campestris (Pammel 1895) Dowson 1939	Xanthomonas campestris (Pammel 1895) Dowson 1939		UK	Brassica oleracea var. botrytis	1962	No	No			https://ncppb.fera.co.uk/furtherinfo/1143	4
NCPPB 1144	Xanthomonas campestris pv. campestris (Pammel 1895) Dowson 1939	Xanthomonas campestris (Pammel 1895) Dowson 1939		UK	Brassica oleracea var. capitata	1962	No	No			https://ncppb.fera.co.uk/furtherinfo/1144	4
NCPPB 1145	Xanthomonas campestris pv. campestris (Pammel 1895) Dowson 1939	Xanthomonas campestris (Pammel 1895) Dowson 1939		UK	Brassica oleracea var. botrytis	1962	No	No			https://ncppb.fera.co.uk/furtherinfo/1145	5
NCPPB 1146	Xanthomonas campestris pv. campestris (Pammel 1895) Dowson 1939	Xanthomonas campestris (Pammel 1895) Dowson 1939		UK	Brassica oleracea var. capitata	1962	No	No			https://ncppb.fera.co.uk/furtherinfo/1146	5
NCPPB 1147	Xanthomonas campestris pv. campestris (Pammel 1895) Dowson 1939	Xanthomonas campestris (Pammel 1895) Dowson 1939		UK	Brassica oleracea var. capitata	1962	No	No			https://ncppb.fera.co.uk/furtherinfo/1147	5
NCPPB 1148	Xanthomonas axonopodis pv. martyniicola (Moniz & Patel 1958) Vauterin et al. 1995	Xanthomonas martyniicola Moniz & Patel 1958	Xanthomonas campestris pv. martyniicola (Moniz & Patel 1958) Dye 1978	India	Martynia diandra Gloxin (Cat's claw)	1962	No	Yes	Causes leaf spots	Bansal, Kanika; Kumar, Sanjeet; Patil, Prabhu B. (2022)Phylo-Taxonogenomics Supports Revision of Taxonomic Status of 20 Xanthomonas Pathovars to Xanthomonas citri.Phytopathology®112(6)1201-1207. DOI: 10.1094/PHYTO-08-21-0342-SC	https://ncppb.fera.co.uk/furtherinfo/1148	5
NCPPB 1149	Xanthomonas campestris pv. vitiscarnosae (Moniz and Patel 1958) Dye 1978			India	Vitis carnosa	1962	No	Yes			https://ncppb.fera.co.uk/furtherinfo/1149	5
NCPPB 1150	Xanthomonas oryzae pv. oryzicola (Fang et al. 1957) Swings et al. 1990	Xanthomonas oryzae	Xanthomonas campestris pv. oryzae (Ishyama 1922) Dye 1978	Philippines	Oryza sativa	1962	No	No	Formerly thought to be X. oryzae pv. oryzae, Fatty acid profiling suggests this organism is pv. oryzicola		https://ncppb.fera.co.uk/furtherinfo/1150	5
NCPPB 1151	Xanthomonas oryzae pv. oryzicola (Fang et al. 1957) Swings et al. 1990	X. oryzae Ishyama 1922	Xanthomonas campestris pv. oryzicola (Fang et al. 1957) Dye 1978	Philippines	Oryza sativa	1962	No	No	Fatty acid profile typical of X. c. pv. oryzicola		https://ncppb.fera.co.uk/furtherinfo/1151	5
NCPPB 1152	Xanthomonas oryzae pv. oryzae (Ishiyama 1922) Swings et al. 1990	Xanthomonas oryzae	Xanthomonas campestris pv. oryzae (Ishiyama 1922) Dye 1978	Japan		1962	No	No			https://ncppb.fera.co.uk/furtherinfo/1152	5
NCPPB 1153	Xanthomonas oryzae pv. oryzae (Ishiyama 1922) Swings et al. 1990	Xanthomonas oryzae	Xanthomonas campestris pv. oryzae (Ishiyama 1922) Dye 1978	Japan		1962	No	No			https://ncppb.fera.co.uk/furtherinfo/1153	5
NCPPB 1154	Xanthomonas oryzae pv. oryzae (Ishiyama 1922) Swings et al. 1990	Xanthomonas campestris pv. oryzae(Ishiyama 1922) Dye 1978	Xanthomonas campestris pv. oryzae (Ishiyama 1922) Dye 1978			1962	No	No			https://ncppb.fera.co.uk/furtherinfo/1154	5
NCPPB 1155	Xanthomonas dyei pv. laureliae (Dye 1963) Young et al. 2010			New Zealand	Laurelia novaezelandiae	1962	No	Yes			https://ncppb.fera.co.uk/furtherinfo/1155	5
NCPPB 1158	Xanthomonas citri pv. fuscans (Schaad et al. 2007) Constantin et al. 2016 comb. nov.	Xanthomonas phaseoli (Smith 1897) Dowson 1939	Xanthomonas axonopodis pv. phaseoli (Smith 1897) Vauterin et al.1995, Xanthomonas campestris pv. phaseoli (Smith 1897) Dye 1978, Xanthomonas fuscans subsp. fuscans Schaad et al. 2007	Unknown	Phaseolus vulgaris	1962	No	No	"""From French beans imported from unknown source"" D.C. Graham 1962. Produces brown pigment, gyrB 100% match to NCPPB 381"		https://ncppb.fera.co.uk/furtherinfo/1158	5
NCPPB 1159	Xanthomonas phaseoli pv. manihotis (Bondar 1912) Constantin et al. 2016 comb. nov.	Xanthomonas manihotis (Berthet & Bondar 1915) Starr 1946	Xanthomonas campestris pv. manihotis (Berthet & Bondar 1915) Dye 1978, Xanthomonas axonopodis pv. manihotis (Bondar 1912) Vauterin et al. 1995	USA	Manihot esculenta	1962	No	No	Non-pigmented. Maybe = NCPPB 348		https://ncppb.fera.co.uk/furtherinfo/1159	5
NCPPB 1160	Xanthomonas phaseoli pv. manihotis (Bondar 1912) Constantin et al. 2016 comb. nov.	Xanthomonas manihotis (Berthet & Bondar 1915) Starr 1946	Xanthomonas campestris pv. manihotis (Berthet & Bondar 1915) Dye 1978, Xanthomonas axonopodis pv. manihotis (Bondar 1912) Vauterin et al. 1995	Brazil	Manihot esculenta	1962	No	No	Non-pigmented.		https://ncppb.fera.co.uk/furtherinfo/1160	5
NCPPB 1161	Xanthomonas phaseoli pv. manihotis (Bondar 1912) Constantin et al. 2016 comb. nov.	Xanthomonas manihotis (Berthet & Bondar 1915) Starr 1946	Xanthomonas campestris pv. manihotis (Berthet & Bondar 1915) Dye 1978, Xanthomonas axonopodis pv. manihotis (Bondar 1912) Vauterin et al. 1995	Mauritius	Manihot sp.	1962	No	No	Non-pigmented.		https://ncppb.fera.co.uk/furtherinfo/1161	5
NCPPB 1235	Xanthomonas axonopodis pv. ricini (Yoshi & Takimoto 1928) Vauterin et al. 1995	Xanthomonas ricini (Yoshi & T akimoto 1928) Dowson 1939	Xanthomonas campestris pv. ricini (Yoshi & T akimoto 1928) Dye 1978	Papua and New Guinea	Ricinus communis	1962	No	No	From S. African seed being grown under quarantine in Papua New Guinea. . White strain.		https://ncppb.fera.co.uk/furtherinfo/1235	5
NCPPB 1241	Xanthomonas vasicola pv. holcicola (Elliott 1930) Vauterin et al. 1995	Xanthomonas holcicola Elliott 1930	Xanthomonas campestris pv. holcicola (Elliott 1930) Dye 1978	Australia	Sorghum vulgare	1962	No	No			https://ncppb.fera.co.uk/furtherinfo/1241	5
NCPPB 1244	Xanthomonas albilineans (Ashby 1929) Dowson 1943	Xanthomonas albilineans		Sri Lanka	Saccharum officinarum	1962	No	No			https://ncppb.fera.co.uk/furtherinfo/1244	5
NCPPB 1324	Xanthomonas axonopodis pv. ricini (Yoshi & Takimoto 1928) Vauterin et al. 1995	Xanthomonas ricini (Yoshi & T akimoto 1928) Dowson 1939	Xanthomonas campestris pv. ricini (Yoshi & T akimoto 1928) Dye 1978	Hong Kong	Ricinus communis	1962	No	No	Yellow strain.		https://ncppb.fera.co.uk/furtherinfo/1324	5
NCPPB 1325	Xanthomonas sp. Dowson 1939		Xanthomonas campestris	Uganda	Helianthus annuus	1962	No	No	Pathovar unspecified.Fatty acid profile typical of xanthomonas.Close to X.campestris pv. zinniae		https://ncppb.fera.co.uk/furtherinfo/1325	5
NCPPB 1326	Xanthomonas vasicola pv. vasculorum (Cobb 1894) Lang et al. 2017	Xanthomonas vasculorum (Cobb 1893) Dowson 1939	Xanthomonas campestris pv. vasculorum (Cobb 1894) Dye 1978, Xanthomonas axonopodis pv. vasculorum (Cobb 1894) Vauterin et al. 1995, Xanthomonas vasicola pv. vasculorum (Cobb 1894) Vauterin et al. 1995 (Invalid name)	Zimbabwe	Saccharum officinarum	1962	No	No	Fatty acid Type C (Dookun, Stead & Autrey 2000)		https://ncppb.fera.co.uk/furtherinfo/1326	5
NCPPB 1332	Xanthomonas vesicatoria (ex Doidge 1920) Vauterin et al. 1995	Xanthomonas vesicatoria (Doidge 1920) Dowson 1939	Xanthomonas campestris pv. vesicatoria (Doidge 1920) Dye 1978	Jamaica	Solanum lycopersicum	1962	No	No	Not pathogenic on tomato (NCPPB).		https://ncppb.fera.co.uk/furtherinfo/1332	5
NCPPB 1334	Xanthomonas euvesicatoria pv. ionidii (Padhya & Patel 1963) Harrison et al. 2023		Xanthomonas campestris pv. ionidii (Padhya & Patel 1963) Dye 1978	India	Ionidium heterophyllum	1962	No	Yes			https://ncppb.fera.co.uk/furtherinfo/1334	5
NCPPB 1336	Xanthomonas euvesicatoria pv. alangii (Padhya & Patel 1962) Constantin et al. 2016 comb. nov.		Xanthomonas campestris pv. alangii (Padhya & Patel 1962) Dye 1978	India	Alangium lamarckii	1962	No	Yes	ex Ankola		https://ncppb.fera.co.uk/furtherinfo/1336	5
NCPPB 1337	Xanthomonas axonopodis pv. nakataecorchorii (Padhya & Patel 1963) Vauterin et al. 1995	Xanthomonas nakataecorchorii Padhya & Patel 1963	Xanthomonas axonopodis pv. nakataecorchorii (Padhya & Patel 1963) Dye 1978	India	Corchorus acutangulus	1962	No	Yes	Maybe = NCPPB 1594. Whole genome sequencing (NCPPB July 2025) indicates this organism is possibly a pathovar of X. euvesicatoria.		https://ncppb.fera.co.uk/furtherinfo/1337	5
NCPPB 1381	Xanthomonas vasicola pv. vasculorum (Cobb 1894) Lang et al. 2017	Xanthomonas vasculorum (Cobb 1893) Dowson 1939	Xanthomonas campestris pv. vasculorum (Cobb 1894) Dye 1978, Xanthomonas axonopodis pv. vasculorum (Cobb 1894) Vauterin et al. 1995, Xanthomonas vasicola pv. vasculorum (Cobb 1894) Vauterin et al. 1995 (Invalid name)	Zimbabwe	Saccharum officinarum	1962	No	No	Fatty acid Type C (Dookun, Stead & Autrey 2000)		https://ncppb.fera.co.uk/furtherinfo/1381	5
NCPPB 1393	Xanthomonas euvesicatoria pv. sesami (Sabet & Dowson 1960) Constantin et al. 2016 comb. nov.		Xanthomonas campestris pv. sesami (Sabet & Dowson 1960) Dye 1978	India	Sesamum sp.	1963	No	No			https://ncppb.fera.co.uk/furtherinfo/1393	5
NCPPB 1394	Xanthomonas vasicola Vauterin et al. 1995		Xanthomonas campestris	Sri Lanka	Tripsacum laxum	1963	No	No	Studholme et al. 2020 place this organism in X. vasicola, pathovar unspecified. Fatty acid profile typical of Xanthomonas, close to X. vasicola NCPPB 902, NCPPB 1395, NCPPB 1396	https://doi.org/10.1094/PHYTO-03-19-0098-LE Mulder, D. 1961. Comm. Phytopath. New. 35: 279	https://ncppb.fera.co.uk/furtherinfo/1394	5
NCPPB 1395	Xanthomonas vasicola Vauterin et al. 1995		Xanthomonas campestris	Sri Lanka	Tripsacum laxum	1963	No	No	Studholme et al. 2020 place this organism in X. vasicola, pathovar unspecified. Fatty acid profile typical of Xanthomonas, close to X. vasicola NCPPB 902, NCPPB 1394, NCPPB 1396	https://doi.org/10.1094/PHYTO-03-19-0098-LE; Mulder, D. 1961. Comm. Phytopath. New. 35: 279	https://ncppb.fera.co.uk/furtherinfo/1395	5
NCPPB 1396	Xanthomonas vasicola Vauterin et al. 1995		Xanthomonas campestris	Sri Lanka	Tripsacum laxum	1963	No	No	Studholme et al. 2020 place this organism in X. vasicola, pathovar unspecified. Fatty acid profile typical of Xanthomonas, close to X. vasicola NCPPB 902, NCPPB 1394, NCPPB 1395	https://doi.org/10.1094/PHYTO-03-19-0098-LE; Mulder, D. 1961. Comm. Phytopath. New. 35: 279	https://ncppb.fera.co.uk/furtherinfo/1396	5
NCPPB 1402	Xanthomonas citri pv. fuscans (Schaad et al. 2007) Constantin et al. 2016 comb. nov.	Xanthomonas phaseoli (Smith 1897) Dowson 1939	Xanthomonas axonopodis pv. phaseoli (Smith 1897) Vauterin et al.1995, Xanthomonas campestris pv. phaseoli (Smith 1897) Dye 1978, Xanthomonas fuscans subsp. fuscans Schaad et al. 2007	Uganda	Phaseolus vulgaris	1963	No	No	Produces brown pigment, gyrB 100% match to NCPPB 381		https://ncppb.fera.co.uk/furtherinfo/1402	5
NCPPB 1420	Xanthomonas phaseoli pv. phaseoli (Smith 1897) Constantin et al. 2016 comb. nov.	Xanthomonas phaseoli (Smith 1897) Dowson 1939	Xanthomonas campestris pv. phaseoli (Smith 1897) Dye 1978, Xanthomonas axonopodis pv. phaseoli (Smith 1897) Vauterin et al.1995	Hungary	Phaseolus vulgaris	1960	No	No	gyrB 100% match with NCPPB 3035		https://ncppb.fera.co.uk/furtherinfo/1420	5
NCPPB 1421	Xanthomonas vesicatoria (ex Doidge 1920) Vauterin et al. 1995	Xanthomonas vesicatoria (Doidge 1920) Dowson 1939	Xanthomonas campestris pv. vesicatoria (Doidge 1920) Dye 1978	Hungary	Solanum lycopersicum	1960	No	No			https://ncppb.fera.co.uk/furtherinfo/1421	5
NCPPB 1422	Xanthomonas hortorum pv. carotae (Kendrick 1934) Vauterin et al. 1995	Xanthomonas carotae Kendrick 1934	Xanthomonas campestris pv. carotae (Kendrick 1934) Dye 1978	Hungary	Daucus carota var. sativa	1982	No	Yes	A fermentative strain - not a Xanthomonas sp. Re: Phylogenetic structure of Xanthomonas determined by comparison of gyrB sequences. Int.J.of Syst. and evol. Microbiology (2009),59,264-274.		https://ncppb.fera.co.uk/furtherinfo/1422	5
NCPPB 1423	Xanthomonas vesicatoria (ex Doidge 1920) Vauterin et al. 1995	Xanthomonas vesicatoria (Doidge 1920) Dowson 1939	Xanthomonas campestris pv. vesicatoria (Doidge 1920) Dye 1978	Hungary	Solanum lycopersicum	1960	No	No			https://ncppb.fera.co.uk/furtherinfo/1423	5
NCPPB 1426	Xanthomonas vesicatoria (ex Doidge 1920) Vauterin et al. 1995	Xanthomonas vesicatoria (Doidge 1920) Dowson 1939	Xanthomonas campestris pv. vesicatoria (Doidge 1920) Dye 1978	Hungary	Solanum lycopersicum	1960	No	No			https://ncppb.fera.co.uk/furtherinfo/1426	5
NCPPB 1431	Xanthomonas vesicatoria (ex Doidge 1920) Vauterin et al. 1995	Xanthomonas vesicatoria (Doidge 1920) Dowson 1939	Xanthomonas campestris pv. vesicatoria (Doidge 1920) Dye 1978	Hungary	Solanum lycopersicum	1960	No	No			https://ncppb.fera.co.uk/furtherinfo/1431	5
NCPPB 1433	Xanthomonas citri pv. fuscans (Schaad et al. 2007) Constantin et al. 2016 comb. nov.	Xanthomonas phaseoli (Smith 1897) Dowson 1939	Xanthomonas axonopodis pv. phaseoli (Smith 1897) Vauterin et al.1995, Xanthomonas campestris pv. phaseoli (Smith 1897) Dye 1978, Xanthomonas fuscans subsp. fuscans Schaad et al. 2007	Hungary	Phaseolus vulgaris	1960	No	No	Produces brown pigment, gyrB 100% match to NCPPB 381		https://ncppb.fera.co.uk/furtherinfo/1433	5
NCPPB 1438	Xanthomonas euvesicatoria Vauterin et al. 1995 (Invalid name)	Xanthomonas vesicatoria (Doidge 1920) Dowson 1939	Xanthomonas campestris pv. vesicatoria (Doidge 1920) Dye 1978, Xanthomonas axonopodis pv. vesicatoria Vauterin et al. 1995 (Invalid name)	Hungary	Capsicum frutescens	1960	No	No			https://ncppb.fera.co.uk/furtherinfo/1438	5
NCPPB 1439	Xanthomonas citri pv. fuscans (Schaad et al. 2007) Constantin et al. 2016 comb. nov.	Xanthomonas phaseoli (Smith 1897) Dowson 1939	Xanthomonas axonopodis pv. phaseoli (Smith 1897) Vauterin et al.1995, Xanthomonas campestris pv. phaseoli (Smith 1897) Dye 1978, Xanthomonas fuscans subsp. fuscans Schaad et al. 2007	Hungary	Phaseolus vulgaris	1960	No	No	Produces brown pigment, gyrB 100% match to NCPPB 381		https://ncppb.fera.co.uk/furtherinfo/1439	5
NCPPB 1447	Xanthomonas arboricola pv. juglandis (Pierce 1901) Vauterin et al. 1995	Xanthomonas juglandis	Xanthomonas campestris pv. juglandis (Pierce 1901) Dye 1978	Romania	Juglans regia	1963	No	No			https://ncppb.fera.co.uk/furtherinfo/1447	5
NCPPB 1451	Xanthomonas campestris pv. vitistrifoliae (Padhya et al. 1965) Dye 1978			India	Vitis trifolia	1963	No	Yes			https://ncppb.fera.co.uk/furtherinfo/1451	5
NCPPB 1452	Xanthomonas citri pv. thirumalacharii (Padhya & Patel 1964) Constantin et al. 2016 comb. nov.	X. triumfettae	Xanthomonas campestris pv. thirumalacharii (Padhya & Patel 1964) Dye 1978	India	Triumfetta pilosa	1963	No	Yes			https://ncppb.fera.co.uk/furtherinfo/1452	5
NCPPB 1453	Xanthomonas euvesicatoria pv. spermacoces (Srinivasan & Patel 1956) Harrison et al. 2023		Xanthomonas campestris pv. spermacoces (Srinivasan & Patel 1956) Dye 1978	India	Spermacoce hispida	1963	No	No			https://ncppb.fera.co.uk/furtherinfo/1453	5
NCPPB 1454	Xanthomonas euvesicatoria pv. tribuli (Srinivasan and Patel 1956) Constantin et al. 2016 comb. nov.		Xanthomonas campestris pv. tribuli (Srinivasan and Patel 1956) Dye 1978	India	Tribulus terrestris	1963	No	Yes			https://ncppb.fera.co.uk/furtherinfo/1454	5
NCPPB 1455	Xanthomonas campestris pv. lantanae (Srinivasan & Patel 1957) Dye 1978			India	Lantana camara var. aculeata	1963	No	Yes			https://ncppb.fera.co.uk/furtherinfo/1455	5
NCPPB 1457	Xanthomonas euvesicatoria pv. coriandri (Srinivasan et al. 1961) Harrison et al. 2023		Xanthomonas campestris pv. coriandri (Srinivasan et al. 1961) Dye 1978	India	Coriandrum sativum	1963	No	No			https://ncppb.fera.co.uk/furtherinfo/1457	5
NCPPB 1469	Xanthomonas fragariae Kennedy and King 1962	Xanthomonas fragariae Kennedy and King 1962		USA	Fragaria chiloensis var. ananassa	1963	Yes	No	WGS (NCPPB March 2024) indicates this X. fragariae strain is in a phylogenetic group that does not match any other X. fragariae strains in the NCPPB.		https://ncppb.fera.co.uk/furtherinfo/1469	5
NCPPB 1471	Xanthomonas citri pv. citri (Hasse 1915) Constantin 2016 comb. nov.	Xanthomonas citri (Hasse 1915) Dowson	Xanthomonas campestris pv. citri (Hasse 1915) Dye 1979, Xanthomonas axonopodis pv. citri (Hasse 1915) Vauterin et al. 1995, Xanthomonas citri subsp. citri (Hasse 1915) Gabriel et al. 1989	Hong Kong	Citrus paradisi	1963	No	No	Type A(Asiatic Canker)		https://ncppb.fera.co.uk/furtherinfo/1471	5
NCPPB 1472	Xanthomonas citri pv. citri (Hasse 1915) Constantin 2016 comb. nov.	Xanthomonas citri (Hasse 1915) Dowson	Xanthomonas campestris pv. citri (Hasse 1915) Dye 1979, Xanthomonas axonopodis pv. citri (Hasse 1915) Vauterin et al. 1995, Xanthomonas citri subsp. citri (Hasse 1915) Gabriel et al. 1989	Hong Kong	Citrus grandis	1963	No	No	Type A(Asiatic Canker)		https://ncppb.fera.co.uk/furtherinfo/1472	5
NCPPB 1473	Xanthomonas axonopodis pv. ricini (Yoshi & Takimoto 1928) Vauterin et al. 1995	Xanthomonas ricini (Yoshi & T akimoto 1928) Dowson 1939	Xanthomonas campestris pv. ricini (Yoshi & T akimoto 1928) Dye 1978	Zimbabwe	Ricinus communis.	1963	No	No	White strain		https://ncppb.fera.co.uk/furtherinfo/1473	6
NCPPB 1475	Xanthomonas axonopodis pv. cassiae (Kulkarni et al. 1951) Vauterin et al. 1995	Xanthomonas phaseoli f.sp. cassiae	Xanthomonas campestris pv. cassiae (Kulkarni et al. 1951) Dye 1978	India	Cassia tora	1963	No	No			https://ncppb.fera.co.uk/furtherinfo/1475	6
NCPPB 1482	Xanthomonas citri pv. malvacearum (Smith 1901) Constantin et al. 2016 comb. nov.	Xanthomonas malvacearum (Smith 1901) Dowson 1939	Xanthomonas campestris pv. malvacearum (Smith 1901) Dye 1978, Xanthomonas axonopodis pv. malvacearum (Smith 1901) Vauterin et al. 1995, Xanthomonas citri subsp. malvacearum (Smith 1901) Schaad et al. 2007	Australia	Gossypium sp	1963	No	No	The group classification of Hayward (1964b) and the race classification of Hunter et al. (1968) is used.	Hayward, A.C. 1964. J. Gen. Microbiol. 35: 287; Hunter, R.E., Brinkerhoff, L.A., Bird, L.S. 1968. P	https://ncppb.fera.co.uk/furtherinfo/1482	6
NCPPB 1495	Xanthomonas citri pv. fuscans (Schaad et al. 2007) Constantin et al. 2016 comb. nov.	Xanthomonas phaseoli (Smith 1897) Dowson 1939	Xanthomonas axonopodis pv. phaseoli (Smith 1897) Vauterin et al.1995, Xanthomonas campestris pv. phaseoli (Smith 1897) Dye 1978, Xanthomonas fuscans subsp. fuscans Schaad et al. 2007	UK	Phaseolus vulgaris (seed).	1963	No	No	Produces brown pigment, gyrB 100% match to NCPPB 381		https://ncppb.fera.co.uk/furtherinfo/1495	6
NCPPB 1560	Xanthomonas dyei Young et al. 2010		Xanthomonas campestris	UK	Lobelia erinus	1964	No	No	Partial gene sequencing of gyrB (Parkinson 2009) places this organism in a clade with Xanthomonas dyei strains. Pathovar unspecified.		https://ncppb.fera.co.uk/furtherinfo/1560	6
NCPPB 1562	Pantoea stewartii subsp. indologenes Mergaert et al. 1993	Xanthomonas annamalaiensis (cotype).	Erwinia herbicola (Lohnis 1911 ) Dye 1964	India	Pennisetum glaucum	1963	No	No			https://ncppb.fera.co.uk/furtherinfo/1562	6
NCPPB 1568	Xanthomonas sp. Dowson 1939		Xanthomonas jasminii Rangaswami & Eswaran 1961	India	Jasminium sambac	1963	No	No	Xanthomonas sp. (NCPPB).Illegitimate name.		https://ncppb.fera.co.uk/furtherinfo/1568	6
NCPPB 1585	Xanthomonas oryzae pv. oryzicola (Fang et al. 1957) Swings et al. 1990	X. oryzae Ishyama 1922	Xanthomonas campestris pv. oryzicola (Fang et al. 1957) Dye 1978	Malaysia	Oryza sativa	1964	No	Yes	Causes leaf streak of rice (Bradbury pers. Comm.).		https://ncppb.fera.co.uk/furtherinfo/1585	6
NCPPB 1593	Xanthomonas euvesicatoria pv. argemones (Srinivasan et al. 1961) Constantin et al. 2016 comb. nov.		Xanthomonas campestris pv. argemones (Srinivasan et al. 1961) Dye 1978	India	Argemone mexicana	1964	No	Yes			https://ncppb.fera.co.uk/furtherinfo/1593	6
NCPPB 1594	Xanthomonas axonopodis pv. nakataecorchorii (Padhya & Patel 1963) Vauterin et al. 1995	Xanthomonas nakataecorchorii Padhya & Patel 1963	Xanthomonas axonopodis pv. nakataecorchorii (Padhya & Patel 1963) Dye 1978	India	Corchorus acutangulus	1964	No	No			https://ncppb.fera.co.uk/furtherinfo/1594	6
NCPPB 1595	Xanthomonas euvesicatoria pv. physalidis (Srinivasan et al. 1962) Constantin et al. 2016 comb. nov.		Xanthomonas campestris pv. physalidis (Srinivasan et al. 1962) Dye 1978	India	Physalis minima	1964	No	No			https://ncppb.fera.co.uk/furtherinfo/1595	6
NCPPB 1596	Xanthomonas euvesicatoria pv. spermacoces (Srinivasan & Patel 1956) Harrison et al. 2023		Xanthomonas campestris pv. spermacoces (Srinivasan & Patel 1956) Dye 1978	India	Spermacoce hispida.	1964	No	No			https://ncppb.fera.co.uk/furtherinfo/1596	6
NCPPB 1607	Xanthomonas arboricola pv. pruni (Smith 1903) Vauterin et al. 1995	Xanthomonas pruni	Xanthomonas campestris pv. pruni (Smith 1903) Dye 1978	Australia	Prunus persica	1964	No	No			https://ncppb.fera.co.uk/furtherinfo/1607	6
NCPPB 1610	Xanthomonas hortorum pv. pelargonii (Brown 1923) Vauterin et al. 1995	Xanthomonas pelargonii	Xanthomonas campestris pv. pelargonii (Brown 1923) Dye 1978	UK	Pelargonium hortorum	1964	No	No			https://ncppb.fera.co.uk/furtherinfo/1610	6
NCPPB 1612	Xanthomonas euvesicatoria pv. blepharidis (Srinivasan & Patel 1956) Harrison et al. 2023		Xanthomonas campestris pv. blepharidis (Srinivasan & Patel 1956) Dye 1978	India	Boerhaavia repens	1964	No	No			https://ncppb.fera.co.uk/furtherinfo/1612	6
NCPPB 1615	Xanthomonas hortorum pv. pelargonii (Brown 1923) Vauterin et al. 1995	Xanthomonas pelargonii	Xanthomonas campestris pv. pelargonii (Brown 1923) Dye 1978	UK	Pelargonium hortorum	1964	No	No			https://ncppb.fera.co.uk/furtherinfo/1615	6
NCPPB 1616	Xanthomonas vesicatoria (ex Doidge 1920) Vauterin et al. 1995	Xanthomonas vesicatoria (Doidge 1920) Dowson 1939	Xanthomonas campestris pv. vesicatoria (Doidge 1920) Dye 1978	Zambia	Solanum lycopersicum	1964	No	No			https://ncppb.fera.co.uk/furtherinfo/1616	6
NCPPB 1622	Xanthomonas hyacinthi (Wakker 1883) Vauterin et al. 1995	Xanthomonas hyacinthi	Xanthomonas campestris pv. hyacinthi (Wakker 1883) Dye 1978	UK	Hyacinthus orientalis	1964	No	No			https://ncppb.fera.co.uk/furtherinfo/1622	6
NCPPB 1628	Xanthomonas euvesicatoria pv. alangii (Padhya & Patel 1962) Constantin et al. 2016 comb. nov.		Xanthomonas campestris pv. alangii (Padhya & Patel 1962) Dye 1978	India	Alangium lamarckii	1964	No	No			https://ncppb.fera.co.uk/furtherinfo/1628	6
NCPPB 1629	Xanthomonas axonopodis pv. bauhiniae (Padhya et al. 1965) Vauterin et al. 1995	Xanthomonas bauhiniae Padhya et al. 1965	Xanthomonas campestris pv. bauhiniae (Padhya et al. 1965) Dye 1978	India	Bauhinia racemosa	1964	No	No			https://ncppb.fera.co.uk/furtherinfo/1629	6
NCPPB 1630	Xanthomonas arboricola pv. celebensis (Gaumann 1923) Vauterin et al. 1995	Xanthomonas celebensis	Xanthomonas campestris pv. celebensis (Gaumann 1923) Dye 1978	New Zealand	Musa sp.	1964	No	No			https://ncppb.fera.co.uk/furtherinfo/1630	6
NCPPB 1632	Xanthomonas oryzae pv. oryzicola (Fang et al. 1957) Swings et al. 1990	X. oryzicola Fang et al. 1957	Xanthomonas campestris pv. oryzicola (Fang et al. 1957) Dye 1978			1964	No	No			https://ncppb.fera.co.uk/furtherinfo/1632	6
NCPPB 1633	Xanthomonas citri pv. vignicola (Burkholder 1944) Constantin et al. 2016 comb. nov.	X. sinensis	Xanthomonas campestris pv. vignicola (Burkholder 1944) Dye 1978, Xanthomonas axonopodis pv. vignicola (Burkholder 1944) Vauterin et al.1995	USA		1964	No	No			https://ncppb.fera.co.uk/furtherinfo/1633	6
NCPPB 1638	Xanthomonas cucurbitae Dowson 1939		Xanthomonas campestris	Uganda	Cucurbita pepo var. melopepo	1964	No	No	Partial gene sequencing of gyrB is identical to X. cucurbitae (Parkinson et al. 2009). Fatty acid profile typical of Xanthomonas.		https://ncppb.fera.co.uk/furtherinfo/1638	6
NCPPB 1645	Xanthomonas campestris pv. campestris (Pammel 1895) Dowson 1939	Xanthomonas campestris (Pammel 1895) Dowson 1939		Kenya	Brassica oleracea	1964	No	No	ex Kale; Race 1 (Vicente et al. 2001)		https://ncppb.fera.co.uk/furtherinfo/1645	6
NCPPB 1646	Xanthomonas phaseoli pv. phaseoli (Smith 1897) Constantin et al. 2016 comb. nov.	Xanthomonas phaseoli (Smith 1897) Dowson 1939	Xanthomonas campestris pv. phaseoli (Smith 1897) Dye 1978, Xanthomonas axonopodis pv. phaseoli (Smith 1897) Vauterin et al.1995	Australia	Phaseolus vulgaris.	1964	No	No	gyrB 100% match with NCPPB 3035		https://ncppb.fera.co.uk/furtherinfo/1646	6
NCPPB 1648	Xanthomonas campestris pv. campestris (Pammel 1895) Dowson 1939	Xanthomonas campestris (Pammel 1895) Dowson 1939		Tonga	Brassica oleracea var. capitata	1964	No	No			https://ncppb.fera.co.uk/furtherinfo/1648	6
NCPPB 1654	Xanthomonas citri pv. fuscans (Schaad et al. 2007) Constantin et al. 2016 comb. nov.	Xanthomonas phaseoli (Smith 1897) Dowson 1939	Xanthomonas axonopodis pv. phaseoli (Smith 1897) Vauterin et al.1995, Xanthomonas campestris pv. phaseoli (Smith 1897) Dye 1978, Xanthomonas fuscans subsp. fuscans Schaad et al. 2007	South Africa	Phaseolus vulgaris	1964	No	No	Produces brown pigment, gyrB 100% match to NCPPB 381		https://ncppb.fera.co.uk/furtherinfo/1654	6
NCPPB 1659	Xanthomonas arboricola pv. juglandis (Pierce 1901) Vauterin et al. 1995	Xanthomonas juglandis	Xanthomonas campestris pv. juglandis (Pierce 1901) Dye 1978	UK	Juglans regia	1964	No	No			https://ncppb.fera.co.uk/furtherinfo/1659	6
NCPPB 1668	Xanthomonas hortorum pv. cynarae Morinière et al. (2020)	Xanthomonas sp.	Xanthomonas cynarae Trébaol et al. 2000		Cynara scolymus	1964	No	No	Fatty acid profile typical of Xanthomonas. Close to X.hortorum pv.hederae		https://ncppb.fera.co.uk/furtherinfo/1668	6
NCPPB 1671	Xanthomonas citri pv. sesbaniae (Patel et al. 1952) Constantin et al. 2016 comb. nov.	Xanthomonas sesbaniae Patel et al. 1952	Xanthomonas campestris pv. sesbaniae (Patel et al. 1952) Dye 1978, Xanthomonas axonopodis pv. sesbaniae (Patel et al. 1952) Vauterin et al. 1995	India	Sesbania aculeata	1964	No	No			https://ncppb.fera.co.uk/furtherinfo/1671	6
NCPPB 1672	Xanthomonas sp. Dowson 1939		Xanthomonas campestris	Tanzania	Saccharum officinarum	1964	No	No	Causes 'red stripe' symptoms. Pathovar unspecified. Fatty acid profile typical of xanthomonas = X.c.vasculorum E	Hayward, A.C. 1962. Occ. pap. Maurit. Sug. Res. Inst. No 13 (1962)	https://ncppb.fera.co.uk/furtherinfo/1672	6
NCPPB 1680	Xanthomonas phaseoli pv. phaseoli (Smith 1897) Constantin et al. 2016 comb. nov.	Xanthomonas phaseoli (Smith 1897) Dowson 1939	Xanthomonas campestris pv. phaseoli (Smith 1897) Dye 1978, Xanthomonas axonopodis pv. phaseoli (Smith 1897) Vauterin et al.1995	Tanzania	Phaseolus vulgaris	1964	No	No	gyrB 100% match with NCPPB 3035		https://ncppb.fera.co.uk/furtherinfo/1680	6
NCPPB 1682	Pantoea anthophila Brady et al. 2009	Xanthomonas balsamivorum (cotype)	Erwinia herbicola (Lohnis 1911) Dye 1964	India	Impatiens balsamina	1964	No	No	WGS confirms this strain is Pantoea anthophila (NCPPB March 2025).		https://ncppb.fera.co.uk/furtherinfo/1682	6
NCPPB 1684	Xanthomonas axonopodis pv. ricini (Yoshi & Takimoto 1928) Vauterin et al. 1995	Xanthomonas ricini (Yoshi & T akimoto 1928) Dowson 1939	Xanthomonas campestris pv. ricini (Yoshi & T akimoto 1928) Dye 1978	Kenya	Ricinus communis	1965	No	No	White strain.		https://ncppb.fera.co.uk/furtherinfo/1684	6
NCPPB 1685	Xanthomonas campestris pv. campestris (Pammel 1895) Dowson 1939	Xanthomonas campestris (Pammel 1895) Dowson 1939		Australia	Brassica oleracea var. capitata	1965	No	No			https://ncppb.fera.co.uk/furtherinfo/1685	6
NCPPB 1697	Xanthomonas citri pv. malvacearum (Smith 1901) Constantin et al. 2016 comb. nov.	Xanthomonas malvacearum (Smith 1901) Dowson 1939	Xanthomonas campestris pv. malvacearum (Smith 1901) Dye 1978, Xanthomonas axonopodis pv. malvacearum (Smith 1901) Vauterin et al. 1995, Xanthomonas citri subsp. malvacearum (Smith 1901) Schaad et al. 2007	Azerbaijan	Gossypium hirsutum	1965	No	No	Group 2. The group classification of Hayward (1964b) and the race classification of Hunter et al. (1968) is used.	Hayward, A.C. 1964. J. Gen. Microbiol. 35: 287; Hunter, R.E., Brinkerhoff, L.A., Bird, L.S. 1968. P	https://ncppb.fera.co.uk/furtherinfo/1697	6
NCPPB 1698	Xanthomonas citri pv. malvacearum (Smith 1901) Constantin et al. 2016 comb. nov.	Xanthomonas malvacearum (Smith 1901) Dowson 1939	Xanthomonas campestris pv. malvacearum (Smith 1901) Dye 1978, Xanthomonas axonopodis pv. malvacearum (Smith 1901) Vauterin et al. 1995, Xanthomonas citri subsp. malvacearum (Smith 1901) Schaad et al. 2007	Uganda	Gossypium sp	1965	No	No	Group 2. The group classification of Hayward (1964b) and the race classification of Hunter et al. (1968) is used.	Hayward, A.C. 1964. J. Gen. Microbiol. 35: 287; Hunter, R.E., Brinkerhoff, L.A., Bird, L.S. 1968. P	https://ncppb.fera.co.uk/furtherinfo/1698	6
NCPPB 1699	Xanthomonas citri pv. malvacearum (Smith 1901) Constantin et al. 2016 comb. nov.	Xanthomonas malvacearum (Smith 1901) Dowson 1939	Xanthomonas campestris pv. malvacearum (Smith 1901) Dye 1978, Xanthomonas axonopodis pv. malvacearum (Smith 1901) Vauterin et al. 1995, Xanthomonas citri subsp. malvacearum (Smith 1901) Schaad et al. 2007	Thailand	Gossypium sp.	1965	No	No	LOPAT Gp I. The group classification of Hayward (1964b) and the race classification of Hunter et al. (1968) is used.	Hayward (1964b); Hunter et al. (1968	https://ncppb.fera.co.uk/furtherinfo/1699	6
NCPPB 1700	Xanthomonas citri pv. malvacearum (Smith 1901) Constantin et al. 2016 comb. nov.	Xanthomonas malvacearum (Smith 1901) Dowson 1939	Xanthomonas campestris pv. malvacearum (Smith 1901) Dye 1978, Xanthomonas axonopodis pv. malvacearum (Smith 1901) Vauterin et al. 1995, Xanthomonas citri subsp. malvacearum (Smith 1901) Schaad et al. 2007	Uganda	Gossypium sp.	1965	No	No	Group 1. The group classification of Hayward (1964b) and the race classification of Hunter et al. (1968) is used.	Hayward (1964b); Hunter et al. (1968	https://ncppb.fera.co.uk/furtherinfo/1700	6
NCPPB 1701	Xanthomonas citri pv. malvacearum (Smith 1901) Constantin et al. 2016 comb. nov.	Xanthomonas malvacearum (Smith 1901) Dowson 1939	Xanthomonas campestris pv. malvacearum (Smith 1901) Dye 1978, Xanthomonas axonopodis pv. malvacearum (Smith 1901) Vauterin et al. 1995, Xanthomonas citri subsp. malvacearum (Smith 1901) Schaad et al. 2007	Uganda	Gossypium sp.	1965	No	No	Group 2. The group classification of Hayward (1964b) and the race classification of Hunter et al. (1968) is used.	Hayward (1964b); Hunter et al. (1968	https://ncppb.fera.co.uk/furtherinfo/1701	6
NCPPB 1711	Xanthomonas campestris pv. campestris (Pammel 1895) Dowson 1939	Xanthomonas campestris (Pammel 1895) Dowson 1939		Canada	Brassica rapa	1965	No	No	Race 5 (Vicente et al. 2001)		https://ncppb.fera.co.uk/furtherinfo/1711	6
NCPPB 1712	Xanthomonas citri pv. malvacearum (Smith 1901) Constantin et al. 2016 comb. nov.	Xanthomonas malvacearum (Smith 1901) Dowson 1939	Xanthomonas campestris pv. malvacearum (Smith 1901) Dye 1978, Xanthomonas axonopodis pv. malvacearum (Smith 1901) Vauterin et al. 1995, Xanthomonas citri subsp. malvacearum (Smith 1901) Schaad et al. 2007	Sudan	Gossypium hirsutum	1965	No	No	Group 2 Lysogenic. The group classification of Hayward (1964b) and the race classification of Hunter et al. (1968) is used.	Hayward, A.C. 1964. J. Gen. Microbiol. 35: 287; Hunter, R.E., Brinkerhoff, L.A., Bird, L.S. 1968. P	https://ncppb.fera.co.uk/furtherinfo/1712	6
NCPPB 1713	Xanthomonas citri (ex Hasse 1915) Gabriel et al. 1989	Xanthomonas phaseoli (Smith 1897) Dowson 1939	Xanthomonas axonopodis pv. phaseoli (Smith 1897) Vauterin et al.1995, Xanthomonas campestris pv. phaseoli (Smith 1897) Dye 1978	Zimbabwe	Dolichos lablab	1965	No	No	Partial gene sequence (gyrB) indicates that this is two bp different to NCPPB 554 X. citri pv. glycines		https://ncppb.fera.co.uk/furtherinfo/1713	6
NCPPB 1714	Xanthomonas citri pv. glycines (Nakano 1919) Constantin et al. 2016 comb.nov.	X. phaseoli var. sojense.	Xanthomonas campestris pv. glycines (Nakano 1919) Dye 1978, Xanthomonas axonopodis pv. glycines (Nakano 1919) Vauterin et al. 1995	Zambia	Glycine javanica	1965	No	No			https://ncppb.fera.co.uk/furtherinfo/1714	6
NCPPB 1715	Xanthomonas campestris pv. zinniae (Hopkins & Dowson 1949) Dye 1978			Zambia	Zinnia sp.	1965	No	No			https://ncppb.fera.co.uk/furtherinfo/1715	6
NCPPB 1717	Xanthomonas citri pv. glycines (Nakano 1919) Constantin et al. 2016 comb.nov.	X. phaseoli f.sp. sojense	Xanthomonas campestris pv. glycines (Nakano 1919) Dye 1978, Xanthomonas axonopodis pv. glycines (Nakano 1919) Vauterin et al. 1995	Zimbabwe	Glycine max	1965	No	No			https://ncppb.fera.co.uk/furtherinfo/1717	6
NCPPB 1737	Xanthomonas albilineans (Ashby 1929) Dowson 1943	Xanthomonas albilineans		Zimbabwe	Saccharum officinarum	1965	No	No			https://ncppb.fera.co.uk/furtherinfo/1737	6
NCPPB 1738	Xanthomonas albilineans (Ashby 1929) Dowson 1943	Xanthomonas albilineans		Zimbabwe	Saccharum officinarum	1965	No	No			https://ncppb.fera.co.uk/furtherinfo/1738	6
NCPPB 1754	Xanthomonas euvesicatoria Jones et al. 2006		Xanthomonas campestris	India	Celsia coramandeliana	1965	No	No	Whole genome sequencing (NCPPB July 2025) indicates this organism is likely to be a pathovar of X. euvesicatoria.		https://ncppb.fera.co.uk/furtherinfo/1754	6
NCPPB 1755	Xanthomonas euvesicatoria pv. ionidii (Padhya & Patel 1963) Harrison et al. 2023		Xanthomonas campestris pv. ionidii (Padhya & Patel 1963) Dye 1978	India	Ionidium sufruticosum	1965	No	No			https://ncppb.fera.co.uk/furtherinfo/1755	7
NCPPB 1756	Xanthomonas euvesicatoria pv. physalidis (Srinivasan et al. 1962) Constantin et al. 2016 comb. nov.		Xanthomonas campestris pv. physalidis (Srinivasan et al. 1962) Dye 1978	India	Physalis minima	1965	No	Yes			https://ncppb.fera.co.uk/furtherinfo/1756	7
NCPPB 1757	Xanthomonas euvesicatoria pv. blepharidis (Srinivasan & Patel 1956) Harrison et al. 2023		Xanthomonas campestris pv. blepharidis (Srinivasan & Patel 1956) Dye 1978	India	Blepharis boarhaavifolia	1965	No	Yes			https://ncppb.fera.co.uk/furtherinfo/1757	7
NCPPB 1758	Xanthomonas euvesicatoria pv. coriandri (Srinivasan et al. 1961) Harrison et al. 2023		Xanthomonas campestris pv. coriandri (Srinivasan et al. 1961) Dye 1978	India	Coriandrum sativum	1965	No	Yes			https://ncppb.fera.co.uk/furtherinfo/1758	7
NCPPB 1759	Xanthomonas campestris pv. bilvae Chakravarti et al. 1984	X. feroniae.		India	Feronia elephantacum	1965	No	No	Ngoc et al. (2010) place this strain in X. citri		https://ncppb.fera.co.uk/furtherinfo/1759	7
NCPPB 1760	Xanthomonas euvesicatoria pv. spermacoces (Srinivasan & Patel 1956) Harrison et al. 2023		Xanthomonas campestris pv. spermacoces (Srinivasan & Patel 1956) Dye 1978	India	Spermacoce hispida	1965	No	Yes			https://ncppb.fera.co.uk/furtherinfo/1760	7
NCPPB 1765	Xanthomonas hortorum pv. pelargonii (Brown 1923) Vauterin et al. 1995	Xanthomonas pelargonii	Xanthomonas campestris pv. pelargonii (Brown 1923) Dye 1978	UK	Pelargonium hortorum	1965	No	No			https://ncppb.fera.co.uk/furtherinfo/1765	7
NCPPB 1774	Xanthomonas sp. Dowson 1939			UK	Root surface of Solanum tuberosum.	1964	No	No	Associated with plant material; not known to be pathogenic.Not a Xanthomonad. Re: Phylogenetic structure of Xanthomonas determined by comparison of gyrB sequences. Int.J.of Syst. and evol. Microbiology (2009),59,264-274.		https://ncppb.fera.co.uk/furtherinfo/1774	7
NCPPB 1785	Xanthomonas citri pv. malvacearum (Smith 1901) Constantin et al. 2016 comb. nov.	Xanthomonas malvacearum (Smith 1901) Dowson 1939	Xanthomonas campestris pv. malvacearum (Smith 1901) Dye 1978, Xanthomonas axonopodis pv. malvacearum (Smith 1901) Vauterin et al. 1995, Xanthomonas citri subsp. malvacearum (Smith 1901) Schaad et al. 2007	India	Gossypium hirsutum	1966	No	No	The group classification of Hayward (1964b) and the race classification of Hunter et al. (1968) is used.	Hayward, A.C. 1964. J. Gen. Microbiol. 35: 287; Hunter, R.E., Brinkerhoff, L.A., Bird, L.S. 1968. P	https://ncppb.fera.co.uk/furtherinfo/1785	7
NCPPB 1786	Xanthomonas euvesicatoria pv. coracanae (Desai et al. 1965) Constantin et al. 2016 comb. nov.	Xanthomonas coracanae Desai et al. 1965	Xanthomonas campestris pv. coracanae (Desai et al. 1965) Dye 1978, Xanthomonas axonopodis pv. coracanae (Desai et al. 1965) Vauterin et al. 1995	India	Eleusine coracana	1966	No	Yes			https://ncppb.fera.co.uk/furtherinfo/1786	7
NCPPB 1787	Xanthomonas euvesicatoria pv. vernoniae (Patel et al. 1968) Harrison et al. 2023		Xanthomonas campestris pv. vernoniae (Patel et al. 1968) Dye 1978	India	Vernonia cinerea (Cyanthillium cinereum)	1966	No	Yes			https://ncppb.fera.co.uk/furtherinfo/1787	7
NCPPB 1811	Xanthomonas phaseoli pv. phaseoli (Smith 1897) Constantin et al. 2016 comb. nov.	Xanthomonas phaseoli (Smith 1897) Dowson 1939	Xanthomonas campestris pv. phaseoli (Smith 1897) Dye 1978, Xanthomonas axonopodis pv. phaseoli (Smith 1897) Vauterin et al.1995	Romania	Phaseolus vulgaris	1966	No	No	gyrB 100% match with NCPPB 3035		https://ncppb.fera.co.uk/furtherinfo/1811	7
NCPPB 1821	Xanthomonas euvesicatoria pv. alfalfae (ex Riker et al. 1935) Constantin et al. 2016 comb. nov.	X. phaseoli f. sp. alfalfae.	Xanthomonas campestris pv. alfalfae (Riker et al. 1935) Dye 1978, Xanthomonas axonopodis pv. alfalfae (Riker et al. 1935) Vauterin et al. 1995, Xanthomonas alfalfae subsp. alfalfae (ex Riker et al. 1935) Schaad et al. 2007	Japan	Medicago sativa	1966	No	No			https://ncppb.fera.co.uk/furtherinfo/1821	7
NCPPB 1822	Xanthomonas fragariae Kennedy and King 1962	Xanthomonas fragariae Kennedy and King 1962		USA	Fragaria chiloensis var. ananassa	1966	No	No	WGS (NCPPB March 2024) indicates this X. fragariae strain is in the same phylogenetic group as NCPPB 4055, NCPPB 3743, NCPPB 3028, NCPPB 2949 and NCPPB 2473..		https://ncppb.fera.co.uk/furtherinfo/1822	7
NCPPB 1826	Xanthomonas sp. Dowson 1939		Xanthomonas campestris	UK	Prunus domestica	1966	No	No	Partial gene sequencing of gyrB (Parkinson et al. 2009) places this strain in Xanthomonas arboricola. Not virulent on plum fruitlets (Jones pers. comm.). Pathovar unspecified. Fatty acid profile typical of Xanthomonas but close to X. citri pv. glycines		https://ncppb.fera.co.uk/furtherinfo/1826	7
NCPPB 1827	Xanthomonas citri pv. rhynchosiae (Sabet et al. 1969) Constantin et al. 2016 comb. nov	Xanthomonas phaseoli f.sp.rhynchosiae Sabet et al. 1969	Xanthomonas campestris pv. rhynchosiae (Sabet et al. 1969) Dye 1978, Xanthomonas axonopodis pv. rhynchosiae (Sabet et al. 1969) Vauterin et al.1995	Sudan	Rhynchosia memnonia	1966	No	Yes			https://ncppb.fera.co.uk/furtherinfo/1827	7
NCPPB 1828	Xanthomonas euvesicatoria pv. euphorbiae (Sabet et al.1969) Harrison et al. 2023		Xanthomonas campestris pv. euphorbiae (Sabet et al.1969) Dye 1978	Sudan	Euphorbia acalyphoides	1966	No	Yes			https://ncppb.fera.co.uk/furtherinfo/1828	7
NCPPB 1829	Xanthomonas sp. Dowson 1939		Xanthomonas campestris	Sudan	Jatropha curcas	1966	No	No	Pathovar unspecified. Fatty acid profile not typical of xanthomonas.Close to Agrobacterium Not a Xanthomonad. Re: Phylogenetic structure of Xanthomonas determined by comparison of gyrB sequences. Int.J.of Syst. and evol. Microbiology (2009),59,264-274.		https://ncppb.fera.co.uk/furtherinfo/1829	7
NCPPB 1830	Xanthomonas albilineans (Ashby 1929) Dowson 1943	Xanthomonas albilineans		Hawaii	Saccharum officinarum	1970	No	No			https://ncppb.fera.co.uk/furtherinfo/1830	7
NCPPB 1832	Xanthomonas arboricola pv. celebensis (Gaumann 1923) Vauterin et al. 1995	Xanthomonas celebensis	Xanthomonas campestris pv. celebensis (Gaumann 1923) Dye 1978	New Zealand	Musa sp	1966	No	Yes			https://ncppb.fera.co.uk/furtherinfo/1832	7
NCPPB 1833	Xanthomonas phaseoli pv. dieffenbachiae (McCulloch & Pirone 1939) Constantin et al. 2016 comb. nov.	Xanthomonas dieffenbachiae McCulloch & Pirone 1939	Xanthomonas campestris pv. dieffenbachiae (McCulloch & Pirone 1939) Dye 1978, Xanthomonas axonopodis pv. dieffenbachiae (McCulloch & Pirone 1939) Vauterin et al. 1995	Brazil	Anthurium sp.	1966	No	Yes			https://ncppb.fera.co.uk/furtherinfo/1833	7
NCPPB 1834	Xanthomonas phaseoli pv. manihotis (Bondar 1912) Constantin et al. 2016 comb. nov.	Xanthomonas manihotis (Berthet & Bondar 1915) Starr 1946	Xanthomonas campestris pv. manihotis (Berthet & Bondar 1915) Dye 1978, Xanthomonas axonopodis pv. manihotis (Bondar 1912) Vauterin et al. 1995	Unknown	Manihot esculenta.(cassava)	1966	No	Yes	Non-pigmented.		https://ncppb.fera.co.uk/furtherinfo/1834	7
NCPPB 1835	Burkholderia sp.	Xanthomonas panici	Pseudomonas syringae pv. panici (Elliott 1923) Young, Dye & Wilkie 1978	India		1966	No	No		Dye, D.W. 1966. N. Z. Jl. Sci. 9: 843	https://ncppb.fera.co.uk/furtherinfo/1835	7
NCPPB 1836	Xanthomonas cerealis pv. cerealis Tambong et al. 2024	Xanthomonas translucens f.sp cerealis Hagborg 1942	Xanthomonas campestris pv. cerealis (Hagborg 1942) Dye 1978; Xanthomonas translucens pv. cerealis (Hagborg 1942) Vauterin et al.1995	USA	Secale cereale	1966	No	No			https://ncppb.fera.co.uk/furtherinfo/1836	7
NCPPB 1837	Xanthomonas graminis pv. phlei Tambong et al. 2024	Xanthomonas translucens f.sp. phleipratensis Wallin & reddt 1945	Xanthomonas campestris pv. phleipratensis (Wallin & Reddy 1945) Dye 1978 Xanthomonas translucens pv. phleipratensis (Wallin & Reddy 1945) Vauterin et al. 1995	USA	Phleum pratense	1966	No	Yes			https://ncppb.fera.co.uk/furtherinfo/1837	7
NCPPB 1838	Xanthomonas citri pv. vignicola (Burkholder 1944) Constantin et al. 2016 comb. nov.	X. vignicola Burkholder 1944	Xanthomonas campestris pv. vignicola (Burkholder 1944) Dye 1978, Xanthomonas axonopodis pv. vignicola (Burkholder 1944) Vauterin et al.1995	USA	Vigna sinensis (cowpea cv. China Red)	1966	No	Yes		Literature: Ferraz, H. G. M.; Guimarães, L. M. S.; Badel, J. L.; Tótola, M. R.; Alfenas, A. C. (2017)Leaf blight and defoliation caused by two new pathovars of Xanthomonas axonopodis on Schinus terebinthifolius and Mabea fistulifera .Plant Pathology66(9)1527-1538. DOI: 10.1111/ppa.12705 Khatri-Chhetri, Gopal Bahadur; Wydra, Kerstin; Rudolph, Klaus (2003)European Journal of Plant Pathology109(8)851-860. DOI: 10.1023/A:1026104716650 Ferraz, Hélvio Gledson Maciel; Badel, Jorge Luis; da Silva Guimarães, Lúcio Mauro; Reis, Bruna Paolinelli; Tótola, Marcos Rogério; Gonçalves, Rivadalve Coelho; Alfenas, Acelino Couto (2018)Xanthomonas axonopodis pv. eucalyptorum pv. nov. Causing Bacterial Leaf Blight on Eucalypt in Brazil.The Plant Pathology Journal34(4)269-285. DOI: 10.5423/PPJ.OA.01.2018.0014 Young, J.M.; Park, D.-C.; Shearman, H.M.; Fargier, E. (2008)A multilocus sequence analysis of the genus Xanthomonas.Systematic and Applied Microbiology31(5)366-377. DOI: 10.1016/j.syapm.2008.06.00	https://ncppb.fera.co.uk/furtherinfo/1838	7
NCPPB 1839	Xanthomonas hortorum pv. vitians Morinière et al. 2020	Xanthomonas vitians (Brown 1918) Dowson 1943	Xanthomonas axonopodis pv. vitians (Brown 1918) Vauterin et al. 1995; Xanthomonas campestris pv. vitians (Brown 1918) Dye 1978	Brazil	Lactuca sativa	1966	No	No			https://ncppb.fera.co.uk/furtherinfo/1839	7
NCPPB 1841	Xanthomonas hortorum pv. vitians Morinière et al. 2020	Xanthomonas vitians (Brown 1918) Dowson 1943	Xanthomonas axonopodis pv. vitians (Brown 1918) Vauterin et al. 1995; Xanthomonas campestris pv. vitians (Brown 1918) Dye 1978	Brazil	Lactuca sativa.	1966	No	No	Produces brown diffusible pigment.		https://ncppb.fera.co.uk/furtherinfo/1841	7
NCPPB 1925	Xanthomonas axonopodis pv. begoniae (Takimoto 1934) Vauterin et al. 1995	Xanthomonas begoniae Takimoto 1934	Xanthomonas campestris pv. begoniae (Takimoto 1934) Dye 1978	Denmark	Begonia sp.	1966	No	No			https://ncppb.fera.co.uk/furtherinfo/1925	7
NCPPB 1929	Xanthomonas campestris pv. campestris (Pammel 1895) Dowson 1939	Xanthomonas campestris (Pammel 1895) Dowson 1939		India	Brassica sp.	1966	No	No			https://ncppb.fera.co.uk/furtherinfo/1929	7
NCPPB 1930	Xanthomonas campestris pv. armoraciae (McCulloch 1929) Dye 1978	Xanthomonas campestris var. armoraciae (McCulloch 1929) Starr & Burkholder 1942		New Zealand	Armoracia lapathifolia	1966	No	No	Reported to be non-pathogenic		https://ncppb.fera.co.uk/furtherinfo/1930	7
NCPPB 1931	Pantoea agglomerans (Lohnis 1911) Dye 1964	Xanthomonas cosmosicola	Erwinia herbicola (Lohnis 1911) Dye 1964	New Zealand	Cosmos sulfureus	1966	No	No			https://ncppb.fera.co.uk/furtherinfo/1931	7
NCPPB 1932	Xanthomonas campestris pv. guizotiae (Yirgou 1964) Dye 1978			Ethiopia	Guizotia abyssinica	1966	No	Yes	Partial gene sequencing of gyrB (Parkinson et al. 2009) places this strain in Xanthomonas arboricola.		https://ncppb.fera.co.uk/furtherinfo/1932	7
NCPPB 1933	Xanthomonas campestris pv. guizotiae (Yirgou 1964) Dye 1978			Ethiopia	Guizotia abyssinica	1966	No	No			https://ncppb.fera.co.uk/furtherinfo/1933	7
NCPPB 1934	Xanthomonas campestris pv. incanae (Kendrick & Baker 1942) Dye 1978	Xanthomonas incanae (Kendrick & Baker 1942) Starr & Weiss 1943		USA	Matthiola incana	1966	No	No			https://ncppb.fera.co.uk/furtherinfo/1934	7
NCPPB 1935	Xanthomonas campestris pv. nigromaculans (Takimoto 1927) Dye 1978			Japan	Unknown	1966	No	Yes	This organism has been placed in Xanthomonas hortorum by many authors e.g. Harrison et al. 2023 https://doi.org/10.1099/acmi.0.000532.v3		https://ncppb.fera.co.uk/furtherinfo/1935	7
NCPPB 1936	Xanthomonas oryzae pv. oryzae (Ishiyama 1922) Swings et al. 1990	Xanthomonas oryzae	Xanthomonas campestris pv. oryzae (Ishiyama 1922) Dye 1978	India	Oryza sativa	1966	No	No			https://ncppb.fera.co.uk/furtherinfo/1936	7
NCPPB 1937	Sphingomonas sp. (Bryan and McWhorter 1930) Dye 1978	Xanthomonas campestris pv. papavericola		USA		1966	No	No	Papaver orientale. Strain received as Xanthomonas campestris pv. papavericola however, since identified as Sphingomonas sp. 09.01.26 SM		https://ncppb.fera.co.uk/furtherinfo/1937	7
NCPPB 1938	Xanthomonas campestris pv. plantaginis (Thornberry & Anderson 1937) Dye 1978	Xanthomonas plantaginis (Thornberry & Anderson 1937) Burkholder 1948		Australia	Plantago lanceolata	1966	No	No	Not pathogenic (D.W. Dye pers. comm.).		https://ncppb.fera.co.uk/furtherinfo/1938	7
NCPPB 1939	Xanthomonas axonopodis pv. poinsettiicola (Patel et al. 1951) Vauterin et al. 1995	Xanthomonas poinsettiicola Patel et al. 1951	Xanthomonas campestris pv. poinsettiicola (Patel et al. 1951) Dye 1978	USA	Euphorbia pulcherrima	1966	No	No			https://ncppb.fera.co.uk/furtherinfo/1939	7
NCPPB 1941	Pantoea anthophila Brady et al. 2009	Xanthomonas tagetis	Erwinia herbicola (Lohnis 1911 ) Dye 1964		Tagetes erecta	1966	No	No	WGS confirms this strain is Pantoea anthophila (NCPPB March 2025).		https://ncppb.fera.co.uk/furtherinfo/1941	7
NCPPB 1942	Xanthomonas translucens pv. translucens (Jones et al. 1917) Vauterin et al. 1995	Xanthomonas translucens Jones et al. 1917	Xanthomonas campestris pv. translucens (Jones et al. 1917) Dye 1978	Kenya		1966	No	No			https://ncppb.fera.co.uk/furtherinfo/1942	7
NCPPB 1943	Xanthomonas cerealis pv. cerealis Tambong et al. 2024	Xanthomonas translucens f.sp cerealis Hagborg 1942	Xanthomonas campestris pv. cerealis (Hagborg 1942) Dye 1978; Xanthomonas translucens pv. cerealis (Hagborg 1942) Vauterin et al.1995	USA	Hordeum vulgare	1966	No	No			https://ncppb.fera.co.uk/furtherinfo/1943	7
NCPPB 1944	Xanthomonas cerealis pv. cerealis Tambong et al. 2024	Xanthomonas translucens f.sp cerealis Hagborg 1942	Xanthomonas campestris pv. cerealis (Hagborg 1942) Dye 1978; Xanthomonas translucens pv. cerealis (Hagborg 1942) Vauterin et al.1995	USA	Bromus inermis	1966	No	Yes		Tambong JT, Xu R, Fleitas MC, Kutcher R. Taxonogenomic analysis of the Xanthomonas translucens complex leads to the descriptions of Xanthomonas cerealis sp. nov. and Xanthomonas graminis sp. nov. Int J Syst Evol Microbiol 2024; 74:6523. 10.1099/ijsem.0.006523	https://ncppb.fera.co.uk/furtherinfo/1944	7
NCPPB 1945	Xanthomonas translucens pv. undulosa (Smith et al. 1919) Vauterin et al. 1995	Xanthomonas translucens f.sp. undulosa Smith et al. 1919	Xanthomonas campestris pv. undulosa (Smith et al. 1919) Dye 1978	Canada	Triticum aestivum	1966	No	No			https://ncppb.fera.co.uk/furtherinfo/1945	7
NCPPB 1946	Xanthomonas campestris pv. raphani (White 1930) Dye 1978	Xanthomonas vesicatoria f.sp. raphani White) Starr & Burkholder 1942		USA	Raphanus sativus	1966	No	Yes	Xcc Race 5(Vicente et al. 2001)		https://ncppb.fera.co.uk/furtherinfo/1946	7
NCPPB 1974	Stenotrophomonas maltophilia (Hugh 1981) Palleroni and Bradbury 1993	Pseudomonas maltophilia	Xanthomonas maltophilia (Hugh 1981) Palleroni and Bradbury 1993		Cancer Patient		Yes	No			https://ncppb.fera.co.uk/furtherinfo/1974	7
NCPPB 1975	Stenotrophomonas maltophilia (Hugh 1981) Palleroni and Bradbury 1993	Pseudomonas maltophilia	Xanthomonas maltophilia (Hugh 1981) Palleroni and Bradbury 1993				No	No			https://ncppb.fera.co.uk/furtherinfo/1975	7
NCPPB 1981	Xanthomonas sp. Dowson 1939			UK	Pyrus communis	1967	No	No	Associated with plant material; not known to be pathogenic. Not a Xanthomonad. Re: Phylogenetic structure of Xanthomonas determined by comparison of gyrB sequences. Int.J.of Syst. and evol. Microbiology (2009),59,264-274.		https://ncppb.fera.co.uk/furtherinfo/1981	7
NCPPB 2005	Xanthomonas vasicola pv. musacearum (Yirgou & Bradbury 1968) Dye 1978		Xanthomonas campestris pv. musacearum (Yirgou & Bradbury 1968) Dye 1978	Ethiopia	Ensete ventricosum	1967	No	Yes			https://ncppb.fera.co.uk/furtherinfo/2005	7
NCPPB 2011	Xanthomonas hortorum pv. hederae (Arnaud 1920) Vauterin et al. 1995	Xanthomonas hederae	Xanthomonas campestris pv. hederae (Arnaud 1920) Dye 1978	UK	Hedera helix	1967	No	No			https://ncppb.fera.co.uk/furtherinfo/2011	8
NCPPB 2016	Xanthomonas hortorum pv. hederae (Arnaud 1920) Vauterin et al. 1995	Xanthomonas hederae	Xanthomonas campestris pv. hederae (Arnaud 1920) Dye 1978	UK	Hedera helix	1967	No	No			https://ncppb.fera.co.uk/furtherinfo/2016	8
NCPPB 2031	Xanthomonas campestris pv. campestris (Pammel 1895) Dowson 1939	Xanthomonas campestris (Pammel 1895) Dowson 1939		South Africa	Brassica oleracea var. capitata	1967	No	No			https://ncppb.fera.co.uk/furtherinfo/2031	8
NCPPB 2044	Xanthomonas vesicatoria (ex Doidge 1920) Vauterin et al. 1995	Xanthomonas vesicatoria (Doidge 1920) Dowson 1939	Xanthomonas campestris pv. vesicatoria (Doidge 1920) Dye 1978	Australia	Physalis peruviana	1968	No	No		Moffet, M.L. 1966. Qd. J. Agric. Anim. Sci. 23: 133	https://ncppb.fera.co.uk/furtherinfo/2044	8
NCPPB 2057	Xanthomonas euvesicatoria pv. heliotropii (Sabet et al.1969) Harrison et al. 2023		Xanthomonas campestris pv. heliotropii (Sabet et al.1969) Dye 1978	Sudan	Heliotropium sudanicum	1968	No	Yes			https://ncppb.fera.co.uk/furtherinfo/2057	8
NCPPB 2058	Xanthomonas citri pv. vignaeradiatae (Sabet et al. 1969) Constantin et al. 2016 comb. nov	Xanthomonas phaseoli f.sp.. vignaeradiatae Sabet et al. 1969	Xanthomonas campestris pv. vignaeradiatae (Sabet et al. 1969) Dye 1978, Xanthomonas axonopodis pv. vignaeradiatae (Sabet et al. 1969) Vauterin et al. 1995	Sudan	Vigna radiata	1968	No	Yes			https://ncppb.fera.co.uk/furtherinfo/2058	8
NCPPB 2059	Xanthomonas citri pv. vignicola (Burkholder 1944) Constantin et al. 2016 comb. nov.	Xanthomonas vignicola Burkholder 1944	Xanthomonas campestris pv. vignicola (Burkholder 1944) Dye 1978, Xanthomonas axonopodis pv. vignicola (Burkholder 1944) Vauterin et al.1995	Sudan	Vigna pubigera	1968	No	No			https://ncppb.fera.co.uk/furtherinfo/2059	8
NCPPB 2060	Xanthomonas citri pv. rhynchosiae (Sabet et al. 1969) Constantin et al. 2016 comb. nov	Xanthomonas phaseoli f.sp.rhynchosiae Sabet et al. 1969	Xanthomonas campestris pv. rhynchosiae (Sabet et al. 1969) Dye 1978, Xanthomonas axonopodis pv. rhynchosiae (Sabet et al. 1969) Vauterin et al.1995	Sudan	Rhynchosia memnonia	1968	No	No			https://ncppb.fera.co.uk/furtherinfo/2060	8
NCPPB 2061	Xanthomonas citri pv. vignicola (Burkholder 1944) Constantin et al. 2016 comb. nov.	Xanthomonas vignicola Burkholder 1944	Xanthomonas campestris pv. vignicola (Burkholder 1944) Dye 1978, Xanthomonas axonopodis pv. vignicola (Burkholder 1944) Vauterin et al.1995	Sudan	Vigna unguiculata	1968	No	No			https://ncppb.fera.co.uk/furtherinfo/2061	8
NCPPB 2062	Xanthomonas euvesicatoria pv. alfalfae (ex Riker et al. 1935) Constantin et al. 2016 comb. nov.	X. phaseoli f. sp. alfalfae	Xanthomonas campestris pv. alfalfae (Riker et al. 1935) Dye 1978, Xanthomonas axonopodis pv. alfalfae (Riker et al. 1935) Vauterin et al. 1995, Xanthomonas alfalfae subsp. alfalfae (ex Riker et al. 1935) Schaad et al. 2007	Sudan	Medicago sativa	1968	No	No			https://ncppb.fera.co.uk/furtherinfo/2062	8
NCPPB 2063	Xanthomonas axonopodis pv. cajani (Kulkarni et al. 1950) Vauterin et al. 1995	X. phaseoli f. sp. cajani.	Xanthomonas campestris pv. cajani (Kulkarni et al. 1950) Dye 1978	Sudan	Cajanus cajan	1968	No	No			https://ncppb.fera.co.uk/furtherinfo/2063	8
NCPPB 2064	Xanthomonas citri (ex Hasse 1915) Gabriel et al. 1989	Xanthomonas phaseoli (Smith 1897) Dowson 1939	Xanthomonas axonopodis pv. phaseoli (Smith 1897) Vauterin et al.1995, Xanthomonas campestris pv. phaseoli (Smith 1897) Dye 1978	Sudan	Dolichos lablab	1968	No	No	Partial gene sequence (gyrB) indicates that this is two bp different to NCPPB 554 X. citri pv. glycines	Sabet, K.A. Ishaq, F., Khalil, O. 1969. Ann. Appl. Biol. 63: 357	https://ncppb.fera.co.uk/furtherinfo/2064	8
NCPPB 2066	Xanthomonas axonopodis pv. phyllanthi (Sabet et al. 1969) Vauterin et al 1995	Xanthomonas ricini f.sp. phyllanthi Sabet et al. 1969	Xanthomonas campestris pv. phyllanthii (Sabet et al. 1969) Dye 1978	Sudan	Phyllanthus niruri	1968	No	Yes	Whole genome sequencing (NCPPB July 2025) indicates this organism is likely to be a pathovar of X. euvesicatoria.		https://ncppb.fera.co.uk/furtherinfo/2066	8
NCPPB 2067	Xanthomonas euvesicatoria pv. euphorbiae (Sabet et al.1969) Harrison et al. 2023		Xanthomonas campestris pv. euphorbiae (Sabet et al.1969) Dye 1978	Sudan	Euphorbia acalyphoides	1968	No	No			https://ncppb.fera.co.uk/furtherinfo/2067	8
NCPPB 2095	Xanthomonas hyacinthi (Wakker 1883) Vauterin et al. 1995	Xanthomonas hyacinthi	Xanthomonas campestris pv. hyacinthi (Wakker 1883) Dye 1978	UK	Hyacinthus orientalis	1968	No	No			https://ncppb.fera.co.uk/furtherinfo/2095	8
NCPPB 2097	Xanthomonas euvesicatoria pv. vernoniae (Patel et al. 1968) Harrison et al. 2023		Xanthomonas campestris pv. vernoniae (Patel et al. 1968) Dye 1978		Vernonia cinerea (Cyanthillium cinereum)		No	No			https://ncppb.fera.co.uk/furtherinfo/2097	8
NCPPB 2099	Xanthomonas campestris pv. zantedeschiae (Joubert & Truter 1972) Dye 1978			South Africa	Zantadeschia aethiopica	1968	No	No			https://ncppb.fera.co.uk/furtherinfo/2099	8
NCPPB 2147	Pseudomonas sp. Migula 1894	Xanthomonas type	Xanthomonas sp.	E. Germany	Asparagus officinalis	1968	No	No	Yellow pigmented Pseudomonas syringae.	Behr, L. 1967. Phytopath. Z. 60: 358	https://ncppb.fera.co.uk/furtherinfo/2147	8
NCPPB 2181	Xanthomonas translucens pv. translucens (Jones et al. 1917) Vauterin et al. 1995	X. translucens f. sp. hordei	Xanthomonas campestris pv. translucens (Jones et al. 1917) Dye 1978	Japan	Dactylis glomerata	1969	No	No		Tominaga, T. 1967. Jap. J. Bacteriol. 22: 628	https://ncppb.fera.co.uk/furtherinfo/2181	8
NCPPB 2182	Xanthomonas campestris pv. gummisudans (McCulloch 1924) Dye 1978			Netherlands	Gladiolus sp.	1969	No	Yes	Partial gene sequencing of gyrB (Parkinson et al. 2009) places this strain in Xanthomonas translucens.		https://ncppb.fera.co.uk/furtherinfo/2182	8
NCPPB 2183	Xanthomonas hyacinthi (Wakker 1883) Vauterin et al. 1995	Xanthomonas hyacinthi	Xanthomonas campestris pv. hyacinthi (Wakker 1883) Dye 1978	Netherlands	Hyacinthus orientalis	1969	No	No			https://ncppb.fera.co.uk/furtherinfo/2183	8
NCPPB 2190	Xanthomonas campestris pv. esculenti (Rangasami & Eswaran 1962) Dye 1978			Brazil	Hibiscus esculentus	1969	No	Yes	See also under E. herbicola.		https://ncppb.fera.co.uk/furtherinfo/2190	8
NCPPB 2217	Xylophilus ampelinus (Panagopoulos 1969) Willems et al. 1987		Xanthomonas ampelina Panagopoulos 1969	Greece	Vitis vinifera var. sultana	1968	Yes	No			https://ncppb.fera.co.uk/furtherinfo/2217	8
NCPPB 2218	Xylophilus ampelinus (Panagopoulos 1969) Willems et al. 1987		Xanthomonas ampelina Panagopoulos 1969	Greece	Vitis vinifera	1969	No	No		Panagopoulos, C.G. 1969. Annls. Inst. Phytopath. Benaki. N.S. 9: 59	https://ncppb.fera.co.uk/furtherinfo/2218	8
NCPPB 2226	Xanthomonas axonopodis pv. begoniae (Takimoto 1934) Vauterin et al. 1995	Xanthomonas begoniae Takimoto 1934	Xanthomonas campestris pv. begoniae (Takimoto 1934) Dye 1978	UK	Begonia sp.	1969	No	No			https://ncppb.fera.co.uk/furtherinfo/2226	8
NCPPB 2228	Xanthomonas axonopodis pv. biophyti (Patel et al.1969) Vauterin et al. 1995	Xanthomonas biophyti	Xanthomonas campestris pv. biophytii (Patel et al.1969) Dye 1978	India	Biophytum sensitivum	1969	No	Yes	Whole genome sequencing (NCPPB July 2025) indicates this organism is likely to be a pathovar of X. euvesicatoria.		https://ncppb.fera.co.uk/furtherinfo/2228	8
NCPPB 2229	Xanthomonas campestris pv. leeana (Patel & Kofasthane 1969) Dye 1978			India	Leea edgeworthii	1969	No	Yes			https://ncppb.fera.co.uk/furtherinfo/2229	8
NCPPB 2230	Xanthomonas axonopodis pv. fascicularis (Patel & Kotasthane 1969) Vauterin et al. 1995	Xanthomonas nakatae var. fascicularis Patel & Kotasthane 1969	Xanthomonas campestris pv. fascicularis (Patel & Kotasthane 1969) Dye 1978	India	Corchorus fascicularis	1969	No	Yes			https://ncppb.fera.co.uk/furtherinfo/2230	8
NCPPB 2247	Xanthomonas albilineans (Ashby 1929) Dowson 1943	Xanthomonas albilineans		Malawi	Saccharum officinarum	1969	No	No			https://ncppb.fera.co.uk/furtherinfo/2247	8
NCPPB 2248	Xanthomonas hortorum pv. vitians Morinière et al. 2020	Xanthomonas vitians (Brown 1918) Dowson 1943	Xanthomonas axonopodis pv. vitians (Brown 1918) Vauterin et al. 1995; Xanthomonas campestris pv. vitians (Brown 1918) Dye 1978	Zimbabwe	Lactuca sativa	1969	No	Yes			https://ncppb.fera.co.uk/furtherinfo/2248	8
NCPPB 2249	Xanthomonas albilineans (Ashby 1929) Dowson 1943	Xanthomonas albilineans		Barbados	Saccharum officinarum	1969	No	No			https://ncppb.fera.co.uk/furtherinfo/2249	8
NCPPB 2250	Xanthomonas sp.		Xanthomonas campestris	Mauritius	Zingiber officinale	1969	No	No	Pathovar unspecified. Fatty acid profile typical of xanthomonas.		https://ncppb.fera.co.uk/furtherinfo/2250	8
NCPPB 2251	Xanthomonas vasicola pv. musacearum (Yirgou & Bradbury 1968) Dye 1978	Xanthomonas campestris pv. musacearum	Xanthomonas campestris pv. musacearum (Yirgou & Bradbury 1968) Dye 1978	Ethiopia	Musa sp.	1969	No	No			https://ncppb.fera.co.uk/furtherinfo/2251	8
NCPPB 2255	Xanthomonas phaseoli pv. syngonii (Dickey & Zumoff 1987) Constantin et al. 2016 comb. nov.	X. campestris pv. vitians	Xanthomonas campestris pv. syngonii Dickey & Zumoff 1987	USA	Syngonium podophyllum	1969	No	No	Weakly pathogenic to Lettuce (Wehlburg, per. comm).		https://ncppb.fera.co.uk/furtherinfo/2255	8
NCPPB 2257	Xanthomonas albilineans (Ashby 1929) Dowson 1943	Xanthomonas albilineans		Barbados	Saccharum officinarum	1970	No	No			https://ncppb.fera.co.uk/furtherinfo/2257	8
NCPPB 2258	Xanthomonas albilineans (Ashby 1929) Dowson 1943	Xanthomonas albilineans		St. Kitts	Saccharum officinarum	1970	No	No			https://ncppb.fera.co.uk/furtherinfo/2258	8
NCPPB 2269	Xanthomonas hortorum pv. pelargonii (Brown 1923) Vauterin et al. 1995	Xanthomonas pelargonii	Xanthomonas campestris pv. pelargonii (Brown 1923) Dye 1978	UK	Pelargonium hortorum	1970	No	No			https://ncppb.fera.co.uk/furtherinfo/2269	8
NCPPB 2275	Pantoea stewartii subsp. indologenes Mergaert et al. 1993	Xanthomonas annamalaiensis	Erwinia herbicola (Lohnis 1911 ) Dye 1964	India	Pennisetum glaucum	1970	No	No	Cotype of Xanthomonas annamalaiensis.	Dye, D.W. 1966. N. Z. Jl. Sci. 9: 843	https://ncppb.fera.co.uk/furtherinfo/2275	8
NCPPB 2276	Pantoea anthophila Gavini et al. 1989	Xanthomonas balsimovorum	Erwinia herbicola (Lohnis 1911 ) Dye 1964	India	Impatiens balsamina	1970	No	No	WGS indicates this strain is Pantoea anthophila (NCPPB March 2025). Cotype of Xanthomonas balsamivorum.	Dye, D.W. 1966. N. Z. Jl. Sci. 9: 843	https://ncppb.fera.co.uk/furtherinfo/2276	8
NCPPB 2279	Pantoea dispersa Gavini et al. 1989	Xanthomonas esculenti	Erwinia herbicola (Lohnis 1911 ) Dye 1964	India	Hibiscus esculentus	1970	No	No	WGS confirms this strain is Pantoea dispersa (NCPPB March 2025). Cotype of Xanthomonas esculenti.	Dye, D.W. 1966. N. Z. Jl. Sci. 9: 843	https://ncppb.fera.co.uk/furtherinfo/2279	8
NCPPB 2280	Pantoea stewartii subsp. indologenes Mergaert et al. 1993	Xanthomonas indica	Erwinia herbicola (Lohnis 1911 ) Dye 1964	India	Setaria indica	1970	Yes	No	Received 1970 as X.indica. Renamed as E.herbicola and deleted in 1985/1986. Reinstated 1995 as P.s.indologenes. Renamed 1993 as Pantoea stewartii subsp. indolgenes.	Indian phytopath 14, 105-107, 1961.	https://ncppb.fera.co.uk/furtherinfo/2280	8
NCPPB 2281	Pantoea stewartii subsp. indologenes Mergaert et al. 1993	Xanthomonas indica	Erwinia herbicola (Lohnis 1911 ) Dye 1964	India	Setaria italica	1970	No	No	Cotype of Xanthomonas indica.	Dye, D.W. 1966. N. Z. Jl. Sci. 9: 843	https://ncppb.fera.co.uk/furtherinfo/2281	8
NCPPB 2282	Pantoea stewartii subsp. indologenes Mergaert et al. 1993	Xanthomonas penniseti	Erwinia herbicola (Lohnis 1911 ) Dye 1964	India	Pennisetum glaucum	1970	No	No	Cotype of Xanthomonas penniseti.	Dye, D.W. 1966. N. Z. Jl. Sci. 9: 843	https://ncppb.fera.co.uk/furtherinfo/2282	8
NCPPB 2285	Pantoea dispersa Gavini et al. 1989	Xanthomonas rubrisorghi	Erwinia herbicola (Lohnis 1911 ) Dye 1964	India	Sorghum vulgare	1970	No	No	WGS confirms this strain is Pantoea dispersa (NCPPB March 2025). Cotype of Xanthomonas rubrisorghi.	Dye, D.W. 1966. N. Z. Jl. Sci. 9: 843	https://ncppb.fera.co.uk/furtherinfo/2285	8
NCPPB 2297	Xanthomonas sp. Dowson 1939	Flavobacterium sp.		UK	Delphinium ajacis	1970	No	No		Dorey, M.J. 1959. J. Gen. Microbiol. 20: 91; Lund, B.M. 1969. J. Appl. Bact. 32: 60	https://ncppb.fera.co.uk/furtherinfo/2297	8
NCPPB 2336	Xanthomonas hortorum pv. hederae (Arnaud 1920) Vauterin et al. 1995	Xanthomonas hederae	Xanthomonas campestris pv. hederae (Arnaud 1920) Dye 1978	UK	Hedera helix	1970	No	No			https://ncppb.fera.co.uk/furtherinfo/2336	8
NCPPB 2337	Xanthomonas dyei pv. eucalypti (Truman 1974) Young et al. 2010			Australia	Eucalyptus maculata var. citriodora	1970	No	Yes			https://ncppb.fera.co.uk/furtherinfo/2337	8
NCPPB 2338	Xanthomonas dyei pv. eucalypti (Truman 1974) Young et al. 2010			Australia	Eucalyptus maculata var. citriodora	1970	No	No			https://ncppb.fera.co.uk/furtherinfo/2338	8
NCPPB 2345	Xanthomonas campestris (Pammel 1895) Dowson 1939	Xanthomonas sp.		UK	Cheiranthus cheiri	1970	No	No	Pathovar unspecified.Fatty acid profile typical of xanthomonas.Close to X. campestris pv. campestris		https://ncppb.fera.co.uk/furtherinfo/2345	8
NCPPB 2346	Xanthomonas phaseoli pv. passiflorae (Pereira 1969) Harrison et al. 2023		Xanthomonas campestris pv. passiflorae (Pereira 1969) Dye 1978	Brazil	Passiflora edulis	1971	No	Yes			https://ncppb.fera.co.uk/furtherinfo/2346	8
NCPPB 2352	Xanthomonas axonopodis pv. maculifoliigardeniae (Ark & Barrett 1946) Vauterin et al. 1995	Xanthomonas maculifoliigardeniae Ark & Barrett 1946	Xanthomonas camp. pv. maculifoliigardeniae (Ark & Barrett 1946) Dye 1978	USA	Ixora coccinea	1971	No	No			https://ncppb.fera.co.uk/furtherinfo/2352	9
NCPPB 2368	Xanthomonas axonopodis pv. pedalii (Patel & Jindal 1972) Vauterin et al. 1995	Xanthomonas pedalii Patel & Jindal 1972	Xanthomonas campestris pv. pedalii (Patel & Jindal 1972) Dye 1978	India	Pedalium murex	1971	No	Yes	Whole genome sequencing (NCPPB July 2025) indicates this organism is likely to be a pathovar of X. euvesicatoria. Non-pigmented		https://ncppb.fera.co.uk/furtherinfo/2368	9
NCPPB 2369	Xanthomonas axonopodis pv. ricini (Yoshi & Takimoto 1928) Vauterin et al. 1995	X. ricinicola	Xanthomonas campestris pv. ricini (Yoshi & T akimoto 1928) Dye 1978	India	Ricinus communis	1971	No	No			https://ncppb.fera.co.uk/furtherinfo/2369	9
NCPPB 2370	Xanthomonas euvesicatoria pv. heliotropii (Sabet et al.1969) Harrison et al. 2023	X. heliotropii Jindal & Patel, probably a later homonym.	Xanthomonas campestris pv. heliotropii (Sabet et al.1969) Dye 1978	India	Heliotropium eichwaldi	1971	No	No			https://ncppb.fera.co.uk/furtherinfo/2370	9
NCPPB 2371	Xanthomonas euvesicatoria pv. amorphophalli (Jindal et al. 1972) Constantin et al. 2016 comb. nov.		Xanthomonas campestris pv. amorphophalli (Jindal et al. 1972) Dye 1978	India	Amorphophallus campanulatus	1971	No	Yes			https://ncppb.fera.co.uk/furtherinfo/2371	9
NCPPB 2372	Xanthomonas euvesicatoria pv. fici (Cavara 1905) Harrison et al. 2023		Xanthomonas campestris pv. fici (Cavara 1905) Dye 1978	India	Ficus religiosa	1971	No	Yes			https://ncppb.fera.co.uk/furtherinfo/2372	9
NCPPB 2373	Xanthomonas euvesicatoria pv. carissae (Moniz et al. 1964) Harrison et al. 2023		Xanthomonas campestris pv. carissae (Moniz et al. 1964) Dye 1978	India	Carissa carandas	1971	No	Yes			https://ncppb.fera.co.uk/furtherinfo/2373	9
NCPPB 2374	Xanthomonas euvesicatoria pv. carissae (Moniz et al. 1964) Harrison et al. 2023		Xanthomonas campestris pv. carissae (Moniz et al. 1964) Dye 1978	India	Carissa carandas	1971	No	No			https://ncppb.fera.co.uk/furtherinfo/2374	9
NCPPB 2375	Xanthomonas axonopodis pv. axonopodis Starr & Garces 1950	Xanthomonas axonopodis Starr & Garces 1950	Xanthomonas axonopodis pv. axonopodis Starr & Garces 1950	Colombia	Axonopus scoparius	1971	No	No			https://ncppb.fera.co.uk/furtherinfo/2375	9
NCPPB 2376	Xanthomonas axonopodis pv. axonopodis Starr & Garces 1950	Xanthomonas axonopodis Starr & Garces 1950	Xanthomonas axonopodis pv. axonopodis Starr & Garces 1950	Colombia	Axonopus scoparius	1971	No	No			https://ncppb.fera.co.uk/furtherinfo/2376	9
NCPPB 2387	Xanthomonas citri pv. mangiferaeindicae (Patel et al. 1948) Constantin et al. 2016 comb. nov.	Xanthomonas campestris pv. mangiferaeindicae (Patel et al. 1948) Robbs, Ribeiro & Kimura 1974	Xanthomonas campestris pv. mangiferaeindicae (Patel et al. 1948) Robbs, Ribeiro & Kimura 1974, Xanthomonas axonopodis pv. mangiferaeindicae (Patel et al. 1948) Ah-You et al. 2007	India	Mangifera indica	1971	No	No	Partial gene (gyrB) sequence indicates this is Xanthomonas citri.		https://ncppb.fera.co.uk/furtherinfo/2387	9
NCPPB 2388	Xanthomonas campestris pv. azadirachtae (Desai et al.1966) Dye 1978			India	Melia indica (Isolated from Azadirachta indica A.	1971	No	Yes		Literature: Bansal, Kanika; Kumar, Sanjeet; Patil, Prabhu B. (2022)Phylo-Taxonogenomics Supports Revision of Taxonomic Status of 20 Xanthomonas Pathovars to Xanthomonas citri.Phytopathology®112(6)1201-1207. DOI: 10.1094/PHYTO-08-21-0342-SC	https://ncppb.fera.co.uk/furtherinfo/2388	9
NCPPB 2389	Xanthomonas translucens pv. translucens (Jones et al. 1917) Vauterin et al. 1995	X. translucens f. sp. hordei	Xanthomonas campestris pv. translucens (Jones et al. 1917) Dye 1978	India	Hordeum vulgare	1971	No	No			https://ncppb.fera.co.uk/furtherinfo/2389	9
NCPPB 2393	Xanthomonas euvesicatoria pv. alfalfae (ex Riker et al. 1935) Constantin et al. 2016 comb. nov.	X. phaseoli f. sp. alfalfae	Xanthomonas campestris pv. alfalfae (Riker et al. 1935) Dye 1978, Xanthomonas axonopodis pv. alfalfae (Riker et al. 1935) Vauterin et al. 1995, Xanthomonas alfalfae subsp. alfalfae (ex Riker et al. 1935) Schaad et al. 2007	Japan	Medicago sativa	1971	No	No			https://ncppb.fera.co.uk/furtherinfo/2393	9
NCPPB 2417	Xanthomonas vasicola pv. holcicola (Elliott 1930) Vauterin et al. 1995	Xanthomonas holcicola Elliott 1930	Xanthomonas campestris pv. holcicola (Elliott 1930) Dye 1978	New Zealand	Sorghum vulgare	1971	Yes	Yes			https://ncppb.fera.co.uk/furtherinfo/2417	9
NCPPB 2436	Xanthomonas campestris pv. arracaciae (Pereira et al.1971) Dye 1978			Brazil	Arracacia xanthorrhiza	1972	No	Yes	Partial gene sequencing of gyrB (Parkinson et al. 2009) places this strain in Xanthomonas arboricola.		https://ncppb.fera.co.uk/furtherinfo/2436	9
NCPPB 2438	Xanthomonas citri pv. mangiferaeindicae (Patel et al. 1948) Constantin et al. 2016 comb. nov.	Xanthomonas campestris pv. mangiferaeindicae (Patel et al. 1948) Robbs, Ribeiro & Kimura 1974	Xanthomonas campestris pv. mangiferaeindicae (Patel et al. 1948) Robbs, Ribeiro & Kimura 1974, Xanthomonas axonopodis pv. mangiferaeindicae (Patel et al. 1948) Ah-You et al. 2007	South Africa	Mangifera indica	1972	No	No	Partial gene (gyrB) sequence indicates this is Xanthomonas citri.		https://ncppb.fera.co.uk/furtherinfo/2438	9
NCPPB 2439	Xanthomonas campestris pv. zinniae (Hopkins & Dowson 1949) Dye 1978			Australia	Zinnia elegans	1972	No	Yes			https://ncppb.fera.co.uk/furtherinfo/2439	9
NCPPB 2443	Xanthomonas phaseoli pv. manihotis (Bondar 1912) Constantin et al. 2016 comb. nov.	Cassava blight Bacterium	Xanthomonas campestris pv. manihotis (Berthet & Bondar 1915) Dye 1978, Xanthomonas axonopodis pv. manihotis (Bondar 1912) Vauterin et al. 1995	Colombia	Manihot esculenta	1972	No	No	Non-pigmented		https://ncppb.fera.co.uk/furtherinfo/2443	9
NCPPB 2444	Xanthomonas phaseoli pv. manihotis (Bondar 1912) Constantin et al. 2016 comb. nov.	Cassava blight Bacterium	Xanthomonas campestris pv. manihotis (Berthet & Bondar 1915) Dye 1978, Xanthomonas axonopodis pv. manihotis (Bondar 1912) Vauterin et al. 1995	Colombia	Manihot esculenta	1972	No	No	Non-pigmented		https://ncppb.fera.co.uk/furtherinfo/2444	9
NCPPB 2446	Xanthomonas oryzae pv. oryzae (Ishiyama 1922) Swings et al. 1990	Xanthomonas oryzae	Xanthomonas campestris pv. oryzae (Ishiyama 1922) Dye 1978	Japan	Oryza sativa	1972	No	No			https://ncppb.fera.co.uk/furtherinfo/2446	9
NCPPB 2473	Xanthomonas fragariae Kennedy and King 1962	Xanthomonas fragariae Kennedy and King 1962		Italy	Fragaria vesca	1972	No	No	WGS (NCPPB March 2024) indicates this X. fragariae strain is in the same phylogenetic group as NCPPB 4055, NCPPB 3743, NCPPB 3028, NCPPB 2949, and NCPPB 1822.		https://ncppb.fera.co.uk/furtherinfo/2473	9
NCPPB 2475	Xanthomonas campestris pv. viticola (Nayudu 1972) Dye 1978			India	Vitis vinifera	1972	No	Yes	da Gama et al. (2018) places this pathovar in Xanthomonas citri (Constantin et al. 2016)		https://ncppb.fera.co.uk/furtherinfo/2475	9
NCPPB 2490	Xanthomonas campestris pv. vitiswoodrowii (Patel & Kulkarni 1951) Dye 1978			India	Vitis vinifera	1972	No	No			https://ncppb.fera.co.uk/furtherinfo/2490	9
NCPPB 2492	Xanthomonas euvesicatoria pv. clerodendri (Patel et al. 1952) Harrison et al. 2023		Xanthomonas campestris pv. clerodendri (Patel et al. 1952) Dye 1978	India	Clerodendron sp.	1972	No	No			https://ncppb.fera.co.uk/furtherinfo/2492	9
NCPPB 2493	Sphingomonas paucimobilis (Holmes et al.1977) Yabuchi et al. 1990	Xanthomonas campestris pv. Cucurbitae	Pseudomonas paucimobilis Holmes et al.1977	Brunei	Cucurbita sp. (gourd)	1972	No	No	Not a Xanthomonas sp. Fatty acid profile typical of Pseudomonas paucimobilis.		https://ncppb.fera.co.uk/furtherinfo/2493	9
NCPPB 2494	Xanthomonas axonopodis pv. cyamopsidis (Patel et al.1953) Vauterin et al. 1995	Xanthomonas cyamopsidis Patel et al.1953	Xanthomonas campestris pv. cyamopsidis (Patel et al.1953) Dye 1978	India	Cyamopsis tetragonolobus	1972	No	No			https://ncppb.fera.co.uk/furtherinfo/2494	9
NCPPB 2495	Xanthomonas citri pv. malvacearum (Smith 1901) Constantin et al. 2016 comb. nov.	Xanthomonas malvacearum (Smith 1901) Dowson 1939	Xanthomonas campestris pv. malvacearum (Smith 1901) Dye 1978, Xanthomonas axonopodis pv. malvacearum (Smith 1901) Vauterin et al. 1995, Xanthomonas citri subsp. malvacearum (Smith 1901) Schaad et al. 2007	USSR	Gossypium hirsutum	1972	No	No	Group 2. The group classification of Hayward (1964b) and the race classification of Hunter et al. (1968) is used.	Hayward, A.C. 1964. J. Gen. Microbiol. 35: 287; Hunter, R.E., Brinkerhoff, L.A., Bird, L.S. 1968. P	https://ncppb.fera.co.uk/furtherinfo/2495	9
NCPPB 2496	Xanthomonas euvesicatoria pv. sesami (Sabet & Dowson 1960) Constantin et al. 2016 comb. nov.		Xanthomonas campestris pv. sesami (Sabet & Dowson 1960) Dye 1978	India	Sesamum indicum	1972	No	No			https://ncppb.fera.co.uk/furtherinfo/2496	9
NCPPB 2497	Xanthomonas sp. Dowson 1939		Xanthomonas campestris	India	Alternathera philoxeroides	1972	No	No	Pathovar unspecified. Fatty acid profile not typical of xanthomonas. Close to Flavobacterium sp. Not a Xanthomonad. Re: Phylogenetic structure of Xanthomonas determined by comparison of gyrB sequences. Int.J.of Syst. and evol. Microbiology (2009),59,264-274.		https://ncppb.fera.co.uk/furtherinfo/2497	9
NCPPB 2498	Xanthomonas euvesicatoria pv. convolvuli (Nagarkoti et al.1973) Harrison et al. 2023	Xanthomonas sp	Xanthomonas campestris pv. convolvuli (Nagarkoti et al.1973) Dye 1978	India	Convolvulus arvensis	1972	No	Yes			https://ncppb.fera.co.uk/furtherinfo/2498	9
NCPPB 2499	Xanthomonas citri pv. aracearum (Berniac 1974) Constantin et al. 2016 comb. nov.		Xanthomonas campestris pv. aracearum (Berniac 1974) Dye 1978	West Indies	Xanthosoma sagittifolium	1972	No	No			https://ncppb.fera.co.uk/furtherinfo/2499	9
NCPPB 2503	Xanthomonas albilineans (Ashby 1929) Dowson 1943	Xanthomonas albilineans		Martinique	Saccharum officinarum	1973	No	No			https://ncppb.fera.co.uk/furtherinfo/2503	9
NCPPB 2517	Xanthomonas campestris (Pammel 1895) Dowson 1939	Xanthomonas campestris pv. campestris (Pammel 1895) Dowson 1939		UK	Cheiranthus cheiri	1973	No	Yes			https://ncppb.fera.co.uk/furtherinfo/2517	9
NCPPB 2550	Xanthomonas phaseoli pv. manihotis (Bondar 1912) Constantin et al. 2016 comb. nov.	Xanthomonas manihotis (Berthet & Bondar 1915) Starr 1946	Xanthomonas campestris pv. manihotis (Berthet & Bondar 1915) Dye 1978, Xanthomonas axonopodis pv. manihotis (Bondar 1912) Vauterin et al. 1995			1973	No	No	Non-pigmented.		https://ncppb.fera.co.uk/furtherinfo/2550	9
NCPPB 2567	Xanthomonas cucurbitae (ex Bryan 1926) Vauterin et al. 1995	Xanthomonas cucurbitae	Xanthomonas campestris pv. cucurbitae (Bryan 1926) Dye 1978	USA	Cucumis sativus (cucumber)	1974	No	No			https://ncppb.fera.co.uk/furtherinfo/2567	9
NCPPB 2572	Xanthomonas vesicatoria (ex Doidge 1920) Vauterin et al. 1995	Xanthomonas vesicatoria (Doidge 1920) Dowson 1939	Xanthomonas campestris pv. vesicatoria (Doidge 1920) Dye 1978	USA	Capsicum frutescens	1974	No	No	Pathogenic on Capsicum frutescens and Solanum lycopersicum		https://ncppb.fera.co.uk/furtherinfo/2572	9
NCPPB 2573	Xanthomonas euvesicatoria pv. euvesicatoria (Jones et al. 2006) Constantin et al. 2016 comb. nov.	Xanthomonas vesicatoria (Doidge 1920) Dowson 1939	Xanthomonas campestris pv. vesicatoria (Doidge 1920) Dye 1978, Xanthomonas axonopodis pv. vesicatoria Vauterin et al. 1995 (Invalid name), Xanthomonas euvesicatoria Jones et al. 2006	USA	Solanum lycopersicum	1974	No	No	Pathogenic on Solanum lycopersicum, not pathogenic on Capsicum frutescens.		https://ncppb.fera.co.uk/furtherinfo/2573	9
NCPPB 2574	Xanthomonas euvesicatoria pv. euvesicatoria (Jones et al. 2006) Constantin et al. 2016 comb. nov.	Xanthomonas vesicatoria (Doidge 1920) Dowson 1939	Xanthomonas campestris pv. vesicatoria (Doidge 1920) Dye 1978, Xanthomonas axonopodis pv. vesicatoria Vauterin et al. 1995 (Invalid name), Xanthomonas euvesicatoria Jones et al. 2006	USA	Capsicum frutescens	1974	No	No	Pathogenic on Solanum lycopersicum and Capsicum frutescens.	Richard D., et al. (2017). Complete genome sequences of six copper-resistant Xanthomonas strains causing bacterial spot of Solaneous Plants, Belonging to X. gardneri, X. euvesicatoria, and X.vesicatoria, using long-read technology. Genome Annoucements 5:e01693-16	https://ncppb.fera.co.uk/furtherinfo/2574	9
NCPPB 2575	Xanthomonas euvesicatoria pv. euvesicatoria (Jones et al. 2006) Constantin et al. 2016 comb. nov.	Xanthomonas vesicatoria (Doidge 1920) Dowson 1939	Xanthomonas campestris pv. vesicatoria (Doidge 1920) Dye 1978, Xanthomonas axonopodis pv. vesicatoria Vauterin et al. 1995 (Invalid name), Xanthomonas euvesicatoria Jones et al. 2006	USA	Solanum lycopersicum	1974	No	No	Pathogenic on Solanum lycopersicum, not pathogenic on Capsicum frutescens.		https://ncppb.fera.co.uk/furtherinfo/2575	9
NCPPB 2576	Xanthomonas vesicatoria (ex Doidge 1920) Vauterin et al. 1995	Xanthomonas vesicatoria (Doidge 1920) Dowson 1939	Xanthomonas campestris pv. vesicatoria (Doidge 1920) Dye 1978	USA	Solanum lycopersicum	1974	No	No	Pathogenic on Solanum lycopersicum and Capsicum frutescens.		https://ncppb.fera.co.uk/furtherinfo/2576	9
NCPPB 2586	Xanthomonas campestris (Pammel 1895) Dowson 1939 (Approved Lists 1980)		Xanthomonas campestris	India	Brassica juncea	1974	No	No	Partial gene (gyrB) sequence is 100% match to NCPPB 528 (Xanthomonas c. pv. campestris (T) (2017)		https://ncppb.fera.co.uk/furtherinfo/2586	9
NCPPB 2587	Xanthomonas arboricola pv. pruni (Smith 1903) Vauterin et al. 1995	Xanthomonas pruni	Xanthomonas campestris pv. pruni (Smith 1903) Dye 1978	South Africa	Prunus armeniaca	1974	No	No			https://ncppb.fera.co.uk/furtherinfo/2587	9
NCPPB 2588	Xanthomonas arboricola pv. pruni (Smith 1903) Vauterin et al. 1995	Xanthomonas pruni	Xanthomonas campestris pv. pruni (Smith 1903) Dye 1978	South Africa	Prunus persica	1974	No	No			https://ncppb.fera.co.uk/furtherinfo/2588	9
NCPPB 2592	Xanthomonas euvesicatoria pv. betae (Robbs et al. 1981) Constantin et al. 2016 comb. nov.	X. campestris f. sp. betae.	Xanthomonas campestris pv. betae Robbs, Kimura & Ribeiro 1981	Brazil	Beta vulgaris (red beet)	1974	No	Yes			https://ncppb.fera.co.uk/furtherinfo/2592	9
NCPPB 2593	Xanthomonas euvesicatoria pv. euvesicatoria (Jones et al. 2006) Constantin et al. 2016 comb. nov.	Xanthomonas vesicatoria (Doidge 1920) Dowson 1939	Xanthomonas campestris pv. vesicatoria (Doidge 1920) Dye 1978, Xanthomonas axonopodis pv. vesicatoria Vauterin et al. 1995 (Invalid name), Xanthomonas euvesicatoria Jones et al. 2006	Brazil	Capsicum frutescens	1974	No	No	Pathogenic on Capsicum frutescens, not pathogenic on Solanum lycopersicum.		https://ncppb.fera.co.uk/furtherinfo/2593	9
NCPPB 2594	Xanthomonas euvesicatoria pv. euvesicatoria (Jones et al. 2006) Constantin et al. 2016 comb. nov.	Xanthomonas vesicatoria (Doidge 1920) Dowson 1939	Xanthomonas campestris pv. vesicatoria (Doidge 1920) Dye 1978, Xanthomonas axonopodis pv. vesicatoria Vauterin et al. 1995 (Invalid name), Xanthomonas euvesicatoria Jones et al. 2006	Brazil	Capsicum frutescens	1974	No	No	Pathogenic on Capsicum frutescens and Solanum lycopersicum.		https://ncppb.fera.co.uk/furtherinfo/2594	9
NCPPB 2595	Xanthomonas vesicatoria (ex Doidge 1920) Vauterin et al. 1995	Xanthomonas vesicatoria (Doidge 1920) Dowson 1939	Xanthomonas campestris pv. vesicatoria (Doidge 1920) Dye 1978	Brazil	Solanum lycopersicum	1974	No	No	Pathogenic on Solanum lycopersicum, not pathogenic on Capsicum frutescens.		https://ncppb.fera.co.uk/furtherinfo/2595	9
NCPPB 2597	Xanthomonas cucurbitae (ex Bryan 1926) Vauterin et al. 1995	Xanthomonas cucurbitae	Xanthomonas campestris pv. cucurbitae (Bryan 1926) Dye 1978	New Zealand	Curcurbita maxima	1974	Yes	No			https://ncppb.fera.co.uk/furtherinfo/2597	9
NCPPB 2605	Xanthomonas axonopodis pv. begoniae (Takimoto 1934) Vauterin et al. 1995	Xanthomonas begoniae Takimoto 1934	Xanthomonas campestris pv. begoniae (Takimoto 1934) Dye 1978	UK (Channel Isles)	Begonia sp.	1974	No	No			https://ncppb.fera.co.uk/furtherinfo/2605	9
NCPPB 2614	Xanthomonas campestris pv. viticola (Nayudu 1972) Dye 1978			India	Vitis vinifera	1974	No	No	da Gama et al. (2018) places this pathovar in Xanthomonas citri (Constantin et al. 2016)		https://ncppb.fera.co.uk/furtherinfo/2614	10
NCPPB 2615	Xanthomonas campestris pv. viticola (Nayudu 1972) Dye 1978			India	Vitis vinifera	1974	No	No	da Gama et al. (2018) places this pathovar in Xanthomonas citri (Constantin et al. 2016)		https://ncppb.fera.co.uk/furtherinfo/2615	10
NCPPB 2616	Xanthomonas campestris pv. viticola (Nayudu 1972) Dye 1978			India	Vitis vinifera	1974	No	No	da Gama et al. (2018) places this pathovar in Xanthomonas citri (Constantin et al. 2016)		https://ncppb.fera.co.uk/furtherinfo/2616	10
NCPPB 2632	Xanthomonas sp. Dowson 1939	X. begoniae	Xanthomonas campestris	UK	Lolium perenne	1974	No	No	Not a Xanthomonad. Re: Phylogenetic structure of Xanthomonas determined by comparison of gyrB sequences. Int.J.of Syst. and evol. Microbiology (2009),59,264-274.	Dickinson, C.H. Austin, A., Goodfellow, M. 1975. J. Gen. Microbiol. 91: 157	https://ncppb.fera.co.uk/furtherinfo/2632	10
NCPPB 2649	Xanthomonas vasicola pv. arecae (Rao & Mohan 1970) Dye 1978. emend. Studholme et al., 2020		Xanthomonas campestris pv. arecae (Rao & Mohan 1970) Dye 1978	India	Areca catechu	1974	No	Yes			https://ncppb.fera.co.uk/furtherinfo/2649	10
NCPPB 2654	Xanthomonas sp. Dowson 1939		Xanthomonas campestris	UK	Phaseolus vulgaris (navy bean)	1974	No	No	Pathovar unspecified. Not pathogenic on bean pods (F. W. Catton pers. comm.). Fatty acid profile typical of xanthomonas. Close to X.axonopodis pv. phaseoli		https://ncppb.fera.co.uk/furtherinfo/2654	10
NCPPB 2665	Xanthomonas citri pv. fuscans (Schaad et al. 2007) Constantin et al. 2016 comb. nov.	Xanthomonas phaseoli (Smith 1897) Dowson 1939	Xanthomonas axonopodis pv. phaseoli (Smith 1897) Vauterin et al.1995, Xanthomonas campestris pv. phaseoli (Smith 1897) Dye 1978, Xanthomonas fuscans subsp. fuscans Schaad et al. 2007	Italy	Phaseolus vulgaris	1974	No	No	Produces brown pigment, gyrB 100% match to NCPPB 381		https://ncppb.fera.co.uk/furtherinfo/2665	10
NCPPB 2695	Xanthomonas graminis pv. graminis Tambong et al. 2024	Xanthomonas graminis Egli et al. 1975	Xanthomonas campestris pv. graminis (Egli et al. 1975) Dye 1978; Xanthomonas translucens pv. graminis (Egli et al. 1975) Vauterin et al. 1995	Switzerland	Lolium multiflorum	1975	No	No			https://ncppb.fera.co.uk/furtherinfo/2695	10
NCPPB 2696	Xanthomonas graminis pv. graminis Tambong et al. 2024	Xanthomonas graminis Egli et al. 1975	Xanthomonas campestris pv. graminis (Egli et al. 1975) Dye 1978; Xanthomonas translucens pv. graminis (Egli et al. 1975) Vauterin et al. 1995	Switzerland	Dactylis glomerata	1975	No	No			https://ncppb.fera.co.uk/furtherinfo/2696	10
NCPPB 2697	Xanthomonas graminis pv. graminis Tambong et al. 2024	Xanthomonas graminis Egli et al. 1975	Xanthomonas campestris pv. graminis (Egli et al. 1975) Dye 1978; Xanthomonas translucens pv. graminis (Egli et al. 1975) Vauterin et al. 1995	Switzerland	Lolium multiflorum	1975	No	No			https://ncppb.fera.co.uk/furtherinfo/2697	10
NCPPB 2698	Xanthomonas graminis pv. graminis Tambong et al. 2024	Xanthomonas graminis Egli et al. 1975	Xanthomonas campestris pv. graminis (Egli et al. 1975) Dye 1978; Xanthomonas translucens pv. graminis (Egli et al. 1975) Vauterin et al. 1995	Switzerland	Lolium multiflorum	1975	No	No			https://ncppb.fera.co.uk/furtherinfo/2698	10
NCPPB 2699	Xanthomonas graminis pv. arrhenatheri Tambong et al. 2024	Xanthomonas graminis	Xanthomonas campestris pv. arrhenatheri Egli & Schmidt 1982; Xanthomonas translucens pv. arrhenatheri (Egli & Schmidt 1982) Vauterin et al. 1995	Switzerland	Arrhenatherum elatius	1975	No	No			https://ncppb.fera.co.uk/furtherinfo/2699	10
NCPPB 2700	Xanthomonas graminis pv. graminis Tambong et al. 2024	Xanthomonas graminis Egli et al. 1975	Xanthomonas campestris pv. graminis (Egli et al. 1975) Dye 1978; Xanthomonas translucens pv. graminis (Egli et al. 1975) Vauterin et al. 1995	Switzerland	Dactylis glomerata	1975	No	Yes		Tambong JT, Xu R, Fleitas MC, Kutcher R. Taxonogenomic analysis of the Xanthomonas translucens complex leads to the descriptions of Xanthomonas cerealis sp. nov. and Xanthomonas graminis sp. nov. Int J Syst Evol Microbiol 2024; 74:6523. 10.1099/ijsem.0.006523	https://ncppb.fera.co.uk/furtherinfo/2700	10
NCPPB 2701	Xanthomonas graminis pv. graminis Tambong et al. 2024	Xanthomonas graminis Egli et al. 1975	Xanthomonas campestris pv. graminis (Egli et al. 1975) Dye 1978; Xanthomonas translucens pv. graminis (Egli et al. 1975) Vauterin et al. 1995	Switzerland	Festuca pratensis	1975	No	No			https://ncppb.fera.co.uk/furtherinfo/2701	10
NCPPB 2817	Xanthomonas cerealis pv. cerealis Tambong et al. 2024	Xanthomonas translucens f.sp cerealis Hagborg 1942	Xanthomonas campestris pv. cerealis (Hagborg 1942) Dye 1978; Xanthomonas translucens pv. cerealis (Hagborg 1942) Vauterin et al.1995	Canada	Hordeum vulgare	1975	No	No			https://ncppb.fera.co.uk/furtherinfo/2817	10
NCPPB 2819	Xanthomonas cerealis pv. cerealis Tambong et al. 2024	Xanthomonas translucens f.sp cerealis Hagborg 1942	Xanthomonas campestris pv. cerealis (Hagborg 1942) Dye 1978; Xanthomonas translucens pv. cerealis (Hagborg 1942) Vauterin et al.1995	Canada	Bromus inermis	1975	No	No			https://ncppb.fera.co.uk/furtherinfo/2819	10
NCPPB 2820	Xanthomonas translucens pv. translucens (Jones et al. 1917) Vauterin et al. 1995	X. translucens f. sp. hordei	Xanthomonas campestris pv. translucens (Jones et al. 1917) Dye 1978	Canada	Hordeum vulgare	1975	No	No			https://ncppb.fera.co.uk/furtherinfo/2820	10
NCPPB 2821	Xanthomonas translucens pv. undulosa (Smith et al. 1919) Vauterin et al. 1995	Xanthomonas translucens f.sp. undulosa Smith et al. 1919	Xanthomonas campestris pv. undulosa (Smith et al. 1919) Dye 1978	Canada	Triticum durum	1975	No	Yes			https://ncppb.fera.co.uk/furtherinfo/2821	10
NCPPB 2822	Xanthomonas translucens pv. secalis (Reddy et al. 1924) Vauterin et al. 1995	Xanthomonas translucens f.sp. secalis Reddy et al. 1924	Xanthomonas campestris pv. secalis (Reddy et al. 1924) Dye 1978	Canada	Secale cereale	1975	No	Yes			https://ncppb.fera.co.uk/furtherinfo/2822	10
NCPPB 2825	Xanthomonas translucens pv. undulosa (Smith et al. 1919) Vauterin et al. 1995	Xanthomonas translucens f.sp. undulosa Smith et al. 1919	Xanthomonas campestris pv. undulosa (Smith et al. 1919) Dye 1978	Canada	Triticum sp. x Secale sp. (triticale)	1975	No	No			https://ncppb.fera.co.uk/furtherinfo/2825	10
NCPPB 2826	Xanthomonas translucens pv. undulosa (Smith et al. 1919) Vauterin et al. 1995	Xanthomonas translucens f.sp. undulosa Smith et al. 1919	Xanthomonas campestris pv. undulosa (Smith et al. 1919) Dye 1978	Canada	Triticum sp. x Secale sp. (triticale)	1975	No	No			https://ncppb.fera.co.uk/furtherinfo/2826	10
NCPPB 2827	Xanthomonas cerealis pv. cerealis Tambong et al. 2024	Xanthomonas translucens f.sp cerealis Hagborg 1942	Xanthomonas campestris pv. cerealis (Hagborg 1942) Dye 1978; Xanthomonas translucens pv. cerealis (Hagborg 1942) Vauterin et al.1995	Canada	Agropyron repens	1975	No	No			https://ncppb.fera.co.uk/furtherinfo/2827	10
NCPPB 2828	Xanthomonas translucens pv. undulosa (Smith et al. 1919) Vauterin et al. 1995	Xanthomonas translucens f.sp. undulosa Smith et al	Xanthomonas campestris pv. undulosa (Smith et al. 1919) Dye 1978	Canada	Triticum aestivum	1975	No	No			https://ncppb.fera.co.uk/furtherinfo/2828	10
NCPPB 2829	Xanthomonas translucens pv. translucens (Jones et al. 1917) Vauterin et al. 1995	X. translucens f. sp. hordei-avenae	Xanthomonas campestris pv. translucens (Jones et al. 1917) Dye 1978	Canada	Hordeum vulgare	1975	No	No			https://ncppb.fera.co.uk/furtherinfo/2829	10
NCPPB 2831	Xanthomonas cerealis pv. cerealis Tambong et al. 2024	Xanthomonas translucens f.sp cerealis Hagborg 1942	Xanthomonas campestris pv. cerealis (Hagborg 1942) Dye 1978; Xanthomonas translucens pv. cerealis (Hagborg 1942) Vauterin et al.1995	Canada	Triticum durum.	1975	No	No			https://ncppb.fera.co.uk/furtherinfo/2831	10
NCPPB 2832	Xanthomonas citri pv. aracearum (Berniac 1974) Constantin et al. 2016 comb. nov.		Xanthomonas campestris pv. aracearum (Berniac 1974) Dye 1978	Guadeloupe	Xanthosoma sagittifolium	1975	No	Yes			https://ncppb.fera.co.uk/furtherinfo/2832	10
NCPPB 2834	Xanthomonas citri pv. malvacearum (Smith 1901) Constantin et al. 2016 comb. nov.	Xanthomonas malvacearum (Smith 1901) Dowson 1939	Xanthomonas campestris pv. malvacearum (Smith 1901) Dye 1978, Xanthomonas axonopodis pv. malvacearum (Smith 1901) Vauterin et al. 1995, Xanthomonas citri subsp. malvacearum (Smith 1901) Schaad et al. 2007	Tanzania	Gossypium hirsutum	1975	No	No	The group classification of Hayward (1964b) and the race classification of Hunter et al. (1968) is used.	Hayward, A.C. 1964. J. Gen. Microbiol. 35: 287; Hunter, R.E., Brinkerhoff, L.A., Bird, L.S. 1968. P	https://ncppb.fera.co.uk/furtherinfo/2834	10
NCPPB 2835	Xanthomonas citri pv. malvacearum (Smith 1901) Constantin et al. 2016 comb. nov.	Xanthomonas malvacearum (Smith 1901) Dowson 1939	Xanthomonas campestris pv. malvacearum (Smith 1901) Dye 1978, Xanthomonas axonopodis pv. malvacearum (Smith 1901) Vauterin et al. 1995, Xanthomonas citri subsp. malvacearum (Smith 1901) Schaad et al. 2007	Tanzania	Gossypium hirsutum	1975	No	No	The group classification of Hayward (1964b) and the race classification of Hunter et al. (1968) is used.	Hayward, A.C. 1964. J. Gen. Microbiol. 35: 287; Hunter, R.E., Brinkerhoff, L.A., Bird, L.S. 1968. P	https://ncppb.fera.co.uk/furtherinfo/2835	10
NCPPB 2836	Xanthomonas citri pv. malvacearum (Smith 1901) Constantin et al. 2016 comb. nov.	Xanthomonas malvacearum (Smith 1901) Dowson 1939	Xanthomonas campestris pv. malvacearum (Smith 1901) Dye 1978, Xanthomonas axonopodis pv. malvacearum (Smith 1901) Vauterin et al. 1995, Xanthomonas citri subsp. malvacearum (Smith 1901) Schaad et al. 2007	Tanzania		1975	No	No			https://ncppb.fera.co.uk/furtherinfo/2836	10
NCPPB 2837	Xanthomonas citri pv. malvacearum (Smith 1901) Constantin et al. 2016 comb. nov.	Xanthomonas malvacearum (Smith 1901) Dowson 1939	Xanthomonas campestris pv. malvacearum (Smith 1901) Dye 1978, Xanthomonas axonopodis pv. malvacearum (Smith 1901) Vauterin et al. 1995, Xanthomonas citri subsp. malvacearum (Smith 1901) Schaad et al. 2007	Tanzania	Gossypium hirsutum	1975	No	No	The group classification of Hayward (1964b) and the race classification of Hunter et al. (1968) is used.	Hayward, A.C. 1964. J. Gen. Microbiol. 35: 287; Hunter, R.E., Brinkerhoff, L.A., Bird, L.S. 1968. P	https://ncppb.fera.co.uk/furtherinfo/2837	10
NCPPB 2838	Xanthomonas citri pv. malvacearum (Smith 1901) Constantin et al. 2016 comb. nov.	Xanthomonas malvacearum (Smith 1901) Dowson 1939	Xanthomonas campestris pv. malvacearum (Smith 1901) Dye 1978, Xanthomonas axonopodis pv. malvacearum (Smith 1901) Vauterin et al. 1995, Xanthomonas citri subsp. malvacearum (Smith 1901) Schaad et al. 2007	Tanzania	Gossypium hirsutum	1975	No	No	The group classification of Hayward (1964b) and the race classification of Hunter et al. (1968) is used.	Hayward, A.C. 1964. J. Gen. Microbiol. 35: 287; Hunter, R.E., Brinkerhoff, L.A., Bird, L.S. 1968. P	https://ncppb.fera.co.uk/furtherinfo/2838	10
NCPPB 2839	Xanthomonas citri pv. malvacearum (Smith 1901) Constantin et al. 2016 comb. nov.	Xanthomonas malvacearum (Smith 1901) Dowson 1939	Xanthomonas campestris pv. malvacearum (Smith 1901) Dye 1978, Xanthomonas axonopodis pv. malvacearum (Smith 1901) Vauterin et al. 1995, Xanthomonas citri subsp. malvacearum (Smith 1901) Schaad et al. 2007	Tanzania	Gossypium hirsutum	1975	No	No	The group classification of Hayward (1964b) and the race classification of Hunter et al. (1968) is used.	Hayward, A.C. 1964. J. Gen. Microbiol. 35: 287; Hunter, R.E., Brinkerhoff, L.A., Bird, L.S. 1968. P	https://ncppb.fera.co.uk/furtherinfo/2839	10
NCPPB 2840	Xanthomonas citri pv. malvacearum (Smith 1901) Constantin et al. 2016 comb. nov.	Xanthomonas malvacearum (Smith 1901) Dowson 1939	Xanthomonas campestris pv. malvacearum (Smith 1901) Dye 1978, Xanthomonas axonopodis pv. malvacearum (Smith 1901) Vauterin et al. 1995, Xanthomonas citri subsp. malvacearum (Smith 1901) Schaad et al. 2007	Tanzania	Gossypium hirsutum	1975	No	No	The group classification of Hayward (1964b) and the race classification of Hunter et al. (1968) is used.	Hayward, A.C. 1964. J. Gen. Microbiol. 35: 287; Hunter, R.E., Brinkerhoff, L.A., Bird, L.S. 1968. P	https://ncppb.fera.co.uk/furtherinfo/2840	10
NCPPB 2856	Xanthomonas sp. Dowson 1939		Xanthomonas campestris	Netherlands	Chrysanthemum morifolium	1975	No	No	Partial gene sequencing of gyrB (Parkinson et al. 2009) places this strain in Xanthomonas arboricola. Pathovar unspecified. Not pathogenic on Chrysanthemum morifolium (NCPPB). Fatty acid profile typical of Xanthomonas. Close to X.arboricola pv. pruni and pv.corylina		https://ncppb.fera.co.uk/furtherinfo/2856	10
NCPPB 2857	Xanthomonas campestris pv. campestris (Pammel 1895) Dowson 1939	Xanthomonas campestris (Pammel 1895) Dowson 1939		UK	Brassica napus	1975	No	No			https://ncppb.fera.co.uk/furtherinfo/2857	10
NCPPB 2859	Stenotrophomonas sp.	Xanthomonas corylina	Stenotrophomonas sp.	Turkey	Corylus maxima	1975	No	No	Not a Xanthomonas. 16s rRNA sequncing, gyrB sequencing, MALDI-TOF MS, Fatty acid profiling, all suggest Stenotrophomonas sp. PCR and Microsats analysis also suggest not a Xanthomonas sp.		https://ncppb.fera.co.uk/furtherinfo/2859	10
NCPPB 2864	Xanthomonas arboricola Vauterin et al. 1995	Xanthomonas sp. Dowson 1939		Netherlands	Chrysanthemum morifolium	1975	No	No	Partial gene sequencing of gyrB (Parkinson et al. 2009) places this strain in Xanthomonas arboricola. Pathovar unspecified. Not pathogenic on Chrysanthemum morifolium (NCPPB). Fatty acid profile typical of Xanthomonas. Close to X.arboricola pv. pruni and pv.corylina		https://ncppb.fera.co.uk/furtherinfo/2864	10
NCPPB 2865	Xanthomonas arboricola Vauterin et al. 1995	Xanthomonas sp. Dowson 1939		Netherlands	Chrysanthemum morifolium	1975	No	No	Partial gene sequencing of gyrB (Parkinson et al. 2009) places this strain in Xanthomonas arboricola. Pathovar unspecified. Fatty acid profile typical of Xanthomonas. Close to X.arboricola pv. pruni and pv.corylina		https://ncppb.fera.co.uk/furtherinfo/2865	10
NCPPB 2866	Xanthomonas arboricola Vauterin et al. 1995	Xanthomonas sp. Dowson 1939		Netherlands	Chrysanthemum morifolium	1975	No	No	Partial gene sequencing of gyrB (Parkinson et al. 2009) places this strain in Xanthomonas arboricola. Pathovar unspecified. Not pathogenic on Chrysanthemum morifolium (NCPPB). Close to X.arboricola pv. pruni and pv. corylina		https://ncppb.fera.co.uk/furtherinfo/2866	10
NCPPB 2876	Xanthomonas campestris pv. cannabis Severin 1978			Romania	Cannabis sativa	1976	No	No			https://ncppb.fera.co.uk/furtherinfo/2876	10
NCPPB 2877	Xanthomonas cannabis (ex Severin 1978) McKnight et al. 2026		Xanthomonas campestris pv. cannabis Severin 1978, Xanthomonas cannabis (ex Severin 1978) Jacobs et al. 2015	Romania	Cannabis sativa	1976	Yes	No	Proposed type strain of 'Xanthomonas cannabis' McKnight et al. 2025		https://ncppb.fera.co.uk/furtherinfo/2877	10
NCPPB 2879	Xanthomonas campestris pv. cannabis Severin 1978			Romania	Cannabis sativa	1976	No	No			https://ncppb.fera.co.uk/furtherinfo/2879	10
NCPPB 2885	Xanthomonas citri pv. mangiferaeindicae (Patel et al. 1948) Constantin et al. 2016 comb. nov.	Xanthomonas campestris pv. mangiferaeindicae (Patel et al. 1948) Robbs, Ribeiro & Kimura 1974	Xanthomonas campestris pv. mangiferaeindicae (Patel et al. 1948) Robbs, Ribeiro & Kimura 1974, Xanthomonas axonopodis pv. mangiferaeindicae (Patel et al. 1948) Ah-You et al. 2007	Reunion	Mangifera indica	1976	No	No	Partial gene (gyrB) sequence indicates this is Xanthomonas citri.		https://ncppb.fera.co.uk/furtherinfo/2885	10
NCPPB 2894	Xanthomonas euvesicatoria pv. alfalfae (ex Riker et al. 1935) Constantin et al. 2016 comb. nov.	Xanthomonas alfalfae	Xanthomonas campestris pv. alfalfae (Riker et al. 1935) Dye 1978, Xanthomonas axonopodis pv. alfalfae (Riker et al. 1935) Vauterin et al. 1995, Xanthomonas alfalfae subsp. alfalfae (ex Riker et al. 1935) Schaad et al. 2007	Australia	Medicago sativa	1976	No	No			https://ncppb.fera.co.uk/furtherinfo/2894	10
NCPPB 2896	Xanthomonas arboricola pv. corylina (Miller et al. 1940) Vauterin et al. 1995	Xanthomonas corylina	Xanthomonas campestris pv. corylina (Miller et al. 1940) Dye 1978	UK	Corylus avellana	1976	No	No			https://ncppb.fera.co.uk/furtherinfo/2896	10
NCPPB 2898	Xanthomonas arboricola pv. corylina (Miller et al. 1940) Vauterin et al. 1995	Xanthomonas corylina	Xanthomonas campestris pv. corylina (Miller et al. 1940) Dye 1978	UK	Corylus avellana	1976	No	No			https://ncppb.fera.co.uk/furtherinfo/2898	10
NCPPB 2904	Xanthomonas translucens pv. translucens (Jones et al. 1917) Vauterin et al. 1995	Xanthomonas translucens Jones et al. 1917	Xanthomonas campestris pv. translucens (Jones et al. 1917) Dye 1978	UK	Lolium multiflorum	1976	No	No			https://ncppb.fera.co.uk/furtherinfo/2904	10
NCPPB 2910	Xanthomonas phaseoli pv. manihotis (Bondar 1912) Constantin et al. 2016 comb. nov.	Xanthomonas manihotis (Berthet & Bondar 1915) Starr 1946	Xanthomonas campestris pv. manihotis (Berthet & Bondar 1915) Dye 1978, Xanthomonas axonopodis pv. manihotis (Bondar 1912) Vauterin et al. 1995	Nigeria	Manihot esculenta	1977	No	No			https://ncppb.fera.co.uk/furtherinfo/2910	10
NCPPB 2914	Xanthomonas citri pv. rhynchosiae (Sabet et al. 1969) Constantin et al. 2016 comb. nov	Xanthomonas phaseoli f.sp.rhynchosiae Sabet et al. 1969	Xanthomonas campestris pv. rhynchosiae (Sabet et al. 1969) Dye 1978, Xanthomonas axonopodis pv. rhynchosiae (Sabet et al. 1969) Vauterin et al.1995	Barbados	Rhynchosiae phaseoloides	1977	No	No			https://ncppb.fera.co.uk/furtherinfo/2914	10
NCPPB 2918	Xanthomonas sp. Dowson 1939		Xanthomonas campestris	Malawi	Crambe sp.	1977	No	No	Pathovar unspecified. Fatty acid profile typical of xanthomonas. No good match.		https://ncppb.fera.co.uk/furtherinfo/2918	10
NCPPB 2919	Xanthomonas phaseoli pv. manihotis (Bondar 1912) Constantin et al. 2016 comb. nov.	Xanthomonas manihotis (Berthet & Bondar 1915) Starr 1946	Xanthomonas campestris pv. manihotis (Berthet & Bondar 1915) Dye 1978, Xanthomonas axonopodis pv. manihotis (Bondar 1912) Vauterin et al. 1995	Zaire	Manihot esculenta	1977	No	No			https://ncppb.fera.co.uk/furtherinfo/2919	11
NCPPB 2920	Xanthomonas translucens pv. translucens (Jones et al. 1917) Vauterin et al. 1995	Xanthomonas translucens Jones et al. 1917	Xanthomonas campestris pv. translucens (Jones et al. 1917) Dye 1978	Mexico	Triticum durum x Secale cereale.	1977	No	No			https://ncppb.fera.co.uk/furtherinfo/2920	11
NCPPB 2921	Xanthomonas oryzae pv. oryzicola (Fang et al. 1957) Swings et al. 1990	Xanthomonas oryzicola Fang et al. 1957	Xanthomonas campestris pv. oryzicola (Fang et al. 1957) Dye 1978	Malaysia	Oryza sativa	1977	No	No			https://ncppb.fera.co.uk/furtherinfo/2921	11
NCPPB 2922	Xanthomonas sp. Dowson 1939	Xanthomonas sp.		Rhodesia	Matthiola incana, stock	1977	No	No			https://ncppb.fera.co.uk/furtherinfo/2922	11
NCPPB 2925	Xanthomonas sp. Dowson 1939		Xanthomonas campestris	Denmark	Oryza sativa	1977	No	No	Pathovar unspecified. Fatty acid profile not typical of xanthomonas. No match. Probably not a Xanthomonad. Re: Phylogenetic structure of Xanthomonas determined by comparison of gyrB sequences. Int.J.of Syst. and evol. Microbiology (2009),59,264-274. Possibly a Sphingomonas.		https://ncppb.fera.co.uk/furtherinfo/2925	11
NCPPB 2927	Xanthomonas arboricola pv. juglandis (Pierce 1901) Vauterin et al. 1995	Xanthomonas juglandis	Xanthomonas campestris pv. juglandis (Pierce 1901) Dye 1978	Iran	Juglans regia	1977	No	No	Produces fluorescent pigment.		https://ncppb.fera.co.uk/furtherinfo/2927	11
NCPPB 2928	Xanthomonas campestris pv. azadirachtae (Desai et al.1966) Dye 1978			India	Azadirachta indica	1977	No	No			https://ncppb.fera.co.uk/furtherinfo/2928	11
NCPPB 2930	Xanthomonas vasicola pv. holcicola (Elliott 1930) Vauterin et al. 1995	Xanthomonas holcicola Elliott 1930	Xanthomonas campestris pv. holcicola (Elliott 1930) Dye 1978	Solomon Isles	Sorghum vulgare	1977	No	No	Does not react with Xvh specific PCR primers - Fatty Acid Profiling indicates this is probably a Sphingomonas sp.		https://ncppb.fera.co.uk/furtherinfo/2930	11
NCPPB 2931	Xanthomonas citri pv. glycines (Nakano 1919) Constantin et al. 2016 comb.nov.	Xanthomonas glycines	Xanthomonas campestris pv. glycines (Nakano 1919) Dye 1978, Xanthomonas axonopodis pv. glycines (Nakano 1919) Vauterin et al. 1995	Nepal	Glycine max	1977	No	No			https://ncppb.fera.co.uk/furtherinfo/2931	11
NCPPB 2932	Xanthomonas euvesicatoria pv. daturae (Jain, Dange & Siradhana 1975) Harrison et al. 2023		Xanthomonas campestris pv. daturae (Jain, Dange & Siradhana 1975) Bradbury 1986	India	Datura metel	1977	No	Yes			https://ncppb.fera.co.uk/furtherinfo/2932	11
NCPPB 2933	Xanthomonas hortorum Vauterin et al. 1995	Xanthomonas sp. Dowson 1939		UK (Isle of Man)	Calendula officinalis	1977	No	No	Partial gene sequencing of gyrB (Parkinson et al. 2009) places this strain in Xanthomonas hortorum. Pathovar unspecified. Fatty acid profile typical of Xanthomonas. Close to X. hortorum pv. hederae		https://ncppb.fera.co.uk/furtherinfo/2933	11
NCPPB 2934	Xanthomonas sp. Dowson 1939		Xanthomonas campestris	India	Cayratia carnosa	1977	No	No	Pathovar unspecified. Fatty acid profile typical of xanthomonas. Close to X. translucens.		https://ncppb.fera.co.uk/furtherinfo/2934	11
NCPPB 2935	Xanthomonas euvesicatoria pv. daturae (Jain, Dange & Siradhana 1975) Harrison et al. 2023		Xanthomonas campestris pv. daturae (Jain, Dange & Siradhana 1975) Bradbury 1986	India	Datura stramonium	1977	No	No			https://ncppb.fera.co.uk/furtherinfo/2935	11
NCPPB 2936	Xanthomonas euvesicatoria pv. argemones (Srinivasan et al. 1961) Constantin et al. 2016 comb. nov.		Xanthomonas campestris pv. argemones (Srinivasan et al. 1961) Dye 1978	India	Argemone mexicana	1977	No	No			https://ncppb.fera.co.uk/furtherinfo/2936	11
NCPPB 2938	Xanthomonas citri pv. glycines (Nakano 1919) Constantin et al. 2016 comb.nov.	Xanthomonas glycines	Xanthomonas campestris pv. glycines (Nakano 1919) Dye 1978, Xanthomonas axonopodis pv. glycines (Nakano 1919) Vauterin et al. 1995	Indonesia	Glycine max	1977	No	No			https://ncppb.fera.co.uk/furtherinfo/2938	11
NCPPB 2949	Xanthomonas fragariae Kennedy and King 1962	Xanthomonas fragariae Kennedy and King 1962		Australia	Fragaria ananassa	1977	No	No	WGS (NCPPB March 2024) indicates this X. fragariae strain is in the same phylogenetic group as NCPPB 4055, NCPPB 3743, NCPPB 3028, NCPPB 2473, and NCPPB 1822.		https://ncppb.fera.co.uk/furtherinfo/2949	11
NCPPB 2953	Xanthomonas populi (ex Ridé 1958) van den Mooter & Swings 1990	Aplanobacter populi	Xanthomonas populi subsp. populi (Ride 1958) Ride & Ride 1978	France	Populus trichocarpa	1977	No	No			https://ncppb.fera.co.uk/furtherinfo/2953	11
NCPPB 2955	Xanthomonas populi (ex Ridé 1958) van den Mooter & Swings 1990	Aplanobacter populi	Xanthomonas populi subsp. populi (Ride 1958) Ride & Ride 1978	France	Populus canadensis cv. regenerat a	1977	No	No			https://ncppb.fera.co.uk/furtherinfo/2955	11
NCPPB 2959	Xanthomonas populi (ex Ridé 1958) van den Mooter & Swings 1990	Aplanobacter populi	Xanthomonas populi subsp. populi (Ride 1958) Ride & Ride 1978	France	Populus canadensis cv. Regenerata	1977	Yes	No			https://ncppb.fera.co.uk/furtherinfo/2959	11
NCPPB 2960	Xanthomonas populi (ex Ridé 1958) van den Mooter & Swings 1990	Aplanobacter populi	Xanthomonas populi subsp. populi (Ride 1958) Ride & Ride 1978	France	Populus canadensis cv. Brabantica	1977	No	No	. A virulent re-isolate of NCPBB 2959.		https://ncppb.fera.co.uk/furtherinfo/2960	11
NCPPB 2963	Xanthomonas populi (ex Ridé 1958) van den Mooter & Swings 1990	Aplanobacter populi	Xanthomonas populi subsp. populi (Ride 1958) Ride & Ride 1978	Belgium	Populus trichocarpa x Populus deltoides	1977	No	No			https://ncppb.fera.co.uk/furtherinfo/2963	11
NCPPB 2965	Xanthomonas phaseoli pv. manihotis (Bondar 1912) Constantin et al. 2016 comb. nov.	Xanthomonas manihotis (Berthet & Bondar 1915) Starr 1946	Xanthomonas campestris pv. manihotis (Berthet & Bondar 1915) Dye 1978, Xanthomonas axonopodis pv. manihotis (Bondar 1912) Vauterin et al. 1995	Brazil	Manihot esculenta	1977	No	No			https://ncppb.fera.co.uk/furtherinfo/2965	11
NCPPB 2967	Xanthomonas phaseoli pv. manihotis (Bondar 1912) Constantin et al. 2016 comb. nov.	Xanthomonas manihotis (Berthet & Bondar 1915) Starr 1946	Xanthomonas campestris pv. manihotis (Berthet & Bondar 1915) Dye 1978, Xanthomonas axonopodis pv. manihotis (Bondar 1912) Vauterin et al. 1995	Brazil	Manihot esculenta	1977	No	No			https://ncppb.fera.co.uk/furtherinfo/2967	11
NCPPB 2968	Xanthomonas euvesicatoria pv. euvesicatoria (Jones et al. 2006) Constantin et al. 2016 comb. nov.	Xanthomonas vesicatoria (Doidge 1920) Dowson 1939	Xanthomonas campestris pv. vesicatoria (Doidge 1920) Dye 1978, Xanthomonas axonopodis pv. vesicatoria Vauterin et al. 1995 (Invalid name), Xanthomonas euvesicatoria Jones et al. 2006	USA	Capsicum frutescens	1977	Yes	No			https://ncppb.fera.co.uk/furtherinfo/2968	11
NCPPB 2969	Xanthomonas albilineans (Ashby 1929) Dowson 1943	Xanthomonas albilineans		Fiji	Saccharum officinarum	1977	Yes	No			https://ncppb.fera.co.uk/furtherinfo/2969	11
NCPPB 2970	Xanthomonas campestris pv. papavericola (Bryan and McWhorter 1930) Dye 1978			USA	Papaver rhoeas	1977	No	Yes			https://ncppb.fera.co.uk/furtherinfo/2970	11
NCPPB 2973	Xanthomonas axonopodis pv. cassiae (Kulkarni et al. 1951) Vauterin et al. 1995	Xanthomonas phaseoli f.sp. cassiae	Xanthomonas campestris pv. cassiae (Kulkarni et al. 1951) Dye 1978	Unknown	Cassia tora	1977	No	Yes			https://ncppb.fera.co.uk/furtherinfo/2973	11
NCPPB 2977	Xanthomonas citri pv. thirumalacharii (Padhya & Patel 1964) Constantin et al. 2016 comb. nov.		Xanthomonas campestris pv. thirumalacharii (Padhya & Patel 1964) Dye 1978	India	Triumfetta pilosa	1977	No	No	Possibly a duplicate of NCPPB 1452 (19/03/04). Described by D.W. Dye as the Type strain (1977).		https://ncppb.fera.co.uk/furtherinfo/2977	11
NCPPB 2978	Xanthomonas campestris pv. zantedeschiae (Joubert & Truter 1972) Dye 1978			South Africa	Zantedeschia aethiopica	1977	No	Yes	Partial gene sequencing of gyrB (Parkinson et al. 2009) places this strain in Xanthomonas arboricola.		https://ncppb.fera.co.uk/furtherinfo/2978	11
NCPPB 2982	Xanthomonas cissicola (Takimoto 1939) Rudra and Gupta 2021	Pseudomonas cissicola (Takimoto 1939) Burkholder 1948	Pseudomonas cissicola (Takimoto 1939) Burkholder 1948	Japan	Cissus japonica	1977	No	No	Fatty acids indicate Xanthomonas sp. Placed into X.citri subsp. citri clade. Re: Phylogenetic structure of Xanthomonas determined by comparison of gyrB sequences. Int.J.of Syst. and evol. Microbiology (2009),59,264-274.	Young, J.M., Dye, D.W., Bradbury, J.F., Panagopoulos, C.G., Robbs, C.F. 1977. N.Z. Jl. Agric. Res.; Saati-Santamaria et al. 2021 https://doi.org/10.3390/biology10080782	https://ncppb.fera.co.uk/furtherinfo/2982	11
NCPPB 2983	Xanthomonas campestris pv. phormiicola (Takimoto 1933) Dye 1978	Xanthomonas campestris pv. phormicola (Takimoto 1933) Dye 1978		Japan	Phormium tenax	1977	No	Yes			https://ncppb.fera.co.uk/furtherinfo/2983	11
NCPPB 2985	Xanthomonas hortorum pv. pelargonii (Brown 1923) Vauterin et al. 1995	Xanthomonas campestris pv. pelargonii	Xanthomonas campestris pv. pelargonii (Brown 1923) Dye 1978	New Zealand	Pelargonium peltatum	1977	No	Yes			https://ncppb.fera.co.uk/furtherinfo/2985	11
NCPPB 2986	Xanthomonas campestris pv. aberrans (Knosel 1961) Dye 1978	Xanthomonas campestris var. aberrans Knosel 1961		Australia	Brassica oleracea var. capitata	1977	No	Yes	Xcc Race 5 (Vicente et al. 2001)		https://ncppb.fera.co.uk/furtherinfo/2986	11
NCPPB 2987	Xanthomonas populi (ex Ridé 1958) van den Mooter & Swings 1990	Aplanobacter populi	Xanthomonas campestris pv. populi (Ride 1958) Ride & Ride 1978	UK	Populus koreana trichocarpa	1977	No	No			https://ncppb.fera.co.uk/furtherinfo/2987	11
NCPPB 2997	Xanthomonas axonopodis pv. cyamopsidis (Patel et al.1953) Vauterin et al. 1995	Xanthomonas campestris pv. cyamopsidis (Patel et al.1953) Dye 1978	Xanthomonas campestris pv. cyamopsidis (Patel et al.1953) Dye 1978	USA	Cyamopsis tetragonolobus	1977	No	No			https://ncppb.fera.co.uk/furtherinfo/2997	11
NCPPB 2998	Xanthomonas axonopodis pv. cyamopsidis (Patel et al.1953) Vauterin et al. 1995	Xanthomonas campestris pv. cyamopsidis (Patel et al.1953) Dye 1978	Xanthomonas campestris pv. cyamopsidis (Patel et al.1953) Dye 1978	USA	Cyamopsis tetragonolobus	1977	No	No			https://ncppb.fera.co.uk/furtherinfo/2998	11
NCPPB 3002	Xanthomonas oryzae pv. oryzae (Ishiyama 1922) Swings et al. 1990	Xanthomonas campestris pv. oryzae(Ishiyama 1922) Dye 1978	Xanthomonas campestris pv. oryzae (Ishiyama 1922) Dye 1978	India	Oryza sativa	1977	Yes	Yes			https://ncppb.fera.co.uk/furtherinfo/3002	11
NCPPB 3003	Xanthomonas axonopodis pv. begoniae (Takimoto 1934) Vauterin et al. 1995	Xanthomonas campestris pv. begoniae (Takimoto 1934) Dye 1978	Xanthomonas campestris pv. begoniae (Takimoto 1934) Dye 1978	New Zealand	Begonia sp.	1977	No	Yes			https://ncppb.fera.co.uk/furtherinfo/3003	11
NCPPB 3005	Xanthomonas marantae Zagatto & Pereira 1963			Brazil	Maranta arundinacea	1977	No	No	Illegitimate name. Partial gene (gyrB) sequence indicates this is Xanthomonas sp. (NCPPB Aug 2017)		https://ncppb.fera.co.uk/furtherinfo/3005	11
NCPPB 3020	Xanthomonas graminis pv. graminis Tambong et al. 2024	Xanthomonas campestris pv. graminis (Egli et al. 1975) Dye 1978	Xanthomonas campestris pv. graminis (Egli et al. 1975) Dye 1978; Xanthomonas translucens pv. graminis (Egli et al. 1975) Vauterin et al. 1995	UK	Lolium multiflorum	1978	No	No			https://ncppb.fera.co.uk/furtherinfo/3020	11
NCPPB 3022	Xanthomonas oryzae pv. oryzae (Ishiyama 1922) Swings et al. 1990	Xanthomonas campestris pv. oryzae(Ishiyama 1922) Dye 1978	Xanthomonas campestris pv. oryzae (Ishiyama 1922) Dye 1978	Colombia	Oryza sativa	1978	No	No			https://ncppb.fera.co.uk/furtherinfo/3022	11
NCPPB 3024	Xanthomonas campestris pv. zinniae (Hopkins & Dowson 1949) Dye 1978			USA	Zinnia sp.	1978	No	No			https://ncppb.fera.co.uk/furtherinfo/3024	11
NCPPB 3026	Xylophilus ampelinus (Panagopoulos 1969) Willems et al. 1987		Xanthomonas ampelina Panagopoulos 1969	Italy	Vitis vinifera	1978	No	No			https://ncppb.fera.co.uk/furtherinfo/3026	11
NCPPB 3027	Xylophilus ampelinus (Panagopoulos 1969) Willems et al. 1987		Xanthomonas ampelina Panagopoulos 1969	Italy	Vitis vinifera	1978	No	No			https://ncppb.fera.co.uk/furtherinfo/3027	11
NCPPB 3028	Xanthomonas fragariae Kennedy and King 1962	Xanthomonas fragariae Kennedy and King 1962		Brazil	Fragaria sp.	1978	No	No	WGS (NCPPB March 2024) indicates this X. fragariae strain is in the same phylogenetic group as NCPPB, 4055, NCPPB 3743, NCPPB 2949, NCPPB 2473, and NCPPB 1822.		https://ncppb.fera.co.uk/furtherinfo/3028	11
NCPPB 3035	Xanthomonas phaseoli pv. phaseoli (Smith 1897) Constantin et al. 2016 comb. nov.	Xanthomonas campestris pv. phaseoli (Smith 1897) Dye 1978	Xanthomonas campestris pv. phaseoli (Smith 1897) Dye 1978, Xanthomonas axonopodis pv. phaseoli (Smith 1897) Vauterin et al.1995	USA	Phaseolus vulgaris	1978	No	Yes			https://ncppb.fera.co.uk/furtherinfo/3035	11
NCPPB 3040	Xanthomonas graminis pv. graminis Tambong et al. 2024	Xanthomonas campestris pv. graminis (Egli et al. 1975) Dye 1978	Xanthomonas campestris pv. graminis (Egli et al. 1975) Dye 1978; Xanthomonas translucens pv. graminis (Egli et al. 1975) Vauterin et al. 1995	UK	Lolium muliflorum cv. Italco	1978	No	No			https://ncppb.fera.co.uk/furtherinfo/3040	11
NCPPB 3041	Xanthomonas graminis pv. graminis Tambong et al. 2024	Xanthomonas campestris pv. graminis (Egli et al. 1975) Dye 1978	Xanthomonas campestris pv. graminis (Egli et al. 1975) Dye 1978; Xanthomonas translucens pv. graminis (Egli et al. 1975) Vauterin et al. 1995	UK	Festuca sp.	1978	No	No			https://ncppb.fera.co.uk/furtherinfo/3041	11
NCPPB 3058	Xanthomonas phaseoli pv. manihotis (Bondar 1912) Constantin et al. 2016 comb. nov.	Xanthomonas campestris pv. manihotis (Berthet & Bondar 1915) Dye 1978	Xanthomonas campestris pv. manihotis (Berthet & Bondar 1915) Dye 1978, Xanthomonas axonopodis pv. manihotis (Bondar 1912) Vauterin et al. 1995	Zaire	Manihot esculenta	1978	No	No			https://ncppb.fera.co.uk/furtherinfo/3058	11
NCPPB 3059	Xanthomonas phaseoli pv. manihotis (Bondar 1912) Constantin et al. 2016 comb. nov.	Xanthomonas campestris pv. manihotis (Berthet & Bondar 1915) Dye 1978	Xanthomonas campestris pv. manihotis (Berthet & Bondar 1915) Dye 1978, Xanthomonas axonopodis pv. manihotis (Bondar 1912) Vauterin et al. 1995	Zaire	Manihot esculenta	1978	No	No			https://ncppb.fera.co.uk/furtherinfo/3059	11
NCPPB 3060	Xanthomonas phaseoli pv. manihotis (Bondar 1912) Constantin et al. 2016 comb. nov.	Xanthomonas campestris pv. manihotis (Berthet & Bondar 1915) Dye 1978	Xanthomonas campestris pv. manihotis (Berthet & Bondar 1915) Dye 1978, Xanthomonas axonopodis pv. manihotis (Bondar 1912) Vauterin et al. 1995	Nigeria	Manihot esculenta	1978	No	No			https://ncppb.fera.co.uk/furtherinfo/3060	12
NCPPB 3061	Xanthomonas cassavae (ex Wiehe & Dowson 1953) Vauterin et al. 1995	Xanthomonas campestris pv. cassavae	Xanthomonas campestris pv. cassavae (Wiehe & Dowson 1953) Maraite and Weyns 1979	Rwanda	Manihot esculenta	1978	No	No			https://ncppb.fera.co.uk/furtherinfo/3061	12
NCPPB 3062	Xanthomonas cassavae (ex Wiehe & Dowson 1953) Vauterin et al. 1995	Xanthomonas campestris pv. cassavae	Xanthomonas campestris pv. cassavae (Wiehe & Dowson 1953) Maraite and Weyns 1979	Rwanda	Manihot esculenta	1978	No	No			https://ncppb.fera.co.uk/furtherinfo/3062	12
NCPPB 3066	Xanthomonas graminis pv. graminis Tambong et al. 2024	Xanthomonas campestris pv. graminis (Egli et al. 1975) Dye 1978	Xanthomonas campestris pv. graminis (Egli et al. 1975) Dye 1978; Xanthomonas translucens pv. graminis (Egli et al. 1975) Vauterin et al. 1995	UK	Lolium multiflorum cv. Italco	1978	No	No			https://ncppb.fera.co.uk/furtherinfo/3066	12
NCPPB 3078	Xanthomonas arboricola Vauterin et al. 1995		Xanthomonas campestris pv. mangiferaeindicae (Patel et al. 1948) Robbs, Ribeiro & Kimura 1974	Brazil	Mangifera indica	1979	No	No	Partial gene (gyrB) sequence indicates this is likely to be Xanthomonas arboricola (NCPPB Aug 2017)		https://ncppb.fera.co.uk/furtherinfo/3078	12
NCPPB 3079	Xanthomonas euvesicatoria pv. paulliniae (Robbs, Medieros & Kimura 1982) Harrison et al. 2023		Xanthomonas campestris pv. paulliniae Robbs, Medieros & Kimura 1982	Brazil	Paullinia cupana	1979	No	Yes			https://ncppb.fera.co.uk/furtherinfo/3079	12
NCPPB 3082	Xanthomonas euvesicatoria pv. paulliniae (Robbs, Medieros & Kimura 1982) Harrison et al. 2023		Xanthomonas campestris pv. paulliniae Robbs, Medieros & Kimura 1982	Brazil	Paullinia cupana	1979	No	No			https://ncppb.fera.co.uk/furtherinfo/3082	12
NCPPB 3086	Xanthomonas axonopodis pv. desmodiilaxiflori (Pant & Kulkarni 1977) Vauterin et al. 1995	Xanthomonas desmodiilaxiflori Pant & Kulkarni 1977	Xanthomonas camp. pv. desmodiilaxiflori (Pant & Kulkarni 1977) Dye 1978	India	Desmodium laxiflorum	1979	No	Yes			https://ncppb.fera.co.uk/furtherinfo/3086	12
NCPPB 3092	Xanthomonas axonopodis pv. clitoriae (Pandit & Kulkarni 1979) Vauterin et al. 1995	Xanthomonas campestris f.sp. clitoriae	Xanthomonas campestris pv. clitoriae (Pandit & Kulkarni 1979) Dye et al. 1980	India	Clitoria biflora	1979	No	Yes			https://ncppb.fera.co.uk/furtherinfo/3092	12
NCPPB 3110	Xanthomonas citri pv. anacardii (Ah-You et al. 2007) Constantin et al. 2016 comb. nov.		Xanthomonas campestris pv. mangiferaeindicae (Patel et al. 1948) Robbs, Ribeiro & Kimura 1974, Xanthomonas axonopodis pv. anacardii Ah-You et al. 2007	Brazil	Mangifera indica	1979	No	No			https://ncppb.fera.co.uk/furtherinfo/3110	12
NCPPB 3114	Xanthomonas citri pv. merremiae (Pant & Kulkarni 1976) Harrison et al. 2023		Xanthomonas campestris pv. merremiae (Pant & Kulkarni 1976) Dye et al. 1980	India	Merremia gangetica	1980	No	Yes			https://ncppb.fera.co.uk/furtherinfo/3114	12
NCPPB 3119	Xanthomonas hortorum pv. pelargonii (Brown 1923) Vauterin et al. 1995	Xanthomonas campestris pv. pelargoniiXanthomonas campestris pv. pelargonii	Xanthomonas campestris pv. pelargonii (Brown 1923) Dye 1978	Belgium	Pelargonium hortorum	1980	No	No			https://ncppb.fera.co.uk/furtherinfo/3119	12
NCPPB 3125	Xanthomonas citri pv. mangiferaeindicae (Patel et al. 1948) Constantin et al. 2016 comb. nov.		Xanthomonas campestris pv. mangiferaeindicae (Patel et al. 1948) Robbs, Ribeiro & Kimura 1974, Xanthomonas axonopodis pv. mangiferaeindicae (Patel et al. 1948) Ah-You et al. 2007	Australia	Mangifera indica	1980	No	No	Partial gene (gyrB) sequence indicates this is Xanthomonas citri.		https://ncppb.fera.co.uk/furtherinfo/3125	12
NCPPB 3135	Xanthomonas citri pv. citri (Hasse 1915) Constantin 2016 comb. nov.	Xanthomonas campestris pv. citri (Hasse 1915) Dye 1979	Xanthomonas campestris pv. citri (Hasse 1915) Dye 1979, Xanthomonas axonopodis pv. citri (Hasse 1915) Vauterin et al. 1995, Xanthomonas citri subsp. citri (Hasse 1915) Gabriel et al. 1989	Brazil	Citrus reticulata	1980	No	No			https://ncppb.fera.co.uk/furtherinfo/3135	12
NCPPB 3136	Xanthomonas citri pv. citri (Hasse 1915) Constantin 2016 comb. nov.	Xanthomonas campestris pv. citri (Hasse 1915) Dye 1979	Xanthomonas campestris pv. citri (Hasse 1915) Dye 1979, Xanthomonas axonopodis pv. citri (Hasse 1915) Vauterin et al. 1995, Xanthomonas citri subsp. citri (Hasse 1915) Gabriel et al. 1989	Brazil	Citrus latifolia	1980	No	No			https://ncppb.fera.co.uk/furtherinfo/3136	12
NCPPB 3140	Xanthomonas phaseoli pv. passiflorae (Pereira 1969) Harrison et al. 2023		Xanthomonas campestris pv. passiflorae (Pereira 1969) Dye 1978	Brazil		1980	No	No			https://ncppb.fera.co.uk/furtherinfo/3140	12
NCPPB 3155	Xanthomonas arboricola pv. pruni (Smith 1903) Vauterin et al. 1995	Xanthomonas campestris pv. pruni	Xanthomonas campestris pv. pruni (Smith 1903) Dye 1978	Italy	Prunus salicina	1981	No	No			https://ncppb.fera.co.uk/furtherinfo/3155	12
NCPPB 3156	Xanthomonas arboricola pv. pruni (Smith 1903) Vauterin et al. 1995	Xanthomonas campestris pv. pruni	Xanthomonas campestris pv. pruni (Smith 1903) Dye 1978	Italy	Prunus persica	1981	No	No			https://ncppb.fera.co.uk/furtherinfo/3156	12
NCPPB 3161	Xanthomonas phaseoli pv. manihotis (Bondar 1912) Constantin et al. 2016 comb. nov.	Xanthomonas campestris pv. manihotis (Berthet & Bondar 1915) Dye 1978	Xanthomonas campestris pv. manihotis (Berthet & Bondar 1915) Dye 1978, Xanthomonas axonopodis pv. manihotis (Bondar 1912) Vauterin et al. 1995	Cameroon	Manihot esculenta	1982	No	No			https://ncppb.fera.co.uk/furtherinfo/3161	12
NCPPB 3162	Xanthomonas vasicola pv. holcicola (Elliott 1930) Vauterin et al. 1995	Xanthomonas holcicola Elliott 1930	Xanthomonas campestris pv. holcicola (Elliott 1930) Dye 1978	India	Sorghum sp.	1982	No	No	Does not react with Xvh specific PCR primers		https://ncppb.fera.co.uk/furtherinfo/3162	12
NCPPB 3168	Xanthomonas cucurbitae (ex Bryan 1926) Vauterin et al. 1995	Xanthomonas campestris pv. cucurbitae	Xanthomonas campestris pv. cucurbitae (Bryan 1926) Dye 1978	Trinidad	Cucumis sativus	1982	No	No			https://ncppb.fera.co.uk/furtherinfo/3168	12
NCPPB 3169	Xanthomonas citri pv. vignicola (Burkholder 1944) Constantin et al. 2016 comb. nov.	Xanthomonas campestris pv. vignicola (Burkholder 1944) Dye 1978	Xanthomonas campestris pv. vignicola (Burkholder 1944) Dye 1978, Xanthomonas axonopodis pv. vignicola (Burkholder 1944) Vauterin et al.1995	Nigeria	Vigna argularis	1982	No	No			https://ncppb.fera.co.uk/furtherinfo/3169	12
NCPPB 3170	Xanthomonas translucens pv. translucens (Jones et al. 1917) Vauterin et al. 1995	Xanthomonas campestris pv. translucens (Jones et al. 1917) Dye 1978	Xanthomonas campestris pv. translucens (Jones et al. 1917) Dye 1978	Iran	Triticum aestivum	1982	No	No	Atypical fatty acid profile.		https://ncppb.fera.co.uk/furtherinfo/3170	12
NCPPB 3172	Xanthomonas phaseoli pv. manihotis (Bondar 1912) Constantin et al. 2016 comb. nov.	Xanthomonas campestris pv. manihotis (Berthet & Bondar 1915) Dye 1978	Xanthomonas campestris pv. manihotis (Berthet & Bondar 1915) Dye 1978, Xanthomonas axonopodis pv. manihotis (Bondar 1912) Vauterin et al. 1995	Zaire		1982	No	No			https://ncppb.fera.co.uk/furtherinfo/3172	12
NCPPB 3173	Xanthomonas euvesicatoria pv. coracanae (Desai et al. 1965) Constantin et al. 2016 comb. nov.	Xanthomonas campestris pv. coracanae (Desai et al. 1965) Dye 1978	Xanthomonas campestris pv. coracanae (Desai et al. 1965) Dye 1978, Xanthomonas axonopodis pv. coracanae (Desai et al. 1965) Vauterin et al. 1995	Uganda	Eleusine coracana	1982	No	No			https://ncppb.fera.co.uk/furtherinfo/3173	12
NCPPB 3174	Xanthomonas sp. Dowson 1939	Xanthomonas sp.		UK ex India	Setaria italica	1982	No	No			https://ncppb.fera.co.uk/furtherinfo/3174	12
NCPPB 3176	Xanthomonas translucens pv. translucens (Jones et al. 1917) Vauterin et al. 1995	Xanthomonas campestris pv. translucens (Jones et al. 1917) Dye 1978	Xanthomonas campestris pv. translucens (Jones et al. 1917) Dye 1978	Kenya	Hordeum vulgare	1982	No	No			https://ncppb.fera.co.uk/furtherinfo/3176	12
NCPPB 3177	Xanthomonas oryzae pv. oryzae (Ishiyama 1922) Swings et al. 1990	Xanthomonas campestris pv. oryzae(Ishiyama 1922) Dye 1978	Xanthomonas campestris pv. oryzae (Ishiyama 1922) Dye 1978	India	Oryza sativa	1982	No	No			https://ncppb.fera.co.uk/furtherinfo/3177	12
NCPPB 3178	Xanthomonas vesicatoria (ex Doidge 1920) Vauterin et al. 1995	Xanthomonas campestris pv. vesicatoria (Doidge 1920) Dye 1978	Xanthomonas campestris pv. vesicatoria (Doidge 1920) Dye 1978	Senegal	Solanum lycopersicum	1982	No	No			https://ncppb.fera.co.uk/furtherinfo/3178	12
NCPPB 3182	Xanthomonas campestris pv. amaranthicola (Patel et al. 1952) Dye 1978			India	Amaranthus sp.	1982	No	No			https://ncppb.fera.co.uk/furtherinfo/3182	12
NCPPB 3187	Xanthomonas citri pv. vignicola (Burkholder 1944) Constantin et al. 2016 comb. nov.	Xanthomonas campestris pv. vignicola (Burkholder 1944) Dye 1978	Xanthomonas campestris pv. vignicola (Burkholder 1944) Dye 1978, Xanthomonas axonopodis pv. vignicola (Burkholder 1944) Vauterin et al.1995	Brazil	Vigna sinensis	1982	No	No			https://ncppb.fera.co.uk/furtherinfo/3187	12
NCPPB 3191	Xanthomonas phaseoli pv. manihotis (Bondar 1912) Constantin et al. 2016 comb. nov.	Xanthomonas campestris pv. manihotis (Berthet & Bondar 1915) Dye 1978	Xanthomonas campestris pv. manihotis (Berthet & Bondar 1915) Dye 1978, Xanthomonas axonopodis pv. manihotis (Bondar 1912) Vauterin et al. 1995	Brazil	Manihot esculenta	1982	No	No			https://ncppb.fera.co.uk/furtherinfo/3191	12
NCPPB 3192	Xanthomonas cassavae (ex Wiehe & Dowson 1953) Vauterin et al. 1995	Xanthomonas campestris pv. cassavae	Xanthomonas campestris pv. cassavae (Wiehe & Dowson 1953) Maraite and Weyns 1979	Rwanda	Manihot esculenta	1982	No	No			https://ncppb.fera.co.uk/furtherinfo/3192	12
NCPPB 3194	Xanthomonas phaseoli pv. manihotis (Bondar 1912) Constantin et al. 2016 comb. nov.	Xanthomonas campestris pv. manihotis (Berthet & Bondar 1915) Dye 1978	Xanthomonas campestris pv. manihotis (Berthet & Bondar 1915) Dye 1978, Xanthomonas axonopodis pv. manihotis (Bondar 1912) Vauterin et al. 1995	Niger	Manihot esculenta	1982	No	No			https://ncppb.fera.co.uk/furtherinfo/3194	12
NCPPB 3200	Xanthomonas arboricola Vauterin et al. 1995	Xanthomonas campestris (Pammel 1895) Dowson 1939		UK ex Kenya	Chrysanthemum morifolium	1982	No	No	Partial gene sequencing of gyrB (Parkinson et al. 2009) places this strain in Xanthomonas arboricola. ex Chrysanthemums showing severe wilt		https://ncppb.fera.co.uk/furtherinfo/3200	12
NCPPB 3204	Xanthomonas axonopodis pv. cyamopsidis (Patel et al.1953) Vauterin et al. 1995	Xanthomonas campestris pv. cyamopsidis (Patel et al.1953) Dye 1978	Xanthomonas campestris pv. cyamopsidis (Patel et al.1953) Dye 1978	Sudan	Cyamopsis tetragonolobus	1982	No	No			https://ncppb.fera.co.uk/furtherinfo/3204	12
NCPPB 3207	Xanthomonas campestris pv. campestris (Pammel 1895) Dowson 1939	Xanthomonas campestris pv. campestris (Pammel 1895) Dowson 1939		Zimbabwe	Brassica oleracea var. capitata	1982	No	No			https://ncppb.fera.co.uk/furtherinfo/3207	12
NCPPB 3212	Xanthomonas cerealis pv. cerealis Tambong et al. 2024	Xanthomonas translucens f.sp cerealis Hagborg 1942	Xanthomonas campestris pv. cerealis (Hagborg 1942) Dye 1978; Xanthomonas translucens pv. cerealis (Hagborg 1942) Vauterin et al.1995	Brazil	Triticum aestivum.	1982	No	No			https://ncppb.fera.co.uk/furtherinfo/3212	12
NCPPB 3213	Xanthomonas campestris pv. bilvae Chakravarti et al. 1984			India	Aegle marmelos	1982	No	Yes	Ngoc et al. (2010) place this strain in X. citri		https://ncppb.fera.co.uk/furtherinfo/3213	12
NCPPB 3215	Xanthomonas translucens pv. translucens (Jones et al. 1917) Vauterin et al. 1995	Xanthomonas campestris pv. translucens (Jones et al. 1917) Dye 1978	Xanthomonas campestris pv. translucens (Jones et al. 1917) Dye 1978	Zambia	Triticum aestivum	1982	No	No			https://ncppb.fera.co.uk/furtherinfo/3215	12
NCPPB 3218	Xanthomonas arboricola Vauterin et al. 1995	Xanthomonas campestris (Pammel 1895) Dowson 1939		Indonesia	Syzygium aromaticum (clove).	1982	No	No	Partial gene sequencing of gyrB (Parkinson et al. 2009) places this strain in Xanthomonas arboricola.		https://ncppb.fera.co.uk/furtherinfo/3218	12
NCPPB 3229	Xanthomonas graminis pv. arrhenatheri Tambong et al. 2024	Xanthomonas campestris pv. arrhenatheri Egli & Schmidt 1982	Xanthomonas campestris pv. arrhenatheri Egli & Schmidt 1982, Xanthomonas translucens pv. arrhenatheri (Egli & Schmidt 1982) Vauterin et al. 1995	Switzerland	Arrhenatherum elatius	1982	No	Yes			https://ncppb.fera.co.uk/furtherinfo/3229	12
NCPPB 3230	Xanthomonas graminis pv. poae Tambong et al. 2024	Xanthomonas campestris pv. poae Egli & Schmidt 1982	Xanthomonas campestris pv. poae Egli & Schmidt 1982; Xanthomonas translucens pv. poae (Egli & Schmidt 1982) Vauterin et al. 1995	Switzerland	Poa trivialis	1982	No	Yes	Tambong et al. 2024 have described this strain as the pathotyptype of Xanthomonas graminis pv. poae.		https://ncppb.fera.co.uk/furtherinfo/3230	12
NCPPB 3231	Xanthomonas graminis pv. phlei Tambong et al. 2024	Xanthomonas campestris pv. phlei Egli & Schmidt 1982	Xanthomonas campestris pv. phlei Egli & Schmidt 1982; Xanthomonas translucens pv. phlei (Egli & Schmidt 1982) Vauterin et al. 1995	Switzerland	Phleum pratense	1982	No	Yes	Tanbong et al. 2024 have described this strain as the pathotype of Xanthomonas graminis pv. phlei.		https://ncppb.fera.co.uk/furtherinfo/3231	12
NCPPB 3232	Xanthomonas citri pv. citri (Hasse 1915) Constantin 2016 comb. nov.	Xanthomonas campestris pv. citri (Hasse 1915) Dye 1979	Xanthomonas campestris pv. citri (Hasse 1915) Dye 1979, Xanthomonas axonopodis pv. citri (Hasse 1915) Vauterin et al. 1995, Xanthomonas citri subsp. citri (Hasse 1915) Gabriel et al. 1989	Brazil	Citrus aurantifolia	1982	No	No	Partial gene (gyrB) sequence indicates this is Xanthomonas citri subsp. citri (NCPPB Aug 2017)		https://ncppb.fera.co.uk/furtherinfo/3232	12
NCPPB 3233	Xanthomonas citri pv. aurantifolii (Schaad et al. 2007) Constantin et al. 2016 comb. nov.	Xanthomonas campestris pv. citri (Hasse 1915) Dye 1979	Xanthomonas axonopodis pv. aurantifolii Gabriel et al. 1989, Xanthomonas axonopodis pv. aurantifolii (Gabriel et al. 1989) Vauterin et al. 1995, Xanthomonas fuscans subsp. aurantifolii Schaad et al. 2007	Brazil	Citrus aurantifolia	1982	No	No	Type C(=X.c.aurantifolia)		https://ncppb.fera.co.uk/furtherinfo/3233	12
NCPPB 3234	Xanthomonas citri pv. citri (Hasse 1915) Constantin 2016 comb. nov.	Xanthomonas campestris pv. citri (Hasse 1915) Dye 1979	Xanthomonas campestris pv. citri (Hasse 1915) Dye 1979, Xanthomonas axonopodis pv. citri (Hasse 1915) Vauterin et al. 1995, Xanthomonas citri subsp. citri (Hasse 1915) Gabriel et al. 1989	Japan	Citrus sp.	1982	No	No	Type A(Asiatic Canker)		https://ncppb.fera.co.uk/furtherinfo/3234	12
NCPPB 3235	Xanthomonas citri pv. citri (Hasse 1915) Constantin 2016 comb. nov.	Xanthomonas campestris pv. citri (Hasse 1915) Dye 1979	Xanthomonas campestris pv. citri (Hasse 1915) Dye 1979, Xanthomonas axonopodis pv. citri (Hasse 1915) Vauterin et al. 1995, Xanthomonas citri subsp. citri (Hasse 1915) Gabriel et al. 1989	Japan	Citrus sp.	1982	No	No	Type A(Asiatic Canker)		https://ncppb.fera.co.uk/furtherinfo/3235	12
NCPPB 3236	Xanthomonas citri pv. aurantifolii (Schaad et al. 2007) Constantin et al. 2016 comb. nov.	Xanthomonas campestris pv. citri (Hasse 1915) Dye 1979	Xanthomonas axonopodis pv. aurantifolii Gabriel et al. 1989, Xanthomonas axonopodis pv. aurantifolii (Gabriel et al. 1989) Vauterin et al. 1995, Xanthomonas fuscans subsp. aurantifolii Schaad et al. 2007	Argentina	Citrus sp.	1982	No	Yes	Fatty acid profile typical of Xanthomonas sp. but not typical of X. citri type A strains.		https://ncppb.fera.co.uk/furtherinfo/3236	12
NCPPB 3237	Xanthomonas citri pv. aurantifolii (Schaad et al. 2007) Constantin et al. 2016 comb. nov.	Xanthomonas campestris pv. citri (Hasse 1915) Dye 1979	Xanthomonas axonopodis pv. aurantifolii Gabriel et al. 1989, Xanthomonas axonopodis pv. aurantifolii (Gabriel et al. 1989) Vauterin et al. 1995, Xanthomonas fuscans subsp. aurantifolii Schaad et al. 2007	Argentina	Citrus sp.	1982	No	No	Type B(=X.c.aurantifolia)		https://ncppb.fera.co.uk/furtherinfo/3237	12
NCPPB 3240	Xanthomonas vesicatoria (ex Doidge 1920) Vauterin et al. 1995	Xanthomonas campestris pv. vesicatoria (Doidge 1920) Dye 1978	Xanthomonas campestris pv. vesicatoria (Doidge 1920) Dye 1978	Spain	Solanum lycopersicum	1982	No	No			https://ncppb.fera.co.uk/furtherinfo/3240	13
NCPPB 3241	Xylophilus ampelinus (Panagopoulos 1969) Willems et al. 1987		Xanthomonas ampelina Panagopoulos 1969	Spain	Vitis vinifera	1982	No	No			https://ncppb.fera.co.uk/furtherinfo/3241	13
NCPPB 3242	Xanthomonas hyacinthi (Wakker 1883) Vauterin et al. 1995	Xanthomonas campestris pv. hyacinthi	Xanthomonas campestris pv. hyacinthi (Wakker 1883) Dye 1978	Netherlands	Scilla tubergeniana	1982	No	No			https://ncppb.fera.co.uk/furtherinfo/3242	13
NCPPB 3245	Xanthomonas campestris pv. centellae Basnyat & Kulkarni 1979			India	Centella asiatica	1982	No	Yes			https://ncppb.fera.co.uk/furtherinfo/3245	13
NCPPB 3290	Xanthomonas campestris pv. campestris (Pammel 1895) Dowson 1939	Xanthomonas campestris pv. campestris (Pammel 1895) Dowson 1939		Hungary	Brassica oleracea var. capitata	1983	No	No			https://ncppb.fera.co.uk/furtherinfo/3290	13
NCPPB 3291	Xanthomonas campestris pv. campestris (Pammel 1895) Dowson 1939	Xanthomonas campestris pv. campestris (Pammel 1895) Dowson 1939		Hungary	Brassica oleracea var. gongylodes	1983	No	No			https://ncppb.fera.co.uk/furtherinfo/3291	13
NCPPB 3292	Xanthomonas campestris pv. campestris (Pammel 1895) Dowson 1939	Xanthomonas campestris pv. campestris (Pammel 1895) Dowson 1939		Hungary	Brassica oleracea var. botrytis	1983	No	No			https://ncppb.fera.co.uk/furtherinfo/3292	13
NCPPB 3301	Xanthomonas oryzae pv. oryzae (Ishiyama 1922) Swings et al. 1990	Xanthomonas campestris pv. oryzae(Ishiyama 1922) Dye 1978	Xanthomonas campestris pv. oryzae (Ishiyama 1922) Dye 1978	Philippines	Oryza sativa	1983	No	No			https://ncppb.fera.co.uk/furtherinfo/3301	13
NCPPB 3303	Xanthomonas oryzae pv. oryzae (Ishiyama 1922) Swings et al. 1990	Xanthomonas campestris pv. oryzae(Ishiyama 1922) Dye 1978	Xanthomonas campestris pv. oryzae (Ishiyama 1922) Dye 1978	Philippines	Oryza sativa	1983	No	No			https://ncppb.fera.co.uk/furtherinfo/3303	13
NCPPB 3304	Xanthomonas oryzae pv. oryzae (Ishiyama 1922) Swings et al. 1990	Xanthomonas campestris pv. oryzae(Ishiyama 1922) Dye 1978	Xanthomonas campestris pv. oryzae (Ishiyama 1922) Dye 1978	Philippines	Oryza sativa	1983	No	No			https://ncppb.fera.co.uk/furtherinfo/3304	13
NCPPB 3311	Xanthomonas vesicatoria (ex Doidge 1920) Vauterin et al. 1995	Xanthomonas campestris pv. vesicatoria (Doidge 1920) Dye 1978	Xanthomonas campestris pv. vesicatoria (Doidge 1920) Dye 1978	Italy	Solanum lycopersicum	1984	No	No			https://ncppb.fera.co.uk/furtherinfo/3311	13
NCPPB 3312	Xanthomonas vesicatoria (ex Doidge 1920) Vauterin et al. 1995	Xanthomonas campestris pv. vesicatoria (Doidge 1920) Dye 1978	Xanthomonas campestris pv. vesicatoria (Doidge 1920) Dye 1978	Hungary		1984	No	No			https://ncppb.fera.co.uk/furtherinfo/3312	13
NCPPB 3313	Xanthomonas campestris pv. campestris (Pammel 1895) Dowson 1939	Xanthomonas campestris pv. campestris (Pammel 1895) Dowson 1939		Hungary	Brassica oleracea var. capitata	1984	No	No			https://ncppb.fera.co.uk/furtherinfo/3313	13
NCPPB 3314	Xanthomonas vesicatoria (ex Doidge 1920) Vauterin et al. 1995	Xanthomonas campestris pv. vesicatoria (Doidge 1920) Dye 1978	Xanthomonas campestris pv. vesicatoria (Doidge 1920) Dye 1978	Hungary		1984	No	No			https://ncppb.fera.co.uk/furtherinfo/3314	13
NCPPB 3315	Xanthomonas vesicatoria (ex Doidge 1920) Vauterin et al. 1995	Xanthomonas campestris pv. vesicatoria (Doidge 1920) Dye 1978	Xanthomonas campestris pv. vesicatoria (Doidge 1920) Dye 1978	Hungary		1984	No	No			https://ncppb.fera.co.uk/furtherinfo/3315	13
NCPPB 3329	Xanthomonas hortorum pv. pelargonii (Brown 1923) Vauterin et al. 1995	Xanthomonas campestris pv. pelargonii	Xanthomonas campestris pv. pelargonii (Brown 1923) Dye 1978	UK	Pelargonium zonale	1984	No	No			https://ncppb.fera.co.uk/furtherinfo/3329	13
NCPPB 3330	Xanthomonas hortorum pv. pelargonii (Brown 1923) Vauterin et al. 1995	Xanthomonas campestris pv. pelargonii	Xanthomonas campestris pv. pelargonii (Brown 1923) Dye 1978	UK	Pelargonium zonale	1984	No	No			https://ncppb.fera.co.uk/furtherinfo/3330	13
NCPPB 3339	Xanthomonas arboricola pv. corylina (Miller et al. 1940) Vauterin et al. 1995	Xanthomonas campestris pv. corylina	Xanthomonas campestris pv. corylina (Miller et al. 1940) Dye 1978	France	Corylus avellana	1984	No	No			https://ncppb.fera.co.uk/furtherinfo/3339	13
NCPPB 3340	Xanthomonas arboricola pv. juglandis (Pierce 1901) Vauterin et al. 1995	Xanthomonas campestris pv. juglandis (Pierce 1901) Dye 1978	Xanthomonas campestris pv. juglandis (Pierce 1901) Dye 1978	France	Juglans regia	1984	No	No			https://ncppb.fera.co.uk/furtherinfo/3340	13
NCPPB 3361	Xanthomonas oryzae pv. oryzicola (Fang et al. 1957) Swings et al. 1990	Xanthomonas campestris pv. oryzicola (Fang et al. 1957) Dye 1978	Xanthomonas campestris pv. oryzicola (Fang et al. 1957) Dye 1978	China	Oryza sativa	1985	No	No	Atypical fatty acid profile.		https://ncppb.fera.co.uk/furtherinfo/3361	13
NCPPB 3363	Xanthomonas oryzae pv. oryzae (Ishiyama 1922) Swings et al. 1990	Xanthomonas campestris pv. oryzae(Ishiyama 1922) Dye 1978	Xanthomonas campestris pv. oryzae (Ishiyama 1922) Dye 1978	China	Oryza sativa	1985	No	No			https://ncppb.fera.co.uk/furtherinfo/3363	13
NCPPB 3380	Xanthomonas phaseoli pv. dieffenbachiae (McCulloch & Pirone 1939) Constantin et al. 2016 comb. nov.	Xanthomonas campestris pv. dieffenbachiae(McCulloch & Pirone 1939) Dye 1978	Xanthomonas campestris pv. dieffenbachiae (McCulloch & Pirone 1939) Dye 1978, Xanthomonas axonopodis pv. dieffenbachiae (McCulloch & Pirone 1939) Vauterin et al. 1995	Jamaica	Anthurium sp.	1985	No	No			https://ncppb.fera.co.uk/furtherinfo/3380	13
NCPPB 3381	Xanthomonas hortorum pv. pelargonii (Brown 1923) Vauterin et al. 1995	Xanthomonas campestris pv. pelargonii	Xanthomonas campestris pv. pelargonii (Brown 1923) Dye 1978	UK	Pelargonium sp.	1985	No	No			https://ncppb.fera.co.uk/furtherinfo/3381	13
NCPPB 3382	Xanthomonas hyacinthi (Wakker 1883) Vauterin et al. 1995	Xanthomonas campestris pv. hyacinthi	Xanthomonas campestris pv. hyacinthi (Wakker 1883) Dye 1978	Netherlands	Hyacinthus orientalis	1985	No	No			https://ncppb.fera.co.uk/furtherinfo/3382	13
NCPPB 3426	Xanthomonas populi (ex Ridé 1958) van den Mooter & Swings 1990	Xanthomonas populi subsp. salicis	Xanthomonas populi subsp. salicis De Kam 1978	Netherlands	Salix dasyclada	1985	No	No	X. populi subsp. salicis		https://ncppb.fera.co.uk/furtherinfo/3426	13
NCPPB 3434	Xanthomonas melonis Vauterin et al. 1995	Xanthomonas campestris pv. melonis	Xanthomonas campestris pv. melonis Neto et al. 1984	Brazil	Cucumis melo	1985	Yes	No			https://ncppb.fera.co.uk/furtherinfo/3434	13
NCPPB 3435	Xanthomonas melonis Vauterin et al. 1995	Xanthomonas campestris pv. melonis	Xanthomonas campestris pv. melonis Neto et al. 1984	Brazil	Cucumis melo	1985	No	No			https://ncppb.fera.co.uk/furtherinfo/3435	13
NCPPB 3437	Xanthomonas phaseoli pv. passiflorae (Pereira 1969) Harrison et al. 2023		Xanthomonas campestris pv. passiflorae (Pereira 1969) Dye 1978	Brazil	Passiflora alata	1985	No	No			https://ncppb.fera.co.uk/furtherinfo/3437	13
NCPPB 3438	Xanthomonas phaseoli pv. passiflorae (Pereira 1969) Harrison et al. 2023		Xanthomonas campestris pv. passiflorae (Pereira 1969) Dye 1978	Brazil	Passiflora alata	1985	No	No			https://ncppb.fera.co.uk/furtherinfo/3438	13
NCPPB 3440	Xanthomonas hortorum pv. carotae (Kendrick 1934) Vauterin et al. 1995	Xanthomonas campestris pv. carotae (Kendrick 1934) Dye 1978	Xanthomonas campestris pv. carotae (Kendrick 1934) Dye 1978	Brazil	Daucus carota	1985	No	No			https://ncppb.fera.co.uk/furtherinfo/3440	13
NCPPB 3441	Xanthomonas sp. Dowson 1939		Xanthomonas campestris pv. cordiae Robbs et al., 1983 not a valid name	Brazil	Cordia goeldiana	1985	No	No	Illegitimate name		https://ncppb.fera.co.uk/furtherinfo/3441	13
NCPPB 3442	Xanthomonas sp. Dowson 1939		Xanthomonas campestris pv. cordiae Robbs et al., 1983 not a valid name	Brazil	Cordia goeldiana	1985	No	No	Illegitimate name		https://ncppb.fera.co.uk/furtherinfo/3442	13
NCPPB 3443	Xanthomonas sp. Dowson 1939		Xanthomonas campestris pv. cordiae Robbs et al., 1983 not a valid name	Brazil	Cordia goeldiana	1985	No	Yes	Illegitimate name. Proposed pathotype strain.		https://ncppb.fera.co.uk/furtherinfo/3443	13
NCPPB 3456	Xanthomonas hortorum pv. pelargonii (Brown 1923) Vauterin et al. 1995	Xanthomonas campestris pv. pelargonii	Xanthomonas campestris pv. pelargonii (Brown 1923) Dye 1978	Hungary	Pelargonium zonale	1986	No	No			https://ncppb.fera.co.uk/furtherinfo/3456	13
NCPPB 3457	Xanthomonas hortorum pv. pelargonii (Brown 1923) Vauterin et al. 1995	Xanthomonas campestris pv. pelargonii	Xanthomonas campestris pv. pelargonii (Brown 1923) Dye 1978	Hungary	Pelargonium zonale	1986	No	No			https://ncppb.fera.co.uk/furtherinfo/3457	13
NCPPB 3479	Xanthomonas citri pv. aracearum (Berniac 1974) Constantin et al. 2016 comb. nov.		Xanthomonas campestris pv. aracearum (Berniac 1974) Dye 1978	Papua New Guinea	Colocasia esculenta	1986	No	No			https://ncppb.fera.co.uk/furtherinfo/3479	13
NCPPB 3484	Xylophilus ampelinus (Panagopoulos 1969) Willems et al. 1987		Xanthomonas ampelina Panagopoulos 1969	Sardinia	Vitis vinifera	1986	No	No			https://ncppb.fera.co.uk/furtherinfo/3484	13
NCPPB 3559	Xanthomonas euvesicatoria pv. paulliniae (Robbs, Medieros & Kimura 1982) Harrison et al. 2023		Xanthomonas campestris pv. paulliniae Robbs, Medieros & Kimura 1982	Brazil	Paullinia cupana var. Sorbilis	1988	No	No			https://ncppb.fera.co.uk/furtherinfo/3559	13
NCPPB 3560	Xanthomonas euvesicatoria pv. viegasii (Robbs et al. 1989) Harrison et al. 2023	Xanthomonas campestris pv. viegasii Robbs et al. 1989	Xanthomonas campestris pv. viegasii Robbs et al. 1989	Brazil	Pachystachys lutea	1988	No	Yes			https://ncppb.fera.co.uk/furtherinfo/3560	13
NCPPB 3561	Xanthomonas euvesicatoria pv. viegasii (Robbs et al. 1989) Harrison et al. 2023	Xanthomonas campestris pv. viegasii Robbs et al. 1989	Xanthomonas campestris pv. viegasii Robbs et al. 1989	Brazil	Pachystachys lutea	1988	No	No			https://ncppb.fera.co.uk/furtherinfo/3561	13
NCPPB 3562	Xanthomonas citri pv. citri (Hasse 1915) Constantin 2016 comb. nov.	Xanthomonas campestris pv. citri (Hasse 1915) Dye 1979	Xanthomonas campestris pv. citri (Hasse 1915) Dye 1979, Xanthomonas axonopodis pv. citri (Hasse 1915) Vauterin et al. 1995, Xanthomonas citri subsp. citri (Hasse 1915) Gabriel et al. 1989	India	Citrus limon (Pant lemon)	1988	No	No	Type A(Asiatic Canker)		https://ncppb.fera.co.uk/furtherinfo/3562	13
NCPPB 3563	Xanthomonas citri pv. punicae (Hingorani & Singh 1959) Constantin et al. 2016 comb. nov.	Xanthomonas sp.	Xanthomonas campestris pv. punicae (Hingorani & Singh 1959) Dye 1978, Xanthomonas axonopodis pv. punicae (Hingorani & Singh 1959) Vauterin et al. 1995	India	Punica granatum	1988	No	No			https://ncppb.fera.co.uk/furtherinfo/3563	13
NCPPB 3566	Xanthomonas campestris pv. campestris (Pammel 1895) Dowson 1939	Xanthomonas campestris pv. campestris (Pammel 1895) Dowson 1939		India	Raphanus sativus	1988	No	No			https://ncppb.fera.co.uk/furtherinfo/3566	13
NCPPB 3567	Xanthomonas campestris pv. campestris (Pammel 1895) Dowson 1939	Xanthomonas campestris pv. campestris (Pammel 1895) Dowson 1939		India	Brassica oleracea var. botrytis	1988	No	No			https://ncppb.fera.co.uk/furtherinfo/3567	13
NCPPB 3568	Xanthomonas campestris pv. centellae Basnyat & Kulkarni 1979			India	Cantella asiatica	1986	No	No			https://ncppb.fera.co.uk/furtherinfo/3568	13
NCPPB 3569	Xanthomonas sp. Dowson 1939		Xanthomonas campestris	Maracay	Ipomoea batatas	1988	No	No			https://ncppb.fera.co.uk/furtherinfo/3569	13
NCPPB 3570	Xanthomonas sp. Dowson 1939		Xanthomonas campestris	Maracay	Xanthosoma sagittifolium	1988	No	No			https://ncppb.fera.co.uk/furtherinfo/3570	13
NCPPB 3573	Xanthomonas phaseoli pv. dieffenbachiae (McCulloch & Pirone 1939) Constantin et al. 2016 comb. nov.	Xanthomonas campestris pv. dieffenbachiae(McCulloch & Pirone 1939) Dye 1978	Xanthomonas campestris pv. dieffenbachiae (McCulloch & Pirone 1939) Dye 1978, Xanthomonas axonopodis pv. dieffenbachiae (McCulloch & Pirone 1939) Vauterin et al. 1995	Guadeloupe	Anthurium sp.	1988	No	No		Un deperissement bacterieu de l'anthuria provoque par. Xanthomons campestris pv. Dieffenbachiae aux	https://ncppb.fera.co.uk/furtherinfo/3573	13
NCPPB 3582	Xanthomonas codiaei Vauterin et al. 1995	Xanthomonas campestris (Pammel 1895) Dowson 1939	Xanthomonas campestris pv. cordiae Robbs et al., 1983 not a valid name	USA	Strelitzia reginae	1988	No	No	Partial gene sequencing of gyrB (Parkinson et al. 2009) places this strain in Xanthomonas codiaei. Last path check 1988.	Chase, A.R., Jones, J.B. 1987. Plant Disease 71: 845-847.	https://ncppb.fera.co.uk/furtherinfo/3582	13
NCPPB 3583	Xanthomonas sp. Dowson 1939		Xanthomonas campestris	USA	Strelitzia reginae	1988	No	No	Last path check 1988 (NCPPB)	Chase, A.R., Jones, J.B. 1987. Plant Disease 71: 845-847.	https://ncppb.fera.co.uk/furtherinfo/3583	13
NCPPB 3586	Xanthomonas phaseoli pv. syngonii (Dickey & Zumoff 1987) Constantin et al. 2016 comb. nov.		Xanthomonas campestris pv. syngonii Dickey & Zumoff 1987	USA	Syngonium podophyllum cv. White Butterfly	1988	No	Yes		Dickey, R.S., Zumoff, C.H. 1987. Phytopath. 77: 1257-1262; 1263-1268	https://ncppb.fera.co.uk/furtherinfo/3586	14
NCPPB 3587	Xanthomonas phaseoli pv. syngonii (Dickey & Zumoff 1987) Constantin et al. 2016 comb. nov.		Xanthomonas campestris pv. syngonii Dickey & Zumoff 1987	USA	Syngonium podophyllum cv. Cream	1988	No	No	Last path. check 1985	Dickey, R.S., Zumoff, C.H. 1987. Phytopath. 77: 1257-1262; 1263-1268	https://ncppb.fera.co.uk/furtherinfo/3587	14
NCPPB 3588	Xanthomonas hortorum pv. hederae (Arnaud 1920) Vauterin et al. 1995	Xanthomonas campestris pv. hederae	Xanthomonas campestris pv. hederae (Arnaud 1920) Dye 1978	USA	Schefflera arbricola	1988	No	No		Chase, A.R. 1984. Plant Path. 33:439-440.	https://ncppb.fera.co.uk/furtherinfo/3588	14
NCPPB 3589	Xanthomonas hortorum pv. hederae (Arnaud 1920) Vauterin et al. 1995	Xanthomonas campestris pv. hederae	Xanthomonas campestris pv. hederae (Arnaud 1920) Dye 1978	USA	Brassaia actinophylla	1988	No	No		Chase, A.R. 1984. Plant Path. 33:439-440.	https://ncppb.fera.co.uk/furtherinfo/3589	14
NCPPB 3592	Xanthomonas hortorum Vauterin et al. 1995	Xanthomonas campestris pv. vitians (Brown 1918) Dye 1978	Xanthomonas cynarae Trébaol et al. 2000; Xanthomonas gardneri (ex uti? 1957) Jones et al. 2006	UK	Rosemary	1988	No	No	From dark leaf spots with yellow bands.		https://ncppb.fera.co.uk/furtherinfo/3592	14
NCPPB 3593	Xanthomonas hortorum Vauterin et al. 1995	Xanthomonas campestris pv. vitians (Brown 1918) Dye 1978	Xanthomonas cynarae Trébaol et al. 2000; Xanthomonas gardneri (ex uti? 1957) Jones et al. 2006	UK	Rosemary	1988	No	No			https://ncppb.fera.co.uk/furtherinfo/3593	14
NCPPB 3595	Xanthomonas phaseoli pv. phaseoli (Smith 1897) Constantin et al. 2016 comb. nov.		Xanthomonas campestris pv. phaseoli (Smith 1897) Dye 1978, Xanthomonas axonopodis pv. phaseoli (Smith 1897) Vauterin et al.1995	India	Phaseolus vulgaris	1988	No	No	Last path check 1988 (NCPPB), gyrB 100% match with NCPPB 3035	1986. Proc. Hort. Symp. Phytobact. Pp1 (Alister)	https://ncppb.fera.co.uk/furtherinfo/3595	14
NCPPB 3596	Xanthomonas citri pv. mangiferaeindicae (Patel et al. 1948) Constantin et al. 2016 comb. nov.		Xanthomonas campestris pv. mangiferaeindicae (Patel et al. 1948) Robbs, Ribeiro & Kimura 1974, Xanthomonas axonopodis pv. mangiferaeindicae (Patel et al. 1948) Ah-You et al. 2007	India	Mangifera indica	1988	No	No	Last path check 1988 (NCPPB). Partial gene (gyrB) sequence indicates this is Xanthomonas citri.		https://ncppb.fera.co.uk/furtherinfo/3596	14
NCPPB 3607	Xanthomonas citri pv. citri (Hasse 1915) Constantin 2016 comb. nov.	Xanthomonas campestris pv. citri (Hasse 1915) Dye 1979	Xanthomonas campestris pv. citri (Hasse 1915) Dye 1979, Xanthomonas axonopodis pv. citri (Hasse 1915) Vauterin et al. 1995, Xanthomonas citri subsp. citri (Hasse 1915) Gabriel et al. 1989	India	Citrus aurantifolia	1988	No	No	Last path. check 1988. Form C. Partial gene (gyrB) sequence indicates this is Xanthomonas citri subsp. citri (NCPPB Aug 2017)		https://ncppb.fera.co.uk/furtherinfo/3607	14
NCPPB 3608	Xanthomonas citri pv. citri (Hasse 1915) Constantin 2016 comb. nov.	Xanthomonas campestris pv. citri (Hasse 1915) Dye 1979	Xanthomonas campestris pv. citri (Hasse 1915) Dye 1979, Xanthomonas axonopodis pv. citri (Hasse 1915) Vauterin et al. 1995, Xanthomonas citri subsp. citri (Hasse 1915) Gabriel et al. 1989	India	Citrus aurantifolia	1988	No	No	Last path check 1988. Form A, but different from others. Partial gene (gyrB) sequence indicates this is Xanthomonas citri subsp. citri (NCPPB Aug 2017)		https://ncppb.fera.co.uk/furtherinfo/3608	14
NCPPB 3609	Xanthomonas citri pv. aurantifolii Schaad et al. 2007	Xanthomonas campestris pv. citri (Hasse 1915) Dye 1979	Xanthomonas campestris pv. citri (Hasse 1915) Dye 1979, Xanthomonas axonopodis pv. citri (Hasse 1915) Vauterin et al. 1995, Xanthomonas fuscans subsp. aurantifolii Schaad et al. 2007	India	Citrus aurantifolia	1988	No	No	Type A(Asiatic Canker)		https://ncppb.fera.co.uk/furtherinfo/3609	14
NCPPB 3611	Xanthomonas campestris pv. viticola (Nayudu 1972) Dye 1978			India	Vitis vinifera	1988	No	No	da Gama et al. (2018) places this pathovar in Xanthomonas citri (Constantin et al. 2016)		https://ncppb.fera.co.uk/furtherinfo/3611	14
NCPPB 3612	Xanthomonas citri pv. citri (Hasse 1915) Constantin 2016 comb. nov.	Xanthomonas campestris pv. citri (Hasse 1915) Dye 1979	Xanthomonas campestris pv. citri (Hasse 1915) Dye 1979, Xanthomonas axonopodis pv. citri (Hasse 1915) Vauterin et al. 1995, Xanthomonas citri subsp. citri (Hasse 1915) Gabriel et al. 1989	India	Citrus aurantifolia	1988	No	No	Partial gene (gyrB) sequence indicates this is Xanthomonas citri subsp. citri (NCPPB Aug 2017)		https://ncppb.fera.co.uk/furtherinfo/3612	14
NCPPB 3614	Xanthomonas vesicatoria (ex Doidge 1920) Vauterin et al. 1995	Xanthomonas campestris pv. vesicatoria (Doidge 1920) Dye 1978	Xanthomonas campestris pv. vesicatoria (Doidge 1920) Dye 1978	India	Solanum lycopersicum	1989	No	No			https://ncppb.fera.co.uk/furtherinfo/3614	14
NCPPB 3615	Xanthomonas citri pv. citri (Hasse 1915) Constantin 2016 comb. nov.	Xanthomonas campestris pv. citri (Hasse 1915) Dye 1979	Xanthomonas campestris pv. citri (Hasse 1915) Dye 1979, Xanthomonas axonopodis pv. citri (Hasse 1915) Vauterin et al. 1995, Xanthomonas citri subsp. citri (Hasse 1915) Gabriel et al. 1989	India	Citrus aurantifolia	1989	No	No	Type A(Asiatic Canker), partial gene (gyrB) sequence indicates this is Xanthomonas citri subsp. citri (NCPPB Aug 2017)		https://ncppb.fera.co.uk/furtherinfo/3615	14
NCPPB 3638	Xanthomonas campestris pv. parthenii Chand et al. 1995			India	Parthnium hysterophorus	1990	No	No			https://ncppb.fera.co.uk/furtherinfo/3638	14
NCPPB 3639	Xanthomonas campestris pv. parthenii Chand et al. 1995			India	Parthnium hysterophorus	1990	No	No			https://ncppb.fera.co.uk/furtherinfo/3639	14
NCPPB 3640	Xanthomonas campestris pv. parthenii Chand et al. 1995			India	Parthnium hysterophorus	1990	No	No			https://ncppb.fera.co.uk/furtherinfo/3640	14
NCPPB 3641	Xanthomonas campestris pv. parthenii Chand et al. 1995			India	Parthnium hysterophorus	1990	No	No			https://ncppb.fera.co.uk/furtherinfo/3641	14
NCPPB 3642	Xanthomonas campestris pv. viticola (Nayudu 1972) Dye 1978			India	Vitis vinifera	1990	No	No	da Gama et al. (2018) places this pathovar in Xanthomonas citri (Constantin et al. 2016)		https://ncppb.fera.co.uk/furtherinfo/3642	14
NCPPB 3646	Xanthomonas cassavae (ex Wiehe & Dowson 1953) Vauterin et al. 1995	Xanthomonas campestris pv. cassavae	Xanthomonas campestris pv. cassavae (Wiehe & Dowson 1953) Maraite and Weyns 1979		Manihot esculenta	1990	No	No			https://ncppb.fera.co.uk/furtherinfo/3646	14
NCPPB 3647	Xanthomonas cassavae (ex Wiehe & Dowson 1953) Vauterin et al. 1995	Xanthomonas campestris pv. cassavae	Xanthomonas campestris pv. cassavae (Wiehe & Dowson 1953) Maraite and Weyns 1979		Manihot esculenta	1990	No	No			https://ncppb.fera.co.uk/furtherinfo/3647	14
NCPPB 3651	Xanthomonas hortorum pv. carotae (Kendrick 1934) Vauterin et al. 1995	Xanthomonas campestris pv. carotae (Kendrick 1934) Dye 1978	Xanthomonas campestris pv. carotae (Kendrick 1934) Dye 1978	Brazil	Daucus carota	1990	No	No			https://ncppb.fera.co.uk/furtherinfo/3651	14
NCPPB 3652	Xanthomonas hortorum pv. carotae (Kendrick 1934) Vauterin et al. 1995	Xanthomonas campestris pv. carotae (Kendrick 1934) Dye 1978	Xanthomonas campestris pv. carotae (Kendrick 1934) Dye 1978	Brazil	Daucus carota	1990	No	No			https://ncppb.fera.co.uk/furtherinfo/3652	14
NCPPB 3653	Xanthomonas citri pv. citri (Hasse 1915) Constantin 2016 comb. nov.	Xanthomonas campestris pv. citri (Hasse 1915) Dye 1979	Xanthomonas campestris pv. citri (Hasse 1915) Dye 1979, Xanthomonas axonopodis pv. citri (Hasse 1915) Vauterin et al. 1995, Xanthomonas citri subsp. citri (Hasse 1915) Gabriel et al. 1989	Brazil	Citrus medica	1990	No	No	Partial gene (gyrB) sequence indicates this is Xanthomonas citri subsp. citri (NCPPB Aug 2017)		https://ncppb.fera.co.uk/furtherinfo/3653	14
NCPPB 3654	Xanthomonas citri pv. aurantifolii (Schaad et al. 2007) Constantin et al. 2016 comb. nov.	Xanthomonas campestris pv. citri (Hasse 1915) Dye 1979	Xanthomonas campestris pv. citri (Hasse 1915) Dye 1979, Xanthomonas axonopodis pv. citri (Hasse 1915) Vauterin et al. 1995, Xanthomonas fuscans subsp. aurantifolii Schaad et al. 2007	Brazil	Citrus aurantifolia	1990	No	No	Type C.(=X.c.aurantifolia). Partial gene (gyrB) sequence (NCPPB Aug 2017) indicates this is likely to be Xanthomonas citri pv. aurantifolii		https://ncppb.fera.co.uk/furtherinfo/3654	14
NCPPB 3655	Xanthomonas citri pv. aurantifolii (Schaad et al. 2007) Constantin et al. 2016 comb. nov.	Xanthomonas campestris pv. citri (Hasse 1915) Dye 1979	Xanthomonas axonopodis pv. aurantifolii Gabriel et al. 1989, Xanthomonas axonopodis pv. aurantifolii (Gabriel et al. 1989) Vauterin et al. 1995, Xanthomonas fuscans subsp. aurantifolii Schaad et al. 2007	Brazil	Citrus aurantifolia	1990	No	No	Partial gene (gyrB) sequence (NCPPB Aug 2017) indicates this is likely to be Xanthomonas citri pv. aurantifolii		https://ncppb.fera.co.uk/furtherinfo/3655	14
NCPPB 3656	Xanthomonas phaseoli pv. dieffenbachiae (McCulloch & Pirone 1939) Constantin et al. 2016 comb. nov.	Xanthomonas campestris pv. dieffenbachiae(McCulloch & Pirone 1939) Dye 1978	Xanthomonas campestris pv. dieffenbachiae (McCulloch & Pirone 1939) Dye 1978, Xanthomonas axonopodis pv. dieffenbachiae (McCulloch & Pirone 1939) Vauterin et al. 1995	Brazil	Anthurium hib	1990	No	No			https://ncppb.fera.co.uk/furtherinfo/3656	14
NCPPB 3657	Xanthomonas phaseoli pv. dieffenbachiae (McCulloch & Pirone 1939) Constantin et al. 2016 comb. nov.	Xanthomonas campestris pv. dieffenbachiae(McCulloch & Pirone 1939) Dye 1978	Xanthomonas campestris pv. dieffenbachiae (McCulloch & Pirone 1939) Dye 1978, Xanthomonas axonopodis pv. dieffenbachiae (McCulloch & Pirone 1939) Vauterin et al. 1995	Brazil	Anthurium hib	1990	No	No			https://ncppb.fera.co.uk/furtherinfo/3657	14
NCPPB 3658	Xanthomonas citri pv. glycines (Nakano 1919) Constantin et al. 2016 comb.nov.		Xanthomonas campestris pv. glycines (Nakano 1919) Dye 1978, Xanthomonas axonopodis pv. glycines (Nakano 1919) Vauterin et al. 1995	Brazil	Glycine max	1990	No	No			https://ncppb.fera.co.uk/furtherinfo/3658	14
NCPPB 3659	Xanthomonas citri pv. glycines (Nakano 1919) Constantin et al. 2016 comb.nov.		Xanthomonas campestris pv. glycines (Nakano 1919) Dye 1978, Xanthomonas axonopodis pv. glycines (Nakano 1919) Vauterin et al. 1995		Glycine max	1990	No	No			https://ncppb.fera.co.uk/furtherinfo/3659	14
NCPPB 3660	Xanthomonas citri pv. fuscans (Schaad et al. 2007) Constantin et al. 2016 comb. nov.		Xanthomonas axonopodis pv. phaseoli (Smith 1897) Vauterin et al.1995, Xanthomonas campestris pv. phaseoli (Smith 1897) Dye 1978, Xanthomonas fuscans subsp. fuscans Schaad et al. 2007	Brazil	Phaseolus vulgaris	1990	No	No	Produces brown pigment, gyrB 100% match to NCPPB 381		https://ncppb.fera.co.uk/furtherinfo/3660	14
NCPPB 3661	Xanthomonas arboricola pv. pruni (Smith 1903) Vauterin et al. 1995		Xanthomonas campestris pv. pruni (Smith 1903) Dye 1978	Brazil	Prunus sp.	1990	No	No			https://ncppb.fera.co.uk/furtherinfo/3661	14
NCPPB 3662	Xanthomonas axonopodis pv. ricini (Yoshi & Takimoto 1928) Vauterin et al. 1995	Xanthomonas campestris pv. ricini (Yoshi & T akimoto 1928) Dye 1978	Xanthomonas campestris pv. ricini (Yoshi & T akimoto 1928) Dye 1978	Brazil	Ricinus communis	1990	No	No	Non-pigmented strain.		https://ncppb.fera.co.uk/furtherinfo/3662	14
NCPPB 3663	Xanthomonas hortorum pv. vitians Morinière et al. 2020	Xanthomonas campestris pv. vitians (Brown 1918) Dye 1978	Xanthomonas axonopodis pv. vitians (Brown 1918) Vauterin et al. 1995; Xanthomonas campestris pv. vitians (Brown 1918) Dye 1978		Lactuca sativa	1990	No	No			https://ncppb.fera.co.uk/furtherinfo/3663	14
NCPPB 3705	Xanthomonas campestris pv. campestris (Pammel 1895) Dowson 1939	Xanthomonas campestris pv. campestris (Pammel 1895) Dowson 1939		Norway	Brassica oleracea var. capitata	1990	No	No	Last path. check 1980.		https://ncppb.fera.co.uk/furtherinfo/3705	14
NCPPB 3706	Xanthomonas hortorum pv. pelargonii (Brown 1923) Vauterin et al. 1995	Xanthomonas campestris pv. pelargonii	Xanthomonas campestris pv. pelargonii (Brown 1923) Dye 1978	Norway	Pelargonium x hortorum	1990	No	No	Last path. check 1987.		https://ncppb.fera.co.uk/furtherinfo/3706	14
NCPPB 3709	Xanthomonas graminis pv. graminis Tambong et al. 2024	Xanthomonas campestris pv. graminis (Egli et al. 1975) Dye 1978	Xanthomonas campestris pv. graminis (Egli et al. 1975) Dye 1978; Xanthomonas translucens pv. graminis (Egli et al. 1975) Vauterin et al. 1995	Norway	Lolium perenne	1990	No	No	Pathogenic to L. Perenne, L. Mulitflorum, D. Glomerata, F. Pratensis, F. rubra.Non-Pathogenic to P. pratense, A. repens, Ph. arundinacae, B. inermis, Agro tenuis.	1989. Eppo. Bull. 19: 69-72.	https://ncppb.fera.co.uk/furtherinfo/3709	14
NCPPB 3711	Xanthomonas graminis pv. graminis Tambong et al. 2024	Xanthomonas campestris pv. graminis (Egli et al. 1975) Dye 1978	Xanthomonas campestris pv. graminis (Egli et al. 1975) Dye 1978; Xanthomonas translucens pv. graminis (Egli et al. 1975) Vauterin et al. 1995	Norway	Phalaris arundinacea	1990	No	No	Pathogenic to L. Perenne, P. pratense, L. Mulitflorum, D. Glomerata, F. Pratensis, Phal. arundinacea, Ag. tenuis, B. inermis. Not Pathogenic to A. repens	1989. Eppo. Bull. 19: 69-72.	https://ncppb.fera.co.uk/furtherinfo/3711	14
NCPPB 3712	Xanthomonas graminis pv. phlei Tambong et al. 2024	Xanthomonas campestris pv. phlei Egli & Schmidt 1982	Xanthomonas campestris pv. phlei Egli & Schmidt 1982; Xanthomonas translucens pv. phlei (Egli & Schmidt 1982) Vauterin et al. 1995	Norway	Phleum pratense	1990	No	No		1989. Eppo. Bull. 19: 69-72.	https://ncppb.fera.co.uk/furtherinfo/3712	14
NCPPB 3713	Xanthomonas graminis pv. phlei Tambong et al. 2024	Xanthomonas campestris pv. phlei Egli & Schmidt 1982	Xanthomonas campestris pv. phlei Egli & Schmidt 1982; Xanthomonas translucens pv. phlei (Egli & Schmidt 1982) Vauterin et al. 1995	Norway	Agropyron repens	1990	No	No	Pathogenic to L. Perenne, P. pratense, L. Mulitflorum, D. Glomerata, F. Pratensis, Phal. arundinacea, Agro. repens, B. inermis.Non-Pathogenic to Agro. tenuis.	1989. Eppo. Bull. 19: 69-72.	https://ncppb.fera.co.uk/furtherinfo/3713	14
NCPPB 3714	Xanthomonas graminis pv. phlei Tambong et al. 2024	Xanthomonas campestris pv. phlei Egli & Schmidt 1982	Xanthomonas campestris pv. phlei Egli & Schmidt 1982; Xanthomonas translucens pv. phlei (Egli & Schmidt 1982) Vauterin et al. 1995	Norway	Phleum pratense	1990	No	No		1989. Eppo. Bull. 19: 69-72.	https://ncppb.fera.co.uk/furtherinfo/3714	14
NCPPB 3716	Xanthomonas graminis pv. phlei Tambong et al. 2024	Xanthomonas campestris pv. phlei Egli & Schmidt 1982	Xanthomonas campestris pv. phlei Egli & Schmidt 1982; Xanthomonas translucens pv. phlei (Egli & Schmidt 1982) Vauterin et al. 1995	Norway	Phleum pratense	1990	No	No		1989. Eppo. Bull. 19: 69-72.	https://ncppb.fera.co.uk/furtherinfo/3716	14
NCPPB 3717	Xanthomonas graminis pv. phlei Tambong et al. 2024	Xanthomonas campestris pv. phlei Egli & Schmidt 1982	Xanthomonas campestris pv. phlei Egli & Schmidt 1982; Xanthomonas translucens pv. phlei (Egli & Schmidt 1982) Vauterin et al. 1995	Norway	Phleum pratense	1990	No	No		1989. Eppo. Bull. 19: 69-72.	https://ncppb.fera.co.uk/furtherinfo/3717	14
NCPPB 3718	Xanthomonas graminis pv. phlei Tambong et al. 2024	Xanthomonas campestris pv. phlei Egli & Schmidt 1982	Xanthomonas campestris pv. phlei Egli & Schmidt 1982; Xanthomonas translucens pv. phlei (Egli & Schmidt 1982) Vauterin et al. 1995	Norway	Phleum pratense	1990	No	No		1989. Eppo. Bull. 19: 69-72.	https://ncppb.fera.co.uk/furtherinfo/3718	14
NCPPB 3719	Xanthomonas graminis pv. phlei Tambong et al. 2024	Xanthomonas campestris pv. phlei Egli & Schmidt 1982	Xanthomonas campestris pv. phlei Egli & Schmidt 1982; Xanthomonas translucens pv. phlei (Egli & Schmidt 1982) Vauterin et al. 1995	Norway	Phleum pratense	1990	No	No		1989. Eppo. Bull. 19: 69-72.	https://ncppb.fera.co.uk/furtherinfo/3719	14
NCPPB 3720	Xanthomonas graminis pv. phlei Tambong et al. 2024	Xanthomonas campestris pv. phlei Egli & Schmidt 1982	Xanthomonas campestris pv. phlei Egli & Schmidt 1982; Xanthomonas translucens pv. phlei (Egli & Schmidt 1982) Vauterin et al. 1995	Norway	Phleum pratense	1990	No	No		1989. Eppo. Bull. 19: 69-72.	https://ncppb.fera.co.uk/furtherinfo/3720	14
NCPPB 3722	Xanthomonas axonopodis pv. begoniae (Takimoto 1934) Vauterin et al. 1995	Xanthomonas begoniae Takimoto 1934	Xanthomonas campestris pv. begoniae (Takimoto 1934) Dye 1978	Norway	Begonia x Hiemalis	1990	No	No			https://ncppb.fera.co.uk/furtherinfo/3722	14
NCPPB 3742	Xanthomonas citri pv. aurantifolii (Schaad et al. 2007) Constantin et al. 2016 comb. nov.	Xanthomonas campestris pv. citri (Hasse 1915) Dye 1979	Xanthomonas axonopodis pv. aurantifolii Gabriel et al. 1989, Xanthomonas axonopodis pv. aurantifolii (Gabriel et al. 1989) Vauterin et al. 1995, Xanthomonas fuscans subsp. aurantifolii Schaad et al. 2007	Argentina	Citrus limon	1990	No	No	Type B.(= X.c.aurantifolia). Partial gene (gyrB) sequence (NCPPB Aug 2017) indicates this is likely to be Xanthomonas citri pv. aurantifolii		https://ncppb.fera.co.uk/furtherinfo/3742	14
NCPPB 3743	Xanthomonas fragariae Kennedy and King 1962	Xanthomonas fragariae Kennedy and King 1962		Brazil	Fragaria hybrid cv. Campinas	1990	No	No	WGS (NCPPB March 2024) indicates this X. fragariae strain is in the same phylogenetic group as NCPPB 4055, NCPPB 3028, NCPPB 2949, NCPPB 2473, and NCPPB 1822.		https://ncppb.fera.co.uk/furtherinfo/3743	14
NCPPB 3744	Xanthomonas arboricola pv. pruni (Smith 1903) Vauterin et al. 1995		Xanthomonas campestris pv. pruni (Smith 1903) Dye 1978	Brazil	Prunus persica	1990	No	No			https://ncppb.fera.co.uk/furtherinfo/3744	15
NCPPB 3753	Xanthomonas campestris pv. cannabis Severin 1978			Japan (Tochigi)	Cannabis sativa L. Hemp.	1991	No	No	Symptoms - leaf spots.		https://ncppb.fera.co.uk/furtherinfo/3753	15
NCPPB 3754	Xanthomonas campestris pv. cannabis Severin 1978			Japan (Tochigi)	Cannabis sativa L. Hemp.	1991	No	No	Symptoms - leaf spots.		https://ncppb.fera.co.uk/furtherinfo/3754	15
NCPPB 3758	Xanthomonas axonopodis pv. cyamopsidis (Patel et al.1953) Vauterin et al. 1995	Xanthomonas campestris pv. cyamopsidis (Patel et al.1953) Dye 1978	Xanthomonas campestris pv. cyamopsidis (Patel et al.1953) Dye 1978	Brazil	Cyamopsis tetragonolobus	1991	No	No			https://ncppb.fera.co.uk/furtherinfo/3758	15
NCPPB 3759	Xanthomonas euvesicatoria pv. obscurae (Chand & Singh 1994) Harrison et al. 2023		Xanthomonas campestris pv. obscurae Chand & Singh 1994	India	Ipomea obscura	1991	No	Yes	Fatty Acid Profile - close to malvacearum and glycines (NCPPB). Incorrectly reported as NCPPB 3359 in Chand and Singh (1994).	Chand, R., Singh, P.N. 1994. Zeitschrift fur Pflanzenkrankheiten und Pflanzenschutz. 101: 590-593.	https://ncppb.fera.co.uk/furtherinfo/3759	15
NCPPB 3761	Xanthomonas sp. Dowson 1939		Xanthomonas campestris	India	Pisum sativum	1991	No	No	Fatty Acid Profile - close to phaseoli and glycines (NCPPB).		https://ncppb.fera.co.uk/furtherinfo/3761	15
NCPPB 3776	Xanthomonas arboricola pv. corylina (Miller et al. 1940) Vauterin et al. 1995	Xanthomonas campestris pv. corylina	Xanthomonas campestris pv. corylina (Miller et al. 1940) Dye 1978	Italy		1991	No	No	Isolated in the UK from Italian material		https://ncppb.fera.co.uk/furtherinfo/3776	15
NCPPB 3786	Xanthomonas vesicatoria (ex Doidge 1920) Vauterin et al. 1995	Xanthomonas campestris pv. vesicatoria (Doidge 1920) Dye 1978	Xanthomonas campestris pv. vesicatoria (Doidge 1920) Dye 1978	Ukraine	Solanum lycopersicum	1991	No	No			https://ncppb.fera.co.uk/furtherinfo/3786	15
NCPPB 3795	Xanthomonas euvesicatoria pv. fici (Cavara 1905) Harrison et al. 2023		Xanthomonas campestris pv. fici (Cavara 1905) Dye 1978	Australia	Ficus microcarpa var. hillii (Weeping Fig)	1991	No	No		1991. Angular leaf spot of ornamental Ficus sp. due to X. camp. pv. fici. Australasian Plant Path. 2	https://ncppb.fera.co.uk/furtherinfo/3795	15
NCPPB 3796	Xanthomonas euvesicatoria pv. fici (Cavara 1905) Harrison et al. 2023		Xanthomonas campestris pv. fici (Cavara 1905) Dye 1978	Australia	Ficus sp. (as F. oinkenowenensis)	1991	No	No		1991. Angular leaf spot of ornamental Ficus sp. due to X. camp. pv. fici. Australasian Plant Path. 2	https://ncppb.fera.co.uk/furtherinfo/3796	15
NCPPB 3797	Xanthomonas euvesicatoria pv. fici (Cavara 1905) Harrison et al. 2023		Xanthomonas campestris pv. fici (Cavara 1905) Dye 1978	UK	Ficus sp. (as F. oinkenowenensis)	1991	No	No	Australian material		https://ncppb.fera.co.uk/furtherinfo/3797	15
NCPPB 3799	Xanthomonas citri pv. citri (Hasse 1915) Constantin 2016 comb. nov.	Xanthomonas campestris pv. citri (Hasse 1915) Dye 1979	Xanthomonas campestris pv. citri (Hasse 1915) Dye 1979, Xanthomonas axonopodis pv. citri (Hasse 1915) Vauterin et al. 1995, Xanthomonas citri subsp. citri (Hasse 1915) Gabriel et al. 1989	Thailand	Citrus (Lime)	1992	No	No	Thailand material ex - raised spots on fruit.Type A(Asiatic Canker)		https://ncppb.fera.co.uk/furtherinfo/3799	15
NCPPB 3800	Xanthomonas vesicatoria (ex Doidge 1920) Vauterin et al. 1995	Xanthomonas campestris pv. vesicatoria (Doidge 1920) Dye 1978	Xanthomonas campestris pv. vesicatoria (Doidge 1920) Dye 1978	India	Solanum lycopersicum	1992	No	No			https://ncppb.fera.co.uk/furtherinfo/3800	15
NCPPB 3801	Xanthomonas vesicatoria (ex Doidge 1920) Vauterin et al. 1995	Xanthomonas campestris pv. vesicatoria (Doidge 1920) Dye 1978	Xanthomonas campestris pv. vesicatoria (Doidge 1920) Dye 1978	India	Solanum lycopersicum	1992	No	No			https://ncppb.fera.co.uk/furtherinfo/3801	15
NCPPB 3829	Xanthomonas graminis pv. phlei Tambong et al. 2024	Xanthomonas campestris pv. phlei Egli & Schmidt 1982	Xanthomonas campestris pv. phlei Egli & Schmidt 1982; Xanthomonas translucens pv. phlei (Egli & Schmidt 1982) Vauterin et al. 1995	Norway	Phleum pratensis	1992	No	No	Last path. check 1989.	1989. Eppo. Bull. 19: 69-72.	https://ncppb.fera.co.uk/furtherinfo/3829	15
NCPPB 3830	Xanthomonas graminis pv. phlei Tambong et al. 2024	Xanthomonas campestris pv. phlei Egli & Schmidt 1982	Xanthomonas campestris pv. phlei Egli & Schmidt 1982; Xanthomonas translucens pv. phlei (Egli & Schmidt 1982) Vauterin et al. 1995	Norway	Phleum pratensis	1992	No	No	Last path. check 1989.	1989. Eppo. Bull. 19: 69-72.	https://ncppb.fera.co.uk/furtherinfo/3830	15
NCPPB 3831	Xanthomonas graminis pv. phlei Tambong et al. 2024	Xanthomonas campestris pv. phlei Egli & Schmidt 1982	Xanthomonas campestris pv. phlei Egli & Schmidt 1982; Xanthomonas translucens pv. phlei (Egli & Schmidt 1982) Vauterin et al. 1995	Norway	Phleum pratensis	1992	No	No	Last path. check 1989.	1989. Eppo. Bull. 19: 69-72.	https://ncppb.fera.co.uk/furtherinfo/3831	15
NCPPB 3832	Xanthomonas citri pv. citri (Hasse 1915) Constantin 2016 comb. nov.	Xanthomonas campestris pv. citri (Hasse 1915) Dye 1979	Xanthomonas campestris pv. citri (Hasse 1915) Dye 1979, Xanthomonas axonopodis pv. citri (Hasse 1915) Vauterin et al. 1995, Xanthomonas citri subsp. citri (Hasse 1915) Gabriel et al. 1989	Zimbabwe	Citrus (Sweet Orange)	1992	No	No	Material ex Zimbabwe. ex raised leaf spots.Type A(Asiatic Canker).		https://ncppb.fera.co.uk/furtherinfo/3832	15
NCPPB 3870	Xanthomonas arboricola pv. corylina (Miller et al. 1940) Vauterin et al. 1995	Xanthomonas campestris pv. corylina	Xanthomonas campestris pv. corylina (Miller et al. 1940) Dye 1978	Italy	Corylus avellana	1993	No	No			https://ncppb.fera.co.uk/furtherinfo/3870	15
NCPPB 3875	Xanthomonas arboricola pv. corylina (Miller et al. 1940) Vauterin et al. 1995	Xanthomonas campestris pv. corylina	Xanthomonas campestris pv. corylina (Miller et al. 1940) Dye 1978	Italy	Corylus avellana	1993	No	No			https://ncppb.fera.co.uk/furtherinfo/3875	15
NCPPB 3876	Xanthomonas arboricola pv. corylina (Miller et al. 1940) Vauterin et al. 1995	Xanthomonas campestris pv. corylina	Xanthomonas campestris pv. corylina (Miller et al. 1940) Dye 1978	Italy	Corylus avellana	1993	No	No			https://ncppb.fera.co.uk/furtherinfo/3876	15
NCPPB 3877	Xanthomonas arboricola pv. pruni (Smith 1903) Vauterin et al. 1995		Xanthomonas campestris pv. pruni (Smith 1903) Dye 1978	Italy	Prunus salicina cv. Simka	1993	No	No	Whole genome sequencing places this strain in a different clade to confirmed Xanthomonas arboricola pv. pruni strains.		https://ncppb.fera.co.uk/furtherinfo/3877	15
NCPPB 3878	Xanthomonas arboricola pv. pruni (Smith 1903) Vauterin et al. 1995		Xanthomonas campestris pv. pruni (Smith 1903) Dye 1978	Italy	Prunus salicina cv. Black Diamond	1993	No	No			https://ncppb.fera.co.uk/furtherinfo/3878	15
NCPPB 3880	Pseudomonas syringae pv. pisi (Sacket 1916) Young, Dye & Wilkie 1978			UK	Pisum sativum	1993	No	No	Material ex Zimbabwe		https://ncppb.fera.co.uk/furtherinfo/3880	15
NCPPB 3883	Xanthomonas sp. Dowson 1939		Xanthomonas campestris	USA	Crambe abyssinica	1993	No	No		Mihail, J.D, et al. 1993. Plant Dis. 77: 569-574.	https://ncppb.fera.co.uk/furtherinfo/3883	15
NCPPB 3884	Xanthomonas sp. Dowson 1939		Xanthomonas campestris	USA	Crambe abyssinica	1993	No	No		Mihail, J.D, et al. 1993. Plant Dis. 77: 569-574.	https://ncppb.fera.co.uk/furtherinfo/3884	15
NCPPB 3885	Xanthomonas citri pv. vignicola (Burkholder 1944) Constantin et al. 2016 comb. nov.	Xanthomonas campestris pv. vignicola (Burkholder 1944) Dye 1978	Xanthomonas campestris pv. vignicola (Burkholder 1944) Dye 1978, Xanthomonas axonopodis pv. vignicola (Burkholder 1944) Vauterin et al.1995	India	Vigna unguiculata	1994	No	No			https://ncppb.fera.co.uk/furtherinfo/3885	15
NCPPB 3886	Xanthomonas euvesicatoria pv. fici (Cavara 1905) Harrison et al. 2023		Xanthomonas campestris pv. fici (Cavara 1905) Dye 1978	India	Ficus religiosa	1994	No	No			https://ncppb.fera.co.uk/furtherinfo/3886	15
NCPPB 3887	Xanthomonas euvesicatoria pv. fici (Cavara 1905) Harrison et al. 2023		Xanthomonas campestris pv. fici (Cavara 1905) Dye 1978	India	Ficus religiosa	1994	No	No			https://ncppb.fera.co.uk/furtherinfo/3887	15
NCPPB 3888	Xanthomonas campestris pv. parthenii Chand et al. 1995			India	Parthenium hysterophorus	1994	No	Yes			https://ncppb.fera.co.uk/furtherinfo/3888	15
NCPPB 3890	Xanthomonas campestris pv. campestris (Pammel 1895) Dowson 1939	Xanthomonas campestris pv. campestris (Pammel 1895) Dowson 1939		Malta		1994	No	No			https://ncppb.fera.co.uk/furtherinfo/3890	15
NCPPB 3925	Xanthomonas citri pv. vignicola (Burkholder 1944) Constantin et al. 2016 comb. nov.	Xanthomonas campestris pv. vignicola (Burkholder 1944) Dye 1978	Xanthomonas campestris pv. vignicola (Burkholder 1944) Dye 1978, Xanthomonas axonopodis pv. vignicola (Burkholder 1944) Vauterin et al.1995			1995	No	No			https://ncppb.fera.co.uk/furtherinfo/3925	15
NCPPB 3926	Xanthomonas citri pv. vignicola (Burkholder 1944) Constantin et al. 2016 comb. nov.	Xanthomonas campestris pv. vignicola (Burkholder 1944) Dye 1978	Xanthomonas campestris pv. vignicola (Burkholder 1944) Dye 1978, Xanthomonas axonopodis pv. vignicola (Burkholder 1944) Vauterin et al.1995			1995	No	No			https://ncppb.fera.co.uk/furtherinfo/3926	15
NCPPB 3927	Xanthomonas campestris pv. campestris (Pammel 1895) Dowson 1939	Xanthomonas campestris pv. campestris (Pammel 1895) Dowson 1939		Brazil	Brassica napus var. olerfera	1995	No	No			https://ncppb.fera.co.uk/furtherinfo/3927	15
NCPPB 3931	Xanthomonas hortorum pv. vitians Morinière et al. 2020	Xanthomonas campestris pv. vitians (Brown 1918) Dye 1978	Xanthomonas axonopodis pv. vitians (Brown 1918) Vauterin et al. 1995; Xanthomonas campestris pv. vitians (Brown 1918) Dye 1978	UK	Lactuca sativa	1995	No	No			https://ncppb.fera.co.uk/furtherinfo/3931	15
NCPPB 3932	Xanthomonas hortorum pv. vitians Morinière et al. 2020	Xanthomonas campestris pv. vitians (Brown 1918) Dye 1978	Xanthomonas axonopodis pv. vitians (Brown 1918) Vauterin et al. 1995; Xanthomonas campestris pv. vitians (Brown 1918) Dye 1978	UK	Lactuca sativa	1995	No	No			https://ncppb.fera.co.uk/furtherinfo/3932	15
NCPPB 3942	Xanthomonas euvesicatoria Jones et al. 2006		Xanthomonas campestris	Barbados	Allium cepa	1996	No	No	Whole genome sequencing (NCPPB July 2025) indicates this organism is likely to be a pathovar of X. euvesicatoria.		https://ncppb.fera.co.uk/furtherinfo/3942	15
NCPPB 3943	Xanthomonas euvesicatoria Jones et al. 2006		Xanthomonas campestris	Barbados	Allium cepa	1996	No	No	Whole genome sequencing (NCPPB July 2025) indicates this organism is likely to be a pathovar of X. euvesicatoria.		https://ncppb.fera.co.uk/furtherinfo/3943	15
NCPPB 3944	Xanthomonas sp. Dowson 1939		Xanthomonas campestris	Barbados	Allium cepa	1996	No	No			https://ncppb.fera.co.uk/furtherinfo/3944	15
NCPPB 3947	Xanthomonas citri pv. glycines (Nakano 1919) Constantin et al. 2016 comb.nov.		Xanthomonas campestris pv. glycines (Nakano 1919) Dye 1978, Xanthomonas axonopodis pv. glycines (Nakano 1919) Vauterin et al. 1995	Brunei	Glycine max	1996	No	No			https://ncppb.fera.co.uk/furtherinfo/3947	15
NCPPB 3948	Xanthomonas axonopodis pv. poinsettiicola (Patel et al. 1951) Vauterin et al. 1995	Xanthomonas campestris pv. poinsettiicola (Patel et al. 1951) Dye 1978	Xanthomonas campestris pv. poinsettiicola (Patel et al. 1951) Dye 1978	Australia	Euphorbia cyathophora	1996	No	No			https://ncppb.fera.co.uk/furtherinfo/3948	15
NCPPB 3949	Xanthomonas oryzae pv. oryzicola (Fang et al. 1957) Swings et al. 1990	Xanthomonas oryzae pv. oryzicola (Fang et al. 1957) Swings et al. 1990	Xanthomonas campestris pv. oryzicola (Fang et al. 1957) Dye 1978	Malaysia	Oryza sativa	1996	No	No			https://ncppb.fera.co.uk/furtherinfo/3949	15
NCPPB 3950	Xanthomonas arboricola pv. corylina (Miller et al. 1940) Vauterin et al. 1995	Xanthomonas campestris pv. corylina	Xanthomonas campestris pv. corylina (Miller et al. 1940) Dye 1978	Chile	Corylus avellana	1996	No	No	Not a Xanthomnadales. MALDI TOF MS AND PCR fail to give results expected of Xanthomonas.		https://ncppb.fera.co.uk/furtherinfo/3950	15
NCPPB 3951	Xanthomonas oryzae pv. oryzae (Ishiyama 1922) Swings et al. 1990	Xanthomonas campestris pv. oryzae(Ishiyama 1922) Dye 1978	Xanthomonas campestris pv. oryzae (Ishiyama 1922) Dye 1978	Malaysia	Oryza sativa	1996	No	No			https://ncppb.fera.co.uk/furtherinfo/3951	15
NCPPB 3953	Xanthomonas translucens pv. translucens (Jones et al. 1917) Vauterin et al. 1995	Xanthomonas campestris	Xanthomonas campestris pv. translucens (Jones et al. 1917) Dye 1978	Zambia	Triticum aestivum	1996	No	No			https://ncppb.fera.co.uk/furtherinfo/3953	15
NCPPB 3954	Xanthomonas vesicatoria (ex Doidge 1920) Vauterin et al. 1995	Xanthomonas campestris pv. vesicatoria (Doidge 1920) Dye 1978	Xanthomonas campestris pv. vesicatoria (Doidge 1920) Dye 1978	Trinidad & Tobago	Solanum lycopersicum	1996	No	No			https://ncppb.fera.co.uk/furtherinfo/3954	15
NCPPB 3955	Xanthomonas translucens pv. undulosa (Smith et al. 1919) Vauterin et al. 1995	Xanthomonas translucens pv. undulosa (Smith et al. 1919) Vauterin et al. 1995	Xanthomonas campestris pv. undulosa (Smith et al. 1919) Dye 1978	Zambia	Triticum aestivum	1996	No	No			https://ncppb.fera.co.uk/furtherinfo/3955	15
NCPPB 3956	Xanthomonas sp. Dowson 1939	Xanthomonas campestris pv undetermined	Xanthomonas campestris	Pakistan	Triticum aestivum (Bread Wheat)	1996	No	No	Fatty Acid Profile indicates X. axonopodis pv. undetermined		https://ncppb.fera.co.uk/furtherinfo/3956	15
NCPPB 3957	Xanthomonas translucens (ex Jones et al. 1917) Vauterin et al. 1995	Xanthomonas campestris pv. undetermined		Zambia	Hordeum vulgare	1996	No	No	Partial gene sequencing of gyrB (Parkinson et al. 2009) places this strain in Xanthomonas translucens.		https://ncppb.fera.co.uk/furtherinfo/3957	15
NCPPB 3958	Acidovorax sp. Willems et al. 1990 emend. Willems et al. 1992	Xanthomonas campestris pv. vasculorum (unlike translucens group)		Zambia	Triticale	1997	No	No	Fatty Acid Profile indicates Acidovorax sp.		https://ncppb.fera.co.uk/furtherinfo/3958	15
NCPPB 3959	Xanthomonas hortorum Vauterin et al. 1995	Xanthomonas campestris pv undetermined	Xanthomonas campestris	New Zealand	Persea americana	1996	No	No	Partial gene sequencing of gyrB (Parkinson et al. 2009) places this strain in Xanthomonas hortorum.		https://ncppb.fera.co.uk/furtherinfo/3959	16
NCPPB 3960	Xanthomonas hortorum pv. pelargonii (Brown 1923) Vauterin et al. 1995	Xanthomonas campestris pv. pelargonii	Xanthomonas campestris pv. pelargonii (Brown 1923) Dye 1978	UK	Pelargonium sp.	1996	No	No			https://ncppb.fera.co.uk/furtherinfo/3960	16
NCPPB 4013	Xanthomonas campestris pv. asclepiadis Flynn & Vidaver 1995	Xanthomonas campestris pv. asclepiadis Flynn & Vidaver 1995		USA	Asclepias syriaca	1997	No	Yes			https://ncppb.fera.co.uk/furtherinfo/4013	16
NCPPB 4014	Xanthomonas campestris pv. asclepiadis Flynn & Vidaver 1995	Xanthomonas campestris pv. asclepiadis Flynn & Vidaver 1995		USA	Asclepias syriaca	1997	No	No			https://ncppb.fera.co.uk/furtherinfo/4014	16
NCPPB 4015	Xanthomonas campestris pv. asclepiadis Flynn & Vidaver 1995	Xanthomonas campestris pv. asclepiadis Flynn & Vidaver 1995		USA	Asclepias syriaca	1997	No	No			https://ncppb.fera.co.uk/furtherinfo/4015	16
NCPPB 4031	Xanthomonas hortorum pv. pelargonii (Brown 1923) Vauterin et al. 1995	Xanthomonas campestris pv. pelargonii	Xanthomonas campestris pv. pelargonii (Brown 1923) Dye 1978	UK	Pelargonium x hortorum	1997	No	No			https://ncppb.fera.co.uk/furtherinfo/4031	16
NCPPB 4032	Xanthomonas hortorum pv. pelargonii (Brown 1923) Vauterin et al. 1995	Xanthomonas campestris pv. pelargonii	Xanthomonas campestris pv. pelargonii (Brown 1923) Dye 1978	UK	Pelargonium x hortorum	1997	No	No			https://ncppb.fera.co.uk/furtherinfo/4032	16
NCPPB 4033	Xanthomonas hortorum pv. vitians Morinière et al. 2020	Xanthomonas campestris pv. vitians (Brown 1918) Dye 1978	Xanthomonas axonopodis pv. vitians (Brown 1918) Vauterin et al. 1995; Xanthomonas campestris pv. vitians (Brown 1918) Dye 1978	USA	Lactuca sativa	1998	No	No			https://ncppb.fera.co.uk/furtherinfo/4033	16
NCPPB 4034	Xanthomonas hortorum pv. vitians Morinière et al. 2020	Xanthomonas campestris pv. vitians (Brown 1918) Dye 1978	Xanthomonas axonopodis pv. vitians (Brown 1918) Vauterin et al. 1995; Xanthomonas campestris pv. vitians (Brown 1918) Dye 1978	USA	Lactuca sativa	1998	No	No			https://ncppb.fera.co.uk/furtherinfo/4034	16
NCPPB 4037	Xanthomonas sp. Dowson 1939	Xanthomonas campestris pv undetermined	Xanthomonas campestris	UK	Nemesia sp.	1998	No	No	Not known to be pathogenic to Nemesia		https://ncppb.fera.co.uk/furtherinfo/4037	16
NCPPB 4058	Xanthomonas hortorum pv. vitians Morinière et al. 2020	Xanthomonas campestris pv. vitians (Brown 1918) Dye 1978	Xanthomonas axonopodis pv. vitians (Brown 1918) Vauterin et al. 1995; Xanthomonas campestris pv. vitians (Brown 1918) Dye 1978	UK	Lactuca sativa	1999	No	No			https://ncppb.fera.co.uk/furtherinfo/4058	16
NCPPB 4181	Xanthomonas fragariae Kennedy and King 1962	Xanthomonas fragariae Kennedy and King 1962				2000	No	No	WGS (NCPPB March 2024) indicates this X. fragariae strain is in the same phylogenetic group as NCPPB 4772.		https://ncppb.fera.co.uk/furtherinfo/4181	16
NCPPB 4182	Xanthomonas arboricola pv. fragariae Janse et al 2001	Xanthomonas arboricola pv fragariae Janse et al 2001		Italy	Fragaria (x)ananassa	2000	No	No			https://ncppb.fera.co.uk/furtherinfo/4182	16
NCPPB 4183	Xanthomonas arboricola pv. fragariae Janse et al 2001	Xanthomonas arboricola pv fragariae Janse et al 2001		Italy	Fragaria (x)ananassa	2000	No	No			https://ncppb.fera.co.uk/furtherinfo/4183	16
NCPPB 4210	Xanthomonas sp. Dowson 1939			India	Cardiocrinum giganteum	2000	No	No	Not a Xanthomonad. Re: Phylogenetic structure of Xanthomonas determined by comparison of gyrB sequences. Int.J.of Syst. and evol. Microbiology (2009),59,264-274.		https://ncppb.fera.co.uk/furtherinfo/4210	16
NCPPB 4231	Xanthomonas sp. Dowson 1939	Xanthomonas sp.		UK	Beta vulgaris var. Cicla (Chard) Seed	2001	No	No			https://ncppb.fera.co.uk/furtherinfo/4231	16
NCPPB 4232	Xanthomonas sp. Dowson 1939	Xanthomonas sp.		UK	Beta vulgaris var. Cicla (Chard) Seed	2001	No	No			https://ncppb.fera.co.uk/furtherinfo/4232	16
NCPPB 4321	Xanthomonas euvesicatoria pv. perforans (Jones et al. 2006) Constantin et al. 2016 comb. nov.	Xanthomonas perforans	Xanthomonas perforans Jones et al. 2006	USA	Solanum lycopersicum	2004	No	Yes			https://ncppb.fera.co.uk/furtherinfo/4321	16
NCPPB 4322	Xanthomonas euvesicatoria pv. perforans (Jones et al. 2006) Constantin et al. 2016 comb. nov.	Xanthomonas perforans	Xanthomonas perforans Jones et al. 2006	USA	Solanum lycopersicum	2004	No	No	Isolated from seed		https://ncppb.fera.co.uk/furtherinfo/4322	16
NCPPB 4323	Xanthomonas hortorum pv. gardneri Morinière et al. (2020)	Xanthomonas gardneri	Xanthomonas campestris pv. vesicatoria (Doidge 1920) Dye 1978, Xanthomonas gardneri (ex uti? 1957) Jones et al. 2006	Costa Rica	Solanum lycopersicum	2004	No	No			https://ncppb.fera.co.uk/furtherinfo/4323	16
NCPPB 4324	Xanthomonas hortorum pv. gardneri Morinière et al. (2020)	Xanthomonas gardneri	Xanthomonas campestris pv. vesicatoria (Doidge 1920) Dye 1978, Xanthomonas gardneri (ex uti? 1957) Jones et al. 2006	Costa Rica	Solanum lycopersicum	2004	No	No			https://ncppb.fera.co.uk/furtherinfo/4324	16
NCPPB 4326	Xanthomonas campestris pv. zantedeschiae (Joubert & Truter 1972) Dye 1978	Xanthomonas campestris pv. zantedeschiae		Taiwan, Republic of China	Zantedeschia aethiopica (White flowered calla lily	2004	No	No	The almost complete 16S rDNA sequence of Xcz A5 strain was determined.(1,502 bp; GenBank accession number AY605124). Last positive pathogenicity test 2003.	Lee, Y.-A., K.-P. Chen and Y.-C Chang. 2004. First report of bacterial leaf blight of white flowered	https://ncppb.fera.co.uk/furtherinfo/4326	16
NCPPB 4340	Xanthomonas campestris pv. zinniae (Hopkins & Dowson 1949) Dye 1978	Xanthomonas campestris pv. zinniae		UK	Zinnia sp.	2005	No	No	Identity confirmed by Fatty Acid Profiling.		https://ncppb.fera.co.uk/furtherinfo/4340	16
NCPPB 4341	Xanthomonas sacchari Vauterin et al. 1995	Xanthomonas sacchari		Guadaloupe		2006	Yes	Yes		Goncalves E.R., Rosato Y.B. Int.J.Syst.Evol Microbiol. 52,355-361.March 2002.	https://ncppb.fera.co.uk/furtherinfo/4341	16
NCPPB 4342	Xanthomonas arboricola pv. populi (ex de Kam 1984) Vauterin et al. 1995	Xanthomonas arboricola pv. populi	Xanthomonas campestris pv. populi (ex de Kam 1984) Young et al. 1991	Netherlands	Populus X euramericana (Canadian poplar)	2006	No	Yes	Formerly X.campestris pv. populi. Causes bark necrosis.	Neth.J.Pl.Path. 90: 13-22. 1984	https://ncppb.fera.co.uk/furtherinfo/4342	16
NCPPB 4343	Xanthomonas bromi Vauterin et al. 1995	Xanthomonas bromi		France	Bromus fonkii Philippi (Chilean brome )	2006	Yes	Yes	Culture contains two stable colony types giving identical gelelectrophoretic protein profiles (SDS-PAGE)	Goncalves ER, Rosato YB, Phylogenetic analysis of Xanthomonas species based upon 16S-23S rDNA interg	https://ncppb.fera.co.uk/furtherinfo/4343	16
NCPPB 4344	Xanthomonas campestris pv. brunneivaginae (Luo et al. 1988)Young et al. 1996	Xanthomonas campestris pv. brunneivaginae		China	Oryza sativa	2006	No	Yes	16s rRNA partial sequencing and Fatty Acid profiling suggests Sphingomonas sp. 16s rRNA sequencing suggests Sphingomonas sp. see Phylogenetic structure of Xanthomonas determined by comparison of gyrB sequences. Parkinson et al. Int.J.of Syst. and Evol. Microbiology (2009(, 59, 264-274.		https://ncppb.fera.co.uk/furtherinfo/4344	16
NCPPB 4345	Xanthomonas campestris pv. cannae Easwaramurthy et al. 1984	Xanthomonas campestris pv. cannae		India	Canna x generalis	2006	Yes	Yes	Leaf spot Blight	Curr. Sci. 53: 708-709. 1984	https://ncppb.fera.co.uk/furtherinfo/4345	16
NCPPB 4346	Xanthomonas campestris pv. leersiae (ex Fang et al. 1957) Young et al. 1991	Xanthomonas campestris pv. leersiae		China	Leersia hexandra Swartz (southern cutgrass)	2006	Yes	Yes	Causes leaf streak. Possibly a Xanthomonas oryzae (Parkinson 2009, Triplett 2011, Lang et al. 2019).	Fang et al 1957, Young et all 1991	https://ncppb.fera.co.uk/furtherinfo/4346	16
NCPPB 4347	Xanthomonas campestris pv. malloti Goto 1993	Xanthomonas campestris pv. malloti		Japan	Mallotus japonicus (Thunb.) Muell.-Arg (East Asian	2006	No	Yes	From the Ohya, shizuoka district. Causes dark brorn leaf spot	Ann. Phytopath. Soc. Jpn. 59: 678-680. 1993	https://ncppb.fera.co.uk/furtherinfo/4347	16
NCPPB 4348	Xanthomonas euvesicatoria pv. mirabilis (ex Durgapal & Trivedi 1976) Harrison et al. 2023	Xanthomonas campestris pv. mirabilis	Xanthomonas campestris pv. mirabilis (ex Durgapal & Trivedi 1976) Dye et al. 1991	India	Mirabilis jalapa L. (Marvel-of-peru)	2006	No	Yes	Causes leaf spot and blight.	Curr. Sci. 45: 111-112. 1976	https://ncppb.fera.co.uk/furtherinfo/4348	16
NCPPB 4349	Xanthomonas euvesicatoria pv. pennamericanum (Qhobela & Claflin 1988) Harrison et al. 2023	Xanthomonas campestris pv. pennamericanum	Xanthomonas campestris pv. pennamericanum Qhobela & Claflin 1988	Nigeria	Pennisetum americanum (L.) K. Schum. (pearl mille	2006	No	Yes		Int. J. Syst. Bact. 38: 362-366, 1998	https://ncppb.fera.co.uk/furtherinfo/4349	16
NCPPB 4350	Xanthomonas codiaei Vauterin et al. 1995	Xanthomonas campestris pv. poinsettiicola		USA	Euphorbia pulcherrima	2006	Yes	Yes	Affects leaf	Pl. Path 34: 446-448, 1985	https://ncppb.fera.co.uk/furtherinfo/4350	16
NCPPB 4351	Xanthomonas euvesicatoria pv. viegasii (Robbs et al. 1989) Harrison et al. 2023	Xanthomonas campestris pv. viegasii	Xanthomonas campestris pv. viegasii Robbs et al. 1989	Brazil	Pachystachys lutea Nees. (lollipop plant)	2006	No	Yes	Water soaked leaf spot surrounded by narrow yellow halo that enlarged & turned black	Summa Phytophologica 15: 174-179. 1989	https://ncppb.fera.co.uk/furtherinfo/4351	16
NCPPB 4352	Xanthomonas euvesicatoria pv. zingibericola (Ren & Fang 1981) Harrison et al. 2023	Xanthomonas campestris pv. zingibericola	Xanthomonas campestris pv. zingibericola (Ren & Fang 1981) Bradbury 1986	China	Zingiber officinale Rosc. (ginger)	2006	No	Yes	Cultures resemble X.campestris. Part affected: leaf	Acta Phytopathalogica sinica 11: 37-40. 1081	https://ncppb.fera.co.uk/furtherinfo/4352	16
NCPPB 4353	Xanthomonas theicola (Uehara et al. 1980) Vauterin et al. 1995	Xanthomonas theicola		Japan	Camellia sinensis	2006	Yes	No	Part affected = Canker		https://ncppb.fera.co.uk/furtherinfo/4353	16
NCPPB 4355	Xanthomonas euvesicatoria pv. allii (Kadota et al. 2000) Constantin et al. 2016 comb. nov.	Xanthomonas axonopodis pv. allii	Xanthomonas campestris pv. allii Kadota et al. 2000, Xanthomonas axonopodis pv. allii (Kadota et al. 2000) Roumagnac et al. 2004	Reunion - France		2006	No	Yes	Bacterial blight of onion	Int. J. Syst. and Evol. Microbiology 54, 15-24. 2004	https://ncppb.fera.co.uk/furtherinfo/4355	16
NCPPB 4356	Xanthomonas hortorum pv. cynarae Morinière et al. (2020)	Xanthomonas cynarae	Xanthomonas cynarae Trébaol et al. 2000	France - Brittainy	Cynara scolymus (artichoke)	2006	No	Yes	Causes water soaked spots on bracts then dark green spots on abaxial parts of capitulum bracts. Large brown necrotic spots result. Gram -Ve, non sporing straight rods, single polar flagellum. 2 days on YBGA at 28 celsius = 2mm colonies.	Int. J. Syst. and Evol. Microbiology 50, 1471-1478. 2000.	https://ncppb.fera.co.uk/furtherinfo/4356	16
NCPPB 4363	Xanthomonas dyei pv. dysoxyli (Hutchinson 1949) Young et al. 2010	Xanthomonas sp.		New Zealand	Dysoxylum spectabile	2006	No	No			https://ncppb.fera.co.uk/furtherinfo/4363	16
NCPPB 4364	Xanthomonas dyei pv. dysoxyli (Hutchinson 1949) Young et al. 2010	Xanthomonas sp.		New Zealand	Dysoxylum spectabile	2006	No	No			https://ncppb.fera.co.uk/furtherinfo/4364	16
NCPPB 4367	Xanthomonas dyei pv. dysoxyli (Hutchinson 1949) Young et al. 2010	Xanthomonas sp.		New Zealand	Dysoxylum spectabile	2006	No	No			https://ncppb.fera.co.uk/furtherinfo/4367	16
NCPPB 4372	Xanthomonas euvesicatoria pv. allii (Kadota et al. 2000) Constantin et al. 2016 comb. nov.	Xanthomonas axonopodis pv. allii	Xanthomonas campestris pv. allii Kadota et al. 2000, Xanthomonas axonopodis pv. allii (Kadota et al. 2000) Roumagnac et al. 2004	Brazil	Allium cepa	2006	No	No		Roumagnac et al.2004	https://ncppb.fera.co.uk/furtherinfo/4372	16
NCPPB 4373	Xanthomonas citri pv. aurantifolii (Schaad et al. 2007) Constantin et al. 2016 comb. nov.	Xanthomonas axonopodis pv.aurantifolii	Xanthomonas axonopodis pv. aurantifolii Gabriel et al. 1989, Xanthomonas axonopodis pv. aurantifolii (Gabriel et al. 1989) Vauterin et al. 1995, Xanthomonas fuscans subsp. aurantifolii Schaad et al. 2007	Brazil	Citrus aurantifolia	2006	No	No		(Gabriel et al 1989) Vauterin et al 1995	https://ncppb.fera.co.uk/furtherinfo/4373	16
NCPPB 4374	Xanthomonas citri pv. aurantifolii (Schaad et al. 2007) Constantin et al. 2016 comb. nov.	Xanthomonas axonopodis pv.aurantifolii	Xanthomonas axonopodis pv. aurantifolii Gabriel et al. 1989, Xanthomonas axonopodis pv. aurantifolii (Gabriel et al. 1989) Vauterin et al. 1995, Xanthomonas fuscans subsp. aurantifolii Schaad et al. 2007	Brazil	Citrus aurantifolia	2006	No	No		(Gabriel et al 1989) Vauterin et al 1995	https://ncppb.fera.co.uk/furtherinfo/4374	16
NCPPB 4375	Xanthomonas citri pv. citri (Hasse 1915) Constantin 2016 comb. nov.	Xanthomonas axonopodis pv. citri	Xanthomonas campestris pv. citri (Hasse 1915) Dye 1979, Xanthomonas axonopodis pv. citri (Hasse 1915) Vauterin et al. 1995, Xanthomonas citri subsp. citri (Hasse 1915) Gabriel et al. 1989	Brazil (Parana).	Citrus sinensis - common sweet orange	2006	No	No	This is not the Type strain (Bull et al. 2010) - See NCPPB 4590	(Hasse.1915)Vauterin et al. 1995. Silva,A.C.R., ET AL. 2002. Nature, 417:459-463	https://ncppb.fera.co.uk/furtherinfo/4375	16
NCPPB 4376	Xanthomonas euvesicatoria pv. citrumelonis (Schaad et al. 2007) Constantin et al. 2016 comb. nov.	Xanthomonas alfalfae subsp. citrumelonis	Xanthomonas alfalfae subsp. citrumelonis Schaad et al. 2007	USA	Citrus paradisi x Poncirus trifoliata	2006	No	Yes		(Gabriel et al 1989) Vauterin et al. 1995	https://ncppb.fera.co.uk/furtherinfo/4376	16
NCPPB 4377	Xanthomonas citri pv. aurantifolii (Schaad et al. 2007) Constantin et al. 2016 comb. nov.	Xanthomonas axonopodis pv. aurantifolii	Xanthomonas axonopodis pv. aurantifolii Gabriel et al. 1989, Xanthomonas axonopodis pv. aurantifolii (Gabriel et al. 1989) Vauterin et al. 1995, Xanthomonas fuscans subsp. aurantifolii Schaad et al. 2007	Argentina	Citrus - lemon	2006	No	No		(Gabriel et al 1989) Vauterin et al. 1995	https://ncppb.fera.co.uk/furtherinfo/4377	16
NCPPB 4378	Xanthomonas vasicola pv. musacearum (Yirgou & Bradbury 1968) Dye 1978	Xanthomonas campestris pv. musacearum	Xanthomonas campestris pv. musacearum (Yirgou & Bradbury 1968) Dye 1978	Uganda	Musa	2007	No	No			https://ncppb.fera.co.uk/furtherinfo/4378	16
NCPPB 4379	Xanthomonas vasicola pv. musacearum (Yirgou & Bradbury 1968) Dye 1978	Xanthomonas campestris pv. musacearum	Xanthomonas campestris pv. musacearum (Yirgou & Bradbury 1968) Dye 1978	Uganda	Musa	2007	No	No			https://ncppb.fera.co.uk/furtherinfo/4379	16
NCPPB 4380	Xanthomonas vasicola pv. musacearum (Yirgou & Bradbury 1968) Dye 1978	Xanthomonas campestris pv. musacearum	Xanthomonas campestris pv. musacearum (Yirgou & Bradbury 1968) Dye 1978	Uganda	Musa	2007	No	No			https://ncppb.fera.co.uk/furtherinfo/4380	16
NCPPB 4381	Xanthomonas vasicola pv. musacearum (Yirgou & Bradbury 1968) Dye 1978	Xanthomonas campestris pv. musacearum	Xanthomonas campestris pv. musacearum (Yirgou & Bradbury 1968) Dye 1978	Uganda	Musa	2007	No	No			https://ncppb.fera.co.uk/furtherinfo/4381	17
NCPPB 4383	Xanthomonas vasicola pv. musacearum (Yirgou & Bradbury 1968) Dye 1978	Xanthomonas campestris pv. musacearum	Xanthomonas campestris pv. musacearum (Yirgou & Bradbury 1968) Dye 1978	Uganda	Musa	2007	No	No			https://ncppb.fera.co.uk/furtherinfo/4383	17
NCPPB 4384	Xanthomonas vasicola pv. musacearum (Yirgou & Bradbury 1968) Dye 1978	Xanthomonas campestris pv. musacearum	Xanthomonas campestris pv. musacearum (Yirgou & Bradbury 1968) Dye 1978	Uganda	Musa	2007	No	No			https://ncppb.fera.co.uk/furtherinfo/4384	17
NCPPB 4385	Xanthomonas vasicola pv. musacearum (Yirgou & Bradbury 1968) Dye 1978	Xanthomonas campestris pv. musacearum	Xanthomonas campestris pv. musacearum (Yirgou & Bradbury 1968) Dye 1978	Uganda	Musa	2007	No	No			https://ncppb.fera.co.uk/furtherinfo/4385	17
NCPPB 4386	Xanthomonas vasicola pv. musacearum (Yirgou & Bradbury 1968) Dye 1978	Xanthomonas campestris pv. musacearum	Xanthomonas campestris pv. musacearum (Yirgou & Bradbury 1968) Dye 1978	Uganda	Musa	2007	No	No			https://ncppb.fera.co.uk/furtherinfo/4386	17
NCPPB 4387	Xanthomonas vasicola pv. musacearum (Yirgou & Bradbury 1968) Dye 1978	Xanthomonas campestris pv. musacearum	Xanthomonas campestris pv. musacearum (Yirgou & Bradbury 1968) Dye 1978	D.R.Congo	Musa	2007	No	No			https://ncppb.fera.co.uk/furtherinfo/4387	17
NCPPB 4388	Xanthomonas vasicola pv. musacearum (Yirgou & Bradbury 1968) Dye 1978	Xanthomonas campestris pv. musacearum	Xanthomonas campestris pv. musacearum (Yirgou & Bradbury 1968) Dye 1978	D.R.Congo	Musa	2007	No	No			https://ncppb.fera.co.uk/furtherinfo/4388	17
NCPPB 4389	Xanthomonas vasicola pv. musacearum (Yirgou & Bradbury 1968) Dye 1978	Xanthomonas campestris pv. musacearum	Xanthomonas campestris pv. musacearum (Yirgou & Bradbury 1968) Dye 1978	Rwanda	Musa	2007	No	No			https://ncppb.fera.co.uk/furtherinfo/4389	17
NCPPB 4390	Xanthomonas vasicola pv. musacearum (Yirgou & Bradbury 1968) Dye 1978	Xanthomonas campestris pv. musacearum	Xanthomonas campestris pv. musacearum (Yirgou & Bradbury 1968) Dye 1978	Rwanda	Musa	2007	No	No			https://ncppb.fera.co.uk/furtherinfo/4390	17
NCPPB 4391	Xanthomonas vasicola pv. musacearum (Yirgou & Bradbury 1968) Dye 1978	Xanthomonas campestris pv. musacearum	Xanthomonas campestris pv. musacearum (Yirgou & Bradbury 1968) Dye 1978	Rwanda	Musa	2007	No	No			https://ncppb.fera.co.uk/furtherinfo/4391	17
NCPPB 4392	Xanthomonas vasicola pv. musacearum (Yirgou & Bradbury 1968) Dye 1978	Xanthomonas campestris pv. musacearum	Xanthomonas campestris pv. musacearum (Yirgou & Bradbury 1968) Dye 1978	Tanzania	Musa	2007	No	No			https://ncppb.fera.co.uk/furtherinfo/4392	17
NCPPB 4393	Xanthomonas vasicola pv. musacearum (Yirgou & Bradbury 1968) Dye 1978	Xanthomonas campestris pv. musacearum	Xanthomonas campestris pv. musacearum (Yirgou & Bradbury 1968) Dye 1978	Tanzania	Musa	2007	No	No			https://ncppb.fera.co.uk/furtherinfo/4393	17
NCPPB 4394	Xanthomonas vasicola pv. musacearum (Yirgou & Bradbury 1968) Dye 1978	Xanthomonas campestris pv. musacearum	Xanthomonas campestris pv. musacearum (Yirgou & Bradbury 1968) Dye 1978	Tanzania	Musa	2007	No	No			https://ncppb.fera.co.uk/furtherinfo/4394	17
NCPPB 4395	Xanthomonas vasicola pv. musacearum (Yirgou & Bradbury 1968) Dye 1978	Xanthomonas campestris pv. musacearum	Xanthomonas campestris pv. musacearum (Yirgou & Bradbury 1968) Dye 1978	Tanzania	Musa	2007	No	No			https://ncppb.fera.co.uk/furtherinfo/4395	17
NCPPB 4397	Xanthomonas euvesicatoria pv. allii (Kadota et al. 2000) Constantin et al. 2016 comb. nov.	Xanthomonas axonopodis pv. allii	Xanthomonas campestris pv. allii Kadota et al. 2000, Xanthomonas axonopodis pv. allii (Kadota et al. 2000) Roumagnac et al. 2004	Brazil	Allium cepa	2007	No	No			https://ncppb.fera.co.uk/furtherinfo/4397	17
NCPPB 4398	Xanthomonas euvesicatoria pv. allii (Kadota et al. 2000) Constantin et al. 2016 comb. nov.	Xanthomonas axonopodis pv. allii	Xanthomonas campestris pv. allii Kadota et al. 2000, Xanthomonas axonopodis pv. allii (Kadota et al. 2000) Roumagnac et al. 2004	Brazil	Allium cepa	2007	No	No			https://ncppb.fera.co.uk/furtherinfo/4398	17
NCPPB 4399	Xanthomonas campestris pv. tardicrescens (McCulloch 1937) Dye 1978	Xanthomonas campestris pv. tardicrescens		New Zealand	Iris germanica	2007	No	No			https://ncppb.fera.co.uk/furtherinfo/4399	17
NCPPB 4402	Xanthomonas axonopodis	Xanthomonas axonopodis pv. cassavae		Niger	Manihot esculenta	2007	No	No	Partial gene (gyrB) sequence indicates this is Xanthomonas axonopodis (NCPPB Aug 2017)		https://ncppb.fera.co.uk/furtherinfo/4402	17
NCPPB 4403	Xanthomonas citri pv. malvacearum (Smith 1901) Constantin et al. 2016 comb. nov.	Xanthomonas cotton	Xanthomonas campestris pv. malvacearum (Smith 1901) Dye 1978, Xanthomonas axonopodis pv. malvacearum (Smith 1901) Vauterin et al. 1995, Xanthomonas citri subsp. malvacearum (Smith 1901) Schaad et al. 2007	USA	Gossypium sp. (cotton)	2007	No	No			https://ncppb.fera.co.uk/furtherinfo/4403	17
NCPPB 4404	Xanthomonas campestris pv. thespesiae Patil & Kulkarni 1981	Xanthomonas campestris pv. thespesiae		India	Thespesia populnea, leaf spot	2007	No	Yes			https://ncppb.fera.co.uk/furtherinfo/4404	17
NCPPB 4405	Xanthomonas bromi Vauterin et al. 1995	Xanthomonas bromi		New Zealand	Bromus willdenowii	2007	No	No			https://ncppb.fera.co.uk/furtherinfo/4405	17
NCPPB 4407	Xanthomonas sacchari Vauterin et al. 1995	Xanthomonas sacchari		Guadaloupe	Saccharum officinarus	2007	No	No			https://ncppb.fera.co.uk/furtherinfo/4407	17
NCPPB 4409	Xanthomonas arboricola pv. fragariae Janse et al 2001	Xanthomonas arboricola pv.fragariae		Italy (Cesena)	Fragariae ananassa	2007	No	Yes			https://ncppb.fera.co.uk/furtherinfo/4409	17
NCPPB 4410	Xanthomonas hortorum pv. carotae (Kendrick 1934) Vauterin et al. 1995	Xanthomonas hortorum pv. carotae	Xanthomonas campestris pv. carotae (Kendrick 1934) Dye 1978		Daucus carota	2007	No	No	Sample No. 18/2/1.3. See E724. Stove project E724 Good Pathogenicity on cv Napoli. PCR +ve. Used as +ve control		https://ncppb.fera.co.uk/furtherinfo/4410	17
NCPPB 4411	Xanthomonas hortorum pv. carotae (Kendrick 1934) Vauterin et al. 1995	Xanthomonas hortorum pv. carotae	Xanthomonas campestris pv. carotae (Kendrick 1934) Dye 1978		Daucus carota	2007	No	No	Sample No. 770/1/4. See E748. Stove project, Seed sample 770 E748. Used as +ve control. Path +ve, PCR +ve		https://ncppb.fera.co.uk/furtherinfo/4411	17
NCPPB 4412	Xanthomonas euvesicatoria pv. alfalfae (ex Riker et al. 1935) Constantin et al. 2016 comb. nov.	Xanthomonas alfalfae subsp. alfalfae	Xanthomonas campestris pv. alfalfae (Riker et al. 1935) Dye 1978, Xanthomonas axonopodis pv. alfalfae (Riker et al. 1935) Vauterin et al. 1995, Xanthomonas alfalfae subsp. alfalfae (ex Riker et al. 1935) Schaad et al. 2007	India	Medicago sativa	2009	No	Yes			https://ncppb.fera.co.uk/furtherinfo/4412	17
NCPPB 4413	Xanthomonas campestris (Pammel 1895) Dowson 1939	Xanthomonas campestris cheiranthii		UK	Wallflower	2008	No	No			https://ncppb.fera.co.uk/furtherinfo/4413	17
NCPPB 4414	Xanthomonas campestris (Pammel 1895) Dowson 1939	Xanthomonas campestris pv.chieranthii			Wallflower	2008	No	No			https://ncppb.fera.co.uk/furtherinfo/4414	17
NCPPB 4415	Xanthomonas campestris (Pammel 1895) Dowson 1939	Xanthomonas campestris pv.chieranthii			Wallflower	2008	No	No			https://ncppb.fera.co.uk/furtherinfo/4415	17
NCPPB 4416	Xanthomonas campestris (Pammel 1895) Dowson 1939	Xanthomonas campestris pv.chieranthii			Wallflower	2008	No	No			https://ncppb.fera.co.uk/furtherinfo/4416	17
NCPPB 4418	Xanthomonas campestris (Pammel 1895) Dowson 1939	Xanthomonas campestris pv. cheiranthii				2008	No	No			https://ncppb.fera.co.uk/furtherinfo/4418	17
NCPPB 4433	Xanthomonas vasicola pv. musacearum (Yirgou & Bradbury 1968) Dye 1978	Xanthomonas campestris pv. musacearum	Xanthomonas campestris pv. musacearum (Yirgou & Bradbury 1968) Dye 1978	Burundi	Musa - Banana	2008	No	No	16s rRNA sequence data shows as Xanthomonas campestris pv. musacearum	First report of Xanthomonas campestris pv. musacearum, causative organism of Banana Xanthomonas Wilt	https://ncppb.fera.co.uk/furtherinfo/4433	17
NCPPB 4434	Xanthomonas vasicola pv. musacearum (Yirgou & Bradbury 1968) Dye 1978	Xanthomonas campestris pv. musacearum	Xanthomonas campestris pv. musacearum (Yirgou & Bradbury 1968) Dye 1978	Kenya	Musa - Banana	2008	No	No	16s rRNA sequencing shows as Xanthomonas campestris pv. musacearum	First report of Xanthomonas campestris pv. musacearum, causative organism of Banana Xanthomonas Wilt	https://ncppb.fera.co.uk/furtherinfo/4434	17
NCPPB 4435	Xanthomonas hortorum Vauterin et al. 1995	Xanthomonas hortorum		Uganda	Artemesia annua	2008	No	No		First report of Xanthomonas hortorum on Artemesia annua; country report for Uganda	https://ncppb.fera.co.uk/furtherinfo/4435	17
NCPPB 4446	Xanthomonas dyei Young et al. 2010	Xanthomonas dyei		New Zealand	Metrosideros excelsa	2017	Yes	No			https://ncppb.fera.co.uk/furtherinfo/4446	17
NCPPB 4448	Xanthomonas translucens pv. pistaciae Giblot-Ducray et al 2009	Xanthomonas translucens pv. pistaciae		Australia	Pistachio	2009	No	Yes	A type= pathovar type strain		https://ncppb.fera.co.uk/furtherinfo/4448	17
NCPPB 4449	Xanthomonas cerealis pv. pistaciae Tambong et al. 2024	Xanthomonas translucens pv. pistaciae	Xanthomonas translucens pv. pistaciae Giblot-Ducray et al 2009	Australia	Pistachio	2009	No	No	B type		https://ncppb.fera.co.uk/furtherinfo/4449	17
NCPPB 4450	Xanthomonas campestris (Pammel 1895) Dowson 1939	Xanthomonas campestris pv. erysimi		UK	Cheiranthus (wallflower)	2009	No	No	Wallflower Bedding Mixed. ex Horsham UK.		https://ncppb.fera.co.uk/furtherinfo/4450	17
NCPPB 4451	Xanthomonas campestris pv. raphani (White 1930) Dye 1978	Xanthomonas campestris pv. raphani		UK	Cheiranthus	2009	No	No			https://ncppb.fera.co.uk/furtherinfo/4451	17
NCPPB 4466	Xanthomonas sp. Dowson 1939	Xanthomonas dyei pv. lobeliae		UK	Lobelia erinus	2009	No	No	Isolated from Lobelia seed (Lea valley).		https://ncppb.fera.co.uk/furtherinfo/4466	17
NCPPB 4468	Xanthomonas sp. Dowson 1939	Xanthomonas dyei pv. lobeliae		UK	Lobelia erinus	2009	No	No			https://ncppb.fera.co.uk/furtherinfo/4468	17
NCPPB 4584	Xanthomonas graminis pv. arrhenatheri Tambong et al. 2024	Xanthomonas graminis	Xanthomonas campestris pv. arrhenatheri Egli & Schmidt 1982; Xanthomonas translucens pv. arrhenatheri (Egli & Schmidt 1982) Vauterin et al. 1995	SWITZERLAND	Arrenatherum elatius	2013	No	No	While redrying 2699 'creamy' colnies were isolated as well as the conventional yellow colonies. This is the 'creamy' strain. FAP and partial 16S indicated thay are both Xanthomonas translucens.		https://ncppb.fera.co.uk/furtherinfo/4584	17
NCPPB 4590	Xanthomonas citri pv. citri (Hasse 1915) Constantin 2016 comb. nov.	Xanthomonas axonopodis pv. citri	Xanthomonas campestris pv. citri (Hasse 1915) Dye 1979, Xanthomonas axonopodis pv. citri (Hasse 1915) Vauterin et al. 1995, Xanthomonas citri subsp. citri (Hasse 1915) Gabriel et al. 1989	USA	Citrus aurantifolia	2015	Yes	Yes		(Hasse 1915) Vauterin, Hoste, Kersters and Swings, 1995	https://ncppb.fera.co.uk/furtherinfo/4590	17
NCPPB 4594	Xanthomonas sp. Dowson 1939			Rwanda	Phaseolus vulgaris	2015	No	No		FEMS Microbiology Letters, 2015, Vol. 362, No. 4	https://ncppb.fera.co.uk/furtherinfo/4594	17
NCPPB 4600	Xanthomonas nasturtii Vicente et al. 2017	Xanthomonas nasturtii sp. nov.		Florida, USA	Nasturtium officinale	2016	Yes	No	Authenticity checks by donor: 16s, gyrB partial sequencing, whole genome sequencing (Hi-seq Illumina)	Pathogenic, phenotypic and molecular characterisation of Xanthomonas nasturtii sp. nov. and Xanthomonas floridensis sp. nov., new species of Xanthomonas associated with watercress production in Florida, Vicente, Joana G. et al., IJSEM http://dx.doi.org/10.1099/ijsem.0.002189	https://ncppb.fera.co.uk/furtherinfo/4600	17
NCPPB 4601	Xanthomonas floridensis Vicente et al. 2017	Xanthomonas floridensis sp. nov.		Florida, USA	Nasturtium officinale	2016	Yes	No	Authenticity checks by donor: 16s, gyrB partial sequencing, whole genome sequencing (Hi-seq Illumina)	Pathogenic, phenotypic and molecular characterisation of Xanthomonas nasturtii sp. nov. and Xanthomonas floridensis sp. nov., new species of Xanthomonas associated with watercress production in Florida, Vicente, Joana G. et al., IJSEM http://dx.doi.org/10.1099/ijsem.0.002189	https://ncppb.fera.co.uk/furtherinfo/4601	17
NCPPB 4613	Xanthomonas vasicola pv. vasculorum (Cobb 1894) Lang et al. 2017	Xanthomonas vasicola pv. vasculorum	Xanthomonas campestris pv. vasculorum (Cobb 1894) Dye 1978, Xanthomonas axonopodis pv. vasculorum (Cobb 1894) Vauterin et al. 1995, Xanthomonas vasicola pv. vasculorum (Cobb 1894) Vauterin et al. 1995 (Invalid name)	USA	Zea mays	2017	No	No		Korus, K., J.M. Lang et al. (2017). First report of Xanthomonas vasicola causing bacterial leaf streak on corn in the United States. Plant Dis. 101(6):1030	https://ncppb.fera.co.uk/furtherinfo/4613	17
NCPPB 4614	Xanthomonas vasicola pv. vasculorum (Cobb 1894) Lang et al. 2017	Xanthomonas vasicola pv. vasculorum	Xanthomonas campestris pv. vasculorum (Cobb 1894) Dye 1978, Xanthomonas axonopodis pv. vasculorum (Cobb 1894) Vauterin et al. 1995, Xanthomonas vasicola pv. vasculorum (Cobb 1894) Vauterin et al. 1995 (Invalid name)	South Africa	Zea mays	2017	No	Yes		"Studholme, D.J., Wicker, E., Abrare, S.M., Aspin, A., Bogdanove, A., Broders, K., Dubrow, Z., Grant, M., Jones, J.B., Karamura, G., Lang, J., Leach, J., Mahuku, G., Nakato, G.V., Coutinho, T., Smith, J., and Bull, C.T. ""Transfer of Xanthomonas campestris pv. arecae and X. campestris pv. musacearum to X. vasicola (Vauterin) as X. vasicola pv. arecae comb. nov. and X. vasicola pv. musacearum comb. nov. and description of X. vasicola pv. vasculorum pv. nov."" Phytopathol. (2020) 110(6):1153-1160.; Lang, J.M. et al. (2017). Detection and characterization of Xanthomonas vasicola pv. vasculorum comb. nov. causing bacterial leaf streak of corn in the United States. Phytopathology."	https://ncppb.fera.co.uk/furtherinfo/4614	17
NCPPB 4615	Xanthomonas campestris pv. campestris (Pammel 1895) Dowson 1939	Xanthomonas campestris pv. campestris		Germany	Unknown	2017	No	No		Vorholter F.J et al. (2008). The genome of Xanthomonas campestris pv. campestris B100 and its use for the reconstruction of metabolic pathways involved in xanthan biosynthesis. J Biotechnol. 134:33-45	https://ncppb.fera.co.uk/furtherinfo/4615	17
NCPPB 4618	Xanthomonas phaseoli (ex Smith) Gabriel et al. 1989 VP	Xanthomonas phaseoli		USA	Phaeolus vulgaris	2017	Yes	No		Gabriel DW, et al. (1989). Reinstatement of Xanthomonas citri (ex Hasse) and X. phaseoli (ex Smith) to species and reclassification of all X. campestris pv. citri strains. International Journal of Systematic Bacteriology 39:14-22	https://ncppb.fera.co.uk/furtherinfo/4618	17
NCPPB 4622	Xanthomonas nasturtii			Spain	Nasturtium officinale	2018	No	No	Partial gene (gyrB) sequence 100% match with the Type strain	Vicente, J.G. et al. (2017). Pathogenic, phenotypic and molecular characterisation of Xanthomonas nasturtii sp. nov. and Xanthomonas floridensis sp. nov., new species of Xanthomonas associated with watercress production in Florida. International Journal of Systematic and Evolutionary Microbiology 67(9):3645-3654	https://ncppb.fera.co.uk/furtherinfo/4622	18
NCPPB 4623	Xanthomonas arboricola pv. pruni (Smith) Vauterin et al.			UK	Prunus laurocerasus	2018	No	No			https://ncppb.fera.co.uk/furtherinfo/4623	18
NCPPB 4625	Xanthomonas campestris pv. armoraciae			UK	Iberis sp.	2018	No	No			https://ncppb.fera.co.uk/furtherinfo/4625	18
NCPPB 4629	Xanthomonas dyei Young et al. 2010	Xanthomonas dyei Young et al. 2010		New Zealand	Eriostemon myoporoides	2018	No	No	Causes leaf spots	Young, J. M.; Wilkie, J. P.; Park, D.-C.; Watson, D. R. W. (2010)New Zealand strains of plant pathogenic bacteria classified by multi-locus sequence analysis; proposal ofXanthomonas dyeisp. nov.Plant Pathology59(2)270-281. DOI: 10.1111/j.1365-3059.2009.02210.x	https://ncppb.fera.co.uk/furtherinfo/4629	18
NCPPB 4630	Xanthomonas dyei Young et al. 2010	Xanthomonas dyei Young et al. 2010	Xanthomonas Dowson	New Zealand	Aralia sp.	2018	No	No		Young, J. M.; Wilkie, J. P.; Park, D.-C.; Watson, D. R. W. (2010) New Zealand strains of plant pathogenic bacteria classified by multi-locus sequence analysis; proposal of Xanthomonas dyei sp. nov. Plant Pathology 59(2)270-281. DOI: 10.1111/j.1365-3059.2009.02210.x	https://ncppb.fera.co.uk/furtherinfo/4630	18
NCPPB 4631	Xanthomonas campestris			UK	Erysimum cheiri	2018	No	No			https://ncppb.fera.co.uk/furtherinfo/4631	18
NCPPB 4632	Xanthomonas dyei pv. eucalypti Young et al. 2010	Xanthomonas dyei pv. eucalypti		New Zealand	Eucalyptus sp. (Gum Tree)	2018	No	No		Young, J. M.; Wilkie, J. P.; Park, D.-C.; Watson, D. R. W. (2010) New Zealand strains of plant pathogenic bacteria classified by multi-locus sequence analysis; proposal of Xanthomonas dyei sp. nov. Plant Pathology 59(2)270-281. DOI: 10.1111/j.1365-3059.2009.02210.x	https://ncppb.fera.co.uk/furtherinfo/4632	18
NCPPB 4633	Xanthomonas dyei Young et al. 2010	Xanthomonas dyei Young et al.		New Zealand	Diospyros kaki	2018	No	No		Young, J. M.; Wilkie, J. P.; Park, D.-C.; Watson, D. R. W. (2010) New Zealand strains of plant pathogenic bacteria classified by multi-locus sequence analysis; proposal of Xanthomonas dyei sp. nov. Plant Pathology 59(2)270-281. DOI: 10.1111/j.1365-3059.2009.02210.x	https://ncppb.fera.co.uk/furtherinfo/4633	18
NCPPB 4634	Xanthomonas dyei Young et al. 2010	Xanthomonas dyei Young et al. 2010		New Zealand	Olea europaea cv. Barnea	2018	No	No	Isolated from Cankerous branch of olive	Young, J. M.; Wilkie, J. P.; Park, D.-C.; Watson, D. R. W. (2010) New Zealand strains of plant pathogenic bacteria classified by multi-locus sequence analysis; proposal of Xanthomonas dyei sp. nov. Plant Pathology 59(2)270-281. DOI: 10.1111/j.1365-3059.2009.02210.x	https://ncppb.fera.co.uk/furtherinfo/4634	18
NCPPB 4635	Xanthomonas campestris pv. tardicrescens			Japan	Iris tectorum	2018	No	No			https://ncppb.fera.co.uk/furtherinfo/4635	18
NCPPB 4660	Xanthomonas campestris pv. campestris (Pammel 1895) Dowson 1939	Xanthomonas campestris pv. campestris		UK	Brassica oleracea	2018	No	No		XanthThreats project sequence on SGP6 W0665 Exp3002JV040	https://ncppb.fera.co.uk/furtherinfo/4660	18
NCPPB 4661	Xanthomonas campestris pv. campestris (Pammel 1895) Dowson 1939	Xanthomonas campestris pv. campestris		USA	Brassica oleracea	2018	No	No		https://apsjournals.apsnet.org/doi/pdf/10.1094/PHYTO.2001.91.5.492 https://apsjournals.apsnet.org/doi/pdf/10.1094/PHYTO-96-0735 https://bsppjournals.onlinelibrary.wiley.com/doi/epdf/10.1111/j.1364-3703.2012.00833.x https://apsjournals.apsnet.org/doi/epdf/10.1094/PDIS-94-3-0298 https://www.ncbi.nlm.nih.gov/search/all/?term=CP025750 https://apsjournals.apsnet.org/doi/epdf/10.1094/MPMI-07-19-0177-A	https://ncppb.fera.co.uk/furtherinfo/4661	18
NCPPB 4662	Xanthomonas campestris pv. campestris (Pammel 1895) Dowson 1939	Xanthomonas campestris pv. campestris		UK	Brassica napus (cv Magres) (Swede)	2018	No	No	Isolated from Swede root	XanthThreats project sequence on SGP6. W0665 Exp3002JV040	https://ncppb.fera.co.uk/furtherinfo/4662	18
NCPPB 4663	Xanthomonas campestris pv. campestris (Pammel 1895) Dowson 1939	Xanthomonas campestris pv. campestris		UK	Erysimum (Bowles mauve) Wallflower	2018	No	No		XanthThreats project sequence on SGP6 Exp3005 JV098	https://ncppb.fera.co.uk/furtherinfo/4663	18
NCPPB 4664	Xanthomonas campestris pv. campestris (Pammel 1895) Dowson 1939	Xanthomonas campestris pv. campestris		UK	Brassica napus (cv Magres) (Swede)	2018	No	No	Isolated from Swede leaf	Exp3005 JV099	https://ncppb.fera.co.uk/furtherinfo/4664	18
NCPPB 4665	Xanthomonas campestris pv. campestris (Pammel 1895) Dowson 1939	Xanthomonas campestris pv. campestris		UK	Brassica oleracea, Savoy cabbage	2018	No	No	Isolated from Savoy cabbage leaf		https://ncppb.fera.co.uk/furtherinfo/4665	18
NCPPB 4666	Xanthomonas nasturtii Vicente et al., 2017	Xanthomonas nasturtii		USA (Hawaii)	Nasturtium officinale	2018	No	No		Exp3005 JV118 Vicente et al. (2023) First identification of Xanthomonas nasturtii as the cause of black rot of watercress in Hawaii. Plant Disease Note https://apsjournals.apsnet.org/doi/pdf/10.1094/PDIS-05-22-1043-PDN XanthThreats project sequence on SGP3	https://ncppb.fera.co.uk/furtherinfo/4666	18
NCPPB 4668	Xanthomonas campestris pv. campestris (Pammel 1895) Dowson 1939			Portugal	Brassica oleracea	2018	No	No		Vicente et al. (2001); Vicente et al. (2006); Vicente and Holub (2012) https://apsjournals.apsnet.org/doi/pdf/10.1094/PHYTO.2001.91.5.492 https://apsjournals.apsnet.org/doi/pdf/10.1094/PHYTO-96-0735 https://bsppjournals.onlinelibrary.wiley.com/doi/epdf/10.1111/j.1364-3703.2012.00833.x https://apsjournals.apsnet.org/doi/epdf/10.1094/PDIS-94-3-0298 XanthThreats project sequence on SGP3	https://ncppb.fera.co.uk/furtherinfo/4668	18
NCPPB 4669	Xanthomonas campestris pv. campestris (Pammel 1895) Dowson 1939	Xanthomonas campestris campestris		Nepal	Brassica oleracea	2018	No	No	Symptoms on cauliflower leaf	Dahl Jensen et al. (2010) Occurrence and Diversity of Xanthomonas campestris pv. campestris in Vegetable Brassica Fields in Nepal. Plant Disease https://apsjournals.apsnet.org/doi/epdf/10.1094/PDIS-94-3-0298 https://bsppjournals.onlinelibrary.wiley.com/doi/epdf/10.1111/j.1364-3703.2012.00833.x	https://ncppb.fera.co.uk/furtherinfo/4669	18
NCPPB 4670	Xanthomonas campestris pv. campestris (Pammel 1895) Dowson 1939	Xanthomonas campestris pv. campestris		USA		2018	No	No		https://apsjournals.apsnet.org/doi/pdf/10.1094/PHYTO-96-0735, https://bsppjournals.onlinelibrary.wiley.com/doi/epdf/10.1111/j.1364-3703.2012.00833.x	https://ncppb.fera.co.uk/furtherinfo/4670	18
NCPPB 4671	Xanthomonas campestris pv. campestris (Pammel 1895) Dowson 1939	Xanthomonas campestris pv. campestris		UK (Cornwall)	Brassica oleracea	2018	No	No	Found on young lesions	Vicente et al. (2001); Vicente et al. (2006); Vicente and Holub (2012), https://apsjournals.apsnet.org/doi/pdf/10.1094/PHYTO.2001.91.5.492 https://apsjournals.apsnet.org/doi/pdf/10.1094/PHYTO-96-0735 https://bsppjournals.onlinelibrary.wiley.com/doi/epdf/10.1111/j.1364-3703.2012.00833.x https://apsjournals.apsnet.org/doi/epdf/10.1094/PDIS-94-3-0298 XanthThreats project sequence on SGP4	https://ncppb.fera.co.uk/furtherinfo/4671	18
NCPPB 4675	Xanthomonas euroxanthea Martins et al. 2020	Xanthomonas sp.		Portugal	Juglans regia	2019	No	No		https://www.microbiologyresearch.org/content/journal/ijsem/10.1099/ijsem.0.004386#tab2	https://ncppb.fera.co.uk/furtherinfo/4675	18
NCPPB 4676	Xanthomonas arboricola pv. juglandis	Xanthomonas arboricola pv. juglandis		Portugal	Juglans regia	2019	No	No			https://ncppb.fera.co.uk/furtherinfo/4676	18
NCPPB 4678	Xanthomonas campestris pv. campestris (Pammel 1895) Dowson 1939	Xanthomonas campestris pv. campestris		Serbia	Brassica napus L.	2019	No	No			https://ncppb.fera.co.uk/furtherinfo/4678	18
NCPPB 4679	Xanthomonas campestris pv. campestris (Pammel 1895) Dowson 1939	Xanthomonas campestris pv. campestris		Serbia	Brassica napus L.	2019	No	No			https://ncppb.fera.co.uk/furtherinfo/4679	18
NCPPB 4680	Xanthomonas campestris pv. campestris (Pammel 1895) Dowson 1939	Xanthomonas campestris pv. campestris		Serbia	Brassica napus L.	2019	No	No			https://ncppb.fera.co.uk/furtherinfo/4680	18
NCPPB 4681	Xanthomonas campestris pv. campestris (Pammel 1895) Dowson 1939	Xanthomonas campestris pv. campestris		Serbia	Brassica napus L.	2019	No	No			https://ncppb.fera.co.uk/furtherinfo/4681	18
NCPPB 4682	Xanthomonas campestris pv. campestris (Pammel 1895) Dowson 1939	Xanthomonas campestris pv. campestris		Serbia	Brassica napus L.	2019	No	No			https://ncppb.fera.co.uk/furtherinfo/4682	18
NCPPB 4692	Xanthomonas hydrangeae Dia et al. 2021	Xanthomonas hydrangeae		Belgium	Hydrangea arborescens cv Bella Anna	2021	No	No		Cottyn B, De Paepe B, Dia NC, Van Malderghem C, Pothier JF, and J Van Vaerenbergh. First report of bacterial leaf spot of Hydrangea in retail nurseries in Belgium caused by strains assigned to a new Xanthomonas hortorum clade. New Dis Rep. 2021; 00:e10002.	https://ncppb.fera.co.uk/furtherinfo/4692	18
NCPPB 4693	Xanthomonas hydrangeae Dia et al. 2021	Xanthomonas hydrangeae		Belgium	Hydrangea arborescens cv Invincibelle	2021	No	No		Cottyn B, De Paepe B, Dia NC, Van Malderghem C, Pothier JF, and J Van Vaerenbergh. First report of bacterial leaf spot of Hydrangea in retail nurseries in Belgium caused by strains assigned to a new Xanthomonas hortorum clade. New Dis Rep. 2021; 00:e10002.	https://ncppb.fera.co.uk/furtherinfo/4693	18
NCPPB 4698	Xanthomonas hortorum Vauterin et al. 1995	Xanthomonas campestris FL-2		USA	Lavandula stoechas (French Lavendar Plant)	2022	No	No		A Bacterial Leaf Disease of Lavender Caused by Xanthomonas campestris. . S. T. Koike, University of California Cooperative Extension, Watsonville 95076. S. A. Tjosvold, University of California Cooperative Extension, Watsonville 95076 and D. A. Cooksey and H. R. Azad, Department of Plant Pathology, University of California, Riverside 92521. Plant Dis. 79:859. Accepted for publication 12 June 1995. Copyright 1995 The American Phytopathological Society. DOI: 10.1094/PD-79-0859B..	https://ncppb.fera.co.uk/furtherinfo/4698	18
NCPPB 4699	Xanthomonas hortorum Vauterin et al. 1995	Xanthomonas campestris		USA	Lavandula	2022	No	No		A Bacterial Leaf Disease of Lavender Caused by Xanthomonas campestris. . S. T. Koike, University of California Cooperative Extension, Watsonville 95076. S. A. Tjosvold, University of California Cooperative Extension, Watsonville 95076 and D. A. Cooksey and H. R. Azad, Department of Plant Pathology, University of California, Riverside 92521. Plant Dis. 79:859. Accepted for publication 12 June 1995. Copyright 1995 The American Phytopathological Society. DOI: 10.1094/PD-79-0859B..	https://ncppb.fera.co.uk/furtherinfo/4699	18
NCPPB 4700	Xanthomonas hortorum Vauterin et al. 1995	Xanthomonas campestris EL 2		USA	Lavandula angustifolia (English Lavendar Plant)	2022	No	No		A Bacterial Leaf Disease of Lavender Caused by Xanthomonas campestris. . S. T. Koike, University of California Cooperative Extension, Watsonville 95076. S. A. Tjosvold, University of California Cooperative Extension, Watsonville 95076 and D. A. Cooksey and H. R. Azad, Department of Plant Pathology, University of California, Riverside 92521. Plant Dis. 79:859. Accepted for publication 12 June 1995. Copyright 1995 The American Phytopathological Society. DOI: 10.1094/PD-79-0859B.	https://ncppb.fera.co.uk/furtherinfo/4700	18
NCPPB 4701	Xanthomonas campestris pv. incanae (Kendrick & Baker 1942) Dye 1978			France	Matthiola incana	2023	No	No			https://ncppb.fera.co.uk/furtherinfo/4701	18
NCPPB 4702	Xanthomonas campestris pv. incanae (Kendrick & Baker 1942) Dye 1978			France - Alpes-Maritimes - Antibes	Matthiola incana	2023	No	No			https://ncppb.fera.co.uk/furtherinfo/4702	18
NCPPB 4703	Xanthomonas campestris pv. incanae (Kendrick & Baker 1942) Dye 1978			France	Matthiola incana	2022	No	No			https://ncppb.fera.co.uk/furtherinfo/4703	18
NCPPB 4704	Xanthomonas vasicola pv. vasculorum (Cobb 1894) Lang et al. 2017	Xanthomonas vasicola pv. vasculorum (Reference: Co-126-2)	Xanthomonas campestris pv. vasculorum (Cobb 1894) Dye 1978, Xanthomonas axonopodis pv. vasculorum (Cobb 1894) Vauterin et al. 1995, Xanthomonas vasicola pv. vasculorum (Cobb 1894) Vauterin et al. 1995 (Invalid name)	Colorado, USA	Zea mays	2023	No	No			https://ncppb.fera.co.uk/furtherinfo/4704	18
NCPPB 4705	Xanthomonas vasicola pv. vasculorum (Cobb 1894) Lang et al. 2017	Xanthomonas vasicola pv. vasculorum (Reference: Arg-1A)	Xanthomonas campestris pv. vasculorum (Cobb 1894) Dye 1978, Xanthomonas axonopodis pv. vasculorum (Cobb 1894) Vauterin et al. 1995, Xanthomonas vasicola pv. vasculorum (Cobb 1894) Vauterin et al. 1995 (Invalid name)	Illinois, USA	Zea mays	2023	No	No			https://ncppb.fera.co.uk/furtherinfo/4705	18
NCPPB 4706	Xanthomonas vasicola pv. vasculorum (Cobb 1894) Lang et al. 2017	Xanthomonas vasicola pv. vasculorum (Reference: CO-8)	Xanthomonas campestris pv. vasculorum (Cobb 1894) Dye 1978, Xanthomonas axonopodis pv. vasculorum (Cobb 1894) Vauterin et al. 1995, Xanthomonas vasicola pv. vasculorum (Cobb 1894) Vauterin et al. 1995 (Invalid name)	Colorado, USA	Zea mays	2023	No	No			https://ncppb.fera.co.uk/furtherinfo/4706	18
NCPPB 4707	Xanthomonas vasicola pv. vasculorum (Cobb 1894) Lang et al. 2017	Xanthomonas vasicola pv. vasculorum (Reference: ARG-3A)	Xanthomonas campestris pv. vasculorum (Cobb 1894) Dye 1978, Xanthomonas axonopodis pv. vasculorum (Cobb 1894) Vauterin et al. 1995, Xanthomonas vasicola pv. vasculorum (Cobb 1894) Vauterin et al. 1995 (Invalid name)	Argentina	Zea mays	2023	No	No			https://ncppb.fera.co.uk/furtherinfo/4707	18
NCPPB 4708	Xanthomonas vasicola pv. vasculorum (Cobb 1894) Lang et al. 2017	Xanthomonas vasicola pv. vasculorum (Reference: IL02(1)YDC)	Xanthomonas campestris pv. vasculorum (Cobb 1894) Dye 1978, Xanthomonas axonopodis pv. vasculorum (Cobb 1894) Vauterin et al. 1995, Xanthomonas vasicola pv. vasculorum (Cobb 1894) Vauterin et al. 1995 (Invalid name)	Illinois, USA	Zea mays	2023	No	No			https://ncppb.fera.co.uk/furtherinfo/4708	18
NCPPB 4709	Xanthomonas vasicola pv. holcicola (Elliott 1930) Vauterin et al. 1995	Xanthomonas vasicola pv. holcicola		Nebraska, USA	Unknown	2023	No	No			https://ncppb.fera.co.uk/furtherinfo/4709	18
NCPPB 4710	Xanthomonas vasicola pv. vasculorum (Cobb 1894) Lang et al. 2017	Xanthomonas vasicola pv. vasculorum	Xanthomonas campestris pv. vasculorum (Cobb 1894) Dye 1978, Xanthomonas axonopodis pv. vasculorum (Cobb 1894) Vauterin et al. 1995, Xanthomonas vasicola pv. vasculorum (Cobb 1894) Vauterin et al. 1995 (Invalid name)	Argentina	Zea mays	2023	No	No			https://ncppb.fera.co.uk/furtherinfo/4710	18
NCPPB 4711	Xanthomonas vasicola pv. vasculorum (Cobb 1894) Lang et al. 2017	Xanthomonas vasicola pv. vasculorum	Xanthomonas campestris pv. vasculorum (Cobb 1894) Dye 1978, Xanthomonas axonopodis pv. vasculorum (Cobb 1894) Vauterin et al. 1995, Xanthomonas vasicola pv. vasculorum (Cobb 1894) Vauterin et al. 1995 (Invalid name)	Nebraska, USA	Zea mays	2023	No	No			https://ncppb.fera.co.uk/furtherinfo/4711	18
NCPPB 4712	Xanthomonas vasicola pv. vasculorum (Cobb 1894) Lang et al. 2017	Xanthomonas vasicola pv. vasculorum	Xanthomonas campestris pv. vasculorum (Cobb 1894) Dye 1978, Xanthomonas axonopodis pv. vasculorum (Cobb 1894) Vauterin et al. 1995, Xanthomonas vasicola pv. vasculorum (Cobb 1894) Vauterin et al. 1995 (Invalid name)	Argentina	Zea mays	2023	No	No			https://ncppb.fera.co.uk/furtherinfo/4712	18
NCPPB 4713	Xanthomonas vasicola pv. vasculorum (Cobb 1894) Lang et al. 2017	Xanthomonas vasicola pv. vasculorum	Xanthomonas campestris pv. vasculorum (Cobb 1894) Dye 1978, Xanthomonas axonopodis pv. vasculorum (Cobb 1894) Vauterin et al. 1995, Xanthomonas vasicola pv. vasculorum (Cobb 1894) Vauterin et al. 1995 (Invalid name)	Illinois, USA	Zea mays	2023	No	No			https://ncppb.fera.co.uk/furtherinfo/4713	18
NCPPB 4714	Xanthomonas vasicola pv. vasculorum (Cobb 1894) Lang et al. 2017	Xanthomonas vasicola pv. vasculorum	Xanthomonas campestris pv. vasculorum (Cobb 1894) Dye 1978, Xanthomonas axonopodis pv. vasculorum (Cobb 1894) Vauterin et al. 1995, Xanthomonas vasicola pv. vasculorum (Cobb 1894) Vauterin et al. 1995 (Invalid name)	Argentina	Zea mays	2023	No	No			https://ncppb.fera.co.uk/furtherinfo/4714	18
NCPPB 4715	Xanthomonas vasicola pv. vasculorum (Cobb 1894) Lang et al. 2017	Xanthomonas vasicola pv. vasculorum	Xanthomonas campestris pv. vasculorum (Cobb 1894) Dye 1978, Xanthomonas axonopodis pv. vasculorum (Cobb 1894) Vauterin et al. 1995, Xanthomonas vasicola pv. vasculorum (Cobb 1894) Vauterin et al. 1995 (Invalid name)	Iowa, USA	Zea mays	2023	No	No			https://ncppb.fera.co.uk/furtherinfo/4715	18
NCPPB 4716	Xanthomonas vasicola pv. vasculorum (Cobb 1894) Lang et al. 2017	Xanthomonas vasicola pv. vasculorum	Xanthomonas campestris pv. vasculorum (Cobb 1894) Dye 1978, Xanthomonas axonopodis pv. vasculorum (Cobb 1894) Vauterin et al. 1995, Xanthomonas vasicola pv. vasculorum (Cobb 1894) Vauterin et al. 1995 (Invalid name)	Nebraska, USA	Zea mays	2023	No	No			https://ncppb.fera.co.uk/furtherinfo/4716	18
NCPPB 4717	Xanthomonas campestris pv. asclepiadis Flynn & Vidaver	Xanthomonas campestris pv. asclepiadis Flynn & Vidaver 1995		United States, Nebraska	Asclepias syriaca L. (Common Milkweed)	2023	No	No	chlorosis & necrosis of leaves, roots & stems (ICMP)	Pl. Dis 79: 1176-1180, 1995	https://ncppb.fera.co.uk/furtherinfo/4717	18
NCPPB 4718	Xanthomonas campestris pv. asclepiadis Flynn & Vidaver	Xanthomonas campestris pv. asclepiadis Flynn & Vidaver		USA (Nebraska)	Asclepias syriaca (Common Milkweed)	2023	No	No	chlorosis and necrosis of leaves, roots & stems	Pl. Dis. 79: 1176-1180, 1995	https://ncppb.fera.co.uk/furtherinfo/4718	19
NCPPB 4719	Xanthomonas campestris pv. asclepiadis Flynn & Vidaver	Xanthomonas campestris pv. asclepiadis Flynn & Vidaver		USA (Nebraska)	Asclepias syriaca (Common Milkweed)	2023	No	No	chlorosis and necrosis of leaves, roots & stems	Pl. Dis. 79: 1176-1180, 1995	https://ncppb.fera.co.uk/furtherinfo/4719	19
NCPPB 4720	Xanthomonas campestris pv. cannae Easwaramurthy et al.	Xanthomonas campestris pv. cannae Easwaramurthy et al.		India	Canna X generalis (canna lily)	2023	No	No	leaf spot, blight	Curr. Sci. 53: 708-709, 1984	https://ncppb.fera.co.uk/furtherinfo/4720	19
NCPPB 4721	Xanthomonas euvesicatoria pv. viegasii (Robbs et al. 1989) Harrison et al. 2023	Xanthomonas campestris pv. viegasii Robbs et al.	Xanthomonas campestris pv. viegasii Robbs et al. 1989	Brazil	Pachystachys lutea (Golden candle)	2023	No	No			https://ncppb.fera.co.uk/furtherinfo/4721	19
NCPPB 4722	Xanthomonas euvesicatoria pv. viegasii (Robbs et al. 1989) Harrison et al. 2023	Xanthomonas campestris pv. viegasii Robbs et al.	Xanthomonas campestris pv. viegasii Robbs et al. 1989	Brazil	Pachystachys lutea (Golden candle)	2023	No	No			https://ncppb.fera.co.uk/furtherinfo/4722	19
NCPPB 4727	Xanthomonas euvesicatoria pv. zingibericola (Ren and Fang 1981) Harrison et al. 2023	Xanthomonas campestris pv. zingibericola (Ren & Fang 1981) Bradbury	Xanthomonas campestris pv. zingibericola (Ren & Fang 1981) Bradbury 1986	China	Zingiber officinale (Ginger)	2023	No	No			https://ncppb.fera.co.uk/furtherinfo/4727	19
NCPPB 4728	Xanthomonas euvesicatoria pv. zingibericola (Ren and Fang 1981) Harrison et al. 2023	Xanthomonas campestris pv. zingibericola (Ren & Fang 1981) Bradbury	Xanthomonas campestris pv. zingibericola (Ren & Fang 1981) Bradbury 1986	China	Zingiber officinale (Ginger)	2023	No	No			https://ncppb.fera.co.uk/furtherinfo/4728	19
NCPPB 4729	Xanthomonas euvesicatoria pv. viegasii (Robbs et al. 1989) Harrison et al. 2023	Xanthomonas campestris pv. viegasii Robbs et al.	Xanthomonas campestris pv. viegasii Robbs et al. 1989	Brazil	Pachystachys lutea	2023	No	No			https://ncppb.fera.co.uk/furtherinfo/4729	19
NCPPB 4730	Xanthomonas euvesicatoria pv. zingibericola (Ren & Fang 1981) Harrison et al. 2023	Xanthomonas campestris pv. zingibericola (Ren & Fang 1981) Bradbury 1986	Xanthomonas campestris pv. zingibericola (Ren & Fang 1981) Bradbury 1986	China	Zingiber mioga Rosc.	2023	No	No			https://ncppb.fera.co.uk/furtherinfo/4730	19
NCPPB 4731	Xanthomonas campestris pv. leersiae (ex Fang et al. 1957) Young et al. 1991	Xanthomonas campestris pv. leersiae (ex Fang et al. 1957) Young et al.		China	Leersia hexandra	2023	No	No	Leaf spot		https://ncppb.fera.co.uk/furtherinfo/4731	19
NCPPB 4732	Xanthomonas campestris pv. leersiae (ex Fang et al. 1957) Young et al. 1991	Xanthomonas campestris pv. leersiae (ex Fang et al. 1957) Young et al.		China	Leersia hexandra	2023	No	No	Leaf streak		https://ncppb.fera.co.uk/furtherinfo/4732	19
NCPPB 4733	Xanthomonas campestris pv. cannae Easwaramurthy et al. 1984	Xanthomonas campestris pv. cannae Easwaramurthy et al.		India	Canna X generalis (canna lily)	2023	No	No	Leaf spot, blight		https://ncppb.fera.co.uk/furtherinfo/4733	19
NCPPB 4753	Xanthomonas prunicola Lopez et al	Xanthomonas prunicola		Spain	Prunus persica var. nectarina	2023	No	No			https://ncppb.fera.co.uk/furtherinfo/4753	19
NCPPB 4754	Xanthomonas prunicola Lopez et al. 2018	Xanthomonas prunicola		Spain	Prunus persica var. nectarina	2023	No	No			https://ncppb.fera.co.uk/furtherinfo/4754	19
NCPPB 4755	Xanthomonas prunicola Lopez et al. 2018	Xanthomonas prunicola		Spain	Prunus persica var. nectarina, Prunus persica	2023	No	No			https://ncppb.fera.co.uk/furtherinfo/4755	19
NCPPB 4763	Xanthomonas hortorum Vauterin et al. 1995	Xanthomonas hortorum subsp. lycopersiconseminum		Netherlands	Solanum lycopersicum	2023	No	No			https://ncppb.fera.co.uk/furtherinfo/4763	19
NCPPB 4770	Xanthomonas campestris pv. campestris (Pammel 1895) Dowson 1939	Xanthomonas campestris pv. campestris		UK	Brassica oleracea	2023	No	No			https://ncppb.fera.co.uk/furtherinfo/4770	19
NCPPB 4771	Xanthomonas campestris pv. campestris (Pammel 1895) Dowson 1939	Xanthomonas campestris pv. campestris		UK	Erysimum (Bowles mauve)	2024	No	No			https://ncppb.fera.co.uk/furtherinfo/4771	19
NCPPB 4772	Xanthomonas fragariae Kennedy and King 1962	Xanthomonas fragariae		Bulgaria	Fragaria ananassa	2024	No	No	WGS (NCPPB March 2024) indicates this X. fragariae strain is in the same phylogenetic group as NCPPB 4181.		https://ncppb.fera.co.uk/furtherinfo/4772	19
NCPPB 4826	Xanthomonas sp. Dowson 1939 (Approved Lists 1980)	Xanthomonas sp. 10-10		Canada	Ambrosia artemisiifolia (common ragweed)	2026	No	No		Biessy, A., Cadieux, M., Ciotola, M., McDuff, F., Soufiane, B., Laforest, M. et al. (2025) Characterization of a plant pathogenic T3SS-lacking Xanthomonas strain isolated from common ragweed. Plant Pathology, 74, 308319. Available from: https://doi.org/10.1111/ppa.14020	https://ncppb.fera.co.uk/furtherinfo/4826	19
NCPPB 4830	Xanthomonas hydrangeae Dia et al, 2022	Xanthomonas hydrangeae		Netherlands	Hydrangea quercifolia	2025	No	No			https://ncppb.fera.co.uk/furtherinfo/4830	19
NCPPB 272	Xanthomonas arboricola pv. pruni (Smith 1903) Vauterin et al. 1995	Xanthomonas pruni	Xanthomonas campestris pv. pruni (Smith 1903) Dye 1978	USA	Prunus sp.	1949	No	No			https://ncppb.fera.co.uk/furtherinfo/272	19
