ncppb_number	identifier_raw	identifier_normalized	identifier_type	clause_type	clause_order	source_start	source_end	normalization_status	validation_status	identifier_strength	risk_level	search_eligible	review_reason	collision_strain_count	collision_strains
NCPPB 45	NCPPB 45	NCPPB45	ncppb_number	catalogue_primary_key	0			generated_from_catalogue_number	auto_validated	primary	lowest	yes		1	NCPPB 45
NCPPB 101	NCPPB 101	NCPPB101	ncppb_number	catalogue_primary_key	0			generated_from_catalogue_number	auto_validated	primary	lowest	yes		1	NCPPB 101
NCPPB 109	NCPPB 109	NCPPB109	ncppb_number	catalogue_primary_key	0			generated_from_catalogue_number	auto_validated	primary	lowest	yes		1	NCPPB 109
NCPPB 113	NCPPB 113	NCPPB113	ncppb_number	catalogue_primary_key	0			generated_from_catalogue_number	auto_validated	primary	lowest	yes		1	NCPPB 113
NCPPB 151	NCPPB 151	NCPPB151	ncppb_number	catalogue_primary_key	0			generated_from_catalogue_number	auto_validated	primary	lowest	yes		1	NCPPB 151
NCPPB 174	NCPPB 174	NCPPB174	ncppb_number	catalogue_primary_key	0			generated_from_catalogue_number	auto_validated	primary	lowest	yes		1	NCPPB 174
NCPPB 181	NCPPB 181	NCPPB181	ncppb_number	catalogue_primary_key	0			generated_from_catalogue_number	auto_validated	primary	lowest	yes		1	NCPPB 181
NCPPB 182	NCPPB 182	NCPPB182	ncppb_number	catalogue_primary_key	0			generated_from_catalogue_number	auto_validated	primary	lowest	yes		1	NCPPB 182
NCPPB 184	NCPPB 184	NCPPB184	ncppb_number	catalogue_primary_key	0			generated_from_catalogue_number	auto_validated	primary	lowest	yes		1	NCPPB 184
NCPPB 185	NCPPB 185	NCPPB185	ncppb_number	catalogue_primary_key	0			generated_from_catalogue_number	auto_validated	primary	lowest	yes		1	NCPPB 185
NCPPB 186	NCPPB 186	NCPPB186	ncppb_number	catalogue_primary_key	0			generated_from_catalogue_number	auto_validated	primary	lowest	yes		1	NCPPB 186
NCPPB 187	NCPPB 187	NCPPB187	ncppb_number	catalogue_primary_key	0			generated_from_catalogue_number	auto_validated	primary	lowest	yes		1	NCPPB 187
NCPPB 195	NCPPB 195	NCPPB195	ncppb_number	catalogue_primary_key	0			generated_from_catalogue_number	auto_validated	primary	lowest	yes		1	NCPPB 195
NCPPB 196	NCPPB 196	NCPPB196	ncppb_number	catalogue_primary_key	0			generated_from_catalogue_number	auto_validated	primary	lowest	yes		1	NCPPB 196
NCPPB 200	NCPPB 200	NCPPB200	ncppb_number	catalogue_primary_key	0			generated_from_catalogue_number	auto_validated	primary	lowest	yes		1	NCPPB 200
NCPPB 205	NCPPB 205	NCPPB205	ncppb_number	catalogue_primary_key	0			generated_from_catalogue_number	auto_validated	primary	lowest	yes		1	NCPPB 205
NCPPB 206	NCPPB 206	NCPPB206	ncppb_number	catalogue_primary_key	0			generated_from_catalogue_number	auto_validated	primary	lowest	yes		1	NCPPB 206
NCPPB 208	NCPPB 208	NCPPB208	ncppb_number	catalogue_primary_key	0			generated_from_catalogue_number	auto_validated	primary	lowest	yes		1	NCPPB 208
NCPPB 210	NCPPB 210	NCPPB210	ncppb_number	catalogue_primary_key	0			generated_from_catalogue_number	auto_validated	primary	lowest	yes		1	NCPPB 210
NCPPB 211	NCPPB 211	NCPPB211	ncppb_number	catalogue_primary_key	0			generated_from_catalogue_number	auto_validated	primary	lowest	yes		1	NCPPB 211
NCPPB 212	NCPPB 212	NCPPB212	ncppb_number	catalogue_primary_key	0			generated_from_catalogue_number	auto_validated	primary	lowest	yes		1	NCPPB 212
NCPPB 220	NCPPB 220	NCPPB220	ncppb_number	catalogue_primary_key	0			generated_from_catalogue_number	auto_validated	primary	lowest	yes		1	NCPPB 220
NCPPB 226	NCPPB 226	NCPPB226	ncppb_number	catalogue_primary_key	0			generated_from_catalogue_number	auto_validated	primary	lowest	yes		1	NCPPB 226
NCPPB 230	NCPPB 230	NCPPB230	ncppb_number	catalogue_primary_key	0			generated_from_catalogue_number	auto_validated	primary	lowest	yes		1	NCPPB 230
NCPPB 232	NCPPB 232	NCPPB232	ncppb_number	catalogue_primary_key	0			generated_from_catalogue_number	auto_validated	primary	lowest	yes		1	NCPPB 232
NCPPB 240	NCPPB 240	NCPPB240	ncppb_number	catalogue_primary_key	0			generated_from_catalogue_number	auto_validated	primary	lowest	yes		1	NCPPB 240
NCPPB 241	NCPPB 241	NCPPB241	ncppb_number	catalogue_primary_key	0			generated_from_catalogue_number	auto_validated	primary	lowest	yes		1	NCPPB 241
NCPPB 243	NCPPB 243	NCPPB243	ncppb_number	catalogue_primary_key	0			generated_from_catalogue_number	auto_validated	primary	lowest	yes		1	NCPPB 243
NCPPB 273	NCPPB 273	NCPPB273	ncppb_number	catalogue_primary_key	0			generated_from_catalogue_number	auto_validated	primary	lowest	yes		1	NCPPB 273
NCPPB 279	NCPPB 279	NCPPB279	ncppb_number	catalogue_primary_key	0			generated_from_catalogue_number	auto_validated	primary	lowest	yes		1	NCPPB 279
NCPPB 290	NCPPB 290	NCPPB290	ncppb_number	catalogue_primary_key	0			generated_from_catalogue_number	auto_validated	primary	lowest	yes		1	NCPPB 290
NCPPB 293	NCPPB 293	NCPPB293	ncppb_number	catalogue_primary_key	0			generated_from_catalogue_number	auto_validated	primary	lowest	yes		1	NCPPB 293
NCPPB 301	NCPPB 301	NCPPB301	ncppb_number	catalogue_primary_key	0			generated_from_catalogue_number	auto_validated	primary	lowest	yes		1	NCPPB 301
NCPPB 302	NCPPB 302	NCPPB302	ncppb_number	catalogue_primary_key	0			generated_from_catalogue_number	auto_validated	primary	lowest	yes		1	NCPPB 302
NCPPB 305	NCPPB 305	NCPPB305	ncppb_number	catalogue_primary_key	0			generated_from_catalogue_number	auto_validated	primary	lowest	yes		1	NCPPB 305
NCPPB 315	NCPPB 315	NCPPB315	ncppb_number	catalogue_primary_key	0			generated_from_catalogue_number	auto_validated	primary	lowest	yes		1	NCPPB 315
NCPPB 347	NCPPB 347	NCPPB347	ncppb_number	catalogue_primary_key	0			generated_from_catalogue_number	auto_validated	primary	lowest	yes		1	NCPPB 347
NCPPB 348	NCPPB 348	NCPPB348	ncppb_number	catalogue_primary_key	0			generated_from_catalogue_number	auto_validated	primary	lowest	yes		1	NCPPB 348
NCPPB 362	NCPPB 362	NCPPB362	ncppb_number	catalogue_primary_key	0			generated_from_catalogue_number	auto_validated	primary	lowest	yes		1	NCPPB 362
NCPPB 381	NCPPB 381	NCPPB381	ncppb_number	catalogue_primary_key	0			generated_from_catalogue_number	auto_validated	primary	lowest	yes		1	NCPPB 381
NCPPB 400	NCPPB 400	NCPPB400	ncppb_number	catalogue_primary_key	0			generated_from_catalogue_number	auto_validated	primary	lowest	yes		1	NCPPB 400
NCPPB 403	NCPPB 403	NCPPB403	ncppb_number	catalogue_primary_key	0			generated_from_catalogue_number	auto_validated	primary	lowest	yes		1	NCPPB 403
NCPPB 404	NCPPB 404	NCPPB404	ncppb_number	catalogue_primary_key	0			generated_from_catalogue_number	auto_validated	primary	lowest	yes		1	NCPPB 404
NCPPB 405	NCPPB 405	NCPPB405	ncppb_number	catalogue_primary_key	0			generated_from_catalogue_number	auto_validated	primary	lowest	yes		1	NCPPB 405
NCPPB 406	NCPPB 406	NCPPB406	ncppb_number	catalogue_primary_key	0			generated_from_catalogue_number	auto_validated	primary	lowest	yes		1	NCPPB 406
NCPPB 407	NCPPB 407	NCPPB407	ncppb_number	catalogue_primary_key	0			generated_from_catalogue_number	auto_validated	primary	lowest	yes		1	NCPPB 407
NCPPB 408	NCPPB 408	NCPPB408	ncppb_number	catalogue_primary_key	0			generated_from_catalogue_number	auto_validated	primary	lowest	yes		1	NCPPB 408
NCPPB 409	NCPPB 409	NCPPB409	ncppb_number	catalogue_primary_key	0			generated_from_catalogue_number	auto_validated	primary	lowest	yes		1	NCPPB 409
NCPPB 410	NCPPB 410	NCPPB410	ncppb_number	catalogue_primary_key	0			generated_from_catalogue_number	auto_validated	primary	lowest	yes		1	NCPPB 410
NCPPB 411	NCPPB 411	NCPPB411	ncppb_number	catalogue_primary_key	0			generated_from_catalogue_number	auto_validated	primary	lowest	yes		1	NCPPB 411
NCPPB 412	NCPPB 412	NCPPB412	ncppb_number	catalogue_primary_key	0			generated_from_catalogue_number	auto_validated	primary	lowest	yes		1	NCPPB 412
NCPPB 414	NCPPB 414	NCPPB414	ncppb_number	catalogue_primary_key	0			generated_from_catalogue_number	auto_validated	primary	lowest	yes		1	NCPPB 414
NCPPB 415	NCPPB 415	NCPPB415	ncppb_number	catalogue_primary_key	0			generated_from_catalogue_number	auto_validated	primary	lowest	yes		1	NCPPB 415
NCPPB 416	NCPPB 416	NCPPB416	ncppb_number	catalogue_primary_key	0			generated_from_catalogue_number	auto_validated	primary	lowest	yes		1	NCPPB 416
NCPPB 418	NCPPB 418	NCPPB418	ncppb_number	catalogue_primary_key	0			generated_from_catalogue_number	auto_validated	primary	lowest	yes		1	NCPPB 418
NCPPB 419	NCPPB 419	NCPPB419	ncppb_number	catalogue_primary_key	0			generated_from_catalogue_number	auto_validated	primary	lowest	yes		1	NCPPB 419
NCPPB 420	NCPPB 420	NCPPB420	ncppb_number	catalogue_primary_key	0			generated_from_catalogue_number	auto_validated	primary	lowest	yes		1	NCPPB 420
NCPPB 421	NCPPB 421	NCPPB421	ncppb_number	catalogue_primary_key	0			generated_from_catalogue_number	auto_validated	primary	lowest	yes		1	NCPPB 421
NCPPB 422	NCPPB 422	NCPPB422	ncppb_number	catalogue_primary_key	0			generated_from_catalogue_number	auto_validated	primary	lowest	yes		1	NCPPB 422
NCPPB 423	NCPPB 423	NCPPB423	ncppb_number	catalogue_primary_key	0			generated_from_catalogue_number	auto_validated	primary	lowest	yes		1	NCPPB 423
NCPPB 424	NCPPB 424	NCPPB424	ncppb_number	catalogue_primary_key	0			generated_from_catalogue_number	auto_validated	primary	lowest	yes		1	NCPPB 424
NCPPB 425	NCPPB 425	NCPPB425	ncppb_number	catalogue_primary_key	0			generated_from_catalogue_number	auto_validated	primary	lowest	yes		1	NCPPB 425
NCPPB 457	NCPPB 457	NCPPB457	ncppb_number	catalogue_primary_key	0			generated_from_catalogue_number	auto_validated	primary	lowest	yes		1	NCPPB 457
NCPPB 464	NCPPB 464	NCPPB464	ncppb_number	catalogue_primary_key	0			generated_from_catalogue_number	auto_validated	primary	lowest	yes		1	NCPPB 464
NCPPB 465	NCPPB 465	NCPPB465	ncppb_number	catalogue_primary_key	0			generated_from_catalogue_number	auto_validated	primary	lowest	yes		1	NCPPB 465
NCPPB 466	NCPPB 466	NCPPB466	ncppb_number	catalogue_primary_key	0			generated_from_catalogue_number	auto_validated	primary	lowest	yes		1	NCPPB 466
NCPPB 473	NCPPB 473	NCPPB473	ncppb_number	catalogue_primary_key	0			generated_from_catalogue_number	auto_validated	primary	lowest	yes		1	NCPPB 473
NCPPB 476	NCPPB 476	NCPPB476	ncppb_number	catalogue_primary_key	0			generated_from_catalogue_number	auto_validated	primary	lowest	yes		1	NCPPB 476
NCPPB 477	NCPPB 477	NCPPB477	ncppb_number	catalogue_primary_key	0			generated_from_catalogue_number	auto_validated	primary	lowest	yes		1	NCPPB 477
NCPPB 478	NCPPB 478	NCPPB478	ncppb_number	catalogue_primary_key	0			generated_from_catalogue_number	auto_validated	primary	lowest	yes		1	NCPPB 478
NCPPB 479	NCPPB 479	NCPPB479	ncppb_number	catalogue_primary_key	0			generated_from_catalogue_number	auto_validated	primary	lowest	yes		1	NCPPB 479
NCPPB 480	NCPPB 480	NCPPB480	ncppb_number	catalogue_primary_key	0			generated_from_catalogue_number	auto_validated	primary	lowest	yes		1	NCPPB 480
NCPPB 481	NCPPB 481	NCPPB481	ncppb_number	catalogue_primary_key	0			generated_from_catalogue_number	auto_validated	primary	lowest	yes		1	NCPPB 481
NCPPB 485	NCPPB 485	NCPPB485	ncppb_number	catalogue_primary_key	0			generated_from_catalogue_number	auto_validated	primary	lowest	yes		1	NCPPB 485
NCPPB 488	NCPPB 488	NCPPB488	ncppb_number	catalogue_primary_key	0			generated_from_catalogue_number	auto_validated	primary	lowest	yes		1	NCPPB 488
NCPPB 490	NCPPB 490	NCPPB490	ncppb_number	catalogue_primary_key	0			generated_from_catalogue_number	auto_validated	primary	lowest	yes		1	NCPPB 490
NCPPB 509	NCPPB 509	NCPPB509	ncppb_number	catalogue_primary_key	0			generated_from_catalogue_number	auto_validated	primary	lowest	yes		1	NCPPB 509
NCPPB 510	NCPPB 510	NCPPB510	ncppb_number	catalogue_primary_key	0			generated_from_catalogue_number	auto_validated	primary	lowest	yes		1	NCPPB 510
NCPPB 526	NCPPB 526	NCPPB526	ncppb_number	catalogue_primary_key	0			generated_from_catalogue_number	auto_validated	primary	lowest	yes		1	NCPPB 526
NCPPB 528	NCPPB 528	NCPPB528	ncppb_number	catalogue_primary_key	0			generated_from_catalogue_number	auto_validated	primary	lowest	yes		1	NCPPB 528
NCPPB 529	NCPPB 529	NCPPB529	ncppb_number	catalogue_primary_key	0			generated_from_catalogue_number	auto_validated	primary	lowest	yes		1	NCPPB 529
NCPPB 535	NCPPB 535	NCPPB535	ncppb_number	catalogue_primary_key	0			generated_from_catalogue_number	auto_validated	primary	lowest	yes		1	NCPPB 535
NCPPB 536	NCPPB 536	NCPPB536	ncppb_number	catalogue_primary_key	0			generated_from_catalogue_number	auto_validated	primary	lowest	yes		1	NCPPB 536
NCPPB 554	NCPPB 554	NCPPB554	ncppb_number	catalogue_primary_key	0			generated_from_catalogue_number	auto_validated	primary	lowest	yes		1	NCPPB 554
NCPPB 555	NCPPB 555	NCPPB555	ncppb_number	catalogue_primary_key	0			generated_from_catalogue_number	auto_validated	primary	lowest	yes		1	NCPPB 555
NCPPB 556	NCPPB 556	NCPPB556	ncppb_number	catalogue_primary_key	0			generated_from_catalogue_number	auto_validated	primary	lowest	yes		1	NCPPB 556
NCPPB 557	NCPPB 557	NCPPB557	ncppb_number	catalogue_primary_key	0			generated_from_catalogue_number	auto_validated	primary	lowest	yes		1	NCPPB 557
NCPPB 570	NCPPB 570	NCPPB570	ncppb_number	catalogue_primary_key	0			generated_from_catalogue_number	auto_validated	primary	lowest	yes		1	NCPPB 570
NCPPB 571	NCPPB 571	NCPPB571	ncppb_number	catalogue_primary_key	0			generated_from_catalogue_number	auto_validated	primary	lowest	yes		1	NCPPB 571
NCPPB 573	NCPPB 573	NCPPB573	ncppb_number	catalogue_primary_key	0			generated_from_catalogue_number	auto_validated	primary	lowest	yes		1	NCPPB 573
NCPPB 575	NCPPB 575	NCPPB575	ncppb_number	catalogue_primary_key	0			generated_from_catalogue_number	auto_validated	primary	lowest	yes		1	NCPPB 575
NCPPB 577	NCPPB 577	NCPPB577	ncppb_number	catalogue_primary_key	0			generated_from_catalogue_number	auto_validated	primary	lowest	yes		1	NCPPB 577
NCPPB 578	NCPPB 578	NCPPB578	ncppb_number	catalogue_primary_key	0			generated_from_catalogue_number	auto_validated	primary	lowest	yes		1	NCPPB 578
NCPPB 579	NCPPB 579	NCPPB579	ncppb_number	catalogue_primary_key	0			generated_from_catalogue_number	auto_validated	primary	lowest	yes		1	NCPPB 579
NCPPB 581	NCPPB 581	NCPPB581	ncppb_number	catalogue_primary_key	0			generated_from_catalogue_number	auto_validated	primary	lowest	yes		1	NCPPB 581
NCPPB 582	NCPPB 582	NCPPB582	ncppb_number	catalogue_primary_key	0			generated_from_catalogue_number	auto_validated	primary	lowest	yes		1	NCPPB 582
NCPPB 584	NCPPB 584	NCPPB584	ncppb_number	catalogue_primary_key	0			generated_from_catalogue_number	auto_validated	primary	lowest	yes		1	NCPPB 584
NCPPB 585	NCPPB 585	NCPPB585	ncppb_number	catalogue_primary_key	0			generated_from_catalogue_number	auto_validated	primary	lowest	yes		1	NCPPB 585
NCPPB 586	NCPPB 586	NCPPB586	ncppb_number	catalogue_primary_key	0			generated_from_catalogue_number	auto_validated	primary	lowest	yes		1	NCPPB 586
NCPPB 599	NCPPB 599	NCPPB599	ncppb_number	catalogue_primary_key	0			generated_from_catalogue_number	auto_validated	primary	lowest	yes		1	NCPPB 599
NCPPB 614	NCPPB 614	NCPPB614	ncppb_number	catalogue_primary_key	0			generated_from_catalogue_number	auto_validated	primary	lowest	yes		1	NCPPB 614
NCPPB 631	NCPPB 631	NCPPB631	ncppb_number	catalogue_primary_key	0			generated_from_catalogue_number	auto_validated	primary	lowest	yes		1	NCPPB 631
NCPPB 633	NCPPB 633	NCPPB633	ncppb_number	catalogue_primary_key	0			generated_from_catalogue_number	auto_validated	primary	lowest	yes		1	NCPPB 633
NCPPB 634	NCPPB 634	NCPPB634	ncppb_number	catalogue_primary_key	0			generated_from_catalogue_number	auto_validated	primary	lowest	yes		1	NCPPB 634
NCPPB 637	NCPPB 637	NCPPB637	ncppb_number	catalogue_primary_key	0			generated_from_catalogue_number	auto_validated	primary	lowest	yes		1	NCPPB 637
NCPPB 638	NCPPB 638	NCPPB638	ncppb_number	catalogue_primary_key	0			generated_from_catalogue_number	auto_validated	primary	lowest	yes		1	NCPPB 638
NCPPB 642	NCPPB 642	NCPPB642	ncppb_number	catalogue_primary_key	0			generated_from_catalogue_number	auto_validated	primary	lowest	yes		1	NCPPB 642
NCPPB 645	NCPPB 645	NCPPB645	ncppb_number	catalogue_primary_key	0			generated_from_catalogue_number	auto_validated	primary	lowest	yes		1	NCPPB 645
NCPPB 646	NCPPB 646	NCPPB646	ncppb_number	catalogue_primary_key	0			generated_from_catalogue_number	auto_validated	primary	lowest	yes		1	NCPPB 646
NCPPB 647	NCPPB 647	NCPPB647	ncppb_number	catalogue_primary_key	0			generated_from_catalogue_number	auto_validated	primary	lowest	yes		1	NCPPB 647
NCPPB 648	NCPPB 648	NCPPB648	ncppb_number	catalogue_primary_key	0			generated_from_catalogue_number	auto_validated	primary	lowest	yes		1	NCPPB 648
NCPPB 670	NCPPB 670	NCPPB670	ncppb_number	catalogue_primary_key	0			generated_from_catalogue_number	auto_validated	primary	lowest	yes		1	NCPPB 670
NCPPB 701	NCPPB 701	NCPPB701	ncppb_number	catalogue_primary_key	0			generated_from_catalogue_number	auto_validated	primary	lowest	yes		1	NCPPB 701
NCPPB 702	NCPPB 702	NCPPB702	ncppb_number	catalogue_primary_key	0			generated_from_catalogue_number	auto_validated	primary	lowest	yes		1	NCPPB 702
NCPPB 761	NCPPB 761	NCPPB761	ncppb_number	catalogue_primary_key	0			generated_from_catalogue_number	auto_validated	primary	lowest	yes		1	NCPPB 761
NCPPB 762	NCPPB 762	NCPPB762	ncppb_number	catalogue_primary_key	0			generated_from_catalogue_number	auto_validated	primary	lowest	yes		1	NCPPB 762
NCPPB 793	NCPPB 793	NCPPB793	ncppb_number	catalogue_primary_key	0			generated_from_catalogue_number	auto_validated	primary	lowest	yes		1	NCPPB 793
NCPPB 795	NCPPB 795	NCPPB795	ncppb_number	catalogue_primary_key	0			generated_from_catalogue_number	auto_validated	primary	lowest	yes		1	NCPPB 795
NCPPB 840	NCPPB 840	NCPPB840	ncppb_number	catalogue_primary_key	0			generated_from_catalogue_number	auto_validated	primary	lowest	yes		1	NCPPB 840
NCPPB 875	NCPPB 875	NCPPB875	ncppb_number	catalogue_primary_key	0			generated_from_catalogue_number	auto_validated	primary	lowest	yes		1	NCPPB 875
NCPPB 881	NCPPB 881	NCPPB881	ncppb_number	catalogue_primary_key	0			generated_from_catalogue_number	auto_validated	primary	lowest	yes		1	NCPPB 881
NCPPB 884	NCPPB 884	NCPPB884	ncppb_number	catalogue_primary_key	0			generated_from_catalogue_number	auto_validated	primary	lowest	yes		1	NCPPB 884
NCPPB 885	NCPPB 885	NCPPB885	ncppb_number	catalogue_primary_key	0			generated_from_catalogue_number	auto_validated	primary	lowest	yes		1	NCPPB 885
NCPPB 887	NCPPB 887	NCPPB887	ncppb_number	catalogue_primary_key	0			generated_from_catalogue_number	auto_validated	primary	lowest	yes		1	NCPPB 887
NCPPB 888	NCPPB 888	NCPPB888	ncppb_number	catalogue_primary_key	0			generated_from_catalogue_number	auto_validated	primary	lowest	yes		1	NCPPB 888
NCPPB 889	NCPPB 889	NCPPB889	ncppb_number	catalogue_primary_key	0			generated_from_catalogue_number	auto_validated	primary	lowest	yes		1	NCPPB 889
NCPPB 891	NCPPB 891	NCPPB891	ncppb_number	catalogue_primary_key	0			generated_from_catalogue_number	auto_validated	primary	lowest	yes		1	NCPPB 891
NCPPB 892	NCPPB 892	NCPPB892	ncppb_number	catalogue_primary_key	0			generated_from_catalogue_number	auto_validated	primary	lowest	yes		1	NCPPB 892
NCPPB 893	NCPPB 893	NCPPB893	ncppb_number	catalogue_primary_key	0			generated_from_catalogue_number	auto_validated	primary	lowest	yes		1	NCPPB 893
NCPPB 895	NCPPB 895	NCPPB895	ncppb_number	catalogue_primary_key	0			generated_from_catalogue_number	auto_validated	primary	lowest	yes		1	NCPPB 895
NCPPB 896	NCPPB 896	NCPPB896	ncppb_number	catalogue_primary_key	0			generated_from_catalogue_number	auto_validated	primary	lowest	yes		1	NCPPB 896
NCPPB 897	NCPPB 897	NCPPB897	ncppb_number	catalogue_primary_key	0			generated_from_catalogue_number	auto_validated	primary	lowest	yes		1	NCPPB 897
NCPPB 899	NCPPB 899	NCPPB899	ncppb_number	catalogue_primary_key	0			generated_from_catalogue_number	auto_validated	primary	lowest	yes		1	NCPPB 899
NCPPB 900	NCPPB 900	NCPPB900	ncppb_number	catalogue_primary_key	0			generated_from_catalogue_number	auto_validated	primary	lowest	yes		1	NCPPB 900
NCPPB 901	NCPPB 901	NCPPB901	ncppb_number	catalogue_primary_key	0			generated_from_catalogue_number	auto_validated	primary	lowest	yes		1	NCPPB 901
NCPPB 902	NCPPB 902	NCPPB902	ncppb_number	catalogue_primary_key	0			generated_from_catalogue_number	auto_validated	primary	lowest	yes		1	NCPPB 902
NCPPB 916	NCPPB 916	NCPPB916	ncppb_number	catalogue_primary_key	0			generated_from_catalogue_number	auto_validated	primary	lowest	yes		1	NCPPB 916
NCPPB 917	NCPPB 917	NCPPB917	ncppb_number	catalogue_primary_key	0			generated_from_catalogue_number	auto_validated	primary	lowest	yes		1	NCPPB 917
NCPPB 918	NCPPB 918	NCPPB918	ncppb_number	catalogue_primary_key	0			generated_from_catalogue_number	auto_validated	primary	lowest	yes		1	NCPPB 918
NCPPB 922	NCPPB 922	NCPPB922	ncppb_number	catalogue_primary_key	0			generated_from_catalogue_number	auto_validated	primary	lowest	yes		1	NCPPB 922
NCPPB 923	NCPPB 923	NCPPB923	ncppb_number	catalogue_primary_key	0			generated_from_catalogue_number	auto_validated	primary	lowest	yes		1	NCPPB 923
NCPPB 924	NCPPB 924	NCPPB924	ncppb_number	catalogue_primary_key	0			generated_from_catalogue_number	auto_validated	primary	lowest	yes		1	NCPPB 924
NCPPB 926	NCPPB 926	NCPPB926	ncppb_number	catalogue_primary_key	0			generated_from_catalogue_number	auto_validated	primary	lowest	yes		1	NCPPB 926
NCPPB 935	NCPPB 935	NCPPB935	ncppb_number	catalogue_primary_key	0			generated_from_catalogue_number	auto_validated	primary	lowest	yes		1	NCPPB 935
NCPPB 936	NCPPB 936	NCPPB936	ncppb_number	catalogue_primary_key	0			generated_from_catalogue_number	auto_validated	primary	lowest	yes		1	NCPPB 936
NCPPB 937	NCPPB 937	NCPPB937	ncppb_number	catalogue_primary_key	0			generated_from_catalogue_number	auto_validated	primary	lowest	yes		1	NCPPB 937
NCPPB 938	NCPPB 938	NCPPB938	ncppb_number	catalogue_primary_key	0			generated_from_catalogue_number	auto_validated	primary	lowest	yes		1	NCPPB 938
NCPPB 939	NCPPB 939	NCPPB939	ncppb_number	catalogue_primary_key	0			generated_from_catalogue_number	auto_validated	primary	lowest	yes		1	NCPPB 939
NCPPB 940	NCPPB 940	NCPPB940	ncppb_number	catalogue_primary_key	0			generated_from_catalogue_number	auto_validated	primary	lowest	yes		1	NCPPB 940
NCPPB 941	NCPPB 941	NCPPB941	ncppb_number	catalogue_primary_key	0			generated_from_catalogue_number	auto_validated	primary	lowest	yes		1	NCPPB 941
NCPPB 942	NCPPB 942	NCPPB942	ncppb_number	catalogue_primary_key	0			generated_from_catalogue_number	auto_validated	primary	lowest	yes		1	NCPPB 942
NCPPB 969	NCPPB 969	NCPPB969	ncppb_number	catalogue_primary_key	0			generated_from_catalogue_number	auto_validated	primary	lowest	yes		1	NCPPB 969
NCPPB 970	NCPPB 970	NCPPB970	ncppb_number	catalogue_primary_key	0			generated_from_catalogue_number	auto_validated	primary	lowest	yes		1	NCPPB 970
NCPPB 971	NCPPB 971	NCPPB971	ncppb_number	catalogue_primary_key	0			generated_from_catalogue_number	auto_validated	primary	lowest	yes		1	NCPPB 971
NCPPB 972	NCPPB 972	NCPPB972	ncppb_number	catalogue_primary_key	0			generated_from_catalogue_number	auto_validated	primary	lowest	yes		1	NCPPB 972
NCPPB 973	NCPPB 973	NCPPB973	ncppb_number	catalogue_primary_key	0			generated_from_catalogue_number	auto_validated	primary	lowest	yes		1	NCPPB 973
NCPPB 974	NCPPB 974	NCPPB974	ncppb_number	catalogue_primary_key	0			generated_from_catalogue_number	auto_validated	primary	lowest	yes		1	NCPPB 974
NCPPB 975	NCPPB 975	NCPPB975	ncppb_number	catalogue_primary_key	0			generated_from_catalogue_number	auto_validated	primary	lowest	yes		1	NCPPB 975
NCPPB 976	NCPPB 976	NCPPB976	ncppb_number	catalogue_primary_key	0			generated_from_catalogue_number	auto_validated	primary	lowest	yes		1	NCPPB 976
NCPPB 983	NCPPB 983	NCPPB983	ncppb_number	catalogue_primary_key	0			generated_from_catalogue_number	auto_validated	primary	lowest	yes		1	NCPPB 983
NCPPB 984	NCPPB 984	NCPPB984	ncppb_number	catalogue_primary_key	0			generated_from_catalogue_number	auto_validated	primary	lowest	yes		1	NCPPB 984
NCPPB 985	NCPPB 985	NCPPB985	ncppb_number	catalogue_primary_key	0			generated_from_catalogue_number	auto_validated	primary	lowest	yes		1	NCPPB 985
NCPPB 986	NCPPB 986	NCPPB986	ncppb_number	catalogue_primary_key	0			generated_from_catalogue_number	auto_validated	primary	lowest	yes		1	NCPPB 986
NCPPB 987	NCPPB 987	NCPPB987	ncppb_number	catalogue_primary_key	0			generated_from_catalogue_number	auto_validated	primary	lowest	yes		1	NCPPB 987
NCPPB 989	NCPPB 989	NCPPB989	ncppb_number	catalogue_primary_key	0			generated_from_catalogue_number	auto_validated	primary	lowest	yes		1	NCPPB 989
NCPPB 990	NCPPB 990	NCPPB990	ncppb_number	catalogue_primary_key	0			generated_from_catalogue_number	auto_validated	primary	lowest	yes		1	NCPPB 990
NCPPB 993	NCPPB 993	NCPPB993	ncppb_number	catalogue_primary_key	0			generated_from_catalogue_number	auto_validated	primary	lowest	yes		1	NCPPB 993
NCPPB 994	NCPPB 994	NCPPB994	ncppb_number	catalogue_primary_key	0			generated_from_catalogue_number	auto_validated	primary	lowest	yes		1	NCPPB 994
NCPPB 1009	NCPPB 1009	NCPPB1009	ncppb_number	catalogue_primary_key	0			generated_from_catalogue_number	auto_validated	primary	lowest	yes		1	NCPPB 1009
NCPPB 1014	NCPPB 1014	NCPPB1014	ncppb_number	catalogue_primary_key	0			generated_from_catalogue_number	auto_validated	primary	lowest	yes		1	NCPPB 1014
NCPPB 1025	NCPPB 1025	NCPPB1025	ncppb_number	catalogue_primary_key	0			generated_from_catalogue_number	auto_validated	primary	lowest	yes		1	NCPPB 1025
NCPPB 1043	NCPPB 1043	NCPPB1043	ncppb_number	catalogue_primary_key	0			generated_from_catalogue_number	auto_validated	primary	lowest	yes		1	NCPPB 1043
NCPPB 1046	NCPPB 1046	NCPPB1046	ncppb_number	catalogue_primary_key	0			generated_from_catalogue_number	auto_validated	primary	lowest	yes		1	NCPPB 1046
NCPPB 1048	NCPPB 1048	NCPPB1048	ncppb_number	catalogue_primary_key	0			generated_from_catalogue_number	auto_validated	primary	lowest	yes		1	NCPPB 1048
NCPPB 1050	NCPPB 1050	NCPPB1050	ncppb_number	catalogue_primary_key	0			generated_from_catalogue_number	auto_validated	primary	lowest	yes		1	NCPPB 1050
NCPPB 1056	NCPPB 1056	NCPPB1056	ncppb_number	catalogue_primary_key	0			generated_from_catalogue_number	auto_validated	primary	lowest	yes		1	NCPPB 1056
NCPPB 1058	NCPPB 1058	NCPPB1058	ncppb_number	catalogue_primary_key	0			generated_from_catalogue_number	auto_validated	primary	lowest	yes		1	NCPPB 1058
NCPPB 1059	NCPPB 1059	NCPPB1059	ncppb_number	catalogue_primary_key	0			generated_from_catalogue_number	auto_validated	primary	lowest	yes		1	NCPPB 1059
NCPPB 1060	NCPPB 1060	NCPPB1060	ncppb_number	catalogue_primary_key	0			generated_from_catalogue_number	auto_validated	primary	lowest	yes		1	NCPPB 1060
NCPPB 1061	NCPPB 1061	NCPPB1061	ncppb_number	catalogue_primary_key	0			generated_from_catalogue_number	auto_validated	primary	lowest	yes		1	NCPPB 1061
NCPPB 1062	NCPPB 1062	NCPPB1062	ncppb_number	catalogue_primary_key	0			generated_from_catalogue_number	auto_validated	primary	lowest	yes		1	NCPPB 1062
NCPPB 1063	NCPPB 1063	NCPPB1063	ncppb_number	catalogue_primary_key	0			generated_from_catalogue_number	auto_validated	primary	lowest	yes		1	NCPPB 1063
NCPPB 1067	NCPPB 1067	NCPPB1067	ncppb_number	catalogue_primary_key	0			generated_from_catalogue_number	auto_validated	primary	lowest	yes		1	NCPPB 1067
NCPPB 1068	NCPPB 1068	NCPPB1068	ncppb_number	catalogue_primary_key	0			generated_from_catalogue_number	auto_validated	primary	lowest	yes		1	NCPPB 1068
NCPPB 1117	NCPPB 1117	NCPPB1117	ncppb_number	catalogue_primary_key	0			generated_from_catalogue_number	auto_validated	primary	lowest	yes		1	NCPPB 1117
NCPPB 1124	NCPPB 1124	NCPPB1124	ncppb_number	catalogue_primary_key	0			generated_from_catalogue_number	auto_validated	primary	lowest	yes		1	NCPPB 1124
NCPPB 1128	NCPPB 1128	NCPPB1128	ncppb_number	catalogue_primary_key	0			generated_from_catalogue_number	auto_validated	primary	lowest	yes		1	NCPPB 1128
NCPPB 1129	NCPPB 1129	NCPPB1129	ncppb_number	catalogue_primary_key	0			generated_from_catalogue_number	auto_validated	primary	lowest	yes		1	NCPPB 1129
NCPPB 1131	NCPPB 1131	NCPPB1131	ncppb_number	catalogue_primary_key	0			generated_from_catalogue_number	auto_validated	primary	lowest	yes		1	NCPPB 1131
NCPPB 1132	NCPPB 1132	NCPPB1132	ncppb_number	catalogue_primary_key	0			generated_from_catalogue_number	auto_validated	primary	lowest	yes		1	NCPPB 1132
NCPPB 1135	NCPPB 1135	NCPPB1135	ncppb_number	catalogue_primary_key	0			generated_from_catalogue_number	auto_validated	primary	lowest	yes		1	NCPPB 1135
NCPPB 1136	NCPPB 1136	NCPPB1136	ncppb_number	catalogue_primary_key	0			generated_from_catalogue_number	auto_validated	primary	lowest	yes		1	NCPPB 1136
NCPPB 1138	NCPPB 1138	NCPPB1138	ncppb_number	catalogue_primary_key	0			generated_from_catalogue_number	auto_validated	primary	lowest	yes		1	NCPPB 1138
NCPPB 1141	NCPPB 1141	NCPPB1141	ncppb_number	catalogue_primary_key	0			generated_from_catalogue_number	auto_validated	primary	lowest	yes		1	NCPPB 1141
NCPPB 1143	NCPPB 1143	NCPPB1143	ncppb_number	catalogue_primary_key	0			generated_from_catalogue_number	auto_validated	primary	lowest	yes		1	NCPPB 1143
NCPPB 1144	NCPPB 1144	NCPPB1144	ncppb_number	catalogue_primary_key	0			generated_from_catalogue_number	auto_validated	primary	lowest	yes		1	NCPPB 1144
NCPPB 1145	NCPPB 1145	NCPPB1145	ncppb_number	catalogue_primary_key	0			generated_from_catalogue_number	auto_validated	primary	lowest	yes		1	NCPPB 1145
NCPPB 1146	NCPPB 1146	NCPPB1146	ncppb_number	catalogue_primary_key	0			generated_from_catalogue_number	auto_validated	primary	lowest	yes		1	NCPPB 1146
NCPPB 1147	NCPPB 1147	NCPPB1147	ncppb_number	catalogue_primary_key	0			generated_from_catalogue_number	auto_validated	primary	lowest	yes		1	NCPPB 1147
NCPPB 1148	NCPPB 1148	NCPPB1148	ncppb_number	catalogue_primary_key	0			generated_from_catalogue_number	auto_validated	primary	lowest	yes		1	NCPPB 1148
NCPPB 1149	NCPPB 1149	NCPPB1149	ncppb_number	catalogue_primary_key	0			generated_from_catalogue_number	auto_validated	primary	lowest	yes		1	NCPPB 1149
NCPPB 1150	NCPPB 1150	NCPPB1150	ncppb_number	catalogue_primary_key	0			generated_from_catalogue_number	auto_validated	primary	lowest	yes		1	NCPPB 1150
NCPPB 1151	NCPPB 1151	NCPPB1151	ncppb_number	catalogue_primary_key	0			generated_from_catalogue_number	auto_validated	primary	lowest	yes		1	NCPPB 1151
NCPPB 1152	NCPPB 1152	NCPPB1152	ncppb_number	catalogue_primary_key	0			generated_from_catalogue_number	auto_validated	primary	lowest	yes		1	NCPPB 1152
NCPPB 1153	NCPPB 1153	NCPPB1153	ncppb_number	catalogue_primary_key	0			generated_from_catalogue_number	auto_validated	primary	lowest	yes		1	NCPPB 1153
NCPPB 1154	NCPPB 1154	NCPPB1154	ncppb_number	catalogue_primary_key	0			generated_from_catalogue_number	auto_validated	primary	lowest	yes		1	NCPPB 1154
NCPPB 1155	NCPPB 1155	NCPPB1155	ncppb_number	catalogue_primary_key	0			generated_from_catalogue_number	auto_validated	primary	lowest	yes		1	NCPPB 1155
NCPPB 1158	NCPPB 1158	NCPPB1158	ncppb_number	catalogue_primary_key	0			generated_from_catalogue_number	auto_validated	primary	lowest	yes		1	NCPPB 1158
NCPPB 1159	NCPPB 1159	NCPPB1159	ncppb_number	catalogue_primary_key	0			generated_from_catalogue_number	auto_validated	primary	lowest	yes		1	NCPPB 1159
NCPPB 1160	NCPPB 1160	NCPPB1160	ncppb_number	catalogue_primary_key	0			generated_from_catalogue_number	auto_validated	primary	lowest	yes		1	NCPPB 1160
NCPPB 1161	NCPPB 1161	NCPPB1161	ncppb_number	catalogue_primary_key	0			generated_from_catalogue_number	auto_validated	primary	lowest	yes		1	NCPPB 1161
NCPPB 1235	NCPPB 1235	NCPPB1235	ncppb_number	catalogue_primary_key	0			generated_from_catalogue_number	auto_validated	primary	lowest	yes		1	NCPPB 1235
NCPPB 1241	NCPPB 1241	NCPPB1241	ncppb_number	catalogue_primary_key	0			generated_from_catalogue_number	auto_validated	primary	lowest	yes		1	NCPPB 1241
NCPPB 1244	NCPPB 1244	NCPPB1244	ncppb_number	catalogue_primary_key	0			generated_from_catalogue_number	auto_validated	primary	lowest	yes		1	NCPPB 1244
NCPPB 1324	NCPPB 1324	NCPPB1324	ncppb_number	catalogue_primary_key	0			generated_from_catalogue_number	auto_validated	primary	lowest	yes		1	NCPPB 1324
NCPPB 1325	NCPPB 1325	NCPPB1325	ncppb_number	catalogue_primary_key	0			generated_from_catalogue_number	auto_validated	primary	lowest	yes		1	NCPPB 1325
NCPPB 1326	NCPPB 1326	NCPPB1326	ncppb_number	catalogue_primary_key	0			generated_from_catalogue_number	auto_validated	primary	lowest	yes		1	NCPPB 1326
NCPPB 1332	NCPPB 1332	NCPPB1332	ncppb_number	catalogue_primary_key	0			generated_from_catalogue_number	auto_validated	primary	lowest	yes		1	NCPPB 1332
NCPPB 1334	NCPPB 1334	NCPPB1334	ncppb_number	catalogue_primary_key	0			generated_from_catalogue_number	auto_validated	primary	lowest	yes		1	NCPPB 1334
NCPPB 1336	NCPPB 1336	NCPPB1336	ncppb_number	catalogue_primary_key	0			generated_from_catalogue_number	auto_validated	primary	lowest	yes		1	NCPPB 1336
NCPPB 1337	NCPPB 1337	NCPPB1337	ncppb_number	catalogue_primary_key	0			generated_from_catalogue_number	auto_validated	primary	lowest	yes		1	NCPPB 1337
NCPPB 1381	NCPPB 1381	NCPPB1381	ncppb_number	catalogue_primary_key	0			generated_from_catalogue_number	auto_validated	primary	lowest	yes		1	NCPPB 1381
NCPPB 1393	NCPPB 1393	NCPPB1393	ncppb_number	catalogue_primary_key	0			generated_from_catalogue_number	auto_validated	primary	lowest	yes		1	NCPPB 1393
NCPPB 1394	NCPPB 1394	NCPPB1394	ncppb_number	catalogue_primary_key	0			generated_from_catalogue_number	auto_validated	primary	lowest	yes		1	NCPPB 1394
NCPPB 1395	NCPPB 1395	NCPPB1395	ncppb_number	catalogue_primary_key	0			generated_from_catalogue_number	auto_validated	primary	lowest	yes		1	NCPPB 1395
NCPPB 1396	NCPPB 1396	NCPPB1396	ncppb_number	catalogue_primary_key	0			generated_from_catalogue_number	auto_validated	primary	lowest	yes		1	NCPPB 1396
NCPPB 1402	NCPPB 1402	NCPPB1402	ncppb_number	catalogue_primary_key	0			generated_from_catalogue_number	auto_validated	primary	lowest	yes		1	NCPPB 1402
NCPPB 1420	NCPPB 1420	NCPPB1420	ncppb_number	catalogue_primary_key	0			generated_from_catalogue_number	auto_validated	primary	lowest	yes		1	NCPPB 1420
NCPPB 1421	NCPPB 1421	NCPPB1421	ncppb_number	catalogue_primary_key	0			generated_from_catalogue_number	auto_validated	primary	lowest	yes		1	NCPPB 1421
NCPPB 1422	NCPPB 1422	NCPPB1422	ncppb_number	catalogue_primary_key	0			generated_from_catalogue_number	auto_validated	primary	lowest	yes		1	NCPPB 1422
NCPPB 1423	NCPPB 1423	NCPPB1423	ncppb_number	catalogue_primary_key	0			generated_from_catalogue_number	auto_validated	primary	lowest	yes		1	NCPPB 1423
NCPPB 1426	NCPPB 1426	NCPPB1426	ncppb_number	catalogue_primary_key	0			generated_from_catalogue_number	auto_validated	primary	lowest	yes		1	NCPPB 1426
NCPPB 1431	NCPPB 1431	NCPPB1431	ncppb_number	catalogue_primary_key	0			generated_from_catalogue_number	auto_validated	primary	lowest	yes		1	NCPPB 1431
NCPPB 1433	NCPPB 1433	NCPPB1433	ncppb_number	catalogue_primary_key	0			generated_from_catalogue_number	auto_validated	primary	lowest	yes		1	NCPPB 1433
NCPPB 1438	NCPPB 1438	NCPPB1438	ncppb_number	catalogue_primary_key	0			generated_from_catalogue_number	auto_validated	primary	lowest	yes		1	NCPPB 1438
NCPPB 1439	NCPPB 1439	NCPPB1439	ncppb_number	catalogue_primary_key	0			generated_from_catalogue_number	auto_validated	primary	lowest	yes		1	NCPPB 1439
NCPPB 1447	NCPPB 1447	NCPPB1447	ncppb_number	catalogue_primary_key	0			generated_from_catalogue_number	auto_validated	primary	lowest	yes		1	NCPPB 1447
NCPPB 1451	NCPPB 1451	NCPPB1451	ncppb_number	catalogue_primary_key	0			generated_from_catalogue_number	auto_validated	primary	lowest	yes		1	NCPPB 1451
NCPPB 1452	NCPPB 1452	NCPPB1452	ncppb_number	catalogue_primary_key	0			generated_from_catalogue_number	auto_validated	primary	lowest	yes		1	NCPPB 1452
NCPPB 1453	NCPPB 1453	NCPPB1453	ncppb_number	catalogue_primary_key	0			generated_from_catalogue_number	auto_validated	primary	lowest	yes		1	NCPPB 1453
NCPPB 1454	NCPPB 1454	NCPPB1454	ncppb_number	catalogue_primary_key	0			generated_from_catalogue_number	auto_validated	primary	lowest	yes		1	NCPPB 1454
NCPPB 1455	NCPPB 1455	NCPPB1455	ncppb_number	catalogue_primary_key	0			generated_from_catalogue_number	auto_validated	primary	lowest	yes		1	NCPPB 1455
NCPPB 1457	NCPPB 1457	NCPPB1457	ncppb_number	catalogue_primary_key	0			generated_from_catalogue_number	auto_validated	primary	lowest	yes		1	NCPPB 1457
NCPPB 1469	NCPPB 1469	NCPPB1469	ncppb_number	catalogue_primary_key	0			generated_from_catalogue_number	auto_validated	primary	lowest	yes		1	NCPPB 1469
NCPPB 1471	NCPPB 1471	NCPPB1471	ncppb_number	catalogue_primary_key	0			generated_from_catalogue_number	auto_validated	primary	lowest	yes		1	NCPPB 1471
NCPPB 1472	NCPPB 1472	NCPPB1472	ncppb_number	catalogue_primary_key	0			generated_from_catalogue_number	auto_validated	primary	lowest	yes		1	NCPPB 1472
NCPPB 1473	NCPPB 1473	NCPPB1473	ncppb_number	catalogue_primary_key	0			generated_from_catalogue_number	auto_validated	primary	lowest	yes		1	NCPPB 1473
NCPPB 1475	NCPPB 1475	NCPPB1475	ncppb_number	catalogue_primary_key	0			generated_from_catalogue_number	auto_validated	primary	lowest	yes		1	NCPPB 1475
NCPPB 1482	NCPPB 1482	NCPPB1482	ncppb_number	catalogue_primary_key	0			generated_from_catalogue_number	auto_validated	primary	lowest	yes		1	NCPPB 1482
NCPPB 1495	NCPPB 1495	NCPPB1495	ncppb_number	catalogue_primary_key	0			generated_from_catalogue_number	auto_validated	primary	lowest	yes		1	NCPPB 1495
NCPPB 1560	NCPPB 1560	NCPPB1560	ncppb_number	catalogue_primary_key	0			generated_from_catalogue_number	auto_validated	primary	lowest	yes		1	NCPPB 1560
NCPPB 1568	NCPPB 1568	NCPPB1568	ncppb_number	catalogue_primary_key	0			generated_from_catalogue_number	auto_validated	primary	lowest	yes		1	NCPPB 1568
NCPPB 1585	NCPPB 1585	NCPPB1585	ncppb_number	catalogue_primary_key	0			generated_from_catalogue_number	auto_validated	primary	lowest	yes		1	NCPPB 1585
NCPPB 1593	NCPPB 1593	NCPPB1593	ncppb_number	catalogue_primary_key	0			generated_from_catalogue_number	auto_validated	primary	lowest	yes		1	NCPPB 1593
NCPPB 1594	NCPPB 1594	NCPPB1594	ncppb_number	catalogue_primary_key	0			generated_from_catalogue_number	auto_validated	primary	lowest	yes		1	NCPPB 1594
NCPPB 1595	NCPPB 1595	NCPPB1595	ncppb_number	catalogue_primary_key	0			generated_from_catalogue_number	auto_validated	primary	lowest	yes		1	NCPPB 1595
NCPPB 1596	NCPPB 1596	NCPPB1596	ncppb_number	catalogue_primary_key	0			generated_from_catalogue_number	auto_validated	primary	lowest	yes		1	NCPPB 1596
NCPPB 1607	NCPPB 1607	NCPPB1607	ncppb_number	catalogue_primary_key	0			generated_from_catalogue_number	auto_validated	primary	lowest	yes		1	NCPPB 1607
NCPPB 1610	NCPPB 1610	NCPPB1610	ncppb_number	catalogue_primary_key	0			generated_from_catalogue_number	auto_validated	primary	lowest	yes		1	NCPPB 1610
NCPPB 1612	NCPPB 1612	NCPPB1612	ncppb_number	catalogue_primary_key	0			generated_from_catalogue_number	auto_validated	primary	lowest	yes		1	NCPPB 1612
NCPPB 1615	NCPPB 1615	NCPPB1615	ncppb_number	catalogue_primary_key	0			generated_from_catalogue_number	auto_validated	primary	lowest	yes		1	NCPPB 1615
NCPPB 1616	NCPPB 1616	NCPPB1616	ncppb_number	catalogue_primary_key	0			generated_from_catalogue_number	auto_validated	primary	lowest	yes		1	NCPPB 1616
NCPPB 1622	NCPPB 1622	NCPPB1622	ncppb_number	catalogue_primary_key	0			generated_from_catalogue_number	auto_validated	primary	lowest	yes		1	NCPPB 1622
NCPPB 1628	NCPPB 1628	NCPPB1628	ncppb_number	catalogue_primary_key	0			generated_from_catalogue_number	auto_validated	primary	lowest	yes		1	NCPPB 1628
NCPPB 1629	NCPPB 1629	NCPPB1629	ncppb_number	catalogue_primary_key	0			generated_from_catalogue_number	auto_validated	primary	lowest	yes		1	NCPPB 1629
NCPPB 1630	NCPPB 1630	NCPPB1630	ncppb_number	catalogue_primary_key	0			generated_from_catalogue_number	auto_validated	primary	lowest	yes		1	NCPPB 1630
NCPPB 1632	NCPPB 1632	NCPPB1632	ncppb_number	catalogue_primary_key	0			generated_from_catalogue_number	auto_validated	primary	lowest	yes		1	NCPPB 1632
NCPPB 1633	NCPPB 1633	NCPPB1633	ncppb_number	catalogue_primary_key	0			generated_from_catalogue_number	auto_validated	primary	lowest	yes		1	NCPPB 1633
NCPPB 1638	NCPPB 1638	NCPPB1638	ncppb_number	catalogue_primary_key	0			generated_from_catalogue_number	auto_validated	primary	lowest	yes		1	NCPPB 1638
NCPPB 1645	NCPPB 1645	NCPPB1645	ncppb_number	catalogue_primary_key	0			generated_from_catalogue_number	auto_validated	primary	lowest	yes		1	NCPPB 1645
NCPPB 1646	NCPPB 1646	NCPPB1646	ncppb_number	catalogue_primary_key	0			generated_from_catalogue_number	auto_validated	primary	lowest	yes		1	NCPPB 1646
NCPPB 1648	NCPPB 1648	NCPPB1648	ncppb_number	catalogue_primary_key	0			generated_from_catalogue_number	auto_validated	primary	lowest	yes		1	NCPPB 1648
NCPPB 1654	NCPPB 1654	NCPPB1654	ncppb_number	catalogue_primary_key	0			generated_from_catalogue_number	auto_validated	primary	lowest	yes		1	NCPPB 1654
NCPPB 1659	NCPPB 1659	NCPPB1659	ncppb_number	catalogue_primary_key	0			generated_from_catalogue_number	auto_validated	primary	lowest	yes		1	NCPPB 1659
NCPPB 1668	NCPPB 1668	NCPPB1668	ncppb_number	catalogue_primary_key	0			generated_from_catalogue_number	auto_validated	primary	lowest	yes		1	NCPPB 1668
NCPPB 1671	NCPPB 1671	NCPPB1671	ncppb_number	catalogue_primary_key	0			generated_from_catalogue_number	auto_validated	primary	lowest	yes		1	NCPPB 1671
NCPPB 1672	NCPPB 1672	NCPPB1672	ncppb_number	catalogue_primary_key	0			generated_from_catalogue_number	auto_validated	primary	lowest	yes		1	NCPPB 1672
NCPPB 1680	NCPPB 1680	NCPPB1680	ncppb_number	catalogue_primary_key	0			generated_from_catalogue_number	auto_validated	primary	lowest	yes		1	NCPPB 1680
NCPPB 1683	NCPPB 1683	NCPPB1683	ncppb_number	catalogue_primary_key	0			generated_from_catalogue_number	auto_validated	primary	lowest	yes		1	NCPPB 1683
NCPPB 1684	NCPPB 1684	NCPPB1684	ncppb_number	catalogue_primary_key	0			generated_from_catalogue_number	auto_validated	primary	lowest	yes		1	NCPPB 1684
NCPPB 1685	NCPPB 1685	NCPPB1685	ncppb_number	catalogue_primary_key	0			generated_from_catalogue_number	auto_validated	primary	lowest	yes		1	NCPPB 1685
NCPPB 1697	NCPPB 1697	NCPPB1697	ncppb_number	catalogue_primary_key	0			generated_from_catalogue_number	auto_validated	primary	lowest	yes		1	NCPPB 1697
NCPPB 1698	NCPPB 1698	NCPPB1698	ncppb_number	catalogue_primary_key	0			generated_from_catalogue_number	auto_validated	primary	lowest	yes		1	NCPPB 1698
NCPPB 1699	NCPPB 1699	NCPPB1699	ncppb_number	catalogue_primary_key	0			generated_from_catalogue_number	auto_validated	primary	lowest	yes		1	NCPPB 1699
NCPPB 1700	NCPPB 1700	NCPPB1700	ncppb_number	catalogue_primary_key	0			generated_from_catalogue_number	auto_validated	primary	lowest	yes		1	NCPPB 1700
NCPPB 1701	NCPPB 1701	NCPPB1701	ncppb_number	catalogue_primary_key	0			generated_from_catalogue_number	auto_validated	primary	lowest	yes		1	NCPPB 1701
NCPPB 1711	NCPPB 1711	NCPPB1711	ncppb_number	catalogue_primary_key	0			generated_from_catalogue_number	auto_validated	primary	lowest	yes		1	NCPPB 1711
NCPPB 1712	NCPPB 1712	NCPPB1712	ncppb_number	catalogue_primary_key	0			generated_from_catalogue_number	auto_validated	primary	lowest	yes		1	NCPPB 1712
NCPPB 1713	NCPPB 1713	NCPPB1713	ncppb_number	catalogue_primary_key	0			generated_from_catalogue_number	auto_validated	primary	lowest	yes		1	NCPPB 1713
NCPPB 1714	NCPPB 1714	NCPPB1714	ncppb_number	catalogue_primary_key	0			generated_from_catalogue_number	auto_validated	primary	lowest	yes		1	NCPPB 1714
NCPPB 1715	NCPPB 1715	NCPPB1715	ncppb_number	catalogue_primary_key	0			generated_from_catalogue_number	auto_validated	primary	lowest	yes		1	NCPPB 1715
NCPPB 1717	NCPPB 1717	NCPPB1717	ncppb_number	catalogue_primary_key	0			generated_from_catalogue_number	auto_validated	primary	lowest	yes		1	NCPPB 1717
NCPPB 1737	NCPPB 1737	NCPPB1737	ncppb_number	catalogue_primary_key	0			generated_from_catalogue_number	auto_validated	primary	lowest	yes		1	NCPPB 1737
NCPPB 1738	NCPPB 1738	NCPPB1738	ncppb_number	catalogue_primary_key	0			generated_from_catalogue_number	auto_validated	primary	lowest	yes		1	NCPPB 1738
NCPPB 1754	NCPPB 1754	NCPPB1754	ncppb_number	catalogue_primary_key	0			generated_from_catalogue_number	auto_validated	primary	lowest	yes		1	NCPPB 1754
NCPPB 1755	NCPPB 1755	NCPPB1755	ncppb_number	catalogue_primary_key	0			generated_from_catalogue_number	auto_validated	primary	lowest	yes		1	NCPPB 1755
NCPPB 1756	NCPPB 1756	NCPPB1756	ncppb_number	catalogue_primary_key	0			generated_from_catalogue_number	auto_validated	primary	lowest	yes		1	NCPPB 1756
NCPPB 1757	NCPPB 1757	NCPPB1757	ncppb_number	catalogue_primary_key	0			generated_from_catalogue_number	auto_validated	primary	lowest	yes		1	NCPPB 1757
NCPPB 1758	NCPPB 1758	NCPPB1758	ncppb_number	catalogue_primary_key	0			generated_from_catalogue_number	auto_validated	primary	lowest	yes		1	NCPPB 1758
NCPPB 1759	NCPPB 1759	NCPPB1759	ncppb_number	catalogue_primary_key	0			generated_from_catalogue_number	auto_validated	primary	lowest	yes		1	NCPPB 1759
NCPPB 1760	NCPPB 1760	NCPPB1760	ncppb_number	catalogue_primary_key	0			generated_from_catalogue_number	auto_validated	primary	lowest	yes		1	NCPPB 1760
NCPPB 1765	NCPPB 1765	NCPPB1765	ncppb_number	catalogue_primary_key	0			generated_from_catalogue_number	auto_validated	primary	lowest	yes		1	NCPPB 1765
NCPPB 1774	NCPPB 1774	NCPPB1774	ncppb_number	catalogue_primary_key	0			generated_from_catalogue_number	auto_validated	primary	lowest	yes		1	NCPPB 1774
NCPPB 1785	NCPPB 1785	NCPPB1785	ncppb_number	catalogue_primary_key	0			generated_from_catalogue_number	auto_validated	primary	lowest	yes		1	NCPPB 1785
NCPPB 1786	NCPPB 1786	NCPPB1786	ncppb_number	catalogue_primary_key	0			generated_from_catalogue_number	auto_validated	primary	lowest	yes		1	NCPPB 1786
NCPPB 1787	NCPPB 1787	NCPPB1787	ncppb_number	catalogue_primary_key	0			generated_from_catalogue_number	auto_validated	primary	lowest	yes		1	NCPPB 1787
NCPPB 1811	NCPPB 1811	NCPPB1811	ncppb_number	catalogue_primary_key	0			generated_from_catalogue_number	auto_validated	primary	lowest	yes		1	NCPPB 1811
NCPPB 1821	NCPPB 1821	NCPPB1821	ncppb_number	catalogue_primary_key	0			generated_from_catalogue_number	auto_validated	primary	lowest	yes		1	NCPPB 1821
NCPPB 1822	NCPPB 1822	NCPPB1822	ncppb_number	catalogue_primary_key	0			generated_from_catalogue_number	auto_validated	primary	lowest	yes		1	NCPPB 1822
NCPPB 1826	NCPPB 1826	NCPPB1826	ncppb_number	catalogue_primary_key	0			generated_from_catalogue_number	auto_validated	primary	lowest	yes		1	NCPPB 1826
NCPPB 1827	NCPPB 1827	NCPPB1827	ncppb_number	catalogue_primary_key	0			generated_from_catalogue_number	auto_validated	primary	lowest	yes		1	NCPPB 1827
NCPPB 1828	NCPPB 1828	NCPPB1828	ncppb_number	catalogue_primary_key	0			generated_from_catalogue_number	auto_validated	primary	lowest	yes		1	NCPPB 1828
NCPPB 1829	NCPPB 1829	NCPPB1829	ncppb_number	catalogue_primary_key	0			generated_from_catalogue_number	auto_validated	primary	lowest	yes		1	NCPPB 1829
NCPPB 1830	NCPPB 1830	NCPPB1830	ncppb_number	catalogue_primary_key	0			generated_from_catalogue_number	auto_validated	primary	lowest	yes		1	NCPPB 1830
NCPPB 1832	NCPPB 1832	NCPPB1832	ncppb_number	catalogue_primary_key	0			generated_from_catalogue_number	auto_validated	primary	lowest	yes		1	NCPPB 1832
NCPPB 1833	NCPPB 1833	NCPPB1833	ncppb_number	catalogue_primary_key	0			generated_from_catalogue_number	auto_validated	primary	lowest	yes		1	NCPPB 1833
NCPPB 1834	NCPPB 1834	NCPPB1834	ncppb_number	catalogue_primary_key	0			generated_from_catalogue_number	auto_validated	primary	lowest	yes		1	NCPPB 1834
NCPPB 1836	NCPPB 1836	NCPPB1836	ncppb_number	catalogue_primary_key	0			generated_from_catalogue_number	auto_validated	primary	lowest	yes		1	NCPPB 1836
NCPPB 1837	NCPPB 1837	NCPPB1837	ncppb_number	catalogue_primary_key	0			generated_from_catalogue_number	auto_validated	primary	lowest	yes		1	NCPPB 1837
NCPPB 1838	NCPPB 1838	NCPPB1838	ncppb_number	catalogue_primary_key	0			generated_from_catalogue_number	auto_validated	primary	lowest	yes		1	NCPPB 1838
NCPPB 1839	NCPPB 1839	NCPPB1839	ncppb_number	catalogue_primary_key	0			generated_from_catalogue_number	auto_validated	primary	lowest	yes		1	NCPPB 1839
NCPPB 1841	NCPPB 1841	NCPPB1841	ncppb_number	catalogue_primary_key	0			generated_from_catalogue_number	auto_validated	primary	lowest	yes		1	NCPPB 1841
NCPPB 1925	NCPPB 1925	NCPPB1925	ncppb_number	catalogue_primary_key	0			generated_from_catalogue_number	auto_validated	primary	lowest	yes		1	NCPPB 1925
NCPPB 1929	NCPPB 1929	NCPPB1929	ncppb_number	catalogue_primary_key	0			generated_from_catalogue_number	auto_validated	primary	lowest	yes		1	NCPPB 1929
NCPPB 1930	NCPPB 1930	NCPPB1930	ncppb_number	catalogue_primary_key	0			generated_from_catalogue_number	auto_validated	primary	lowest	yes		1	NCPPB 1930
NCPPB 1932	NCPPB 1932	NCPPB1932	ncppb_number	catalogue_primary_key	0			generated_from_catalogue_number	auto_validated	primary	lowest	yes		1	NCPPB 1932
NCPPB 1933	NCPPB 1933	NCPPB1933	ncppb_number	catalogue_primary_key	0			generated_from_catalogue_number	auto_validated	primary	lowest	yes		1	NCPPB 1933
NCPPB 1934	NCPPB 1934	NCPPB1934	ncppb_number	catalogue_primary_key	0			generated_from_catalogue_number	auto_validated	primary	lowest	yes		1	NCPPB 1934
NCPPB 1935	NCPPB 1935	NCPPB1935	ncppb_number	catalogue_primary_key	0			generated_from_catalogue_number	auto_validated	primary	lowest	yes		1	NCPPB 1935
NCPPB 1936	NCPPB 1936	NCPPB1936	ncppb_number	catalogue_primary_key	0			generated_from_catalogue_number	auto_validated	primary	lowest	yes		1	NCPPB 1936
NCPPB 1938	NCPPB 1938	NCPPB1938	ncppb_number	catalogue_primary_key	0			generated_from_catalogue_number	auto_validated	primary	lowest	yes		1	NCPPB 1938
NCPPB 1939	NCPPB 1939	NCPPB1939	ncppb_number	catalogue_primary_key	0			generated_from_catalogue_number	auto_validated	primary	lowest	yes		1	NCPPB 1939
NCPPB 1942	NCPPB 1942	NCPPB1942	ncppb_number	catalogue_primary_key	0			generated_from_catalogue_number	auto_validated	primary	lowest	yes		1	NCPPB 1942
NCPPB 1943	NCPPB 1943	NCPPB1943	ncppb_number	catalogue_primary_key	0			generated_from_catalogue_number	auto_validated	primary	lowest	yes		1	NCPPB 1943
NCPPB 1944	NCPPB 1944	NCPPB1944	ncppb_number	catalogue_primary_key	0			generated_from_catalogue_number	auto_validated	primary	lowest	yes		1	NCPPB 1944
NCPPB 1945	NCPPB 1945	NCPPB1945	ncppb_number	catalogue_primary_key	0			generated_from_catalogue_number	auto_validated	primary	lowest	yes		1	NCPPB 1945
NCPPB 1946	NCPPB 1946	NCPPB1946	ncppb_number	catalogue_primary_key	0			generated_from_catalogue_number	auto_validated	primary	lowest	yes		1	NCPPB 1946
NCPPB 1974	NCPPB 1974	NCPPB1974	ncppb_number	catalogue_primary_key	0			generated_from_catalogue_number	auto_validated	primary	lowest	yes		1	NCPPB 1974
NCPPB 1975	NCPPB 1975	NCPPB1975	ncppb_number	catalogue_primary_key	0			generated_from_catalogue_number	auto_validated	primary	lowest	yes		1	NCPPB 1975
NCPPB 1981	NCPPB 1981	NCPPB1981	ncppb_number	catalogue_primary_key	0			generated_from_catalogue_number	auto_validated	primary	lowest	yes		1	NCPPB 1981
NCPPB 2005	NCPPB 2005	NCPPB2005	ncppb_number	catalogue_primary_key	0			generated_from_catalogue_number	auto_validated	primary	lowest	yes		1	NCPPB 2005
NCPPB 2011	NCPPB 2011	NCPPB2011	ncppb_number	catalogue_primary_key	0			generated_from_catalogue_number	auto_validated	primary	lowest	yes		1	NCPPB 2011
NCPPB 2016	NCPPB 2016	NCPPB2016	ncppb_number	catalogue_primary_key	0			generated_from_catalogue_number	auto_validated	primary	lowest	yes		1	NCPPB 2016
NCPPB 2031	NCPPB 2031	NCPPB2031	ncppb_number	catalogue_primary_key	0			generated_from_catalogue_number	auto_validated	primary	lowest	yes		1	NCPPB 2031
NCPPB 2044	NCPPB 2044	NCPPB2044	ncppb_number	catalogue_primary_key	0			generated_from_catalogue_number	auto_validated	primary	lowest	yes		1	NCPPB 2044
NCPPB 2057	NCPPB 2057	NCPPB2057	ncppb_number	catalogue_primary_key	0			generated_from_catalogue_number	auto_validated	primary	lowest	yes		1	NCPPB 2057
NCPPB 2058	NCPPB 2058	NCPPB2058	ncppb_number	catalogue_primary_key	0			generated_from_catalogue_number	auto_validated	primary	lowest	yes		1	NCPPB 2058
NCPPB 2059	NCPPB 2059	NCPPB2059	ncppb_number	catalogue_primary_key	0			generated_from_catalogue_number	auto_validated	primary	lowest	yes		1	NCPPB 2059
NCPPB 2060	NCPPB 2060	NCPPB2060	ncppb_number	catalogue_primary_key	0			generated_from_catalogue_number	auto_validated	primary	lowest	yes		1	NCPPB 2060
NCPPB 2061	NCPPB 2061	NCPPB2061	ncppb_number	catalogue_primary_key	0			generated_from_catalogue_number	auto_validated	primary	lowest	yes		1	NCPPB 2061
NCPPB 2062	NCPPB 2062	NCPPB2062	ncppb_number	catalogue_primary_key	0			generated_from_catalogue_number	auto_validated	primary	lowest	yes		1	NCPPB 2062
NCPPB 2063	NCPPB 2063	NCPPB2063	ncppb_number	catalogue_primary_key	0			generated_from_catalogue_number	auto_validated	primary	lowest	yes		1	NCPPB 2063
NCPPB 2064	NCPPB 2064	NCPPB2064	ncppb_number	catalogue_primary_key	0			generated_from_catalogue_number	auto_validated	primary	lowest	yes		1	NCPPB 2064
NCPPB 2066	NCPPB 2066	NCPPB2066	ncppb_number	catalogue_primary_key	0			generated_from_catalogue_number	auto_validated	primary	lowest	yes		1	NCPPB 2066
NCPPB 2067	NCPPB 2067	NCPPB2067	ncppb_number	catalogue_primary_key	0			generated_from_catalogue_number	auto_validated	primary	lowest	yes		1	NCPPB 2067
NCPPB 2095	NCPPB 2095	NCPPB2095	ncppb_number	catalogue_primary_key	0			generated_from_catalogue_number	auto_validated	primary	lowest	yes		1	NCPPB 2095
NCPPB 2097	NCPPB 2097	NCPPB2097	ncppb_number	catalogue_primary_key	0			generated_from_catalogue_number	auto_validated	primary	lowest	yes		1	NCPPB 2097
NCPPB 2099	NCPPB 2099	NCPPB2099	ncppb_number	catalogue_primary_key	0			generated_from_catalogue_number	auto_validated	primary	lowest	yes		1	NCPPB 2099
NCPPB 2147	NCPPB 2147	NCPPB2147	ncppb_number	catalogue_primary_key	0			generated_from_catalogue_number	auto_validated	primary	lowest	yes		1	NCPPB 2147
NCPPB 2181	NCPPB 2181	NCPPB2181	ncppb_number	catalogue_primary_key	0			generated_from_catalogue_number	auto_validated	primary	lowest	yes		1	NCPPB 2181
NCPPB 2182	NCPPB 2182	NCPPB2182	ncppb_number	catalogue_primary_key	0			generated_from_catalogue_number	auto_validated	primary	lowest	yes		1	NCPPB 2182
NCPPB 2183	NCPPB 2183	NCPPB2183	ncppb_number	catalogue_primary_key	0			generated_from_catalogue_number	auto_validated	primary	lowest	yes		1	NCPPB 2183
NCPPB 2190	NCPPB 2190	NCPPB2190	ncppb_number	catalogue_primary_key	0			generated_from_catalogue_number	auto_validated	primary	lowest	yes		1	NCPPB 2190
NCPPB 2217	NCPPB 2217	NCPPB2217	ncppb_number	catalogue_primary_key	0			generated_from_catalogue_number	auto_validated	primary	lowest	yes		1	NCPPB 2217
NCPPB 2218	NCPPB 2218	NCPPB2218	ncppb_number	catalogue_primary_key	0			generated_from_catalogue_number	auto_validated	primary	lowest	yes		1	NCPPB 2218
NCPPB 2226	NCPPB 2226	NCPPB2226	ncppb_number	catalogue_primary_key	0			generated_from_catalogue_number	auto_validated	primary	lowest	yes		1	NCPPB 2226
NCPPB 2228	NCPPB 2228	NCPPB2228	ncppb_number	catalogue_primary_key	0			generated_from_catalogue_number	auto_validated	primary	lowest	yes		1	NCPPB 2228
NCPPB 2229	NCPPB 2229	NCPPB2229	ncppb_number	catalogue_primary_key	0			generated_from_catalogue_number	auto_validated	primary	lowest	yes		1	NCPPB 2229
NCPPB 2230	NCPPB 2230	NCPPB2230	ncppb_number	catalogue_primary_key	0			generated_from_catalogue_number	auto_validated	primary	lowest	yes		1	NCPPB 2230
NCPPB 2247	NCPPB 2247	NCPPB2247	ncppb_number	catalogue_primary_key	0			generated_from_catalogue_number	auto_validated	primary	lowest	yes		1	NCPPB 2247
NCPPB 2248	NCPPB 2248	NCPPB2248	ncppb_number	catalogue_primary_key	0			generated_from_catalogue_number	auto_validated	primary	lowest	yes		1	NCPPB 2248
NCPPB 2249	NCPPB 2249	NCPPB2249	ncppb_number	catalogue_primary_key	0			generated_from_catalogue_number	auto_validated	primary	lowest	yes		1	NCPPB 2249
NCPPB 2250	NCPPB 2250	NCPPB2250	ncppb_number	catalogue_primary_key	0			generated_from_catalogue_number	auto_validated	primary	lowest	yes		1	NCPPB 2250
NCPPB 2251	NCPPB 2251	NCPPB2251	ncppb_number	catalogue_primary_key	0			generated_from_catalogue_number	auto_validated	primary	lowest	yes		1	NCPPB 2251
NCPPB 2255	NCPPB 2255	NCPPB2255	ncppb_number	catalogue_primary_key	0			generated_from_catalogue_number	auto_validated	primary	lowest	yes		1	NCPPB 2255
NCPPB 2257	NCPPB 2257	NCPPB2257	ncppb_number	catalogue_primary_key	0			generated_from_catalogue_number	auto_validated	primary	lowest	yes		1	NCPPB 2257
NCPPB 2258	NCPPB 2258	NCPPB2258	ncppb_number	catalogue_primary_key	0			generated_from_catalogue_number	auto_validated	primary	lowest	yes		1	NCPPB 2258
NCPPB 2269	NCPPB 2269	NCPPB2269	ncppb_number	catalogue_primary_key	0			generated_from_catalogue_number	auto_validated	primary	lowest	yes		1	NCPPB 2269
NCPPB 2297	NCPPB 2297	NCPPB2297	ncppb_number	catalogue_primary_key	0			generated_from_catalogue_number	auto_validated	primary	lowest	yes		1	NCPPB 2297
NCPPB 2336	NCPPB 2336	NCPPB2336	ncppb_number	catalogue_primary_key	0			generated_from_catalogue_number	auto_validated	primary	lowest	yes		1	NCPPB 2336
NCPPB 2337	NCPPB 2337	NCPPB2337	ncppb_number	catalogue_primary_key	0			generated_from_catalogue_number	auto_validated	primary	lowest	yes		1	NCPPB 2337
NCPPB 2338	NCPPB 2338	NCPPB2338	ncppb_number	catalogue_primary_key	0			generated_from_catalogue_number	auto_validated	primary	lowest	yes		1	NCPPB 2338
NCPPB 2345	NCPPB 2345	NCPPB2345	ncppb_number	catalogue_primary_key	0			generated_from_catalogue_number	auto_validated	primary	lowest	yes		1	NCPPB 2345
NCPPB 2346	NCPPB 2346	NCPPB2346	ncppb_number	catalogue_primary_key	0			generated_from_catalogue_number	auto_validated	primary	lowest	yes		1	NCPPB 2346
NCPPB 2352	NCPPB 2352	NCPPB2352	ncppb_number	catalogue_primary_key	0			generated_from_catalogue_number	auto_validated	primary	lowest	yes		1	NCPPB 2352
NCPPB 2368	NCPPB 2368	NCPPB2368	ncppb_number	catalogue_primary_key	0			generated_from_catalogue_number	auto_validated	primary	lowest	yes		1	NCPPB 2368
NCPPB 2369	NCPPB 2369	NCPPB2369	ncppb_number	catalogue_primary_key	0			generated_from_catalogue_number	auto_validated	primary	lowest	yes		1	NCPPB 2369
NCPPB 2370	NCPPB 2370	NCPPB2370	ncppb_number	catalogue_primary_key	0			generated_from_catalogue_number	auto_validated	primary	lowest	yes		1	NCPPB 2370
NCPPB 2371	NCPPB 2371	NCPPB2371	ncppb_number	catalogue_primary_key	0			generated_from_catalogue_number	auto_validated	primary	lowest	yes		1	NCPPB 2371
NCPPB 2372	NCPPB 2372	NCPPB2372	ncppb_number	catalogue_primary_key	0			generated_from_catalogue_number	auto_validated	primary	lowest	yes		1	NCPPB 2372
NCPPB 2373	NCPPB 2373	NCPPB2373	ncppb_number	catalogue_primary_key	0			generated_from_catalogue_number	auto_validated	primary	lowest	yes		1	NCPPB 2373
NCPPB 2374	NCPPB 2374	NCPPB2374	ncppb_number	catalogue_primary_key	0			generated_from_catalogue_number	auto_validated	primary	lowest	yes		1	NCPPB 2374
NCPPB 2375	NCPPB 2375	NCPPB2375	ncppb_number	catalogue_primary_key	0			generated_from_catalogue_number	auto_validated	primary	lowest	yes		1	NCPPB 2375
NCPPB 2376	NCPPB 2376	NCPPB2376	ncppb_number	catalogue_primary_key	0			generated_from_catalogue_number	auto_validated	primary	lowest	yes		1	NCPPB 2376
NCPPB 2387	NCPPB 2387	NCPPB2387	ncppb_number	catalogue_primary_key	0			generated_from_catalogue_number	auto_validated	primary	lowest	yes		1	NCPPB 2387
NCPPB 2388	NCPPB 2388	NCPPB2388	ncppb_number	catalogue_primary_key	0			generated_from_catalogue_number	auto_validated	primary	lowest	yes		1	NCPPB 2388
NCPPB 2389	NCPPB 2389	NCPPB2389	ncppb_number	catalogue_primary_key	0			generated_from_catalogue_number	auto_validated	primary	lowest	yes		1	NCPPB 2389
NCPPB 2393	NCPPB 2393	NCPPB2393	ncppb_number	catalogue_primary_key	0			generated_from_catalogue_number	auto_validated	primary	lowest	yes		1	NCPPB 2393
NCPPB 2417	NCPPB 2417	NCPPB2417	ncppb_number	catalogue_primary_key	0			generated_from_catalogue_number	auto_validated	primary	lowest	yes		1	NCPPB 2417
NCPPB 2436	NCPPB 2436	NCPPB2436	ncppb_number	catalogue_primary_key	0			generated_from_catalogue_number	auto_validated	primary	lowest	yes		1	NCPPB 2436
NCPPB 2438	NCPPB 2438	NCPPB2438	ncppb_number	catalogue_primary_key	0			generated_from_catalogue_number	auto_validated	primary	lowest	yes		1	NCPPB 2438
NCPPB 2439	NCPPB 2439	NCPPB2439	ncppb_number	catalogue_primary_key	0			generated_from_catalogue_number	auto_validated	primary	lowest	yes		1	NCPPB 2439
NCPPB 2443	NCPPB 2443	NCPPB2443	ncppb_number	catalogue_primary_key	0			generated_from_catalogue_number	auto_validated	primary	lowest	yes		1	NCPPB 2443
NCPPB 2444	NCPPB 2444	NCPPB2444	ncppb_number	catalogue_primary_key	0			generated_from_catalogue_number	auto_validated	primary	lowest	yes		1	NCPPB 2444
NCPPB 2446	NCPPB 2446	NCPPB2446	ncppb_number	catalogue_primary_key	0			generated_from_catalogue_number	auto_validated	primary	lowest	yes		1	NCPPB 2446
NCPPB 2475	NCPPB 2475	NCPPB2475	ncppb_number	catalogue_primary_key	0			generated_from_catalogue_number	auto_validated	primary	lowest	yes		1	NCPPB 2475
NCPPB 2490	NCPPB 2490	NCPPB2490	ncppb_number	catalogue_primary_key	0			generated_from_catalogue_number	auto_validated	primary	lowest	yes		1	NCPPB 2490
NCPPB 2492	NCPPB 2492	NCPPB2492	ncppb_number	catalogue_primary_key	0			generated_from_catalogue_number	auto_validated	primary	lowest	yes		1	NCPPB 2492
NCPPB 2493	NCPPB 2493	NCPPB2493	ncppb_number	catalogue_primary_key	0			generated_from_catalogue_number	auto_validated	primary	lowest	yes		1	NCPPB 2493
NCPPB 2494	NCPPB 2494	NCPPB2494	ncppb_number	catalogue_primary_key	0			generated_from_catalogue_number	auto_validated	primary	lowest	yes		1	NCPPB 2494
NCPPB 2495	NCPPB 2495	NCPPB2495	ncppb_number	catalogue_primary_key	0			generated_from_catalogue_number	auto_validated	primary	lowest	yes		1	NCPPB 2495
NCPPB 2496	NCPPB 2496	NCPPB2496	ncppb_number	catalogue_primary_key	0			generated_from_catalogue_number	auto_validated	primary	lowest	yes		1	NCPPB 2496
NCPPB 2497	NCPPB 2497	NCPPB2497	ncppb_number	catalogue_primary_key	0			generated_from_catalogue_number	auto_validated	primary	lowest	yes		1	NCPPB 2497
NCPPB 2498	NCPPB 2498	NCPPB2498	ncppb_number	catalogue_primary_key	0			generated_from_catalogue_number	auto_validated	primary	lowest	yes		1	NCPPB 2498
NCPPB 2499	NCPPB 2499	NCPPB2499	ncppb_number	catalogue_primary_key	0			generated_from_catalogue_number	auto_validated	primary	lowest	yes		1	NCPPB 2499
NCPPB 2503	NCPPB 2503	NCPPB2503	ncppb_number	catalogue_primary_key	0			generated_from_catalogue_number	auto_validated	primary	lowest	yes		1	NCPPB 2503
NCPPB 2517	NCPPB 2517	NCPPB2517	ncppb_number	catalogue_primary_key	0			generated_from_catalogue_number	auto_validated	primary	lowest	yes		1	NCPPB 2517
NCPPB 2550	NCPPB 2550	NCPPB2550	ncppb_number	catalogue_primary_key	0			generated_from_catalogue_number	auto_validated	primary	lowest	yes		1	NCPPB 2550
NCPPB 2567	NCPPB 2567	NCPPB2567	ncppb_number	catalogue_primary_key	0			generated_from_catalogue_number	auto_validated	primary	lowest	yes		1	NCPPB 2567
NCPPB 2572	NCPPB 2572	NCPPB2572	ncppb_number	catalogue_primary_key	0			generated_from_catalogue_number	auto_validated	primary	lowest	yes		1	NCPPB 2572
NCPPB 2573	NCPPB 2573	NCPPB2573	ncppb_number	catalogue_primary_key	0			generated_from_catalogue_number	auto_validated	primary	lowest	yes		1	NCPPB 2573
NCPPB 2574	NCPPB 2574	NCPPB2574	ncppb_number	catalogue_primary_key	0			generated_from_catalogue_number	auto_validated	primary	lowest	yes		1	NCPPB 2574
NCPPB 2575	NCPPB 2575	NCPPB2575	ncppb_number	catalogue_primary_key	0			generated_from_catalogue_number	auto_validated	primary	lowest	yes		1	NCPPB 2575
NCPPB 2576	NCPPB 2576	NCPPB2576	ncppb_number	catalogue_primary_key	0			generated_from_catalogue_number	auto_validated	primary	lowest	yes		1	NCPPB 2576
NCPPB 2586	NCPPB 2586	NCPPB2586	ncppb_number	catalogue_primary_key	0			generated_from_catalogue_number	auto_validated	primary	lowest	yes		1	NCPPB 2586
NCPPB 2587	NCPPB 2587	NCPPB2587	ncppb_number	catalogue_primary_key	0			generated_from_catalogue_number	auto_validated	primary	lowest	yes		1	NCPPB 2587
NCPPB 2588	NCPPB 2588	NCPPB2588	ncppb_number	catalogue_primary_key	0			generated_from_catalogue_number	auto_validated	primary	lowest	yes		1	NCPPB 2588
NCPPB 2592	NCPPB 2592	NCPPB2592	ncppb_number	catalogue_primary_key	0			generated_from_catalogue_number	auto_validated	primary	lowest	yes		1	NCPPB 2592
NCPPB 2593	NCPPB 2593	NCPPB2593	ncppb_number	catalogue_primary_key	0			generated_from_catalogue_number	auto_validated	primary	lowest	yes		1	NCPPB 2593
NCPPB 2594	NCPPB 2594	NCPPB2594	ncppb_number	catalogue_primary_key	0			generated_from_catalogue_number	auto_validated	primary	lowest	yes		1	NCPPB 2594
NCPPB 2595	NCPPB 2595	NCPPB2595	ncppb_number	catalogue_primary_key	0			generated_from_catalogue_number	auto_validated	primary	lowest	yes		1	NCPPB 2595
NCPPB 2597	NCPPB 2597	NCPPB2597	ncppb_number	catalogue_primary_key	0			generated_from_catalogue_number	auto_validated	primary	lowest	yes		1	NCPPB 2597
NCPPB 2605	NCPPB 2605	NCPPB2605	ncppb_number	catalogue_primary_key	0			generated_from_catalogue_number	auto_validated	primary	lowest	yes		1	NCPPB 2605
NCPPB 2614	NCPPB 2614	NCPPB2614	ncppb_number	catalogue_primary_key	0			generated_from_catalogue_number	auto_validated	primary	lowest	yes		1	NCPPB 2614
NCPPB 2615	NCPPB 2615	NCPPB2615	ncppb_number	catalogue_primary_key	0			generated_from_catalogue_number	auto_validated	primary	lowest	yes		1	NCPPB 2615
NCPPB 2616	NCPPB 2616	NCPPB2616	ncppb_number	catalogue_primary_key	0			generated_from_catalogue_number	auto_validated	primary	lowest	yes		1	NCPPB 2616
NCPPB 2632	NCPPB 2632	NCPPB2632	ncppb_number	catalogue_primary_key	0			generated_from_catalogue_number	auto_validated	primary	lowest	yes		1	NCPPB 2632
NCPPB 2649	NCPPB 2649	NCPPB2649	ncppb_number	catalogue_primary_key	0			generated_from_catalogue_number	auto_validated	primary	lowest	yes		1	NCPPB 2649
NCPPB 2654	NCPPB 2654	NCPPB2654	ncppb_number	catalogue_primary_key	0			generated_from_catalogue_number	auto_validated	primary	lowest	yes		1	NCPPB 2654
NCPPB 2665	NCPPB 2665	NCPPB2665	ncppb_number	catalogue_primary_key	0			generated_from_catalogue_number	auto_validated	primary	lowest	yes		1	NCPPB 2665
NCPPB 2695	NCPPB 2695	NCPPB2695	ncppb_number	catalogue_primary_key	0			generated_from_catalogue_number	auto_validated	primary	lowest	yes		1	NCPPB 2695
NCPPB 2696	NCPPB 2696	NCPPB2696	ncppb_number	catalogue_primary_key	0			generated_from_catalogue_number	auto_validated	primary	lowest	yes		1	NCPPB 2696
NCPPB 2697	NCPPB 2697	NCPPB2697	ncppb_number	catalogue_primary_key	0			generated_from_catalogue_number	auto_validated	primary	lowest	yes		1	NCPPB 2697
NCPPB 2698	NCPPB 2698	NCPPB2698	ncppb_number	catalogue_primary_key	0			generated_from_catalogue_number	auto_validated	primary	lowest	yes		1	NCPPB 2698
NCPPB 2699	NCPPB 2699	NCPPB2699	ncppb_number	catalogue_primary_key	0			generated_from_catalogue_number	auto_validated	primary	lowest	yes		1	NCPPB 4584
NCPPB 2700	NCPPB 2700	NCPPB2700	ncppb_number	catalogue_primary_key	0			generated_from_catalogue_number	auto_validated	primary	lowest	yes		1	NCPPB 2700
NCPPB 2701	NCPPB 2701	NCPPB2701	ncppb_number	catalogue_primary_key	0			generated_from_catalogue_number	auto_validated	primary	lowest	yes		1	NCPPB 2701
NCPPB 2817	NCPPB 2817	NCPPB2817	ncppb_number	catalogue_primary_key	0			generated_from_catalogue_number	auto_validated	primary	lowest	yes		1	NCPPB 2817
NCPPB 2819	NCPPB 2819	NCPPB2819	ncppb_number	catalogue_primary_key	0			generated_from_catalogue_number	auto_validated	primary	lowest	yes		1	NCPPB 2819
NCPPB 2820	NCPPB 2820	NCPPB2820	ncppb_number	catalogue_primary_key	0			generated_from_catalogue_number	auto_validated	primary	lowest	yes		1	NCPPB 2820
NCPPB 2821	NCPPB 2821	NCPPB2821	ncppb_number	catalogue_primary_key	0			generated_from_catalogue_number	auto_validated	primary	lowest	yes		1	NCPPB 2821
NCPPB 2822	NCPPB 2822	NCPPB2822	ncppb_number	catalogue_primary_key	0			generated_from_catalogue_number	auto_validated	primary	lowest	yes		1	NCPPB 2822
NCPPB 2825	NCPPB 2825	NCPPB2825	ncppb_number	catalogue_primary_key	0			generated_from_catalogue_number	auto_validated	primary	lowest	yes		1	NCPPB 2825
NCPPB 2826	NCPPB 2826	NCPPB2826	ncppb_number	catalogue_primary_key	0			generated_from_catalogue_number	auto_validated	primary	lowest	yes		1	NCPPB 2826
NCPPB 2827	NCPPB 2827	NCPPB2827	ncppb_number	catalogue_primary_key	0			generated_from_catalogue_number	auto_validated	primary	lowest	yes		1	NCPPB 2827
NCPPB 2828	NCPPB 2828	NCPPB2828	ncppb_number	catalogue_primary_key	0			generated_from_catalogue_number	auto_validated	primary	lowest	yes		1	NCPPB 2828
NCPPB 2829	NCPPB 2829	NCPPB2829	ncppb_number	catalogue_primary_key	0			generated_from_catalogue_number	auto_validated	primary	lowest	yes		1	NCPPB 2829
NCPPB 2831	NCPPB 2831	NCPPB2831	ncppb_number	catalogue_primary_key	0			generated_from_catalogue_number	auto_validated	primary	lowest	yes		1	NCPPB 2831
NCPPB 2832	NCPPB 2832	NCPPB2832	ncppb_number	catalogue_primary_key	0			generated_from_catalogue_number	auto_validated	primary	lowest	yes		1	NCPPB 2832
NCPPB 2834	NCPPB 2834	NCPPB2834	ncppb_number	catalogue_primary_key	0			generated_from_catalogue_number	auto_validated	primary	lowest	yes		1	NCPPB 2834
NCPPB 2835	NCPPB 2835	NCPPB2835	ncppb_number	catalogue_primary_key	0			generated_from_catalogue_number	auto_validated	primary	lowest	yes		1	NCPPB 2835
NCPPB 2836	NCPPB 2836	NCPPB2836	ncppb_number	catalogue_primary_key	0			generated_from_catalogue_number	auto_validated	primary	lowest	yes		1	NCPPB 2836
NCPPB 2837	NCPPB 2837	NCPPB2837	ncppb_number	catalogue_primary_key	0			generated_from_catalogue_number	auto_validated	primary	lowest	yes		1	NCPPB 2837
NCPPB 2838	NCPPB 2838	NCPPB2838	ncppb_number	catalogue_primary_key	0			generated_from_catalogue_number	auto_validated	primary	lowest	yes		1	NCPPB 2838
NCPPB 2839	NCPPB 2839	NCPPB2839	ncppb_number	catalogue_primary_key	0			generated_from_catalogue_number	auto_validated	primary	lowest	yes		1	NCPPB 2839
NCPPB 2840	NCPPB 2840	NCPPB2840	ncppb_number	catalogue_primary_key	0			generated_from_catalogue_number	auto_validated	primary	lowest	yes		1	NCPPB 2840
NCPPB 2856	NCPPB 2856	NCPPB2856	ncppb_number	catalogue_primary_key	0			generated_from_catalogue_number	auto_validated	primary	lowest	yes		1	NCPPB 2856
NCPPB 2857	NCPPB 2857	NCPPB2857	ncppb_number	catalogue_primary_key	0			generated_from_catalogue_number	auto_validated	primary	lowest	yes		1	NCPPB 2857
NCPPB 2859	NCPPB 2859	NCPPB2859	ncppb_number	catalogue_primary_key	0			generated_from_catalogue_number	auto_validated	primary	lowest	yes		1	NCPPB 2859
NCPPB 2864	NCPPB 2864	NCPPB2864	ncppb_number	catalogue_primary_key	0			generated_from_catalogue_number	auto_validated	primary	lowest	yes		1	NCPPB 2864
NCPPB 2865	NCPPB 2865	NCPPB2865	ncppb_number	catalogue_primary_key	0			generated_from_catalogue_number	auto_validated	primary	lowest	yes		1	NCPPB 2865
NCPPB 2866	NCPPB 2866	NCPPB2866	ncppb_number	catalogue_primary_key	0			generated_from_catalogue_number	auto_validated	primary	lowest	yes		1	NCPPB 2866
NCPPB 2876	NCPPB 2876	NCPPB2876	ncppb_number	catalogue_primary_key	0			generated_from_catalogue_number	auto_validated	primary	lowest	yes		1	NCPPB 2876
NCPPB 2877	NCPPB 2877	NCPPB2877	ncppb_number	catalogue_primary_key	0			generated_from_catalogue_number	auto_validated	primary	lowest	yes		1	NCPPB 2877
NCPPB 2879	NCPPB 2879	NCPPB2879	ncppb_number	catalogue_primary_key	0			generated_from_catalogue_number	auto_validated	primary	lowest	yes		1	NCPPB 2879
NCPPB 2885	NCPPB 2885	NCPPB2885	ncppb_number	catalogue_primary_key	0			generated_from_catalogue_number	auto_validated	primary	lowest	yes		1	NCPPB 2885
NCPPB 2894	NCPPB 2894	NCPPB2894	ncppb_number	catalogue_primary_key	0			generated_from_catalogue_number	auto_validated	primary	lowest	yes		1	NCPPB 2894
NCPPB 2896	NCPPB 2896	NCPPB2896	ncppb_number	catalogue_primary_key	0			generated_from_catalogue_number	auto_validated	primary	lowest	yes		1	NCPPB 2896
NCPPB 2898	NCPPB 2898	NCPPB2898	ncppb_number	catalogue_primary_key	0			generated_from_catalogue_number	auto_validated	primary	lowest	yes		1	NCPPB 2898
NCPPB 2904	NCPPB 2904	NCPPB2904	ncppb_number	catalogue_primary_key	0			generated_from_catalogue_number	auto_validated	primary	lowest	yes		1	NCPPB 2904
NCPPB 2910	NCPPB 2910	NCPPB2910	ncppb_number	catalogue_primary_key	0			generated_from_catalogue_number	auto_validated	primary	lowest	yes		1	NCPPB 2910
NCPPB 2914	NCPPB 2914	NCPPB2914	ncppb_number	catalogue_primary_key	0			generated_from_catalogue_number	auto_validated	primary	lowest	yes		1	NCPPB 2914
NCPPB 2918	NCPPB 2918	NCPPB2918	ncppb_number	catalogue_primary_key	0			generated_from_catalogue_number	auto_validated	primary	lowest	yes		1	NCPPB 2918
NCPPB 2919	NCPPB 2919	NCPPB2919	ncppb_number	catalogue_primary_key	0			generated_from_catalogue_number	auto_validated	primary	lowest	yes		1	NCPPB 2919
NCPPB 2920	NCPPB 2920	NCPPB2920	ncppb_number	catalogue_primary_key	0			generated_from_catalogue_number	auto_validated	primary	lowest	yes		1	NCPPB 2920
NCPPB 2921	NCPPB 2921	NCPPB2921	ncppb_number	catalogue_primary_key	0			generated_from_catalogue_number	auto_validated	primary	lowest	yes		1	NCPPB 2921
NCPPB 2922	NCPPB 2922	NCPPB2922	ncppb_number	catalogue_primary_key	0			generated_from_catalogue_number	auto_validated	primary	lowest	yes		1	NCPPB 2922
NCPPB 2925	NCPPB 2925	NCPPB2925	ncppb_number	catalogue_primary_key	0			generated_from_catalogue_number	auto_validated	primary	lowest	yes		1	NCPPB 2925
NCPPB 2927	NCPPB 2927	NCPPB2927	ncppb_number	catalogue_primary_key	0			generated_from_catalogue_number	auto_validated	primary	lowest	yes		1	NCPPB 2927
NCPPB 2928	NCPPB 2928	NCPPB2928	ncppb_number	catalogue_primary_key	0			generated_from_catalogue_number	auto_validated	primary	lowest	yes		1	NCPPB 2928
NCPPB 2930	NCPPB 2930	NCPPB2930	ncppb_number	catalogue_primary_key	0			generated_from_catalogue_number	auto_validated	primary	lowest	yes		1	NCPPB 2930
NCPPB 2931	NCPPB 2931	NCPPB2931	ncppb_number	catalogue_primary_key	0			generated_from_catalogue_number	auto_validated	primary	lowest	yes		1	NCPPB 2931
NCPPB 2932	NCPPB 2932	NCPPB2932	ncppb_number	catalogue_primary_key	0			generated_from_catalogue_number	auto_validated	primary	lowest	yes		1	NCPPB 2932
NCPPB 2933	NCPPB 2933	NCPPB2933	ncppb_number	catalogue_primary_key	0			generated_from_catalogue_number	auto_validated	primary	lowest	yes		1	NCPPB 2933
NCPPB 2934	NCPPB 2934	NCPPB2934	ncppb_number	catalogue_primary_key	0			generated_from_catalogue_number	auto_validated	primary	lowest	yes		1	NCPPB 2934
NCPPB 2935	NCPPB 2935	NCPPB2935	ncppb_number	catalogue_primary_key	0			generated_from_catalogue_number	auto_validated	primary	lowest	yes		1	NCPPB 2935
NCPPB 2936	NCPPB 2936	NCPPB2936	ncppb_number	catalogue_primary_key	0			generated_from_catalogue_number	auto_validated	primary	lowest	yes		1	NCPPB 2936
NCPPB 2938	NCPPB 2938	NCPPB2938	ncppb_number	catalogue_primary_key	0			generated_from_catalogue_number	auto_validated	primary	lowest	yes		1	NCPPB 2938
NCPPB 2949	NCPPB 2949	NCPPB2949	ncppb_number	catalogue_primary_key	0			generated_from_catalogue_number	auto_validated	primary	lowest	yes		1	NCPPB 2949
NCPPB 2953	NCPPB 2953	NCPPB2953	ncppb_number	catalogue_primary_key	0			generated_from_catalogue_number	auto_validated	primary	lowest	yes		1	NCPPB 2953
NCPPB 2955	NCPPB 2955	NCPPB2955	ncppb_number	catalogue_primary_key	0			generated_from_catalogue_number	auto_validated	primary	lowest	yes		1	NCPPB 2955
NCPPB 2959	NCPPB 2959	NCPPB2959	ncppb_number	catalogue_primary_key	0			generated_from_catalogue_number	auto_validated	primary	lowest	yes		1	NCPPB 2959
NCPPB 2960	NCPPB 2960	NCPPB2960	ncppb_number	catalogue_primary_key	0			generated_from_catalogue_number	auto_validated	primary	lowest	yes		1	NCPPB 2960
NCPPB 2963	NCPPB 2963	NCPPB2963	ncppb_number	catalogue_primary_key	0			generated_from_catalogue_number	auto_validated	primary	lowest	yes		1	NCPPB 2963
NCPPB 2965	NCPPB 2965	NCPPB2965	ncppb_number	catalogue_primary_key	0			generated_from_catalogue_number	auto_validated	primary	lowest	yes		1	NCPPB 2965
NCPPB 2967	NCPPB 2967	NCPPB2967	ncppb_number	catalogue_primary_key	0			generated_from_catalogue_number	auto_validated	primary	lowest	yes		1	NCPPB 2967
NCPPB 2968	NCPPB 2968	NCPPB2968	ncppb_number	catalogue_primary_key	0			generated_from_catalogue_number	auto_validated	primary	lowest	yes		1	NCPPB 2968
NCPPB 2969	NCPPB 2969	NCPPB2969	ncppb_number	catalogue_primary_key	0			generated_from_catalogue_number	auto_validated	primary	lowest	yes		1	NCPPB 2969
NCPPB 2970	NCPPB 2970	NCPPB2970	ncppb_number	catalogue_primary_key	0			generated_from_catalogue_number	auto_validated	primary	lowest	yes		1	NCPPB 2970
NCPPB 2973	NCPPB 2973	NCPPB2973	ncppb_number	catalogue_primary_key	0			generated_from_catalogue_number	auto_validated	primary	lowest	yes		1	NCPPB 2973
NCPPB 2977	NCPPB 2977	NCPPB2977	ncppb_number	catalogue_primary_key	0			generated_from_catalogue_number	auto_validated	primary	lowest	yes		1	NCPPB 2977
NCPPB 2978	NCPPB 2978	NCPPB2978	ncppb_number	catalogue_primary_key	0			generated_from_catalogue_number	auto_validated	primary	lowest	yes		1	NCPPB 2978
NCPPB 2982	NCPPB 2982	NCPPB2982	ncppb_number	catalogue_primary_key	0			generated_from_catalogue_number	auto_validated	primary	lowest	yes		1	NCPPB 2982
NCPPB 2983	NCPPB 2983	NCPPB2983	ncppb_number	catalogue_primary_key	0			generated_from_catalogue_number	auto_validated	primary	lowest	yes		1	NCPPB 2983
NCPPB 2985	NCPPB 2985	NCPPB2985	ncppb_number	catalogue_primary_key	0			generated_from_catalogue_number	auto_validated	primary	lowest	yes		1	NCPPB 2985
NCPPB 2986	NCPPB 2986	NCPPB2986	ncppb_number	catalogue_primary_key	0			generated_from_catalogue_number	auto_validated	primary	lowest	yes		1	NCPPB 2986
NCPPB 2987	NCPPB 2987	NCPPB2987	ncppb_number	catalogue_primary_key	0			generated_from_catalogue_number	auto_validated	primary	lowest	yes		1	NCPPB 2987
NCPPB 2997	NCPPB 2997	NCPPB2997	ncppb_number	catalogue_primary_key	0			generated_from_catalogue_number	auto_validated	primary	lowest	yes		1	NCPPB 2997
NCPPB 2998	NCPPB 2998	NCPPB2998	ncppb_number	catalogue_primary_key	0			generated_from_catalogue_number	auto_validated	primary	lowest	yes		1	NCPPB 2998
NCPPB 3002	NCPPB 3002	NCPPB3002	ncppb_number	catalogue_primary_key	0			generated_from_catalogue_number	auto_validated	primary	lowest	yes		1	NCPPB 3002
NCPPB 3003	NCPPB 3003	NCPPB3003	ncppb_number	catalogue_primary_key	0			generated_from_catalogue_number	auto_validated	primary	lowest	yes		1	NCPPB 3003
NCPPB 3005	NCPPB 3005	NCPPB3005	ncppb_number	catalogue_primary_key	0			generated_from_catalogue_number	auto_validated	primary	lowest	yes		1	NCPPB 3005
NCPPB 3020	NCPPB 3020	NCPPB3020	ncppb_number	catalogue_primary_key	0			generated_from_catalogue_number	auto_validated	primary	lowest	yes		1	NCPPB 3020
NCPPB 3022	NCPPB 3022	NCPPB3022	ncppb_number	catalogue_primary_key	0			generated_from_catalogue_number	auto_validated	primary	lowest	yes		1	NCPPB 3022
NCPPB 3024	NCPPB 3024	NCPPB3024	ncppb_number	catalogue_primary_key	0			generated_from_catalogue_number	auto_validated	primary	lowest	yes		1	NCPPB 3024
NCPPB 3026	NCPPB 3026	NCPPB3026	ncppb_number	catalogue_primary_key	0			generated_from_catalogue_number	auto_validated	primary	lowest	yes		1	NCPPB 3026
NCPPB 3027	NCPPB 3027	NCPPB3027	ncppb_number	catalogue_primary_key	0			generated_from_catalogue_number	auto_validated	primary	lowest	yes		1	NCPPB 3027
NCPPB 3028	NCPPB 3028	NCPPB3028	ncppb_number	catalogue_primary_key	0			generated_from_catalogue_number	auto_validated	primary	lowest	yes		1	NCPPB 3028
NCPPB 3035	NCPPB 3035	NCPPB3035	ncppb_number	catalogue_primary_key	0			generated_from_catalogue_number	auto_validated	primary	lowest	yes		1	NCPPB 3035
NCPPB 3040	NCPPB 3040	NCPPB3040	ncppb_number	catalogue_primary_key	0			generated_from_catalogue_number	auto_validated	primary	lowest	yes		1	NCPPB 3040
NCPPB 3041	NCPPB 3041	NCPPB3041	ncppb_number	catalogue_primary_key	0			generated_from_catalogue_number	auto_validated	primary	lowest	yes		1	NCPPB 3041
NCPPB 3058	NCPPB 3058	NCPPB3058	ncppb_number	catalogue_primary_key	0			generated_from_catalogue_number	auto_validated	primary	lowest	yes		1	NCPPB 3058
NCPPB 3059	NCPPB 3059	NCPPB3059	ncppb_number	catalogue_primary_key	0			generated_from_catalogue_number	auto_validated	primary	lowest	yes		1	NCPPB 3059
NCPPB 3060	NCPPB 3060	NCPPB3060	ncppb_number	catalogue_primary_key	0			generated_from_catalogue_number	auto_validated	primary	lowest	yes		1	NCPPB 3060
NCPPB 3061	NCPPB 3061	NCPPB3061	ncppb_number	catalogue_primary_key	0			generated_from_catalogue_number	auto_validated	primary	lowest	yes		1	NCPPB 3061
NCPPB 3062	NCPPB 3062	NCPPB3062	ncppb_number	catalogue_primary_key	0			generated_from_catalogue_number	auto_validated	primary	lowest	yes		1	NCPPB 3062
NCPPB 3066	NCPPB 3066	NCPPB3066	ncppb_number	catalogue_primary_key	0			generated_from_catalogue_number	auto_validated	primary	lowest	yes		1	NCPPB 3066
NCPPB 3078	NCPPB 3078	NCPPB3078	ncppb_number	catalogue_primary_key	0			generated_from_catalogue_number	auto_validated	primary	lowest	yes		1	NCPPB 3078
NCPPB 3079	NCPPB 3079	NCPPB3079	ncppb_number	catalogue_primary_key	0			generated_from_catalogue_number	auto_validated	primary	lowest	yes		1	NCPPB 3079
NCPPB 3082	NCPPB 3082	NCPPB3082	ncppb_number	catalogue_primary_key	0			generated_from_catalogue_number	auto_validated	primary	lowest	yes		1	NCPPB 3082
NCPPB 3086	NCPPB 3086	NCPPB3086	ncppb_number	catalogue_primary_key	0			generated_from_catalogue_number	auto_validated	primary	lowest	yes		1	NCPPB 3086
NCPPB 3092	NCPPB 3092	NCPPB3092	ncppb_number	catalogue_primary_key	0			generated_from_catalogue_number	auto_validated	primary	lowest	yes		1	NCPPB 3092
NCPPB 3110	NCPPB 3110	NCPPB3110	ncppb_number	catalogue_primary_key	0			generated_from_catalogue_number	auto_validated	primary	lowest	yes		1	NCPPB 3110
NCPPB 3114	NCPPB 3114	NCPPB3114	ncppb_number	catalogue_primary_key	0			generated_from_catalogue_number	auto_validated	primary	lowest	yes		1	NCPPB 3114
NCPPB 3119	NCPPB 3119	NCPPB3119	ncppb_number	catalogue_primary_key	0			generated_from_catalogue_number	auto_validated	primary	lowest	yes		1	NCPPB 3119
NCPPB 3125	NCPPB 3125	NCPPB3125	ncppb_number	catalogue_primary_key	0			generated_from_catalogue_number	auto_validated	primary	lowest	yes		1	NCPPB 3125
NCPPB 3135	NCPPB 3135	NCPPB3135	ncppb_number	catalogue_primary_key	0			generated_from_catalogue_number	auto_validated	primary	lowest	yes		1	NCPPB 3135
NCPPB 3136	NCPPB 3136	NCPPB3136	ncppb_number	catalogue_primary_key	0			generated_from_catalogue_number	auto_validated	primary	lowest	yes		1	NCPPB 3136
NCPPB 3140	NCPPB 3140	NCPPB3140	ncppb_number	catalogue_primary_key	0			generated_from_catalogue_number	auto_validated	primary	lowest	yes		1	NCPPB 3140
NCPPB 3155	NCPPB 3155	NCPPB3155	ncppb_number	catalogue_primary_key	0			generated_from_catalogue_number	auto_validated	primary	lowest	yes		1	NCPPB 3155
NCPPB 3156	NCPPB 3156	NCPPB3156	ncppb_number	catalogue_primary_key	0			generated_from_catalogue_number	auto_validated	primary	lowest	yes		1	NCPPB 3156
NCPPB 3161	NCPPB 3161	NCPPB3161	ncppb_number	catalogue_primary_key	0			generated_from_catalogue_number	auto_validated	primary	lowest	yes		1	NCPPB 3161
NCPPB 3162	NCPPB 3162	NCPPB3162	ncppb_number	catalogue_primary_key	0			generated_from_catalogue_number	auto_validated	primary	lowest	yes		1	NCPPB 3162
NCPPB 3168	NCPPB 3168	NCPPB3168	ncppb_number	catalogue_primary_key	0			generated_from_catalogue_number	auto_validated	primary	lowest	yes		1	NCPPB 3168
NCPPB 3169	NCPPB 3169	NCPPB3169	ncppb_number	catalogue_primary_key	0			generated_from_catalogue_number	auto_validated	primary	lowest	yes		1	NCPPB 3169
NCPPB 3170	NCPPB 3170	NCPPB3170	ncppb_number	catalogue_primary_key	0			generated_from_catalogue_number	auto_validated	primary	lowest	yes		1	NCPPB 3170
NCPPB 3172	NCPPB 3172	NCPPB3172	ncppb_number	catalogue_primary_key	0			generated_from_catalogue_number	auto_validated	primary	lowest	yes		1	NCPPB 3172
NCPPB 3173	NCPPB 3173	NCPPB3173	ncppb_number	catalogue_primary_key	0			generated_from_catalogue_number	auto_validated	primary	lowest	yes		1	NCPPB 3173
NCPPB 3174	NCPPB 3174	NCPPB3174	ncppb_number	catalogue_primary_key	0			generated_from_catalogue_number	auto_validated	primary	lowest	yes		1	NCPPB 3174
NCPPB 3176	NCPPB 3176	NCPPB3176	ncppb_number	catalogue_primary_key	0			generated_from_catalogue_number	auto_validated	primary	lowest	yes		1	NCPPB 3176
NCPPB 3177	NCPPB 3177	NCPPB3177	ncppb_number	catalogue_primary_key	0			generated_from_catalogue_number	auto_validated	primary	lowest	yes		1	NCPPB 3177
NCPPB 3178	NCPPB 3178	NCPPB3178	ncppb_number	catalogue_primary_key	0			generated_from_catalogue_number	auto_validated	primary	lowest	yes		1	NCPPB 3178
NCPPB 3182	NCPPB 3182	NCPPB3182	ncppb_number	catalogue_primary_key	0			generated_from_catalogue_number	auto_validated	primary	lowest	yes		1	NCPPB 3182
NCPPB 3187	NCPPB 3187	NCPPB3187	ncppb_number	catalogue_primary_key	0			generated_from_catalogue_number	auto_validated	primary	lowest	yes		1	NCPPB 3187
NCPPB 3191	NCPPB 3191	NCPPB3191	ncppb_number	catalogue_primary_key	0			generated_from_catalogue_number	auto_validated	primary	lowest	yes		1	NCPPB 3191
NCPPB 3192	NCPPB 3192	NCPPB3192	ncppb_number	catalogue_primary_key	0			generated_from_catalogue_number	auto_validated	primary	lowest	yes		1	NCPPB 3192
NCPPB 3194	NCPPB 3194	NCPPB3194	ncppb_number	catalogue_primary_key	0			generated_from_catalogue_number	auto_validated	primary	lowest	yes		1	NCPPB 3194
NCPPB 3200	NCPPB 3200	NCPPB3200	ncppb_number	catalogue_primary_key	0			generated_from_catalogue_number	auto_validated	primary	lowest	yes		1	NCPPB 3200
NCPPB 3204	NCPPB 3204	NCPPB3204	ncppb_number	catalogue_primary_key	0			generated_from_catalogue_number	auto_validated	primary	lowest	yes		1	NCPPB 3204
NCPPB 3207	NCPPB 3207	NCPPB3207	ncppb_number	catalogue_primary_key	0			generated_from_catalogue_number	auto_validated	primary	lowest	yes		1	NCPPB 3207
NCPPB 3212	NCPPB 3212	NCPPB3212	ncppb_number	catalogue_primary_key	0			generated_from_catalogue_number	auto_validated	primary	lowest	yes		1	NCPPB 3212
NCPPB 3213	NCPPB 3213	NCPPB3213	ncppb_number	catalogue_primary_key	0			generated_from_catalogue_number	auto_validated	primary	lowest	yes		1	NCPPB 3213
NCPPB 3215	NCPPB 3215	NCPPB3215	ncppb_number	catalogue_primary_key	0			generated_from_catalogue_number	auto_validated	primary	lowest	yes		1	NCPPB 3215
NCPPB 3218	NCPPB 3218	NCPPB3218	ncppb_number	catalogue_primary_key	0			generated_from_catalogue_number	auto_validated	primary	lowest	yes		1	NCPPB 3218
NCPPB 3229	NCPPB 3229	NCPPB3229	ncppb_number	catalogue_primary_key	0			generated_from_catalogue_number	auto_validated	primary	lowest	yes		1	NCPPB 3229
NCPPB 3230	NCPPB 3230	NCPPB3230	ncppb_number	catalogue_primary_key	0			generated_from_catalogue_number	auto_validated	primary	lowest	yes		1	NCPPB 3230
NCPPB 3231	NCPPB 3231	NCPPB3231	ncppb_number	catalogue_primary_key	0			generated_from_catalogue_number	auto_validated	primary	lowest	yes		1	NCPPB 3231
NCPPB 3232	NCPPB 3232	NCPPB3232	ncppb_number	catalogue_primary_key	0			generated_from_catalogue_number	auto_validated	primary	lowest	yes		1	NCPPB 3232
NCPPB 3233	NCPPB 3233	NCPPB3233	ncppb_number	catalogue_primary_key	0			generated_from_catalogue_number	auto_validated	primary	lowest	yes		1	NCPPB 3233
NCPPB 3234	NCPPB 3234	NCPPB3234	ncppb_number	catalogue_primary_key	0			generated_from_catalogue_number	auto_validated	primary	lowest	yes		1	NCPPB 3234
NCPPB 3235	NCPPB 3235	NCPPB3235	ncppb_number	catalogue_primary_key	0			generated_from_catalogue_number	auto_validated	primary	lowest	yes		1	NCPPB 3235
NCPPB 3236	NCPPB 3236	NCPPB3236	ncppb_number	catalogue_primary_key	0			generated_from_catalogue_number	auto_validated	primary	lowest	yes		1	NCPPB 3236
NCPPB 3237	NCPPB 3237	NCPPB3237	ncppb_number	catalogue_primary_key	0			generated_from_catalogue_number	auto_validated	primary	lowest	yes		1	NCPPB 3237
NCPPB 3240	NCPPB 3240	NCPPB3240	ncppb_number	catalogue_primary_key	0			generated_from_catalogue_number	auto_validated	primary	lowest	yes		1	NCPPB 3240
NCPPB 3241	NCPPB 3241	NCPPB3241	ncppb_number	catalogue_primary_key	0			generated_from_catalogue_number	auto_validated	primary	lowest	yes		1	NCPPB 3241
NCPPB 3242	NCPPB 3242	NCPPB3242	ncppb_number	catalogue_primary_key	0			generated_from_catalogue_number	auto_validated	primary	lowest	yes		1	NCPPB 3242
NCPPB 3245	NCPPB 3245	NCPPB3245	ncppb_number	catalogue_primary_key	0			generated_from_catalogue_number	auto_validated	primary	lowest	yes		1	NCPPB 3245
NCPPB 3290	NCPPB 3290	NCPPB3290	ncppb_number	catalogue_primary_key	0			generated_from_catalogue_number	auto_validated	primary	lowest	yes		1	NCPPB 3290
NCPPB 3291	NCPPB 3291	NCPPB3291	ncppb_number	catalogue_primary_key	0			generated_from_catalogue_number	auto_validated	primary	lowest	yes		1	NCPPB 3291
NCPPB 3292	NCPPB 3292	NCPPB3292	ncppb_number	catalogue_primary_key	0			generated_from_catalogue_number	auto_validated	primary	lowest	yes		1	NCPPB 3292
NCPPB 3301	NCPPB 3301	NCPPB3301	ncppb_number	catalogue_primary_key	0			generated_from_catalogue_number	auto_validated	primary	lowest	yes		1	NCPPB 3301
NCPPB 3303	NCPPB 3303	NCPPB3303	ncppb_number	catalogue_primary_key	0			generated_from_catalogue_number	auto_validated	primary	lowest	yes		1	NCPPB 3303
NCPPB 3304	NCPPB 3304	NCPPB3304	ncppb_number	catalogue_primary_key	0			generated_from_catalogue_number	auto_validated	primary	lowest	yes		1	NCPPB 3304
NCPPB 3311	NCPPB 3311	NCPPB3311	ncppb_number	catalogue_primary_key	0			generated_from_catalogue_number	auto_validated	primary	lowest	yes		1	NCPPB 3311
NCPPB 3312	NCPPB 3312	NCPPB3312	ncppb_number	catalogue_primary_key	0			generated_from_catalogue_number	auto_validated	primary	lowest	yes		1	NCPPB 3312
NCPPB 3313	NCPPB 3313	NCPPB3313	ncppb_number	catalogue_primary_key	0			generated_from_catalogue_number	auto_validated	primary	lowest	yes		1	NCPPB 3313
NCPPB 3314	NCPPB 3314	NCPPB3314	ncppb_number	catalogue_primary_key	0			generated_from_catalogue_number	auto_validated	primary	lowest	yes		1	NCPPB 3314
NCPPB 3315	NCPPB 3315	NCPPB3315	ncppb_number	catalogue_primary_key	0			generated_from_catalogue_number	auto_validated	primary	lowest	yes		1	NCPPB 3315
NCPPB 3329	NCPPB 3329	NCPPB3329	ncppb_number	catalogue_primary_key	0			generated_from_catalogue_number	auto_validated	primary	lowest	yes		1	NCPPB 3329
NCPPB 3330	NCPPB 3330	NCPPB3330	ncppb_number	catalogue_primary_key	0			generated_from_catalogue_number	auto_validated	primary	lowest	yes		1	NCPPB 3330
NCPPB 3361	NCPPB 3361	NCPPB3361	ncppb_number	catalogue_primary_key	0			generated_from_catalogue_number	auto_validated	primary	lowest	yes		1	NCPPB 3361
NCPPB 3363	NCPPB 3363	NCPPB3363	ncppb_number	catalogue_primary_key	0			generated_from_catalogue_number	auto_validated	primary	lowest	yes		1	NCPPB 3363
NCPPB 3380	NCPPB 3380	NCPPB3380	ncppb_number	catalogue_primary_key	0			generated_from_catalogue_number	auto_validated	primary	lowest	yes		1	NCPPB 3380
NCPPB 3381	NCPPB 3381	NCPPB3381	ncppb_number	catalogue_primary_key	0			generated_from_catalogue_number	auto_validated	primary	lowest	yes		1	NCPPB 3381
NCPPB 3382	NCPPB 3382	NCPPB3382	ncppb_number	catalogue_primary_key	0			generated_from_catalogue_number	auto_validated	primary	lowest	yes		1	NCPPB 3382
NCPPB 3426	NCPPB 3426	NCPPB3426	ncppb_number	catalogue_primary_key	0			generated_from_catalogue_number	auto_validated	primary	lowest	yes		1	NCPPB 3426
NCPPB 3434	NCPPB 3434	NCPPB3434	ncppb_number	catalogue_primary_key	0			generated_from_catalogue_number	auto_validated	primary	lowest	yes		1	NCPPB 3434
NCPPB 3435	NCPPB 3435	NCPPB3435	ncppb_number	catalogue_primary_key	0			generated_from_catalogue_number	auto_validated	primary	lowest	yes		1	NCPPB 3435
NCPPB 3437	NCPPB 3437	NCPPB3437	ncppb_number	catalogue_primary_key	0			generated_from_catalogue_number	auto_validated	primary	lowest	yes		1	NCPPB 3437
NCPPB 3438	NCPPB 3438	NCPPB3438	ncppb_number	catalogue_primary_key	0			generated_from_catalogue_number	auto_validated	primary	lowest	yes		1	NCPPB 3438
NCPPB 3440	NCPPB 3440	NCPPB3440	ncppb_number	catalogue_primary_key	0			generated_from_catalogue_number	auto_validated	primary	lowest	yes		1	NCPPB 3440
NCPPB 3441	NCPPB 3441	NCPPB3441	ncppb_number	catalogue_primary_key	0			generated_from_catalogue_number	auto_validated	primary	lowest	yes		1	NCPPB 3441
NCPPB 3442	NCPPB 3442	NCPPB3442	ncppb_number	catalogue_primary_key	0			generated_from_catalogue_number	auto_validated	primary	lowest	yes		1	NCPPB 3442
NCPPB 3443	NCPPB 3443	NCPPB3443	ncppb_number	catalogue_primary_key	0			generated_from_catalogue_number	auto_validated	primary	lowest	yes		1	NCPPB 3443
NCPPB 3456	NCPPB 3456	NCPPB3456	ncppb_number	catalogue_primary_key	0			generated_from_catalogue_number	auto_validated	primary	lowest	yes		1	NCPPB 3456
NCPPB 3457	NCPPB 3457	NCPPB3457	ncppb_number	catalogue_primary_key	0			generated_from_catalogue_number	auto_validated	primary	lowest	yes		1	NCPPB 3457
NCPPB 3479	NCPPB 3479	NCPPB3479	ncppb_number	catalogue_primary_key	0			generated_from_catalogue_number	auto_validated	primary	lowest	yes		1	NCPPB 3479
NCPPB 3484	NCPPB 3484	NCPPB3484	ncppb_number	catalogue_primary_key	0			generated_from_catalogue_number	auto_validated	primary	lowest	yes		1	NCPPB 3484
NCPPB 3559	NCPPB 3559	NCPPB3559	ncppb_number	catalogue_primary_key	0			generated_from_catalogue_number	auto_validated	primary	lowest	yes		1	NCPPB 3559
NCPPB 3560	NCPPB 3560	NCPPB3560	ncppb_number	catalogue_primary_key	0			generated_from_catalogue_number	auto_validated	primary	lowest	yes		1	NCPPB 3560
NCPPB 3561	NCPPB 3561	NCPPB3561	ncppb_number	catalogue_primary_key	0			generated_from_catalogue_number	auto_validated	primary	lowest	yes		1	NCPPB 3561
NCPPB 3562	NCPPB 3562	NCPPB3562	ncppb_number	catalogue_primary_key	0			generated_from_catalogue_number	auto_validated	primary	lowest	yes		1	NCPPB 3562
NCPPB 3563	NCPPB 3563	NCPPB3563	ncppb_number	catalogue_primary_key	0			generated_from_catalogue_number	auto_validated	primary	lowest	yes		1	NCPPB 3563
NCPPB 3566	NCPPB 3566	NCPPB3566	ncppb_number	catalogue_primary_key	0			generated_from_catalogue_number	auto_validated	primary	lowest	yes		1	NCPPB 3566
NCPPB 3567	NCPPB 3567	NCPPB3567	ncppb_number	catalogue_primary_key	0			generated_from_catalogue_number	auto_validated	primary	lowest	yes		1	NCPPB 3567
NCPPB 3568	NCPPB 3568	NCPPB3568	ncppb_number	catalogue_primary_key	0			generated_from_catalogue_number	auto_validated	primary	lowest	yes		1	NCPPB 3568
NCPPB 3569	NCPPB 3569	NCPPB3569	ncppb_number	catalogue_primary_key	0			generated_from_catalogue_number	auto_validated	primary	lowest	yes		1	NCPPB 3569
NCPPB 3570	NCPPB 3570	NCPPB3570	ncppb_number	catalogue_primary_key	0			generated_from_catalogue_number	auto_validated	primary	lowest	yes		1	NCPPB 3570
NCPPB 3573	NCPPB 3573	NCPPB3573	ncppb_number	catalogue_primary_key	0			generated_from_catalogue_number	auto_validated	primary	lowest	yes		1	NCPPB 3573
NCPPB 3582	NCPPB 3582	NCPPB3582	ncppb_number	catalogue_primary_key	0			generated_from_catalogue_number	auto_validated	primary	lowest	yes		1	NCPPB 3582
NCPPB 3583	NCPPB 3583	NCPPB3583	ncppb_number	catalogue_primary_key	0			generated_from_catalogue_number	auto_validated	primary	lowest	yes		1	NCPPB 3583
NCPPB 3586	NCPPB 3586	NCPPB3586	ncppb_number	catalogue_primary_key	0			generated_from_catalogue_number	auto_validated	primary	lowest	yes		1	NCPPB 3586
NCPPB 3587	NCPPB 3587	NCPPB3587	ncppb_number	catalogue_primary_key	0			generated_from_catalogue_number	auto_validated	primary	lowest	yes		1	NCPPB 3587
NCPPB 3588	NCPPB 3588	NCPPB3588	ncppb_number	catalogue_primary_key	0			generated_from_catalogue_number	auto_validated	primary	lowest	yes		1	NCPPB 3588
NCPPB 3589	NCPPB 3589	NCPPB3589	ncppb_number	catalogue_primary_key	0			generated_from_catalogue_number	auto_validated	primary	lowest	yes		1	NCPPB 3589
NCPPB 3592	NCPPB 3592	NCPPB3592	ncppb_number	catalogue_primary_key	0			generated_from_catalogue_number	auto_validated	primary	lowest	yes		1	NCPPB 3592
NCPPB 3593	NCPPB 3593	NCPPB3593	ncppb_number	catalogue_primary_key	0			generated_from_catalogue_number	auto_validated	primary	lowest	yes		1	NCPPB 3593
NCPPB 3595	NCPPB 3595	NCPPB3595	ncppb_number	catalogue_primary_key	0			generated_from_catalogue_number	auto_validated	primary	lowest	yes		1	NCPPB 3595
NCPPB 3596	NCPPB 3596	NCPPB3596	ncppb_number	catalogue_primary_key	0			generated_from_catalogue_number	auto_validated	primary	lowest	yes		1	NCPPB 3596
NCPPB 3607	NCPPB 3607	NCPPB3607	ncppb_number	catalogue_primary_key	0			generated_from_catalogue_number	auto_validated	primary	lowest	yes		1	NCPPB 3607
NCPPB 3608	NCPPB 3608	NCPPB3608	ncppb_number	catalogue_primary_key	0			generated_from_catalogue_number	auto_validated	primary	lowest	yes		1	NCPPB 3608
NCPPB 3609	NCPPB 3609	NCPPB3609	ncppb_number	catalogue_primary_key	0			generated_from_catalogue_number	auto_validated	primary	lowest	yes		1	NCPPB 3609
NCPPB 3611	NCPPB 3611	NCPPB3611	ncppb_number	catalogue_primary_key	0			generated_from_catalogue_number	auto_validated	primary	lowest	yes		1	NCPPB 3611
NCPPB 3612	NCPPB 3612	NCPPB3612	ncppb_number	catalogue_primary_key	0			generated_from_catalogue_number	auto_validated	primary	lowest	yes		1	NCPPB 3612
NCPPB 3614	NCPPB 3614	NCPPB3614	ncppb_number	catalogue_primary_key	0			generated_from_catalogue_number	auto_validated	primary	lowest	yes		1	NCPPB 3614
NCPPB 3615	NCPPB 3615	NCPPB3615	ncppb_number	catalogue_primary_key	0			generated_from_catalogue_number	auto_validated	primary	lowest	yes		1	NCPPB 3615
NCPPB 3638	NCPPB 3638	NCPPB3638	ncppb_number	catalogue_primary_key	0			generated_from_catalogue_number	auto_validated	primary	lowest	yes		1	NCPPB 3638
NCPPB 3639	NCPPB 3639	NCPPB3639	ncppb_number	catalogue_primary_key	0			generated_from_catalogue_number	auto_validated	primary	lowest	yes		1	NCPPB 3639
NCPPB 3640	NCPPB 3640	NCPPB3640	ncppb_number	catalogue_primary_key	0			generated_from_catalogue_number	auto_validated	primary	lowest	yes		1	NCPPB 3640
NCPPB 3641	NCPPB 3641	NCPPB3641	ncppb_number	catalogue_primary_key	0			generated_from_catalogue_number	auto_validated	primary	lowest	yes		1	NCPPB 3641
NCPPB 3642	NCPPB 3642	NCPPB3642	ncppb_number	catalogue_primary_key	0			generated_from_catalogue_number	auto_validated	primary	lowest	yes		1	NCPPB 3642
NCPPB 3646	NCPPB 3646	NCPPB3646	ncppb_number	catalogue_primary_key	0			generated_from_catalogue_number	auto_validated	primary	lowest	yes		1	NCPPB 3646
NCPPB 3647	NCPPB 3647	NCPPB3647	ncppb_number	catalogue_primary_key	0			generated_from_catalogue_number	auto_validated	primary	lowest	yes		1	NCPPB 3647
NCPPB 3651	NCPPB 3651	NCPPB3651	ncppb_number	catalogue_primary_key	0			generated_from_catalogue_number	auto_validated	primary	lowest	yes		1	NCPPB 3651
NCPPB 3652	NCPPB 3652	NCPPB3652	ncppb_number	catalogue_primary_key	0			generated_from_catalogue_number	auto_validated	primary	lowest	yes		1	NCPPB 3652
NCPPB 3653	NCPPB 3653	NCPPB3653	ncppb_number	catalogue_primary_key	0			generated_from_catalogue_number	auto_validated	primary	lowest	yes		1	NCPPB 3653
NCPPB 3654	NCPPB 3654	NCPPB3654	ncppb_number	catalogue_primary_key	0			generated_from_catalogue_number	auto_validated	primary	lowest	yes		1	NCPPB 3654
NCPPB 3655	NCPPB 3655	NCPPB3655	ncppb_number	catalogue_primary_key	0			generated_from_catalogue_number	auto_validated	primary	lowest	yes		1	NCPPB 3655
NCPPB 3656	NCPPB 3656	NCPPB3656	ncppb_number	catalogue_primary_key	0			generated_from_catalogue_number	auto_validated	primary	lowest	yes		1	NCPPB 3656
NCPPB 3657	NCPPB 3657	NCPPB3657	ncppb_number	catalogue_primary_key	0			generated_from_catalogue_number	auto_validated	primary	lowest	yes		1	NCPPB 3657
NCPPB 3658	NCPPB 3658	NCPPB3658	ncppb_number	catalogue_primary_key	0			generated_from_catalogue_number	auto_validated	primary	lowest	yes		1	NCPPB 3658
NCPPB 3659	NCPPB 3659	NCPPB3659	ncppb_number	catalogue_primary_key	0			generated_from_catalogue_number	auto_validated	primary	lowest	yes		1	NCPPB 3659
NCPPB 3660	NCPPB 3660	NCPPB3660	ncppb_number	catalogue_primary_key	0			generated_from_catalogue_number	auto_validated	primary	lowest	yes		1	NCPPB 3660
NCPPB 3661	NCPPB 3661	NCPPB3661	ncppb_number	catalogue_primary_key	0			generated_from_catalogue_number	auto_validated	primary	lowest	yes		1	NCPPB 3661
NCPPB 3662	NCPPB 3662	NCPPB3662	ncppb_number	catalogue_primary_key	0			generated_from_catalogue_number	auto_validated	primary	lowest	yes		1	NCPPB 3662
NCPPB 3663	NCPPB 3663	NCPPB3663	ncppb_number	catalogue_primary_key	0			generated_from_catalogue_number	auto_validated	primary	lowest	yes		1	NCPPB 3663
NCPPB 3705	NCPPB 3705	NCPPB3705	ncppb_number	catalogue_primary_key	0			generated_from_catalogue_number	auto_validated	primary	lowest	yes		1	NCPPB 3705
NCPPB 3706	NCPPB 3706	NCPPB3706	ncppb_number	catalogue_primary_key	0			generated_from_catalogue_number	auto_validated	primary	lowest	yes		1	NCPPB 3706
NCPPB 3709	NCPPB 3709	NCPPB3709	ncppb_number	catalogue_primary_key	0			generated_from_catalogue_number	auto_validated	primary	lowest	yes		1	NCPPB 3709
NCPPB 3711	NCPPB 3711	NCPPB3711	ncppb_number	catalogue_primary_key	0			generated_from_catalogue_number	auto_validated	primary	lowest	yes		1	NCPPB 3711
NCPPB 3712	NCPPB 3712	NCPPB3712	ncppb_number	catalogue_primary_key	0			generated_from_catalogue_number	auto_validated	primary	lowest	yes		1	NCPPB 3712
NCPPB 3713	NCPPB 3713	NCPPB3713	ncppb_number	catalogue_primary_key	0			generated_from_catalogue_number	auto_validated	primary	lowest	yes		1	NCPPB 3713
NCPPB 3714	NCPPB 3714	NCPPB3714	ncppb_number	catalogue_primary_key	0			generated_from_catalogue_number	auto_validated	primary	lowest	yes		1	NCPPB 3714
NCPPB 3716	NCPPB 3716	NCPPB3716	ncppb_number	catalogue_primary_key	0			generated_from_catalogue_number	auto_validated	primary	lowest	yes		1	NCPPB 3716
NCPPB 3717	NCPPB 3717	NCPPB3717	ncppb_number	catalogue_primary_key	0			generated_from_catalogue_number	auto_validated	primary	lowest	yes		1	NCPPB 3717
NCPPB 3718	NCPPB 3718	NCPPB3718	ncppb_number	catalogue_primary_key	0			generated_from_catalogue_number	auto_validated	primary	lowest	yes		1	NCPPB 3718
NCPPB 3719	NCPPB 3719	NCPPB3719	ncppb_number	catalogue_primary_key	0			generated_from_catalogue_number	auto_validated	primary	lowest	yes		1	NCPPB 3719
NCPPB 3720	NCPPB 3720	NCPPB3720	ncppb_number	catalogue_primary_key	0			generated_from_catalogue_number	auto_validated	primary	lowest	yes		1	NCPPB 3720
NCPPB 3722	NCPPB 3722	NCPPB3722	ncppb_number	catalogue_primary_key	0			generated_from_catalogue_number	auto_validated	primary	lowest	yes		1	NCPPB 3722
NCPPB 3742	NCPPB 3742	NCPPB3742	ncppb_number	catalogue_primary_key	0			generated_from_catalogue_number	auto_validated	primary	lowest	yes		1	NCPPB 3742
NCPPB 3743	NCPPB 3743	NCPPB3743	ncppb_number	catalogue_primary_key	0			generated_from_catalogue_number	auto_validated	primary	lowest	yes		1	NCPPB 3743
NCPPB 3744	NCPPB 3744	NCPPB3744	ncppb_number	catalogue_primary_key	0			generated_from_catalogue_number	auto_validated	primary	lowest	yes		1	NCPPB 3744
NCPPB 3753	NCPPB 3753	NCPPB3753	ncppb_number	catalogue_primary_key	0			generated_from_catalogue_number	auto_validated	primary	lowest	yes		1	NCPPB 3753
NCPPB 3754	NCPPB 3754	NCPPB3754	ncppb_number	catalogue_primary_key	0			generated_from_catalogue_number	auto_validated	primary	lowest	yes		1	NCPPB 3754
NCPPB 3758	NCPPB 3758	NCPPB3758	ncppb_number	catalogue_primary_key	0			generated_from_catalogue_number	auto_validated	primary	lowest	yes		1	NCPPB 3758
NCPPB 3759	NCPPB 3759	NCPPB3759	ncppb_number	catalogue_primary_key	0			generated_from_catalogue_number	auto_validated	primary	lowest	yes		1	NCPPB 3759
NCPPB 3761	NCPPB 3761	NCPPB3761	ncppb_number	catalogue_primary_key	0			generated_from_catalogue_number	auto_validated	primary	lowest	yes		1	NCPPB 3761
NCPPB 3776	NCPPB 3776	NCPPB3776	ncppb_number	catalogue_primary_key	0			generated_from_catalogue_number	auto_validated	primary	lowest	yes		1	NCPPB 3776
NCPPB 3786	NCPPB 3786	NCPPB3786	ncppb_number	catalogue_primary_key	0			generated_from_catalogue_number	auto_validated	primary	lowest	yes		1	NCPPB 3786
NCPPB 3795	NCPPB 3795	NCPPB3795	ncppb_number	catalogue_primary_key	0			generated_from_catalogue_number	auto_validated	primary	lowest	yes		1	NCPPB 3795
NCPPB 3796	NCPPB 3796	NCPPB3796	ncppb_number	catalogue_primary_key	0			generated_from_catalogue_number	auto_validated	primary	lowest	yes		1	NCPPB 3796
NCPPB 3797	NCPPB 3797	NCPPB3797	ncppb_number	catalogue_primary_key	0			generated_from_catalogue_number	auto_validated	primary	lowest	yes		1	NCPPB 3797
NCPPB 3799	NCPPB 3799	NCPPB3799	ncppb_number	catalogue_primary_key	0			generated_from_catalogue_number	auto_validated	primary	lowest	yes		1	NCPPB 3799
NCPPB 3800	NCPPB 3800	NCPPB3800	ncppb_number	catalogue_primary_key	0			generated_from_catalogue_number	auto_validated	primary	lowest	yes		1	NCPPB 3800
NCPPB 3801	NCPPB 3801	NCPPB3801	ncppb_number	catalogue_primary_key	0			generated_from_catalogue_number	auto_validated	primary	lowest	yes		1	NCPPB 3801
NCPPB 3829	NCPPB 3829	NCPPB3829	ncppb_number	catalogue_primary_key	0			generated_from_catalogue_number	auto_validated	primary	lowest	yes		1	NCPPB 3829
NCPPB 3830	NCPPB 3830	NCPPB3830	ncppb_number	catalogue_primary_key	0			generated_from_catalogue_number	auto_validated	primary	lowest	yes		1	NCPPB 3830
NCPPB 3831	NCPPB 3831	NCPPB3831	ncppb_number	catalogue_primary_key	0			generated_from_catalogue_number	auto_validated	primary	lowest	yes		1	NCPPB 3831
NCPPB 3832	NCPPB 3832	NCPPB3832	ncppb_number	catalogue_primary_key	0			generated_from_catalogue_number	auto_validated	primary	lowest	yes		1	NCPPB 3832
NCPPB 3870	NCPPB 3870	NCPPB3870	ncppb_number	catalogue_primary_key	0			generated_from_catalogue_number	auto_validated	primary	lowest	yes		1	NCPPB 3870
NCPPB 3875	NCPPB 3875	NCPPB3875	ncppb_number	catalogue_primary_key	0			generated_from_catalogue_number	auto_validated	primary	lowest	yes		1	NCPPB 3875
NCPPB 3876	NCPPB 3876	NCPPB3876	ncppb_number	catalogue_primary_key	0			generated_from_catalogue_number	auto_validated	primary	lowest	yes		1	NCPPB 3876
NCPPB 3877	NCPPB 3877	NCPPB3877	ncppb_number	catalogue_primary_key	0			generated_from_catalogue_number	auto_validated	primary	lowest	yes		1	NCPPB 3877
NCPPB 3878	NCPPB 3878	NCPPB3878	ncppb_number	catalogue_primary_key	0			generated_from_catalogue_number	auto_validated	primary	lowest	yes		1	NCPPB 3878
NCPPB 3880	NCPPB 3880	NCPPB3880	ncppb_number	catalogue_primary_key	0			generated_from_catalogue_number	auto_validated	primary	lowest	yes		1	NCPPB 3880
NCPPB 3883	NCPPB 3883	NCPPB3883	ncppb_number	catalogue_primary_key	0			generated_from_catalogue_number	auto_validated	primary	lowest	yes		1	NCPPB 3883
NCPPB 3884	NCPPB 3884	NCPPB3884	ncppb_number	catalogue_primary_key	0			generated_from_catalogue_number	auto_validated	primary	lowest	yes		1	NCPPB 3884
NCPPB 3885	NCPPB 3885	NCPPB3885	ncppb_number	catalogue_primary_key	0			generated_from_catalogue_number	auto_validated	primary	lowest	yes		1	NCPPB 3885
NCPPB 3886	NCPPB 3886	NCPPB3886	ncppb_number	catalogue_primary_key	0			generated_from_catalogue_number	auto_validated	primary	lowest	yes		1	NCPPB 3886
NCPPB 3887	NCPPB 3887	NCPPB3887	ncppb_number	catalogue_primary_key	0			generated_from_catalogue_number	auto_validated	primary	lowest	yes		1	NCPPB 3887
NCPPB 3888	NCPPB 3888	NCPPB3888	ncppb_number	catalogue_primary_key	0			generated_from_catalogue_number	auto_validated	primary	lowest	yes		1	NCPPB 3888
NCPPB 3890	NCPPB 3890	NCPPB3890	ncppb_number	catalogue_primary_key	0			generated_from_catalogue_number	auto_validated	primary	lowest	yes		1	NCPPB 3890
NCPPB 3925	NCPPB 3925	NCPPB3925	ncppb_number	catalogue_primary_key	0			generated_from_catalogue_number	auto_validated	primary	lowest	yes		1	NCPPB 3925
NCPPB 3926	NCPPB 3926	NCPPB3926	ncppb_number	catalogue_primary_key	0			generated_from_catalogue_number	auto_validated	primary	lowest	yes		1	NCPPB 3926
NCPPB 3927	NCPPB 3927	NCPPB3927	ncppb_number	catalogue_primary_key	0			generated_from_catalogue_number	auto_validated	primary	lowest	yes		1	NCPPB 3927
NCPPB 3931	NCPPB 3931	NCPPB3931	ncppb_number	catalogue_primary_key	0			generated_from_catalogue_number	auto_validated	primary	lowest	yes		1	NCPPB 3931
NCPPB 3932	NCPPB 3932	NCPPB3932	ncppb_number	catalogue_primary_key	0			generated_from_catalogue_number	auto_validated	primary	lowest	yes		1	NCPPB 3932
NCPPB 3942	NCPPB 3942	NCPPB3942	ncppb_number	catalogue_primary_key	0			generated_from_catalogue_number	auto_validated	primary	lowest	yes		1	NCPPB 3942
NCPPB 3943	NCPPB 3943	NCPPB3943	ncppb_number	catalogue_primary_key	0			generated_from_catalogue_number	auto_validated	primary	lowest	yes		1	NCPPB 3943
NCPPB 3944	NCPPB 3944	NCPPB3944	ncppb_number	catalogue_primary_key	0			generated_from_catalogue_number	auto_validated	primary	lowest	yes		1	NCPPB 3944
NCPPB 3947	NCPPB 3947	NCPPB3947	ncppb_number	catalogue_primary_key	0			generated_from_catalogue_number	auto_validated	primary	lowest	yes		1	NCPPB 3947
NCPPB 3948	NCPPB 3948	NCPPB3948	ncppb_number	catalogue_primary_key	0			generated_from_catalogue_number	auto_validated	primary	lowest	yes		1	NCPPB 3948
NCPPB 3949	NCPPB 3949	NCPPB3949	ncppb_number	catalogue_primary_key	0			generated_from_catalogue_number	auto_validated	primary	lowest	yes		1	NCPPB 3949
NCPPB 3950	NCPPB 3950	NCPPB3950	ncppb_number	catalogue_primary_key	0			generated_from_catalogue_number	auto_validated	primary	lowest	yes		1	NCPPB 3950
NCPPB 3951	NCPPB 3951	NCPPB3951	ncppb_number	catalogue_primary_key	0			generated_from_catalogue_number	auto_validated	primary	lowest	yes		1	NCPPB 3951
NCPPB 3953	NCPPB 3953	NCPPB3953	ncppb_number	catalogue_primary_key	0			generated_from_catalogue_number	auto_validated	primary	lowest	yes		1	NCPPB 3953
NCPPB 3954	NCPPB 3954	NCPPB3954	ncppb_number	catalogue_primary_key	0			generated_from_catalogue_number	auto_validated	primary	lowest	yes		1	NCPPB 3954
NCPPB 3955	NCPPB 3955	NCPPB3955	ncppb_number	catalogue_primary_key	0			generated_from_catalogue_number	auto_validated	primary	lowest	yes		1	NCPPB 3955
NCPPB 3956	NCPPB 3956	NCPPB3956	ncppb_number	catalogue_primary_key	0			generated_from_catalogue_number	auto_validated	primary	lowest	yes		1	NCPPB 3956
NCPPB 3957	NCPPB 3957	NCPPB3957	ncppb_number	catalogue_primary_key	0			generated_from_catalogue_number	auto_validated	primary	lowest	yes		1	NCPPB 3957
NCPPB 3959	NCPPB 3959	NCPPB3959	ncppb_number	catalogue_primary_key	0			generated_from_catalogue_number	auto_validated	primary	lowest	yes		1	NCPPB 3959
NCPPB 3960	NCPPB 3960	NCPPB3960	ncppb_number	catalogue_primary_key	0			generated_from_catalogue_number	auto_validated	primary	lowest	yes		1	NCPPB 3960
NCPPB 4013	NCPPB 4013	NCPPB4013	ncppb_number	catalogue_primary_key	0			generated_from_catalogue_number	auto_validated	primary	lowest	yes		1	NCPPB 4013
NCPPB 4014	NCPPB 4014	NCPPB4014	ncppb_number	catalogue_primary_key	0			generated_from_catalogue_number	auto_validated	primary	lowest	yes		1	NCPPB 4014
NCPPB 4015	NCPPB 4015	NCPPB4015	ncppb_number	catalogue_primary_key	0			generated_from_catalogue_number	auto_validated	primary	lowest	yes		1	NCPPB 4015
NCPPB 4031	NCPPB 4031	NCPPB4031	ncppb_number	catalogue_primary_key	0			generated_from_catalogue_number	auto_validated	primary	lowest	yes		1	NCPPB 4031
NCPPB 4032	NCPPB 4032	NCPPB4032	ncppb_number	catalogue_primary_key	0			generated_from_catalogue_number	auto_validated	primary	lowest	yes		1	NCPPB 4032
NCPPB 4033	NCPPB 4033	NCPPB4033	ncppb_number	catalogue_primary_key	0			generated_from_catalogue_number	auto_validated	primary	lowest	yes		1	NCPPB 4033
NCPPB 4034	NCPPB 4034	NCPPB4034	ncppb_number	catalogue_primary_key	0			generated_from_catalogue_number	auto_validated	primary	lowest	yes		1	NCPPB 4034
NCPPB 4037	NCPPB 4037	NCPPB4037	ncppb_number	catalogue_primary_key	0			generated_from_catalogue_number	auto_validated	primary	lowest	yes		1	NCPPB 4037
NCPPB 4058	NCPPB 4058	NCPPB4058	ncppb_number	catalogue_primary_key	0			generated_from_catalogue_number	auto_validated	primary	lowest	yes		1	NCPPB 4058
NCPPB 4181	NCPPB 4181	NCPPB4181	ncppb_number	catalogue_primary_key	0			generated_from_catalogue_number	auto_validated	primary	lowest	yes		1	NCPPB 4181
NCPPB 4183	NCPPB 4183	NCPPB4183	ncppb_number	catalogue_primary_key	0			generated_from_catalogue_number	auto_validated	primary	lowest	yes		1	NCPPB 4183
NCPPB 4210	NCPPB 4210	NCPPB4210	ncppb_number	catalogue_primary_key	0			generated_from_catalogue_number	auto_validated	primary	lowest	yes		1	NCPPB 4210
NCPPB 4231	NCPPB 4231	NCPPB4231	ncppb_number	catalogue_primary_key	0			generated_from_catalogue_number	auto_validated	primary	lowest	yes		1	NCPPB 4231
NCPPB 4232	NCPPB 4232	NCPPB4232	ncppb_number	catalogue_primary_key	0			generated_from_catalogue_number	auto_validated	primary	lowest	yes		1	NCPPB 4232
NCPPB 4321	NCPPB 4321	NCPPB4321	ncppb_number	catalogue_primary_key	0			generated_from_catalogue_number	auto_validated	primary	lowest	yes		1	NCPPB 4321
NCPPB 4322	NCPPB 4322	NCPPB4322	ncppb_number	catalogue_primary_key	0			generated_from_catalogue_number	auto_validated	primary	lowest	yes		1	NCPPB 4322
NCPPB 4323	NCPPB 4323	NCPPB4323	ncppb_number	catalogue_primary_key	0			generated_from_catalogue_number	auto_validated	primary	lowest	yes		1	NCPPB 4323
NCPPB 4324	NCPPB 4324	NCPPB4324	ncppb_number	catalogue_primary_key	0			generated_from_catalogue_number	auto_validated	primary	lowest	yes		1	NCPPB 4324
NCPPB 4326	NCPPB 4326	NCPPB4326	ncppb_number	catalogue_primary_key	0			generated_from_catalogue_number	auto_validated	primary	lowest	yes		1	NCPPB 4326
NCPPB 4340	NCPPB 4340	NCPPB4340	ncppb_number	catalogue_primary_key	0			generated_from_catalogue_number	auto_validated	primary	lowest	yes		1	NCPPB 4340
NCPPB 4341	NCPPB 4341	NCPPB4341	ncppb_number	catalogue_primary_key	0			generated_from_catalogue_number	auto_validated	primary	lowest	yes		1	NCPPB 4341
NCPPB 4342	NCPPB 4342	NCPPB4342	ncppb_number	catalogue_primary_key	0			generated_from_catalogue_number	auto_validated	primary	lowest	yes		1	NCPPB 4342
NCPPB 4343	NCPPB 4343	NCPPB4343	ncppb_number	catalogue_primary_key	0			generated_from_catalogue_number	auto_validated	primary	lowest	yes		1	NCPPB 4343
NCPPB 4344	NCPPB 4344	NCPPB4344	ncppb_number	catalogue_primary_key	0			generated_from_catalogue_number	auto_validated	primary	lowest	yes		1	NCPPB 4344
NCPPB 4345	NCPPB 4345	NCPPB4345	ncppb_number	catalogue_primary_key	0			generated_from_catalogue_number	auto_validated	primary	lowest	yes		1	NCPPB 4345
NCPPB 4346	NCPPB 4346	NCPPB4346	ncppb_number	catalogue_primary_key	0			generated_from_catalogue_number	auto_validated	primary	lowest	yes		1	NCPPB 4346
NCPPB 4347	NCPPB 4347	NCPPB4347	ncppb_number	catalogue_primary_key	0			generated_from_catalogue_number	auto_validated	primary	lowest	yes		1	NCPPB 4347
NCPPB 4348	NCPPB 4348	NCPPB4348	ncppb_number	catalogue_primary_key	0			generated_from_catalogue_number	auto_validated	primary	lowest	yes		1	NCPPB 4348
NCPPB 4349	NCPPB 4349	NCPPB4349	ncppb_number	catalogue_primary_key	0			generated_from_catalogue_number	auto_validated	primary	lowest	yes		1	NCPPB 4349
NCPPB 4350	NCPPB 4350	NCPPB4350	ncppb_number	catalogue_primary_key	0			generated_from_catalogue_number	auto_validated	primary	lowest	yes		1	NCPPB 4350
NCPPB 4351	NCPPB 4351	NCPPB4351	ncppb_number	catalogue_primary_key	0			generated_from_catalogue_number	auto_validated	primary	lowest	yes		1	NCPPB 4351
NCPPB 4352	NCPPB 4352	NCPPB4352	ncppb_number	catalogue_primary_key	0			generated_from_catalogue_number	auto_validated	primary	lowest	yes		1	NCPPB 4352
NCPPB 4353	NCPPB 4353	NCPPB4353	ncppb_number	catalogue_primary_key	0			generated_from_catalogue_number	auto_validated	primary	lowest	yes		1	NCPPB 4353
NCPPB 4355	NCPPB 4355	NCPPB4355	ncppb_number	catalogue_primary_key	0			generated_from_catalogue_number	auto_validated	primary	lowest	yes		1	NCPPB 4355
NCPPB 4356	NCPPB 4356	NCPPB4356	ncppb_number	catalogue_primary_key	0			generated_from_catalogue_number	auto_validated	primary	lowest	yes		1	NCPPB 4356
NCPPB 4363	NCPPB 4363	NCPPB4363	ncppb_number	catalogue_primary_key	0			generated_from_catalogue_number	auto_validated	primary	lowest	yes		1	NCPPB 4363
NCPPB 4364	NCPPB 4364	NCPPB4364	ncppb_number	catalogue_primary_key	0			generated_from_catalogue_number	auto_validated	primary	lowest	yes		1	NCPPB 4364
NCPPB 4367	NCPPB 4367	NCPPB4367	ncppb_number	catalogue_primary_key	0			generated_from_catalogue_number	auto_validated	primary	lowest	yes		1	NCPPB 4367
NCPPB 4372	NCPPB 4372	NCPPB4372	ncppb_number	catalogue_primary_key	0			generated_from_catalogue_number	auto_validated	primary	lowest	yes		1	NCPPB 4372
NCPPB 4373	NCPPB 4373	NCPPB4373	ncppb_number	catalogue_primary_key	0			generated_from_catalogue_number	auto_validated	primary	lowest	yes		1	NCPPB 4373
NCPPB 4374	NCPPB 4374	NCPPB4374	ncppb_number	catalogue_primary_key	0			generated_from_catalogue_number	auto_validated	primary	lowest	yes		1	NCPPB 4374
NCPPB 4375	NCPPB 4375	NCPPB4375	ncppb_number	catalogue_primary_key	0			generated_from_catalogue_number	auto_validated	primary	lowest	yes		1	NCPPB 4375
NCPPB 4376	NCPPB 4376	NCPPB4376	ncppb_number	catalogue_primary_key	0			generated_from_catalogue_number	auto_validated	primary	lowest	yes		1	NCPPB 4376
NCPPB 4377	NCPPB 4377	NCPPB4377	ncppb_number	catalogue_primary_key	0			generated_from_catalogue_number	auto_validated	primary	lowest	yes		1	NCPPB 4377
NCPPB 4378	NCPPB 4378	NCPPB4378	ncppb_number	catalogue_primary_key	0			generated_from_catalogue_number	auto_validated	primary	lowest	yes		1	NCPPB 4378
NCPPB 4379	NCPPB 4379	NCPPB4379	ncppb_number	catalogue_primary_key	0			generated_from_catalogue_number	auto_validated	primary	lowest	yes		1	NCPPB 4379
NCPPB 4380	NCPPB 4380	NCPPB4380	ncppb_number	catalogue_primary_key	0			generated_from_catalogue_number	auto_validated	primary	lowest	yes		1	NCPPB 4380
NCPPB 4381	NCPPB 4381	NCPPB4381	ncppb_number	catalogue_primary_key	0			generated_from_catalogue_number	auto_validated	primary	lowest	yes		1	NCPPB 4381
NCPPB 4383	NCPPB 4383	NCPPB4383	ncppb_number	catalogue_primary_key	0			generated_from_catalogue_number	auto_validated	primary	lowest	yes		1	NCPPB 4383
NCPPB 4384	NCPPB 4384	NCPPB4384	ncppb_number	catalogue_primary_key	0			generated_from_catalogue_number	auto_validated	primary	lowest	yes		1	NCPPB 4384
NCPPB 4385	NCPPB 4385	NCPPB4385	ncppb_number	catalogue_primary_key	0			generated_from_catalogue_number	auto_validated	primary	lowest	yes		1	NCPPB 4385
NCPPB 4386	NCPPB 4386	NCPPB4386	ncppb_number	catalogue_primary_key	0			generated_from_catalogue_number	auto_validated	primary	lowest	yes		1	NCPPB 4386
NCPPB 4387	NCPPB 4387	NCPPB4387	ncppb_number	catalogue_primary_key	0			generated_from_catalogue_number	auto_validated	primary	lowest	yes		1	NCPPB 4387
NCPPB 4388	NCPPB 4388	NCPPB4388	ncppb_number	catalogue_primary_key	0			generated_from_catalogue_number	auto_validated	primary	lowest	yes		1	NCPPB 4388
NCPPB 4389	NCPPB 4389	NCPPB4389	ncppb_number	catalogue_primary_key	0			generated_from_catalogue_number	auto_validated	primary	lowest	yes		1	NCPPB 4389
NCPPB 4390	NCPPB 4390	NCPPB4390	ncppb_number	catalogue_primary_key	0			generated_from_catalogue_number	auto_validated	primary	lowest	yes		1	NCPPB 4390
NCPPB 4391	NCPPB 4391	NCPPB4391	ncppb_number	catalogue_primary_key	0			generated_from_catalogue_number	auto_validated	primary	lowest	yes		1	NCPPB 4391
NCPPB 4392	NCPPB 4392	NCPPB4392	ncppb_number	catalogue_primary_key	0			generated_from_catalogue_number	auto_validated	primary	lowest	yes		1	NCPPB 4392
NCPPB 4393	NCPPB 4393	NCPPB4393	ncppb_number	catalogue_primary_key	0			generated_from_catalogue_number	auto_validated	primary	lowest	yes		1	NCPPB 4393
NCPPB 4394	NCPPB 4394	NCPPB4394	ncppb_number	catalogue_primary_key	0			generated_from_catalogue_number	auto_validated	primary	lowest	yes		1	NCPPB 4394
NCPPB 4395	NCPPB 4395	NCPPB4395	ncppb_number	catalogue_primary_key	0			generated_from_catalogue_number	auto_validated	primary	lowest	yes		1	NCPPB 4395
NCPPB 4397	NCPPB 4397	NCPPB4397	ncppb_number	catalogue_primary_key	0			generated_from_catalogue_number	auto_validated	primary	lowest	yes		1	NCPPB 4397
NCPPB 4398	NCPPB 4398	NCPPB4398	ncppb_number	catalogue_primary_key	0			generated_from_catalogue_number	auto_validated	primary	lowest	yes		1	NCPPB 4398
NCPPB 4399	NCPPB 4399	NCPPB4399	ncppb_number	catalogue_primary_key	0			generated_from_catalogue_number	auto_validated	primary	lowest	yes		1	NCPPB 4399
NCPPB 4402	NCPPB 4402	NCPPB4402	ncppb_number	catalogue_primary_key	0			generated_from_catalogue_number	auto_validated	primary	lowest	yes		1	NCPPB 4402
NCPPB 4403	NCPPB 4403	NCPPB4403	ncppb_number	catalogue_primary_key	0			generated_from_catalogue_number	auto_validated	primary	lowest	yes		1	NCPPB 4403
NCPPB 4404	NCPPB 4404	NCPPB4404	ncppb_number	catalogue_primary_key	0			generated_from_catalogue_number	auto_validated	primary	lowest	yes		1	NCPPB 4404
NCPPB 4405	NCPPB 4405	NCPPB4405	ncppb_number	catalogue_primary_key	0			generated_from_catalogue_number	auto_validated	primary	lowest	yes		1	NCPPB 4405
NCPPB 4407	NCPPB 4407	NCPPB4407	ncppb_number	catalogue_primary_key	0			generated_from_catalogue_number	auto_validated	primary	lowest	yes		1	NCPPB 4407
NCPPB 4409	NCPPB 4409	NCPPB4409	ncppb_number	catalogue_primary_key	0			generated_from_catalogue_number	auto_validated	primary	lowest	yes		1	NCPPB 4409
NCPPB 4410	NCPPB 4410	NCPPB4410	ncppb_number	catalogue_primary_key	0			generated_from_catalogue_number	auto_validated	primary	lowest	yes		1	NCPPB 4410
NCPPB 4411	NCPPB 4411	NCPPB4411	ncppb_number	catalogue_primary_key	0			generated_from_catalogue_number	auto_validated	primary	lowest	yes		1	NCPPB 4411
NCPPB 4412	NCPPB 4412	NCPPB4412	ncppb_number	catalogue_primary_key	0			generated_from_catalogue_number	auto_validated	primary	lowest	yes		1	NCPPB 4412
NCPPB 4413	NCPPB 4413	NCPPB4413	ncppb_number	catalogue_primary_key	0			generated_from_catalogue_number	auto_validated	primary	lowest	yes		1	NCPPB 4413
NCPPB 4414	NCPPB 4414	NCPPB4414	ncppb_number	catalogue_primary_key	0			generated_from_catalogue_number	auto_validated	primary	lowest	yes		1	NCPPB 4414
NCPPB 4415	NCPPB 4415	NCPPB4415	ncppb_number	catalogue_primary_key	0			generated_from_catalogue_number	auto_validated	primary	lowest	yes		1	NCPPB 4415
NCPPB 4418	NCPPB 4418	NCPPB4418	ncppb_number	catalogue_primary_key	0			generated_from_catalogue_number	auto_validated	primary	lowest	yes		1	NCPPB 4418
NCPPB 4433	NCPPB 4433	NCPPB4433	ncppb_number	catalogue_primary_key	0			generated_from_catalogue_number	auto_validated	primary	lowest	yes		1	NCPPB 4433
NCPPB 4434	NCPPB 4434	NCPPB4434	ncppb_number	catalogue_primary_key	0			generated_from_catalogue_number	auto_validated	primary	lowest	yes		1	NCPPB 4434
NCPPB 4435	NCPPB 4435	NCPPB4435	ncppb_number	catalogue_primary_key	0			generated_from_catalogue_number	auto_validated	primary	lowest	yes		1	NCPPB 4435
NCPPB 4446	NCPPB 4446	NCPPB4446	ncppb_number	catalogue_primary_key	0			generated_from_catalogue_number	auto_validated	primary	lowest	yes		1	NCPPB 4446
NCPPB 4448	NCPPB 4448	NCPPB4448	ncppb_number	catalogue_primary_key	0			generated_from_catalogue_number	auto_validated	primary	lowest	yes		1	NCPPB 4448
NCPPB 4449	NCPPB 4449	NCPPB4449	ncppb_number	catalogue_primary_key	0			generated_from_catalogue_number	auto_validated	primary	lowest	yes		1	NCPPB 4449
NCPPB 4450	NCPPB 4450	NCPPB4450	ncppb_number	catalogue_primary_key	0			generated_from_catalogue_number	auto_validated	primary	lowest	yes		1	NCPPB 4450
NCPPB 4451	NCPPB 4451	NCPPB4451	ncppb_number	catalogue_primary_key	0			generated_from_catalogue_number	auto_validated	primary	lowest	yes		1	NCPPB 4451
NCPPB 4466	NCPPB 4466	NCPPB4466	ncppb_number	catalogue_primary_key	0			generated_from_catalogue_number	auto_validated	primary	lowest	yes		1	NCPPB 4466
NCPPB 4468	NCPPB 4468	NCPPB4468	ncppb_number	catalogue_primary_key	0			generated_from_catalogue_number	auto_validated	primary	lowest	yes		1	NCPPB 4468
NCPPB 4584	NCPPB 4584	NCPPB4584	ncppb_number	catalogue_primary_key	0			generated_from_catalogue_number	auto_validated	primary	lowest	yes		1	NCPPB 4584
NCPPB 4590	NCPPB 4590	NCPPB4590	ncppb_number	catalogue_primary_key	0			generated_from_catalogue_number	auto_validated	primary	lowest	yes		1	NCPPB 4590
NCPPB 4594	NCPPB 4594	NCPPB4594	ncppb_number	catalogue_primary_key	0			generated_from_catalogue_number	auto_validated	primary	lowest	yes		1	NCPPB 4594
NCPPB 4600	NCPPB 4600	NCPPB4600	ncppb_number	catalogue_primary_key	0			generated_from_catalogue_number	auto_validated	primary	lowest	yes		1	NCPPB 4600
NCPPB 4601	NCPPB 4601	NCPPB4601	ncppb_number	catalogue_primary_key	0			generated_from_catalogue_number	auto_validated	primary	lowest	yes		1	NCPPB 4601
NCPPB 4613	NCPPB 4613	NCPPB4613	ncppb_number	catalogue_primary_key	0			generated_from_catalogue_number	auto_validated	primary	lowest	yes		1	NCPPB 4613
NCPPB 4614	NCPPB 4614	NCPPB4614	ncppb_number	catalogue_primary_key	0			generated_from_catalogue_number	auto_validated	primary	lowest	yes		1	NCPPB 4614
NCPPB 4615	NCPPB 4615	NCPPB4615	ncppb_number	catalogue_primary_key	0			generated_from_catalogue_number	auto_validated	primary	lowest	yes		1	NCPPB 4615
NCPPB 4618	NCPPB 4618	NCPPB4618	ncppb_number	catalogue_primary_key	0			generated_from_catalogue_number	auto_validated	primary	lowest	yes		1	NCPPB 4618
NCPPB 4622	NCPPB 4622	NCPPB4622	ncppb_number	catalogue_primary_key	0			generated_from_catalogue_number	auto_validated	primary	lowest	yes		1	NCPPB 4622
NCPPB 4623	NCPPB 4623	NCPPB4623	ncppb_number	catalogue_primary_key	0			generated_from_catalogue_number	auto_validated	primary	lowest	yes		1	NCPPB 4623
NCPPB 4625	NCPPB 4625	NCPPB4625	ncppb_number	catalogue_primary_key	0			generated_from_catalogue_number	auto_validated	primary	lowest	yes		1	NCPPB 4625
NCPPB 4629	NCPPB 4629	NCPPB4629	ncppb_number	catalogue_primary_key	0			generated_from_catalogue_number	auto_validated	primary	lowest	yes		1	NCPPB 4629
NCPPB 4630	NCPPB 4630	NCPPB4630	ncppb_number	catalogue_primary_key	0			generated_from_catalogue_number	auto_validated	primary	lowest	yes		1	NCPPB 4630
NCPPB 4631	NCPPB 4631	NCPPB4631	ncppb_number	catalogue_primary_key	0			generated_from_catalogue_number	auto_validated	primary	lowest	yes		1	NCPPB 4631
NCPPB 4632	NCPPB 4632	NCPPB4632	ncppb_number	catalogue_primary_key	0			generated_from_catalogue_number	auto_validated	primary	lowest	yes		1	NCPPB 4632
NCPPB 4633	NCPPB 4633	NCPPB4633	ncppb_number	catalogue_primary_key	0			generated_from_catalogue_number	auto_validated	primary	lowest	yes		1	NCPPB 4633
NCPPB 4634	NCPPB 4634	NCPPB4634	ncppb_number	catalogue_primary_key	0			generated_from_catalogue_number	auto_validated	primary	lowest	yes		1	NCPPB 4634
NCPPB 4635	NCPPB 4635	NCPPB4635	ncppb_number	catalogue_primary_key	0			generated_from_catalogue_number	auto_validated	primary	lowest	yes		1	NCPPB 4635
NCPPB 4660	NCPPB 4660	NCPPB4660	ncppb_number	catalogue_primary_key	0			generated_from_catalogue_number	auto_validated	primary	lowest	yes		1	NCPPB 4660
NCPPB 4661	NCPPB 4661	NCPPB4661	ncppb_number	catalogue_primary_key	0			generated_from_catalogue_number	auto_validated	primary	lowest	yes		1	NCPPB 4661
NCPPB 4662	NCPPB 4662	NCPPB4662	ncppb_number	catalogue_primary_key	0			generated_from_catalogue_number	auto_validated	primary	lowest	yes		1	NCPPB 4662
NCPPB 4663	NCPPB 4663	NCPPB4663	ncppb_number	catalogue_primary_key	0			generated_from_catalogue_number	auto_validated	primary	lowest	yes		1	NCPPB 4663
NCPPB 4664	NCPPB 4664	NCPPB4664	ncppb_number	catalogue_primary_key	0			generated_from_catalogue_number	auto_validated	primary	lowest	yes		1	NCPPB 4664
NCPPB 4665	NCPPB 4665	NCPPB4665	ncppb_number	catalogue_primary_key	0			generated_from_catalogue_number	auto_validated	primary	lowest	yes		1	NCPPB 4665
NCPPB 4666	NCPPB 4666	NCPPB4666	ncppb_number	catalogue_primary_key	0			generated_from_catalogue_number	auto_validated	primary	lowest	yes		1	NCPPB 4666
NCPPB 4668	NCPPB 4668	NCPPB4668	ncppb_number	catalogue_primary_key	0			generated_from_catalogue_number	auto_validated	primary	lowest	yes		1	NCPPB 4668
NCPPB 4669	NCPPB 4669	NCPPB4669	ncppb_number	catalogue_primary_key	0			generated_from_catalogue_number	auto_validated	primary	lowest	yes		1	NCPPB 4669
NCPPB 4670	NCPPB 4670	NCPPB4670	ncppb_number	catalogue_primary_key	0			generated_from_catalogue_number	auto_validated	primary	lowest	yes		1	NCPPB 4670
NCPPB 4671	NCPPB 4671	NCPPB4671	ncppb_number	catalogue_primary_key	0			generated_from_catalogue_number	auto_validated	primary	lowest	yes		1	NCPPB 4671
NCPPB 4675	NCPPB 4675	NCPPB4675	ncppb_number	catalogue_primary_key	0			generated_from_catalogue_number	auto_validated	primary	lowest	yes		1	NCPPB 4675
NCPPB 4676	NCPPB 4676	NCPPB4676	ncppb_number	catalogue_primary_key	0			generated_from_catalogue_number	auto_validated	primary	lowest	yes		1	NCPPB 4676
NCPPB 4678	NCPPB 4678	NCPPB4678	ncppb_number	catalogue_primary_key	0			generated_from_catalogue_number	auto_validated	primary	lowest	yes		1	NCPPB 4678
NCPPB 4679	NCPPB 4679	NCPPB4679	ncppb_number	catalogue_primary_key	0			generated_from_catalogue_number	auto_validated	primary	lowest	yes		1	NCPPB 4679
NCPPB 4680	NCPPB 4680	NCPPB4680	ncppb_number	catalogue_primary_key	0			generated_from_catalogue_number	auto_validated	primary	lowest	yes		1	NCPPB 4680
NCPPB 4681	NCPPB 4681	NCPPB4681	ncppb_number	catalogue_primary_key	0			generated_from_catalogue_number	auto_validated	primary	lowest	yes		1	NCPPB 4681
NCPPB 4682	NCPPB 4682	NCPPB4682	ncppb_number	catalogue_primary_key	0			generated_from_catalogue_number	auto_validated	primary	lowest	yes		1	NCPPB 4682
NCPPB 4692	NCPPB 4692	NCPPB4692	ncppb_number	catalogue_primary_key	0			generated_from_catalogue_number	auto_validated	primary	lowest	yes		1	NCPPB 4692
NCPPB 4693	NCPPB 4693	NCPPB4693	ncppb_number	catalogue_primary_key	0			generated_from_catalogue_number	auto_validated	primary	lowest	yes		1	NCPPB 4693
NCPPB 4698	NCPPB 4698	NCPPB4698	ncppb_number	catalogue_primary_key	0			generated_from_catalogue_number	auto_validated	primary	lowest	yes		1	NCPPB 4698
NCPPB 4699	NCPPB 4699	NCPPB4699	ncppb_number	catalogue_primary_key	0			generated_from_catalogue_number	auto_validated	primary	lowest	yes		1	NCPPB 4699
NCPPB 4700	NCPPB 4700	NCPPB4700	ncppb_number	catalogue_primary_key	0			generated_from_catalogue_number	auto_validated	primary	lowest	yes		1	NCPPB 4700
NCPPB 4701	NCPPB 4701	NCPPB4701	ncppb_number	catalogue_primary_key	0			generated_from_catalogue_number	auto_validated	primary	lowest	yes		1	NCPPB 4701
NCPPB 4702	NCPPB 4702	NCPPB4702	ncppb_number	catalogue_primary_key	0			generated_from_catalogue_number	auto_validated	primary	lowest	yes		1	NCPPB 4702
NCPPB 4703	NCPPB 4703	NCPPB4703	ncppb_number	catalogue_primary_key	0			generated_from_catalogue_number	auto_validated	primary	lowest	yes		1	NCPPB 4703
NCPPB 4704	NCPPB 4704	NCPPB4704	ncppb_number	catalogue_primary_key	0			generated_from_catalogue_number	auto_validated	primary	lowest	yes		1	NCPPB 4704
NCPPB 4705	NCPPB 4705	NCPPB4705	ncppb_number	catalogue_primary_key	0			generated_from_catalogue_number	auto_validated	primary	lowest	yes		1	NCPPB 4705
NCPPB 4706	NCPPB 4706	NCPPB4706	ncppb_number	catalogue_primary_key	0			generated_from_catalogue_number	auto_validated	primary	lowest	yes		1	NCPPB 4706
NCPPB 4707	NCPPB 4707	NCPPB4707	ncppb_number	catalogue_primary_key	0			generated_from_catalogue_number	auto_validated	primary	lowest	yes		1	NCPPB 4707
NCPPB 4708	NCPPB 4708	NCPPB4708	ncppb_number	catalogue_primary_key	0			generated_from_catalogue_number	auto_validated	primary	lowest	yes		1	NCPPB 4708
NCPPB 4709	NCPPB 4709	NCPPB4709	ncppb_number	catalogue_primary_key	0			generated_from_catalogue_number	auto_validated	primary	lowest	yes		1	NCPPB 4709
NCPPB 4710	NCPPB 4710	NCPPB4710	ncppb_number	catalogue_primary_key	0			generated_from_catalogue_number	auto_validated	primary	lowest	yes		1	NCPPB 4710
NCPPB 4711	NCPPB 4711	NCPPB4711	ncppb_number	catalogue_primary_key	0			generated_from_catalogue_number	auto_validated	primary	lowest	yes		1	NCPPB 4711
NCPPB 4712	NCPPB 4712	NCPPB4712	ncppb_number	catalogue_primary_key	0			generated_from_catalogue_number	auto_validated	primary	lowest	yes		1	NCPPB 4712
NCPPB 4713	NCPPB 4713	NCPPB4713	ncppb_number	catalogue_primary_key	0			generated_from_catalogue_number	auto_validated	primary	lowest	yes		1	NCPPB 4713
NCPPB 4714	NCPPB 4714	NCPPB4714	ncppb_number	catalogue_primary_key	0			generated_from_catalogue_number	auto_validated	primary	lowest	yes		1	NCPPB 4714
NCPPB 4715	NCPPB 4715	NCPPB4715	ncppb_number	catalogue_primary_key	0			generated_from_catalogue_number	auto_validated	primary	lowest	yes		1	NCPPB 4715
NCPPB 4716	NCPPB 4716	NCPPB4716	ncppb_number	catalogue_primary_key	0			generated_from_catalogue_number	auto_validated	primary	lowest	yes		1	NCPPB 4716
NCPPB 4717	NCPPB 4717	NCPPB4717	ncppb_number	catalogue_primary_key	0			generated_from_catalogue_number	auto_validated	primary	lowest	yes		1	NCPPB 4717
NCPPB 4718	NCPPB 4718	NCPPB4718	ncppb_number	catalogue_primary_key	0			generated_from_catalogue_number	auto_validated	primary	lowest	yes		1	NCPPB 4718
NCPPB 4719	NCPPB 4719	NCPPB4719	ncppb_number	catalogue_primary_key	0			generated_from_catalogue_number	auto_validated	primary	lowest	yes		1	NCPPB 4719
NCPPB 4720	NCPPB 4720	NCPPB4720	ncppb_number	catalogue_primary_key	0			generated_from_catalogue_number	auto_validated	primary	lowest	yes		1	NCPPB 4720
NCPPB 4721	NCPPB 4721	NCPPB4721	ncppb_number	catalogue_primary_key	0			generated_from_catalogue_number	auto_validated	primary	lowest	yes		1	NCPPB 4721
NCPPB 4722	NCPPB 4722	NCPPB4722	ncppb_number	catalogue_primary_key	0			generated_from_catalogue_number	auto_validated	primary	lowest	yes		1	NCPPB 4722
NCPPB 4727	NCPPB 4727	NCPPB4727	ncppb_number	catalogue_primary_key	0			generated_from_catalogue_number	auto_validated	primary	lowest	yes		1	NCPPB 4727
NCPPB 4728	NCPPB 4728	NCPPB4728	ncppb_number	catalogue_primary_key	0			generated_from_catalogue_number	auto_validated	primary	lowest	yes		1	NCPPB 4728
NCPPB 4729	NCPPB 4729	NCPPB4729	ncppb_number	catalogue_primary_key	0			generated_from_catalogue_number	auto_validated	primary	lowest	yes		1	NCPPB 4729
NCPPB 4730	NCPPB 4730	NCPPB4730	ncppb_number	catalogue_primary_key	0			generated_from_catalogue_number	auto_validated	primary	lowest	yes		1	NCPPB 4730
NCPPB 4731	NCPPB 4731	NCPPB4731	ncppb_number	catalogue_primary_key	0			generated_from_catalogue_number	auto_validated	primary	lowest	yes		1	NCPPB 4731
NCPPB 4732	NCPPB 4732	NCPPB4732	ncppb_number	catalogue_primary_key	0			generated_from_catalogue_number	auto_validated	primary	lowest	yes		1	NCPPB 4732
NCPPB 4733	NCPPB 4733	NCPPB4733	ncppb_number	catalogue_primary_key	0			generated_from_catalogue_number	auto_validated	primary	lowest	yes		1	NCPPB 4733
NCPPB 4753	NCPPB 4753	NCPPB4753	ncppb_number	catalogue_primary_key	0			generated_from_catalogue_number	auto_validated	primary	lowest	yes		1	NCPPB 4753
NCPPB 4754	NCPPB 4754	NCPPB4754	ncppb_number	catalogue_primary_key	0			generated_from_catalogue_number	auto_validated	primary	lowest	yes		1	NCPPB 4754
NCPPB 4755	NCPPB 4755	NCPPB4755	ncppb_number	catalogue_primary_key	0			generated_from_catalogue_number	auto_validated	primary	lowest	yes		1	NCPPB 4755
NCPPB 4763	NCPPB 4763	NCPPB4763	ncppb_number	catalogue_primary_key	0			generated_from_catalogue_number	auto_validated	primary	lowest	yes		1	NCPPB 4763
NCPPB 4770	NCPPB 4770	NCPPB4770	ncppb_number	catalogue_primary_key	0			generated_from_catalogue_number	auto_validated	primary	lowest	yes		1	NCPPB 4770
NCPPB 4771	NCPPB 4771	NCPPB4771	ncppb_number	catalogue_primary_key	0			generated_from_catalogue_number	auto_validated	primary	lowest	yes		1	NCPPB 4771
NCPPB 4772	NCPPB 4772	NCPPB4772	ncppb_number	catalogue_primary_key	0			generated_from_catalogue_number	auto_validated	primary	lowest	yes		1	NCPPB 4772
NCPPB 45	W.J. Dowson	WJDOWSON	source_reference_raw	isolated_by	1	29	40	comparison_only_no_source_edit	review_required	not_searchable	low	no	preserved_source_text_not_a_search_identifier	1	NCPPB 45
NCPPB 101	ICMP 204	ICMP204	collection_number	collection_list	1	41	49	comparison_only_no_source_edit	auto_validated	strong	low	yes		1	NCPPB 101
NCPPB 101	LMG 673	LMG673	collection_number	collection_list	1	51	58	comparison_only_no_source_edit	auto_validated	strong	low	yes		1	NCPPB 101
NCPPB 101	DSM 18958	DSM18958	collection_number	collection_list	1	60	69	comparison_only_no_source_edit	auto_validated	strong	low	yes		1	NCPPB 101
NCPPB 182	ATCC 13901	ATCC13901	collection_number	collection_list	1	41	51	comparison_only_no_source_edit	auto_validated	strong	low	yes		1	NCPPB 182
NCPPB 182	ICMP 305	ICMP305	collection_number	collection_list	1	53	61	comparison_only_no_source_edit	auto_validated	strong	low	yes		1	NCPPB 182
NCPPB 182	LMG 896	LMG896	collection_number	collection_list	1	63	70	comparison_only_no_source_edit	auto_validated	strong	low	yes		1	NCPPB 182
NCPPB 182	ex M.T. Cook	EXMTCOOK	source_reference_raw	source_of_isolate	2	102	114	comparison_only_no_source_edit	review_required	not_searchable	low	no	preserved_source_text_not_a_search_identifier	1	NCPPB 182
NCPPB 184	ATCC 13902	ATCC13902	collection_number	collection_list	1	41	51	comparison_only_no_source_edit	auto_validated	strong	low	yes		1	NCPPB 184
NCPPB 184	ICPB XV101	ICPBXV101	collection_number	collection_list	1	53	63	comparison_only_no_source_edit	auto_validated	strong	low	yes		1	NCPPB 184
NCPPB 206	ICMP 326	ICMP326	collection_number	collection_list	1	41	49	comparison_only_no_source_edit	auto_validated	strong	low	yes		1	NCPPB 206
NCPPB 206	LMG 8284	LMG8284	collection_number	collection_list	1	51	59	comparison_only_no_source_edit	auto_validated	strong	low	yes		1	NCPPB 206
NCPPB 206	CFBP 7162	CFBP7162	collection_number	collection_list	1	61	70	comparison_only_no_source_edit	auto_validated	strong	low	yes		1	NCPPB 206
NCPPB 208	G. Orian PC5	GORIANPC5	source_reference_raw	isolated_by	1	29	41	comparison_only_no_source_edit	review_required	not_searchable	low	no	preserved_source_text_not_a_search_identifier	1	NCPPB 208
NCPPB 208	PC5	PC5	isolate_code	isolated_by	1	38	41	comparison_only_no_source_edit	review_required	weak	medium	no	identifier_too_weak_for_automatic_search	1	NCPPB 208
NCPPB 210	M.K. Patel	MKPATEL	source_reference_raw	isolated_by	1	29	39	comparison_only_no_source_edit	review_required	not_searchable	low	no	preserved_source_text_not_a_search_identifier	1	NCPPB 210
NCPPB 220	ex C. Elliott	EXCELLIOTT	source_reference_raw	source_of_isolate	1	31	44	comparison_only_no_source_edit	review_required	not_searchable	low	no	preserved_source_text_not_a_search_identifier	1	NCPPB 220
NCPPB 240	W.J. Dowson	WJDOWSON	source_reference_raw	isolated_by	1	29	40	comparison_only_no_source_edit	review_required	not_searchable	low	no	preserved_source_text_not_a_search_identifier	1	NCPPB 240
NCPPB 240	.		source_reference_raw	source_of_isolate	2	72	73	comparison_only_no_source_edit	review_required	not_searchable	low	no	preserved_source_text_not_a_search_identifier	1	NCPPB 240
NCPPB 241	ex W.J. Dowson	EXWJDOWSON	source_reference_raw	source_of_isolate	1	31	45	comparison_only_no_source_edit	review_required	not_searchable	low	no	preserved_source_text_not_a_search_identifier	1	NCPPB 241
NCPPB 273	ex A.C. Brown B67	EXACBROWNB67	source_reference_raw	source_of_isolate	1	31	48	comparison_only_no_source_edit	review_required	not_searchable	low	no	preserved_source_text_not_a_search_identifier	1	NCPPB 273
NCPPB 273	B67	B67	isolate_code	source_of_isolate	1	45	48	comparison_only_no_source_edit	review_required	weak	medium	no	identifier_too_weak_for_automatic_search	1	NCPPB 273
NCPPB 279	P.O. Wiehe	POWIEHE	source_reference_raw	isolated_by	1	29	39	comparison_only_no_source_edit	review_required	not_searchable	low	no	preserved_source_text_not_a_search_identifier	1	NCPPB 279
NCPPB 290	38/2	382	donor_reference	donor_reference	1	23	27	comparison_only_no_source_edit	review_required	weak	medium	no	identifier_too_weak_for_automatic_search	1	NCPPB 290
NCPPB 293	R.A. Lelliott	RALELLIOTT	source_reference_raw	isolated_by	1	29	42	comparison_only_no_source_edit	review_required	not_searchable	low	no	preserved_source_text_not_a_search_identifier	1	NCPPB 293
NCPPB 302	XP 8	XP8	donor_reference	donor_reference	1	23	27	comparison_only_no_source_edit	review_required	weak	medium	no	identifier_too_weak_for_automatic_search	1	NCPPB 302
NCPPB 302	.		source_reference_raw	source_of_isolate	2	59	60	comparison_only_no_source_edit	review_required	not_searchable	low	no	preserved_source_text_not_a_search_identifier	1	NCPPB 302
NCPPB 315	XS52/5	XS525	donor_reference	donor_reference	1	23	29	comparison_only_no_source_edit	auto_validated	medium	medium	yes		1	NCPPB 315
NCPPB 347	ICMP 7	ICMP7	collection_number	collection_list	1	41	47	comparison_only_no_source_edit	auto_validated	strong	low	yes		1	NCPPB 347
NCPPB 347	LMG 535	LMG535	collection_number	collection_list	1	49	56	comparison_only_no_source_edit	auto_validated	strong	low	yes		1	NCPPB 347
NCPPB 347	G.B. Wallace	GBWALLACE	source_reference_raw	isolated_by	2	86	98	comparison_only_no_source_edit	review_required	not_searchable	low	no	preserved_source_text_not_a_search_identifier	1	NCPPB 347
NCPPB 381	ZK4	ZK4	donor_reference	donor_reference	1	23	26	comparison_only_no_source_edit	review_required	weak	medium	no	identifier_too_weak_for_automatic_search	1	NCPPB 381
NCPPB 381	ATCC 19315	ATCC19315	collection_number	collection_list	2	68	78	comparison_only_no_source_edit	auto_validated	strong	low	yes		1	NCPPB 381
NCPPB 381	LMG 826	LMG826	collection_number	collection_list	2	80	87	comparison_only_no_source_edit	auto_validated	strong	low	yes		1	NCPPB 381
NCPPB 381	ICMP 239	ICMP239	collection_number	collection_list	2	89	97	comparison_only_no_source_edit	auto_validated	strong	low	yes		1	NCPPB 381
NCPPB 381	CFBP 6165	CFBP6165	collection_number	collection_list	2	99	108	comparison_only_no_source_edit	auto_validated	strong	low	yes		1	NCPPB 381
NCPPB 381	ex W.A.F. Hagborg	EXWAFHAGBORG	source_reference_raw	source_of_isolate	3	140	157	comparison_only_no_source_edit	review_required	not_searchable	low	no	preserved_source_text_not_a_search_identifier	1	NCPPB 381
NCPPB 400	E. Hellmers 69	EHELLMERS69	source_reference_raw	isolated_by	1	29	43	comparison_only_no_source_edit	review_required	not_searchable	low	no	preserved_source_text_not_a_search_identifier	1	NCPPB 400
NCPPB 403	D.W. Dye Ql	DWDYEQL	source_reference_raw	isolated_by	1	29	40	comparison_only_no_source_edit	review_required	not_searchable	low	no	preserved_source_text_not_a_search_identifier	1	NCPPB 403
NCPPB 404	D.W. Dye Q2	DWDYEQ2	source_reference_raw	isolated_by	1	29	40	comparison_only_no_source_edit	review_required	not_searchable	low	no	preserved_source_text_not_a_search_identifier	1	NCPPB 404
NCPPB 404	Q2	Q2	isolate_code	isolated_by	1	38	40	comparison_only_no_source_edit	review_required	weak	medium	no	identifier_too_weak_for_automatic_search	1	NCPPB 404
NCPPB 405	D.W. Dye R1	DWDYER1	source_reference_raw	isolated_by	1	29	40	comparison_only_no_source_edit	review_required	not_searchable	low	no	preserved_source_text_not_a_search_identifier	1	NCPPB 405
NCPPB 405	R1	R1	isolate_code	isolated_by	1	38	40	comparison_only_no_source_edit	review_required	weak	medium	no	identifier_too_weak_for_automatic_search	1	NCPPB 405
NCPPB 406	R	R	donor_reference	donor_reference	1	23	24	comparison_only_no_source_edit	review_required	weak	high	no	digit_free_donor_reference_requires_review_before_search	1	NCPPB 406
NCPPB 406	D.W. Dye R2	DWDYER2	source_reference_raw	isolated_by	2	54	65	comparison_only_no_source_edit	review_required	not_searchable	low	no	preserved_source_text_not_a_search_identifier	1	NCPPB 406
NCPPB 406	R2	R2	isolate_code	isolated_by	2	63	65	comparison_only_no_source_edit	review_required	weak	medium	no	identifier_too_weak_for_automatic_search	1	NCPPB 406
NCPPB 407	D.W. Dye R3	DWDYER3	source_reference_raw	isolated_by	1	29	40	comparison_only_no_source_edit	review_required	not_searchable	low	no	preserved_source_text_not_a_search_identifier	1	NCPPB 407
NCPPB 407	R3	R3	isolate_code	isolated_by	1	38	40	comparison_only_no_source_edit	review_required	weak	medium	no	identifier_too_weak_for_automatic_search	1	NCPPB 407
NCPPB 408	D.W. Dye R4	DWDYER4	source_reference_raw	isolated_by	1	29	40	comparison_only_no_source_edit	review_required	not_searchable	low	no	preserved_source_text_not_a_search_identifier	1	NCPPB 408
NCPPB 408	R4	R4	isolate_code	isolated_by	1	38	40	comparison_only_no_source_edit	review_required	weak	medium	no	identifier_too_weak_for_automatic_search	1	NCPPB 408
NCPPB 409	ICMP 24	ICMP24	collection_number	collection_list	1	41	48	comparison_only_no_source_edit	auto_validated	strong	low	yes		1	NCPPB 409
NCPPB 409	LMG 682	LMG682	collection_number	collection_list	1	50	57	comparison_only_no_source_edit	auto_validated	strong	low	yes		1	NCPPB 409
NCPPB 409	CFBP 2525	CFBP2525	collection_number	collection_list	1	59	68	comparison_only_no_source_edit	auto_validated	strong	low	yes		1	NCPPB 409
NCPPB 409	D.W. Dye R5	DWDYER5	source_reference_raw	isolated_by	2	98	109	comparison_only_no_source_edit	review_required	not_searchable	low	no	preserved_source_text_not_a_search_identifier	1	NCPPB 409
NCPPB 409	R5	R5	isolate_code	isolated_by	2	107	109	comparison_only_no_source_edit	review_required	weak	medium	no	identifier_too_weak_for_automatic_search	1	NCPPB 409
NCPPB 410	D.W. Dye R6	DWDYER6	source_reference_raw	isolated_by	1	29	40	comparison_only_no_source_edit	review_required	not_searchable	low	no	preserved_source_text_not_a_search_identifier	1	NCPPB 410
NCPPB 410	R6	R6	isolate_code	isolated_by	1	38	40	comparison_only_no_source_edit	review_required	weak	medium	no	identifier_too_weak_for_automatic_search	1	NCPPB 410
NCPPB 411	S3	S3	donor_reference	donor_reference	1	23	25	comparison_only_no_source_edit	review_required	weak	medium	no	identifier_too_weak_for_automatic_search	1	NCPPB 411
NCPPB 411	ICMP 35	ICMP35	collection_number	collection_list	2	67	74	comparison_only_no_source_edit	auto_validated	strong	low	yes		1	NCPPB 411
NCPPB 411	CFBP 2528	CFBP2528	collection_number	collection_list	2	76	85	comparison_only_no_source_edit	auto_validated	strong	low	yes		1	NCPPB 411
NCPPB 411	LMG 747	LMG747	collection_number	collection_list	2	87	94	comparison_only_no_source_edit	auto_validated	strong	low	yes		1	NCPPB 411
NCPPB 411	ATCC 49083	ATCC49083	collection_number	collection_list	2	96	106	comparison_only_no_source_edit	auto_validated	strong	low	yes		1	NCPPB 411
NCPPB 412	D.W. Dye S6	DWDYES6	source_reference_raw	isolated_by	1	29	40	comparison_only_no_source_edit	review_required	not_searchable	low	no	preserved_source_text_not_a_search_identifier	1	NCPPB 412
NCPPB 412	S6	S6	isolate_code	isolated_by	1	38	40	comparison_only_no_source_edit	review_required	weak	medium	no	identifier_too_weak_for_automatic_search	1	NCPPB 412
NCPPB 414	D.W. Dye S10	DWDYES10	source_reference_raw	isolated_by	1	29	41	comparison_only_no_source_edit	review_required	not_searchable	low	no	preserved_source_text_not_a_search_identifier	1	NCPPB 414
NCPPB 414	S10	S10	isolate_code	isolated_by	1	38	41	comparison_only_no_source_edit	review_required	weak	medium	no	identifier_too_weak_for_automatic_search	1	NCPPB 414
NCPPB 415	D.W. Dye S12	DWDYES12	source_reference_raw	isolated_by	1	29	41	comparison_only_no_source_edit	review_required	not_searchable	low	no	preserved_source_text_not_a_search_identifier	1	NCPPB 415
NCPPB 415	S12	S12	isolate_code	isolated_by	1	38	41	comparison_only_no_source_edit	review_required	weak	medium	no	identifier_too_weak_for_automatic_search	1	NCPPB 415
NCPPB 416	ATCC 19316	ATCC19316	collection_number	collection_list	1	41	51	comparison_only_no_source_edit	auto_validated	strong	low	yes		1	NCPPB 416
NCPPB 416	ICMP 51	ICMP51	collection_number	collection_list	1	53	60	comparison_only_no_source_edit	auto_validated	strong	low	yes		1	NCPPB 416
NCPPB 416	LMG 852	LMG852	collection_number	collection_list	1	62	69	comparison_only_no_source_edit	auto_validated	strong	low	yes		1	NCPPB 416
NCPPB 416	CFBP 2535	CFBP2535	collection_number	collection_list	1	71	80	comparison_only_no_source_edit	auto_validated	strong	low	yes		1	NCPPB 416
NCPPB 416	D.W. Dye Tl	DWDYETL	source_reference_raw	isolated_by	2	110	121	comparison_only_no_source_edit	review_required	not_searchable	low	no	preserved_source_text_not_a_search_identifier	1	NCPPB 416
NCPPB 418	D.W. Dye T6	DWDYET6	source_reference_raw	isolated_by	1	29	40	comparison_only_no_source_edit	review_required	not_searchable	low	no	preserved_source_text_not_a_search_identifier	1	NCPPB 418
NCPPB 418	T6	T6	isolate_code	isolated_by	1	38	40	comparison_only_no_source_edit	review_required	weak	medium	no	identifier_too_weak_for_automatic_search	1	NCPPB 418
NCPPB 419	D.W. Dye T7	DWDYET7	source_reference_raw	isolated_by	1	29	40	comparison_only_no_source_edit	review_required	not_searchable	low	no	preserved_source_text_not_a_search_identifier	1	NCPPB 419
NCPPB 419	T7	T7	isolate_code	isolated_by	1	38	40	comparison_only_no_source_edit	review_required	weak	medium	no	identifier_too_weak_for_automatic_search	1	NCPPB 419
NCPPB 420	D.W. Dye T8	DWDYET8	source_reference_raw	isolated_by	1	29	40	comparison_only_no_source_edit	review_required	not_searchable	low	no	preserved_source_text_not_a_search_identifier	1	NCPPB 420
NCPPB 420	T8	T8	isolate_code	isolated_by	1	38	40	comparison_only_no_source_edit	review_required	weak	medium	no	identifier_too_weak_for_automatic_search	1	NCPPB 420
NCPPB 421	D.W. Dye T9	DWDYET9	source_reference_raw	isolated_by	1	29	40	comparison_only_no_source_edit	review_required	not_searchable	low	no	preserved_source_text_not_a_search_identifier	1	NCPPB 421
NCPPB 421	T9	T9	isolate_code	isolated_by	1	38	40	comparison_only_no_source_edit	review_required	weak	medium	no	identifier_too_weak_for_automatic_search	1	NCPPB 421
NCPPB 422	ICMP 63	ICMP63	collection_number	collection_list	1	41	48	comparison_only_no_source_edit	auto_validated	strong	low	yes		1	NCPPB 422
NCPPB 422	LMG 911	LMG911	collection_number	collection_list	1	50	57	comparison_only_no_source_edit	auto_validated	strong	low	yes		1	NCPPB 422
NCPPB 422	ATCC 35937	ATCC35937	collection_number	collection_list	1	59	69	comparison_only_no_source_edit	auto_validated	strong	low	yes		1	NCPPB 422
NCPPB 422	D.W. Dye X1	DWDYEX1	source_reference_raw	isolated_by	2	99	110	comparison_only_no_source_edit	review_required	not_searchable	low	no	preserved_source_text_not_a_search_identifier	1	NCPPB 422
NCPPB 422	X1	X1	isolate_code	isolated_by	2	108	110	comparison_only_no_source_edit	review_required	weak	medium	no	identifier_too_weak_for_automatic_search	1	NCPPB 422
NCPPB 423	ICMP 65	ICMP65	collection_number	collection_list	1	41	48	comparison_only_no_source_edit	auto_validated	strong	low	yes		1	NCPPB 423
NCPPB 423	LMG 916	LMG916	collection_number	collection_list	1	50	57	comparison_only_no_source_edit	auto_validated	strong	low	yes		1	NCPPB 423
NCPPB 423	D.W. Dye X3	DWDYEX3	source_reference_raw	isolated_by	2	87	98	comparison_only_no_source_edit	review_required	not_searchable	low	no	preserved_source_text_not_a_search_identifier	1	NCPPB 423
NCPPB 423	X3	X3	isolate_code	isolated_by	2	96	98	comparison_only_no_source_edit	review_required	weak	medium	no	identifier_too_weak_for_automatic_search	1	NCPPB 423
NCPPB 424	ICMP 66	ICMP66	collection_number	collection_list	1	41	48	comparison_only_no_source_edit	auto_validated	strong	low	yes		1	NCPPB 424
NCPPB 424	LMG 917	LMG917	collection_number	collection_list	1	50	57	comparison_only_no_source_edit	auto_validated	strong	low	yes		1	NCPPB 424
NCPPB 424	D.W. Dye X4	DWDYEX4	source_reference_raw	isolated_by	2	87	98	comparison_only_no_source_edit	review_required	not_searchable	low	no	preserved_source_text_not_a_search_identifier	1	NCPPB 424
NCPPB 424	X4	X4	isolate_code	isolated_by	2	96	98	comparison_only_no_source_edit	review_required	weak	medium	no	identifier_too_weak_for_automatic_search	1	NCPPB 424
NCPPB 425	ZC1	ZC1	donor_reference	donor_reference	1	23	26	comparison_only_no_source_edit	review_required	weak	medium	no	identifier_too_weak_for_automatic_search	1	NCPPB 425
NCPPB 425	ex B. Paine	EXBPAINE	source_reference_raw	source_of_isolate	2	58	69	comparison_only_no_source_edit	review_required	not_searchable	low	no	preserved_source_text_not_a_search_identifier	1	NCPPB 425
NCPPB 457	ATCC 19312	ATCC19312	collection_number	collection_list	1	41	51	comparison_only_no_source_edit	auto_validated	strong	low	yes		1	NCPPB 457
NCPPB 457	ICMP 50	ICMP50	collection_number	collection_list	1	53	60	comparison_only_no_source_edit	auto_validated	strong	low	yes		1	NCPPB 457
NCPPB 457	LMG 982	LMG982	collection_number	collection_list	1	62	69	comparison_only_no_source_edit	auto_validated	strong	low	yes		1	NCPPB 457
NCPPB 457	DSMZ 3585	DSMZ3585	collection_number	collection_list	1	71	80	comparison_only_no_source_edit	auto_validated	strong	low	yes		1	NCPPB 457
NCPPB 457	M.P. Starr XA103	MPSTARRXA103	source_reference_raw	isolated_by	2	110	126	comparison_only_no_source_edit	review_required	not_searchable	low	no	preserved_source_text_not_a_search_identifier	1	NCPPB 457
NCPPB 457	XA103	XA103	isolate_code	isolated_by	2	121	126	comparison_only_no_source_edit	auto_validated	medium	medium	yes		1	NCPPB 457
NCPPB 464	ICMP 359	ICMP359	collection_number	collection_list	1	41	49	comparison_only_no_source_edit	auto_validated	strong	low	yes		1	NCPPB 464
NCPPB 464	LMG 9052	LMG9052	collection_number	collection_list	1	51	59	comparison_only_no_source_edit	auto_validated	strong	low	yes		1	NCPPB 464
NCPPB 464	K.A. Sabet Cor 9	KASABETCOR9	source_reference_raw	isolated_by	2	89	105	comparison_only_no_source_edit	review_required	not_searchable	low	no	preserved_source_text_not_a_search_identifier	1	NCPPB 464
NCPPB 465	K.A. Sabet Cor 5	KASABETCOR5	source_reference_raw	isolated_by	1	29	45	comparison_only_no_source_edit	review_required	not_searchable	low	no	preserved_source_text_not_a_search_identifier	1	NCPPB 465
NCPPB 466	ICMP 360	ICMP360	collection_number	collection_list	1	41	49	comparison_only_no_source_edit	auto_validated	strong	low	yes		1	NCPPB 466
NCPPB 466	LMG 859	LMG859	collection_number	collection_list	1	51	58	comparison_only_no_source_edit	auto_validated	strong	low	yes		1	NCPPB 466
NCPPB 466	ex M.K. Hingorani	EXMKHINGORANI	source_reference_raw	source_of_isolate	2	90	107	comparison_only_no_source_edit	review_required	not_searchable	low	no	preserved_source_text_not_a_search_identifier	1	NCPPB 466
NCPPB 473	ex M.K. Hingorani	EXMKHINGORANI	source_reference_raw	source_of_isolate	1	31	48	comparison_only_no_source_edit	review_required	not_searchable	low	no	preserved_source_text_not_a_search_identifier	1	NCPPB 473
NCPPB 476	ex M.K. Desai	EXMKDESAI	source_reference_raw	source_of_isolate	1	31	44	comparison_only_no_source_edit	review_required	not_searchable	low	no	preserved_source_text_not_a_search_identifier	1	NCPPB 476
NCPPB 477	ex M.K. Desai	EXMKDESAI	source_reference_raw	source_of_isolate	1	31	44	comparison_only_no_source_edit	review_required	not_searchable	low	no	preserved_source_text_not_a_search_identifier	1	NCPPB 477
NCPPB 478	ex M.K. Desai	EXMKDESAI	source_reference_raw	source_of_isolate	1	31	44	comparison_only_no_source_edit	review_required	not_searchable	low	no	preserved_source_text_not_a_search_identifier	1	NCPPB 478
NCPPB 479	ex M.K. Desai	EXMKDESAI	source_reference_raw	isolated_by	1	29	42	comparison_only_no_source_edit	review_required	not_searchable	low	no	preserved_source_text_not_a_search_identifier	1	NCPPB 479
NCPPB 480	CFBP 7121	CFBP7121	collection_number	collection_list	1	41	50	comparison_only_no_source_edit	auto_validated	strong	low	yes		1	NCPPB 480
NCPPB 480	ex M.K. Desai	EXMKDESAI	source_reference_raw	source_of_isolate	2	82	95	comparison_only_no_source_edit	review_required	not_searchable	low	no	preserved_source_text_not_a_search_identifier	1	NCPPB 480
NCPPB 481	ATCC 11640	ATCC11640	collection_number	collection_list	1	41	51	comparison_only_no_source_edit	auto_validated	strong	low	yes		1	NCPPB 481
NCPPB 481	ICMP 315	ICMP315	collection_number	collection_list	1	53	61	comparison_only_no_source_edit	auto_validated	strong	low	yes		1	NCPPB 481
NCPPB 481	LMG 692	LMG692	collection_number	collection_list	1	63	70	comparison_only_no_source_edit	auto_validated	strong	low	yes		1	NCPPB 481
NCPPB 481	ICPB XD105	ICPBXD105	source_reference_raw	isolated_by	2	100	110	comparison_only_no_source_edit	review_required	not_searchable	low	no	preserved_source_text_not_a_search_identifier	1	NCPPB 481
NCPPB 481	ICPB XD105	ICPBXD105	collection_number	isolated_by	2	100	110	comparison_only_no_source_edit	auto_validated	strong	low	yes		1	NCPPB 481
NCPPB 481	ex ICPB XD105 ex ICPB XD105	EXICPBXD105EXICPBXD105	source_reference_raw	source_of_isolate	3	142	169	comparison_only_no_source_edit	review_required	not_searchable	low	no	preserved_source_text_not_a_search_identifier	1	NCPPB 481
NCPPB 485	XB109	XB109	donor_reference	donor_reference	1	23	28	comparison_only_no_source_edit	auto_validated	medium	medium	yes		1	NCPPB 485
NCPPB 485	ex ICPB XB109	EXICPBXB109	source_reference_raw	source_of_isolate	2	60	73	comparison_only_no_source_edit	review_required	not_searchable	low	no	preserved_source_text_not_a_search_identifier	1	NCPPB 485
NCPPB 485	ICPB XB109	ICPBXB109	collection_number	source_of_isolate	2	63	73	comparison_only_no_source_edit	auto_validated	strong	low	yes		1	NCPPB 485
NCPPB 488	ICPB XR101	ICPBXR101	collection_number	collection_list	1	41	51	comparison_only_no_source_edit	auto_validated	strong	low	yes		1	NCPPB 488
NCPPB 488	ATCC 11767	ATCC11767	collection_number	collection_list	1	53	63	comparison_only_no_source_edit	auto_validated	strong	low	yes		1	NCPPB 488
NCPPB 488	LMG 7441	LMG7441	collection_number	collection_list	1	65	73	comparison_only_no_source_edit	auto_validated	strong	low	yes		1	NCPPB 488
NCPPB 488	ICMP 248	ICMP248	collection_number	collection_list	1	75	83	comparison_only_no_source_edit	auto_validated	strong	low	yes		1	NCPPB 488
NCPPB 488	ex M.K. Patel	EXMKPATEL	source_reference_raw	source_of_isolate	2	115	128	comparison_only_no_source_edit	review_required	not_searchable	low	no	preserved_source_text_not_a_search_identifier	1	NCPPB 488
NCPPB 490	18	18	donor_reference	donor_reference	1	23	25	comparison_only_no_source_edit	review_required	weak	medium	no	identifier_too_weak_for_automatic_search	1	NCPPB 490
NCPPB 490	ATCC 11637	ATCC11637	collection_number	collection_list	2	67	77	comparison_only_no_source_edit	auto_validated	strong	low	yes		1	NCPPB 490
NCPPB 490	ICMP 5740	ICMP5740	collection_number	collection_list	2	79	88	comparison_only_no_source_edit	auto_validated	strong	low	yes		1	NCPPB 490
NCPPB 490	LMG 941	LMG941	collection_number	collection_list	2	90	97	comparison_only_no_source_edit	auto_validated	strong	low	yes		1	NCPPB 490
NCPPB 490	CFBP 1716	CFBP1716	collection_number	collection_list	2	99	108	comparison_only_no_source_edit	auto_validated	strong	low	yes		1	NCPPB 490
NCPPB 490	M.K. Patel	MKPATEL	source_reference_raw	isolated_by	3	138	148	comparison_only_no_source_edit	review_required	not_searchable	low	no	preserved_source_text_not_a_search_identifier	1	NCPPB 490
NCPPB 490	ex ICPB PM114 ex M.K. Patel	EXICPBPM114EXMKPATEL	source_reference_raw	source_of_isolate	4	180	207	comparison_only_no_source_edit	review_required	not_searchable	low	no	preserved_source_text_not_a_search_identifier	1	NCPPB 490
NCPPB 490	ICPB PM114	ICPBPM114	collection_number	source_of_isolate	4	183	193	comparison_only_no_source_edit	auto_validated	strong	low	yes		1	NCPPB 490
NCPPB 509	391	391	donor_reference	donor_reference	1	23	26	comparison_only_no_source_edit	review_required	weak	medium	no	identifier_too_weak_for_automatic_search	1	NCPPB 509
NCPPB 509	LMG 919	LMG919	collection_number	collection_list	2	68	75	comparison_only_no_source_edit	auto_validated	strong	low	yes		1	NCPPB 509
NCPPB 509	ex A. Rothwell	EXAROTHWELL	source_reference_raw	isolated_by	3	105	119	comparison_only_no_source_edit	review_required	not_searchable	low	no	preserved_source_text_not_a_search_identifier	1	NCPPB 509
NCPPB 510	392	392	donor_reference	donor_reference	1	23	26	comparison_only_no_source_edit	review_required	weak	medium	no	identifier_too_weak_for_automatic_search	1	NCPPB 510
NCPPB 510	ex G. Orian	EXGORIAN	source_reference_raw	isolated_by	2	56	67	comparison_only_no_source_edit	review_required	not_searchable	low	no	preserved_source_text_not_a_search_identifier	1	NCPPB 510
NCPPB 526	412	412	donor_reference	donor_reference	1	23	26	comparison_only_no_source_edit	review_required	weak	medium	no	identifier_too_weak_for_automatic_search	1	NCPPB 526
NCPPB 526	ex J.A. Spence XAS/L	EXJASPENCEXASL	source_reference_raw	isolated_by	2	56	76	comparison_only_no_source_edit	review_required	not_searchable	low	no	preserved_source_text_not_a_search_identifier	1	NCPPB 526
NCPPB 528	ICMP 13	ICMP13	collection_number	collection_list	1	41	48	comparison_only_no_source_edit	auto_validated	strong	low	yes		1	NCPPB 528
NCPPB 528	ATCC 33913	ATCC33913	collection_number	collection_list	1	50	60	comparison_only_no_source_edit	auto_validated	strong	low	yes		1	NCPPB 528
NCPPB 528	LMG 568	LMG568	collection_number	collection_list	1	62	69	comparison_only_no_source_edit	auto_validated	strong	low	yes		1	NCPPB 528
NCPPB 528	CIP 100069	CIP100069	collection_number	collection_list	1	71	81	comparison_only_no_source_edit	auto_validated	strong	low	yes		1	NCPPB 528
NCPPB 528	E. Billing P25	EBILLINGP25	source_reference_raw	isolated_by	2	111	125	comparison_only_no_source_edit	review_required	not_searchable	low	no	preserved_source_text_not_a_search_identifier	1	NCPPB 528
NCPPB 528	P25	P25	isolate_code	isolated_by	2	122	125	comparison_only_no_source_edit	review_required	weak	medium	no	identifier_too_weak_for_automatic_search	1	NCPPB 528
NCPPB 529	E. Billing P33/1	EBILLINGP331	source_reference_raw	isolated_by	1	29	45	comparison_only_no_source_edit	review_required	not_searchable	low	no	preserved_source_text_not_a_search_identifier	1	NCPPB 529
NCPPB 529	P33/1	P331	isolate_code	isolated_by	1	40	45	comparison_only_no_source_edit	auto_validated	medium	medium	yes		1	NCPPB 529
NCPPB 535	K.A. Sabet Ric 3	KASABETRIC3	source_reference_raw	isolated_by	1	29	45	comparison_only_no_source_edit	review_required	not_searchable	low	no	preserved_source_text_not_a_search_identifier	1	NCPPB 535
NCPPB 536	ICMP 671	ICMP671	collection_number	collection_list	1	41	49	comparison_only_no_source_edit	auto_validated	strong	low	yes		1	NCPPB 536
NCPPB 536	LMG 753	LMG753	collection_number	collection_list	1	51	58	comparison_only_no_source_edit	auto_validated	strong	low	yes		1	NCPPB 536
NCPPB 536	K.A. Sabet Khl	KASABETKHL	source_reference_raw	isolated_by	2	88	102	comparison_only_no_source_edit	review_required	not_searchable	low	no	preserved_source_text_not_a_search_identifier	1	NCPPB 536
NCPPB 554	ICMP 5732	ICMP5732	collection_number	collection_list	1	41	50	comparison_only_no_source_edit	auto_validated	strong	low	yes		1	NCPPB 554
NCPPB 554	LMG 712	LMG712	collection_number	collection_list	1	52	59	comparison_only_no_source_edit	auto_validated	strong	low	yes		1	NCPPB 554
NCPPB 554	CFBP 2526	CFBP2526	collection_number	collection_list	1	61	70	comparison_only_no_source_edit	auto_validated	strong	low	yes		1	NCPPB 554
NCPPB 554	ATCC 43911	ATCC43911	collection_number	collection_list	1	72	82	comparison_only_no_source_edit	auto_validated	strong	low	yes		1	NCPPB 554
NCPPB 554	K.A. Sabet Soy 1	KASABETSOY1	source_reference_raw	isolated_by	2	112	128	comparison_only_no_source_edit	review_required	not_searchable	low	no	preserved_source_text_not_a_search_identifier	1	NCPPB 554
NCPPB 555	K.A. Sabet Vig 5	KASABETVIG5	source_reference_raw	isolated_by	1	29	45	comparison_only_no_source_edit	review_required	not_searchable	low	no	preserved_source_text_not_a_search_identifier	1	NCPPB 555
NCPPB 556	K.A. Sabet Dol S	KASABETDOLS	source_reference_raw	isolated_by	1	29	45	comparison_only_no_source_edit	review_required	not_searchable	low	no	preserved_source_text_not_a_search_identifier	1	NCPPB 556
NCPPB 557	K.A. Sabet Dol W	KASABETDOLW	source_reference_raw	isolated_by	1	29	45	comparison_only_no_source_edit	review_required	not_searchable	low	no	preserved_source_text_not_a_search_identifier	1	NCPPB 557
NCPPB 570	ATCC 11645	ATCC11645	collection_number	collection_list	1	41	51	comparison_only_no_source_edit	auto_validated	strong	low	yes		1	NCPPB 570
NCPPB 570	ICMP 441	ICMP441	collection_number	collection_list	1	53	61	comparison_only_no_source_edit	auto_validated	strong	low	yes		1	NCPPB 570
NCPPB 570	LMG 498	LMG498	collection_number	collection_list	1	63	70	comparison_only_no_source_edit	auto_validated	strong	low	yes		1	NCPPB 570
NCPPB 570	ex M.K. Patel 16	EXMKPATEL16	source_reference_raw	source_of_isolate	2	102	118	comparison_only_no_source_edit	review_required	not_searchable	low	no	preserved_source_text_not_a_search_identifier	1	NCPPB 570
NCPPB 571	ATCC 11672	ATCC11672	collection_number	collection_list	1	41	51	comparison_only_no_source_edit	auto_validated	strong	low	yes		1	NCPPB 571
NCPPB 571	ICMP 571	ICMP571	collection_number	collection_list	1	53	61	comparison_only_no_source_edit	auto_validated	strong	low	yes		1	NCPPB 571
NCPPB 571	LMG 546	LMG546	collection_number	collection_list	1	63	70	comparison_only_no_source_edit	auto_validated	strong	low	yes		1	NCPPB 571
NCPPB 571	M.K. Patel 4	MKPATEL4	source_reference_raw	isolated_by	2	100	112	comparison_only_no_source_edit	review_required	not_searchable	low	no	preserved_source_text_not_a_search_identifier	1	NCPPB 571
NCPPB 573	ATCC 11639	ATCC11639	collection_number	collection_list	1	41	51	comparison_only_no_source_edit	auto_validated	strong	low	yes		1	NCPPB 573
NCPPB 573	ICMP 444	ICMP444	collection_number	collection_list	1	53	61	comparison_only_no_source_edit	auto_validated	strong	low	yes		1	NCPPB 573
NCPPB 573	LMG 558	LMG558	collection_number	collection_list	1	63	70	comparison_only_no_source_edit	auto_validated	strong	low	yes		1	NCPPB 573
NCPPB 573	ex M.K. Patel 5	EXMKPATEL5	source_reference_raw	source_of_isolate	2	102	117	comparison_only_no_source_edit	review_required	not_searchable	low	no	preserved_source_text_not_a_search_identifier	1	NCPPB 573
NCPPB 575	ATCC 11676	ATCC11676	collection_number	collection_list	1	41	51	comparison_only_no_source_edit	auto_validated	strong	low	yes		1	NCPPB 575
NCPPB 575	ICMP 445	ICMP445	collection_number	collection_list	1	53	61	comparison_only_no_source_edit	auto_validated	strong	low	yes		1	NCPPB 575
NCPPB 575	CIP 106789	CIP106789	collection_number	collection_list	1	63	73	comparison_only_no_source_edit	auto_validated	strong	low	yes		1	NCPPB 575
NCPPB 575	LMG 684	LMG684	collection_number	collection_list	1	75	82	comparison_only_no_source_edit	auto_validated	strong	low	yes		1	NCPPB 575
NCPPB 575	DSMZ 13067	DSMZ13067	collection_number	collection_list	1	84	94	comparison_only_no_source_edit	auto_validated	strong	low	yes		1	NCPPB 575
NCPPB 575	CCUG 43811	CCUG43811	collection_number	collection_list	1	96	106	comparison_only_no_source_edit	auto_validated	strong	low	yes		1	NCPPB 575
NCPPB 575	ex M.K. Patel 10	EXMKPATEL10	source_reference_raw	source_of_isolate	2	138	154	comparison_only_no_source_edit	review_required	not_searchable	low	no	preserved_source_text_not_a_search_identifier	1	NCPPB 575
NCPPB 577	ATCC 11671	ATCC11671	collection_number	collection_list	1	41	51	comparison_only_no_source_edit	auto_validated	strong	low	yes		1	NCPPB 577
NCPPB 577	ICMP 577	ICMP577	collection_number	collection_list	1	53	61	comparison_only_no_source_edit	auto_validated	strong	low	yes		1	NCPPB 577
NCPPB 577	LMG 693	LMG693	collection_number	collection_list	1	63	70	comparison_only_no_source_edit	auto_validated	strong	low	yes		1	NCPPB 577
NCPPB 577	ex M.K. Patel 3	EXMKPATEL3	source_reference_raw	source_of_isolate	2	102	117	comparison_only_no_source_edit	review_required	not_searchable	low	no	preserved_source_text_not_a_search_identifier	1	NCPPB 577
NCPPB 578	ATCC 11679	ATCC11679	collection_number	collection_list	1	41	51	comparison_only_no_source_edit	auto_validated	strong	low	yes		1	NCPPB 578
NCPPB 578	ICMP 446	ICMP446	collection_number	collection_list	1	53	61	comparison_only_no_source_edit	auto_validated	strong	low	yes		1	NCPPB 578
NCPPB 578	LMG 698	LMG698	collection_number	collection_list	1	63	70	comparison_only_no_source_edit	auto_validated	strong	low	yes		1	NCPPB 578
NCPPB 578	ex M.K. Patel 17	EXMKPATEL17	source_reference_raw	source_of_isolate	2	102	118	comparison_only_no_source_edit	review_required	not_searchable	low	no	preserved_source_text_not_a_search_identifier	1	NCPPB 578
NCPPB 579	ATCC 11674	ATCC11674	collection_number	collection_list	1	41	51	comparison_only_no_source_edit	auto_validated	strong	low	yes		1	NCPPB 579
NCPPB 579	ICMP 319	ICMP319	collection_number	collection_list	1	53	61	comparison_only_no_source_edit	auto_validated	strong	low	yes		1	NCPPB 579
NCPPB 579	LMG 756	LMG756	collection_number	collection_list	1	63	70	comparison_only_no_source_edit	auto_validated	strong	low	yes		1	NCPPB 579
NCPPB 579	ex M.K. Patel 8	EXMKPATEL8	source_reference_raw	source_of_isolate	2	102	117	comparison_only_no_source_edit	review_required	not_searchable	low	no	preserved_source_text_not_a_search_identifier	1	NCPPB 579
NCPPB 581	ATCC 11643	ATCC11643	collection_number	collection_list	1	41	51	comparison_only_no_source_edit	auto_validated	strong	low	yes		1	NCPPB 581
NCPPB 581	ICMP 5779	ICMP5779	collection_number	collection_list	1	53	62	comparison_only_no_source_edit	auto_validated	strong	low	yes		1	NCPPB 581
NCPPB 581	LMG 849	LMG849	collection_number	collection_list	1	64	71	comparison_only_no_source_edit	auto_validated	strong	low	yes		1	NCPPB 581
NCPPB 581	CFBP 7277	CFBP7277	collection_number	collection_list	1	73	82	comparison_only_no_source_edit	auto_validated	strong	low	yes		1	NCPPB 581
NCPPB 581	ex M.K. Patel 12	EXMKPATEL12	source_reference_raw	source_of_isolate	2	114	130	comparison_only_no_source_edit	review_required	not_searchable	low	no	preserved_source_text_not_a_search_identifier	1	NCPPB 581
NCPPB 582	ATCC 11675	ATCC11675	collection_number	collection_list	1	41	51	comparison_only_no_source_edit	auto_validated	strong	low	yes		1	NCPPB 582
NCPPB 582	ICMP 367	ICMP367	collection_number	collection_list	1	53	61	comparison_only_no_source_edit	auto_validated	strong	low	yes		1	NCPPB 582
NCPPB 582	LMG 867	LMG867	collection_number	collection_list	1	63	70	comparison_only_no_source_edit	review_required	strong	high	no	identifier_collision	2	NCPPB 1758; NCPPB 582
NCPPB 582	M.K. Patel	MKPATEL	source_reference_raw	isolated_by	2	100	110	comparison_only_no_source_edit	review_required	not_searchable	low	no	preserved_source_text_not_a_search_identifier	1	NCPPB 582
NCPPB 582	ex M.K. Patel 9	EXMKPATEL9	source_reference_raw	source_of_isolate	3	142	157	comparison_only_no_source_edit	review_required	not_searchable	low	no	preserved_source_text_not_a_search_identifier	1	NCPPB 582
NCPPB 584	ATCC 11673	ATCC11673	collection_number	collection_list	1	41	51	comparison_only_no_source_edit	auto_validated	strong	low	yes		1	NCPPB 584
NCPPB 584	ICMP 572	ICMP572	collection_number	collection_list	1	53	61	comparison_only_no_source_edit	auto_validated	strong	low	yes		1	NCPPB 584
NCPPB 584	LMG 995	LMG995	collection_number	collection_list	1	63	70	comparison_only_no_source_edit	auto_validated	strong	low	yes		1	NCPPB 584
NCPPB 584	CCUG 15850	CCUG15850	collection_number	collection_list	1	72	82	comparison_only_no_source_edit	auto_validated	strong	low	yes		1	NCPPB 584
NCPPB 584	ex M.K. Patel 7	EXMKPATEL7	source_reference_raw	source_of_isolate	2	114	129	comparison_only_no_source_edit	review_required	not_searchable	low	no	preserved_source_text_not_a_search_identifier	1	NCPPB 584
NCPPB 585	ATCC 11678	ATCC11678	collection_number	collection_list	1	41	51	comparison_only_no_source_edit	auto_validated	strong	low	yes		1	NCPPB 585
NCPPB 585	ICMP 5754	ICMP5754	collection_number	collection_list	1	53	62	comparison_only_no_source_edit	auto_validated	strong	low	yes		1	NCPPB 585
NCPPB 585	LMG 874	LMG874	collection_number	collection_list	1	64	71	comparison_only_no_source_edit	auto_validated	strong	low	yes		1	NCPPB 585
NCPPB 585	ex M.K. Patel 15	EXMKPATEL15	source_reference_raw	isolated_by	2	101	117	comparison_only_no_source_edit	review_required	not_searchable	low	no	preserved_source_text_not_a_search_identifier	1	NCPPB 585
NCPPB 586	ATCC 11641	ATCC11641	collection_number	collection_list	1	41	51	comparison_only_no_source_edit	auto_validated	strong	low	yes		1	NCPPB 586
NCPPB 586	ICMP 5756	ICMP5756	collection_number	collection_list	1	53	62	comparison_only_no_source_edit	auto_validated	strong	low	yes		1	NCPPB 586
NCPPB 586	LMG 893	LMG893	collection_number	collection_list	1	64	71	comparison_only_no_source_edit	auto_validated	strong	low	yes		1	NCPPB 586
NCPPB 586	ex M.K. Patel 2	EXMKPATEL2	source_reference_raw	source_of_isolate	2	103	118	comparison_only_no_source_edit	review_required	not_searchable	low	no	preserved_source_text_not_a_search_identifier	1	NCPPB 586
NCPPB 599	Y6	Y6	donor_reference	donor_reference	1	23	25	comparison_only_no_source_edit	review_required	weak	medium	no	identifier_too_weak_for_automatic_search	1	NCPPB 599
NCPPB 599	ATCC 193314	ATCC193314	collection_number	collection_list	2	67	78	comparison_only_no_source_edit	auto_validated	strong	low	yes		1	NCPPB 599
NCPPB 599	ICMP 189	ICMP189	collection_number	collection_list	2	80	88	comparison_only_no_source_edit	auto_validated	strong	low	yes		1	NCPPB 599
NCPPB 599	DSM 19077	DSM19077	collection_number	collection_list	2	90	99	comparison_only_no_source_edit	auto_validated	strong	low	yes		1	NCPPB 599
NCPPB 599	CFBP 1156	CFBP1156	collection_number	collection_list	2	101	110	comparison_only_no_source_edit	auto_validated	strong	low	yes		1	NCPPB 599
NCPPB 599	LMG 739	LMG739	collection_number	collection_list	2	112	119	comparison_only_no_source_edit	auto_validated	strong	low	yes		1	NCPPB 599
NCPPB 599	ex E. van Slogteren	EXEVANSLOGTEREN	source_reference_raw	source_of_isolate	3	151	170	comparison_only_no_source_edit	review_required	not_searchable	low	no	preserved_source_text_not_a_search_identifier	1	NCPPB 599
NCPPB 614	ex L.S. Bird 52-3	EXLSBIRD523	source_reference_raw	source_of_isolate	1	31	48	comparison_only_no_source_edit	review_required	not_searchable	low	no	preserved_source_text_not_a_search_identifier	1	NCPPB 614
NCPPB 631	ICMP 621	ICMP621	collection_number	collection_list	1	41	49	comparison_only_no_source_edit	auto_validated	strong	low	yes		1	NCPPB 631
NCPPB 631	LMG 865	LMG865	collection_number	collection_list	1	51	58	comparison_only_no_source_edit	auto_validated	strong	low	yes		1	NCPPB 631
NCPPB 631	ex K.A. Sabet	EXKASABET	source_reference_raw	isolated_by	2	88	101	comparison_only_no_source_edit	review_required	not_searchable	low	no	preserved_source_text_not_a_search_identifier	1	NCPPB 631
NCPPB 633	222M	222M	donor_reference	donor_reference	1	23	27	comparison_only_no_source_edit	auto_validated	medium	medium	yes		1	NCPPB 633
NCPPB 633	ICMP 5739	ICMP5739	collection_number	collection_list	2	69	78	comparison_only_no_source_edit	auto_validated	strong	low	yes		1	NCPPB 633
NCPPB 633	LMG 761	LMG761	collection_number	collection_list	2	80	87	comparison_only_no_source_edit	auto_validated	strong	low	yes		1	NCPPB 633
NCPPB 633	CFBP 2530	CFBP2530	collection_number	collection_list	2	89	98	comparison_only_no_source_edit	auto_validated	strong	low	yes		1	NCPPB 633
NCPPB 633	ex F.T. Last M2519	EXFTLASTM2519	source_reference_raw	isolated_by	3	128	146	comparison_only_no_source_edit	review_required	not_searchable	low	no	preserved_source_text_not_a_search_identifier	1	NCPPB 633
NCPPB 633	M2519	M2519	isolate_code	isolated_by	3	141	146	comparison_only_no_source_edit	auto_validated	medium	medium	yes		1	NCPPB 633
NCPPB 634	223S	223S	donor_reference	donor_reference	1	23	27	comparison_only_no_source_edit	auto_validated	medium	medium	yes		1	NCPPB 634
NCPPB 634	ex F. T. Last S2519	EXFTLASTS2519	source_reference_raw	isolated_by	2	57	76	comparison_only_no_source_edit	review_required	not_searchable	low	no	preserved_source_text_not_a_search_identifier	1	NCPPB 634
NCPPB 634	S2519	S2519	isolate_code	isolated_by	2	71	76	comparison_only_no_source_edit	auto_validated	medium	medium	yes		1	NCPPB 634
NCPPB 637	76200	76200	donor_reference	donor_reference	1	23	28	comparison_only_no_source_edit	auto_validated	medium	medium	yes		1	NCPPB 637
NCPPB 637	ICMP 616	ICMP616	collection_number	collection_list	2	70	78	comparison_only_no_source_edit	auto_validated	strong	low	yes		1	NCPPB 637
NCPPB 637	LMG 691	LMG691	collection_number	collection_list	2	80	87	comparison_only_no_source_edit	auto_validated	strong	low	yes		1	NCPPB 637
NCPPB 637	ex M.K. Patel	EXMKPATEL	source_reference_raw	isolated_by	3	117	130	comparison_only_no_source_edit	review_required	not_searchable	low	no	preserved_source_text_not_a_search_identifier	1	NCPPB 637
NCPPB 637	ex M.V. Desai	EXMVDESAI	source_reference_raw	source_of_isolate	4	162	175	comparison_only_no_source_edit	review_required	not_searchable	low	no	preserved_source_text_not_a_search_identifier	1	NCPPB 637
NCPPB 638	76537	76537	donor_reference	donor_reference	1	23	28	comparison_only_no_source_edit	auto_validated	medium	medium	yes		1	NCPPB 638
NCPPB 638	CFBP 7110	CFBP7110	collection_number	collection_list	2	70	79	comparison_only_no_source_edit	auto_validated	strong	low	yes		1	NCPPB 638
NCPPB 638	ex A. Rothwell	EXAROTHWELL	source_reference_raw	isolated_by	3	109	123	comparison_only_no_source_edit	review_required	not_searchable	low	no	preserved_source_text_not_a_search_identifier	1	NCPPB 638
NCPPB 642	423	423	donor_reference	donor_reference	1	23	26	comparison_only_no_source_edit	review_required	weak	medium	no	identifier_too_weak_for_automatic_search	1	NCPPB 642
NCPPB 642	ex E. Hellmers	EXEHELLMERS	source_reference_raw	isolated_by	2	56	70	comparison_only_no_source_edit	review_required	not_searchable	low	no	preserved_source_text_not_a_search_identifier	1	NCPPB 642
NCPPB 645	K.A. Sabet Cas 2	KASABETCAS2	source_reference_raw	isolated_by	1	29	45	comparison_only_no_source_edit	review_required	not_searchable	low	no	preserved_source_text_not_a_search_identifier	1	NCPPB 645
NCPPB 646	K.A. Sabet Kh2	KASABETKH2	source_reference_raw	isolated_by	1	29	43	comparison_only_no_source_edit	review_required	not_searchable	low	no	preserved_source_text_not_a_search_identifier	1	NCPPB 646
NCPPB 646	Kh2	KH2	isolate_code	isolated_by	1	40	43	comparison_only_no_source_edit	review_required	weak	medium	no	identifier_too_weak_for_automatic_search	1	NCPPB 646
NCPPB 647	K.A. Sabet Ses 9	KASABETSES9	source_reference_raw	isolated_by	1	29	45	comparison_only_no_source_edit	review_required	not_searchable	low	no	preserved_source_text_not_a_search_identifier	1	NCPPB 647
NCPPB 648	K.A. Sabet Med. 3	KASABETMED3	source_reference_raw	isolated_by	1	29	46	comparison_only_no_source_edit	review_required	not_searchable	low	no	preserved_source_text_not_a_search_identifier	1	NCPPB 648
NCPPB 670	77421	77421	donor_reference	donor_reference	1	23	28	comparison_only_no_source_edit	auto_validated	medium	medium	yes		1	NCPPB 670
NCPPB 670	ex C. Logan	EXCLOGAN	source_reference_raw	isolated_by	2	58	69	comparison_only_no_source_edit	review_required	not_searchable	low	no	preserved_source_text_not_a_search_identifier	1	NCPPB 670
NCPPB 701	77833	77833	donor_reference	donor_reference	1	23	28	comparison_only_no_source_edit	auto_validated	medium	medium	yes		1	NCPPB 701
NCPPB 701	LMG 920	LMG920	collection_number	collection_list	2	70	77	comparison_only_no_source_edit	auto_validated	strong	low	yes		1	NCPPB 701
NCPPB 701	ex G. Goidanich	EXGGOIDANICH	source_reference_raw	isolated_by	3	107	122	comparison_only_no_source_edit	review_required	not_searchable	low	no	preserved_source_text_not_a_search_identifier	1	NCPPB 701
NCPPB 702	77860	77860	donor_reference	donor_reference	1	23	28	comparison_only_no_source_edit	auto_validated	medium	medium	yes		1	NCPPB 702
NCPPB 702	ICPB XV168	ICPBXV168	collection_number	collection_list	2	70	80	comparison_only_no_source_edit	auto_validated	strong	low	yes		1	NCPPB 702
NCPPB 702	LMG 8710	LMG8710	collection_number	collection_list	2	82	90	comparison_only_no_source_edit	auto_validated	strong	low	yes		1	NCPPB 702
NCPPB 702	CFBP 7163	CFBP7163	collection_number	collection_list	2	92	101	comparison_only_no_source_edit	auto_validated	strong	low	yes		1	NCPPB 702
NCPPB 702	ex A. Rothwell	EXAROTHWELL	source_reference_raw	isolated_by	3	131	145	comparison_only_no_source_edit	review_required	not_searchable	low	no	preserved_source_text_not_a_search_identifier	1	NCPPB 702
NCPPB 761	Yzl	YZL	donor_reference	donor_reference	1	23	26	comparison_only_no_source_edit	review_required	weak	high	no	digit_free_donor_reference_requires_review_before_search	1	NCPPB 761
NCPPB 761	ICMP 586	ICMP586	collection_number	collection_list	2	68	76	comparison_only_no_source_edit	auto_validated	strong	low	yes		1	NCPPB 761
NCPPB 761	LMG 845	LMG845	collection_number	collection_list	2	78	85	comparison_only_no_source_edit	auto_validated	strong	low	yes		1	NCPPB 761
NCPPB 761	ATCC 49077	ATCC49077	collection_number	collection_list	2	87	97	comparison_only_no_source_edit	auto_validated	strong	low	yes		1	NCPPB 761
NCPPB 761	N. Okabe	NOKABE	source_reference_raw	isolated_by	3	127	135	comparison_only_no_source_edit	review_required	not_searchable	low	no	preserved_source_text_not_a_search_identifier	1	NCPPB 761
NCPPB 761	ex N. Okabe	EXNOKABE	source_reference_raw	source_of_isolate	4	167	178	comparison_only_no_source_edit	review_required	not_searchable	low	no	preserved_source_text_not_a_search_identifier	1	NCPPB 761
NCPPB 762	XAl	XAL	donor_reference	donor_reference	1	23	26	comparison_only_no_source_edit	review_required	weak	high	no	digit_free_donor_reference_requires_review_before_search	1	NCPPB 762
NCPPB 762	ICMP 570	ICMP570	collection_number	collection_list	2	68	76	comparison_only_no_source_edit	auto_validated	strong	low	yes		1	NCPPB 762
NCPPB 762	LMG 847	LMG847	collection_number	collection_list	2	78	85	comparison_only_no_source_edit	auto_validated	strong	low	yes		1	NCPPB 762
NCPPB 762	DSM 18956	DSM18956	collection_number	collection_list	2	87	96	comparison_only_no_source_edit	auto_validated	strong	low	yes		1	NCPPB 762
NCPPB 762	ATCC 35936	ATCC35936	collection_number	collection_list	2	98	108	comparison_only_no_source_edit	auto_validated	strong	low	yes		1	NCPPB 762
NCPPB 762	N. Okabe	NOKABE	source_reference_raw	isolated_by	3	138	146	comparison_only_no_source_edit	review_required	not_searchable	low	no	preserved_source_text_not_a_search_identifier	1	NCPPB 762
NCPPB 762	ex N. Okabe	EXNOKABE	source_reference_raw	source_of_isolate	4	178	189	comparison_only_no_source_edit	review_required	not_searchable	low	no	preserved_source_text_not_a_search_identifier	1	NCPPB 762
NCPPB 793	78017	78017	donor_reference	donor_reference	1	23	28	comparison_only_no_source_edit	auto_validated	medium	medium	yes		1	NCPPB 793
NCPPB 793	ex T.N. Kaul	EXTNKAUL	source_reference_raw	isolated_by	2	58	70	comparison_only_no_source_edit	review_required	not_searchable	low	no	preserved_source_text_not_a_search_identifier	1	NCPPB 793
NCPPB 795	81587	81587	donor_reference	donor_reference	1	23	28	comparison_only_no_source_edit	auto_validated	medium	medium	yes		1	NCPPB 795
NCPPB 795	LMG 900	LMG900	collection_number	collection_list	2	70	77	comparison_only_no_source_edit	auto_validated	strong	low	yes		1	NCPPB 795
NCPPB 795	ex P. Baudin	EXPBAUDIN	source_reference_raw	isolated_by	3	107	119	comparison_only_no_source_edit	review_required	not_searchable	low	no	preserved_source_text_not_a_search_identifier	1	NCPPB 795
NCPPB 840	ICMP 167	ICMP167	collection_number	collection_list	1	41	49	comparison_only_no_source_edit	auto_validated	strong	low	yes		1	NCPPB 840
NCPPB 840	LMG 811	LMG811	collection_number	collection_list	1	51	58	comparison_only_no_source_edit	auto_validated	strong	low	yes		1	NCPPB 840
NCPPB 840	ex M.K. Desai	EXMKDESAI	source_reference_raw	source_of_isolate	2	90	103	comparison_only_no_source_edit	review_required	not_searchable	low	no	preserved_source_text_not_a_search_identifier	1	NCPPB 840
NCPPB 881	Strain sombor	STRAINSOMBOR	donor_reference	donor_reference	1	23	36	comparison_only_no_source_edit	review_required	medium	high	no	digit_free_donor_reference_requires_review_before_search	1	NCPPB 881
NCPPB 881	ATCC 19865	ATCC19865	collection_number	collection_list	2	78	88	comparison_only_no_source_edit	auto_validated	strong	low	yes		1	NCPPB 881
NCPPB 881	DSM 19127	DSM19127	collection_number	collection_list	2	90	99	comparison_only_no_source_edit	auto_validated	strong	low	yes		1	NCPPB 881
NCPPB 881	D. Sutic	DSUTIC	source_reference_raw	isolated_by	3	129	137	comparison_only_no_source_edit	review_required	not_searchable	low	no	preserved_source_text_not_a_search_identifier	1	NCPPB 881
NCPPB 884	B400	B400	donor_reference	donor_reference	1	23	27	comparison_only_no_source_edit	auto_validated	medium	medium	yes		1	NCPPB 884
NCPPB 884	ex R.M. Patel	EXRMPATEL	source_reference_raw	source_of_isolate	2	59	72	comparison_only_no_source_edit	review_required	not_searchable	low	no	preserved_source_text_not_a_search_identifier	1	NCPPB 884
NCPPB 885	B401	B401	donor_reference	donor_reference	1	23	27	comparison_only_no_source_edit	auto_validated	medium	medium	yes		1	NCPPB 885
NCPPB 885	ICMP 168	ICMP168	collection_number	collection_list	2	69	77	comparison_only_no_source_edit	auto_validated	strong	low	yes		1	NCPPB 885
NCPPB 885	LMG 694	LMG694	collection_number	collection_list	2	79	86	comparison_only_no_source_edit	auto_validated	strong	low	yes		1	NCPPB 885
NCPPB 885	ex R.M. Patel	EXRMPATEL	source_reference_raw	isolated_by	3	116	129	comparison_only_no_source_edit	review_required	not_searchable	low	no	preserved_source_text_not_a_search_identifier	1	NCPPB 885
NCPPB 887	ATCC 33195	ATCC33195	collection_number	collection_list	1	41	51	comparison_only_no_source_edit	auto_validated	strong	low	yes		1	NCPPB 887
NCPPB 887	A.C. Hayward B315	ACHAYWARDB315	source_reference_raw	isolated_by	2	81	98	comparison_only_no_source_edit	review_required	not_searchable	low	no	preserved_source_text_not_a_search_identifier	1	NCPPB 887
NCPPB 887	B315	B315	isolate_code	isolated_by	2	94	98	comparison_only_no_source_edit	auto_validated	medium	medium	yes		1	NCPPB 887
NCPPB 888	A.C. Hayward B325	ACHAYWARDB325	source_reference_raw	isolated_by	1	29	46	comparison_only_no_source_edit	review_required	not_searchable	low	no	preserved_source_text_not_a_search_identifier	1	NCPPB 888
NCPPB 888	B325	B325	isolate_code	isolated_by	1	42	46	comparison_only_no_source_edit	auto_validated	medium	medium	yes		1	NCPPB 888
NCPPB 889	LMG 902	LMG902	collection_number	collection_list	1	41	48	comparison_only_no_source_edit	auto_validated	strong	low	yes		1	NCPPB 889
NCPPB 889	CFBP 5831	CFBP5831	collection_number	collection_list	1	50	59	comparison_only_no_source_edit	auto_validated	strong	low	yes		1	NCPPB 889
NCPPB 889	A.C. Hayward B323	ACHAYWARDB323	source_reference_raw	isolated_by	2	89	106	comparison_only_no_source_edit	review_required	not_searchable	low	no	preserved_source_text_not_a_search_identifier	1	NCPPB 889
NCPPB 889	B323	B323	isolate_code	isolated_by	2	102	106	comparison_only_no_source_edit	auto_validated	medium	medium	yes		1	NCPPB 889
NCPPB 891	A.C. Hayward B337	ACHAYWARDB337	source_reference_raw	isolated_by	1	29	46	comparison_only_no_source_edit	review_required	not_searchable	low	no	preserved_source_text_not_a_search_identifier	1	NCPPB 891
NCPPB 891	B337	B337	isolate_code	isolated_by	1	42	46	comparison_only_no_source_edit	auto_validated	medium	medium	yes		1	NCPPB 891
NCPPB 892	A.C. Hayward B349	ACHAYWARDB349	source_reference_raw	isolated_by	1	29	46	comparison_only_no_source_edit	review_required	not_searchable	low	no	preserved_source_text_not_a_search_identifier	1	NCPPB 892
NCPPB 892	B349	B349	isolate_code	isolated_by	1	42	46	comparison_only_no_source_edit	auto_validated	medium	medium	yes		1	NCPPB 892
NCPPB 893	A.C. Hayward B343	ACHAYWARDB343	source_reference_raw	isolated_by	1	29	46	comparison_only_no_source_edit	review_required	not_searchable	low	no	preserved_source_text_not_a_search_identifier	1	NCPPB 893
NCPPB 893	B343	B343	isolate_code	isolated_by	1	42	46	comparison_only_no_source_edit	auto_validated	medium	medium	yes		1	NCPPB 893
NCPPB 895	LMG 8714	LMG8714	collection_number	collection_list	1	41	49	comparison_only_no_source_edit	auto_validated	strong	low	yes		1	NCPPB 895
NCPPB 895	A.C. Hayward B370	ACHAYWARDB370	source_reference_raw	isolated_by	2	79	96	comparison_only_no_source_edit	review_required	not_searchable	low	no	preserved_source_text_not_a_search_identifier	1	NCPPB 895
NCPPB 895	B370	B370	isolate_code	isolated_by	2	92	96	comparison_only_no_source_edit	auto_validated	medium	medium	yes		1	NCPPB 895
NCPPB 896	B462	B462	donor_reference	donor_reference	1	23	27	comparison_only_no_source_edit	auto_validated	medium	medium	yes		1	NCPPB 896
NCPPB 896	ATCC 33196	ATCC33196	collection_number	collection_list	2	69	79	comparison_only_no_source_edit	auto_validated	strong	low	yes		1	NCPPB 896
NCPPB 896	LMG 483	LMG483	collection_number	collection_list	2	81	88	comparison_only_no_source_edit	auto_validated	strong	low	yes		1	NCPPB 896
NCPPB 896	ex P. Baudin	EXPBAUDIN	source_reference_raw	isolated_by	3	118	130	comparison_only_no_source_edit	review_required	not_searchable	low	no	preserved_source_text_not_a_search_identifier	1	NCPPB 896
NCPPB 897	B463	B463	donor_reference	donor_reference	1	23	27	comparison_only_no_source_edit	auto_validated	medium	medium	yes		1	NCPPB 897
NCPPB 897	ex P. Baudin	EXPBAUDIN	source_reference_raw	isolated_by	2	57	69	comparison_only_no_source_edit	review_required	not_searchable	low	no	preserved_source_text_not_a_search_identifier	1	NCPPB 897
NCPPB 899	A.C. Hayward B377	ACHAYWARDB377	source_reference_raw	isolated_by	1	29	46	comparison_only_no_source_edit	review_required	not_searchable	low	no	preserved_source_text_not_a_search_identifier	1	NCPPB 899
NCPPB 899	B377	B377	isolate_code	isolated_by	1	42	46	comparison_only_no_source_edit	auto_validated	medium	medium	yes		1	NCPPB 899
NCPPB 900	A.C. Hayward B386	ACHAYWARDB386	source_reference_raw	isolated_by	1	29	46	comparison_only_no_source_edit	review_required	not_searchable	low	no	preserved_source_text_not_a_search_identifier	1	NCPPB 900
NCPPB 900	B386	B386	isolate_code	isolated_by	1	42	46	comparison_only_no_source_edit	auto_validated	medium	medium	yes		1	NCPPB 900
NCPPB 901	B406	B406	donor_reference	donor_reference	1	23	27	comparison_only_no_source_edit	auto_validated	medium	medium	yes		1	NCPPB 901
NCPPB 901	ex N.B. Kulkarni	EXNBKULKARNI	source_reference_raw	source_of_isolate	2	59	75	comparison_only_no_source_edit	review_required	not_searchable	low	no	preserved_source_text_not_a_search_identifier	1	NCPPB 901
NCPPB 902	B454	B454	donor_reference	donor_reference	1	23	27	comparison_only_no_source_edit	auto_validated	medium	medium	yes		1	NCPPB 902
NCPPB 902	ex N. Shanmuganathan	EXNSHANMUGANATHAN	source_reference_raw	source_of_isolate	2	59	79	comparison_only_no_source_edit	review_required	not_searchable	low	no	preserved_source_text_not_a_search_identifier	1	NCPPB 902
NCPPB 916	B136	B136	donor_reference	donor_reference	1	23	27	comparison_only_no_source_edit	auto_validated	medium	medium	yes		1	NCPPB 916
NCPPB 917	A.C. Hayward B130	ACHAYWARDB130	source_reference_raw	isolated_by	1	29	46	comparison_only_no_source_edit	review_required	not_searchable	low	no	preserved_source_text_not_a_search_identifier	1	NCPPB 917
NCPPB 917	B130	B130	isolate_code	isolated_by	1	42	46	comparison_only_no_source_edit	auto_validated	medium	medium	yes		1	NCPPB 917
NCPPB 918	A.C. Hayward B373	ACHAYWARDB373	source_reference_raw	isolated_by	1	29	46	comparison_only_no_source_edit	review_required	not_searchable	low	no	preserved_source_text_not_a_search_identifier	1	NCPPB 918
NCPPB 918	B373	B373	isolate_code	isolated_by	1	42	46	comparison_only_no_source_edit	auto_validated	medium	medium	yes		1	NCPPB 918
NCPPB 922	B499	B499	donor_reference	donor_reference	1	23	27	comparison_only_no_source_edit	auto_validated	medium	medium	yes		1	NCPPB 922
NCPPB 922	ex P. Baudin 1213A	EXPBAUDIN1213A	source_reference_raw	isolated_by	2	57	75	comparison_only_no_source_edit	review_required	not_searchable	low	no	preserved_source_text_not_a_search_identifier	1	NCPPB 922
NCPPB 922	1213A	1213A	isolate_code	isolated_by	2	70	75	comparison_only_no_source_edit	auto_validated	medium	medium	yes		1	NCPPB 922
NCPPB 923	B495	B495	donor_reference	donor_reference	1	23	27	comparison_only_no_source_edit	auto_validated	medium	medium	yes		1	NCPPB 923
NCPPB 923	ex H.T. Brodrick A13a	EXHTBRODRICKA13A	source_reference_raw	isolated_by	2	57	78	comparison_only_no_source_edit	review_required	not_searchable	low	no	preserved_source_text_not_a_search_identifier	1	NCPPB 923
NCPPB 923	A13a	A13A	isolate_code	isolated_by	2	74	78	comparison_only_no_source_edit	auto_validated	medium	medium	yes		1	NCPPB 923
NCPPB 924	B497	B497	donor_reference	donor_reference	1	23	27	comparison_only_no_source_edit	auto_validated	medium	medium	yes		1	NCPPB 924
NCPPB 924	ex H.T. Brodrick A26	EXHTBRODRICKA26	source_reference_raw	isolated_by	2	57	77	comparison_only_no_source_edit	review_required	not_searchable	low	no	preserved_source_text_not_a_search_identifier	1	NCPPB 924
NCPPB 924	A26	A26	isolate_code	isolated_by	2	74	77	comparison_only_no_source_edit	review_required	weak	medium	no	identifier_too_weak_for_automatic_search	1	NCPPB 924
NCPPB 926	B494	B494	donor_reference	donor_reference	1	23	27	comparison_only_no_source_edit	auto_validated	medium	medium	yes		1	NCPPB 926
NCPPB 926	ex H.T. Brodrick A12	EXHTBRODRICKA12	source_reference_raw	isolated_by	2	57	77	comparison_only_no_source_edit	review_required	not_searchable	low	no	preserved_source_text_not_a_search_identifier	1	NCPPB 926
NCPPB 926	A12	A12	isolate_code	isolated_by	2	74	77	comparison_only_no_source_edit	review_required	weak	medium	no	identifier_too_weak_for_automatic_search	1	NCPPB 926
NCPPB 935	ATCC 19313	ATCC19313	collection_number	collection_list	1	41	51	comparison_only_no_source_edit	auto_validated	strong	low	yes		1	NCPPB 935
NCPPB 935	ICMP 5726	ICMP5726	collection_number	collection_list	1	53	62	comparison_only_no_source_edit	auto_validated	strong	low	yes		1	NCPPB 935
NCPPB 935	ICPB XC 12	ICPBXC12	collection_number	collection_list	1	64	74	comparison_only_no_source_edit	auto_validated	strong	low	yes		1	NCPPB 935
NCPPB 935	LMG 689	LMG689	collection_number	collection_list	1	76	83	comparison_only_no_source_edit	auto_validated	strong	low	yes		1	NCPPB 935
NCPPB 935	CFBP 1159	CFBP1159	collection_number	collection_list	1	85	94	comparison_only_no_source_edit	auto_validated	strong	low	yes		1	NCPPB 935
NCPPB 935	ex P.W. Miller 5262	EXPWMILLER5262	source_reference_raw	source_of_isolate	2	126	145	comparison_only_no_source_edit	review_required	not_searchable	low	no	preserved_source_text_not_a_search_identifier	1	NCPPB 935
NCPPB 936	ex W.H. Burkholder	EXWHBURKHOLDER	source_reference_raw	isolated_by	1	29	47	comparison_only_no_source_edit	review_required	not_searchable	low	no	preserved_source_text_not_a_search_identifier	1	NCPPB 936
NCPPB 937	ATCC 13462	ATCC13462	collection_number	collection_list	1	41	51	comparison_only_no_source_edit	auto_validated	strong	low	yes		1	NCPPB 937
NCPPB 937	ICMP 574	ICMP574	collection_number	collection_list	1	53	61	comparison_only_no_source_edit	auto_validated	strong	low	yes		1	NCPPB 937
NCPPB 937	ex C.E. Williamson	EXCEWILLIAMSON	source_reference_raw	isolated_by	2	91	109	comparison_only_no_source_edit	review_required	not_searchable	low	no	preserved_source_text_not_a_search_identifier	1	NCPPB 937
NCPPB 937	ex Netherlands	EXNETHERLANDS	source_reference_raw	source_of_isolate	3	141	155	comparison_only_no_source_edit	review_required	not_searchable	low	no	preserved_source_text_not_a_search_identifier	1	NCPPB 937
NCPPB 938	ex W.H. Burkholder	EXWHBURKHOLDER	source_reference_raw	isolated_by	1	29	47	comparison_only_no_source_edit	review_required	not_searchable	low	no	preserved_source_text_not_a_search_identifier	1	NCPPB 938
NCPPB 939	ICMP 453	ICMP453	collection_number	collection_list	1	41	49	comparison_only_no_source_edit	auto_validated	strong	low	yes		1	NCPPB 939
NCPPB 939	LMG 733	LMG733	collection_number	collection_list	1	51	58	comparison_only_no_source_edit	auto_validated	strong	low	yes		1	NCPPB 939
NCPPB 939	DSM 19143	DSM19143	collection_number	collection_list	1	60	69	comparison_only_no_source_edit	auto_validated	strong	low	yes		1	NCPPB 939
NCPPB 939	ex W.H. Burkholder XH5	EXWHBURKHOLDERXH5	source_reference_raw	isolated_by	2	99	121	comparison_only_no_source_edit	review_required	not_searchable	low	no	preserved_source_text_not_a_search_identifier	1	NCPPB 939
NCPPB 939	XH5	XH5	isolate_code	isolated_by	2	118	121	comparison_only_no_source_edit	review_required	weak	medium	no	identifier_too_weak_for_automatic_search	1	NCPPB 939
NCPPB 940	ATCC 19318	ATCC19318	collection_number	collection_list	1	41	51	comparison_only_no_source_edit	auto_validated	strong	low	yes		1	NCPPB 940
NCPPB 940	ICMP 579	ICMP579	collection_number	collection_list	1	53	61	comparison_only_no_source_edit	auto_validated	strong	low	yes		1	NCPPB 940
NCPPB 940	ex J. Niederhauser	EXJNIEDERHAUSER	source_reference_raw	isolated_by	2	91	109	comparison_only_no_source_edit	review_required	not_searchable	low	no	preserved_source_text_not_a_search_identifier	1	NCPPB 940
NCPPB 941	ICMP 102	ICMP102	collection_number	collection_list	1	41	49	comparison_only_no_source_edit	auto_validated	strong	low	yes		1	NCPPB 941
NCPPB 941	LMG 922	LMG922	collection_number	collection_list	1	51	58	comparison_only_no_source_edit	auto_validated	strong	low	yes		1	NCPPB 941
NCPPB 941	ex W.H. Burkholder	EXWHBURKHOLDER	source_reference_raw	isolated_by	2	88	106	comparison_only_no_source_edit	review_required	not_searchable	low	no	preserved_source_text_not_a_search_identifier	1	NCPPB 941
NCPPB 942	ex W.H. Burkholder	EXWHBURKHOLDER	source_reference_raw	isolated_by	1	29	47	comparison_only_no_source_edit	review_required	not_searchable	low	no	preserved_source_text_not_a_search_identifier	1	NCPPB 942
NCPPB 969	ex W.H. Burkholder	EXWHBURKHOLDER	source_reference_raw	isolated_by	1	29	47	comparison_only_no_source_edit	review_required	not_searchable	low	no	preserved_source_text_not_a_search_identifier	1	NCPPB 969
NCPPB 970	ex H.H. Thornberry 1-49	EXHHTHORNBERRY149	source_reference_raw	isolated_by	1	29	52	comparison_only_no_source_edit	review_required	not_searchable	low	no	preserved_source_text_not_a_search_identifier	1	NCPPB 970
NCPPB 971	ICMP 318	ICMP318	collection_number	collection_list	1	41	49	comparison_only_no_source_edit	auto_validated	strong	low	yes		1	NCPPB 971
NCPPB 971	LMG 758	LMG758	collection_number	collection_list	1	51	58	comparison_only_no_source_edit	auto_validated	strong	low	yes		1	NCPPB 971
NCPPB 971	ex P.A. Ark 1	EXPAARK1	source_reference_raw	isolated_by	2	88	101	comparison_only_no_source_edit	review_required	not_searchable	low	no	preserved_source_text_not_a_search_identifier	1	NCPPB 971
NCPPB 972	ex P.A. Ark 2	EXPAARK2	source_reference_raw	isolated_by	1	29	42	comparison_only_no_source_edit	review_required	not_searchable	low	no	preserved_source_text_not_a_search_identifier	1	NCPPB 972
NCPPB 973	ATCC 19319	ATCC19319	collection_number	collection_list	1	41	51	comparison_only_no_source_edit	auto_validated	strong	low	yes		1	NCPPB 973
NCPPB 973	ICMP 5752	ICMP5752	collection_number	collection_list	1	53	62	comparison_only_no_source_edit	auto_validated	strong	low	yes		1	NCPPB 973
NCPPB 973	LMG 876	LMG876	collection_number	collection_list	1	64	71	comparison_only_no_source_edit	auto_validated	strong	low	yes		1	NCPPB 973
NCPPB 973	DSM 18974	DSM18974	collection_number	collection_list	1	73	82	comparison_only_no_source_edit	auto_validated	strong	low	yes		1	NCPPB 973
NCPPB 973	CFBP 1155	CFBP1155	collection_number	collection_list	1	84	93	comparison_only_no_source_edit	auto_validated	strong	low	yes		1	NCPPB 973
NCPPB 973	ex C.S. Reddy	EXCSREDDY	source_reference_raw	isolated_by	2	123	136	comparison_only_no_source_edit	review_required	not_searchable	low	no	preserved_source_text_not_a_search_identifier	1	NCPPB 973
NCPPB 974	ex Z. Patrick	EXZPATRICK	source_reference_raw	isolated_by	1	29	42	comparison_only_no_source_edit	review_required	not_searchable	low	no	preserved_source_text_not_a_search_identifier	1	NCPPB 974
NCPPB 974	ex W.H. Burkholder	EXWHBURKHOLDER	source_reference_raw	source_of_isolate	2	74	92	comparison_only_no_source_edit	review_required	not_searchable	low	no	preserved_source_text_not_a_search_identifier	1	NCPPB 974
NCPPB 975	ex W.H. Burkholder	EXWHBURKHOLDER	source_reference_raw	isolated_by	1	29	47	comparison_only_no_source_edit	review_required	not_searchable	low	no	preserved_source_text_not_a_search_identifier	1	NCPPB 975
NCPPB 976	ATCC 19320	ATCC19320	collection_number	collection_list	1	41	51	comparison_only_no_source_edit	auto_validated	strong	low	yes		1	NCPPB 976
NCPPB 976	ICMP 336	ICMP336	collection_number	collection_list	1	53	61	comparison_only_no_source_edit	auto_validated	strong	low	yes		1	NCPPB 976
NCPPB 976	LMG 937	LMG937	collection_number	collection_list	1	63	70	comparison_only_no_source_edit	auto_validated	strong	low	yes		1	NCPPB 976
NCPPB 976	CFBP 2538	CFBP2538	collection_number	collection_list	1	72	81	comparison_only_no_source_edit	auto_validated	strong	low	yes		1	NCPPB 976
NCPPB 976	ex N.A. Brown	EXNABROWN	source_reference_raw	isolated_by	2	111	124	comparison_only_no_source_edit	review_required	not_searchable	low	no	preserved_source_text_not_a_search_identifier	1	NCPPB 976
NCPPB 976	ex W.H. Burkholder	EXWHBURKHOLDER	source_reference_raw	source_of_isolate	3	156	174	comparison_only_no_source_edit	review_required	not_searchable	low	no	preserved_source_text_not_a_search_identifier	1	NCPPB 976
NCPPB 983	ATCC 13460	ATCC13460	collection_number	collection_list	1	41	51	comparison_only_no_source_edit	auto_validated	strong	low	yes		1	NCPPB 983
NCPPB 983	ICMP 437	ICMP437	collection_number	collection_list	1	53	61	comparison_only_no_source_edit	auto_validated	strong	low	yes		1	NCPPB 983
NCPPB 983	ex W.H. Burkholder	EXWHBURKHOLDER	source_reference_raw	isolated_by	2	91	109	comparison_only_no_source_edit	review_required	not_searchable	low	no	preserved_source_text_not_a_search_identifier	1	NCPPB 983
NCPPB 984	ex S. Dombroff Oregan 5401	EXSDOMBROFFOREGAN5401	source_reference_raw	isolated_by	1	29	55	comparison_only_no_source_edit	review_required	not_searchable	low	no	preserved_source_text_not_a_search_identifier	1	NCPPB 984
NCPPB 985	ATCC 23379	ATCC23379	collection_number	collection_list	1	41	51	comparison_only_no_source_edit	auto_validated	strong	low	yes		1	NCPPB 985
NCPPB 985	LMG 7399	LMG7399	collection_number	collection_list	1	53	61	comparison_only_no_source_edit	auto_validated	strong	low	yes		1	NCPPB 985
NCPPB 985	CFBP 7666	CFBP7666	collection_number	collection_list	1	63	72	comparison_only_no_source_edit	auto_validated	strong	low	yes		1	NCPPB 985
NCPPB 985	P.A. Ark	PAARK	source_reference_raw	isolated_by	2	102	110	comparison_only_no_source_edit	review_required	not_searchable	low	no	preserved_source_text_not_a_search_identifier	1	NCPPB 985
NCPPB 986	ex P.A. Ark Cardona 2	EXPAARKCARDONA2	source_reference_raw	isolated_by	1	29	50	comparison_only_no_source_edit	review_required	not_searchable	low	no	preserved_source_text_not_a_search_identifier	1	NCPPB 986
NCPPB 987	ATCC 9653	ATCC9653	collection_number	collection_list	1	41	50	comparison_only_no_source_edit	auto_validated	strong	low	yes		1	NCPPB 987
NCPPB 987	LMG 7411	LMG7411	collection_number	collection_list	1	52	60	comparison_only_no_source_edit	auto_validated	strong	low	yes		1	NCPPB 987
NCPPB 987	ICMP 454	ICMP454	collection_number	collection_list	1	62	70	comparison_only_no_source_edit	auto_validated	strong	low	yes		1	NCPPB 987
NCPPB 987	ex W.H. Burkholder XH6	EXWHBURKHOLDERXH6	source_reference_raw	isolated_by	2	100	122	comparison_only_no_source_edit	review_required	not_searchable	low	no	preserved_source_text_not_a_search_identifier	1	NCPPB 987
NCPPB 987	XH6	XH6	isolate_code	isolated_by	2	119	122	comparison_only_no_source_edit	review_required	weak	medium	no	identifier_too_weak_for_automatic_search	1	NCPPB 987
NCPPB 989	ATCC 13461	ATCC13461	collection_number	collection_list	1	41	51	comparison_only_no_source_edit	auto_validated	strong	low	yes		1	NCPPB 989
NCPPB 989	VKM B-618	VKMB618	collection_number	collection_list	1	53	62	comparison_only_no_source_edit	auto_validated	strong	low	yes		1	NCPPB 989
NCPPB 989	ICMP 451	ICMP451	collection_number	collection_list	1	64	72	comparison_only_no_source_edit	auto_validated	strong	low	yes		1	NCPPB 989
NCPPB 989	LMG 7416	LMG7416	collection_number	collection_list	1	74	82	comparison_only_no_source_edit	auto_validated	strong	low	yes		1	NCPPB 989
NCPPB 989	ex W.H. Burkholder	EXWHBURKHOLDER	source_reference_raw	isolated_by	2	113	131	comparison_only_no_source_edit	review_required	not_searchable	low	no	preserved_source_text_not_a_search_identifier	1	NCPPB 989
NCPPB 990	ex W.H. Burkholder St3	EXWHBURKHOLDERST3	source_reference_raw	isolated_by	1	29	51	comparison_only_no_source_edit	review_required	not_searchable	low	no	preserved_source_text_not_a_search_identifier	1	NCPPB 990
NCPPB 990	St3	ST3	isolate_code	isolated_by	1	48	51	comparison_only_no_source_edit	review_required	weak	medium	no	identifier_too_weak_for_automatic_search	1	NCPPB 990
NCPPB 993	ATCC 13463	ATCC13463	collection_number	collection_list	1	41	51	comparison_only_no_source_edit	auto_validated	strong	low	yes		1	NCPPB 993
NCPPB 993	ICMP 439	ICMP439	collection_number	collection_list	1	53	61	comparison_only_no_source_edit	auto_validated	strong	low	yes		1	NCPPB 993
NCPPB 993	LMG 757	LMG757	collection_number	collection_list	1	63	70	comparison_only_no_source_edit	auto_validated	strong	low	yes		1	NCPPB 993
NCPPB 993	ex C. Lefebvre	EXCLEFEBVRE	source_reference_raw	isolated_by	2	100	114	comparison_only_no_source_edit	review_required	not_searchable	low	no	preserved_source_text_not_a_search_identifier	1	NCPPB 993
NCPPB 994	ATCC 11644	ATCC11644	collection_number	collection_list	1	41	51	comparison_only_no_source_edit	auto_validated	strong	low	yes		1	NCPPB 994
NCPPB 994	ICMP 619	ICMP619	collection_number	collection_list	1	53	61	comparison_only_no_source_edit	auto_validated	strong	low	yes		1	NCPPB 994
NCPPB 994	LMG 9050	LMG9050	collection_number	collection_list	1	63	71	comparison_only_no_source_edit	auto_validated	strong	low	yes		1	NCPPB 994
NCPPB 994	ex M.K. Patel 14	EXMKPATEL14	source_reference_raw	source_of_isolate	2	103	119	comparison_only_no_source_edit	review_required	not_searchable	low	no	preserved_source_text_not_a_search_identifier	1	NCPPB 994
NCPPB 1009	ICMP 1623	ICMP1623	collection_number	collection_list	1	41	50	comparison_only_no_source_edit	auto_validated	strong	low	yes		1	NCPPB 1009
NCPPB 1009	ex W.J. Dowson	EXWJDOWSON	source_reference_raw	source_of_isolate	2	82	96	comparison_only_no_source_edit	review_required	not_searchable	low	no	preserved_source_text_not_a_search_identifier	1	NCPPB 1009
NCPPB 1014	ATCC 11636	ATCC11636	collection_number	collection_list	1	41	51	comparison_only_no_source_edit	auto_validated	strong	low	yes		1	NCPPB 1014
NCPPB 1014	ICMP 3965	ICMP3965	collection_number	collection_list	1	53	62	comparison_only_no_source_edit	auto_validated	strong	low	yes		1	NCPPB 1014
NCPPB 1014	LMG 954	LMG954	collection_number	collection_list	1	64	71	comparison_only_no_source_edit	auto_validated	strong	low	yes		1	NCPPB 1014
NCPPB 1014	ex M.K. Patel 19	EXMKPATEL19	source_reference_raw	source_of_isolate	2	103	119	comparison_only_no_source_edit	review_required	not_searchable	low	no	preserved_source_text_not_a_search_identifier	1	NCPPB 1014
NCPPB 1025	B565	B565	donor_reference	donor_reference	1	23	27	comparison_only_no_source_edit	auto_validated	medium	medium	yes		1	NCPPB 1025
NCPPB 1025	ex C. Polhill	EXCPOLHILL	source_reference_raw	isolated_by	2	57	70	comparison_only_no_source_edit	review_required	not_searchable	low	no	preserved_source_text_not_a_search_identifier	1	NCPPB 1025
NCPPB 1043	A.C. Hayward B621	ACHAYWARDB621	source_reference_raw	isolated_by	1	29	46	comparison_only_no_source_edit	review_required	not_searchable	low	no	preserved_source_text_not_a_search_identifier	1	NCPPB 1043
NCPPB 1043	B621	B621	isolate_code	isolated_by	1	42	46	comparison_only_no_source_edit	auto_validated	medium	medium	yes		1	NCPPB 1043
NCPPB 1046	B589	B589	donor_reference	donor_reference	1	23	27	comparison_only_no_source_edit	auto_validated	medium	medium	yes		1	NCPPB 1046
NCPPB 1046	ex G. Rangaswami	EXGRANGASWAMI	source_reference_raw	isolated_by	2	57	73	comparison_only_no_source_edit	review_required	not_searchable	low	no	preserved_source_text_not_a_search_identifier	1	NCPPB 1046
NCPPB 1048	A.C. Hayward B639	ACHAYWARDB639	source_reference_raw	isolated_by	1	29	46	comparison_only_no_source_edit	review_required	not_searchable	low	no	preserved_source_text_not_a_search_identifier	1	NCPPB 1048
NCPPB 1048	B639	B639	isolate_code	isolated_by	1	42	46	comparison_only_no_source_edit	auto_validated	medium	medium	yes		1	NCPPB 1048
NCPPB 1050	B672	B672	donor_reference	donor_reference	1	23	27	comparison_only_no_source_edit	auto_validated	medium	medium	yes		1	NCPPB 1050
NCPPB 1050	ex S. Bisessar	EXSBISESSAR	source_reference_raw	isolated_by	2	57	71	comparison_only_no_source_edit	review_required	not_searchable	low	no	preserved_source_text_not_a_search_identifier	1	NCPPB 1050
NCPPB 1056	LMG 7457	LMG7457	collection_number	collection_list	1	41	49	comparison_only_no_source_edit	auto_validated	strong	low	yes		1	NCPPB 1056
NCPPB 1056	A.C. Hayward B665B	ACHAYWARDB665B	source_reference_raw	isolated_by	2	79	97	comparison_only_no_source_edit	review_required	not_searchable	low	no	preserved_source_text_not_a_search_identifier	1	NCPPB 1056
NCPPB 1056	B665B	B665B	isolate_code	isolated_by	2	92	97	comparison_only_no_source_edit	auto_validated	medium	medium	yes		1	NCPPB 1056
NCPPB 1058	A.C. Hayward B659	ACHAYWARDB659	source_reference_raw	isolated_by	1	29	46	comparison_only_no_source_edit	review_required	not_searchable	low	no	preserved_source_text_not_a_search_identifier	1	NCPPB 1058
NCPPB 1058	B659	B659	isolate_code	isolated_by	1	42	46	comparison_only_no_source_edit	auto_validated	medium	medium	yes		1	NCPPB 1058
NCPPB 1059	ICPB XP198	ICPBXP198	collection_number	collection_list	1	41	51	comparison_only_no_source_edit	auto_validated	strong	low	yes		1	NCPPB 1059
NCPPB 1059	A.C. Hayward B658	ACHAYWARDB658	source_reference_raw	isolated_by	2	81	98	comparison_only_no_source_edit	review_required	not_searchable	low	no	preserved_source_text_not_a_search_identifier	1	NCPPB 1059
NCPPB 1059	B658	B658	isolate_code	isolated_by	2	94	98	comparison_only_no_source_edit	auto_validated	medium	medium	yes		1	NCPPB 1059
NCPPB 1060	A.C. Hayward B657	ACHAYWARDB657	source_reference_raw	isolated_by	1	29	46	comparison_only_no_source_edit	review_required	not_searchable	low	no	preserved_source_text_not_a_search_identifier	1	NCPPB 1060
NCPPB 1060	B657	B657	isolate_code	isolated_by	1	42	46	comparison_only_no_source_edit	auto_validated	medium	medium	yes		1	NCPPB 1060
NCPPB 1061	ATCC 23382	ATCC23382	collection_number	collection_list	1	41	51	comparison_only_no_source_edit	auto_validated	strong	low	yes		1	NCPPB 1061
NCPPB 1061	ICPB XP195	ICPBXP195	collection_number	collection_list	1	53	63	comparison_only_no_source_edit	auto_validated	strong	low	yes		1	NCPPB 1061
NCPPB 1061	ICMP 1028	ICMP1028	collection_number	collection_list	1	65	74	comparison_only_no_source_edit	auto_validated	strong	low	yes		1	NCPPB 1061
NCPPB 1061	LMG 848	LMG848	collection_number	collection_list	1	76	83	comparison_only_no_source_edit	auto_validated	strong	low	yes		1	NCPPB 1061
NCPPB 1061	A.C. Hayward B652	ACHAYWARDB652	source_reference_raw	isolated_by	2	113	130	comparison_only_no_source_edit	review_required	not_searchable	low	no	preserved_source_text_not_a_search_identifier	1	NCPPB 1061
NCPPB 1061	B652	B652	isolate_code	isolated_by	2	126	130	comparison_only_no_source_edit	auto_validated	medium	medium	yes		1	NCPPB 1061
NCPPB 1062	A.C. Hayward B644	ACHAYWARDB644	source_reference_raw	isolated_by	1	29	46	comparison_only_no_source_edit	review_required	not_searchable	low	no	preserved_source_text_not_a_search_identifier	1	NCPPB 1062
NCPPB 1062	B644	B644	isolate_code	isolated_by	1	42	46	comparison_only_no_source_edit	auto_validated	medium	medium	yes		1	NCPPB 1062
NCPPB 1063	ATCC 19317	ATCC19317	collection_number	collection_list	1	41	51	comparison_only_no_source_edit	auto_validated	strong	low	yes		1	NCPPB 1063
NCPPB 1063	LMG 861	LMG861	collection_number	collection_list	1	53	60	comparison_only_no_source_edit	auto_validated	strong	low	yes		1	NCPPB 1063
NCPPB 1063	ICMP 5747	ICMP5747	collection_number	collection_list	1	62	71	comparison_only_no_source_edit	auto_validated	strong	low	yes		1	NCPPB 1063
NCPPB 1063	A.C. Hayward B651	ACHAYWARDB651	source_reference_raw	isolated_by	2	101	118	comparison_only_no_source_edit	review_required	not_searchable	low	no	preserved_source_text_not_a_search_identifier	1	NCPPB 1063
NCPPB 1063	B651	B651	isolate_code	isolated_by	2	114	118	comparison_only_no_source_edit	auto_validated	medium	medium	yes		1	NCPPB 1063
NCPPB 1067	A.C. Hayward B707A	ACHAYWARDB707A	source_reference_raw	isolated_by	1	29	47	comparison_only_no_source_edit	review_required	not_searchable	low	no	preserved_source_text_not_a_search_identifier	1	NCPPB 1067
NCPPB 1067	B707A	B707A	isolate_code	isolated_by	1	42	47	comparison_only_no_source_edit	auto_validated	medium	medium	yes		1	NCPPB 1067
NCPPB 1068	ICMP 18269	ICMP18269	collection_number	collection_list	1	41	51	comparison_only_no_source_edit	auto_validated	strong	low	yes		1	NCPPB 1068
NCPPB 1068	A.C. Hayward B689A	ACHAYWARDB689A	source_reference_raw	isolated_by	2	81	99	comparison_only_no_source_edit	review_required	not_searchable	low	no	preserved_source_text_not_a_search_identifier	1	NCPPB 1068
NCPPB 1068	B689A	B689A	isolate_code	isolated_by	2	94	99	comparison_only_no_source_edit	auto_validated	medium	medium	yes		1	NCPPB 1068
NCPPB 1117	B828	B828	donor_reference	donor_reference	1	23	27	comparison_only_no_source_edit	auto_validated	medium	medium	yes		1	NCPPB 1117
NCPPB 1117	ex G. Rangaswami	EXGRANGASWAMI	source_reference_raw	isolated_by	2	57	73	comparison_only_no_source_edit	review_required	not_searchable	low	no	preserved_source_text_not_a_search_identifier	1	NCPPB 1117
NCPPB 1124	A.C. Hayward B724A	ACHAYWARDB724A	source_reference_raw	isolated_by	1	29	47	comparison_only_no_source_edit	review_required	not_searchable	low	no	preserved_source_text_not_a_search_identifier	1	NCPPB 1124
NCPPB 1124	B724A	B724A	isolate_code	isolated_by	1	42	47	comparison_only_no_source_edit	auto_validated	medium	medium	yes		1	NCPPB 1124
NCPPB 1128	A.C. Hayward B791	ACHAYWARDB791	source_reference_raw	isolated_by	1	29	46	comparison_only_no_source_edit	review_required	not_searchable	low	no	preserved_source_text_not_a_search_identifier	1	NCPPB 1128
NCPPB 1128	B791	B791	isolate_code	isolated_by	1	42	46	comparison_only_no_source_edit	auto_validated	medium	medium	yes		1	NCPPB 1128
NCPPB 1129	A.C. Hayward B784	ACHAYWARDB784	source_reference_raw	isolated_by	1	29	46	comparison_only_no_source_edit	review_required	not_searchable	low	no	preserved_source_text_not_a_search_identifier	1	NCPPB 1129
NCPPB 1129	B784	B784	isolate_code	isolated_by	1	42	46	comparison_only_no_source_edit	auto_validated	medium	medium	yes		1	NCPPB 1129
NCPPB 1131	A.C. Hayward B720	ACHAYWARDB720	source_reference_raw	isolated_by	1	29	46	comparison_only_no_source_edit	review_required	not_searchable	low	no	preserved_source_text_not_a_search_identifier	1	NCPPB 1131
NCPPB 1131	B720	B720	isolate_code	isolated_by	1	42	46	comparison_only_no_source_edit	auto_validated	medium	medium	yes		1	NCPPB 1131
NCPPB 1132	A.C. Hayward B719	ACHAYWARDB719	source_reference_raw	isolated_by	1	29	46	comparison_only_no_source_edit	review_required	not_searchable	low	no	preserved_source_text_not_a_search_identifier	1	NCPPB 1132
NCPPB 1132	B719	B719	isolate_code	isolated_by	1	42	46	comparison_only_no_source_edit	auto_validated	medium	medium	yes		1	NCPPB 1132
NCPPB 1135	A.C. Hayward B740B	ACHAYWARDB740B	source_reference_raw	isolated_by	1	29	47	comparison_only_no_source_edit	review_required	not_searchable	low	no	preserved_source_text_not_a_search_identifier	1	NCPPB 1135
NCPPB 1135	B740B	B740B	isolate_code	isolated_by	1	42	47	comparison_only_no_source_edit	auto_validated	medium	medium	yes		1	NCPPB 1135
NCPPB 1136	A.C. Hayward B809A	ACHAYWARDB809A	source_reference_raw	isolated_by	1	29	47	comparison_only_no_source_edit	review_required	not_searchable	low	no	preserved_source_text_not_a_search_identifier	1	NCPPB 1136
NCPPB 1136	B809A	B809A	isolate_code	isolated_by	1	42	47	comparison_only_no_source_edit	auto_validated	medium	medium	yes		1	NCPPB 1136
NCPPB 1138	A.C. Hayward B727	ACHAYWARDB727	source_reference_raw	isolated_by	1	29	46	comparison_only_no_source_edit	review_required	not_searchable	low	no	preserved_source_text_not_a_search_identifier	1	NCPPB 1138
NCPPB 1138	B727	B727	isolate_code	isolated_by	1	42	46	comparison_only_no_source_edit	auto_validated	medium	medium	yes		1	NCPPB 1138
NCPPB 1141	ICPB XP202	ICPBXP202	collection_number	collection_list	1	41	51	comparison_only_no_source_edit	auto_validated	strong	low	yes		1	NCPPB 1141
NCPPB 1141	A.C. Hayward B745	ACHAYWARDB745	source_reference_raw	isolated_by	2	81	98	comparison_only_no_source_edit	review_required	not_searchable	low	no	preserved_source_text_not_a_search_identifier	1	NCPPB 1141
NCPPB 1141	B745	B745	isolate_code	isolated_by	2	94	98	comparison_only_no_source_edit	auto_validated	medium	medium	yes		1	NCPPB 1141
NCPPB 1143	L.A.E. Baker X3	LAEBAKERX3	source_reference_raw	isolated_by	1	29	44	comparison_only_no_source_edit	review_required	not_searchable	low	no	preserved_source_text_not_a_search_identifier	1	NCPPB 1143
NCPPB 1143	X3	X3	isolate_code	isolated_by	1	42	44	comparison_only_no_source_edit	review_required	weak	medium	no	identifier_too_weak_for_automatic_search	1	NCPPB 1143
NCPPB 1144	L.A.E. Baker X9	LAEBAKERX9	source_reference_raw	isolated_by	1	29	44	comparison_only_no_source_edit	review_required	not_searchable	low	no	preserved_source_text_not_a_search_identifier	1	NCPPB 1144
NCPPB 1144	X9	X9	isolate_code	isolated_by	1	42	44	comparison_only_no_source_edit	review_required	weak	medium	no	identifier_too_weak_for_automatic_search	1	NCPPB 1144
NCPPB 1145	L.A.E. Baker X10	LAEBAKERX10	source_reference_raw	isolated_by	1	29	45	comparison_only_no_source_edit	review_required	not_searchable	low	no	preserved_source_text_not_a_search_identifier	1	NCPPB 1145
NCPPB 1145	X10	X10	isolate_code	isolated_by	1	42	45	comparison_only_no_source_edit	review_required	weak	medium	no	identifier_too_weak_for_automatic_search	1	NCPPB 1145
NCPPB 1146	L.A.E. Baker XII	LAEBAKERXII	source_reference_raw	isolated_by	1	29	45	comparison_only_no_source_edit	review_required	not_searchable	low	no	preserved_source_text_not_a_search_identifier	1	NCPPB 1146
NCPPB 1147	L.A.E. Baker X13	LAEBAKERX13	source_reference_raw	isolated_by	1	29	45	comparison_only_no_source_edit	review_required	not_searchable	low	no	preserved_source_text_not_a_search_identifier	1	NCPPB 1147
NCPPB 1147	X13	X13	isolate_code	isolated_by	1	42	45	comparison_only_no_source_edit	review_required	weak	medium	no	identifier_too_weak_for_automatic_search	1	NCPPB 1147
NCPPB 1148	XGl	XGL	donor_reference	donor_reference	1	23	26	comparison_only_no_source_edit	review_required	weak	high	no	digit_free_donor_reference_requires_review_before_search	1	NCPPB 1148
NCPPB 1148	ICMP 82	ICMP82	collection_number	collection_list	2	68	75	comparison_only_no_source_edit	auto_validated	strong	low	yes		1	NCPPB 1148
NCPPB 1148	LMG 9049	LMG9049	collection_number	collection_list	2	77	85	comparison_only_no_source_edit	auto_validated	strong	low	yes		1	NCPPB 1148
NCPPB 1148	ex D.P. Bhide	EXDPBHIDE	source_reference_raw	isolated_by	3	115	128	comparison_only_no_source_edit	review_required	not_searchable	low	no	preserved_source_text_not_a_search_identifier	1	NCPPB 1148
NCPPB 1149	XHl	XHL	donor_reference	donor_reference	1	23	26	comparison_only_no_source_edit	review_required	weak	high	no	digit_free_donor_reference_requires_review_before_search	1	NCPPB 1149
NCPPB 1149	ICMP 90	ICMP90	collection_number	collection_list	2	68	75	comparison_only_no_source_edit	auto_validated	strong	low	yes		1	NCPPB 1149
NCPPB 1149	LMG 939	LMG939	collection_number	collection_list	2	77	84	comparison_only_no_source_edit	auto_validated	strong	low	yes		1	NCPPB 1149
NCPPB 1149	ex D.P. Bhide	EXDPBHIDE	source_reference_raw	source_of_isolate	3	116	129	comparison_only_no_source_edit	review_required	not_searchable	low	no	preserved_source_text_not_a_search_identifier	1	NCPPB 1149
NCPPB 1150	Ykl	YKL	donor_reference	donor_reference	1	23	26	comparison_only_no_source_edit	review_required	weak	high	no	digit_free_donor_reference_requires_review_before_search	1	NCPPB 1150
NCPPB 1150	ex Orillo	EXORILLO	source_reference_raw	source_of_isolate	2	58	67	comparison_only_no_source_edit	review_required	not_searchable	low	no	preserved_source_text_not_a_search_identifier	1	NCPPB 1150
NCPPB 1151	YK2	YK2	donor_reference	donor_reference	1	23	26	comparison_only_no_source_edit	review_required	weak	medium	no	identifier_too_weak_for_automatic_search	1	NCPPB 1151
NCPPB 1151	ex Orillo	EXORILLO	source_reference_raw	source_of_isolate	2	58	67	comparison_only_no_source_edit	review_required	not_searchable	low	no	preserved_source_text_not_a_search_identifier	1	NCPPB 1151
NCPPB 1152	YK3	YK3	donor_reference	donor_reference	1	23	26	comparison_only_no_source_edit	review_required	weak	medium	no	identifier_too_weak_for_automatic_search	1	NCPPB 1152
NCPPB 1152	ex N. Okabe	EXNOKABE	source_reference_raw	source_of_isolate	2	58	69	comparison_only_no_source_edit	review_required	not_searchable	low	no	preserved_source_text_not_a_search_identifier	1	NCPPB 1152
NCPPB 1153	YK4	YK4	donor_reference	donor_reference	1	23	26	comparison_only_no_source_edit	review_required	weak	medium	no	identifier_too_weak_for_automatic_search	1	NCPPB 1153
NCPPB 1153	ex H. Muko	EXHMUKO	source_reference_raw	source_of_isolate	2	58	68	comparison_only_no_source_edit	review_required	not_searchable	low	no	preserved_source_text_not_a_search_identifier	1	NCPPB 1153
NCPPB 1155	ICPB XL104	ICPBXL104	collection_number	collection_list	1	41	51	comparison_only_no_source_edit	auto_validated	strong	low	yes		1	NCPPB 1155
NCPPB 1155	ICMP 84	ICMP84	collection_number	collection_list	1	53	60	comparison_only_no_source_edit	auto_validated	strong	low	yes		1	NCPPB 1155
NCPPB 1155	CFBP 7258	CFBP7258	collection_number	collection_list	1	62	71	comparison_only_no_source_edit	auto_validated	strong	low	yes		1	NCPPB 1155
NCPPB 1155	LMG 1158	LMG1158	collection_number	collection_list	1	73	81	comparison_only_no_source_edit	auto_validated	strong	low	yes		1	NCPPB 1155
NCPPB 1155	D.W. Dye Pukatea 3	DWDYEPUKATEA3	source_reference_raw	isolated_by	2	111	129	comparison_only_no_source_edit	review_required	not_searchable	low	no	preserved_source_text_not_a_search_identifier	1	NCPPB 1155
NCPPB 1158	LMG 7458	LMG7458	collection_number	collection_list	1	41	49	comparison_only_no_source_edit	auto_validated	strong	low	yes		1	NCPPB 1158
NCPPB 1158	D.C. Graham	DCGRAHAM	source_reference_raw	isolated_by	2	79	90	comparison_only_no_source_edit	review_required	not_searchable	low	no	preserved_source_text_not_a_search_identifier	1	NCPPB 1158
NCPPB 1159	ATCC 23380	ATCC23380	collection_number	collection_list	1	41	51	comparison_only_no_source_edit	auto_validated	strong	low	yes		1	NCPPB 1159
NCPPB 1159	LMG 5274	LMG5274	collection_number	collection_list	1	53	61	comparison_only_no_source_edit	auto_validated	strong	low	yes		1	NCPPB 1159
NCPPB 1159	ICMP 6934	ICMP6934	collection_number	collection_list	1	63	72	comparison_only_no_source_edit	auto_validated	strong	low	yes		1	NCPPB 1159
NCPPB 1159	ex W.H. Burkholder SMl	EXWHBURKHOLDERSML	source_reference_raw	isolated_by	2	102	124	comparison_only_no_source_edit	review_required	not_searchable	low	no	preserved_source_text_not_a_search_identifier	1	NCPPB 1159
NCPPB 1160	ex O.A. Drummon & O. Hipolite	EXOADRUMMONOHIPOLITE	source_reference_raw	isolated_by	1	29	58	comparison_only_no_source_edit	review_required	not_searchable	low	no	preserved_source_text_not_a_search_identifier	1	NCPPB 1160
NCPPB 1161	ex G. Orian M3	EXGORIANM3	source_reference_raw	isolated_by	1	29	43	comparison_only_no_source_edit	review_required	not_searchable	low	no	preserved_source_text_not_a_search_identifier	1	NCPPB 1161
NCPPB 1161	M3	M3	isolate_code	isolated_by	1	41	43	comparison_only_no_source_edit	review_required	weak	medium	no	identifier_too_weak_for_automatic_search	1	NCPPB 1161
NCPPB 1235	A.C. Hayward B922	ACHAYWARDB922	source_reference_raw	isolated_by	1	29	46	comparison_only_no_source_edit	review_required	not_searchable	low	no	preserved_source_text_not_a_search_identifier	1	NCPPB 1235
NCPPB 1235	B922	B922	isolate_code	isolated_by	1	42	46	comparison_only_no_source_edit	auto_validated	medium	medium	yes		1	NCPPB 1235
NCPPB 1241	ICPB XH112	ICPBXH112	collection_number	collection_list	1	41	51	comparison_only_no_source_edit	auto_validated	strong	low	yes		1	NCPPB 1241
NCPPB 1241	A.C. Hayward B996	ACHAYWARDB996	source_reference_raw	isolated_by	2	81	98	comparison_only_no_source_edit	review_required	not_searchable	low	no	preserved_source_text_not_a_search_identifier	1	NCPPB 1241
NCPPB 1241	B996	B996	isolate_code	isolated_by	2	94	98	comparison_only_no_source_edit	auto_validated	medium	medium	yes		1	NCPPB 1241
NCPPB 1244	A.C. Hayward B1021	ACHAYWARDB1021	source_reference_raw	isolated_by	1	29	47	comparison_only_no_source_edit	review_required	not_searchable	low	no	preserved_source_text_not_a_search_identifier	1	NCPPB 1244
NCPPB 1244	B1021	B1021	isolate_code	isolated_by	1	42	47	comparison_only_no_source_edit	auto_validated	medium	medium	yes		1	NCPPB 1244
NCPPB 1324	A.C. Hayward B1167	ACHAYWARDB1167	source_reference_raw	isolated_by	1	29	47	comparison_only_no_source_edit	review_required	not_searchable	low	no	preserved_source_text_not_a_search_identifier	1	NCPPB 1324
NCPPB 1324	B1167	B1167	isolate_code	isolated_by	1	42	47	comparison_only_no_source_edit	auto_validated	medium	medium	yes		1	NCPPB 1324
NCPPB 1325	B1160	B1160	donor_reference	donor_reference	1	23	28	comparison_only_no_source_edit	auto_validated	medium	medium	yes		1	NCPPB 1325
NCPPB 1325	ICMP 18270	ICMP18270	collection_number	collection_list	2	70	80	comparison_only_no_source_edit	auto_validated	strong	low	yes		1	NCPPB 1325
NCPPB 1325	ex C.L.A. Leakey	EXCLALEAKEY	source_reference_raw	isolated_by	3	110	126	comparison_only_no_source_edit	review_required	not_searchable	low	no	preserved_source_text_not_a_search_identifier	1	NCPPB 1325
NCPPB 1326	LMG 8717	LMG8717	collection_number	collection_list	1	41	49	comparison_only_no_source_edit	auto_validated	strong	low	yes		1	NCPPB 1326
NCPPB 1326	A.C. Hayward B1116	ACHAYWARDB1116	source_reference_raw	isolated_by	2	79	97	comparison_only_no_source_edit	review_required	not_searchable	low	no	preserved_source_text_not_a_search_identifier	1	NCPPB 1326
NCPPB 1326	B1116	B1116	isolate_code	isolated_by	2	92	97	comparison_only_no_source_edit	auto_validated	medium	medium	yes		1	NCPPB 1326
NCPPB 1332	A.C. Hayward B1198	ACHAYWARDB1198	source_reference_raw	isolated_by	1	29	47	comparison_only_no_source_edit	review_required	not_searchable	low	no	preserved_source_text_not_a_search_identifier	1	NCPPB 1332
NCPPB 1332	B1198	B1198	isolate_code	isolated_by	1	42	47	comparison_only_no_source_edit	auto_validated	medium	medium	yes		1	NCPPB 1332
NCPPB 1334	ICMP 5736	ICMP5736	collection_number	collection_list	1	41	50	comparison_only_no_source_edit	auto_validated	strong	low	yes		1	NCPPB 1334
NCPPB 1334	LMG 744	LMG744	collection_number	collection_list	1	52	59	comparison_only_no_source_edit	auto_validated	strong	low	yes		1	NCPPB 1334
NCPPB 1334	ex A.C. Padhya	EXACPADHYA	source_reference_raw	isolated_by	2	89	103	comparison_only_no_source_edit	review_required	not_searchable	low	no	preserved_source_text_not_a_search_identifier	1	NCPPB 1334
NCPPB 1336	ICMP 5717	ICMP5717	collection_number	collection_list	1	41	50	comparison_only_no_source_edit	auto_validated	strong	low	yes		1	NCPPB 1336
NCPPB 1336	LMG 470	LMG470	collection_number	collection_list	1	52	59	comparison_only_no_source_edit	auto_validated	strong	low	yes		1	NCPPB 1336
NCPPB 1336	A.C. Padhya	ACPADHYA	source_reference_raw	isolated_by	2	89	100	comparison_only_no_source_edit	review_required	not_searchable	low	no	preserved_source_text_not_a_search_identifier	1	NCPPB 1336
NCPPB 1337	ICMP 5742	ICMP5742	collection_number	collection_list	1	41	50	comparison_only_no_source_edit	auto_validated	strong	low	yes		1	NCPPB 1337
NCPPB 1337	LMG 786	LMG786	collection_number	collection_list	1	52	59	comparison_only_no_source_edit	auto_validated	strong	low	yes		1	NCPPB 1337
NCPPB 1337	ex A.C. Padhya	EXACPADHYA	source_reference_raw	isolated_by	2	89	103	comparison_only_no_source_edit	review_required	not_searchable	low	no	preserved_source_text_not_a_search_identifier	1	NCPPB 1337
NCPPB 1381	LMG 8718	LMG8718	collection_number	collection_list	1	41	49	comparison_only_no_source_edit	auto_validated	strong	low	yes		1	NCPPB 1381
NCPPB 1381	A.C. Hayward B1350	ACHAYWARDB1350	source_reference_raw	isolated_by	2	79	97	comparison_only_no_source_edit	review_required	not_searchable	low	no	preserved_source_text_not_a_search_identifier	1	NCPPB 1381
NCPPB 1381	B1350	B1350	isolate_code	isolated_by	2	92	97	comparison_only_no_source_edit	auto_validated	medium	medium	yes		1	NCPPB 1381
NCPPB 1393	B1432	B1432	donor_reference	donor_reference	1	23	28	comparison_only_no_source_edit	auto_validated	medium	medium	yes		1	NCPPB 1393
NCPPB 1393	ex ITCC SF62	EXITCCSF62	source_reference_raw	source_of_isolate	2	60	72	comparison_only_no_source_edit	review_required	not_searchable	low	no	preserved_source_text_not_a_search_identifier	1	NCPPB 1393
NCPPB 1393	ITCC SF62	ITCCSF62	collection_number	source_of_isolate	2	63	72	comparison_only_no_source_edit	auto_validated	strong	low	yes		1	NCPPB 1393
NCPPB 1394	B1446	B1446	donor_reference	donor_reference	1	23	28	comparison_only_no_source_edit	auto_validated	medium	medium	yes		1	NCPPB 1394
NCPPB 1394	ex N. Shanmuganathan	EXNSHANMUGANATHAN	source_reference_raw	isolated_by	2	58	78	comparison_only_no_source_edit	review_required	not_searchable	low	no	preserved_source_text_not_a_search_identifier	1	NCPPB 1394
NCPPB 1395	B1444	B1444	donor_reference	donor_reference	1	23	28	comparison_only_no_source_edit	auto_validated	medium	medium	yes		1	NCPPB 1395
NCPPB 1395	ex N. Shanmuganathan	EXNSHANMUGANATHAN	source_reference_raw	isolated_by	2	58	78	comparison_only_no_source_edit	review_required	not_searchable	low	no	preserved_source_text_not_a_search_identifier	1	NCPPB 1395
NCPPB 1396	B1443	B1443	donor_reference	donor_reference	1	23	28	comparison_only_no_source_edit	auto_validated	medium	medium	yes		1	NCPPB 1396
NCPPB 1396	ex N. Shanmuganathan	EXNSHANMUGANATHAN	source_reference_raw	isolated_by	2	58	78	comparison_only_no_source_edit	review_required	not_searchable	low	no	preserved_source_text_not_a_search_identifier	1	NCPPB 1396
NCPPB 1402	LMG 7459	LMG7459	collection_number	collection_list	1	41	49	comparison_only_no_source_edit	auto_validated	strong	low	yes		1	NCPPB 1402
NCPPB 1402	A.C. Hayward B1374	ACHAYWARDB1374	source_reference_raw	isolated_by	2	79	97	comparison_only_no_source_edit	review_required	not_searchable	low	no	preserved_source_text_not_a_search_identifier	1	NCPPB 1402
NCPPB 1402	B1374	B1374	isolate_code	isolated_by	2	92	97	comparison_only_no_source_edit	auto_validated	medium	medium	yes		1	NCPPB 1402
NCPPB 1420	Z. Klement E1388	ZKLEMENTE1388	source_reference_raw	isolated_by	1	29	45	comparison_only_no_source_edit	review_required	not_searchable	low	no	preserved_source_text_not_a_search_identifier	1	NCPPB 1420
NCPPB 1420	E1388	E1388	isolate_code	isolated_by	1	40	45	comparison_only_no_source_edit	auto_validated	medium	medium	yes		1	NCPPB 1420
NCPPB 1421	Z. Klement S. 20	ZKLEMENTS20	source_reference_raw	isolated_by	1	29	45	comparison_only_no_source_edit	review_required	not_searchable	low	no	preserved_source_text_not_a_search_identifier	1	NCPPB 1421
NCPPB 1421	S 20	S20	isolate_code	isolated_by	1	0	4	comparison_only_no_source_edit	review_required	weak	medium	no	identifier_too_weak_for_automatic_search	1	NCPPB 1421
NCPPB 1422	ICMP 5723	ICMP5723	collection_number	collection_list	1	41	50	comparison_only_no_source_edit	auto_validated	strong	low	yes		1	NCPPB 1422
NCPPB 1422	LMG 8646	LMG8646	collection_number	collection_list	1	52	60	comparison_only_no_source_edit	auto_validated	strong	low	yes		1	NCPPB 1422
NCPPB 1422	ex Z. Klement N.066	EXZKLEMENTN066	source_reference_raw	isolated_by	2	90	109	comparison_only_no_source_edit	review_required	not_searchable	low	no	preserved_source_text_not_a_search_identifier	1	NCPPB 1422
NCPPB 1422	N.066	N066	isolate_code	isolated_by	2	104	109	comparison_only_no_source_edit	auto_validated	medium	medium	yes		1	NCPPB 1422
NCPPB 1423	ICMP 114	ICMP114	collection_number	collection_list	1	41	49	comparison_only_no_source_edit	auto_validated	strong	low	yes		1	NCPPB 1423
NCPPB 1423	LMG 923	LMG923	collection_number	collection_list	1	51	58	comparison_only_no_source_edit	auto_validated	strong	low	yes		1	NCPPB 1423
NCPPB 1423	Z. Klement S. 07	ZKLEMENTS07	source_reference_raw	isolated_by	2	88	104	comparison_only_no_source_edit	review_required	not_searchable	low	no	preserved_source_text_not_a_search_identifier	1	NCPPB 1423
NCPPB 1423	S 07	S07	isolate_code	isolated_by	2	59	63	comparison_only_no_source_edit	review_required	weak	medium	no	identifier_too_weak_for_automatic_search	1	NCPPB 1423
NCPPB 1426	ICMP 173	ICMP173	collection_number	collection_list	1	41	49	comparison_only_no_source_edit	auto_validated	strong	low	yes		1	NCPPB 1426
NCPPB 1426	LMG 924	LMG924	collection_number	collection_list	1	51	58	comparison_only_no_source_edit	auto_validated	strong	low	yes		1	NCPPB 1426
NCPPB 1426	Z. Klement S. 10	ZKLEMENTS10	source_reference_raw	isolated_by	2	88	104	comparison_only_no_source_edit	review_required	not_searchable	low	no	preserved_source_text_not_a_search_identifier	1	NCPPB 1426
NCPPB 1426	S 10	S10	isolate_code	isolated_by	2	59	63	comparison_only_no_source_edit	review_required	weak	medium	no	identifier_too_weak_for_automatic_search	1	NCPPB 1426
NCPPB 1431	ICMP 112	ICMP112	collection_number	collection_list	1	41	49	comparison_only_no_source_edit	auto_validated	strong	low	yes		1	NCPPB 1431
NCPPB 1431	LMG 925	LMG925	collection_number	collection_list	1	51	58	comparison_only_no_source_edit	auto_validated	strong	low	yes		1	NCPPB 1431
NCPPB 1431	Z. Klement S. 04	ZKLEMENTS04	source_reference_raw	isolated_by	2	88	104	comparison_only_no_source_edit	review_required	not_searchable	low	no	preserved_source_text_not_a_search_identifier	1	NCPPB 1431
NCPPB 1431	S 04	S04	isolate_code	isolated_by	2	59	63	comparison_only_no_source_edit	review_required	weak	medium	no	identifier_too_weak_for_automatic_search	1	NCPPB 1431
NCPPB 1433	LMG 8016	LMG8016	collection_number	collection_list	1	41	49	comparison_only_no_source_edit	auto_validated	strong	low	yes		1	NCPPB 1433
NCPPB 1433	Z. Klement E1309	ZKLEMENTE1309	source_reference_raw	isolated_by	2	79	95	comparison_only_no_source_edit	review_required	not_searchable	low	no	preserved_source_text_not_a_search_identifier	1	NCPPB 1433
NCPPB 1433	E1309	E1309	isolate_code	isolated_by	2	90	95	comparison_only_no_source_edit	auto_validated	medium	medium	yes		1	NCPPB 1433
NCPPB 1438	ICMP 172	ICMP172	collection_number	collection_list	1	41	49	comparison_only_no_source_edit	auto_validated	strong	low	yes		1	NCPPB 1438
NCPPB 1438	LMG 926	LMG926	collection_number	collection_list	1	51	58	comparison_only_no_source_edit	auto_validated	strong	low	yes		1	NCPPB 1438
NCPPB 1438	CFBP 7955	CFBP7955	collection_number	collection_list	1	60	69	comparison_only_no_source_edit	auto_validated	strong	low	yes		1	NCPPB 1438
NCPPB 1438	Z. Klement I. 608	ZKLEMENTI608	source_reference_raw	isolated_by	2	99	116	comparison_only_no_source_edit	review_required	not_searchable	low	no	preserved_source_text_not_a_search_identifier	1	NCPPB 1438
NCPPB 1438	I 608	I608	isolate_code	isolated_by	2	70	75	comparison_only_no_source_edit	auto_validated	medium	medium	yes		1	NCPPB 1438
NCPPB 1439	Z. Klement E1299	ZKLEMENTE1299	source_reference_raw	isolated_by	1	29	45	comparison_only_no_source_edit	review_required	not_searchable	low	no	preserved_source_text_not_a_search_identifier	1	NCPPB 1439
NCPPB 1439	E1299	E1299	isolate_code	isolated_by	1	40	45	comparison_only_no_source_edit	auto_validated	medium	medium	yes		1	NCPPB 1439
NCPPB 1447	19	19	donor_reference	donor_reference	1	23	25	comparison_only_no_source_edit	review_required	weak	medium	no	identifier_too_weak_for_automatic_search	1	NCPPB 1447
NCPPB 1447	ex I. Lazar	EXILAZAR	source_reference_raw	isolated_by	2	55	66	comparison_only_no_source_edit	review_required	not_searchable	low	no	preserved_source_text_not_a_search_identifier	1	NCPPB 1447
NCPPB 1451	ICMP 5761	ICMP5761	collection_number	collection_list	1	41	50	comparison_only_no_source_edit	auto_validated	strong	low	yes		1	NCPPB 1451
NCPPB 1451	LMG 940	LMG940	collection_number	collection_list	1	52	59	comparison_only_no_source_edit	auto_validated	strong	low	yes		1	NCPPB 1451
NCPPB 1451	ex A.C. Padhya	EXACPADHYA	source_reference_raw	isolated_by	2	89	103	comparison_only_no_source_edit	review_required	not_searchable	low	no	preserved_source_text_not_a_search_identifier	1	NCPPB 1451
NCPPB 1452	ICMP 5852	ICMP5852	collection_number	collection_list	1	41	50	comparison_only_no_source_edit	review_required	strong	high	no	identifier_collision	2	NCPPB 1452; NCPPB 2977
NCPPB 1452	LMG 872	LMG872	collection_number	collection_list	1	52	59	comparison_only_no_source_edit	review_required	strong	high	no	identifier_collision	2	NCPPB 1452; NCPPB 2977
NCPPB 1452	ATCC 23577	ATCC23577	collection_number	collection_list	1	61	71	comparison_only_no_source_edit	review_required	strong	high	no	identifier_collision	2	NCPPB 1452; NCPPB 2977
NCPPB 1452	ex A.C. Padhya	EXACPADHYA	source_reference_raw	isolated_by	2	101	115	comparison_only_no_source_edit	review_required	not_searchable	low	no	preserved_source_text_not_a_search_identifier	1	NCPPB 1452
NCPPB 1453	ex M.C. Srinivasan	EXMCSRINIVASAN	source_reference_raw	isolated_by	1	29	47	comparison_only_no_source_edit	review_required	not_searchable	low	no	preserved_source_text_not_a_search_identifier	1	NCPPB 1453
NCPPB 1454	ICMP 5753	ICMP5753	collection_number	collection_list	1	41	50	comparison_only_no_source_edit	auto_validated	strong	low	yes		1	NCPPB 1454
NCPPB 1454	LMG 873	LMG873	collection_number	collection_list	1	52	59	comparison_only_no_source_edit	auto_validated	strong	low	yes		1	NCPPB 1454
NCPPB 1454	ex M.C. Srinivasan	EXMCSRINIVASAN	source_reference_raw	isolated_by	2	89	107	comparison_only_no_source_edit	review_required	not_searchable	low	no	preserved_source_text_not_a_search_identifier	1	NCPPB 1454
NCPPB 1455	ICMP 5737	ICMP5737	collection_number	collection_list	1	41	50	comparison_only_no_source_edit	auto_validated	strong	low	yes		1	NCPPB 1455
NCPPB 1455	LMG 754	LMG754	collection_number	collection_list	1	52	59	comparison_only_no_source_edit	auto_validated	strong	low	yes		1	NCPPB 1455
NCPPB 1455	ex M.C. Srinivasan	EXMCSRINIVASAN	source_reference_raw	isolated_by	2	89	107	comparison_only_no_source_edit	review_required	not_searchable	low	no	preserved_source_text_not_a_search_identifier	1	NCPPB 1455
NCPPB 1457	ex M.C. Srinivasan	EXMCSRINIVASAN	source_reference_raw	isolated_by	1	29	47	comparison_only_no_source_edit	review_required	not_searchable	low	no	preserved_source_text_not_a_search_identifier	1	NCPPB 1457
NCPPB 1469	ICMP 5715	ICMP5715	collection_number	collection_list	1	41	50	comparison_only_no_source_edit	auto_validated	strong	low	yes		1	NCPPB 1469
NCPPB 1469	ATTCC 33239	ATTCC33239	collection_number	collection_list	1	52	63	comparison_only_no_source_edit	auto_validated	strong	low	yes		1	NCPPB 1469
NCPPB 1469	VKM B-2165	VKMB2165	collection_number	collection_list	1	65	75	comparison_only_no_source_edit	auto_validated	strong	low	yes		1	NCPPB 1469
NCPPB 1469	DSMZ 3587	DSMZ3587	collection_number	collection_list	1	77	86	comparison_only_no_source_edit	auto_validated	strong	low	yes		1	NCPPB 1469
NCPPB 1469	LMG 708	LMG708	collection_number	collection_list	1	88	95	comparison_only_no_source_edit	auto_validated	strong	low	yes		1	NCPPB 1469
NCPPB 1469	CFBP 2157	CFBP2157	collection_number	collection_list	1	97	106	comparison_only_no_source_edit	auto_validated	strong	low	yes		1	NCPPB 1469
NCPPB 1469	B.W. Kennedy	BWKENNEDY	source_reference_raw	isolated_by	2	136	148	comparison_only_no_source_edit	review_required	not_searchable	low	no	preserved_source_text_not_a_search_identifier	1	NCPPB 1469
NCPPB 1471	A.C. Hayward B1603	ACHAYWARDB1603	source_reference_raw	isolated_by	1	29	47	comparison_only_no_source_edit	review_required	not_searchable	low	no	preserved_source_text_not_a_search_identifier	1	NCPPB 1471
NCPPB 1471	B1603	B1603	isolate_code	isolated_by	1	42	47	comparison_only_no_source_edit	auto_validated	medium	medium	yes		1	NCPPB 1471
NCPPB 1472	A.C. Hayward B1601	ACHAYWARDB1601	source_reference_raw	isolated_by	1	29	47	comparison_only_no_source_edit	review_required	not_searchable	low	no	preserved_source_text_not_a_search_identifier	1	NCPPB 1472
NCPPB 1472	B1601	B1601	isolate_code	isolated_by	1	42	47	comparison_only_no_source_edit	auto_validated	medium	medium	yes		1	NCPPB 1472
NCPPB 1473	A.C. Hayward B1559	ACHAYWARDB1559	source_reference_raw	isolated_by	1	29	47	comparison_only_no_source_edit	review_required	not_searchable	low	no	preserved_source_text_not_a_search_identifier	1	NCPPB 1473
NCPPB 1473	B1559	B1559	isolate_code	isolated_by	1	42	47	comparison_only_no_source_edit	auto_validated	medium	medium	yes		1	NCPPB 1473
NCPPB 1475	A.C. Hayward B1479	ACHAYWARDB1479	source_reference_raw	isolated_by	1	29	47	comparison_only_no_source_edit	review_required	not_searchable	low	no	preserved_source_text_not_a_search_identifier	1	NCPPB 1475
NCPPB 1475	B1479	B1479	isolate_code	isolated_by	1	42	47	comparison_only_no_source_edit	auto_validated	medium	medium	yes		1	NCPPB 1475
NCPPB 1482	A.C. Hayward B1741	ACHAYWARDB1741	source_reference_raw	isolated_by	1	29	47	comparison_only_no_source_edit	review_required	not_searchable	low	no	preserved_source_text_not_a_search_identifier	1	NCPPB 1482
NCPPB 1482	B1741	B1741	isolate_code	isolated_by	1	42	47	comparison_only_no_source_edit	auto_validated	medium	medium	yes		1	NCPPB 1482
NCPPB 1495	LMG 8017	LMG8017	collection_number	collection_list	1	41	49	comparison_only_no_source_edit	auto_validated	strong	low	yes		1	NCPPB 1495
NCPPB 1495	G.E. Jones C398	GEJONESC398	source_reference_raw	isolated_by	2	79	94	comparison_only_no_source_edit	review_required	not_searchable	low	no	preserved_source_text_not_a_search_identifier	1	NCPPB 1495
NCPPB 1495	C398	C398	isolate_code	isolated_by	2	90	94	comparison_only_no_source_edit	auto_validated	medium	medium	yes		1	NCPPB 1495
NCPPB 1560	R.A. Lelliott 479	RALELLIOTT479	source_reference_raw	isolated_by	1	29	46	comparison_only_no_source_edit	review_required	not_searchable	low	no	preserved_source_text_not_a_search_identifier	1	NCPPB 1560
NCPPB 1568	1	1	donor_reference	donor_reference	1	23	24	comparison_only_no_source_edit	review_required	weak	medium	no	identifier_too_weak_for_automatic_search	1	NCPPB 1568
NCPPB 1568	ex K.S.S. Eswaran	EXKSSESWARAN	source_reference_raw	isolated_by	2	54	71	comparison_only_no_source_edit	review_required	not_searchable	low	no	preserved_source_text_not_a_search_identifier	1	NCPPB 1568
NCPPB 1585	ICPB XOlll	ICPBXOLLL	collection_number	collection_list	1	41	51	comparison_only_no_source_edit	review_required	strong	high	no	unrecognised_or_digit_free_collection_identifier	1	NCPPB 1585
NCPPB 1585	ICMP 5743	ICMP5743	collection_number	collection_list	1	53	62	comparison_only_no_source_edit	review_required	strong	high	no	identifier_collision	2	NCPPB 1585; NCPPB 1932
NCPPB 1585	LMG 797	LMG797	collection_number	collection_list	1	64	71	comparison_only_no_source_edit	auto_validated	strong	low	yes		1	NCPPB 1585
NCPPB 1585	CFBP 2286	CFBP2286	collection_number	collection_list	1	73	82	comparison_only_no_source_edit	auto_validated	strong	low	yes		1	NCPPB 1585
NCPPB 1585	ATCC 49072	ATCC49072	collection_number	collection_list	1	84	94	comparison_only_no_source_edit	review_required	strong	high	no	identifier_collision	2	NCPPB 1585; NCPPB 1932
NCPPB 1585	A.C. Hayward B2115	ACHAYWARDB2115	source_reference_raw	isolated_by	2	124	142	comparison_only_no_source_edit	review_required	not_searchable	low	no	preserved_source_text_not_a_search_identifier	1	NCPPB 1585
NCPPB 1585	B2115	B2115	isolate_code	isolated_by	2	137	142	comparison_only_no_source_edit	auto_validated	medium	medium	yes		1	NCPPB 1585
NCPPB 1593	ICMP 1617	ICMP1617	collection_number	collection_list	1	41	50	comparison_only_no_source_edit	auto_validated	strong	low	yes		1	NCPPB 1593
NCPPB 1593	LMG 534	LMG534	collection_number	collection_list	1	52	59	comparison_only_no_source_edit	auto_validated	strong	low	yes		1	NCPPB 1593
NCPPB 1593	ex M.C. Srinivasan	EXMCSRINIVASAN	source_reference_raw	isolated_by	2	89	107	comparison_only_no_source_edit	review_required	not_searchable	low	no	preserved_source_text_not_a_search_identifier	1	NCPPB 1593
NCPPB 1594	ex A.C. Padhya	EXACPADHYA	source_reference_raw	isolated_by	1	29	43	comparison_only_no_source_edit	review_required	not_searchable	low	no	preserved_source_text_not_a_search_identifier	1	NCPPB 1594
NCPPB 1594	ex M.K. Patel	EXMKPATEL	source_reference_raw	source_of_isolate	2	75	88	comparison_only_no_source_edit	review_required	not_searchable	low	no	preserved_source_text_not_a_search_identifier	1	NCPPB 1594
NCPPB 1595	ex M.C. Srinivasan	EXMCSRINIVASAN	source_reference_raw	source_of_isolate	1	31	49	comparison_only_no_source_edit	review_required	not_searchable	low	no	preserved_source_text_not_a_search_identifier	1	NCPPB 1595
NCPPB 1596	ex M.C. Srinivasan	EXMCSRINIVASAN	source_reference_raw	source_of_isolate	1	31	49	comparison_only_no_source_edit	review_required	not_searchable	low	no	preserved_source_text_not_a_search_identifier	1	NCPPB 1596
NCPPB 1607	B2165	B2165	donor_reference	donor_reference	1	23	28	comparison_only_no_source_edit	auto_validated	medium	medium	yes		1	NCPPB 1607
NCPPB 1607	ex R.D. Pares	EXRDPARES	source_reference_raw	isolated_by	2	58	71	comparison_only_no_source_edit	review_required	not_searchable	low	no	preserved_source_text_not_a_search_identifier	1	NCPPB 1607
NCPPB 1610	R.A. Lelliott	RALELLIOTT	source_reference_raw	isolated_by	1	29	42	comparison_only_no_source_edit	review_required	not_searchable	low	no	preserved_source_text_not_a_search_identifier	1	NCPPB 1610
NCPPB 1612	A.C. Hayward B2175	ACHAYWARDB2175	source_reference_raw	isolated_by	1	29	47	comparison_only_no_source_edit	review_required	not_searchable	low	no	preserved_source_text_not_a_search_identifier	1	NCPPB 1612
NCPPB 1612	B2175	B2175	isolate_code	isolated_by	1	42	47	comparison_only_no_source_edit	auto_validated	medium	medium	yes		1	NCPPB 1612
NCPPB 1615	ICPB XPl99	ICPBXPL99	collection_number	collection_list	1	41	51	comparison_only_no_source_edit	auto_validated	strong	low	yes		1	NCPPB 1615
NCPPB 1615	R.A. Lelliott	RALELLIOTT	source_reference_raw	isolated_by	2	81	94	comparison_only_no_source_edit	review_required	not_searchable	low	no	preserved_source_text_not_a_search_identifier	1	NCPPB 1615
NCPPB 1616	A.C. Hayward B2249F	ACHAYWARDB2249F	source_reference_raw	isolated_by	1	29	48	comparison_only_no_source_edit	review_required	not_searchable	low	no	preserved_source_text_not_a_search_identifier	1	NCPPB 1616
NCPPB 1616	B2249F	B2249F	isolate_code	isolated_by	1	42	48	comparison_only_no_source_edit	auto_validated	medium	medium	yes		1	NCPPB 1616
NCPPB 1622	D.C. Graham	DCGRAHAM	source_reference_raw	isolated_by	1	29	40	comparison_only_no_source_edit	review_required	not_searchable	low	no	preserved_source_text_not_a_search_identifier	1	NCPPB 1622
NCPPB 1628	ICPB XA132	ICPBXA132	collection_number	collection_list	1	41	51	comparison_only_no_source_edit	auto_validated	strong	low	yes		1	NCPPB 1628
NCPPB 1628	A.C. Padhya	ACPADHYA	source_reference_raw	isolated_by	2	81	92	comparison_only_no_source_edit	review_required	not_searchable	low	no	preserved_source_text_not_a_search_identifier	1	NCPPB 1628
NCPPB 1629	ex A.C. Padhya	EXACPADHYA	source_reference_raw	isolated_by	1	29	43	comparison_only_no_source_edit	review_required	not_searchable	low	no	preserved_source_text_not_a_search_identifier	1	NCPPB 1629
NCPPB 1630	ex D.W. Dye ZZ24	EXDWDYEZZ24	source_reference_raw	isolated_by	1	29	45	comparison_only_no_source_edit	review_required	not_searchable	low	no	preserved_source_text_not_a_search_identifier	1	NCPPB 1630
NCPPB 1630	ZZ24	ZZ24	isolate_code	isolated_by	1	41	45	comparison_only_no_source_edit	auto_validated	medium	medium	yes		1	NCPPB 1630
NCPPB 1630	.		source_reference_raw	source_of_isolate	2	77	78	comparison_only_no_source_edit	review_required	not_searchable	low	no	preserved_source_text_not_a_search_identifier	1	NCPPB 1630
NCPPB 1632	ex M. Goto B50	EXMGOTOB50	source_reference_raw	source_of_isolate	1	31	45	comparison_only_no_source_edit	review_required	not_searchable	low	no	preserved_source_text_not_a_search_identifier	1	NCPPB 1632
NCPPB 1632	B50	B50	isolate_code	source_of_isolate	1	42	45	comparison_only_no_source_edit	review_required	weak	medium	no	identifier_too_weak_for_automatic_search	1	NCPPB 1632
NCPPB 1633	ICPB XSl	ICPBXSL	collection_number	collection_list	1	41	49	comparison_only_no_source_edit	review_required	strong	high	no	unrecognised_or_digit_free_collection_identifier	1	NCPPB 1633
NCPPB 1633	CFBP 7111	CFBP7111	collection_number	collection_list	1	51	60	comparison_only_no_source_edit	auto_validated	strong	low	yes		1	NCPPB 1633
NCPPB 1633	ex W.H. Burkholder	EXWHBURKHOLDER	source_reference_raw	isolated_by	2	90	108	comparison_only_no_source_edit	review_required	not_searchable	low	no	preserved_source_text_not_a_search_identifier	1	NCPPB 1633
NCPPB 1633	ex R.S. Dickey	EXRSDICKEY	source_reference_raw	source_of_isolate	3	140	154	comparison_only_no_source_edit	review_required	not_searchable	low	no	preserved_source_text_not_a_search_identifier	1	NCPPB 1633
NCPPB 1638	A.C. Hayward B2290	ACHAYWARDB2290	source_reference_raw	isolated_by	1	29	47	comparison_only_no_source_edit	review_required	not_searchable	low	no	preserved_source_text_not_a_search_identifier	1	NCPPB 1638
NCPPB 1638	B2290	B2290	isolate_code	isolated_by	1	42	47	comparison_only_no_source_edit	auto_validated	medium	medium	yes		1	NCPPB 1638
NCPPB 1645	B2340	B2340	donor_reference	donor_reference	1	23	28	comparison_only_no_source_edit	auto_validated	medium	medium	yes		1	NCPPB 1645
NCPPB 1645	ex A.H. Ramos SAL/163/B	EXAHRAMOSSAL163B	source_reference_raw	isolated_by	2	58	81	comparison_only_no_source_edit	review_required	not_searchable	low	no	preserved_source_text_not_a_search_identifier	1	NCPPB 1645
NCPPB 1645	SAL/163/B	SAL163B	isolate_code	isolated_by	2	72	81	comparison_only_no_source_edit	auto_validated	medium	medium	yes		1	NCPPB 1645
NCPPB 1646	B2324A	B2324A	donor_reference	donor_reference	1	23	29	comparison_only_no_source_edit	auto_validated	medium	medium	yes		1	NCPPB 1646
NCPPB 1646	ex W.S. Sutton	EXWSSUTTON	source_reference_raw	isolated_by	2	59	73	comparison_only_no_source_edit	review_required	not_searchable	low	no	preserved_source_text_not_a_search_identifier	1	NCPPB 1646
NCPPB 1648	A.C. Hayward B2305	ACHAYWARDB2305	source_reference_raw	isolated_by	1	29	47	comparison_only_no_source_edit	review_required	not_searchable	low	no	preserved_source_text_not_a_search_identifier	1	NCPPB 1648
NCPPB 1648	B2305	B2305	isolate_code	isolated_by	1	42	47	comparison_only_no_source_edit	auto_validated	medium	medium	yes		1	NCPPB 1648
NCPPB 1654	B2330	B2330	donor_reference	donor_reference	1	23	28	comparison_only_no_source_edit	auto_validated	medium	medium	yes		1	NCPPB 1654
NCPPB 1654	LMG 837	LMG837	collection_number	collection_list	2	70	77	comparison_only_no_source_edit	auto_validated	strong	low	yes		1	NCPPB 1654
NCPPB 1654	ex B.H. Boelema F6	EXBHBOELEMAF6	source_reference_raw	isolated_by	3	107	125	comparison_only_no_source_edit	review_required	not_searchable	low	no	preserved_source_text_not_a_search_identifier	1	NCPPB 1654
NCPPB 1654	F6	F6	isolate_code	isolated_by	3	123	125	comparison_only_no_source_edit	review_required	weak	medium	no	identifier_too_weak_for_automatic_search	1	NCPPB 1654
NCPPB 1659	A.C. Hayward B2404	ACHAYWARDB2404	source_reference_raw	isolated_by	1	29	47	comparison_only_no_source_edit	review_required	not_searchable	low	no	preserved_source_text_not_a_search_identifier	1	NCPPB 1659
NCPPB 1659	B2404	B2404	isolate_code	isolated_by	1	42	47	comparison_only_no_source_edit	auto_validated	medium	medium	yes		1	NCPPB 1659
NCPPB 1668	CS56-27	CS5627	donor_reference	donor_reference	1	23	30	comparison_only_no_source_edit	auto_validated	medium	medium	yes		1	NCPPB 1668
NCPPB 1671	A.C. Hayward B2536	ACHAYWARDB2536	source_reference_raw	isolated_by	1	29	47	comparison_only_no_source_edit	review_required	not_searchable	low	no	preserved_source_text_not_a_search_identifier	1	NCPPB 1671
NCPPB 1671	B2536	B2536	isolate_code	isolated_by	1	42	47	comparison_only_no_source_edit	auto_validated	medium	medium	yes		1	NCPPB 1671
NCPPB 1672	A.C. Hayward B2540B	ACHAYWARDB2540B	source_reference_raw	isolated_by	1	29	48	comparison_only_no_source_edit	review_required	not_searchable	low	no	preserved_source_text_not_a_search_identifier	1	NCPPB 1672
NCPPB 1672	B2540B	B2540B	isolate_code	isolated_by	1	42	48	comparison_only_no_source_edit	auto_validated	medium	medium	yes		1	NCPPB 1672
NCPPB 1680	ICPB XP200	ICPBXP200	collection_number	collection_list	1	41	51	comparison_only_no_source_edit	auto_validated	strong	low	yes		1	NCPPB 1680
NCPPB 1680	D.C. Graham	DCGRAHAM	source_reference_raw	isolated_by	2	81	92	comparison_only_no_source_edit	review_required	not_searchable	low	no	preserved_source_text_not_a_search_identifier	1	NCPPB 1680
NCPPB 1683	ATCC 19867	ATCC19867	collection_number	collection_list	1	41	51	comparison_only_no_source_edit	auto_validated	strong	low	yes		1	NCPPB 1683
NCPPB 1683	ICMP 3945	ICMP3945	collection_number	collection_list	1	53	62	comparison_only_no_source_edit	auto_validated	strong	low	yes		1	NCPPB 1683
NCPPB 1684	ICPB XR117	ICPBXR117	collection_number	collection_list	1	41	51	comparison_only_no_source_edit	auto_validated	strong	low	yes		1	NCPPB 1684
NCPPB 1684	A.C. Hayward B2602	ACHAYWARDB2602	source_reference_raw	isolated_by	2	81	99	comparison_only_no_source_edit	review_required	not_searchable	low	no	preserved_source_text_not_a_search_identifier	1	NCPPB 1684
NCPPB 1684	B2602	B2602	isolate_code	isolated_by	2	94	99	comparison_only_no_source_edit	auto_validated	medium	medium	yes		1	NCPPB 1684
NCPPB 1685	B2631	B2631	donor_reference	donor_reference	1	23	28	comparison_only_no_source_edit	auto_validated	medium	medium	yes		1	NCPPB 1685
NCPPB 1685	ex H.L. Harvey WA134	EXHLHARVEYWA134	source_reference_raw	isolated_by	2	58	78	comparison_only_no_source_edit	review_required	not_searchable	low	no	preserved_source_text_not_a_search_identifier	1	NCPPB 1685
NCPPB 1685	WA134	WA134	isolate_code	isolated_by	2	73	78	comparison_only_no_source_edit	auto_validated	medium	medium	yes		1	NCPPB 1685
NCPPB 1697	A.C. Hayward B2024	ACHAYWARDB2024	source_reference_raw	isolated_by	1	29	47	comparison_only_no_source_edit	review_required	not_searchable	low	no	preserved_source_text_not_a_search_identifier	1	NCPPB 1697
NCPPB 1697	B2024	B2024	isolate_code	isolated_by	1	42	47	comparison_only_no_source_edit	auto_validated	medium	medium	yes		1	NCPPB 1697
NCPPB 1698	B650	B650	donor_reference	donor_reference	1	23	27	comparison_only_no_source_edit	auto_validated	medium	medium	yes		1	NCPPB 1698
NCPPB 1698	ATCC 14985	ATCC14985	collection_number	collection_list	2	69	79	comparison_only_no_source_edit	auto_validated	strong	low	yes		1	NCPPB 1698
NCPPB 1698	LMG 7429	LMG7429	collection_number	collection_list	2	81	89	comparison_only_no_source_edit	auto_validated	strong	low	yes		1	NCPPB 1698
NCPPB 1698	ex C. Logan XL59/10	EXCLOGANXL5910	source_reference_raw	isolated_by	3	119	138	comparison_only_no_source_edit	review_required	not_searchable	low	no	preserved_source_text_not_a_search_identifier	1	NCPPB 1698
NCPPB 1698	XL59/10	XL5910	isolate_code	isolated_by	3	131	138	comparison_only_no_source_edit	auto_validated	medium	medium	yes		1	NCPPB 1698
NCPPB 1699	A.C. Hayward B2019	ACHAYWARDB2019	source_reference_raw	isolated_by	1	29	47	comparison_only_no_source_edit	review_required	not_searchable	low	no	preserved_source_text_not_a_search_identifier	1	NCPPB 1699
NCPPB 1699	B2019	B2019	isolate_code	isolated_by	1	42	47	comparison_only_no_source_edit	auto_validated	medium	medium	yes		1	NCPPB 1699
NCPPB 1700	B648	B648	donor_reference	donor_reference	1	23	27	comparison_only_no_source_edit	auto_validated	medium	medium	yes		1	NCPPB 1700
NCPPB 1700	ATCC 14982	ATCC14982	collection_number	collection_list	2	69	79	comparison_only_no_source_edit	auto_validated	strong	low	yes		1	NCPPB 1700
NCPPB 1700	ex C. Logan XL 59/6	EXCLOGANXL596	source_reference_raw	isolated_by	3	109	128	comparison_only_no_source_edit	review_required	not_searchable	low	no	preserved_source_text_not_a_search_identifier	1	NCPPB 1700
NCPPB 1701	ATCC 14983	ATCC14983	collection_number	collection_list	1	41	51	comparison_only_no_source_edit	auto_validated	strong	low	yes		1	NCPPB 1701
NCPPB 1701	A.C. Hayward B649 ex C. Logan XL59/9	ACHAYWARDB649EXCLOGANXL599	source_reference_raw	isolated_by	2	81	117	comparison_only_no_source_edit	review_required	not_searchable	low	no	preserved_source_text_not_a_search_identifier	1	NCPPB 1701
NCPPB 1701	B649	B649	isolate_code	isolated_by	2	94	98	comparison_only_no_source_edit	auto_validated	medium	medium	yes		1	NCPPB 1701
NCPPB 1701	XL59/9	XL599	isolate_code	isolated_by	2	111	117	comparison_only_no_source_edit	auto_validated	medium	medium	yes		1	NCPPB 1701
NCPPB 1711	B1548	B1548	donor_reference	donor_reference	1	23	28	comparison_only_no_source_edit	auto_validated	medium	medium	yes		1	NCPPB 1711
NCPPB 1711	ex M.D. Sutton P125	EXMDSUTTONP125	source_reference_raw	isolated_by	2	58	77	comparison_only_no_source_edit	review_required	not_searchable	low	no	preserved_source_text_not_a_search_identifier	1	NCPPB 1711
NCPPB 1711	P125	P125	isolate_code	isolated_by	2	73	77	comparison_only_no_source_edit	auto_validated	medium	medium	yes		1	NCPPB 1711
NCPPB 1712	A.C. Hayward B1334	ACHAYWARDB1334	source_reference_raw	isolated_by	1	29	47	comparison_only_no_source_edit	review_required	not_searchable	low	no	preserved_source_text_not_a_search_identifier	1	NCPPB 1712
NCPPB 1712	B1334	B1334	isolate_code	isolated_by	1	42	47	comparison_only_no_source_edit	auto_validated	medium	medium	yes		1	NCPPB 1712
NCPPB 1713	A.C. Hayward B912	ACHAYWARDB912	source_reference_raw	isolated_by	1	29	46	comparison_only_no_source_edit	review_required	not_searchable	low	no	preserved_source_text_not_a_search_identifier	1	NCPPB 1713
NCPPB 1713	B912	B912	isolate_code	isolated_by	1	42	46	comparison_only_no_source_edit	auto_validated	medium	medium	yes		1	NCPPB 1713
NCPPB 1714	A.C. Hayward B744	ACHAYWARDB744	source_reference_raw	isolated_by	1	29	46	comparison_only_no_source_edit	review_required	not_searchable	low	no	preserved_source_text_not_a_search_identifier	1	NCPPB 1714
NCPPB 1714	B744	B744	isolate_code	isolated_by	1	42	46	comparison_only_no_source_edit	auto_validated	medium	medium	yes		1	NCPPB 1714
NCPPB 1715	A.C. Hayward B1853	ACHAYWARDB1853	source_reference_raw	isolated_by	1	29	47	comparison_only_no_source_edit	review_required	not_searchable	low	no	preserved_source_text_not_a_search_identifier	1	NCPPB 1715
NCPPB 1715	B1853	B1853	isolate_code	isolated_by	1	42	47	comparison_only_no_source_edit	auto_validated	medium	medium	yes		1	NCPPB 1715
NCPPB 1717	B913	B913	donor_reference	donor_reference	1	23	27	comparison_only_no_source_edit	auto_validated	medium	medium	yes		1	NCPPB 1717
NCPPB 1737	R.A. Lelliott X.a.7a	RALELLIOTTXA7A	source_reference_raw	isolated_by	1	29	49	comparison_only_no_source_edit	review_required	not_searchable	low	no	preserved_source_text_not_a_search_identifier	1	NCPPB 1737
NCPPB 1737	X.a.7a	XA7A	isolate_code	isolated_by	1	43	49	comparison_only_no_source_edit	auto_validated	medium	medium	yes		1	NCPPB 1737
NCPPB 1738	R.A. Lelliott X.a.5	RALELLIOTTXA5	source_reference_raw	isolated_by	1	29	48	comparison_only_no_source_edit	review_required	not_searchable	low	no	preserved_source_text_not_a_search_identifier	1	NCPPB 1738
NCPPB 1738	X.a.5	XA5	isolate_code	isolated_by	1	43	48	comparison_only_no_source_edit	review_required	weak	medium	no	identifier_too_weak_for_automatic_search	1	NCPPB 1738
NCPPB 1754	HACC-179	HACC179	donor_reference	donor_reference	1	23	31	comparison_only_no_source_edit	auto_validated	medium	medium	yes		1	NCPPB 1754
NCPPB 1754	ATCC 17992	ATCC17992	collection_number	collection_list	2	73	83	comparison_only_no_source_edit	auto_validated	strong	low	yes		1	NCPPB 1754
NCPPB 1754	ex M.C. Srinivasan	EXMCSRINIVASAN	source_reference_raw	isolated_by	3	113	131	comparison_only_no_source_edit	review_required	not_searchable	low	no	preserved_source_text_not_a_search_identifier	1	NCPPB 1754
NCPPB 1755	HACC-180	HACC180	donor_reference	donor_reference	1	23	31	comparison_only_no_source_edit	auto_validated	medium	medium	yes		1	NCPPB 1755
NCPPB 1755	ATCC 17993	ATCC17993	collection_number	collection_list	2	73	83	comparison_only_no_source_edit	auto_validated	strong	low	yes		1	NCPPB 1755
NCPPB 1756	HACC-181	HACC181	donor_reference	donor_reference	1	23	31	comparison_only_no_source_edit	auto_validated	medium	medium	yes		1	NCPPB 1756
NCPPB 1756	ATCC 17994	ATCC17994	collection_number	collection_list	2	73	83	comparison_only_no_source_edit	auto_validated	strong	low	yes		1	NCPPB 1756
NCPPB 1756	ICMP 5746	ICMP5746	collection_number	collection_list	2	85	94	comparison_only_no_source_edit	auto_validated	strong	low	yes		1	NCPPB 1756
NCPPB 1756	LMG 846	LMG846	collection_number	collection_list	2	96	103	comparison_only_no_source_edit	auto_validated	strong	low	yes		1	NCPPB 1756
NCPPB 1757	HACC-182	HACC182	donor_reference	donor_reference	1	23	31	comparison_only_no_source_edit	auto_validated	medium	medium	yes		1	NCPPB 1757
NCPPB 1757	ATCC 17995	ATCC17995	collection_number	collection_list	2	73	83	comparison_only_no_source_edit	auto_validated	strong	low	yes		1	NCPPB 1757
NCPPB 1757	PDDCC 57 22	PDDCC5722	collection_number	collection_list	2	85	96	comparison_only_no_source_edit	auto_validated	strong	low	yes		1	NCPPB 1757
NCPPB 1757	LMG 557	LMG557	collection_number	collection_list	2	98	105	comparison_only_no_source_edit	auto_validated	strong	low	yes		1	NCPPB 1757
NCPPB 1757	ICMP 5722	ICMP5722	collection_number	collection_list	2	107	116	comparison_only_no_source_edit	auto_validated	strong	low	yes		1	NCPPB 1757
NCPPB 1758	HACC-183	HACC183	donor_reference	donor_reference	1	23	31	comparison_only_no_source_edit	auto_validated	medium	medium	yes		1	NCPPB 1758
NCPPB 1758	ATCC 17996	ATCC17996	collection_number	collection_list	2	73	83	comparison_only_no_source_edit	auto_validated	strong	low	yes		1	NCPPB 1758
NCPPB 1758	ICMP 5725	ICMP5725	collection_number	collection_list	2	85	94	comparison_only_no_source_edit	auto_validated	strong	low	yes		1	NCPPB 1758
NCPPB 1758	LMG 867	LMG867	collection_number	collection_list	2	96	103	comparison_only_no_source_edit	review_required	strong	high	no	identifier_collision	2	NCPPB 1758; NCPPB 582
NCPPB 1759	ex M.C. Srinivasan 1871	EXMCSRINIVASAN1871	source_reference_raw	isolated_by	1	29	52	comparison_only_no_source_edit	review_required	not_searchable	low	no	preserved_source_text_not_a_search_identifier	1	NCPPB 1759
NCPPB 1759	ex M.J. Thirumalachar HACC-184	EXMJTHIRUMALACHARHACC184	source_reference_raw	source_of_isolate	2	84	114	comparison_only_no_source_edit	review_required	not_searchable	low	no	preserved_source_text_not_a_search_identifier	1	NCPPB 1759
NCPPB 1759	HACC-184	HACC184	isolate_code	source_of_isolate	2	106	114	comparison_only_no_source_edit	auto_validated	medium	medium	yes		1	NCPPB 1759
NCPPB 1760	HACC-185	HACC185	donor_reference	donor_reference	1	23	31	comparison_only_no_source_edit	auto_validated	medium	medium	yes		1	NCPPB 1760
NCPPB 1760	ATCC 17998	ATCC17998	collection_number	collection_list	2	73	83	comparison_only_no_source_edit	auto_validated	strong	low	yes		1	NCPPB 1760
NCPPB 1760	ICMP 5751	ICMP5751	collection_number	collection_list	2	85	94	comparison_only_no_source_edit	auto_validated	strong	low	yes		1	NCPPB 1760
NCPPB 1760	LMG 868	LMG868	collection_number	collection_list	2	96	103	comparison_only_no_source_edit	auto_validated	strong	low	yes		1	NCPPB 1760
NCPPB 1765	R.A. Skipp	RASKIPP	source_reference_raw	isolated_by	1	29	39	comparison_only_no_source_edit	review_required	not_searchable	low	no	preserved_source_text_not_a_search_identifier	1	NCPPB 1765
NCPPB 1774	Pt3	PT3	donor_reference	donor_reference	1	23	26	comparison_only_no_source_edit	review_required	weak	medium	no	identifier_too_weak_for_automatic_search	1	NCPPB 1774
NCPPB 1785	M. K. Patel	MKPATEL	source_reference_raw	isolated_by	1	29	40	comparison_only_no_source_edit	review_required	not_searchable	low	no	preserved_source_text_not_a_search_identifier	1	NCPPB 1785
NCPPB 1786	ICMP 5724	ICMP5724	collection_number	collection_list	1	41	50	comparison_only_no_source_edit	auto_validated	strong	low	yes		1	NCPPB 1786
NCPPB 1786	LMG 686	LMG686	collection_number	collection_list	1	52	59	comparison_only_no_source_edit	auto_validated	strong	low	yes		1	NCPPB 1786
NCPPB 1786	ex S.G. Desai	EXSGDESAI	source_reference_raw	isolated_by	2	89	102	comparison_only_no_source_edit	review_required	not_searchable	low	no	preserved_source_text_not_a_search_identifier	1	NCPPB 1786
NCPPB 1787	ICMP 5758	ICMP5758	collection_number	collection_list	1	41	50	comparison_only_no_source_edit	auto_validated	strong	low	yes		1	NCPPB 1787
NCPPB 1787	LMG 9058	LMG9058	collection_number	collection_list	1	52	60	comparison_only_no_source_edit	auto_validated	strong	low	yes		1	NCPPB 1787
NCPPB 1787	M.K. Patel	MKPATEL	source_reference_raw	isolated_by	2	90	100	comparison_only_no_source_edit	review_required	not_searchable	low	no	preserved_source_text_not_a_search_identifier	1	NCPPB 1787
NCPPB 1811	D.C. Graham	DCGRAHAM	source_reference_raw	isolated_by	1	29	40	comparison_only_no_source_edit	review_required	not_searchable	low	no	preserved_source_text_not_a_search_identifier	1	NCPPB 1811
NCPPB 1821	CFBP 7120	CFBP7120	collection_number	collection_list	1	41	50	comparison_only_no_source_edit	auto_validated	strong	low	yes		1	NCPPB 1821
NCPPB 1821	T. Tominaga	TTOMINAGA	source_reference_raw	isolated_by	2	80	91	comparison_only_no_source_edit	review_required	not_searchable	low	no	preserved_source_text_not_a_search_identifier	1	NCPPB 1821
NCPPB 1822	ICPB XF105	ICPBXF105	collection_number	collection_list	1	41	51	comparison_only_no_source_edit	auto_validated	strong	low	yes		1	NCPPB 1822
NCPPB 1822	R.A. Lelliott	RALELLIOTT	source_reference_raw	isolated_by	2	81	94	comparison_only_no_source_edit	review_required	not_searchable	low	no	preserved_source_text_not_a_search_identifier	1	NCPPB 1822
NCPPB 1826	G.E. Jones C555	GEJONESC555	source_reference_raw	isolated_by	1	29	44	comparison_only_no_source_edit	review_required	not_searchable	low	no	preserved_source_text_not_a_search_identifier	1	NCPPB 1826
NCPPB 1826	C555	C555	isolate_code	isolated_by	1	40	44	comparison_only_no_source_edit	auto_validated	medium	medium	yes		1	NCPPB 1826
NCPPB 1827	ICMP 5748	ICMP5748	collection_number	collection_list	1	41	50	comparison_only_no_source_edit	auto_validated	strong	low	yes		1	NCPPB 1827
NCPPB 1827	LMG 8021	LMG8021	collection_number	collection_list	1	52	60	comparison_only_no_source_edit	auto_validated	strong	low	yes		1	NCPPB 1827
NCPPB 1827	K.A. Sabet Rhyn 1	KASABETRHYN1	source_reference_raw	isolated_by	2	90	107	comparison_only_no_source_edit	review_required	not_searchable	low	no	preserved_source_text_not_a_search_identifier	1	NCPPB 1827
NCPPB 1828	ICMP 5730	ICMP5730	collection_number	collection_list	1	41	50	comparison_only_no_source_edit	auto_validated	strong	low	yes		1	NCPPB 1828
NCPPB 1828	LMG 863	LMG863	collection_number	collection_list	1	52	59	comparison_only_no_source_edit	auto_validated	strong	low	yes		1	NCPPB 1828
NCPPB 1828	K.A. Sabet Euph 1	KASABETEUPH1	source_reference_raw	isolated_by	2	89	106	comparison_only_no_source_edit	review_required	not_searchable	low	no	preserved_source_text_not_a_search_identifier	1	NCPPB 1828
NCPPB 1829	K.A. Sabet Jat 100	KASABETJAT100	source_reference_raw	isolated_by	1	29	47	comparison_only_no_source_edit	review_required	not_searchable	low	no	preserved_source_text_not_a_search_identifier	1	NCPPB 1829
NCPPB 1830	ex H. Koike 310	EXHKOIKE310	source_reference_raw	source_of_isolate	1	31	46	comparison_only_no_source_edit	review_required	not_searchable	low	no	preserved_source_text_not_a_search_identifier	1	NCPPB 1830
NCPPB 1832	ATCC 19045	ATCC19045	collection_number	collection_list	1	41	51	comparison_only_no_source_edit	auto_validated	strong	low	yes		1	NCPPB 1832
NCPPB 1832	ICMP 1488	ICMP1488	collection_number	collection_list	1	53	62	comparison_only_no_source_edit	auto_validated	strong	low	yes		1	NCPPB 1832
NCPPB 1832	LMG 677	LMG677	collection_number	collection_list	1	64	71	comparison_only_no_source_edit	auto_validated	strong	low	yes		1	NCPPB 1832
NCPPB 1832	ex D.W. Dye ZZ28	EXDWDYEZZ28	source_reference_raw	isolated_by	2	101	117	comparison_only_no_source_edit	review_required	not_searchable	low	no	preserved_source_text_not_a_search_identifier	1	NCPPB 1832
NCPPB 1832	ZZ28	ZZ28	isolate_code	isolated_by	2	113	117	comparison_only_no_source_edit	auto_validated	medium	medium	yes		1	NCPPB 1832
NCPPB 1833	ICMP 5727	ICMP5727	collection_number	collection_list	1	41	50	comparison_only_no_source_edit	auto_validated	strong	low	yes		1	NCPPB 1833
NCPPB 1833	LMG 695	LMG695	collection_number	collection_list	1	52	59	comparison_only_no_source_edit	auto_validated	strong	low	yes		1	NCPPB 1833
NCPPB 1833	ex C.F. Robbs ENA-350	EXCFROBBSENA350	source_reference_raw	isolated_by	2	89	110	comparison_only_no_source_edit	review_required	not_searchable	low	no	preserved_source_text_not_a_search_identifier	1	NCPPB 1833
NCPPB 1833	ENA-350	ENA350	isolate_code	isolated_by	2	103	110	comparison_only_no_source_edit	auto_validated	medium	medium	yes		1	NCPPB 1833
NCPPB 1834	ICMP 5741	ICMP5741	collection_number	collection_list	1	41	50	comparison_only_no_source_edit	auto_validated	strong	low	yes		1	NCPPB 1834
NCPPB 1834	LMG 773	LMG773	collection_number	collection_list	1	52	59	comparison_only_no_source_edit	auto_validated	strong	low	yes		1	NCPPB 1834
NCPPB 1834	CFBP 7153	CFBP7153	collection_number	collection_list	1	61	70	comparison_only_no_source_edit	auto_validated	strong	low	yes		1	NCPPB 1834
NCPPB 1834	ATCC 49073	ATCC49073	collection_number	collection_list	1	72	82	comparison_only_no_source_edit	auto_validated	strong	low	yes		1	NCPPB 1834
NCPPB 1834	ex C.F. Robbs ENA-300	EXCFROBBSENA300	source_reference_raw	isolated_by	2	112	133	comparison_only_no_source_edit	review_required	not_searchable	low	no	preserved_source_text_not_a_search_identifier	1	NCPPB 1834
NCPPB 1834	ENA-300	ENA300	isolate_code	isolated_by	2	126	133	comparison_only_no_source_edit	auto_validated	medium	medium	yes		1	NCPPB 1834
NCPPB 1836	ex J.R. Wallin 10b	EXJRWALLIN10B	source_reference_raw	source_of_isolate	1	31	49	comparison_only_no_source_edit	review_required	not_searchable	low	no	preserved_source_text_not_a_search_identifier	1	NCPPB 1836
NCPPB 1836	10b	10B	isolate_code	source_of_isolate	1	46	49	comparison_only_no_source_edit	review_required	weak	medium	no	identifier_too_weak_for_automatic_search	1	NCPPB 1836
NCPPB 1837	ICMP 5744	ICMP5744	collection_number	collection_list	1	41	50	comparison_only_no_source_edit	auto_validated	strong	low	yes		1	NCPPB 1837
NCPPB 1837	LMG 843	LMG843	collection_number	collection_list	1	52	59	comparison_only_no_source_edit	auto_validated	strong	low	yes		1	NCPPB 1837
NCPPB 1837	CFBP 2540	CFBP2540	collection_number	collection_list	1	61	70	comparison_only_no_source_edit	auto_validated	strong	low	yes		1	NCPPB 1837
NCPPB 1837	ex J.R. Wallin 3	EXJRWALLIN3	source_reference_raw	source_of_isolate	2	102	118	comparison_only_no_source_edit	review_required	not_searchable	low	no	preserved_source_text_not_a_search_identifier	1	NCPPB 1837
NCPPB 1838	ICMP 333	ICMP333	collection_number	collection_list	1	41	49	comparison_only_no_source_edit	auto_validated	strong	low	yes		1	NCPPB 1838
NCPPB 1838	ATCC 11648	ATCC11648	collection_number	collection_list	1	51	61	comparison_only_no_source_edit	auto_validated	strong	low	yes		1	NCPPB 1838
NCPPB 1838	CFBP 7112	CFBP7112	collection_number	collection_list	1	63	72	comparison_only_no_source_edit	auto_validated	strong	low	yes		1	NCPPB 1838
NCPPB 1838	LMG 8752	LMG8752	collection_number	collection_list	1	74	82	comparison_only_no_source_edit	auto_validated	strong	low	yes		1	NCPPB 1838
NCPPB 1838	ex W.H. Burkholder XV18	EXWHBURKHOLDERXV18	source_reference_raw	isolated_by	2	112	135	comparison_only_no_source_edit	review_required	not_searchable	low	no	preserved_source_text_not_a_search_identifier	1	NCPPB 1838
NCPPB 1838	XV18	XV18	isolate_code	isolated_by	2	131	135	comparison_only_no_source_edit	auto_validated	medium	medium	yes		1	NCPPB 1838
NCPPB 1839	ex A.P. Viegas	EXAPVIEGAS	source_reference_raw	isolated_by	1	29	43	comparison_only_no_source_edit	review_required	not_searchable	low	no	preserved_source_text_not_a_search_identifier	1	NCPPB 1839
NCPPB 1839	ex C.F. Robbs ENA-250	EXCFROBBSENA250	source_reference_raw	source_of_isolate	2	75	96	comparison_only_no_source_edit	review_required	not_searchable	low	no	preserved_source_text_not_a_search_identifier	1	NCPPB 1839
NCPPB 1839	ENA-250	ENA250	isolate_code	source_of_isolate	2	89	96	comparison_only_no_source_edit	auto_validated	medium	medium	yes		1	NCPPB 1839
NCPPB 1841	ex C.F. Robbs ENA-265	EXCFROBBSENA265	source_reference_raw	isolated_by	1	29	50	comparison_only_no_source_edit	review_required	not_searchable	low	no	preserved_source_text_not_a_search_identifier	1	NCPPB 1841
NCPPB 1841	ENA-265	ENA265	isolate_code	isolated_by	1	43	50	comparison_only_no_source_edit	auto_validated	medium	medium	yes		1	NCPPB 1841
NCPPB 1925	ex E. Hellmers	EXEHELLMERS	source_reference_raw	isolated_by	1	29	43	comparison_only_no_source_edit	review_required	not_searchable	low	no	preserved_source_text_not_a_search_identifier	1	NCPPB 1925
NCPPB 1925	ex ATCC 11726 ex W.H. Burkholder XB10	EXATCC11726EXWHBURKHOLDERXB10	source_reference_raw	source_of_isolate	2	75	112	comparison_only_no_source_edit	review_required	not_searchable	low	no	preserved_source_text_not_a_search_identifier	1	NCPPB 1925
NCPPB 1925	ATCC 11726	ATCC11726	collection_number	source_of_isolate	2	78	88	comparison_only_no_source_edit	auto_validated	strong	low	yes		1	NCPPB 1925
NCPPB 1925	XB10	XB10	isolate_code	source_of_isolate	2	108	112	comparison_only_no_source_edit	auto_validated	medium	medium	yes		1	NCPPB 1925
NCPPB 1929	ITCC B47	ITCCB47	collection_number	collection_list	1	41	49	comparison_only_no_source_edit	auto_validated	strong	low	yes		1	NCPPB 1929
NCPPB 1929	ex M.K. Patel	EXMKPATEL	source_reference_raw	source_of_isolate	2	81	94	comparison_only_no_source_edit	review_required	not_searchable	low	no	preserved_source_text_not_a_search_identifier	1	NCPPB 1929
NCPPB 1930	ex W.H.Burkholder HI	EXWHBURKHOLDERHI	source_reference_raw	isolated_by	1	29	49	comparison_only_no_source_edit	review_required	not_searchable	low	no	preserved_source_text_not_a_search_identifier	1	NCPPB 1930
NCPPB 1932	ICMP 5743	ICMP5743	collection_number	collection_list	1	41	50	comparison_only_no_source_edit	review_required	strong	high	no	identifier_collision	2	NCPPB 1585; NCPPB 1932
NCPPB 1932	LMG 731	LMG731	collection_number	collection_list	1	52	59	comparison_only_no_source_edit	auto_validated	strong	low	yes		1	NCPPB 1932
NCPPB 1932	ATCC 49072	ATCC49072	collection_number	collection_list	1	61	71	comparison_only_no_source_edit	review_required	strong	high	no	identifier_collision	2	NCPPB 1585; NCPPB 1932
NCPPB 1932	ex D. Yirgou I-l	EXDYIRGOUIL	source_reference_raw	isolated_by	2	101	117	comparison_only_no_source_edit	review_required	not_searchable	low	no	preserved_source_text_not_a_search_identifier	1	NCPPB 1932
NCPPB 1933	ex D. Yirgou I-2	EXDYIRGOUI2	source_reference_raw	isolated_by	1	29	45	comparison_only_no_source_edit	review_required	not_searchable	low	no	preserved_source_text_not_a_search_identifier	1	NCPPB 1933
NCPPB 1933	I-2	I2	isolate_code	isolated_by	1	42	45	comparison_only_no_source_edit	review_required	weak	medium	no	identifier_too_weak_for_automatic_search	1	NCPPB 1933
NCPPB 1934	ex K.F. Baker	EXKFBAKER	source_reference_raw	isolated_by	1	29	42	comparison_only_no_source_edit	review_required	not_searchable	low	no	preserved_source_text_not_a_search_identifier	1	NCPPB 1934
NCPPB 1935	ATCC 23390	ATCC23390	collection_number	collection_list	1	41	51	comparison_only_no_source_edit	auto_validated	strong	low	yes		1	NCPPB 1935
NCPPB 1935	ICMP 80	ICMP80	collection_number	collection_list	1	53	60	comparison_only_no_source_edit	auto_validated	strong	low	yes		1	NCPPB 1935
NCPPB 1935	LMG 787	LMG787	collection_number	collection_list	1	62	69	comparison_only_no_source_edit	auto_validated	strong	low	yes		1	NCPPB 1935
NCPPB 1935	N. Okabe	NOKABE	source_reference_raw	isolated_by	2	99	107	comparison_only_no_source_edit	review_required	not_searchable	low	no	preserved_source_text_not_a_search_identifier	1	NCPPB 1935
NCPPB 1935	ex D.W. Dye ZT2 ex N. Okabe	EXDWDYEZT2EXNOKABE	source_reference_raw	source_of_isolate	3	139	166	comparison_only_no_source_edit	review_required	not_searchable	low	no	preserved_source_text_not_a_search_identifier	1	NCPPB 1935
NCPPB 1935	ZT2	ZT2	isolate_code	source_of_isolate	3	151	154	comparison_only_no_source_edit	review_required	weak	medium	no	identifier_too_weak_for_automatic_search	1	NCPPB 1935
NCPPB 1936	ex D.N. Srivastava	EXDNSRIVASTAVA	source_reference_raw	source_of_isolate	1	31	49	comparison_only_no_source_edit	review_required	not_searchable	low	no	preserved_source_text_not_a_search_identifier	1	NCPPB 1936
NCPPB 1938	ex P.A. Ark PA	EXPAARKPA	source_reference_raw	source_of_isolate	1	31	45	comparison_only_no_source_edit	review_required	not_searchable	low	no	preserved_source_text_not_a_search_identifier	1	NCPPB 1938
NCPPB 1939	ex L.A. McFadden XP6	EXLAMCFADDENXP6	source_reference_raw	source_of_isolate	1	31	51	comparison_only_no_source_edit	review_required	not_searchable	low	no	preserved_source_text_not_a_search_identifier	1	NCPPB 1939
NCPPB 1939	XP6	XP6	isolate_code	source_of_isolate	1	48	51	comparison_only_no_source_edit	review_required	weak	medium	no	identifier_too_weak_for_automatic_search	1	NCPPB 1939
NCPPB 1942	ex D.W. Dye ZQ1 ex W.J. Dowson 175 ex R.M, Natrass	EXDWDYEZQ1EXWJDOWSON175EXRMNATRASS	source_reference_raw	source_of_isolate	1	31	81	comparison_only_no_source_edit	review_required	not_searchable	low	no	preserved_source_text_not_a_search_identifier	1	NCPPB 1942
NCPPB 1942	ZQ1	ZQ1	isolate_code	source_of_isolate	1	43	46	comparison_only_no_source_edit	review_required	weak	medium	no	identifier_too_weak_for_automatic_search	1	NCPPB 1942
NCPPB 1943	ICMP1409	ICMP1409	collection_candidate	collection_list	1	41	49	comparison_only_no_source_edit	review_required	not_searchable	high	no	unrecognised_or_digit_free_collection_identifier	1	NCPPB 1944
NCPPB 1943	ex J.R. Wallin 20	EXJRWALLIN20	source_reference_raw	source_of_isolate	2	81	98	comparison_only_no_source_edit	review_required	not_searchable	low	no	preserved_source_text_not_a_search_identifier	1	NCPPB 1943
NCPPB 1944	ICPB XT15	ICPBXT15	collection_number	donor_reference	1	23	32	comparison_only_no_source_edit	auto_validated	strong	low	yes		1	NCPPB 1944
NCPPB 1944	ICMP 1409	ICMP1409	collection_number	collection_list	2	74	83	comparison_only_no_source_edit	auto_validated	strong	low	yes		1	NCPPB 1944
NCPPB 1944	LMG 679	LMG679	collection_number	collection_list	2	85	92	comparison_only_no_source_edit	auto_validated	strong	low	yes		1	NCPPB 1944
NCPPB 1944	CFBP 2541	CFBP2541	collection_number	collection_list	2	94	103	comparison_only_no_source_edit	auto_validated	strong	low	yes		1	NCPPB 1944
NCPPB 1944	ex J.R. Wallin 60-1	EXJRWALLIN601	source_reference_raw	source_of_isolate	3	135	154	comparison_only_no_source_edit	review_required	not_searchable	low	no	preserved_source_text_not_a_search_identifier	1	NCPPB 1944
NCPPB 1945	ex W.A.F. Hagborg 1910	EXWAFHAGBORG1910	source_reference_raw	source_of_isolate	1	31	53	comparison_only_no_source_edit	review_required	not_searchable	low	no	preserved_source_text_not_a_search_identifier	1	NCPPB 1945
NCPPB 1946	ICMP 1404	ICMP1404	collection_number	collection_list	1	41	50	comparison_only_no_source_edit	auto_validated	strong	low	yes		1	NCPPB 1946
NCPPB 1946	LMG 860	LMG860	collection_number	collection_list	1	52	59	comparison_only_no_source_edit	auto_validated	strong	low	yes		1	NCPPB 1946
NCPPB 1946	ATCC 49079	ATCC49079	collection_number	collection_list	1	61	71	comparison_only_no_source_edit	auto_validated	strong	low	yes		1	NCPPB 1946
NCPPB 1946	ex R. Lincoln Lll	EXRLINCOLNLLL	source_reference_raw	source_of_isolate	2	103	120	comparison_only_no_source_edit	review_required	not_searchable	low	no	preserved_source_text_not_a_search_identifier	1	NCPPB 1946
NCPPB 1974	ATCC 13637	ATCC13637	collection_number	collection_list	1	41	51	comparison_only_no_source_edit	auto_validated	strong	low	yes		1	NCPPB 1974
NCPPB 1974	CCM 1640	CCM1640	collection_candidate	collection_list	1	53	61	comparison_only_no_source_edit	review_required	not_searchable	high	no	unrecognised_or_digit_free_collection_identifier	1	NCPPB 1974
NCPPB 1974	NCTC 10275	NCTC10275	collection_number	collection_list	1	63	73	comparison_only_no_source_edit	auto_validated	strong	low	yes		1	NCPPB 1974
NCPPB 1974	NCIMB 9203	NCIMB9203	collection_candidate	collection_list	1	75	85	comparison_only_no_source_edit	review_required	not_searchable	high	no	unrecognised_or_digit_free_collection_identifier	1	NCPPB 1974
NCPPB 1974	DSM 50170	DSM50170	collection_number	collection_list	1	99	108	comparison_only_no_source_edit	auto_validated	strong	low	yes		1	NCPPB 1974
NCPPB 1974	NCPPB 1974	NCPPB1974	collection_candidate	collection_list	1	110	120	comparison_only_no_source_edit	review_required	not_searchable	high	no	unrecognised_or_digit_free_collection_identifier	1	NCPPB 1974
NCPPB 1981	332	332	donor_reference	donor_reference	1	23	26	comparison_only_no_source_edit	review_required	weak	medium	no	identifier_too_weak_for_automatic_search	1	NCPPB 1981
NCPPB 1981	ex E. Billing W135	EXEBILLINGW135	source_reference_raw	isolated_by	2	56	74	comparison_only_no_source_edit	review_required	not_searchable	low	no	preserved_source_text_not_a_search_identifier	1	NCPPB 1981
NCPPB 1981	W135	W135	isolate_code	isolated_by	2	70	74	comparison_only_no_source_edit	auto_validated	medium	medium	yes		1	NCPPB 1981
NCPPB 2005	B3100	B3100	donor_reference	donor_reference	1	23	28	comparison_only_no_source_edit	auto_validated	medium	medium	yes		1	NCPPB 2005
NCPPB 2005	ICPB XM130	ICPBXM130	collection_number	collection_list	2	70	80	comparison_only_no_source_edit	auto_validated	strong	low	yes		1	NCPPB 2005
NCPPB 2005	ICMP 2870	ICMP2870	collection_number	collection_list	2	82	91	comparison_only_no_source_edit	auto_validated	strong	low	yes		1	NCPPB 2005
NCPPB 2005	CFBP 7123	CFBP7123	collection_number	collection_list	2	93	102	comparison_only_no_source_edit	auto_validated	strong	low	yes		1	NCPPB 2005
NCPPB 2005	DSM 24447	DSM24447	collection_number	collection_list	2	104	113	comparison_only_no_source_edit	auto_validated	strong	low	yes		1	NCPPB 2005
NCPPB 2005	LMG 785	LMG785	collection_number	collection_list	2	115	122	comparison_only_no_source_edit	auto_validated	strong	low	yes		1	NCPPB 2005
NCPPB 2005	ATCC 49084	ATCC49084	collection_number	collection_list	2	124	134	comparison_only_no_source_edit	auto_validated	strong	low	yes		1	NCPPB 2005
NCPPB 2005	ex D. Yirgou	EXDYIRGOU	source_reference_raw	isolated_by	3	164	176	comparison_only_no_source_edit	review_required	not_searchable	low	no	preserved_source_text_not_a_search_identifier	1	NCPPB 2005
NCPPB 2011	F.W. Catton C596	FWCATTONC596	source_reference_raw	isolated_by	1	29	45	comparison_only_no_source_edit	review_required	not_searchable	low	no	preserved_source_text_not_a_search_identifier	1	NCPPB 2011
NCPPB 2011	C596	C596	isolate_code	isolated_by	1	41	45	comparison_only_no_source_edit	auto_validated	medium	medium	yes		1	NCPPB 2011
NCPPB 2016	J. Oxtoby X.H.l	JOXTOBYXHL	source_reference_raw	isolated_by	1	29	44	comparison_only_no_source_edit	review_required	not_searchable	low	no	preserved_source_text_not_a_search_identifier	1	NCPPB 2016
NCPPB 2031	XCB-2	XCB2	donor_reference	donor_reference	1	23	28	comparison_only_no_source_edit	auto_validated	medium	medium	yes		1	NCPPB 2031
NCPPB 2044	15984	15984	donor_reference	donor_reference	1	23	28	comparison_only_no_source_edit	auto_validated	medium	medium	yes		1	NCPPB 2044
NCPPB 2057	Hel 1	HEL1	donor_reference	donor_reference	1	23	28	comparison_only_no_source_edit	auto_validated	medium	medium	yes		1	NCPPB 2057
NCPPB 2057	ICMP 5778	ICMP5778	collection_number	collection_list	2	70	79	comparison_only_no_source_edit	auto_validated	strong	low	yes		1	NCPPB 2057
NCPPB 2057	LMG 735	LMG735	collection_number	collection_list	2	81	88	comparison_only_no_source_edit	auto_validated	strong	low	yes		1	NCPPB 2057
NCPPB 2058	ICMP 5159	ICMP5159	collection_number	collection_list	1	41	50	comparison_only_no_source_edit	auto_validated	strong	low	yes		1	NCPPB 2058
NCPPB 2058	K.A. Sabet Phas 2	KASABETPHAS2	source_reference_raw	isolated_by	2	80	97	comparison_only_no_source_edit	review_required	not_searchable	low	no	preserved_source_text_not_a_search_identifier	1	NCPPB 2058
NCPPB 2059	K.A. Sabet Vig 1	KASABETVIG1	source_reference_raw	isolated_by	1	29	45	comparison_only_no_source_edit	review_required	not_searchable	low	no	preserved_source_text_not_a_search_identifier	1	NCPPB 2059
NCPPB 2060	K.A. Sabet Rhyn 2	KASABETRHYN2	source_reference_raw	isolated_by	1	29	46	comparison_only_no_source_edit	review_required	not_searchable	low	no	preserved_source_text_not_a_search_identifier	1	NCPPB 2060
NCPPB 2061	CFBP 7113	CFBP7113	collection_number	collection_list	1	41	50	comparison_only_no_source_edit	auto_validated	strong	low	yes		1	NCPPB 2061
NCPPB 2061	K.A. Sabet Vig 3	KASABETVIG3	source_reference_raw	isolated_by	2	80	96	comparison_only_no_source_edit	review_required	not_searchable	low	no	preserved_source_text_not_a_search_identifier	1	NCPPB 2061
NCPPB 2062	ICMP 5718	ICMP5718	collection_number	collection_list	1	41	50	comparison_only_no_source_edit	auto_validated	strong	low	yes		1	NCPPB 2062
NCPPB 2062	LMG 497	LMG497	collection_number	collection_list	1	52	59	comparison_only_no_source_edit	auto_validated	strong	low	yes		1	NCPPB 2062
NCPPB 2062	K.A. Sabet Alf 1	KASABETALF1	source_reference_raw	isolated_by	2	89	105	comparison_only_no_source_edit	review_required	not_searchable	low	no	preserved_source_text_not_a_search_identifier	1	NCPPB 2062
NCPPB 2063	K.A. Sabet Caj 1	KASABETCAJ1	source_reference_raw	isolated_by	1	29	45	comparison_only_no_source_edit	review_required	not_searchable	low	no	preserved_source_text_not_a_search_identifier	1	NCPPB 2063
NCPPB 2064	K.A. Sabet Dol 3	KASABETDOL3	source_reference_raw	isolated_by	1	29	45	comparison_only_no_source_edit	review_required	not_searchable	low	no	preserved_source_text_not_a_search_identifier	1	NCPPB 2064
NCPPB 2066	ICMP 5745	ICMP5745	collection_number	collection_list	1	41	50	comparison_only_no_source_edit	auto_validated	strong	low	yes		1	NCPPB 2066
NCPPB 2066	LMG 844	LMG844	collection_number	collection_list	1	52	59	comparison_only_no_source_edit	auto_validated	strong	low	yes		1	NCPPB 2066
NCPPB 2066	K.A. Sabet Phyl 1	KASABETPHYL1	source_reference_raw	isolated_by	2	89	106	comparison_only_no_source_edit	review_required	not_searchable	low	no	preserved_source_text_not_a_search_identifier	1	NCPPB 2066
NCPPB 2067	K.A. Sabet Euph 3	KASABETEUPH3	source_reference_raw	isolated_by	1	29	46	comparison_only_no_source_edit	review_required	not_searchable	low	no	preserved_source_text_not_a_search_identifier	1	NCPPB 2067
NCPPB 2095	D.C. Graham	DCGRAHAM	source_reference_raw	isolated_by	1	29	40	comparison_only_no_source_edit	review_required	not_searchable	low	no	preserved_source_text_not_a_search_identifier	1	NCPPB 2095
NCPPB 2147	L. Behr 1	LBEHR1	source_reference_raw	isolated_by	1	29	38	comparison_only_no_source_edit	review_required	not_searchable	low	no	preserved_source_text_not_a_search_identifier	1	NCPPB 2147
NCPPB 2181	T. Tominaga X1-11-2	TTOMINAGAX1112	source_reference_raw	isolated_by	1	29	48	comparison_only_no_source_edit	review_required	not_searchable	low	no	preserved_source_text_not_a_search_identifier	1	NCPPB 2181
NCPPB 2181	X1-11-2	X1112	isolate_code	isolated_by	1	41	48	comparison_only_no_source_edit	auto_validated	medium	medium	yes		1	NCPPB 2181
NCPPB 2182	ICMP 5780	ICMP5780	collection_number	collection_list	1	41	50	comparison_only_no_source_edit	auto_validated	strong	low	yes		1	NCPPB 2182
NCPPB 2182	LMG 732	LMG732	collection_number	collection_list	1	52	59	comparison_only_no_source_edit	auto_validated	strong	low	yes		1	NCPPB 2182
NCPPB 2182	ex W. Kamerman S131-84	EXWKAMERMANS13184	source_reference_raw	isolated_by	2	89	111	comparison_only_no_source_edit	review_required	not_searchable	low	no	preserved_source_text_not_a_search_identifier	1	NCPPB 2182
NCPPB 2182	S131-84	S13184	isolate_code	isolated_by	2	104	111	comparison_only_no_source_edit	auto_validated	medium	medium	yes		1	NCPPB 2182
NCPPB 2183	ex W. Kamerman S148-81	EXWKAMERMANS14881	source_reference_raw	isolated_by	1	29	51	comparison_only_no_source_edit	review_required	not_searchable	low	no	preserved_source_text_not_a_search_identifier	1	NCPPB 2183
NCPPB 2183	S148-81	S14881	isolate_code	isolated_by	1	44	51	comparison_only_no_source_edit	auto_validated	medium	medium	yes		1	NCPPB 2183
NCPPB 2190	ICMP 5729	ICMP5729	collection_number	collection_list	1	41	50	comparison_only_no_source_edit	auto_validated	strong	low	yes		1	NCPPB 2190
NCPPB 2190	LMG 699	LMG699	collection_number	collection_list	1	52	59	comparison_only_no_source_edit	auto_validated	strong	low	yes		1	NCPPB 2190
NCPPB 2190	C. F. Robbs ENA-568	CFROBBSENA568	source_reference_raw	isolated_by	2	89	108	comparison_only_no_source_edit	review_required	not_searchable	low	no	preserved_source_text_not_a_search_identifier	1	NCPPB 2190
NCPPB 2190	ENA-568	ENA568	isolate_code	isolated_by	2	101	108	comparison_only_no_source_edit	auto_validated	medium	medium	yes		1	NCPPB 2190
NCPPB 2217	ATCC 33914	ATCC33914	collection_number	collection_list	1	41	51	comparison_only_no_source_edit	auto_validated	strong	low	yes		1	NCPPB 2217
NCPPB 2217	CECT 7646	CECT7646	collection_candidate	collection_list	1	52	61	comparison_only_no_source_edit	review_required	not_searchable	high	no	unrecognised_or_digit_free_collection_identifier	1	NCPPB 2217
NCPPB 2217	CNBP 1192	CNBP1192	collection_candidate	collection_list	1	62	71	comparison_only_no_source_edit	review_required	not_searchable	high	no	unrecognised_or_digit_free_collection_identifier	1	NCPPB 2217
NCPPB 2217	DSM 7250	DSM7250	collection_number	collection_list	1	72	80	comparison_only_no_source_edit	auto_validated	strong	low	yes		1	NCPPB 2217
NCPPB 2217	ICMP 4298	ICMP4298	collection_number	collection_list	1	81	90	comparison_only_no_source_edit	auto_validated	strong	low	yes		1	NCPPB 2217
NCPPB 2217	ICPB XA138	ICPBXA138	collection_number	collection_list	1	91	101	comparison_only_no_source_edit	auto_validated	strong	low	yes		1	NCPPB 2217
NCPPB 2217	LMG 5856	LMG5856	collection_number	collection_list	1	102	110	comparison_only_no_source_edit	auto_validated	strong	low	yes		1	NCPPB 2217
NCPPB 2217	C.G. Panagopoulos 48	CGPANAGOPOULOS48	source_reference_raw	isolated_by	2	140	160	comparison_only_no_source_edit	review_required	not_searchable	low	no	preserved_source_text_not_a_search_identifier	1	NCPPB 2217
NCPPB 2218	ICPB XA139	ICPBXA139	collection_number	collection_list	1	41	51	comparison_only_no_source_edit	auto_validated	strong	low	yes		1	NCPPB 2218
NCPPB 2218	C.G. Panagopoulos 75	CGPANAGOPOULOS75	source_reference_raw	isolated_by	2	81	101	comparison_only_no_source_edit	review_required	not_searchable	low	no	preserved_source_text_not_a_search_identifier	1	NCPPB 2218
NCPPB 2226	D.C. Graham	DCGRAHAM	source_reference_raw	isolated_by	1	29	40	comparison_only_no_source_edit	review_required	not_searchable	low	no	preserved_source_text_not_a_search_identifier	1	NCPPB 2226
NCPPB 2228	ICPB XB117	ICPBXB117	collection_number	collection_list	1	41	51	comparison_only_no_source_edit	auto_validated	strong	low	yes		1	NCPPB 2228
NCPPB 2228	ICMP 2780	ICMP2780	collection_number	collection_list	1	53	62	comparison_only_no_source_edit	auto_validated	strong	low	yes		1	NCPPB 2228
NCPPB 2228	LMG 556	LMG556	collection_number	collection_list	1	64	71	comparison_only_no_source_edit	auto_validated	strong	low	yes		1	NCPPB 2228
NCPPB 2228	A.M. Patel	AMPATEL	source_reference_raw	isolated_by	2	101	111	comparison_only_no_source_edit	review_required	not_searchable	low	no	preserved_source_text_not_a_search_identifier	1	NCPPB 2228
NCPPB 2229	ICPB XL107	ICPBXL107	collection_number	collection_list	1	41	51	comparison_only_no_source_edit	auto_validated	strong	low	yes		1	NCPPB 2229
NCPPB 2229	ICMP 5738	ICMP5738	collection_number	collection_list	1	53	62	comparison_only_no_source_edit	auto_validated	strong	low	yes		1	NCPPB 2229
NCPPB 2229	LMG 9048	LMG9048	collection_number	collection_list	1	64	72	comparison_only_no_source_edit	auto_validated	strong	low	yes		1	NCPPB 2229
NCPPB 2229	A.M. Patel	AMPATEL	source_reference_raw	isolated_by	2	102	112	comparison_only_no_source_edit	review_required	not_searchable	low	no	preserved_source_text_not_a_search_identifier	1	NCPPB 2229
NCPPB 2230	ICPB XN105	ICPBXN105	collection_number	collection_list	1	41	51	comparison_only_no_source_edit	auto_validated	strong	low	yes		1	NCPPB 2230
NCPPB 2230	ICMP 5731	ICMP5731	collection_number	collection_list	1	53	62	comparison_only_no_source_edit	auto_validated	strong	low	yes		1	NCPPB 2230
NCPPB 2230	LMG 9047	LMG9047	collection_number	collection_list	1	64	72	comparison_only_no_source_edit	auto_validated	strong	low	yes		1	NCPPB 2230
NCPPB 2230	A.M. Patel	AMPATEL	source_reference_raw	isolated_by	2	102	112	comparison_only_no_source_edit	review_required	not_searchable	low	no	preserved_source_text_not_a_search_identifier	1	NCPPB 2230
NCPPB 2247	J.F. Bradbury B3596	JFBRADBURYB3596	source_reference_raw	isolated_by	1	29	48	comparison_only_no_source_edit	review_required	not_searchable	low	no	preserved_source_text_not_a_search_identifier	1	NCPPB 2247
NCPPB 2247	B3596	B3596	isolate_code	isolated_by	1	43	48	comparison_only_no_source_edit	auto_validated	medium	medium	yes		1	NCPPB 2247
NCPPB 2248	B3005	B3005	donor_reference	donor_reference	1	23	28	comparison_only_no_source_edit	auto_validated	medium	medium	yes		1	NCPPB 2248
NCPPB 2248	ex R.A. Bailey MR20213	EXRABAILEYMR20213	source_reference_raw	isolated_by	2	58	80	comparison_only_no_source_edit	review_required	not_searchable	low	no	preserved_source_text_not_a_search_identifier	1	NCPPB 2248
NCPPB 2248	MR20213	MR20213	isolate_code	isolated_by	2	73	80	comparison_only_no_source_edit	auto_validated	medium	medium	yes		1	NCPPB 2248
NCPPB 2249	J.F. Bradbury B3891	JFBRADBURYB3891	source_reference_raw	isolated_by	1	29	48	comparison_only_no_source_edit	review_required	not_searchable	low	no	preserved_source_text_not_a_search_identifier	1	NCPPB 2249
NCPPB 2249	B3891	B3891	isolate_code	isolated_by	1	43	48	comparison_only_no_source_edit	auto_validated	medium	medium	yes		1	NCPPB 2249
NCPPB 2250	Dowson 1939	DOWSON1939	donor_reference	donor_reference	1	23	34	comparison_only_no_source_edit	auto_validated	medium	medium	yes		1	NCPPB 2250
NCPPB 2250	J.F. Bradbury B3516a	JFBRADBURYB3516A	source_reference_raw	isolated_by	2	64	84	comparison_only_no_source_edit	review_required	not_searchable	low	no	preserved_source_text_not_a_search_identifier	1	NCPPB 2250
NCPPB 2250	B3516a	B3516A	isolate_code	isolated_by	2	78	84	comparison_only_no_source_edit	auto_validated	medium	medium	yes		1	NCPPB 2250
NCPPB 2251	B3645	B3645	donor_reference	donor_reference	1	23	28	comparison_only_no_source_edit	auto_validated	medium	medium	yes		1	NCPPB 2251
NCPPB 2251	CFBP 7122	CFBP7122	collection_number	collection_list	2	70	79	comparison_only_no_source_edit	auto_validated	strong	low	yes		1	NCPPB 2251
NCPPB 2251	ex D. Yirgou	EXDYIRGOU	source_reference_raw	isolated_by	3	109	121	comparison_only_no_source_edit	review_required	not_searchable	low	no	preserved_source_text_not_a_search_identifier	1	NCPPB 2251
NCPPB 2255	068-1406	0681406	donor_reference	donor_reference	1	23	31	comparison_only_no_source_edit	auto_validated	medium	medium	yes		1	NCPPB 2255
NCPPB 2257	X32	X32	donor_reference	donor_reference	1	23	26	comparison_only_no_source_edit	review_required	weak	medium	no	identifier_too_weak_for_automatic_search	1	NCPPB 2257
NCPPB 2258	X42	X42	donor_reference	donor_reference	1	23	26	comparison_only_no_source_edit	review_required	weak	medium	no	identifier_too_weak_for_automatic_search	1	NCPPB 2258
NCPPB 2269	M.J. Dervish 1356/2	MJDERVISH13562	source_reference_raw	isolated_by	1	29	48	comparison_only_no_source_edit	review_required	not_searchable	low	no	preserved_source_text_not_a_search_identifier	1	NCPPB 2269
NCPPB 2297	F.W. Catton 85/68	FWCATTON8568	source_reference_raw	isolated_by	1	29	46	comparison_only_no_source_edit	review_required	not_searchable	low	no	preserved_source_text_not_a_search_identifier	1	NCPPB 2297
NCPPB 2336	F.W. Catton C721	FWCATTONC721	source_reference_raw	isolated_by	1	29	45	comparison_only_no_source_edit	review_required	not_searchable	low	no	preserved_source_text_not_a_search_identifier	1	NCPPB 2336
NCPPB 2336	C721	C721	isolate_code	isolated_by	1	41	45	comparison_only_no_source_edit	auto_validated	medium	medium	yes		1	NCPPB 2336
NCPPB 2337	B63	B63	donor_reference	donor_reference	1	23	26	comparison_only_no_source_edit	review_required	weak	medium	no	identifier_too_weak_for_automatic_search	1	NCPPB 2337
NCPPB 2337	ICPB XE104	ICPBXE104	collection_number	collection_list	2	68	78	comparison_only_no_source_edit	auto_validated	strong	low	yes		1	NCPPB 2337
NCPPB 2337	ICMP 5382	ICMP5382	collection_number	collection_list	2	80	89	comparison_only_no_source_edit	auto_validated	strong	low	yes		1	NCPPB 2337
NCPPB 2337	CFBP 7270	CFBP7270	collection_number	collection_list	2	91	100	comparison_only_no_source_edit	auto_validated	strong	low	yes		1	NCPPB 2337
NCPPB 2337	LMG 700	LMG700	collection_number	collection_list	2	102	109	comparison_only_no_source_edit	auto_validated	strong	low	yes		1	NCPPB 2337
NCPPB 2338	B99	B99	donor_reference	donor_reference	1	23	26	comparison_only_no_source_edit	review_required	weak	medium	no	identifier_too_weak_for_automatic_search	1	NCPPB 2338
NCPPB 2338	ICPB XE105	ICPBXE105	collection_number	collection_list	2	68	78	comparison_only_no_source_edit	auto_validated	strong	low	yes		1	NCPPB 2338
NCPPB 2345	J. Oxtoby A218	JOXTOBYA218	source_reference_raw	isolated_by	1	29	43	comparison_only_no_source_edit	review_required	not_searchable	low	no	preserved_source_text_not_a_search_identifier	1	NCPPB 2345
NCPPB 2345	A218	A218	isolate_code	isolated_by	1	39	43	comparison_only_no_source_edit	auto_validated	medium	medium	yes		1	NCPPB 2345
NCPPB 2346	ICMP 3151	ICMP3151	collection_number	collection_list	1	41	50	comparison_only_no_source_edit	auto_validated	strong	low	yes		1	NCPPB 2346
NCPPB 2346	LMG 810	LMG810	collection_number	collection_list	1	52	59	comparison_only_no_source_edit	auto_validated	strong	low	yes		1	NCPPB 2346
NCPPB 2346	A.L.G. Pereira SBF-813	ALGPEREIRASBF813	source_reference_raw	isolated_by	2	89	111	comparison_only_no_source_edit	review_required	not_searchable	low	no	preserved_source_text_not_a_search_identifier	1	NCPPB 2346
NCPPB 2346	SBF-813	SBF813	isolate_code	isolated_by	2	104	111	comparison_only_no_source_edit	auto_validated	medium	medium	yes		1	NCPPB 2346
NCPPB 2352	J.W. Miller 069-3050	JWMILLER0693050	source_reference_raw	isolated_by	1	29	49	comparison_only_no_source_edit	review_required	not_searchable	low	no	preserved_source_text_not_a_search_identifier	1	NCPPB 2352
NCPPB 2368	XPEl	XPEL	donor_reference	donor_reference	1	23	27	comparison_only_no_source_edit	review_required	medium	high	no	digit_free_donor_reference_requires_review_before_search	1	NCPPB 2368
NCPPB 2368	ICMP 3030	ICMP3030	collection_number	collection_list	2	69	78	comparison_only_no_source_edit	auto_validated	strong	low	yes		1	NCPPB 2368
NCPPB 2368	LMG 812	LMG812	collection_number	collection_list	2	80	87	comparison_only_no_source_edit	auto_validated	strong	low	yes		1	NCPPB 2368
NCPPB 2368	ex J.K. Jindal	EXJKJINDAL	source_reference_raw	isolated_by	3	117	131	comparison_only_no_source_edit	review_required	not_searchable	low	no	preserved_source_text_not_a_search_identifier	1	NCPPB 2368
NCPPB 2369	XRI	XRI	donor_reference	donor_reference	1	23	26	comparison_only_no_source_edit	review_required	weak	high	no	digit_free_donor_reference_requires_review_before_search	1	NCPPB 2369
NCPPB 2369	ex J.K. Jindal	EXJKJINDAL	source_reference_raw	isolated_by	2	56	70	comparison_only_no_source_edit	review_required	not_searchable	low	no	preserved_source_text_not_a_search_identifier	1	NCPPB 2369
NCPPB 2370	XH1	XH1	donor_reference	donor_reference	1	23	26	comparison_only_no_source_edit	review_required	weak	medium	no	identifier_too_weak_for_automatic_search	1	NCPPB 2370
NCPPB 2370	ex J.K. Jindal	EXJKJINDAL	source_reference_raw	isolated_by	2	56	70	comparison_only_no_source_edit	review_required	not_searchable	low	no	preserved_source_text_not_a_search_identifier	1	NCPPB 2370
NCPPB 2371	Xal	XAL	donor_reference	donor_reference	1	23	26	comparison_only_no_source_edit	review_required	weak	high	no	digit_free_donor_reference_requires_review_before_search	1	NCPPB 2371
NCPPB 2371	ICMP 3033	ICMP3033	collection_number	collection_list	2	68	77	comparison_only_no_source_edit	auto_validated	strong	low	yes		1	NCPPB 2371
NCPPB 2371	LMG 499	LMG499	collection_number	collection_list	2	79	86	comparison_only_no_source_edit	auto_validated	strong	low	yes		1	NCPPB 2371
NCPPB 2371	ex J.K. Jindal	EXJKJINDAL	source_reference_raw	isolated_by	3	116	130	comparison_only_no_source_edit	review_required	not_searchable	low	no	preserved_source_text_not_a_search_identifier	1	NCPPB 2371
NCPPB 2372	XFl	XFL	donor_reference	donor_reference	1	23	26	comparison_only_no_source_edit	review_required	weak	high	no	digit_free_donor_reference_requires_review_before_search	1	NCPPB 2372
NCPPB 2372	ICMP 3036	ICMP3036	collection_number	collection_list	2	68	77	comparison_only_no_source_edit	auto_validated	strong	low	yes		1	NCPPB 2372
NCPPB 2372	LMG 701	LMG701	collection_number	collection_list	2	79	86	comparison_only_no_source_edit	auto_validated	strong	low	yes		1	NCPPB 2372
NCPPB 2372	ex J.K. Jindal	EXJKJINDAL	source_reference_raw	isolated_by	3	116	130	comparison_only_no_source_edit	review_required	not_searchable	low	no	preserved_source_text_not_a_search_identifier	1	NCPPB 2372
NCPPB 2373	XCl	XCL	donor_reference	donor_reference	1	23	26	comparison_only_no_source_edit	review_required	weak	high	no	digit_free_donor_reference_requires_review_before_search	1	NCPPB 2373
NCPPB 2373	ICMP 3034	ICMP3034	collection_number	collection_list	2	68	77	comparison_only_no_source_edit	auto_validated	strong	low	yes		1	NCPPB 2373
NCPPB 2373	LMG 669	LMG669	collection_number	collection_list	2	79	86	comparison_only_no_source_edit	auto_validated	strong	low	yes		1	NCPPB 2373
NCPPB 2373	ex J.K. Jindal	EXJKJINDAL	source_reference_raw	isolated_by	3	116	130	comparison_only_no_source_edit	review_required	not_searchable	low	no	preserved_source_text_not_a_search_identifier	1	NCPPB 2373
NCPPB 2374	XC2	XC2	donor_reference	donor_reference	1	23	26	comparison_only_no_source_edit	review_required	weak	medium	no	identifier_too_weak_for_automatic_search	1	NCPPB 2374
NCPPB 2374	ex J.K. Jindal	EXJKJINDAL	source_reference_raw	isolated_by	2	56	70	comparison_only_no_source_edit	review_required	not_searchable	low	no	preserved_source_text_not_a_search_identifier	1	NCPPB 2374
NCPPB 2375	W.J	WJ	collection_candidate	collection_list	1	41	44	comparison_only_no_source_edit	review_required	not_searchable	high	no	unrecognised_or_digit_free_collection_identifier	1	NCPPB 2375
NCPPB 2375	Dowson 265	DOWSON265	collection_candidate	collection_list	1	46	56	comparison_only_no_source_edit	review_required	not_searchable	high	no	unrecognised_or_digit_free_collection_identifier	1	NCPPB 2375
NCPPB 2375	ex M.P. Starr XA113	EXMPSTARRXA113	source_reference_raw	isolated_by	2	86	105	comparison_only_no_source_edit	review_required	not_searchable	low	no	preserved_source_text_not_a_search_identifier	1	NCPPB 2375
NCPPB 2375	XA113	XA113	isolate_code	isolated_by	2	100	105	comparison_only_no_source_edit	auto_validated	medium	medium	yes		1	NCPPB 2375
NCPPB 2376	W.J	WJ	collection_candidate	collection_list	1	41	44	comparison_only_no_source_edit	review_required	not_searchable	high	no	unrecognised_or_digit_free_collection_identifier	1	NCPPB 2376
NCPPB 2376	Dowson 266	DOWSON266	collection_candidate	collection_list	1	46	56	comparison_only_no_source_edit	review_required	not_searchable	high	no	unrecognised_or_digit_free_collection_identifier	1	NCPPB 2376
NCPPB 2376	ex M.P. Starr XA115	EXMPSTARRXA115	source_reference_raw	isolated_by	2	86	105	comparison_only_no_source_edit	review_required	not_searchable	low	no	preserved_source_text_not_a_search_identifier	1	NCPPB 2376
NCPPB 2376	XA115	XA115	isolate_code	isolated_by	2	100	105	comparison_only_no_source_edit	auto_validated	medium	medium	yes		1	NCPPB 2376
NCPPB 2387	PM	PM	donor_reference	donor_reference	1	23	25	comparison_only_no_source_edit	review_required	weak	high	no	digit_free_donor_reference_requires_review_before_search	1	NCPPB 2387
NCPPB 2387	ex G.S. Shekhawat	EXGSSHEKHAWAT	source_reference_raw	isolated_by	2	55	72	comparison_only_no_source_edit	review_required	not_searchable	low	no	preserved_source_text_not_a_search_identifier	1	NCPPB 2387
NCPPB 2388	PA	PA	donor_reference	donor_reference	1	23	25	comparison_only_no_source_edit	review_required	weak	high	no	digit_free_donor_reference_requires_review_before_search	1	NCPPB 2388
NCPPB 2388	ICMP 3102	ICMP3102	collection_number	collection_list	2	67	76	comparison_only_no_source_edit	auto_validated	strong	low	yes		1	NCPPB 2388
NCPPB 2388	LMG 543	LMG543	collection_number	collection_list	2	78	85	comparison_only_no_source_edit	auto_validated	strong	low	yes		1	NCPPB 2388
NCPPB 2388	ex J.K. Jindal	EXJKJINDAL	source_reference_raw	isolated_by	3	115	129	comparison_only_no_source_edit	review_required	not_searchable	low	no	preserved_source_text_not_a_search_identifier	1	NCPPB 2388
NCPPB 2389	B5	B5	donor_reference	donor_reference	1	23	25	comparison_only_no_source_edit	review_required	weak	medium	no	identifier_too_weak_for_automatic_search	1	NCPPB 2389
NCPPB 2389	ICMP 5735	ICMP5735	collection_number	collection_list	2	67	76	comparison_only_no_source_edit	auto_validated	strong	low	yes		1	NCPPB 2389
NCPPB 2389	ex G.S. Shekhawat	EXGSSHEKHAWAT	source_reference_raw	isolated_by	3	106	123	comparison_only_no_source_edit	review_required	not_searchable	low	no	preserved_source_text_not_a_search_identifier	1	NCPPB 2389
NCPPB 2393	T. Tominaga Xl-6-1	TTOMINAGAXL61	source_reference_raw	isolated_by	1	29	47	comparison_only_no_source_edit	review_required	not_searchable	low	no	preserved_source_text_not_a_search_identifier	1	NCPPB 2393
NCPPB 2393	Xl-6-1	XL61	isolate_code	isolated_by	1	41	47	comparison_only_no_source_edit	auto_validated	medium	medium	yes		1	NCPPB 2393
NCPPB 2417	YW5	YW5	donor_reference	donor_reference	1	23	26	comparison_only_no_source_edit	review_required	weak	medium	no	identifier_too_weak_for_automatic_search	1	NCPPB 2417
NCPPB 2417	ICMP 3103	ICMP3103	collection_number	collection_list	2	68	77	comparison_only_no_source_edit	auto_validated	strong	low	yes		1	NCPPB 2417
NCPPB 2417	LMG 736	LMG736	collection_number	collection_list	2	79	86	comparison_only_no_source_edit	auto_validated	strong	low	yes		1	NCPPB 2417
NCPPB 2417	CFBP 2543	CFBP2543	collection_number	collection_list	2	88	97	comparison_only_no_source_edit	auto_validated	strong	low	yes		1	NCPPB 2417
NCPPB 2417	ex D.R.W. Watson	EXDRWWATSON	source_reference_raw	isolated_by	3	127	143	comparison_only_no_source_edit	review_required	not_searchable	low	no	preserved_source_text_not_a_search_identifier	1	NCPPB 2417
NCPPB 2436	VMl	VML	donor_reference	donor_reference	1	23	26	comparison_only_no_source_edit	review_required	weak	high	no	digit_free_donor_reference_requires_review_before_search	1	NCPPB 2436
NCPPB 2436	ICMP 3518	ICMP3518	collection_number	collection_list	2	68	77	comparison_only_no_source_edit	auto_validated	strong	low	yes		1	NCPPB 2436
NCPPB 2436	LMG 536	LMG536	collection_number	collection_list	2	79	86	comparison_only_no_source_edit	auto_validated	strong	low	yes		1	NCPPB 2436
NCPPB 2436	ex A.L.G. Pereira SBF-913	EXALGPEREIRASBF913	source_reference_raw	isolated_by	3	116	141	comparison_only_no_source_edit	review_required	not_searchable	low	no	preserved_source_text_not_a_search_identifier	1	NCPPB 2436
NCPPB 2436	SBF-913	SBF913	isolate_code	isolated_by	3	134	141	comparison_only_no_source_edit	auto_validated	medium	medium	yes		1	NCPPB 2436
NCPPB 2438	N.M. Viljoen 2UP87	NMVILJOEN2UP87	source_reference_raw	isolated_by	1	29	47	comparison_only_no_source_edit	review_required	not_searchable	low	no	preserved_source_text_not_a_search_identifier	1	NCPPB 2438
NCPPB 2438	2UP87	2UP87	isolate_code	isolated_by	1	42	47	comparison_only_no_source_edit	auto_validated	medium	medium	yes		1	NCPPB 2438
NCPPB 2439	ICMP 5762	ICMP5762	collection_number	collection_list	1	41	50	comparison_only_no_source_edit	auto_validated	strong	low	yes		1	NCPPB 2439
NCPPB 2439	LMG 8692	LMG8692	collection_number	collection_list	1	52	60	comparison_only_no_source_edit	auto_validated	strong	low	yes		1	NCPPB 2439
NCPPB 2439	A.C. Hayward 0365	ACHAYWARD0365	source_reference_raw	isolated_by	2	90	107	comparison_only_no_source_edit	review_required	not_searchable	low	no	preserved_source_text_not_a_search_identifier	1	NCPPB 2439
NCPPB 2443	J.C. Lozano 23L	JCLOZANO23L	source_reference_raw	isolated_by	1	29	44	comparison_only_no_source_edit	review_required	not_searchable	low	no	preserved_source_text_not_a_search_identifier	1	NCPPB 2443
NCPPB 2443	23L	23L	isolate_code	isolated_by	1	41	44	comparison_only_no_source_edit	review_required	weak	medium	no	identifier_too_weak_for_automatic_search	1	NCPPB 2443
NCPPB 2444	J.C. Lozano 30L	JCLOZANO30L	source_reference_raw	isolated_by	1	29	44	comparison_only_no_source_edit	review_required	not_searchable	low	no	preserved_source_text_not_a_search_identifier	1	NCPPB 2444
NCPPB 2444	30L	30L	isolate_code	isolated_by	1	41	44	comparison_only_no_source_edit	review_required	weak	medium	no	identifier_too_weak_for_automatic_search	1	NCPPB 2444
NCPPB 2446	B5000	B5000	donor_reference	donor_reference	1	23	28	comparison_only_no_source_edit	auto_validated	medium	medium	yes		1	NCPPB 2446
NCPPB 2446	ex S. Yoshimura	EXSYOSHIMURA	source_reference_raw	isolated_by	2	58	73	comparison_only_no_source_edit	review_required	not_searchable	low	no	preserved_source_text_not_a_search_identifier	1	NCPPB 2446
NCPPB 2446	ex R.T.V. Fox ex Mizukami H5809	EXRTVFOXEXMIZUKAMIH5809	source_reference_raw	source_of_isolate	3	105	136	comparison_only_no_source_edit	review_required	not_searchable	low	no	preserved_source_text_not_a_search_identifier	1	NCPPB 2446
NCPPB 2446	H5809	H5809	isolate_code	source_of_isolate	3	131	136	comparison_only_no_source_edit	auto_validated	medium	medium	yes		1	NCPPB 2446
NCPPB 2475	ICMP 3867	ICMP3867	collection_number	collection_list	1	41	50	comparison_only_no_source_edit	auto_validated	strong	low	yes		1	NCPPB 2475
NCPPB 2475	LMG 965	LMG965	collection_number	collection_list	1	52	59	comparison_only_no_source_edit	auto_validated	strong	low	yes		1	NCPPB 2475
NCPPB 2475	M.V. Nayudu 0307	MVNAYUDU0307	source_reference_raw	isolated_by	2	89	105	comparison_only_no_source_edit	review_required	not_searchable	low	no	preserved_source_text_not_a_search_identifier	1	NCPPB 2475
NCPPB 2490	B4929	B4929	donor_reference	donor_reference	1	23	28	comparison_only_no_source_edit	auto_validated	medium	medium	yes		1	NCPPB 2490
NCPPB 2490	ex J. Subbayya	EXJSUBBAYYA	source_reference_raw	isolated_by	2	58	72	comparison_only_no_source_edit	review_required	not_searchable	low	no	preserved_source_text_not_a_search_identifier	1	NCPPB 2490
NCPPB 2492	J.F. Bradbury B4568b	JFBRADBURYB4568B	source_reference_raw	isolated_by	1	29	49	comparison_only_no_source_edit	review_required	not_searchable	low	no	preserved_source_text_not_a_search_identifier	1	NCPPB 2492
NCPPB 2492	B4568b	B4568B	isolate_code	isolated_by	1	43	49	comparison_only_no_source_edit	auto_validated	medium	medium	yes		1	NCPPB 2492
NCPPB 2493	J.F. Bradbury B4487	JFBRADBURYB4487	source_reference_raw	isolated_by	1	29	48	comparison_only_no_source_edit	review_required	not_searchable	low	no	preserved_source_text_not_a_search_identifier	1	NCPPB 2493
NCPPB 2493	B4487	B4487	isolate_code	isolated_by	1	43	48	comparison_only_no_source_edit	auto_validated	medium	medium	yes		1	NCPPB 2493
NCPPB 2494	B5017	B5017	donor_reference	donor_reference	1	23	28	comparison_only_no_source_edit	auto_validated	medium	medium	yes		1	NCPPB 2494
NCPPB 2494	ex S.V. Hegde Guar 1	EXSVHEGDEGUAR1	source_reference_raw	source_of_isolate	2	60	80	comparison_only_no_source_edit	review_required	not_searchable	low	no	preserved_source_text_not_a_search_identifier	1	NCPPB 2494
NCPPB 2495	J.F. Bradbury B4687	JFBRADBURYB4687	source_reference_raw	isolated_by	1	29	48	comparison_only_no_source_edit	review_required	not_searchable	low	no	preserved_source_text_not_a_search_identifier	1	NCPPB 2495
NCPPB 2495	B4687	B4687	isolate_code	isolated_by	1	43	48	comparison_only_no_source_edit	auto_validated	medium	medium	yes		1	NCPPB 2495
NCPPB 2496	B5078	B5078	donor_reference	donor_reference	1	23	28	comparison_only_no_source_edit	auto_validated	medium	medium	yes		1	NCPPB 2496
NCPPB 2496	ex H.K. Saksena	EXHKSAKSENA	source_reference_raw	source_of_isolate	2	60	75	comparison_only_no_source_edit	review_required	not_searchable	low	no	preserved_source_text_not_a_search_identifier	1	NCPPB 2496
NCPPB 2497	B4539	B4539	donor_reference	donor_reference	1	23	28	comparison_only_no_source_edit	auto_validated	medium	medium	yes		1	NCPPB 2497
NCPPB 2497	ex V.P. Rao ex M.J. Chacko	EXVPRAOEXMJCHACKO	source_reference_raw	source_of_isolate	2	60	86	comparison_only_no_source_edit	review_required	not_searchable	low	no	preserved_source_text_not_a_search_identifier	1	NCPPB 2497
NCPPB 2498	ICMP 5380	ICMP5380	collection_number	collection_list	1	41	50	comparison_only_no_source_edit	auto_validated	strong	low	yes		1	NCPPB 2498
NCPPB 2498	LMG 685	LMG685	collection_number	collection_list	1	52	59	comparison_only_no_source_edit	auto_validated	strong	low	yes		1	NCPPB 2498
NCPPB 2498	J.F. Bradbury B5081	JFBRADBURYB5081	source_reference_raw	isolated_by	2	89	108	comparison_only_no_source_edit	review_required	not_searchable	low	no	preserved_source_text_not_a_search_identifier	1	NCPPB 2498
NCPPB 2498	B5081	B5081	isolate_code	isolated_by	2	103	108	comparison_only_no_source_edit	auto_validated	medium	medium	yes		1	NCPPB 2498
NCPPB 2499	J.F. Bradbury B4542	JFBRADBURYB4542	source_reference_raw	isolated_by	1	29	48	comparison_only_no_source_edit	review_required	not_searchable	low	no	preserved_source_text_not_a_search_identifier	1	NCPPB 2499
NCPPB 2499	B4542	B4542	isolate_code	isolated_by	1	43	48	comparison_only_no_source_edit	auto_validated	medium	medium	yes		1	NCPPB 2499
NCPPB 2503	ex J.A. Spence	EXJASPENCE	source_reference_raw	isolated_by	1	29	43	comparison_only_no_source_edit	review_required	not_searchable	low	no	preserved_source_text_not_a_search_identifier	1	NCPPB 2503
NCPPB 2503	ex A. Hayward	EXAHAYWARD	source_reference_raw	source_of_isolate	2	75	88	comparison_only_no_source_edit	review_required	not_searchable	low	no	preserved_source_text_not_a_search_identifier	1	NCPPB 2503
NCPPB 2517	L.A.E. Baker 507	LAEBAKER507	source_reference_raw	isolated_by	1	29	45	comparison_only_no_source_edit	review_required	not_searchable	low	no	preserved_source_text_not_a_search_identifier	1	NCPPB 2517
NCPPB 2550	IBSP-124	IBSP124	donor_reference	donor_reference	1	23	31	comparison_only_no_source_edit	auto_validated	medium	medium	yes		1	NCPPB 2550
NCPPB 2567	ICMP 203	ICMP203	collection_number	collection_list	1	41	49	comparison_only_no_source_edit	auto_validated	strong	low	yes		1	NCPPB 2567
NCPPB 2567	LMG 7479	LMG7479	collection_number	collection_list	1	51	59	comparison_only_no_source_edit	auto_validated	strong	low	yes		1	NCPPB 2567
NCPPB 2567	ATCC 23378	ATCC23378	collection_number	collection_list	1	61	71	comparison_only_no_source_edit	auto_validated	strong	low	yes		1	NCPPB 2567
NCPPB 2567	M. K. Bryan	MKBRYAN	source_reference_raw	isolated_by	2	101	112	comparison_only_no_source_edit	review_required	not_searchable	low	no	preserved_source_text_not_a_search_identifier	1	NCPPB 2567
NCPPB 2567	ex ICPB XC6 ex P.R. Burkholder ex M.K. Bryan 46	EXICPBXC6EXPRBURKHOLDEREXMKBRYAN46	source_reference_raw	source_of_isolate	3	144	191	comparison_only_no_source_edit	review_required	not_searchable	low	no	preserved_source_text_not_a_search_identifier	1	NCPPB 2567
NCPPB 2567	ICPB XC6	ICPBXC6	collection_number	source_of_isolate	3	147	155	comparison_only_no_source_edit	auto_validated	strong	low	yes		1	NCPPB 2567
NCPPB 2572	555	555	donor_reference	donor_reference	1	23	26	comparison_only_no_source_edit	review_required	weak	medium	no	identifier_too_weak_for_automatic_search	1	NCPPB 2572
NCPPB 2572	ex R.E. Stall XV-69-1	EXRESTALLXV691	source_reference_raw	isolated_by	2	56	77	comparison_only_no_source_edit	review_required	not_searchable	low	no	preserved_source_text_not_a_search_identifier	1	NCPPB 2572
NCPPB 2572	XV-69-1	XV691	isolate_code	isolated_by	2	70	77	comparison_only_no_source_edit	auto_validated	medium	medium	yes		1	NCPPB 2572
NCPPB 2572	ex T. Egli	EXTEGLI	source_reference_raw	source_of_isolate	3	109	119	comparison_only_no_source_edit	review_required	not_searchable	low	no	preserved_source_text_not_a_search_identifier	1	NCPPB 2572
NCPPB 2573	557	557	donor_reference	donor_reference	1	23	26	comparison_only_no_source_edit	review_required	weak	medium	no	identifier_too_weak_for_automatic_search	1	NCPPB 2573
NCPPB 2573	LMG 929	LMG929	collection_number	collection_list	2	68	75	comparison_only_no_source_edit	auto_validated	strong	low	yes		1	NCPPB 2573
NCPPB 2573	ex R.E. Stall XV-69-10	EXRESTALLXV6910	source_reference_raw	isolated_by	3	105	127	comparison_only_no_source_edit	review_required	not_searchable	low	no	preserved_source_text_not_a_search_identifier	1	NCPPB 2573
NCPPB 2573	XV-69-10	XV6910	isolate_code	isolated_by	3	119	127	comparison_only_no_source_edit	auto_validated	medium	medium	yes		1	NCPPB 2573
NCPPB 2573	ex T. Egli	EXTEGLI	source_reference_raw	source_of_isolate	4	159	169	comparison_only_no_source_edit	review_required	not_searchable	low	no	preserved_source_text_not_a_search_identifier	1	NCPPB 2573
NCPPB 2574	558	558	donor_reference	donor_reference	1	23	26	comparison_only_no_source_edit	review_required	weak	medium	no	identifier_too_weak_for_automatic_search	1	NCPPB 2574
NCPPB 2574	LMG 930	LMG930	collection_number	collection_list	2	68	75	comparison_only_no_source_edit	auto_validated	strong	low	yes		1	NCPPB 2574
NCPPB 2574	ex R.E. Stall XV-69-23	EXRESTALLXV6923	source_reference_raw	isolated_by	3	105	127	comparison_only_no_source_edit	review_required	not_searchable	low	no	preserved_source_text_not_a_search_identifier	1	NCPPB 2574
NCPPB 2574	XV-69-23	XV6923	isolate_code	isolated_by	3	119	127	comparison_only_no_source_edit	auto_validated	medium	medium	yes		1	NCPPB 2574
NCPPB 2574	ex T. Egli	EXTEGLI	source_reference_raw	source_of_isolate	4	159	169	comparison_only_no_source_edit	review_required	not_searchable	low	no	preserved_source_text_not_a_search_identifier	1	NCPPB 2574
NCPPB 2575	560	560	donor_reference	donor_reference	1	23	26	comparison_only_no_source_edit	review_required	weak	medium	no	identifier_too_weak_for_automatic_search	1	NCPPB 2575
NCPPB 2575	LMG 931	LMG931	collection_number	collection_list	2	68	75	comparison_only_no_source_edit	auto_validated	strong	low	yes		1	NCPPB 2575
NCPPB 2575	ex R.E. Stall XV-69-13	EXRESTALLXV6913	source_reference_raw	isolated_by	3	105	127	comparison_only_no_source_edit	review_required	not_searchable	low	no	preserved_source_text_not_a_search_identifier	1	NCPPB 2575
NCPPB 2575	XV-69-13	XV6913	isolate_code	isolated_by	3	119	127	comparison_only_no_source_edit	auto_validated	medium	medium	yes		1	NCPPB 2575
NCPPB 2575	ex T. Egli	EXTEGLI	source_reference_raw	source_of_isolate	4	159	169	comparison_only_no_source_edit	review_required	not_searchable	low	no	preserved_source_text_not_a_search_identifier	1	NCPPB 2575
NCPPB 2576	561	561	donor_reference	donor_reference	1	23	26	comparison_only_no_source_edit	review_required	weak	medium	no	identifier_too_weak_for_automatic_search	1	NCPPB 2576
NCPPB 2576	ex R.E. Stall XV-E-3	EXRESTALLXVE3	source_reference_raw	isolated_by	2	56	76	comparison_only_no_source_edit	review_required	not_searchable	low	no	preserved_source_text_not_a_search_identifier	1	NCPPB 2576
NCPPB 2576	XV-E-3	XVE3	isolate_code	isolated_by	2	70	76	comparison_only_no_source_edit	auto_validated	medium	medium	yes		1	NCPPB 2576
NCPPB 2576	ex T. Egli	EXTEGLI	source_reference_raw	source_of_isolate	3	108	118	comparison_only_no_source_edit	review_required	not_searchable	low	no	preserved_source_text_not_a_search_identifier	1	NCPPB 2576
NCPPB 2586	S. Vir	SVIR	source_reference_raw	isolated_by	1	29	35	comparison_only_no_source_edit	review_required	not_searchable	low	no	preserved_source_text_not_a_search_identifier	1	NCPPB 2586
NCPPB 2587	F.N. Matthee;	FNMATTHEE	source_reference_raw	isolated_by	1	29	42	comparison_only_no_source_edit	review_required	not_searchable	low	no	preserved_source_text_not_a_search_identifier	1	NCPPB 2587
NCPPB 2588	F.N. Matthee	FNMATTHEE	source_reference_raw	isolated_by	1	29	41	comparison_only_no_source_edit	review_required	not_searchable	low	no	preserved_source_text_not_a_search_identifier	1	NCPPB 2588
NCPPB 2592	ENA-2078	ENA2078	donor_reference	donor_reference	1	23	31	comparison_only_no_source_edit	auto_validated	medium	medium	yes		1	NCPPB 2592
NCPPB 2592	ICMP 8917	ICMP8917	collection_number	collection_list	2	73	82	comparison_only_no_source_edit	auto_validated	strong	low	yes		1	NCPPB 2592
NCPPB 2592	LMG 9040	LMG9040	collection_number	collection_list	2	84	92	comparison_only_no_source_edit	auto_validated	strong	low	yes		1	NCPPB 2592
NCPPB 2593	LMG 932	LMG932	collection_number	collection_list	1	41	48	comparison_only_no_source_edit	auto_validated	strong	low	yes		1	NCPPB 2593
NCPPB 2593	C.F. Robbs ENA-804	CFROBBSENA804	source_reference_raw	isolated_by	2	78	96	comparison_only_no_source_edit	review_required	not_searchable	low	no	preserved_source_text_not_a_search_identifier	1	NCPPB 2593
NCPPB 2593	ENA-804	ENA804	isolate_code	isolated_by	2	89	96	comparison_only_no_source_edit	auto_validated	medium	medium	yes		1	NCPPB 2593
NCPPB 2593	ex O. Kimura	EXOKIMURA	source_reference_raw	source_of_isolate	3	128	140	comparison_only_no_source_edit	review_required	not_searchable	low	no	preserved_source_text_not_a_search_identifier	1	NCPPB 2593
NCPPB 2594	LMG 933	LMG933	collection_number	collection_list	1	41	48	comparison_only_no_source_edit	auto_validated	strong	low	yes		1	NCPPB 2594
NCPPB 2594	C.F. Robbs ENA-734	CFROBBSENA734	source_reference_raw	isolated_by	2	78	96	comparison_only_no_source_edit	review_required	not_searchable	low	no	preserved_source_text_not_a_search_identifier	1	NCPPB 2594
NCPPB 2594	ENA-734	ENA734	isolate_code	isolated_by	2	89	96	comparison_only_no_source_edit	auto_validated	medium	medium	yes		1	NCPPB 2594
NCPPB 2594	ex O. Kimura	EXOKIMURA	source_reference_raw	source_of_isolate	3	128	140	comparison_only_no_source_edit	review_required	not_searchable	low	no	preserved_source_text_not_a_search_identifier	1	NCPPB 2594
NCPPB 2595	C.F. Robbs ENA-76	CFROBBSENA76	source_reference_raw	isolated_by	1	29	46	comparison_only_no_source_edit	review_required	not_searchable	low	no	preserved_source_text_not_a_search_identifier	1	NCPPB 2595
NCPPB 2595	ENA-76	ENA76	isolate_code	isolated_by	1	40	46	comparison_only_no_source_edit	auto_validated	medium	medium	yes		1	NCPPB 2595
NCPPB 2597	ICMP 2299	ICMP2299	collection_number	collection_list	1	41	50	comparison_only_no_source_edit	auto_validated	strong	low	yes		1	NCPPB 2597
NCPPB 2597	LMG 690	LMG690	collection_number	collection_list	1	52	59	comparison_only_no_source_edit	auto_validated	strong	low	yes		1	NCPPB 2597
NCPPB 2597	DSM 18957	DSM18957	collection_number	collection_list	1	61	70	comparison_only_no_source_edit	auto_validated	strong	low	yes		1	NCPPB 2597
NCPPB 2597	CFBP 2542	CFBP2542	collection_number	collection_list	1	72	81	comparison_only_no_source_edit	auto_validated	strong	low	yes		1	NCPPB 2597
NCPPB 2597	D.R.W. Watson E78	DRWWATSONE78	source_reference_raw	isolated_by	2	111	128	comparison_only_no_source_edit	review_required	not_searchable	low	no	preserved_source_text_not_a_search_identifier	1	NCPPB 2597
NCPPB 2597	E78	E78	isolate_code	isolated_by	2	125	128	comparison_only_no_source_edit	review_required	weak	medium	no	identifier_too_weak_for_automatic_search	1	NCPPB 2597
NCPPB 2605	P. Roberts A493	PROBERTSA493	source_reference_raw	isolated_by	1	29	44	comparison_only_no_source_edit	review_required	not_searchable	low	no	preserved_source_text_not_a_search_identifier	1	NCPPB 2605
NCPPB 2605	A493	A493	isolate_code	isolated_by	1	40	44	comparison_only_no_source_edit	auto_validated	medium	medium	yes		1	NCPPB 2605
NCPPB 2614	NU2	NU2	donor_reference	donor_reference	1	23	26	comparison_only_no_source_edit	review_required	weak	medium	no	identifier_too_weak_for_automatic_search	1	NCPPB 2614
NCPPB 2614	ex M.V. Nayudu 0302	EXMVNAYUDU0302	source_reference_raw	isolated_by	2	56	75	comparison_only_no_source_edit	review_required	not_searchable	low	no	preserved_source_text_not_a_search_identifier	1	NCPPB 2614
NCPPB 2614	ex ICMP 3865	EXICMP3865	source_reference_raw	source_of_isolate	3	107	119	comparison_only_no_source_edit	review_required	not_searchable	low	no	preserved_source_text_not_a_search_identifier	1	NCPPB 2614
NCPPB 2614	ICMP 3865	ICMP3865	collection_number	source_of_isolate	3	110	119	comparison_only_no_source_edit	auto_validated	strong	low	yes		1	NCPPB 2614
NCPPB 2615	NU3	NU3	donor_reference	donor_reference	1	23	26	comparison_only_no_source_edit	review_required	weak	medium	no	identifier_too_weak_for_automatic_search	1	NCPPB 2615
NCPPB 2615	ex M.V. Nyaudu 0305	EXMVNYAUDU0305	source_reference_raw	isolated_by	2	56	75	comparison_only_no_source_edit	review_required	not_searchable	low	no	preserved_source_text_not_a_search_identifier	1	NCPPB 2615
NCPPB 2616	NU5	NU5	donor_reference	donor_reference	1	23	26	comparison_only_no_source_edit	review_required	weak	medium	no	identifier_too_weak_for_automatic_search	1	NCPPB 2616
NCPPB 2616	ex M.V. Nayaudu 0309	EXMVNAYAUDU0309	source_reference_raw	isolated_by	2	56	76	comparison_only_no_source_edit	review_required	not_searchable	low	no	preserved_source_text_not_a_search_identifier	1	NCPPB 2616
NCPPB 2632	B. Austin D119	BAUSTIND119	source_reference_raw	isolated_by	1	29	43	comparison_only_no_source_edit	review_required	not_searchable	low	no	preserved_source_text_not_a_search_identifier	1	NCPPB 2632
NCPPB 2632	D119	D119	isolate_code	isolated_by	1	39	43	comparison_only_no_source_edit	auto_validated	medium	medium	yes		1	NCPPB 2632
NCPPB 2649	ICMP 5719	ICMP5719	collection_number	collection_list	1	41	50	comparison_only_no_source_edit	auto_validated	strong	low	yes		1	NCPPB 2649
NCPPB 2649	LMG 533	LMG533	collection_number	collection_list	1	52	59	comparison_only_no_source_edit	auto_validated	strong	low	yes		1	NCPPB 2649
NCPPB 2649	S.K. Mohan	SKMOHAN	source_reference_raw	isolated_by	2	89	99	comparison_only_no_source_edit	review_required	not_searchable	low	no	preserved_source_text_not_a_search_identifier	1	NCPPB 2649
NCPPB 2654	F.W. Catton C783	FWCATTONC783	source_reference_raw	isolated_by	1	29	45	comparison_only_no_source_edit	review_required	not_searchable	low	no	preserved_source_text_not_a_search_identifier	1	NCPPB 2654
NCPPB 2654	C783	C783	isolate_code	isolated_by	1	41	45	comparison_only_no_source_edit	auto_validated	medium	medium	yes		1	NCPPB 2654
NCPPB 2665	IPV-BO 193	IPVBO193	donor_reference	donor_reference	1	23	33	comparison_only_no_source_edit	auto_validated	medium	medium	yes		1	NCPPB 2665
NCPPB 2665	LMG 841	LMG841	collection_number	collection_list	2	75	82	comparison_only_no_source_edit	auto_validated	strong	low	yes		1	NCPPB 2665
NCPPB 2665	ex D. Alberto IPV BO 193	EXDALBERTOIPVBO193	source_reference_raw	source_of_isolate	3	114	138	comparison_only_no_source_edit	review_required	not_searchable	low	no	preserved_source_text_not_a_search_identifier	1	NCPPB 2665
NCPPB 2665	BO 193	BO193	isolate_code	source_of_isolate	3	132	138	comparison_only_no_source_edit	auto_validated	medium	medium	yes		1	NCPPB 2665
NCPPB 2695	ex D. Schmidt	EXDSCHMIDT	source_reference_raw	isolated_by	1	29	42	comparison_only_no_source_edit	review_required	not_searchable	low	no	preserved_source_text_not_a_search_identifier	1	NCPPB 2695
NCPPB 2696	T. Egli 702	TEGLI702	source_reference_raw	isolated_by	1	29	40	comparison_only_no_source_edit	review_required	not_searchable	low	no	preserved_source_text_not_a_search_identifier	1	NCPPB 2696
NCPPB 2697	T. Egli 703	TEGLI703	source_reference_raw	isolated_by	1	29	40	comparison_only_no_source_edit	review_required	not_searchable	low	no	preserved_source_text_not_a_search_identifier	1	NCPPB 2697
NCPPB 2698	T. Egli 704	TEGLI704	source_reference_raw	isolated_by	1	29	40	comparison_only_no_source_edit	review_required	not_searchable	low	no	preserved_source_text_not_a_search_identifier	1	NCPPB 2698
NCPPB 2699	T. Egli 705	TEGLI705	source_reference_raw	isolated_by	1	29	40	comparison_only_no_source_edit	review_required	not_searchable	low	no	preserved_source_text_not_a_search_identifier	1	NCPPB 2699
NCPPB 2700	ICMP 5733	ICMP5733	collection_number	collection_list	1	41	50	comparison_only_no_source_edit	auto_validated	strong	low	yes		1	NCPPB 2700
NCPPB 2700	LMG 726	LMG726	collection_number	collection_list	1	52	59	comparison_only_no_source_edit	auto_validated	strong	low	yes		1	NCPPB 2700
NCPPB 2700	ATCC 29091	ATCC29091	collection_number	collection_list	1	61	71	comparison_only_no_source_edit	auto_validated	strong	low	yes		1	NCPPB 2700
NCPPB 2700	CFBP 2053	CFBP2053	collection_number	collection_list	1	73	82	comparison_only_no_source_edit	auto_validated	strong	low	yes		1	NCPPB 2700
NCPPB 2700	T. Egli 706	TEGLI706	source_reference_raw	isolated_by	2	112	123	comparison_only_no_source_edit	review_required	not_searchable	low	no	preserved_source_text_not_a_search_identifier	1	NCPPB 2700
NCPPB 2701	T. Egli 707	TEGLI707	source_reference_raw	isolated_by	1	29	40	comparison_only_no_source_edit	review_required	not_searchable	low	no	preserved_source_text_not_a_search_identifier	1	NCPPB 2701
NCPPB 2817	4081	4081	donor_reference	donor_reference	1	23	27	comparison_only_no_source_edit	auto_validated	medium	medium	yes		1	NCPPB 2817
NCPPB 2819	4230	4230	donor_reference	donor_reference	1	23	27	comparison_only_no_source_edit	auto_validated	medium	medium	yes		1	NCPPB 2819
NCPPB 2820	5262	5262	donor_reference	donor_reference	1	23	27	comparison_only_no_source_edit	auto_validated	medium	medium	yes		1	NCPPB 2820
NCPPB 2821	5523	5523	donor_reference	donor_reference	1	23	27	comparison_only_no_source_edit	auto_validated	medium	medium	yes		1	NCPPB 2821
NCPPB 2821	ICMP 5755	ICMP5755	collection_number	collection_list	2	69	78	comparison_only_no_source_edit	auto_validated	strong	low	yes		1	NCPPB 2821
NCPPB 2821	LMG 892	LMG892	collection_number	collection_list	2	80	87	comparison_only_no_source_edit	auto_validated	strong	low	yes		1	NCPPB 2821
NCPPB 2821	ATCC 35935	ATCC35935	collection_number	collection_list	2	89	99	comparison_only_no_source_edit	auto_validated	strong	low	yes		1	NCPPB 2821
NCPPB 2821	CFBP 2055	CFBP2055	collection_number	collection_list	2	101	110	comparison_only_no_source_edit	auto_validated	strong	low	yes		1	NCPPB 2821
NCPPB 2822	5558	5558	donor_reference	donor_reference	1	23	27	comparison_only_no_source_edit	auto_validated	medium	medium	yes		1	NCPPB 2822
NCPPB 2822	ICMP 5749	ICMP5749	collection_number	collection_list	2	69	78	comparison_only_no_source_edit	auto_validated	strong	low	yes		1	NCPPB 2822
NCPPB 2822	LMG 883	LMG883	collection_number	collection_list	2	80	87	comparison_only_no_source_edit	auto_validated	strong	low	yes		1	NCPPB 2822
NCPPB 2822	CFBP 2539	CFBP2539	collection_number	collection_list	2	89	98	comparison_only_no_source_edit	auto_validated	strong	low	yes		1	NCPPB 2822
NCPPB 2825	5670	5670	donor_reference	donor_reference	1	23	27	comparison_only_no_source_edit	auto_validated	medium	medium	yes		1	NCPPB 2825
NCPPB 2826	5673	5673	donor_reference	donor_reference	1	23	27	comparison_only_no_source_edit	auto_validated	medium	medium	yes		1	NCPPB 2826
NCPPB 2827	5690	5690	donor_reference	donor_reference	1	23	27	comparison_only_no_source_edit	auto_validated	medium	medium	yes		1	NCPPB 2827
NCPPB 2828	5777	5777	donor_reference	donor_reference	1	23	27	comparison_only_no_source_edit	auto_validated	medium	medium	yes		1	NCPPB 2828
NCPPB 2829	5781	5781	donor_reference	donor_reference	1	23	27	comparison_only_no_source_edit	auto_validated	medium	medium	yes		1	NCPPB 2829
NCPPB 2831	5897	5897	donor_reference	donor_reference	1	23	27	comparison_only_no_source_edit	auto_validated	medium	medium	yes		1	NCPPB 2831
NCPPB 2832	ICMP 5381	ICMP5381	collection_number	collection_list	1	41	50	comparison_only_no_source_edit	auto_validated	strong	low	yes		1	NCPPB 2832
NCPPB 2832	LMG 532	LMG532	collection_number	collection_list	1	52	59	comparison_only_no_source_edit	auto_validated	strong	low	yes		1	NCPPB 2832
NCPPB 2832	ex M. Beramis	EXMBERAMIS	source_reference_raw	isolated_by	2	89	102	comparison_only_no_source_edit	review_required	not_searchable	low	no	preserved_source_text_not_a_search_identifier	1	NCPPB 2832
NCPPB 2834	UKP 33	UKP33	donor_reference	donor_reference	1	23	29	comparison_only_no_source_edit	auto_validated	medium	medium	yes		1	NCPPB 2834
NCPPB 2834	ex S.J. Brown	EXSJBROWN	source_reference_raw	source_of_isolate	2	61	74	comparison_only_no_source_edit	review_required	not_searchable	low	no	preserved_source_text_not_a_search_identifier	1	NCPPB 2834
NCPPB 2835	UKP 37	UKP37	donor_reference	donor_reference	1	23	29	comparison_only_no_source_edit	auto_validated	medium	medium	yes		1	NCPPB 2835
NCPPB 2835	ex S.J. Brown	EXSJBROWN	source_reference_raw	source_of_isolate	2	61	74	comparison_only_no_source_edit	review_required	not_searchable	low	no	preserved_source_text_not_a_search_identifier	1	NCPPB 2835
NCPPB 2837	UKP 783	UKP783	donor_reference	donor_reference	1	23	30	comparison_only_no_source_edit	auto_validated	medium	medium	yes		1	NCPPB 2837
NCPPB 2837	ex D.L. Ebbels	EXDLEBBELS	source_reference_raw	isolated_by	2	60	74	comparison_only_no_source_edit	review_required	not_searchable	low	no	preserved_source_text_not_a_search_identifier	1	NCPPB 2837
NCPPB 2838	UKP 765	UKP765	donor_reference	donor_reference	1	23	30	comparison_only_no_source_edit	auto_validated	medium	medium	yes		1	NCPPB 2838
NCPPB 2838	ex D.L. Ebbels	EXDLEBBELS	source_reference_raw	isolated_by	2	60	74	comparison_only_no_source_edit	review_required	not_searchable	low	no	preserved_source_text_not_a_search_identifier	1	NCPPB 2838
NCPPB 2839	UKP 784	UKP784	donor_reference	donor_reference	1	23	30	comparison_only_no_source_edit	auto_validated	medium	medium	yes		1	NCPPB 2839
NCPPB 2839	ex D.L. Ebbels	EXDLEBBELS	source_reference_raw	isolated_by	2	60	74	comparison_only_no_source_edit	review_required	not_searchable	low	no	preserved_source_text_not_a_search_identifier	1	NCPPB 2839
NCPPB 2840	UKP 852	UKP852	donor_reference	donor_reference	1	23	30	comparison_only_no_source_edit	auto_validated	medium	medium	yes		1	NCPPB 2840
NCPPB 2856	F.W. Catton C798	FWCATTONC798	source_reference_raw	isolated_by	1	29	45	comparison_only_no_source_edit	review_required	not_searchable	low	no	preserved_source_text_not_a_search_identifier	1	NCPPB 2856
NCPPB 2856	C798	C798	isolate_code	isolated_by	1	41	45	comparison_only_no_source_edit	auto_validated	medium	medium	yes		1	NCPPB 2856
NCPPB 2857	W.F. Catton C799	WFCATTONC799	source_reference_raw	isolated_by	1	29	45	comparison_only_no_source_edit	review_required	not_searchable	low	no	preserved_source_text_not_a_search_identifier	1	NCPPB 2857
NCPPB 2857	C799	C799	isolate_code	isolated_by	1	41	45	comparison_only_no_source_edit	auto_validated	medium	medium	yes		1	NCPPB 2857
NCPPB 2859	ex D. Massfeller ex R. Hazneci	EXDMASSFELLEREXRHAZNECI	source_reference_raw	source_of_isolate	1	31	61	comparison_only_no_source_edit	review_required	not_searchable	low	no	preserved_source_text_not_a_search_identifier	1	NCPPB 2859
NCPPB 2864	F.W. Catton 211/75/2	FWCATTON211752	source_reference_raw	isolated_by	1	29	49	comparison_only_no_source_edit	review_required	not_searchable	low	no	preserved_source_text_not_a_search_identifier	1	NCPPB 2864
NCPPB 2865	F.W. Catton 212/75/1	FWCATTON212751	source_reference_raw	isolated_by	1	29	49	comparison_only_no_source_edit	review_required	not_searchable	low	no	preserved_source_text_not_a_search_identifier	1	NCPPB 2865
NCPPB 2866	F.W. Catton 212/75/6	FWCATTON212756	source_reference_raw	isolated_by	1	29	49	comparison_only_no_source_edit	review_required	not_searchable	low	no	preserved_source_text_not_a_search_identifier	1	NCPPB 2866
NCPPB 2876	V. Severin XC7	VSEVERINXC7	source_reference_raw	isolated_by	1	29	43	comparison_only_no_source_edit	review_required	not_searchable	low	no	preserved_source_text_not_a_search_identifier	1	NCPPB 2876
NCPPB 2876	XC7	XC7	isolate_code	isolated_by	1	40	43	comparison_only_no_source_edit	review_required	weak	medium	no	identifier_too_weak_for_automatic_search	1	NCPPB 2876
NCPPB 2877	ICMP 6570	ICMP6570	collection_number	collection_list	1	41	50	comparison_only_no_source_edit	auto_validated	strong	low	yes		1	NCPPB 2877
NCPPB 2877	LMG 9042	LMG9042	collection_number	collection_list	1	52	60	comparison_only_no_source_edit	auto_validated	strong	low	yes		1	NCPPB 2877
NCPPB 2877	CCUG 28779	CCUG28779	collection_number	collection_list	1	62	72	comparison_only_no_source_edit	auto_validated	strong	low	yes		1	NCPPB 2877
NCPPB 2877	DSMZ 44278	DSMZ44278	collection_number	collection_list	1	74	84	comparison_only_no_source_edit	auto_validated	strong	low	yes		1	NCPPB 2877
NCPPB 2877	ATCC 49725	ATCC49725	collection_number	collection_list	1	86	96	comparison_only_no_source_edit	auto_validated	strong	low	yes		1	NCPPB 2877
NCPPB 2877	V. Severin XC8	VSEVERINXC8	source_reference_raw	isolated_by	2	126	140	comparison_only_no_source_edit	review_required	not_searchable	low	no	preserved_source_text_not_a_search_identifier	1	NCPPB 2877
NCPPB 2877	XC8	XC8	isolate_code	isolated_by	2	137	140	comparison_only_no_source_edit	review_required	weak	medium	no	identifier_too_weak_for_automatic_search	1	NCPPB 2877
NCPPB 2879	V. Severin XC12	VSEVERINXC12	source_reference_raw	isolated_by	1	29	44	comparison_only_no_source_edit	review_required	not_searchable	low	no	preserved_source_text_not_a_search_identifier	1	NCPPB 2879
NCPPB 2879	XC12	XC12	isolate_code	isolated_by	1	40	44	comparison_only_no_source_edit	auto_validated	medium	medium	yes		1	NCPPB 2879
NCPPB 2885	ex J.G. Luisetti G21.5	EXJGLUISETTIG215	source_reference_raw	isolated_by	1	29	51	comparison_only_no_source_edit	review_required	not_searchable	low	no	preserved_source_text_not_a_search_identifier	1	NCPPB 2885
NCPPB 2885	G21.5	G215	isolate_code	isolated_by	1	46	51	comparison_only_no_source_edit	auto_validated	medium	medium	yes		1	NCPPB 2885
NCPPB 2894	M.L. Moffett 0238	MLMOFFETT0238	source_reference_raw	isolated_by	1	29	46	comparison_only_no_source_edit	review_required	not_searchable	low	no	preserved_source_text_not_a_search_identifier	1	NCPPB 2894
NCPPB 2896	164/7	1647	donor_reference	donor_reference	1	23	28	comparison_only_no_source_edit	auto_validated	medium	medium	yes		1	NCPPB 2896
NCPPB 2898	ICMP 7080	ICMP7080	collection_number	collection_list	1	41	50	comparison_only_no_source_edit	auto_validated	strong	low	yes		1	NCPPB 2898
NCPPB 2898	P. Roberts A724A	PROBERTSA724A	source_reference_raw	isolated_by	2	80	96	comparison_only_no_source_edit	review_required	not_searchable	low	no	preserved_source_text_not_a_search_identifier	1	NCPPB 2898
NCPPB 2898	A724A	A724A	isolate_code	isolated_by	2	91	96	comparison_only_no_source_edit	auto_validated	medium	medium	yes		1	NCPPB 2898
NCPPB 2904	P. Roberts A736	PROBERTSA736	source_reference_raw	isolated_by	1	29	44	comparison_only_no_source_edit	review_required	not_searchable	low	no	preserved_source_text_not_a_search_identifier	1	NCPPB 2904
NCPPB 2904	A736	A736	isolate_code	isolated_by	1	40	44	comparison_only_no_source_edit	auto_validated	medium	medium	yes		1	NCPPB 2904
NCPPB 2910	B5271	B5271	donor_reference	donor_reference	1	23	28	comparison_only_no_source_edit	auto_validated	medium	medium	yes		1	NCPPB 2910
NCPPB 2910	ex R.W. Schneider 1186	EXRWSCHNEIDER1186	source_reference_raw	isolated_by	2	58	80	comparison_only_no_source_edit	review_required	not_searchable	low	no	preserved_source_text_not_a_search_identifier	1	NCPPB 2910
NCPPB 2914	B5300	B5300	donor_reference	donor_reference	1	23	28	comparison_only_no_source_edit	auto_validated	medium	medium	yes		1	NCPPB 2914
NCPPB 2914	ex D. Norse 507	EXDNORSE507	source_reference_raw	source_of_isolate	2	60	75	comparison_only_no_source_edit	review_required	not_searchable	low	no	preserved_source_text_not_a_search_identifier	1	NCPPB 2914
NCPPB 2918	BS469	BS469	donor_reference	donor_reference	1	23	28	comparison_only_no_source_edit	auto_validated	medium	medium	yes		1	NCPPB 2918
NCPPB 2918	J.F. Bradbury BS469	JFBRADBURYBS469	source_reference_raw	isolated_by	2	58	77	comparison_only_no_source_edit	review_required	not_searchable	low	no	preserved_source_text_not_a_search_identifier	1	NCPPB 2918
NCPPB 2918	BS469	BS469	isolate_code	isolated_by	2	72	77	comparison_only_no_source_edit	auto_validated	medium	medium	yes		1	NCPPB 2918
NCPPB 2919	B5530	B5530	donor_reference	donor_reference	1	23	28	comparison_only_no_source_edit	auto_validated	medium	medium	yes		1	NCPPB 2919
NCPPB 2919	ex R.J. Williams CBZII 5972	EXRJWILLIAMSCBZII5972	source_reference_raw	isolated_by	2	58	85	comparison_only_no_source_edit	review_required	not_searchable	low	no	preserved_source_text_not_a_search_identifier	1	NCPPB 2919
NCPPB 2919	CBZII 5972	CBZII5972	isolate_code	isolated_by	2	75	85	comparison_only_no_source_edit	auto_validated	medium	medium	yes		1	NCPPB 2919
NCPPB 2920	J.F. Bradbury B5562	JFBRADBURYB5562	source_reference_raw	isolated_by	1	29	48	comparison_only_no_source_edit	review_required	not_searchable	low	no	preserved_source_text_not_a_search_identifier	1	NCPPB 2920
NCPPB 2920	B5562	B5562	isolate_code	isolated_by	1	43	48	comparison_only_no_source_edit	auto_validated	medium	medium	yes		1	NCPPB 2920
NCPPB 2921	B5566	B5566	donor_reference	donor_reference	1	23	28	comparison_only_no_source_edit	auto_validated	medium	medium	yes		1	NCPPB 2921
NCPPB 2921	ex P.S.W. Lin PP1312/60	EXPSWLINPP131260	source_reference_raw	isolated_by	2	58	81	comparison_only_no_source_edit	review_required	not_searchable	low	no	preserved_source_text_not_a_search_identifier	1	NCPPB 2921
NCPPB 2921	PP1312/60	PP131260	isolate_code	isolated_by	2	72	81	comparison_only_no_source_edit	auto_validated	medium	medium	yes		1	NCPPB 2921
NCPPB 2922	B5577	B5577	donor_reference	donor_reference	1	23	28	comparison_only_no_source_edit	auto_validated	medium	medium	yes		1	NCPPB 2922
NCPPB 2922	J.F. Bradbury	JFBRADBURY	source_reference_raw	isolated_by	2	58	71	comparison_only_no_source_edit	review_required	not_searchable	low	no	preserved_source_text_not_a_search_identifier	1	NCPPB 2922
NCPPB 2925	B5582	B5582	donor_reference	donor_reference	1	23	28	comparison_only_no_source_edit	auto_validated	medium	medium	yes		1	NCPPB 2925
NCPPB 2925	ex C. Nwigwe YI	EXCNWIGWEYI	source_reference_raw	isolated_by	2	58	73	comparison_only_no_source_edit	review_required	not_searchable	low	no	preserved_source_text_not_a_search_identifier	1	NCPPB 2925
NCPPB 2927	J.F. Bradbury B5632	JFBRADBURYB5632	source_reference_raw	isolated_by	1	29	48	comparison_only_no_source_edit	review_required	not_searchable	low	no	preserved_source_text_not_a_search_identifier	1	NCPPB 2927
NCPPB 2927	B5632	B5632	isolate_code	isolated_by	1	43	48	comparison_only_no_source_edit	auto_validated	medium	medium	yes		1	NCPPB 2927
NCPPB 2928	B5643	B5643	donor_reference	donor_reference	1	23	28	comparison_only_no_source_edit	auto_validated	medium	medium	yes		1	NCPPB 2928
NCPPB 2928	ex B.P.Chakravarti N318	EXBPCHAKRAVARTIN318	source_reference_raw	isolated_by	2	58	81	comparison_only_no_source_edit	review_required	not_searchable	low	no	preserved_source_text_not_a_search_identifier	1	NCPPB 2928
NCPPB 2928	N318	N318	isolate_code	isolated_by	2	77	81	comparison_only_no_source_edit	auto_validated	medium	medium	yes		1	NCPPB 2928
NCPPB 2930	B5806	B5806	donor_reference	donor_reference	1	23	28	comparison_only_no_source_edit	auto_validated	medium	medium	yes		1	NCPPB 2930
NCPPB 2930	ex G. Jackson PP223	EXGJACKSONPP223	source_reference_raw	isolated_by	2	58	77	comparison_only_no_source_edit	review_required	not_searchable	low	no	preserved_source_text_not_a_search_identifier	1	NCPPB 2930
NCPPB 2930	PP223	PP223	isolate_code	isolated_by	2	72	77	comparison_only_no_source_edit	auto_validated	medium	medium	yes		1	NCPPB 2930
NCPPB 2931	J.F. Bradbury B5830	JFBRADBURYB5830	source_reference_raw	isolated_by	1	29	48	comparison_only_no_source_edit	review_required	not_searchable	low	no	preserved_source_text_not_a_search_identifier	1	NCPPB 2931
NCPPB 2931	B5830	B5830	isolate_code	isolated_by	1	43	48	comparison_only_no_source_edit	auto_validated	medium	medium	yes		1	NCPPB 2931
NCPPB 2932	B5480	B5480	donor_reference	donor_reference	1	23	28	comparison_only_no_source_edit	auto_validated	medium	medium	yes		1	NCPPB 2932
NCPPB 2932	ex B.S. Siradhana	EXBSSIRADHANA	source_reference_raw	isolated_by	2	58	75	comparison_only_no_source_edit	review_required	not_searchable	low	no	preserved_source_text_not_a_search_identifier	1	NCPPB 2932
NCPPB 2933	B6132	B6132	donor_reference	donor_reference	1	23	28	comparison_only_no_source_edit	auto_validated	medium	medium	yes		1	NCPPB 2933
NCPPB 2933	J.F. Bradbury B6132	JFBRADBURYB6132	source_reference_raw	isolated_by	2	58	77	comparison_only_no_source_edit	review_required	not_searchable	low	no	preserved_source_text_not_a_search_identifier	1	NCPPB 2933
NCPPB 2933	B6132	B6132	isolate_code	isolated_by	2	72	77	comparison_only_no_source_edit	auto_validated	medium	medium	yes		1	NCPPB 2933
NCPPB 2934	B6141	B6141	donor_reference	donor_reference	1	23	28	comparison_only_no_source_edit	auto_validated	medium	medium	yes		1	NCPPB 2934
NCPPB 2934	ex P.S. Shekhawat XWl	EXPSSHEKHAWATXWL	source_reference_raw	isolated_by	2	58	79	comparison_only_no_source_edit	review_required	not_searchable	low	no	preserved_source_text_not_a_search_identifier	1	NCPPB 2934
NCPPB 2935	B6144	B6144	donor_reference	donor_reference	1	23	28	comparison_only_no_source_edit	auto_validated	medium	medium	yes		1	NCPPB 2935
NCPPB 2935	ex P.S. Shekhawat D42	EXPSSHEKHAWATD42	source_reference_raw	isolated_by	2	58	79	comparison_only_no_source_edit	review_required	not_searchable	low	no	preserved_source_text_not_a_search_identifier	1	NCPPB 2935
NCPPB 2935	D42	D42	isolate_code	isolated_by	2	76	79	comparison_only_no_source_edit	review_required	weak	medium	no	identifier_too_weak_for_automatic_search	1	NCPPB 2935
NCPPB 2936	B 6149	B6149	donor_reference	donor_reference	1	23	29	comparison_only_no_source_edit	auto_validated	medium	medium	yes		1	NCPPB 2936
NCPPB 2936	ex P.S. Shekhawat XA1	EXPSSHEKHAWATXA1	source_reference_raw	isolated_by	2	59	80	comparison_only_no_source_edit	review_required	not_searchable	low	no	preserved_source_text_not_a_search_identifier	1	NCPPB 2936
NCPPB 2936	XA1	XA1	isolate_code	isolated_by	2	77	80	comparison_only_no_source_edit	review_required	weak	medium	no	identifier_too_weak_for_automatic_search	1	NCPPB 2936
NCPPB 2938	B6617	B6617	donor_reference	donor_reference	1	23	28	comparison_only_no_source_edit	auto_validated	medium	medium	yes		1	NCPPB 2938
NCPPB 2938	ex Hasanuddin	EXHASANUDDIN	source_reference_raw	isolated_by	2	58	71	comparison_only_no_source_edit	review_required	not_searchable	low	no	preserved_source_text_not_a_search_identifier	1	NCPPB 2938
NCPPB 2949	DAR 26146	DAR26146	donor_reference	donor_reference	1	23	32	comparison_only_no_source_edit	auto_validated	medium	medium	yes		1	NCPPB 2949
NCPPB 2949	ex J. McGeghan	EXJMCGEGHAN	source_reference_raw	isolated_by	2	62	76	comparison_only_no_source_edit	review_required	not_searchable	low	no	preserved_source_text_not_a_search_identifier	1	NCPPB 2949
NCPPB 2949	ex N.S.W. Dept. of Agri.	EXNSWDEPTOFAGRI	source_reference_raw	source_of_isolate	3	108	132	comparison_only_no_source_edit	review_required	not_searchable	low	no	preserved_source_text_not_a_search_identifier	1	NCPPB 2949
NCPPB 2953	Tri lb	TRILB	donor_reference	donor_reference	1	23	29	comparison_only_no_source_edit	review_required	medium	high	no	digit_free_donor_reference_requires_review_before_search	1	NCPPB 2953
NCPPB 2953	ICPB XP228	ICPBXP228	collection_number	collection_list	2	71	81	comparison_only_no_source_edit	auto_validated	strong	low	yes		1	NCPPB 2953
NCPPB 2955	Bt3	BT3	donor_reference	donor_reference	1	23	26	comparison_only_no_source_edit	review_required	weak	medium	no	identifier_too_weak_for_automatic_search	1	NCPPB 2955
NCPPB 2955	ICPB XP230	ICPBXP230	collection_number	collection_list	2	68	78	comparison_only_no_source_edit	auto_validated	strong	low	yes		1	NCPPB 2955
NCPPB 2959	Reg	REG	donor_reference	donor_reference	1	23	26	comparison_only_no_source_edit	review_required	weak	high	no	digit_free_donor_reference_requires_review_before_search	1	NCPPB 2959
NCPPB 2959	ICMP 5816	ICMP5816	collection_number	collection_list	2	68	77	comparison_only_no_source_edit	auto_validated	strong	low	yes		1	NCPPB 2959
NCPPB 2959	ICPB XP231	ICPBXP231	collection_number	collection_list	2	79	89	comparison_only_no_source_edit	auto_validated	strong	low	yes		1	NCPPB 2959
NCPPB 2959	ATCC 51165	ATCC51165	collection_number	collection_list	2	91	101	comparison_only_no_source_edit	auto_validated	strong	low	yes		1	NCPPB 2959
NCPPB 2959	CFBP 1817	CFBP1817	collection_number	collection_list	2	103	112	comparison_only_no_source_edit	auto_validated	strong	low	yes		1	NCPPB 2959
NCPPB 2959	LMG 5743	LMG5743	collection_number	collection_list	2	114	122	comparison_only_no_source_edit	auto_validated	strong	low	yes		1	NCPPB 2959
NCPPB 2960	BII	BII	donor_reference	donor_reference	1	23	26	comparison_only_no_source_edit	review_required	weak	high	no	digit_free_donor_reference_requires_review_before_search	1	NCPPB 2960
NCPPB 2960	ICPB XP232	ICPBXP232	collection_number	collection_list	2	68	78	comparison_only_no_source_edit	auto_validated	strong	low	yes		1	NCPPB 2960
NCPPB 2963	S62b	S62B	donor_reference	donor_reference	1	23	27	comparison_only_no_source_edit	auto_validated	medium	medium	yes		1	NCPPB 2963
NCPPB 2963	ICPB XP235	ICPBXP235	collection_number	collection_list	2	69	79	comparison_only_no_source_edit	auto_validated	strong	low	yes		1	NCPPB 2963
NCPPB 2965	IBBF-105	IBBF105	donor_reference	donor_reference	1	23	31	comparison_only_no_source_edit	auto_validated	medium	medium	yes		1	NCPPB 2965
NCPPB 2965	ex J.R. Neto	EXJRNETO	source_reference_raw	isolated_by	2	61	73	comparison_only_no_source_edit	review_required	not_searchable	low	no	preserved_source_text_not_a_search_identifier	1	NCPPB 2965
NCPPB 2967	IBBF-165	IBBF165	donor_reference	donor_reference	1	23	31	comparison_only_no_source_edit	auto_validated	medium	medium	yes		1	NCPPB 2967
NCPPB 2967	ex A.G. Zagatto	EXAGZAGATTO	source_reference_raw	isolated_by	2	61	76	comparison_only_no_source_edit	review_required	not_searchable	low	no	preserved_source_text_not_a_search_identifier	1	NCPPB 2967
NCPPB 2968	ATCC 11633	ATCC11633	collection_number	collection_list	1	41	51	comparison_only_no_source_edit	auto_validated	strong	low	yes		1	NCPPB 2968
NCPPB 2968	DSM 19128	DSM19128	collection_number	collection_list	1	53	62	comparison_only_no_source_edit	auto_validated	strong	low	yes		1	NCPPB 2968
NCPPB 2968	CFBP 6864	CFBP6864	collection_number	collection_list	1	64	73	comparison_only_no_source_edit	auto_validated	strong	low	yes		1	NCPPB 2968
NCPPB 2968	LMG 27970	LMG27970	collection_number	collection_list	1	75	84	comparison_only_no_source_edit	auto_validated	strong	low	yes		1	NCPPB 2968
NCPPB 2968	ex W.H. Burkholder XV25	EXWHBURKHOLDERXV25	source_reference_raw	isolated_by	2	114	137	comparison_only_no_source_edit	review_required	not_searchable	low	no	preserved_source_text_not_a_search_identifier	1	NCPPB 2968
NCPPB 2968	XV25	XV25	isolate_code	isolated_by	2	133	137	comparison_only_no_source_edit	auto_validated	medium	medium	yes		1	NCPPB 2968
NCPPB 2968	ex D.W. Dye X12	EXDWDYEX12	source_reference_raw	source_of_isolate	3	169	184	comparison_only_no_source_edit	review_required	not_searchable	low	no	preserved_source_text_not_a_search_identifier	1	NCPPB 2968
NCPPB 2968	X12	X12	isolate_code	source_of_isolate	3	181	184	comparison_only_no_source_edit	review_required	weak	medium	no	identifier_too_weak_for_automatic_search	1	NCPPB 2968
NCPPB 2969	ATCC 33915	ATCC33915	collection_number	collection_list	1	41	51	comparison_only_no_source_edit	auto_validated	strong	low	yes		1	NCPPB 2969
NCPPB 2969	CFBP 2523	CFBP2523	collection_number	collection_list	1	53	62	comparison_only_no_source_edit	auto_validated	strong	low	yes		1	NCPPB 2969
NCPPB 2969	ICMP 196	ICMP196	collection_number	collection_list	1	64	72	comparison_only_no_source_edit	auto_validated	strong	low	yes		1	NCPPB 2969
NCPPB 2969	LMG 494	LMG494	collection_number	collection_list	1	74	81	comparison_only_no_source_edit	auto_validated	strong	low	yes		1	NCPPB 2969
NCPPB 2969	DSMZ 3583	DSMZ3583	collection_number	collection_list	1	83	92	comparison_only_no_source_edit	auto_validated	strong	low	yes		1	NCPPB 2969
NCPPB 2969	ex D.W. Dye ZA6	EXDWDYEZA6	source_reference_raw	isolated_by	2	122	137	comparison_only_no_source_edit	review_required	not_searchable	low	no	preserved_source_text_not_a_search_identifier	1	NCPPB 2969
NCPPB 2969	ZA6	ZA6	isolate_code	isolated_by	2	134	137	comparison_only_no_source_edit	review_required	weak	medium	no	identifier_too_weak_for_automatic_search	1	NCPPB 2969
NCPPB 2970	ATCC 14179	ATCC14179	collection_number	collection_list	1	41	51	comparison_only_no_source_edit	auto_validated	strong	low	yes		1	NCPPB 2970
NCPPB 2970	ICMP 220	ICMP220	collection_number	collection_list	1	53	61	comparison_only_no_source_edit	auto_validated	strong	low	yes		1	NCPPB 2970
NCPPB 2970	LMG 809	LMG809	collection_number	collection_list	1	63	70	comparison_only_no_source_edit	auto_validated	strong	low	yes		1	NCPPB 2970
NCPPB 2970	ex M.K. Bryan 47	EXMKBRYAN47	source_reference_raw	isolated_by	2	100	116	comparison_only_no_source_edit	review_required	not_searchable	low	no	preserved_source_text_not_a_search_identifier	1	NCPPB 2970
NCPPB 2970	ex D.W. Dye ZI 2 ex ICPB XP5	EXDWDYEZI2EXICPBXP5	source_reference_raw	source_of_isolate	3	148	176	comparison_only_no_source_edit	review_required	not_searchable	low	no	preserved_source_text_not_a_search_identifier	1	NCPPB 2970
NCPPB 2970	ICPB XP5	ICPBXP5	collection_number	source_of_isolate	3	168	176	comparison_only_no_source_edit	auto_validated	strong	low	yes		1	NCPPB 2970
NCPPB 2970	ZI 2	ZI2	isolate_code	source_of_isolate	3	160	164	comparison_only_no_source_edit	review_required	weak	medium	no	identifier_too_weak_for_automatic_search	1	NCPPB 2970
NCPPB 2973	ATCC 11638	ATCC11638	collection_number	collection_list	1	41	51	comparison_only_no_source_edit	auto_validated	strong	low	yes		1	NCPPB 2973
NCPPB 2973	ICPB XC112	ICPBXC112	collection_number	collection_list	1	53	63	comparison_only_no_source_edit	auto_validated	strong	low	yes		1	NCPPB 2973
NCPPB 2973	M.K	MK	collection_candidate	collection_list	1	65	68	comparison_only_no_source_edit	review_required	not_searchable	high	no	unrecognised_or_digit_free_collection_identifier	1	NCPPB 2973
NCPPB 2973	Patel 6	PATEL6	collection_candidate	collection_list	1	70	77	comparison_only_no_source_edit	review_required	not_searchable	high	no	unrecognised_or_digit_free_collection_identifier	1	NCPPB 2973
NCPPB 2973	ICMP 358	ICMP358	collection_number	collection_list	1	79	87	comparison_only_no_source_edit	auto_validated	strong	low	yes		1	NCPPB 2973
NCPPB 2973	LMG 675	LMG675	collection_number	collection_list	1	89	96	comparison_only_no_source_edit	auto_validated	strong	low	yes		1	NCPPB 2973
NCPPB 2973	CFBP 2973	CFBP2973	collection_number	collection_list	1	98	107	comparison_only_no_source_edit	auto_validated	strong	low	yes		1	NCPPB 2973
NCPPB 2973	M.K. Patel	MKPATEL	source_reference_raw	isolated_by	2	137	147	comparison_only_no_source_edit	review_required	not_searchable	low	no	preserved_source_text_not_a_search_identifier	1	NCPPB 2973
NCPPB 2973	ex D.W. Dye YD2 ex W.H. Burkholder XC18	EXDWDYEYD2EXWHBURKHOLDERXC18	source_reference_raw	source_of_isolate	3	179	218	comparison_only_no_source_edit	review_required	not_searchable	low	no	preserved_source_text_not_a_search_identifier	1	NCPPB 2973
NCPPB 2973	YD2	YD2	isolate_code	source_of_isolate	3	191	194	comparison_only_no_source_edit	review_required	weak	medium	no	identifier_too_weak_for_automatic_search	1	NCPPB 2973
NCPPB 2973	XC18	XC18	isolate_code	source_of_isolate	3	214	218	comparison_only_no_source_edit	auto_validated	medium	medium	yes		1	NCPPB 2973
NCPPB 2977	ATCC 23577	ATCC23577	collection_number	collection_list	1	41	51	comparison_only_no_source_edit	review_required	strong	high	no	identifier_collision	2	NCPPB 1452; NCPPB 2977
NCPPB 2977	LMG 872	LMG872	collection_number	collection_list	1	53	60	comparison_only_no_source_edit	review_required	strong	high	no	identifier_collision	2	NCPPB 1452; NCPPB 2977
NCPPB 2977	ICMP 5852	ICMP5852	collection_number	collection_list	1	62	71	comparison_only_no_source_edit	review_required	strong	high	no	identifier_collision	2	NCPPB 1452; NCPPB 2977
NCPPB 2977	M.K. Patel	MKPATEL	source_reference_raw	isolated_by	2	101	111	comparison_only_no_source_edit	review_required	not_searchable	low	no	preserved_source_text_not_a_search_identifier	1	NCPPB 2977
NCPPB 2977	ex D.W. Dye WK2 ex M.J. Thirumalachar	EXDWDYEWK2EXMJTHIRUMALACHAR	source_reference_raw	source_of_isolate	3	143	180	comparison_only_no_source_edit	review_required	not_searchable	low	no	preserved_source_text_not_a_search_identifier	1	NCPPB 2977
NCPPB 2977	WK2	WK2	isolate_code	source_of_isolate	3	155	158	comparison_only_no_source_edit	review_required	weak	medium	no	identifier_too_weak_for_automatic_search	1	NCPPB 2977
NCPPB 2978	ICMP 2372	ICMP2372	collection_number	collection_list	1	41	50	comparison_only_no_source_edit	auto_validated	strong	low	yes		1	NCPPB 2978
NCPPB 2978	LMG 9059	LMG9059	collection_number	collection_list	1	52	60	comparison_only_no_source_edit	auto_validated	strong	low	yes		1	NCPPB 2978
NCPPB 2978	ex D.W. Dye VNI ex J.J. Joubert Arum 3	EXDWDYEVNIEXJJJOUBERTARUM3	source_reference_raw	source_of_isolate	2	92	130	comparison_only_no_source_edit	review_required	not_searchable	low	no	preserved_source_text_not_a_search_identifier	1	NCPPB 2978
NCPPB 2982	ICMP 8561	ICMP8561	collection_number	collection_list	1	41	50	comparison_only_no_source_edit	auto_validated	strong	low	yes		1	NCPPB 2982
NCPPB 2982	LMG 2167	LMG2167	collection_number	collection_list	1	52	60	comparison_only_no_source_edit	auto_validated	strong	low	yes		1	NCPPB 2982
NCPPB 2982	ATCC 33616	ATCC33616	collection_number	collection_list	1	62	72	comparison_only_no_source_edit	auto_validated	strong	low	yes		1	NCPPB 2982
NCPPB 2982	CFBP 2432	CFBP2432	collection_number	collection_list	1	74	83	comparison_only_no_source_edit	auto_validated	strong	low	yes		1	NCPPB 2982
NCPPB 2982	ex M. Goto PC1	EXMGOTOPC1	source_reference_raw	isolated_by	2	113	127	comparison_only_no_source_edit	review_required	not_searchable	low	no	preserved_source_text_not_a_search_identifier	1	NCPPB 2982
NCPPB 2982	PC1	PC1	isolate_code	isolated_by	2	124	127	comparison_only_no_source_edit	review_required	weak	medium	no	identifier_too_weak_for_automatic_search	1	NCPPB 2982
NCPPB 2983	ICMP 4294	ICMP4294	collection_number	collection_list	1	41	50	comparison_only_no_source_edit	auto_validated	strong	low	yes		1	NCPPB 2983
NCPPB 2983	LMG 702	LMG702	collection_number	collection_list	1	52	59	comparison_only_no_source_edit	auto_validated	strong	low	yes		1	NCPPB 2983
NCPPB 2983	ex M. Goto XPl	EXMGOTOXPL	source_reference_raw	isolated_by	2	89	103	comparison_only_no_source_edit	review_required	not_searchable	low	no	preserved_source_text_not_a_search_identifier	1	NCPPB 2983
NCPPB 2985	CFBP 2533	CFBP2533	collection_number	collection_list	1	41	50	comparison_only_no_source_edit	auto_validated	strong	low	yes		1	NCPPB 2985
NCPPB 2985	ICMP 4321	ICMP4321	collection_number	collection_list	1	52	61	comparison_only_no_source_edit	auto_validated	strong	low	yes		1	NCPPB 2985
NCPPB 2985	LMG 7314	LMG7314	collection_number	collection_list	1	63	71	comparison_only_no_source_edit	auto_validated	strong	low	yes		1	NCPPB 2985
NCPPB 2985	ex D.W. Dye ZJ12 ex W.J. Kemp 41	EXDWDYEZJ12EXWJKEMP41	source_reference_raw	source_of_isolate	2	103	135	comparison_only_no_source_edit	review_required	not_searchable	low	no	preserved_source_text_not_a_search_identifier	1	NCPPB 2985
NCPPB 2985	ZJ12	ZJ12	isolate_code	source_of_isolate	2	115	119	comparison_only_no_source_edit	auto_validated	medium	medium	yes		1	NCPPB 2985
NCPPB 2986	ICMP 4805	ICMP4805	collection_number	collection_list	1	41	50	comparison_only_no_source_edit	auto_validated	strong	low	yes		1	NCPPB 2986
NCPPB 2986	LMG 9037	LMG9037	collection_number	collection_list	1	52	60	comparison_only_no_source_edit	auto_validated	strong	low	yes		1	NCPPB 2986
NCPPB 2986	ex M.L. Moffett 0406	EXMLMOFFETT0406	source_reference_raw	isolated_by	2	90	110	comparison_only_no_source_edit	review_required	not_searchable	low	no	preserved_source_text_not_a_search_identifier	1	NCPPB 2986
NCPPB 2987	ICPB XP 237	ICPBXP237	collection_number	collection_list	1	41	52	comparison_only_no_source_edit	auto_validated	strong	low	yes		1	NCPPB 2987
NCPPB 2987	ex D.A. Burdekin	EXDABURDEKIN	source_reference_raw	isolated_by	2	82	98	comparison_only_no_source_edit	review_required	not_searchable	low	no	preserved_source_text_not_a_search_identifier	1	NCPPB 2987
NCPPB 2997	ex R.G. Orellana 14	EXRGORELLANA14	source_reference_raw	isolated_by	1	29	48	comparison_only_no_source_edit	review_required	not_searchable	low	no	preserved_source_text_not_a_search_identifier	1	NCPPB 2997
NCPPB 2998	ex R.G. Orellana 19	EXRGORELLANA19	source_reference_raw	isolated_by	1	29	48	comparison_only_no_source_edit	review_required	not_searchable	low	no	preserved_source_text_not_a_search_identifier	1	NCPPB 2998
NCPPB 3002	ATCC 35933	ATCC35933	collection_number	collection_list	1	41	51	comparison_only_no_source_edit	auto_validated	strong	low	yes		1	NCPPB 3002
NCPPB 3002	ICMP 3125	ICMP3125	collection_number	collection_list	1	53	62	comparison_only_no_source_edit	auto_validated	strong	low	yes		1	NCPPB 3002
NCPPB 3002	LMG 5047	LMG5047	collection_number	collection_list	1	64	72	comparison_only_no_source_edit	auto_validated	strong	low	yes		1	NCPPB 3002
NCPPB 3002	CFBP 2532	CFBP2532	collection_number	collection_list	1	74	83	comparison_only_no_source_edit	auto_validated	strong	low	yes		1	NCPPB 3002
NCPPB 3002	ex Y.P. Rao	EXYPRAO	source_reference_raw	isolated_by	2	113	124	comparison_only_no_source_edit	review_required	not_searchable	low	no	preserved_source_text_not_a_search_identifier	1	NCPPB 3002
NCPPB 3003	ICPB XB110	ICPBXB110	collection_number	collection_list	1	41	51	comparison_only_no_source_edit	auto_validated	strong	low	yes		1	NCPPB 3003
NCPPB 3003	NZRCC 10031	NZRCC10031	collection_candidate	collection_list	1	53	64	comparison_only_no_source_edit	review_required	not_searchable	high	no	unrecognised_or_digit_free_collection_identifier	1	NCPPB 3003
NCPPB 3003	CFBP 2524	CFBP2524	collection_number	collection_list	1	66	75	comparison_only_no_source_edit	auto_validated	strong	low	yes		1	NCPPB 3003
NCPPB 3003	ICMP 194	ICMP194	collection_number	collection_list	1	77	85	comparison_only_no_source_edit	auto_validated	strong	low	yes		1	NCPPB 3003
NCPPB 3003	ATCC 49082	ATCC49082	collection_number	collection_list	1	87	97	comparison_only_no_source_edit	auto_validated	strong	low	yes		1	NCPPB 3003
NCPPB 3003	LMG 7303	LMG7303	collection_number	collection_list	1	99	107	comparison_only_no_source_edit	auto_validated	strong	low	yes		1	NCPPB 3003
NCPPB 3003	ex D.W. Dye Z4	EXDWDYEZ4	source_reference_raw	isolated_by	2	137	151	comparison_only_no_source_edit	review_required	not_searchable	low	no	preserved_source_text_not_a_search_identifier	1	NCPPB 3003
NCPPB 3003	Z4	Z4	isolate_code	isolated_by	2	149	151	comparison_only_no_source_edit	review_required	weak	medium	no	identifier_too_weak_for_automatic_search	1	NCPPB 3003
NCPPB 3005	ex C.F. Robbs IBSP XM1	EXCFROBBSIBSPXM1	source_reference_raw	isolated_by	1	29	51	comparison_only_no_source_edit	review_required	not_searchable	low	no	preserved_source_text_not_a_search_identifier	1	NCPPB 3005
NCPPB 3005	IBSP XM1	IBSPXM1	collection_number	isolated_by	1	43	51	comparison_only_no_source_edit	auto_validated	strong	low	yes		1	NCPPB 3005
NCPPB 3020	426 & 427	426427	donor_reference	donor_reference	1	23	32	comparison_only_no_source_edit	auto_validated	medium	medium	yes		1	NCPPB 3020
NCPPB 3022	J.C. Lozano CIAT 1185	JCLOZANOCIAT1185	source_reference_raw	isolated_by	1	29	50	comparison_only_no_source_edit	review_required	not_searchable	low	no	preserved_source_text_not_a_search_identifier	1	NCPPB 3022
NCPPB 3022	CIAT 1185	CIAT1185	isolate_code	isolated_by	1	41	50	comparison_only_no_source_edit	auto_validated	medium	medium	yes		1	NCPPB 3022
NCPPB 3024	D.L. Strider NC334	DLSTRIDERNC334	source_reference_raw	isolated_by	1	29	47	comparison_only_no_source_edit	review_required	not_searchable	low	no	preserved_source_text_not_a_search_identifier	1	NCPPB 3024
NCPPB 3024	NC334	NC334	isolate_code	isolated_by	1	42	47	comparison_only_no_source_edit	auto_validated	medium	medium	yes		1	NCPPB 3024
NCPPB 3026	S. Grasso 3	SGRASSO3	source_reference_raw	isolated_by	1	29	40	comparison_only_no_source_edit	review_required	not_searchable	low	no	preserved_source_text_not_a_search_identifier	1	NCPPB 3026
NCPPB 3027	S. Grasso 6	SGRASSO6	source_reference_raw	isolated_by	1	29	40	comparison_only_no_source_edit	review_required	not_searchable	low	no	preserved_source_text_not_a_search_identifier	1	NCPPB 3027
NCPPB 3028	J.R. Neto X-84	JRNETOX84	source_reference_raw	isolated_by	1	29	43	comparison_only_no_source_edit	review_required	not_searchable	low	no	preserved_source_text_not_a_search_identifier	1	NCPPB 3028
NCPPB 3028	X-84	X84	isolate_code	isolated_by	1	39	43	comparison_only_no_source_edit	review_required	weak	medium	no	identifier_too_weak_for_automatic_search	1	NCPPB 3028
NCPPB 3035	CFBP 2534	CFBP2534	collection_number	collection_list	1	41	50	comparison_only_no_source_edit	auto_validated	strong	low	yes		1	NCPPB 3035
NCPPB 3035	ICMP 5834	ICMP5834	collection_number	collection_list	1	52	61	comparison_only_no_source_edit	auto_validated	strong	low	yes		1	NCPPB 3035
NCPPB 3035	ATCC 9563	ATCC9563	collection_number	collection_list	1	63	72	comparison_only_no_source_edit	auto_validated	strong	low	yes		1	NCPPB 3035
NCPPB 3035	ex ATCC 9563 ex W.H. Burkholder XP20	EXATCC9563EXWHBURKHOLDERXP20	source_reference_raw	source_of_isolate	2	105	141	comparison_only_no_source_edit	review_required	not_searchable	low	no	preserved_source_text_not_a_search_identifier	1	NCPPB 3035
NCPPB 3035	XP20	XP20	isolate_code	source_of_isolate	2	137	141	comparison_only_no_source_edit	auto_validated	medium	medium	yes		1	NCPPB 3035
NCPPB 3040	J.E. Sellwood A895	JESELLWOODA895	source_reference_raw	isolated_by	1	29	47	comparison_only_no_source_edit	review_required	not_searchable	low	no	preserved_source_text_not_a_search_identifier	1	NCPPB 3040
NCPPB 3040	A895	A895	isolate_code	isolated_by	1	43	47	comparison_only_no_source_edit	auto_validated	medium	medium	yes		1	NCPPB 3040
NCPPB 3041	P. Roberts A905	PROBERTSA905	source_reference_raw	isolated_by	1	29	44	comparison_only_no_source_edit	review_required	not_searchable	low	no	preserved_source_text_not_a_search_identifier	1	NCPPB 3041
NCPPB 3041	A905	A905	isolate_code	isolated_by	1	40	44	comparison_only_no_source_edit	auto_validated	medium	medium	yes		1	NCPPB 3041
NCPPB 3059	H. Maraite Z291	HMARAITEZ291	source_reference_raw	isolated_by	1	29	44	comparison_only_no_source_edit	review_required	not_searchable	low	no	preserved_source_text_not_a_search_identifier	1	NCPPB 3059
NCPPB 3059	Z291	Z291	isolate_code	isolated_by	1	40	44	comparison_only_no_source_edit	auto_validated	medium	medium	yes		1	NCPPB 3059
NCPPB 3060	H. Maraite N578	HMARAITEN578	source_reference_raw	isolated_by	1	29	44	comparison_only_no_source_edit	review_required	not_searchable	low	no	preserved_source_text_not_a_search_identifier	1	NCPPB 3060
NCPPB 3060	N578	N578	isolate_code	isolated_by	1	40	44	comparison_only_no_source_edit	auto_validated	medium	medium	yes		1	NCPPB 3060
NCPPB 3061	ICMP 8816	ICMP8816	collection_number	collection_list	1	41	50	comparison_only_no_source_edit	auto_validated	strong	low	yes		1	NCPPB 3061
NCPPB 3061	LMG 671	LMG671	collection_number	collection_list	1	52	59	comparison_only_no_source_edit	auto_validated	strong	low	yes		1	NCPPB 3061
NCPPB 3061	M. Maraite R662	MMARAITER662	source_reference_raw	isolated_by	2	89	104	comparison_only_no_source_edit	review_required	not_searchable	low	no	preserved_source_text_not_a_search_identifier	1	NCPPB 3061
NCPPB 3061	R662	R662	isolate_code	isolated_by	2	100	104	comparison_only_no_source_edit	review_required	medium	high	no	identifier_collision	2	NCPPB 3061; NCPPB 3192
NCPPB 3062	LMG 672	LMG672	collection_number	collection_list	1	41	48	comparison_only_no_source_edit	auto_validated	strong	low	yes		1	NCPPB 3062
NCPPB 3062	M. Maraite R704	MMARAITER704	source_reference_raw	isolated_by	2	78	93	comparison_only_no_source_edit	review_required	not_searchable	low	no	preserved_source_text_not_a_search_identifier	1	NCPPB 3062
NCPPB 3062	R704	R704	isolate_code	isolated_by	2	89	93	comparison_only_no_source_edit	auto_validated	medium	medium	yes		1	NCPPB 3062
NCPPB 3066	J.E. Sellwood A960	JESELLWOODA960	source_reference_raw	isolated_by	1	29	47	comparison_only_no_source_edit	review_required	not_searchable	low	no	preserved_source_text_not_a_search_identifier	1	NCPPB 3066
NCPPB 3066	A960	A960	isolate_code	isolated_by	1	43	47	comparison_only_no_source_edit	auto_validated	medium	medium	yes		1	NCPPB 3066
NCPPB 3078	ENA503	ENA503	donor_reference	donor_reference	1	23	29	comparison_only_no_source_edit	auto_validated	medium	medium	yes		1	NCPPB 3078
NCPPB 3078	ex A. Frenhani	EXAFRENHANI	source_reference_raw	isolated_by	2	59	73	comparison_only_no_source_edit	review_required	not_searchable	low	no	preserved_source_text_not_a_search_identifier	1	NCPPB 3078
NCPPB 3079	ICMP 8919	ICMP8919	collection_number	collection_list	1	41	50	comparison_only_no_source_edit	auto_validated	strong	low	yes		1	NCPPB 3079
NCPPB 3079	LMG 9053	LMG9053	collection_number	collection_list	1	52	60	comparison_only_no_source_edit	auto_validated	strong	low	yes		1	NCPPB 3079
NCPPB 3079	C.F. Robbs ENA 2154	CFROBBSENA2154	source_reference_raw	isolated_by	2	90	109	comparison_only_no_source_edit	review_required	not_searchable	low	no	preserved_source_text_not_a_search_identifier	1	NCPPB 3079
NCPPB 3079	ENA 2154	ENA2154	isolate_code	isolated_by	2	101	109	comparison_only_no_source_edit	auto_validated	medium	medium	yes		1	NCPPB 3079
NCPPB 3082	C.F. Robbs ENA 2564	CFROBBSENA2564	source_reference_raw	isolated_by	1	29	48	comparison_only_no_source_edit	review_required	not_searchable	low	no	preserved_source_text_not_a_search_identifier	1	NCPPB 3082
NCPPB 3082	ENA 2564	ENA2564	isolate_code	isolated_by	1	40	48	comparison_only_no_source_edit	auto_validated	medium	medium	yes		1	NCPPB 3082
NCPPB 3086	ICMP 6502	ICMP6502	collection_number	collection_list	1	41	50	comparison_only_no_source_edit	auto_validated	strong	low	yes		1	NCPPB 3086
NCPPB 3086	LMG 9046	LMG9046	collection_number	collection_list	1	52	60	comparison_only_no_source_edit	auto_validated	strong	low	yes		1	NCPPB 3086
NCPPB 3086	ex ITCC 29 ex N.M. Pant	EXITCC29EXNMPANT	source_reference_raw	source_of_isolate	2	92	115	comparison_only_no_source_edit	review_required	not_searchable	low	no	preserved_source_text_not_a_search_identifier	1	NCPPB 3086
NCPPB 3086	ITCC 29	ITCC29	collection_number	source_of_isolate	2	95	102	comparison_only_no_source_edit	auto_validated	strong	low	yes		1	NCPPB 3086
NCPPB 3092	B7090	B7090	donor_reference	donor_reference	1	23	28	comparison_only_no_source_edit	auto_validated	medium	medium	yes		1	NCPPB 3092
NCPPB 3092	ICMP 6574	ICMP6574	collection_number	collection_list	2	70	79	comparison_only_no_source_edit	auto_validated	strong	low	yes		1	NCPPB 3092
NCPPB 3092	LMG 9045	LMG9045	collection_number	collection_list	2	81	89	comparison_only_no_source_edit	auto_validated	strong	low	yes		1	NCPPB 3092
NCPPB 3092	ex Y.S. Kulkarni	EXYSKULKARNI	source_reference_raw	isolated_by	3	119	135	comparison_only_no_source_edit	review_required	not_searchable	low	no	preserved_source_text_not_a_search_identifier	1	NCPPB 3092
NCPPB 3110	C.F. Robbs ENA 2530	CFROBBSENA2530	source_reference_raw	isolated_by	1	29	48	comparison_only_no_source_edit	review_required	not_searchable	low	no	preserved_source_text_not_a_search_identifier	1	NCPPB 3110
NCPPB 3110	ENA 2530	ENA2530	isolate_code	isolated_by	1	40	48	comparison_only_no_source_edit	auto_validated	medium	medium	yes		1	NCPPB 3110
NCPPB 3114	ICMP 6747	ICMP6747	collection_number	collection_list	1	41	50	comparison_only_no_source_edit	auto_validated	strong	low	yes		1	NCPPB 3114
NCPPB 3114	LMG 9051	LMG9051	collection_number	collection_list	1	52	60	comparison_only_no_source_edit	auto_validated	strong	low	yes		1	NCPPB 3114
NCPPB 3114	ex N.M. Pant P30	EXNMPANTP30	source_reference_raw	isolated_by	2	90	106	comparison_only_no_source_edit	review_required	not_searchable	low	no	preserved_source_text_not_a_search_identifier	1	NCPPB 3114
NCPPB 3114	P30	P30	isolate_code	isolated_by	2	103	106	comparison_only_no_source_edit	review_required	weak	medium	no	identifier_too_weak_for_automatic_search	1	NCPPB 3114
NCPPB 3114	ex ITCC	EXITCC	source_reference_raw	source_of_isolate	3	138	145	comparison_only_no_source_edit	review_required	not_searchable	low	no	preserved_source_text_not_a_search_identifier	1	NCPPB 3114
NCPPB 3119	ex J. Mahillon	EXJMAHILLON	source_reference_raw	isolated_by	1	29	43	comparison_only_no_source_edit	review_required	not_searchable	low	no	preserved_source_text_not_a_search_identifier	1	NCPPB 3119
NCPPB 3125	M.L. Moffett 0839	MLMOFFETT0839	source_reference_raw	isolated_by	1	29	46	comparison_only_no_source_edit	review_required	not_searchable	low	no	preserved_source_text_not_a_search_identifier	1	NCPPB 3125
NCPPB 3136	J.R. Neto 246	JRNETO246	source_reference_raw	isolated_by	1	29	42	comparison_only_no_source_edit	review_required	not_searchable	low	no	preserved_source_text_not_a_search_identifier	1	NCPPB 3136
NCPPB 3140	120	120	donor_reference	donor_reference	1	23	26	comparison_only_no_source_edit	review_required	weak	medium	no	identifier_too_weak_for_automatic_search	1	NCPPB 3140
NCPPB 3155	C. Bazzi 1192-IPV-BO	CBAZZI1192IPVBO	source_reference_raw	isolated_by	1	29	49	comparison_only_no_source_edit	review_required	not_searchable	low	no	preserved_source_text_not_a_search_identifier	1	NCPPB 3155
NCPPB 3155	1192-IPV-BO	1192IPVBO	isolate_code	isolated_by	1	38	49	comparison_only_no_source_edit	auto_validated	medium	medium	yes		1	NCPPB 3155
NCPPB 3156	U. Mazzucchi 1236 IPV-BO	UMAZZUCCHI1236IPVBO	source_reference_raw	isolated_by	1	29	53	comparison_only_no_source_edit	review_required	not_searchable	low	no	preserved_source_text_not_a_search_identifier	1	NCPPB 3156
NCPPB 3161	B6812	B6812	donor_reference	donor_reference	1	23	28	comparison_only_no_source_edit	auto_validated	medium	medium	yes		1	NCPPB 3161
NCPPB 3161	ex G. Persley C6	EXGPERSLEYC6	source_reference_raw	isolated_by	2	58	74	comparison_only_no_source_edit	review_required	not_searchable	low	no	preserved_source_text_not_a_search_identifier	1	NCPPB 3161
NCPPB 3161	C6	C6	isolate_code	isolated_by	2	72	74	comparison_only_no_source_edit	review_required	weak	medium	no	identifier_too_weak_for_automatic_search	1	NCPPB 3161
NCPPB 3162	J.F. Bradbury B6892b	JFBRADBURYB6892B	source_reference_raw	isolated_by	1	29	49	comparison_only_no_source_edit	review_required	not_searchable	low	no	preserved_source_text_not_a_search_identifier	1	NCPPB 3162
NCPPB 3162	B6892b	B6892B	isolate_code	isolated_by	1	43	49	comparison_only_no_source_edit	auto_validated	medium	medium	yes		1	NCPPB 3162
NCPPB 3168	B7147	B7147	donor_reference	donor_reference	1	23	28	comparison_only_no_source_edit	auto_validated	medium	medium	yes		1	NCPPB 3168
NCPPB 3169	CFBP 7114	CFBP7114	collection_number	collection_list	1	41	50	comparison_only_no_source_edit	auto_validated	strong	low	yes		1	NCPPB 3169
NCPPB 3169	J.F. Bradbury B 7166	JFBRADBURYB7166	source_reference_raw	isolated_by	2	80	100	comparison_only_no_source_edit	review_required	not_searchable	low	no	preserved_source_text_not_a_search_identifier	1	NCPPB 3169
NCPPB 3169	B 7166	B7166	isolate_code	isolated_by	2	94	100	comparison_only_no_source_edit	auto_validated	medium	medium	yes		1	NCPPB 3169
NCPPB 3170	J.F. Bradbury B7205	JFBRADBURYB7205	source_reference_raw	isolated_by	1	29	48	comparison_only_no_source_edit	review_required	not_searchable	low	no	preserved_source_text_not_a_search_identifier	1	NCPPB 3170
NCPPB 3170	B7205	B7205	isolate_code	isolated_by	1	43	48	comparison_only_no_source_edit	auto_validated	medium	medium	yes		1	NCPPB 3170
NCPPB 3172	B7299	B7299	donor_reference	donor_reference	1	23	28	comparison_only_no_source_edit	auto_validated	medium	medium	yes		1	NCPPB 3172
NCPPB 3172	ex G. Persley 1	EXGPERSLEY1	source_reference_raw	isolated_by	2	58	73	comparison_only_no_source_edit	review_required	not_searchable	low	no	preserved_source_text_not_a_search_identifier	1	NCPPB 3172
NCPPB 3173	J.F. Bradbury B7343	JFBRADBURYB7343	source_reference_raw	isolated_by	1	29	48	comparison_only_no_source_edit	review_required	not_searchable	low	no	preserved_source_text_not_a_search_identifier	1	NCPPB 3173
NCPPB 3173	B7343	B7343	isolate_code	isolated_by	1	43	48	comparison_only_no_source_edit	auto_validated	medium	medium	yes		1	NCPPB 3173
NCPPB 3174	B7344b	B7344B	donor_reference	donor_reference	1	23	29	comparison_only_no_source_edit	auto_validated	medium	medium	yes		1	NCPPB 3174
NCPPB 3174	J.f. Bradbury	JFBRADBURY	source_reference_raw	isolated_by	2	59	72	comparison_only_no_source_edit	review_required	not_searchable	low	no	preserved_source_text_not_a_search_identifier	1	NCPPB 3174
NCPPB 3176	J.F. Bradbury B7380	JFBRADBURYB7380	source_reference_raw	isolated_by	1	29	48	comparison_only_no_source_edit	review_required	not_searchable	low	no	preserved_source_text_not_a_search_identifier	1	NCPPB 3176
NCPPB 3176	B7380	B7380	isolate_code	isolated_by	1	43	48	comparison_only_no_source_edit	auto_validated	medium	medium	yes		1	NCPPB 3176
NCPPB 3177	B7385	B7385	donor_reference	donor_reference	1	23	28	comparison_only_no_source_edit	auto_validated	medium	medium	yes		1	NCPPB 3177
NCPPB 3177	ex N.M. Kalyni No3	EXNMKALYNINO3	source_reference_raw	isolated_by	2	58	76	comparison_only_no_source_edit	review_required	not_searchable	low	no	preserved_source_text_not_a_search_identifier	1	NCPPB 3177
NCPPB 3177	No3	NO3	isolate_code	isolated_by	2	73	76	comparison_only_no_source_edit	review_required	weak	medium	no	identifier_too_weak_for_automatic_search	1	NCPPB 3177
NCPPB 3178	J.F. Bradbury B7440a	JFBRADBURYB7440A	source_reference_raw	isolated_by	1	29	49	comparison_only_no_source_edit	review_required	not_searchable	low	no	preserved_source_text_not_a_search_identifier	1	NCPPB 3178
NCPPB 3178	B7440a	B7440A	isolate_code	isolated_by	1	43	49	comparison_only_no_source_edit	auto_validated	medium	medium	yes		1	NCPPB 3178
NCPPB 3182	J.F. Bradbury B 7567	JFBRADBURYB7567	source_reference_raw	isolated_by	1	29	49	comparison_only_no_source_edit	review_required	not_searchable	low	no	preserved_source_text_not_a_search_identifier	1	NCPPB 3182
NCPPB 3182	B 7567	B7567	isolate_code	isolated_by	1	43	49	comparison_only_no_source_edit	auto_validated	medium	medium	yes		1	NCPPB 3182
NCPPB 3187	CFBP 7115	CFBP7115	collection_number	collection_list	1	41	50	comparison_only_no_source_edit	auto_validated	strong	low	yes		1	NCPPB 3187
NCPPB 3187	J.F. Bradbury B 7613a	JFBRADBURYB7613A	source_reference_raw	isolated_by	2	80	101	comparison_only_no_source_edit	review_required	not_searchable	low	no	preserved_source_text_not_a_search_identifier	1	NCPPB 3187
NCPPB 3187	7613a	7613A	isolate_code	isolated_by	2	96	101	comparison_only_no_source_edit	auto_validated	medium	medium	yes		1	NCPPB 3187
NCPPB 3191	B7790	B7790	donor_reference	donor_reference	1	23	28	comparison_only_no_source_edit	auto_validated	medium	medium	yes		1	NCPPB 3191
NCPPB 3191	ex A.L.G. Pereira BM12	EXALGPEREIRABM12	source_reference_raw	isolated_by	2	58	80	comparison_only_no_source_edit	review_required	not_searchable	low	no	preserved_source_text_not_a_search_identifier	1	NCPPB 3191
NCPPB 3191	BM12	BM12	isolate_code	isolated_by	2	76	80	comparison_only_no_source_edit	auto_validated	medium	medium	yes		1	NCPPB 3191
NCPPB 3191	ex H. Maraite	EXHMARAITE	source_reference_raw	source_of_isolate	3	112	125	comparison_only_no_source_edit	review_required	not_searchable	low	no	preserved_source_text_not_a_search_identifier	1	NCPPB 3191
NCPPB 3192	B7791	B7791	donor_reference	donor_reference	1	23	28	comparison_only_no_source_edit	auto_validated	medium	medium	yes		1	NCPPB 3192
NCPPB 3192	NCPPB 3061	NCPPB3061	collection_candidate	collection_list	2	70	80	comparison_only_no_source_edit	review_required	not_searchable	high	no	unrecognised_or_digit_free_collection_identifier	1	NCPPB 3192
NCPPB 3192	ex M. Maraite R662	EXMMARAITER662	source_reference_raw	isolated_by	3	110	128	comparison_only_no_source_edit	review_required	not_searchable	low	no	preserved_source_text_not_a_search_identifier	1	NCPPB 3192
NCPPB 3192	R662	R662	isolate_code	isolated_by	3	124	128	comparison_only_no_source_edit	review_required	medium	high	no	identifier_collision	2	NCPPB 3061; NCPPB 3192
NCPPB 3194	J.F. Bradbury B7797	JFBRADBURYB7797	source_reference_raw	isolated_by	1	29	48	comparison_only_no_source_edit	review_required	not_searchable	low	no	preserved_source_text_not_a_search_identifier	1	NCPPB 3194
NCPPB 3194	B7797	B7797	isolate_code	isolated_by	1	43	48	comparison_only_no_source_edit	auto_validated	medium	medium	yes		1	NCPPB 3194
NCPPB 3200	B8059	B8059	donor_reference	donor_reference	1	23	28	comparison_only_no_source_edit	auto_validated	medium	medium	yes		1	NCPPB 3200
NCPPB 3200	J.F. Bradbury	JFBRADBURY	source_reference_raw	isolated_by	2	58	71	comparison_only_no_source_edit	review_required	not_searchable	low	no	preserved_source_text_not_a_search_identifier	1	NCPPB 3200
NCPPB 3204	B8327	B8327	donor_reference	donor_reference	1	23	28	comparison_only_no_source_edit	auto_validated	medium	medium	yes		1	NCPPB 3204
NCPPB 3204	ex R. Billington	EXRBILLINGTON	source_reference_raw	isolated_by	2	58	74	comparison_only_no_source_edit	review_required	not_searchable	low	no	preserved_source_text_not_a_search_identifier	1	NCPPB 3204
NCPPB 3207	J.F. Bradbury B8511	JFBRADBURYB8511	source_reference_raw	isolated_by	1	29	48	comparison_only_no_source_edit	review_required	not_searchable	low	no	preserved_source_text_not_a_search_identifier	1	NCPPB 3207
NCPPB 3207	B8511	B8511	isolate_code	isolated_by	1	43	48	comparison_only_no_source_edit	auto_validated	medium	medium	yes		1	NCPPB 3207
NCPPB 3212	J.F. Bradbury B 8597	JFBRADBURYB8597	source_reference_raw	isolated_by	1	29	49	comparison_only_no_source_edit	review_required	not_searchable	low	no	preserved_source_text_not_a_search_identifier	1	NCPPB 3212
NCPPB 3212	B 8597	B8597	isolate_code	isolated_by	1	43	49	comparison_only_no_source_edit	auto_validated	medium	medium	yes		1	NCPPB 3212
NCPPB 3213	B 8600	B8600	donor_reference	donor_reference	1	23	29	comparison_only_no_source_edit	auto_validated	medium	medium	yes		1	NCPPB 3213
NCPPB 3213	ICMP 8918	ICMP8918	collection_number	collection_list	2	71	80	comparison_only_no_source_edit	auto_validated	strong	low	yes		1	NCPPB 3213
NCPPB 3213	ex B.P. Chakravarti BlP	EXBPCHAKRAVARTIBLP	source_reference_raw	isolated_by	3	110	133	comparison_only_no_source_edit	review_required	not_searchable	low	no	preserved_source_text_not_a_search_identifier	1	NCPPB 3213
NCPPB 3215	B8613	B8613	donor_reference	donor_reference	1	23	28	comparison_only_no_source_edit	auto_validated	medium	medium	yes		1	NCPPB 3215
NCPPB 3215	ex R. Raemakers 4	EXRRAEMAKERS4	source_reference_raw	isolated_by	2	58	75	comparison_only_no_source_edit	review_required	not_searchable	low	no	preserved_source_text_not_a_search_identifier	1	NCPPB 3215
NCPPB 3218	B8718	B8718	donor_reference	donor_reference	1	23	28	comparison_only_no_source_edit	auto_validated	medium	medium	yes		1	NCPPB 3218
NCPPB 3218	C.P. Bennett Y3	CPBENNETTY3	source_reference_raw	isolated_by	2	58	73	comparison_only_no_source_edit	review_required	not_searchable	low	no	preserved_source_text_not_a_search_identifier	1	NCPPB 3218
NCPPB 3218	Y3	Y3	isolate_code	isolated_by	2	71	73	comparison_only_no_source_edit	review_required	weak	medium	no	identifier_too_weak_for_automatic_search	1	NCPPB 3218
NCPPB 3229	Xg 719	XG719	donor_reference	donor_reference	1	23	29	comparison_only_no_source_edit	auto_validated	medium	medium	yes		1	NCPPB 3229
NCPPB 3229	ICMP 7727	ICMP7727	collection_number	collection_list	2	71	80	comparison_only_no_source_edit	auto_validated	strong	low	yes		1	NCPPB 3229
NCPPB 3229	LMG 727	LMG727	collection_number	collection_list	2	82	89	comparison_only_no_source_edit	auto_validated	strong	low	yes		1	NCPPB 3229
NCPPB 3229	CFBP 2056	CFBP2056	collection_number	collection_list	2	91	100	comparison_only_no_source_edit	auto_validated	strong	low	yes		1	NCPPB 3229
NCPPB 3229	ATCC 33803	ATCC33803	collection_number	collection_list	2	102	112	comparison_only_no_source_edit	auto_validated	strong	low	yes		1	NCPPB 3229
NCPPB 3229	ex J. Herzog Xg 102	EXJHERZOGXG102	source_reference_raw	isolated_by	3	142	161	comparison_only_no_source_edit	review_required	not_searchable	low	no	preserved_source_text_not_a_search_identifier	1	NCPPB 3229
NCPPB 3230	724	724	donor_reference	donor_reference	1	23	26	comparison_only_no_source_edit	review_required	weak	medium	no	identifier_too_weak_for_automatic_search	1	NCPPB 3230
NCPPB 3230	ICMP 7726	ICMP7726	collection_number	collection_list	2	68	77	comparison_only_no_source_edit	auto_validated	strong	low	yes		1	NCPPB 3230
NCPPB 3230	LMG 728	LMG728	collection_number	collection_list	2	79	86	comparison_only_no_source_edit	auto_validated	strong	low	yes		1	NCPPB 3230
NCPPB 3230	CFBP 2057	CFBP2057	collection_number	collection_list	2	88	97	comparison_only_no_source_edit	auto_validated	strong	low	yes		1	NCPPB 3230
NCPPB 3230	ATCC 33804	ATCC33804	collection_number	collection_list	2	99	109	comparison_only_no_source_edit	auto_validated	strong	low	yes		1	NCPPB 3230
NCPPB 3230	ex J. Herzog Xg 122	EXJHERZOGXG122	source_reference_raw	isolated_by	3	139	158	comparison_only_no_source_edit	review_required	not_searchable	low	no	preserved_source_text_not_a_search_identifier	1	NCPPB 3230
NCPPB 3231	Xg 729	XG729	donor_reference	donor_reference	1	23	29	comparison_only_no_source_edit	auto_validated	medium	medium	yes		1	NCPPB 3231
NCPPB 3231	ICMP 7725	ICMP7725	collection_number	collection_list	2	71	80	comparison_only_no_source_edit	auto_validated	strong	low	yes		1	NCPPB 3231
NCPPB 3231	LMG 730	LMG730	collection_number	collection_list	2	82	89	comparison_only_no_source_edit	auto_validated	strong	low	yes		1	NCPPB 3231
NCPPB 3231	CFBP 2062	CFBP2062	collection_number	collection_list	2	91	100	comparison_only_no_source_edit	auto_validated	strong	low	yes		1	NCPPB 3231
NCPPB 3231	ATCC 33805	ATCC33805	collection_number	collection_list	2	102	112	comparison_only_no_source_edit	auto_validated	strong	low	yes		1	NCPPB 3231
NCPPB 3231	ex D. Schmidt Xg 135	EXDSCHMIDTXG135	source_reference_raw	isolated_by	3	142	162	comparison_only_no_source_edit	review_required	not_searchable	low	no	preserved_source_text_not_a_search_identifier	1	NCPPB 3231
NCPPB 3232	XC59	XC59	donor_reference	donor_reference	1	23	27	comparison_only_no_source_edit	auto_validated	medium	medium	yes		1	NCPPB 3232
NCPPB 3232	ex V. Rossetti IBSP-164	EXVROSSETTIIBSP164	source_reference_raw	isolated_by	2	57	80	comparison_only_no_source_edit	review_required	not_searchable	low	no	preserved_source_text_not_a_search_identifier	1	NCPPB 3232
NCPPB 3232	IBSP-164	IBSP164	collection_number	isolated_by	2	72	80	comparison_only_no_source_edit	auto_validated	strong	low	yes		1	NCPPB 3232
NCPPB 3233	XC70	XC70	donor_reference	donor_reference	1	23	27	comparison_only_no_source_edit	auto_validated	medium	medium	yes		1	NCPPB 3233
NCPPB 3233	LMG 9181	LMG9181	collection_number	collection_list	2	69	77	comparison_only_no_source_edit	auto_validated	strong	low	yes		1	NCPPB 3233
NCPPB 3233	CIVEROLO XC70	CIVEROLOXC70	collection_candidate	collection_list	2	79	92	comparison_only_no_source_edit	review_required	not_searchable	high	no	unrecognised_or_digit_free_collection_identifier	1	NCPPB 3233
NCPPB 3233	ex V. Rossetti	EXVROSSETTI	source_reference_raw	isolated_by	3	122	136	comparison_only_no_source_edit	review_required	not_searchable	low	no	preserved_source_text_not_a_search_identifier	1	NCPPB 3233
NCPPB 3233	ex J.W. Miller IBSF 512 'C' type 1	EXJWMILLERIBSF512CTYPE1	source_reference_raw	source_of_isolate	4	168	202	comparison_only_no_source_edit	review_required	not_searchable	low	no	preserved_source_text_not_a_search_identifier	1	NCPPB 3233
NCPPB 3233	IBSF 512	IBSF512	isolate_code	source_of_isolate	4	183	191	comparison_only_no_source_edit	auto_validated	medium	medium	yes		1	NCPPB 3233
NCPPB 3234	XC62	XC62	donor_reference	donor_reference	1	23	27	comparison_only_no_source_edit	auto_validated	medium	medium	yes		1	NCPPB 3234
NCPPB 3234	ex M. Koizumi 6501S	EXMKOIZUMI6501S	source_reference_raw	isolated_by	2	57	76	comparison_only_no_source_edit	review_required	not_searchable	low	no	preserved_source_text_not_a_search_identifier	1	NCPPB 3234
NCPPB 3234	6501S	6501S	isolate_code	isolated_by	2	71	76	comparison_only_no_source_edit	auto_validated	medium	medium	yes		1	NCPPB 3234
NCPPB 3235	XC63	XC63	donor_reference	donor_reference	1	23	27	comparison_only_no_source_edit	auto_validated	medium	medium	yes		1	NCPPB 3235
NCPPB 3235	ex M. Koizumi 7801	EXMKOIZUMI7801	source_reference_raw	isolated_by	2	57	75	comparison_only_no_source_edit	review_required	not_searchable	low	no	preserved_source_text_not_a_search_identifier	1	NCPPB 3235
NCPPB 3236	XC64	XC64	donor_reference	donor_reference	1	23	27	comparison_only_no_source_edit	auto_validated	medium	medium	yes		1	NCPPB 3236
NCPPB 3236	ICMP 15806	ICMP15806	collection_number	collection_list	2	69	79	comparison_only_no_source_edit	auto_validated	strong	low	yes		1	NCPPB 3236
NCPPB 3236	LMG 9179	LMG9179	collection_number	collection_list	2	81	89	comparison_only_no_source_edit	auto_validated	strong	low	yes		1	NCPPB 3236
NCPPB 3236	CFBP 2901	CFBP2901	collection_number	collection_list	2	91	100	comparison_only_no_source_edit	auto_validated	strong	low	yes		1	NCPPB 3236
NCPPB 3236	CIVEROLO XC64	CIVEROLOXC64	collection_candidate	collection_list	2	102	115	comparison_only_no_source_edit	review_required	not_searchable	high	no	unrecognised_or_digit_free_collection_identifier	1	NCPPB 3236
NCPPB 3236	ex M. Goto B-4	EXMGOTOB4	source_reference_raw	source_of_isolate	3	147	161	comparison_only_no_source_edit	review_required	not_searchable	low	no	preserved_source_text_not_a_search_identifier	1	NCPPB 3236
NCPPB 3236	B-4	B4	isolate_code	source_of_isolate	3	158	161	comparison_only_no_source_edit	review_required	weak	medium	no	identifier_too_weak_for_automatic_search	1	NCPPB 3236
NCPPB 3237	XC69	XC69	donor_reference	donor_reference	1	23	27	comparison_only_no_source_edit	auto_validated	medium	medium	yes		1	NCPPB 3237
NCPPB 3237	ex J.W. Miller XCll 'B' type 4	EXJWMILLERXCLLBTYPE4	source_reference_raw	source_of_isolate	2	59	89	comparison_only_no_source_edit	review_required	not_searchable	low	no	preserved_source_text_not_a_search_identifier	1	NCPPB 3237
NCPPB 3240	M. Lopez 42-11	MLOPEZ4211	source_reference_raw	isolated_by	1	29	43	comparison_only_no_source_edit	review_required	not_searchable	low	no	preserved_source_text_not_a_search_identifier	1	NCPPB 3240
NCPPB 3241	M. Lopez 67-2a	MLOPEZ672A	source_reference_raw	isolated_by	1	29	43	comparison_only_no_source_edit	review_required	not_searchable	low	no	preserved_source_text_not_a_search_identifier	1	NCPPB 3241
NCPPB 3241	67-2a	672A	isolate_code	isolated_by	1	38	43	comparison_only_no_source_edit	auto_validated	medium	medium	yes		1	NCPPB 3241
NCPPB 3242	J.D. Janse PD28	JDJANSEPD28	source_reference_raw	isolated_by	1	29	44	comparison_only_no_source_edit	review_required	not_searchable	low	no	preserved_source_text_not_a_search_identifier	1	NCPPB 3242
NCPPB 3242	PD28	PD28	collection_number	isolated_by	1	40	44	comparison_only_no_source_edit	auto_validated	strong	low	yes		1	NCPPB 3242
NCPPB 3245	ex S.R. Basnyat;	EXSRBASNYAT	source_reference_raw	isolated_by	1	29	45	comparison_only_no_source_edit	review_required	not_searchable	low	no	preserved_source_text_not_a_search_identifier	1	NCPPB 3245
NCPPB 3245	ex ITCC P32	EXITCCP32	source_reference_raw	source_of_isolate	2	77	88	comparison_only_no_source_edit	review_required	not_searchable	low	no	preserved_source_text_not_a_search_identifier	1	NCPPB 3245
NCPPB 3245	ITCC P32	ITCCP32	collection_number	source_of_isolate	2	80	88	comparison_only_no_source_edit	auto_validated	strong	low	yes		1	NCPPB 3245
NCPPB 3290	M. Pesti 0103	MPESTI0103	source_reference_raw	isolated_by	1	29	42	comparison_only_no_source_edit	review_required	not_searchable	low	no	preserved_source_text_not_a_search_identifier	1	NCPPB 3290
NCPPB 3292	M. Pesti 0105	MPESTI0105	source_reference_raw	isolated_by	1	29	42	comparison_only_no_source_edit	review_required	not_searchable	low	no	preserved_source_text_not_a_search_identifier	1	NCPPB 3292
NCPPB 3301	PX061	PX061	donor_reference	donor_reference	1	23	28	comparison_only_no_source_edit	auto_validated	medium	medium	yes		1	NCPPB 3301
NCPPB 3301	ex T.W. Mew PX061	EXTWMEWPX061	source_reference_raw	source_of_isolate	2	60	77	comparison_only_no_source_edit	review_required	not_searchable	low	no	preserved_source_text_not_a_search_identifier	1	NCPPB 3301
NCPPB 3301	PX061	PX061	isolate_code	source_of_isolate	2	72	77	comparison_only_no_source_edit	auto_validated	medium	medium	yes		1	NCPPB 3301
NCPPB 3303	PX079	PX079	donor_reference	donor_reference	1	23	28	comparison_only_no_source_edit	auto_validated	medium	medium	yes		1	NCPPB 3303
NCPPB 3303	ex T.W. Mew	EXTWMEW	source_reference_raw	source_of_isolate	2	60	71	comparison_only_no_source_edit	review_required	not_searchable	low	no	preserved_source_text_not_a_search_identifier	1	NCPPB 3303
NCPPB 3304	PXO86	PXO86	donor_reference	donor_reference	1	23	28	comparison_only_no_source_edit	auto_validated	medium	medium	yes		1	NCPPB 3304
NCPPB 3304	ex T.W. Mew	EXTWMEW	source_reference_raw	source_of_isolate	2	60	71	comparison_only_no_source_edit	review_required	not_searchable	low	no	preserved_source_text_not_a_search_identifier	1	NCPPB 3304
NCPPB 3311	.		source_reference_raw	source_of_isolate	1	31	32	comparison_only_no_source_edit	review_required	not_searchable	low	no	preserved_source_text_not_a_search_identifier	1	NCPPB 3311
NCPPB 3312	100	100	donor_reference	donor_reference	1	23	26	comparison_only_no_source_edit	review_required	weak	medium	no	identifier_too_weak_for_automatic_search	1	NCPPB 3312
NCPPB 3313	M. Pesti 0102	MPESTI0102	source_reference_raw	isolated_by	1	29	42	comparison_only_no_source_edit	review_required	not_searchable	low	no	preserved_source_text_not_a_search_identifier	1	NCPPB 3313
NCPPB 3314	109	109	donor_reference	donor_reference	1	23	26	comparison_only_no_source_edit	review_required	weak	medium	no	identifier_too_weak_for_automatic_search	1	NCPPB 3314
NCPPB 3315	100	100	donor_reference	donor_reference	1	23	26	comparison_only_no_source_edit	review_required	weak	medium	no	identifier_too_weak_for_automatic_search	1	NCPPB 3315
NCPPB 3329	A2087B	A2087B	donor_reference	donor_reference	1	23	29	comparison_only_no_source_edit	auto_validated	medium	medium	yes		1	NCPPB 3329
NCPPB 3329	ex M. Fenton 3315 lB	EXMFENTON3315LB	source_reference_raw	isolated_by	2	59	79	comparison_only_no_source_edit	review_required	not_searchable	low	no	preserved_source_text_not_a_search_identifier	1	NCPPB 3329
NCPPB 3330	A2087C	A2087C	donor_reference	donor_reference	1	23	29	comparison_only_no_source_edit	auto_validated	medium	medium	yes		1	NCPPB 3330
NCPPB 3330	ex M. Fenton 3315 lC	EXMFENTON3315LC	source_reference_raw	isolated_by	2	59	79	comparison_only_no_source_edit	review_required	not_searchable	low	no	preserved_source_text_not_a_search_identifier	1	NCPPB 3330
NCPPB 3361	OS-901	OS901	donor_reference	donor_reference	1	23	29	comparison_only_no_source_edit	auto_validated	medium	medium	yes		1	NCPPB 3361
NCPPB 3363	OS-14	OS14	donor_reference	donor_reference	1	23	28	comparison_only_no_source_edit	auto_validated	medium	medium	yes		1	NCPPB 3363
NCPPB 3380	D. Stead A2192	DSTEADA2192	source_reference_raw	isolated_by	1	29	43	comparison_only_no_source_edit	review_required	not_searchable	low	no	preserved_source_text_not_a_search_identifier	1	NCPPB 3380
NCPPB 3380	A2192	A2192	isolate_code	isolated_by	1	38	43	comparison_only_no_source_edit	auto_validated	medium	medium	yes		1	NCPPB 3380
NCPPB 3381	J.E. Sellwood A2222	JESELLWOODA2222	source_reference_raw	isolated_by	1	29	48	comparison_only_no_source_edit	review_required	not_searchable	low	no	preserved_source_text_not_a_search_identifier	1	NCPPB 3381
NCPPB 3381	A2222	A2222	isolate_code	isolated_by	1	43	48	comparison_only_no_source_edit	auto_validated	medium	medium	yes		1	NCPPB 3381
NCPPB 3382	J.E. Sellwood A2184	JESELLWOODA2184	source_reference_raw	isolated_by	1	29	48	comparison_only_no_source_edit	review_required	not_searchable	low	no	preserved_source_text_not_a_search_identifier	1	NCPPB 3382
NCPPB 3382	A2184	A2184	isolate_code	isolated_by	1	43	48	comparison_only_no_source_edit	auto_validated	medium	medium	yes		1	NCPPB 3382
NCPPB 3426	ex M. de Kam 90	EXMDEKAM90	source_reference_raw	source_of_isolate	1	31	46	comparison_only_no_source_edit	review_required	not_searchable	low	no	preserved_source_text_not_a_search_identifier	1	NCPPB 3426
NCPPB 3434	ICMP 8682	ICMP8682	collection_number	collection_list	1	41	50	comparison_only_no_source_edit	auto_validated	strong	low	yes		1	NCPPB 3434
NCPPB 3434	LMG 8670	LMG8670	collection_number	collection_list	1	52	60	comparison_only_no_source_edit	auto_validated	strong	low	yes		1	NCPPB 3434
NCPPB 3434	NETO 68	NETO68	collection_candidate	collection_list	1	62	69	comparison_only_no_source_edit	review_required	not_searchable	high	no	unrecognised_or_digit_free_collection_identifier	1	NCPPB 3434
NCPPB 3434	J.R. Neto IBSBF 68	JRNETOIBSBF68	source_reference_raw	isolated_by	2	99	117	comparison_only_no_source_edit	review_required	not_searchable	low	no	preserved_source_text_not_a_search_identifier	1	NCPPB 3434
NCPPB 3434	IBSBF 68	IBSBF68	collection_number	isolated_by	2	109	117	comparison_only_no_source_edit	auto_validated	strong	low	yes		1	NCPPB 3434
NCPPB 3435	ICMP 8688	ICMP8688	collection_number	collection_list	1	41	50	comparison_only_no_source_edit	auto_validated	strong	low	yes		1	NCPPB 3435
NCPPB 3435	LMG 8673	LMG8673	collection_number	collection_list	1	52	60	comparison_only_no_source_edit	auto_validated	strong	low	yes		1	NCPPB 3435
NCPPB 3435	NETO 250	NETO250	collection_candidate	collection_list	1	62	70	comparison_only_no_source_edit	review_required	not_searchable	high	no	unrecognised_or_digit_free_collection_identifier	1	NCPPB 3435
NCPPB 3435	J.R. Neto IBSBF 250	JRNETOIBSBF250	source_reference_raw	isolated_by	2	100	119	comparison_only_no_source_edit	review_required	not_searchable	low	no	preserved_source_text_not_a_search_identifier	1	NCPPB 3435
NCPPB 3435	IBSBF 250	IBSBF250	collection_number	isolated_by	2	110	119	comparison_only_no_source_edit	auto_validated	strong	low	yes		1	NCPPB 3435
NCPPB 3437	ICMP 8046	ICMP8046	collection_number	collection_list	1	41	50	comparison_only_no_source_edit	auto_validated	strong	low	yes		1	NCPPB 3437
NCPPB 3438	ICMP 8045	ICMP8045	collection_number	collection_list	1	41	50	comparison_only_no_source_edit	auto_validated	strong	low	yes		1	NCPPB 3438
NCPPB 3438	J.R. Neto IBSBF 444	JRNETOIBSBF444	source_reference_raw	isolated_by	2	80	99	comparison_only_no_source_edit	review_required	not_searchable	low	no	preserved_source_text_not_a_search_identifier	1	NCPPB 3438
NCPPB 3438	IBSBF 444	IBSBF444	collection_number	isolated_by	2	90	99	comparison_only_no_source_edit	auto_validated	strong	low	yes		1	NCPPB 3438
NCPPB 3440	IBSBF 368	IBSBF368	collection_number	donor_reference	1	23	32	comparison_only_no_source_edit	auto_validated	strong	low	yes		1	NCPPB 3440
NCPPB 3440	ICMP 7499	ICMP7499	collection_number	collection_list	2	74	83	comparison_only_no_source_edit	auto_validated	strong	low	yes		1	NCPPB 3440
NCPPB 3440	ex A. Takatsu UnB 46	EXATAKATSUUNB46	source_reference_raw	isolated_by	3	113	133	comparison_only_no_source_edit	review_required	not_searchable	low	no	preserved_source_text_not_a_search_identifier	1	NCPPB 3440
NCPPB 3441	J.R. Neto IBSBF 511	JRNETOIBSBF511	source_reference_raw	isolated_by	1	29	48	comparison_only_no_source_edit	review_required	not_searchable	low	no	preserved_source_text_not_a_search_identifier	1	NCPPB 3441
NCPPB 3441	IBSBF 511	IBSBF511	collection_number	isolated_by	1	39	48	comparison_only_no_source_edit	auto_validated	strong	low	yes		1	NCPPB 3441
NCPPB 3442	IBSBF 506	IBSBF506	collection_number	donor_reference	1	23	32	comparison_only_no_source_edit	auto_validated	strong	low	yes		1	NCPPB 3442
NCPPB 3442	ICMP 8925	ICMP8925	collection_number	collection_list	2	74	83	comparison_only_no_source_edit	auto_validated	strong	low	yes		1	NCPPB 3442
NCPPB 3442	ex C.F. Robbs ENA 3123	EXCFROBBSENA3123	source_reference_raw	isolated_by	3	113	135	comparison_only_no_source_edit	review_required	not_searchable	low	no	preserved_source_text_not_a_search_identifier	1	NCPPB 3442
NCPPB 3442	ENA 3123	ENA3123	isolate_code	isolated_by	3	127	135	comparison_only_no_source_edit	auto_validated	medium	medium	yes		1	NCPPB 3442
NCPPB 3443	IBSBF 505	IBSBF505	collection_number	donor_reference	1	23	32	comparison_only_no_source_edit	auto_validated	strong	low	yes		1	NCPPB 3443
NCPPB 3443	ex C.F. Robbs ENA 3045	EXCFROBBSENA3045	source_reference_raw	isolated_by	2	62	84	comparison_only_no_source_edit	review_required	not_searchable	low	no	preserved_source_text_not_a_search_identifier	1	NCPPB 3443
NCPPB 3443	ENA 3045	ENA3045	isolate_code	isolated_by	2	76	84	comparison_only_no_source_edit	auto_validated	medium	medium	yes		1	NCPPB 3443
NCPPB 3456	J. Nemeth M192;	JNEMETHM192	source_reference_raw	isolated_by	1	29	44	comparison_only_no_source_edit	review_required	not_searchable	low	no	preserved_source_text_not_a_search_identifier	1	NCPPB 3456
NCPPB 3456	M192	M192	isolate_code	isolated_by	1	39	43	comparison_only_no_source_edit	auto_validated	medium	medium	yes		1	NCPPB 3456
NCPPB 3457	J. Nemeth M21	JNEMETHM21	source_reference_raw	isolated_by	1	29	42	comparison_only_no_source_edit	review_required	not_searchable	low	no	preserved_source_text_not_a_search_identifier	1	NCPPB 3457
NCPPB 3457	M21	M21	isolate_code	isolated_by	1	39	42	comparison_only_no_source_edit	review_required	weak	medium	no	identifier_too_weak_for_automatic_search	1	NCPPB 3457
NCPPB 3479	D.L. Tomlinson PNG11779	DLTOMLINSONPNG11779	source_reference_raw	isolated_by	1	29	52	comparison_only_no_source_edit	review_required	not_searchable	low	no	preserved_source_text_not_a_search_identifier	1	NCPPB 3479
NCPPB 3479	PNG11779	PNG11779	isolate_code	isolated_by	1	44	52	comparison_only_no_source_edit	auto_validated	medium	medium	yes		1	NCPPB 3479
NCPPB 3484	M. Cugnsi 2	MCUGNSI2	source_reference_raw	isolated_by	1	29	40	comparison_only_no_source_edit	review_required	not_searchable	low	no	preserved_source_text_not_a_search_identifier	1	NCPPB 3484
NCPPB 3559	507	507	donor_reference	donor_reference	1	23	26	comparison_only_no_source_edit	review_required	weak	medium	no	identifier_too_weak_for_automatic_search	1	NCPPB 3559
NCPPB 3560	IBSBF 575	IBSBF575	collection_number	donor_reference	1	23	32	comparison_only_no_source_edit	auto_validated	strong	low	yes		1	NCPPB 3560
NCPPB 3560	ICMP 9261	ICMP9261	collection_number	collection_list	2	74	83	comparison_only_no_source_edit	review_required	strong	high	no	identifier_collision	2	NCPPB 3560; NCPPB 4351
NCPPB 3561	IBSBF 576	IBSBF576	collection_number	donor_reference	1	23	32	comparison_only_no_source_edit	auto_validated	strong	low	yes		1	NCPPB 3561
NCPPB 3562	Ramesh Chand IIH-Xcc5	RAMESHCHANDIIHXCC5	source_reference_raw	isolated_by	1	29	50	comparison_only_no_source_edit	review_required	not_searchable	low	no	preserved_source_text_not_a_search_identifier	1	NCPPB 3562
NCPPB 3562	IIH-Xcc5	IIHXCC5	isolate_code	isolated_by	1	42	50	comparison_only_no_source_edit	auto_validated	medium	medium	yes		1	NCPPB 3562
NCPPB 3563	Ramesh Chand IIH-Xcp1	RAMESHCHANDIIHXCP1	source_reference_raw	isolated_by	1	29	50	comparison_only_no_source_edit	review_required	not_searchable	low	no	preserved_source_text_not_a_search_identifier	1	NCPPB 3563
NCPPB 3563	IIH-Xcp1	IIHXCP1	isolate_code	isolated_by	1	42	50	comparison_only_no_source_edit	auto_validated	medium	medium	yes		1	NCPPB 3563
NCPPB 3566	IIHXCCRI	IIHXCCRI	donor_reference	donor_reference	1	23	31	comparison_only_no_source_edit	review_required	medium	high	no	digit_free_donor_reference_requires_review_before_search	1	NCPPB 3566
NCPPB 3567	IIHXCCL	IIHXCCL	donor_reference	donor_reference	1	23	30	comparison_only_no_source_edit	review_required	medium	high	no	digit_free_donor_reference_requires_review_before_search	1	NCPPB 3567
NCPPB 3568	IIHXCCCN	IIHXCCCN	donor_reference	donor_reference	1	23	31	comparison_only_no_source_edit	review_required	medium	high	no	digit_free_donor_reference_requires_review_before_search	1	NCPPB 3568
NCPPB 3569	1	1	donor_reference	donor_reference	1	23	24	comparison_only_no_source_edit	review_required	weak	medium	no	identifier_too_weak_for_automatic_search	1	NCPPB 3569
NCPPB 3570	2	2	donor_reference	donor_reference	1	23	24	comparison_only_no_source_edit	review_required	weak	medium	no	identifier_too_weak_for_automatic_search	1	NCPPB 3570
NCPPB 3573	X2G2	X2G2	donor_reference	donor_reference	1	23	27	comparison_only_no_source_edit	auto_validated	medium	medium	yes		1	NCPPB 3573
NCPPB 3582	A.R. Chase X144	ARCHASEX144	source_reference_raw	isolated_by	1	29	44	comparison_only_no_source_edit	review_required	not_searchable	low	no	preserved_source_text_not_a_search_identifier	1	NCPPB 3582
NCPPB 3582	X144	X144	isolate_code	isolated_by	1	40	44	comparison_only_no_source_edit	auto_validated	medium	medium	yes		1	NCPPB 3582
NCPPB 3583	A R. Chase X 154	ARCHASEX154	source_reference_raw	isolated_by	1	29	45	comparison_only_no_source_edit	review_required	not_searchable	low	no	preserved_source_text_not_a_search_identifier	1	NCPPB 3583
NCPPB 3583	X 154	X154	isolate_code	isolated_by	1	40	45	comparison_only_no_source_edit	auto_validated	medium	medium	yes		1	NCPPB 3583
NCPPB 3586	CVCPB 1806	CVCPB1806	collection_candidate	collection_list	1	41	51	comparison_only_no_source_edit	review_required	not_searchable	high	no	unrecognised_or_digit_free_collection_identifier	1	NCPPB 3586
NCPPB 3586	ICMP 9154	ICMP9154	collection_number	collection_list	1	53	62	comparison_only_no_source_edit	auto_validated	strong	low	yes		1	NCPPB 3586
NCPPB 3586	LMG 9055	LMG9055	collection_number	collection_list	1	64	72	comparison_only_no_source_edit	auto_validated	strong	low	yes		1	NCPPB 3586
NCPPB 3586	C.H. Zumoff L-212	CHZUMOFFL212	source_reference_raw	isolated_by	2	102	119	comparison_only_no_source_edit	review_required	not_searchable	low	no	preserved_source_text_not_a_search_identifier	1	NCPPB 3586
NCPPB 3586	L-212	L212	isolate_code	isolated_by	2	114	119	comparison_only_no_source_edit	auto_validated	medium	medium	yes		1	NCPPB 3586
NCPPB 3587	CVCPB 1696	CVCPB1696	collection_candidate	collection_list	1	41	51	comparison_only_no_source_edit	review_required	not_searchable	high	no	unrecognised_or_digit_free_collection_identifier	1	NCPPB 3587
NCPPB 3587	C H. Zumoff LX105	CHZUMOFFLX105	source_reference_raw	isolated_by	2	81	98	comparison_only_no_source_edit	review_required	not_searchable	low	no	preserved_source_text_not_a_search_identifier	1	NCPPB 3587
NCPPB 3587	LX105	LX105	isolate_code	isolated_by	2	93	98	comparison_only_no_source_edit	auto_validated	medium	medium	yes		1	NCPPB 3587
NCPPB 3588	X24	X24	donor_reference	donor_reference	1	23	26	comparison_only_no_source_edit	review_required	weak	medium	no	identifier_too_weak_for_automatic_search	1	NCPPB 3588
NCPPB 3588	ex D.D. Brunk PDD-659-82	EXDDBRUNKPDD65982	source_reference_raw	isolated_by	2	56	80	comparison_only_no_source_edit	review_required	not_searchable	low	no	preserved_source_text_not_a_search_identifier	1	NCPPB 3588
NCPPB 3588	PDD-659-82	PDD65982	collection_number	isolated_by	2	70	80	comparison_only_no_source_edit	auto_validated	strong	low	yes		1	NCPPB 3588
NCPPB 3589	X37	X37	donor_reference	donor_reference	1	23	26	comparison_only_no_source_edit	review_required	weak	medium	no	identifier_too_weak_for_automatic_search	1	NCPPB 3589
NCPPB 3589	ex J.W. Miller	EXJWMILLER	source_reference_raw	isolated_by	2	56	70	comparison_only_no_source_edit	review_required	not_searchable	low	no	preserved_source_text_not_a_search_identifier	1	NCPPB 3589
NCPPB 3592	A4102a	A4102A	donor_reference	donor_reference	1	23	29	comparison_only_no_source_edit	auto_validated	medium	medium	yes		1	NCPPB 3592
NCPPB 3592	ex J. Cooper 2132A	EXJCOOPER2132A	source_reference_raw	source_of_isolate	2	61	79	comparison_only_no_source_edit	review_required	not_searchable	low	no	preserved_source_text_not_a_search_identifier	1	NCPPB 3592
NCPPB 3592	2132A	2132A	isolate_code	source_of_isolate	2	74	79	comparison_only_no_source_edit	auto_validated	medium	medium	yes		1	NCPPB 3592
NCPPB 3593	A4102b	A4102B	donor_reference	donor_reference	1	23	29	comparison_only_no_source_edit	auto_validated	medium	medium	yes		1	NCPPB 3593
NCPPB 3593	ex J. Cooper 2132B	EXJCOOPER2132B	source_reference_raw	source_of_isolate	2	61	79	comparison_only_no_source_edit	review_required	not_searchable	low	no	preserved_source_text_not_a_search_identifier	1	NCPPB 3593
NCPPB 3593	2132B	2132B	isolate_code	source_of_isolate	2	74	79	comparison_only_no_source_edit	auto_validated	medium	medium	yes		1	NCPPB 3593
NCPPB 3595	R. Kishun 11H XCP1	RKISHUN11HXCP1	source_reference_raw	isolated_by	1	29	47	comparison_only_no_source_edit	review_required	not_searchable	low	no	preserved_source_text_not_a_search_identifier	1	NCPPB 3595
NCPPB 3595	11H	11H	isolate_code	isolated_by	1	39	42	comparison_only_no_source_edit	review_required	weak	medium	no	identifier_too_weak_for_automatic_search	1	NCPPB 3595
NCPPB 3595	XCP1	XCP1	isolate_code	isolated_by	1	43	47	comparison_only_no_source_edit	auto_validated	medium	medium	yes		1	NCPPB 3595
NCPPB 3596	R. Kishun 11HXCM1	RKISHUN11HXCM1	source_reference_raw	isolated_by	1	29	46	comparison_only_no_source_edit	review_required	not_searchable	low	no	preserved_source_text_not_a_search_identifier	1	NCPPB 3596
NCPPB 3596	11HXCM1	11HXCM1	isolate_code	isolated_by	1	39	46	comparison_only_no_source_edit	auto_validated	medium	medium	yes		1	NCPPB 3596
NCPPB 3607	R. Chand IIH XCCI	RCHANDIIHXCCI	source_reference_raw	isolated_by	1	29	46	comparison_only_no_source_edit	review_required	not_searchable	low	no	preserved_source_text_not_a_search_identifier	1	NCPPB 3607
NCPPB 3608	R. Chand IIHXCC2	RCHANDIIHXCC2	source_reference_raw	isolated_by	1	29	45	comparison_only_no_source_edit	review_required	not_searchable	low	no	preserved_source_text_not_a_search_identifier	1	NCPPB 3608
NCPPB 3608	IIHXCC2	IIHXCC2	isolate_code	isolated_by	1	38	45	comparison_only_no_source_edit	auto_validated	medium	medium	yes		1	NCPPB 3608
NCPPB 3609	R. Chand IIHXCC4	RCHANDIIHXCC4	source_reference_raw	isolated_by	1	29	45	comparison_only_no_source_edit	review_required	not_searchable	low	no	preserved_source_text_not_a_search_identifier	1	NCPPB 3609
NCPPB 3609	IIHXCC4	IIHXCC4	isolate_code	isolated_by	1	38	45	comparison_only_no_source_edit	auto_validated	medium	medium	yes		1	NCPPB 3609
NCPPB 3611	R. Chand IIH Xcgla	RCHANDIIHXCGLA	source_reference_raw	isolated_by	1	29	47	comparison_only_no_source_edit	review_required	not_searchable	low	no	preserved_source_text_not_a_search_identifier	1	NCPPB 3611
NCPPB 3612	IIH XCC7	IIHXCC7	donor_reference	donor_reference	1	23	31	comparison_only_no_source_edit	auto_validated	medium	medium	yes		1	NCPPB 3612
NCPPB 3614	11H XCVe1	11HXCVE1	donor_reference	donor_reference	1	23	32	comparison_only_no_source_edit	auto_validated	medium	medium	yes		1	NCPPB 3614
NCPPB 3615	11H XCC3	11HXCC3	donor_reference	donor_reference	1	23	31	comparison_only_no_source_edit	auto_validated	medium	medium	yes		1	NCPPB 3615
NCPPB 3638	RCIIHXCP1	RCIIHXCP1	donor_reference	donor_reference	1	23	32	comparison_only_no_source_edit	auto_validated	medium	medium	yes		1	NCPPB 3638
NCPPB 3638	R. Chand	RCHAND	source_reference_raw	isolated_by	2	62	70	comparison_only_no_source_edit	review_required	not_searchable	low	no	preserved_source_text_not_a_search_identifier	1	NCPPB 3638
NCPPB 3639	RCIIHXCP2	RCIIHXCP2	donor_reference	donor_reference	1	23	32	comparison_only_no_source_edit	auto_validated	medium	medium	yes		1	NCPPB 3639
NCPPB 3639	R. Chand	RCHAND	source_reference_raw	isolated_by	2	62	70	comparison_only_no_source_edit	review_required	not_searchable	low	no	preserved_source_text_not_a_search_identifier	1	NCPPB 3639
NCPPB 3640	XCP3	XCP3	donor_reference	donor_reference	1	23	27	comparison_only_no_source_edit	auto_validated	medium	medium	yes		1	NCPPB 3640
NCPPB 3640	R. Chand	RCHAND	source_reference_raw	isolated_by	2	57	65	comparison_only_no_source_edit	review_required	not_searchable	low	no	preserved_source_text_not_a_search_identifier	1	NCPPB 3640
NCPPB 3641	XCP4	XCP4	donor_reference	donor_reference	1	23	27	comparison_only_no_source_edit	auto_validated	medium	medium	yes		1	NCPPB 3641
NCPPB 3641	R. Chand	RCHAND	source_reference_raw	isolated_by	2	57	65	comparison_only_no_source_edit	review_required	not_searchable	low	no	preserved_source_text_not_a_search_identifier	1	NCPPB 3641
NCPPB 3642	IIHXCg3	IIHXCG3	donor_reference	donor_reference	1	23	30	comparison_only_no_source_edit	auto_validated	medium	medium	yes		1	NCPPB 3642
NCPPB 3642	R. Chand	RCHAND	source_reference_raw	isolated_by	2	60	68	comparison_only_no_source_edit	review_required	not_searchable	low	no	preserved_source_text_not_a_search_identifier	1	NCPPB 3642
NCPPB 3646	ISBF 272	ISBF272	donor_reference	donor_reference	1	23	31	comparison_only_no_source_edit	auto_validated	medium	medium	yes		1	NCPPB 3646
NCPPB 3646	ex O. Kimura ex J.C. Lozano CIAT 1164	EXOKIMURAEXJCLOZANOCIAT1164	source_reference_raw	source_of_isolate	2	63	100	comparison_only_no_source_edit	review_required	not_searchable	low	no	preserved_source_text_not_a_search_identifier	1	NCPPB 3646
NCPPB 3646	CIAT 1164	CIAT1164	isolate_code	source_of_isolate	2	91	100	comparison_only_no_source_edit	auto_validated	medium	medium	yes		1	NCPPB 3646
NCPPB 3647	ISBF 273	ISBF273	donor_reference	donor_reference	1	23	31	comparison_only_no_source_edit	auto_validated	medium	medium	yes		1	NCPPB 3647
NCPPB 3647	ex O. Kimura ex J.C. Lozano CIAT 1195	EXOKIMURAEXJCLOZANOCIAT1195	source_reference_raw	source_of_isolate	2	63	100	comparison_only_no_source_edit	review_required	not_searchable	low	no	preserved_source_text_not_a_search_identifier	1	NCPPB 3647
NCPPB 3647	CIAT 1195	CIAT1195	isolate_code	source_of_isolate	2	91	100	comparison_only_no_source_edit	auto_validated	medium	medium	yes		1	NCPPB 3647
NCPPB 3651	ISBF 366	ISBF366	donor_reference	donor_reference	1	23	31	comparison_only_no_source_edit	auto_validated	medium	medium	yes		1	NCPPB 3651
NCPPB 3651	ICMP 7497	ICMP7497	collection_number	collection_list	2	73	82	comparison_only_no_source_edit	auto_validated	strong	low	yes		1	NCPPB 3651
NCPPB 3651	ex A. Takatsu UnB-45	EXATAKATSUUNB45	source_reference_raw	source_of_isolate	3	114	134	comparison_only_no_source_edit	review_required	not_searchable	low	no	preserved_source_text_not_a_search_identifier	1	NCPPB 3651
NCPPB 3651	UnB-45	UNB45	isolate_code	source_of_isolate	3	128	134	comparison_only_no_source_edit	auto_validated	medium	medium	yes		1	NCPPB 3651
NCPPB 3652	ISBF 367	ISBF367	donor_reference	donor_reference	1	23	31	comparison_only_no_source_edit	auto_validated	medium	medium	yes		1	NCPPB 3652
NCPPB 3652	ICMP 7498	ICMP7498	collection_number	collection_list	2	73	82	comparison_only_no_source_edit	auto_validated	strong	low	yes		1	NCPPB 3652
NCPPB 3652	ex A. Takatsu UnB-47	EXATAKATSUUNB47	source_reference_raw	source_of_isolate	3	114	134	comparison_only_no_source_edit	review_required	not_searchable	low	no	preserved_source_text_not_a_search_identifier	1	NCPPB 3652
NCPPB 3652	UnB-47	UNB47	isolate_code	source_of_isolate	3	128	134	comparison_only_no_source_edit	auto_validated	medium	medium	yes		1	NCPPB 3652
NCPPB 3653	ISBF 353	ISBF353	donor_reference	donor_reference	1	23	31	comparison_only_no_source_edit	auto_validated	medium	medium	yes		1	NCPPB 3653
NCPPB 3654	ISBF 380	ISBF380	donor_reference	donor_reference	1	23	31	comparison_only_no_source_edit	auto_validated	medium	medium	yes		1	NCPPB 3654
NCPPB 3655	ISBF 381	ISBF381	donor_reference	donor_reference	1	23	31	comparison_only_no_source_edit	auto_validated	medium	medium	yes		1	NCPPB 3655
NCPPB 3655	ICMP 8432	ICMP8432	collection_number	collection_list	2	73	82	comparison_only_no_source_edit	auto_validated	strong	low	yes		1	NCPPB 3655
NCPPB 3656	ISBF 255	ISBF255	donor_reference	donor_reference	1	23	31	comparison_only_no_source_edit	auto_validated	medium	medium	yes		1	NCPPB 3656
NCPPB 3656	ex M.H. Sugimori Fito CIA 2836	EXMHSUGIMORIFITOCIA2836	source_reference_raw	source_of_isolate	2	63	93	comparison_only_no_source_edit	review_required	not_searchable	low	no	preserved_source_text_not_a_search_identifier	1	NCPPB 3656
NCPPB 3656	CIA 2836	CIA2836	isolate_code	source_of_isolate	2	85	93	comparison_only_no_source_edit	auto_validated	medium	medium	yes		1	NCPPB 3656
NCPPB 3657	ISBF 269	ISBF269	donor_reference	donor_reference	1	23	31	comparison_only_no_source_edit	auto_validated	medium	medium	yes		1	NCPPB 3657
NCPPB 3658	ISBF 327	ISBF327	donor_reference	donor_reference	1	23	31	comparison_only_no_source_edit	auto_validated	medium	medium	yes		1	NCPPB 3658
NCPPB 3658	CFBP 7119	CFBP7119	collection_number	collection_list	2	73	82	comparison_only_no_source_edit	auto_validated	strong	low	yes		1	NCPPB 3658
NCPPB 3659	ISBF 333	ISBF333	donor_reference	donor_reference	1	23	31	comparison_only_no_source_edit	auto_validated	medium	medium	yes		1	NCPPB 3659
NCPPB 3660	ISBF 253	ISBF253	donor_reference	donor_reference	1	23	31	comparison_only_no_source_edit	auto_validated	medium	medium	yes		1	NCPPB 3660
NCPPB 3661	ISBF 443	ISBF443	donor_reference	donor_reference	1	23	31	comparison_only_no_source_edit	auto_validated	medium	medium	yes		1	NCPPB 3661
NCPPB 3662	ISBF 159	ISBF159	donor_reference	donor_reference	1	23	31	comparison_only_no_source_edit	auto_validated	medium	medium	yes		1	NCPPB 3662
NCPPB 3662	ICMP 7462	ICMP7462	collection_number	collection_list	2	73	82	comparison_only_no_source_edit	auto_validated	strong	low	yes		1	NCPPB 3662
NCPPB 3663	ISBF 473	ISBF473	donor_reference	donor_reference	1	23	31	comparison_only_no_source_edit	auto_validated	medium	medium	yes		1	NCPPB 3663
NCPPB 3705	A. Sletten 80-27	ASLETTEN8027	source_reference_raw	isolated_by	1	29	45	comparison_only_no_source_edit	review_required	not_searchable	low	no	preserved_source_text_not_a_search_identifier	1	NCPPB 3705
NCPPB 3706	A. Sletten 85-37	ASLETTEN8537	source_reference_raw	isolated_by	1	29	45	comparison_only_no_source_edit	review_required	not_searchable	low	no	preserved_source_text_not_a_search_identifier	1	NCPPB 3706
NCPPB 3709	A. Sletten 78-37	ASLETTEN7837	source_reference_raw	isolated_by	1	29	45	comparison_only_no_source_edit	review_required	not_searchable	low	no	preserved_source_text_not_a_search_identifier	1	NCPPB 3709
NCPPB 3711	A. Sletten 78-41	ASLETTEN7841	source_reference_raw	isolated_by	1	29	45	comparison_only_no_source_edit	review_required	not_searchable	low	no	preserved_source_text_not_a_search_identifier	1	NCPPB 3711
NCPPB 3712	A. Sletten 78-44	ASLETTEN7844	source_reference_raw	isolated_by	1	29	45	comparison_only_no_source_edit	review_required	not_searchable	low	no	preserved_source_text_not_a_search_identifier	1	NCPPB 3712
NCPPB 3713	A. Sletten 78-46	ASLETTEN7846	source_reference_raw	isolated_by	1	29	45	comparison_only_no_source_edit	review_required	not_searchable	low	no	preserved_source_text_not_a_search_identifier	1	NCPPB 3713
NCPPB 3714	A. Sletten 78-47	ASLETTEN7847	source_reference_raw	isolated_by	1	29	45	comparison_only_no_source_edit	review_required	not_searchable	low	no	preserved_source_text_not_a_search_identifier	1	NCPPB 3714
NCPPB 3716	A. Sletten 80-9	ASLETTEN809	source_reference_raw	isolated_by	1	29	44	comparison_only_no_source_edit	review_required	not_searchable	low	no	preserved_source_text_not_a_search_identifier	1	NCPPB 3716
NCPPB 3717	A. Sletten 80-10	ASLETTEN8010	source_reference_raw	isolated_by	1	29	45	comparison_only_no_source_edit	review_required	not_searchable	low	no	preserved_source_text_not_a_search_identifier	1	NCPPB 3717
NCPPB 3718	A. Sletten 80-18	ASLETTEN8018	source_reference_raw	isolated_by	1	29	45	comparison_only_no_source_edit	review_required	not_searchable	low	no	preserved_source_text_not_a_search_identifier	1	NCPPB 3718
NCPPB 3719	A. Sletten 80-23	ASLETTEN8023	source_reference_raw	isolated_by	1	29	45	comparison_only_no_source_edit	review_required	not_searchable	low	no	preserved_source_text_not_a_search_identifier	1	NCPPB 3719
NCPPB 3720	A. Sletten 87-16	ASLETTEN8716	source_reference_raw	isolated_by	1	29	45	comparison_only_no_source_edit	review_required	not_searchable	low	no	preserved_source_text_not_a_search_identifier	1	NCPPB 3720
NCPPB 3722	A. Sletten 84-20	ASLETTEN8420	source_reference_raw	isolated_by	1	29	45	comparison_only_no_source_edit	review_required	not_searchable	low	no	preserved_source_text_not_a_search_identifier	1	NCPPB 3722
NCPPB 3742	IBSBF 392	IBSBF392	collection_number	donor_reference	1	23	32	comparison_only_no_source_edit	auto_validated	strong	low	yes		1	NCPPB 3742
NCPPB 3742	ex D. Zagoty XC-8	EXDZAGOTYXC8	source_reference_raw	source_of_isolate	2	64	81	comparison_only_no_source_edit	review_required	not_searchable	low	no	preserved_source_text_not_a_search_identifier	1	NCPPB 3742
NCPPB 3742	XC-8	XC8	isolate_code	source_of_isolate	2	77	81	comparison_only_no_source_edit	review_required	weak	medium	no	identifier_too_weak_for_automatic_search	1	NCPPB 3742
NCPPB 3743	J.R. Neto IBSBF 90	JRNETOIBSBF90	source_reference_raw	isolated_by	1	29	47	comparison_only_no_source_edit	review_required	not_searchable	low	no	preserved_source_text_not_a_search_identifier	1	NCPPB 3743
NCPPB 3743	IBSBF 90	IBSBF90	collection_number	isolated_by	1	39	47	comparison_only_no_source_edit	auto_validated	strong	low	yes		1	NCPPB 3743
NCPPB 3744	ICMP 7492	ICMP7492	collection_number	collection_list	1	41	50	comparison_only_no_source_edit	auto_validated	strong	low	yes		1	NCPPB 3744
NCPPB 3744	J.R. Neto IBSBF 341	JRNETOIBSBF341	source_reference_raw	isolated_by	2	80	99	comparison_only_no_source_edit	review_required	not_searchable	low	no	preserved_source_text_not_a_search_identifier	1	NCPPB 3744
NCPPB 3744	IBSBF 341	IBSBF341	collection_number	isolated_by	2	90	99	comparison_only_no_source_edit	auto_validated	strong	low	yes		1	NCPPB 3744
NCPPB 3753	ICMP 9854	ICMP9854	collection_number	collection_list	1	41	50	comparison_only_no_source_edit	auto_validated	strong	low	yes		1	NCPPB 3753
NCPPB 3753	Y. Takiwawa XCN 8201 (546)	YTAKIWAWAXCN8201546	source_reference_raw	isolated_by	2	80	106	comparison_only_no_source_edit	review_required	not_searchable	low	no	preserved_source_text_not_a_search_identifier	1	NCPPB 3753
NCPPB 3753	XCN 8201	XCN8201	isolate_code	isolated_by	2	92	100	comparison_only_no_source_edit	auto_validated	medium	medium	yes		1	NCPPB 3753
NCPPB 3754	ICMP 9857	ICMP9857	collection_number	collection_list	1	41	50	comparison_only_no_source_edit	auto_validated	strong	low	yes		1	NCPPB 3754
NCPPB 3754	Y. Takiwawa XCN 8203 (548)	YTAKIWAWAXCN8203548	source_reference_raw	isolated_by	2	80	106	comparison_only_no_source_edit	review_required	not_searchable	low	no	preserved_source_text_not_a_search_identifier	1	NCPPB 3754
NCPPB 3754	XCN 8203	XCN8203	isolate_code	isolated_by	2	92	100	comparison_only_no_source_edit	auto_validated	medium	medium	yes		1	NCPPB 3754
NCPPB 3758	IBSBF 771	IBSBF771	collection_number	donor_reference	1	23	32	comparison_only_no_source_edit	auto_validated	strong	low	yes		1	NCPPB 3758
NCPPB 3758	ex I.M.G. Almeida	EXIMGALMEIDA	source_reference_raw	source_of_isolate	2	64	81	comparison_only_no_source_edit	review_required	not_searchable	low	no	preserved_source_text_not_a_search_identifier	1	NCPPB 3758
NCPPB 3759	ICMP 12547	ICMP12547	collection_number	collection_list	1	41	51	comparison_only_no_source_edit	auto_validated	strong	low	yes		1	NCPPB 3759
NCPPB 3759	R. Chand 1	RCHAND1	source_reference_raw	isolated_by	2	81	91	comparison_only_no_source_edit	review_required	not_searchable	low	no	preserved_source_text_not_a_search_identifier	1	NCPPB 3759
NCPPB 3761	R. Chand 4	RCHAND4	source_reference_raw	isolated_by	1	29	39	comparison_only_no_source_edit	review_required	not_searchable	low	no	preserved_source_text_not_a_search_identifier	1	NCPPB 3761
NCPPB 3776	D.E. Stead	DESTEAD	source_reference_raw	isolated_by	1	29	39	comparison_only_no_source_edit	review_required	not_searchable	low	no	preserved_source_text_not_a_search_identifier	1	NCPPB 3776
NCPPB 3786	9	9	donor_reference	donor_reference	1	23	24	comparison_only_no_source_edit	review_required	weak	medium	no	identifier_too_weak_for_automatic_search	1	NCPPB 3786
NCPPB 3786	ex K.I. Beltyukova 9	EXKIBELTYUKOVA9	source_reference_raw	isolated_by	2	54	74	comparison_only_no_source_edit	review_required	not_searchable	low	no	preserved_source_text_not_a_search_identifier	1	NCPPB 3786
NCPPB 3795	ICMP 11060	ICMP11060	collection_number	collection_list	1	41	51	comparison_only_no_source_edit	auto_validated	strong	low	yes		1	NCPPB 3795
NCPPB 3795	J. Duff 19207	JDUFF19207	source_reference_raw	isolated_by	2	81	94	comparison_only_no_source_edit	review_required	not_searchable	low	no	preserved_source_text_not_a_search_identifier	1	NCPPB 3795
NCPPB 3796	ICMP 11059	ICMP11059	collection_number	collection_list	1	41	51	comparison_only_no_source_edit	auto_validated	strong	low	yes		1	NCPPB 3796
NCPPB 3796	J. Duff 19206	JDUFF19206	source_reference_raw	isolated_by	2	81	94	comparison_only_no_source_edit	review_required	not_searchable	low	no	preserved_source_text_not_a_search_identifier	1	NCPPB 3796
NCPPB 3797	J.E. Sellwood A5125/	JESELLWOODA5125	source_reference_raw	isolated_by	1	29	49	comparison_only_no_source_edit	review_required	not_searchable	low	no	preserved_source_text_not_a_search_identifier	1	NCPPB 3797
NCPPB 3797	A5125/	A5125	isolate_code	isolated_by	1	43	49	comparison_only_no_source_edit	auto_validated	medium	medium	yes		1	NCPPB 3797
NCPPB 3799	J.E. Sellwood A5128/1	JESELLWOODA51281	source_reference_raw	isolated_by	1	29	50	comparison_only_no_source_edit	review_required	not_searchable	low	no	preserved_source_text_not_a_search_identifier	1	NCPPB 3799
NCPPB 3799	A5128/1	A51281	isolate_code	isolated_by	1	43	50	comparison_only_no_source_edit	auto_validated	medium	medium	yes		1	NCPPB 3799
NCPPB 3800	13	13	donor_reference	donor_reference	1	23	25	comparison_only_no_source_edit	review_required	weak	medium	no	identifier_too_weak_for_automatic_search	1	NCPPB 3800
NCPPB 3801	14	14	donor_reference	donor_reference	1	23	25	comparison_only_no_source_edit	review_required	weak	medium	no	identifier_too_weak_for_automatic_search	1	NCPPB 3801
NCPPB 3829	A. Sletten 78-38	ASLETTEN7838	source_reference_raw	isolated_by	1	29	45	comparison_only_no_source_edit	review_required	not_searchable	low	no	preserved_source_text_not_a_search_identifier	1	NCPPB 3829
NCPPB 3830	A. Sletten 80-20	ASLETTEN8020	source_reference_raw	isolated_by	1	29	45	comparison_only_no_source_edit	review_required	not_searchable	low	no	preserved_source_text_not_a_search_identifier	1	NCPPB 3830
NCPPB 3831	A. Sletten 80-22	ASLETTEN8022	source_reference_raw	isolated_by	1	29	45	comparison_only_no_source_edit	review_required	not_searchable	low	no	preserved_source_text_not_a_search_identifier	1	NCPPB 3831
NCPPB 3832	J.E. Sellwood A6340	JESELLWOODA6340	source_reference_raw	isolated_by	1	29	48	comparison_only_no_source_edit	review_required	not_searchable	low	no	preserved_source_text_not_a_search_identifier	1	NCPPB 3832
NCPPB 3832	A6340	A6340	isolate_code	isolated_by	1	43	48	comparison_only_no_source_edit	auto_validated	medium	medium	yes		1	NCPPB 3832
NCPPB 3870	M Scortichini ISPAVE-B-018	MSCORTICHINIISPAVEB018	source_reference_raw	isolated_by	1	29	55	comparison_only_no_source_edit	review_required	not_searchable	low	no	preserved_source_text_not_a_search_identifier	1	NCPPB 3870
NCPPB 3870	ISPAVE-B-018	ISPAVEB018	collection_number	isolated_by	1	43	55	comparison_only_no_source_edit	auto_validated	strong	low	yes		1	NCPPB 3870
NCPPB 3875	M Scortichini ISPAVE-B- 016	MSCORTICHINIISPAVEB016	source_reference_raw	isolated_by	1	29	56	comparison_only_no_source_edit	review_required	not_searchable	low	no	preserved_source_text_not_a_search_identifier	1	NCPPB 3875
NCPPB 3875	ISPAVE-B- 016	ISPAVEB016	collection_number	isolated_by	1	43	56	comparison_only_no_source_edit	auto_validated	strong	low	yes		1	NCPPB 3875
NCPPB 3876	M Scortichini ISPAVE-B-017	MSCORTICHINIISPAVEB017	source_reference_raw	isolated_by	1	29	55	comparison_only_no_source_edit	review_required	not_searchable	low	no	preserved_source_text_not_a_search_identifier	1	NCPPB 3876
NCPPB 3876	ISPAVE-B-017	ISPAVEB017	collection_number	isolated_by	1	43	55	comparison_only_no_source_edit	auto_validated	strong	low	yes		1	NCPPB 3876
NCPPB 3877	M Scortichini ISPAVE-B-004	MSCORTICHINIISPAVEB004	source_reference_raw	isolated_by	1	29	55	comparison_only_no_source_edit	review_required	not_searchable	low	no	preserved_source_text_not_a_search_identifier	1	NCPPB 3877
NCPPB 3877	ISPAVE-B-004	ISPAVEB004	collection_number	isolated_by	1	43	55	comparison_only_no_source_edit	auto_validated	strong	low	yes		1	NCPPB 3877
NCPPB 3878	M Scortichini ISPAVE-B-006	MSCORTICHINIISPAVEB006	source_reference_raw	isolated_by	1	29	55	comparison_only_no_source_edit	review_required	not_searchable	low	no	preserved_source_text_not_a_search_identifier	1	NCPPB 3878
NCPPB 3878	ISPAVE-B-006	ISPAVEB006	collection_number	isolated_by	1	43	55	comparison_only_no_source_edit	auto_validated	strong	low	yes		1	NCPPB 3878
NCPPB 3880	A5922	A5922	donor_reference	donor_reference	1	23	28	comparison_only_no_source_edit	auto_validated	medium	medium	yes		1	NCPPB 3880
NCPPB 3883	J.D. Mihail 90-101	JDMIHAIL90101	source_reference_raw	isolated_by	1	29	47	comparison_only_no_source_edit	review_required	not_searchable	low	no	preserved_source_text_not_a_search_identifier	1	NCPPB 3883
NCPPB 3883	ex C.N. Hodge	EXCNHODGE	source_reference_raw	source_of_isolate	2	79	92	comparison_only_no_source_edit	review_required	not_searchable	low	no	preserved_source_text_not_a_search_identifier	1	NCPPB 3883
NCPPB 3884	J.D. Mihail 90-101	JDMIHAIL90101	source_reference_raw	isolated_by	1	29	47	comparison_only_no_source_edit	review_required	not_searchable	low	no	preserved_source_text_not_a_search_identifier	1	NCPPB 3884
NCPPB 3884	ex C.N. Hodge	EXCNHODGE	source_reference_raw	source_of_isolate	2	79	92	comparison_only_no_source_edit	review_required	not_searchable	low	no	preserved_source_text_not_a_search_identifier	1	NCPPB 3884
NCPPB 3885	R. Chand BHV RCI	RCHANDBHVRCI	source_reference_raw	isolated_by	1	29	45	comparison_only_no_source_edit	review_required	not_searchable	low	no	preserved_source_text_not_a_search_identifier	1	NCPPB 3885
NCPPB 3886	R. Chand RC2A	RCHANDRC2A	source_reference_raw	isolated_by	1	29	42	comparison_only_no_source_edit	review_required	not_searchable	low	no	preserved_source_text_not_a_search_identifier	1	NCPPB 3886
NCPPB 3886	RC2A	RC2A	isolate_code	isolated_by	1	38	42	comparison_only_no_source_edit	auto_validated	medium	medium	yes		1	NCPPB 3886
NCPPB 3887	R. Chand RC2B	RCHANDRC2B	source_reference_raw	isolated_by	1	29	42	comparison_only_no_source_edit	review_required	not_searchable	low	no	preserved_source_text_not_a_search_identifier	1	NCPPB 3887
NCPPB 3887	RC2B	RC2B	isolate_code	isolated_by	1	38	42	comparison_only_no_source_edit	auto_validated	medium	medium	yes		1	NCPPB 3887
NCPPB 3888	ICMP 12476	ICMP12476	collection_number	collection_list	1	41	51	comparison_only_no_source_edit	auto_validated	strong	low	yes		1	NCPPB 3888
NCPPB 3888	R. Chand RC4B	RCHANDRC4B	source_reference_raw	isolated_by	2	81	94	comparison_only_no_source_edit	review_required	not_searchable	low	no	preserved_source_text_not_a_search_identifier	1	NCPPB 3888
NCPPB 3888	RC4B	RC4B	isolate_code	isolated_by	2	90	94	comparison_only_no_source_edit	auto_validated	medium	medium	yes		1	NCPPB 3888
NCPPB 3890	A. Aspin A6220	AASPINA6220	source_reference_raw	isolated_by	1	29	43	comparison_only_no_source_edit	review_required	not_searchable	low	no	preserved_source_text_not_a_search_identifier	1	NCPPB 3890
NCPPB 3890	A6220	A6220	isolate_code	isolated_by	1	38	43	comparison_only_no_source_edit	auto_validated	medium	medium	yes		1	NCPPB 3890
NCPPB 3925	RCCP	RCCP	donor_reference	donor_reference	1	23	27	comparison_only_no_source_edit	review_required	medium	high	no	digit_free_donor_reference_requires_review_before_search	1	NCPPB 3925
NCPPB 3926	RCIPO	RCIPO	donor_reference	donor_reference	1	23	28	comparison_only_no_source_edit	review_required	medium	high	no	digit_free_donor_reference_requires_review_before_search	1	NCPPB 3926
NCPPB 3927	IBSBF 1080	IBSBF1080	collection_number	donor_reference	1	23	33	comparison_only_no_source_edit	auto_validated	strong	low	yes		1	NCPPB 3927
NCPPB 3927	ex V.A. Malarotta Jr.	EXVAMALAROTTAJR	source_reference_raw	isolated_by	2	63	84	comparison_only_no_source_edit	review_required	not_searchable	low	no	preserved_source_text_not_a_search_identifier	1	NCPPB 3927
NCPPB 3927	ex IBSBF	EXIBSBF	source_reference_raw	source_of_isolate	3	116	124	comparison_only_no_source_edit	review_required	not_searchable	low	no	preserved_source_text_not_a_search_identifier	1	NCPPB 3927
NCPPB 3931	J.E. Sellwood & J.K. Wilson A6520/1	JESELLWOODJKWILSONA65201	source_reference_raw	isolated_by	1	29	64	comparison_only_no_source_edit	review_required	not_searchable	low	no	preserved_source_text_not_a_search_identifier	1	NCPPB 3931
NCPPB 3931	A6520/1	A65201	isolate_code	isolated_by	1	57	64	comparison_only_no_source_edit	auto_validated	medium	medium	yes		1	NCPPB 3931
NCPPB 3932	J.E. Sellwood & J.K. Wilson A5420/2	JESELLWOODJKWILSONA54202	source_reference_raw	isolated_by	1	29	64	comparison_only_no_source_edit	review_required	not_searchable	low	no	preserved_source_text_not_a_search_identifier	1	NCPPB 3932
NCPPB 3932	A5420/2	A54202	isolate_code	isolated_by	1	57	64	comparison_only_no_source_edit	auto_validated	medium	medium	yes		1	NCPPB 3932
NCPPB 3942	L. O'Garro W4	LOGARROW4	source_reference_raw	isolated_by	1	29	42	comparison_only_no_source_edit	review_required	not_searchable	low	no	preserved_source_text_not_a_search_identifier	1	NCPPB 3942
NCPPB 3942	W4	W4	isolate_code	isolated_by	1	40	42	comparison_only_no_source_edit	review_required	weak	medium	no	identifier_too_weak_for_automatic_search	1	NCPPB 3942
NCPPB 3943	L. O'Garro G6	LOGARROG6	source_reference_raw	isolated_by	1	29	42	comparison_only_no_source_edit	review_required	not_searchable	low	no	preserved_source_text_not_a_search_identifier	1	NCPPB 3943
NCPPB 3943	G6	G6	isolate_code	isolated_by	1	40	42	comparison_only_no_source_edit	review_required	weak	medium	no	identifier_too_weak_for_automatic_search	1	NCPPB 3943
NCPPB 3944	L. O'Garro Fr 58B	LOGARROFR58B	source_reference_raw	isolated_by	1	29	46	comparison_only_no_source_edit	review_required	not_searchable	low	no	preserved_source_text_not_a_search_identifier	1	NCPPB 3944
NCPPB 3944	58B	58B	isolate_code	isolated_by	1	43	46	comparison_only_no_source_edit	review_required	weak	medium	no	identifier_too_weak_for_automatic_search	1	NCPPB 3944
NCPPB 3947	IMI B9313	IMIB9313	collection_number	donor_reference	1	23	32	comparison_only_no_source_edit	auto_validated	strong	low	yes		1	NCPPB 3947
NCPPB 3947	J.Bradbury	JBRADBURY	source_reference_raw	isolated_by	2	62	72	comparison_only_no_source_edit	review_required	not_searchable	low	no	preserved_source_text_not_a_search_identifier	1	NCPPB 3947
NCPPB 3948	IMI B9336	IMIB9336	collection_number	donor_reference	1	23	32	comparison_only_no_source_edit	auto_validated	strong	low	yes		1	NCPPB 3948
NCPPB 3948	J.Bradbury	JBRADBURY	source_reference_raw	isolated_by	2	62	72	comparison_only_no_source_edit	review_required	not_searchable	low	no	preserved_source_text_not_a_search_identifier	1	NCPPB 3948
NCPPB 3949	IMI B11542	IMIB11542	collection_number	donor_reference	1	23	33	comparison_only_no_source_edit	auto_validated	strong	low	yes		1	NCPPB 3949
NCPPB 3949	J.Bradbury	JBRADBURY	source_reference_raw	isolated_by	2	63	73	comparison_only_no_source_edit	review_required	not_searchable	low	no	preserved_source_text_not_a_search_identifier	1	NCPPB 3949
NCPPB 3950	IMI B11688	IMIB11688	collection_number	donor_reference	1	23	33	comparison_only_no_source_edit	auto_validated	strong	low	yes		1	NCPPB 3950
NCPPB 3950	J.Bradbury	JBRADBURY	source_reference_raw	isolated_by	2	63	73	comparison_only_no_source_edit	review_required	not_searchable	low	no	preserved_source_text_not_a_search_identifier	1	NCPPB 3950
NCPPB 3951	IMI B9658	IMIB9658	collection_number	donor_reference	1	23	32	comparison_only_no_source_edit	auto_validated	strong	low	yes		1	NCPPB 3951
NCPPB 3951	J.Bradbury	JBRADBURY	source_reference_raw	isolated_by	2	62	72	comparison_only_no_source_edit	review_required	not_searchable	low	no	preserved_source_text_not_a_search_identifier	1	NCPPB 3951
NCPPB 3953	IMI B9124	IMIB9124	collection_number	donor_reference	1	23	32	comparison_only_no_source_edit	auto_validated	strong	low	yes		1	NCPPB 3953
NCPPB 3953	J.Bradbury	JBRADBURY	source_reference_raw	isolated_by	2	62	72	comparison_only_no_source_edit	review_required	not_searchable	low	no	preserved_source_text_not_a_search_identifier	1	NCPPB 3953
NCPPB 3954	IMI B11393	IMIB11393	collection_number	donor_reference	1	23	33	comparison_only_no_source_edit	auto_validated	strong	low	yes		1	NCPPB 3954
NCPPB 3954	J.Bradbury	JBRADBURY	source_reference_raw	isolated_by	2	63	73	comparison_only_no_source_edit	review_required	not_searchable	low	no	preserved_source_text_not_a_search_identifier	1	NCPPB 3954
NCPPB 3955	IMI B11426	IMIB11426	collection_number	donor_reference	1	23	33	comparison_only_no_source_edit	auto_validated	strong	low	yes		1	NCPPB 3955
NCPPB 3955	J.Bradbury	JBRADBURY	source_reference_raw	isolated_by	2	63	73	comparison_only_no_source_edit	review_required	not_searchable	low	no	preserved_source_text_not_a_search_identifier	1	NCPPB 3955
NCPPB 3956	IMI B11680b	IMIB11680B	collection_number	donor_reference	1	23	34	comparison_only_no_source_edit	auto_validated	strong	low	yes		1	NCPPB 3956
NCPPB 3956	J. Bradbury	JBRADBURY	source_reference_raw	isolated_by	2	64	75	comparison_only_no_source_edit	review_required	not_searchable	low	no	preserved_source_text_not_a_search_identifier	1	NCPPB 3956
NCPPB 3957	IMI B11059	IMIB11059	collection_number	donor_reference	1	23	33	comparison_only_no_source_edit	auto_validated	strong	low	yes		1	NCPPB 3957
NCPPB 3957	J.Bradbury	JBRADBURY	source_reference_raw	isolated_by	2	63	73	comparison_only_no_source_edit	review_required	not_searchable	low	no	preserved_source_text_not_a_search_identifier	1	NCPPB 3957
NCPPB 3959	IMI B102166	IMIB102166	collection_number	donor_reference	1	23	34	comparison_only_no_source_edit	auto_validated	strong	low	yes		1	NCPPB 3959
NCPPB 3959	J.Bradbury	JBRADBURY	source_reference_raw	isolated_by	2	64	74	comparison_only_no_source_edit	review_required	not_searchable	low	no	preserved_source_text_not_a_search_identifier	1	NCPPB 3959
NCPPB 3960	A. Aspin CSL962462	AASPINCSL962462	source_reference_raw	isolated_by	1	29	47	comparison_only_no_source_edit	review_required	not_searchable	low	no	preserved_source_text_not_a_search_identifier	1	NCPPB 3960
NCPPB 3960	CSL962462	CSL962462	collection_number	isolated_by	1	38	47	comparison_only_no_source_edit	auto_validated	strong	low	yes		1	NCPPB 3960
NCPPB 4013	6	6	donor_reference	donor_reference	1	23	24	comparison_only_no_source_edit	review_required	weak	medium	no	identifier_too_weak_for_automatic_search	1	NCPPB 4013
NCPPB 4013	ICMP 10007	ICMP10007	collection_number	collection_list	2	66	76	comparison_only_no_source_edit	auto_validated	strong	low	yes		1	NCPPB 4013
NCPPB 4014	SB-K	SBK	donor_reference	donor_reference	1	23	27	comparison_only_no_source_edit	review_required	weak	high	no	digit_free_donor_reference_requires_review_before_search	1	NCPPB 4014
NCPPB 4015	M-9	M9	donor_reference	donor_reference	1	23	26	comparison_only_no_source_edit	review_required	weak	medium	no	identifier_too_weak_for_automatic_search	1	NCPPB 4015
NCPPB 4031	972200	972200	donor_reference	donor_reference	1	23	29	comparison_only_no_source_edit	auto_validated	medium	medium	yes		1	NCPPB 4031
NCPPB 4031	A. Aspin	AASPIN	source_reference_raw	isolated_by	2	59	67	comparison_only_no_source_edit	review_required	not_searchable	low	no	preserved_source_text_not_a_search_identifier	1	NCPPB 4031
NCPPB 4031	ADAS 97001669	ADAS97001669	source_reference_raw	source_of_isolate	3	99	112	comparison_only_no_source_edit	review_required	not_searchable	low	no	preserved_source_text_not_a_search_identifier	1	NCPPB 4031
NCPPB 4031	ADAS 97001669	ADAS97001669	isolate_code	source_of_isolate	3	99	112	comparison_only_no_source_edit	auto_validated	medium	medium	yes		1	NCPPB 4031
NCPPB 4032	972270	972270	donor_reference	donor_reference	1	23	29	comparison_only_no_source_edit	auto_validated	medium	medium	yes		1	NCPPB 4032
NCPPB 4032	A. Aspin	AASPIN	source_reference_raw	isolated_by	2	59	67	comparison_only_no_source_edit	review_required	not_searchable	low	no	preserved_source_text_not_a_search_identifier	1	NCPPB 4032
NCPPB 4033	700a	700A	donor_reference	donor_reference	1	23	27	comparison_only_no_source_edit	auto_validated	medium	medium	yes		1	NCPPB 4033
NCPPB 4033	ex. F. Sahin	EXFSAHIN	source_reference_raw	isolated_by	2	57	69	comparison_only_no_source_edit	review_required	not_searchable	low	no	preserved_source_text_not_a_search_identifier	1	NCPPB 4033
NCPPB 4034	701a	701A	donor_reference	donor_reference	1	23	27	comparison_only_no_source_edit	auto_validated	medium	medium	yes		1	NCPPB 4034
NCPPB 4034	ex. F. Sahin	EXFSAHIN	source_reference_raw	isolated_by	2	57	69	comparison_only_no_source_edit	review_required	not_searchable	low	no	preserved_source_text_not_a_search_identifier	1	NCPPB 4034
NCPPB 4037	981703	981703	donor_reference	donor_reference	1	23	29	comparison_only_no_source_edit	auto_validated	medium	medium	yes		1	NCPPB 4037
NCPPB 4037	A Aspin	AASPIN	source_reference_raw	isolated_by	2	59	66	comparison_only_no_source_edit	review_required	not_searchable	low	no	preserved_source_text_not_a_search_identifier	1	NCPPB 4037
NCPPB 4058	985855	985855	donor_reference	donor_reference	1	23	29	comparison_only_no_source_edit	auto_validated	medium	medium	yes		1	NCPPB 4058
NCPPB 4058	H. Stanford	HSTANFORD	source_reference_raw	isolated_by	2	59	70	comparison_only_no_source_edit	review_required	not_searchable	low	no	preserved_source_text_not_a_search_identifier	1	NCPPB 4058
NCPPB 4181	463	463	donor_reference	donor_reference	1	23	26	comparison_only_no_source_edit	review_required	weak	medium	no	identifier_too_weak_for_automatic_search	1	NCPPB 4181
NCPPB 4183	PD2806	PD2806	donor_reference	donor_reference	1	23	29	comparison_only_no_source_edit	auto_validated	medium	medium	yes		1	NCPPB 4183
NCPPB 4183	17065	17065	collection_candidate	collection_list	2	71	76	comparison_only_no_source_edit	review_required	not_searchable	high	no	unrecognised_or_digit_free_collection_identifier	1	NCPPB 4183
NCPPB 4183	JD Janse	JDJANSE	source_reference_raw	isolated_by	3	106	114	comparison_only_no_source_edit	review_required	not_searchable	low	no	preserved_source_text_not_a_search_identifier	1	NCPPB 4183
NCPPB 4210	Helena Stanford	HELENASTANFORD	source_reference_raw	isolated_by	1	29	44	comparison_only_no_source_edit	review_required	not_searchable	low	no	preserved_source_text_not_a_search_identifier	1	NCPPB 4210
NCPPB 4231	2011627	2011627	donor_reference	donor_reference	1	23	30	comparison_only_no_source_edit	auto_validated	medium	medium	yes		1	NCPPB 4231
NCPPB 4231	H. Stanford	HSTANFORD	source_reference_raw	isolated_by	2	60	71	comparison_only_no_source_edit	review_required	not_searchable	low	no	preserved_source_text_not_a_search_identifier	1	NCPPB 4231
NCPPB 4232	2011626	2011626	donor_reference	donor_reference	1	23	30	comparison_only_no_source_edit	auto_validated	medium	medium	yes		1	NCPPB 4232
NCPPB 4232	H. Stanford	HSTANFORD	source_reference_raw	isolated_by	2	60	71	comparison_only_no_source_edit	review_required	not_searchable	low	no	preserved_source_text_not_a_search_identifier	1	NCPPB 4232
NCPPB 4321	XV938	XV938	donor_reference	donor_reference	1	23	28	comparison_only_no_source_edit	auto_validated	medium	medium	yes		1	NCPPB 4321
NCPPB 4321	DSM 18975	DSM18975	collection_number	collection_list	2	70	79	comparison_only_no_source_edit	auto_validated	strong	low	yes		1	NCPPB 4321
NCPPB 4322	XV1220	XV1220	donor_reference	donor_reference	1	23	29	comparison_only_no_source_edit	auto_validated	medium	medium	yes		1	NCPPB 4322
NCPPB 4323	XV444	XV444	donor_reference	donor_reference	1	23	28	comparison_only_no_source_edit	auto_validated	medium	medium	yes		1	NCPPB 4323
NCPPB 4324	XV448	XV448	donor_reference	donor_reference	1	23	28	comparison_only_no_source_edit	auto_validated	medium	medium	yes		1	NCPPB 4324
NCPPB 4326	Xcz A5	XCZA5	donor_reference	donor_reference	1	23	29	comparison_only_no_source_edit	auto_validated	medium	medium	yes		1	NCPPB 4326
NCPPB 4340	UN-20506424	UN20506424	donor_reference	donor_reference	1	23	34	comparison_only_no_source_edit	auto_validated	medium	medium	yes		1	NCPPB 4340
NCPPB 4340	Helena Stanford	HELENASTANFORD	source_reference_raw	isolated_by	2	64	79	comparison_only_no_source_edit	review_required	not_searchable	low	no	preserved_source_text_not_a_search_identifier	1	NCPPB 4340
NCPPB 4340	Diagnosis lab. Ex Zinnia material	DIAGNOSISLABEXZINNIAMATERIAL	source_reference_raw	source_of_isolate	3	111	144	comparison_only_no_source_edit	review_required	not_searchable	low	no	preserved_source_text_not_a_search_identifier	1	NCPPB 4340
NCPPB 4341	VdM4	VDM4	donor_reference	donor_reference	1	23	27	comparison_only_no_source_edit	auto_validated	medium	medium	yes		1	NCPPB 4341
NCPPB 4341	LMG 471	LMG471	collection_number	collection_list	2	69	76	comparison_only_no_source_edit	auto_validated	strong	low	yes		1	NCPPB 4341
NCPPB 4341	M.Beramis	MBERAMIS	source_reference_raw	isolated_by	3	106	115	comparison_only_no_source_edit	review_required	not_searchable	low	no	preserved_source_text_not_a_search_identifier	1	NCPPB 4341
NCPPB 4341	LMG	LMG	source_reference_raw	source_of_isolate	4	147	150	comparison_only_no_source_edit	review_required	not_searchable	low	no	preserved_source_text_not_a_search_identifier	1	NCPPB 4341
NCPPB 4342	Dsk 129	DSK129	donor_reference	donor_reference	1	23	30	comparison_only_no_source_edit	auto_validated	medium	medium	yes		1	NCPPB 4342
NCPPB 4342	ICMP 8923	ICMP8923	collection_number	collection_list	2	72	81	comparison_only_no_source_edit	auto_validated	strong	low	yes		1	NCPPB 4342
NCPPB 4342	LMG 12141	LMG12141	collection_number	collection_list	2	83	92	comparison_only_no_source_edit	auto_validated	strong	low	yes		1	NCPPB 4342
NCPPB 4342	M. de Kam	MDEKAM	source_reference_raw	isolated_by	3	122	131	comparison_only_no_source_edit	review_required	not_searchable	low	no	preserved_source_text_not_a_search_identifier	1	NCPPB 4342
NCPPB 4342	ICMP	ICMP	source_reference_raw	source_of_isolate	4	163	167	comparison_only_no_source_edit	review_required	not_searchable	low	no	preserved_source_text_not_a_search_identifier	1	NCPPB 4342
NCPPB 4343	1601-1	16011	donor_reference	donor_reference	1	23	29	comparison_only_no_source_edit	auto_validated	medium	medium	yes		1	NCPPB 4343
NCPPB 4343	ICMP 12545	ICMP12545	collection_number	collection_list	2	71	81	comparison_only_no_source_edit	auto_validated	strong	low	yes		1	NCPPB 4343
NCPPB 4343	CFBP 1976	CFBP1976	collection_number	collection_list	2	83	92	comparison_only_no_source_edit	auto_validated	strong	low	yes		1	NCPPB 4343
NCPPB 4343	Samson 1601.1	SAMSON16011	collection_candidate	collection_list	2	93	106	comparison_only_no_source_edit	review_required	not_searchable	high	no	unrecognised_or_digit_free_collection_identifier	1	NCPPB 4343
NCPPB 4343	LMG 947	LMG947	collection_number	collection_list	2	108	115	comparison_only_no_source_edit	auto_validated	strong	low	yes		1	NCPPB 4343
NCPPB 4343	R.Sampson	RSAMPSON	source_reference_raw	isolated_by	3	145	154	comparison_only_no_source_edit	review_required	not_searchable	low	no	preserved_source_text_not_a_search_identifier	1	NCPPB 4343
NCPPB 4343	ICMP	ICMP	source_reference_raw	source_of_isolate	4	186	190	comparison_only_no_source_edit	review_required	not_searchable	low	no	preserved_source_text_not_a_search_identifier	1	NCPPB 4343
NCPPB 4344	03-29991	0329991	donor_reference	donor_reference	1	23	31	comparison_only_no_source_edit	auto_validated	medium	medium	yes		1	NCPPB 4344
NCPPB 4344	ICMP 9991	ICMP9991	collection_number	collection_list	2	73	82	comparison_only_no_source_edit	auto_validated	strong	low	yes		1	NCPPB 4344
NCPPB 4344	K.Luo	KLUO	source_reference_raw	isolated_by	3	112	117	comparison_only_no_source_edit	review_required	not_searchable	low	no	preserved_source_text_not_a_search_identifier	1	NCPPB 4344
NCPPB 4344	ICMP	ICMP	source_reference_raw	source_of_isolate	4	149	153	comparison_only_no_source_edit	review_required	not_searchable	low	no	preserved_source_text_not_a_search_identifier	1	NCPPB 4344
NCPPB 4345	1	1	donor_reference	donor_reference	1	23	24	comparison_only_no_source_edit	review_required	weak	medium	no	identifier_too_weak_for_automatic_search	1	NCPPB 4345
NCPPB 4345	ICMP 8306	ICMP8306	collection_number	collection_list	2	66	75	comparison_only_no_source_edit	auto_validated	strong	low	yes		1	NCPPB 4345
NCPPB 4345	LMG 9043	LMG9043	collection_number	collection_list	2	77	85	comparison_only_no_source_edit	auto_validated	strong	low	yes		1	NCPPB 4345
NCPPB 4345	R. Easwaramurthy	REASWARAMURTHY	source_reference_raw	isolated_by	3	115	131	comparison_only_no_source_edit	review_required	not_searchable	low	no	preserved_source_text_not_a_search_identifier	1	NCPPB 4345
NCPPB 4345	ICMP	ICMP	source_reference_raw	source_of_isolate	4	163	167	comparison_only_no_source_edit	review_required	not_searchable	low	no	preserved_source_text_not_a_search_identifier	1	NCPPB 4345
NCPPB 4346	G2	G2	donor_reference	donor_reference	1	23	25	comparison_only_no_source_edit	review_required	weak	medium	no	identifier_too_weak_for_automatic_search	1	NCPPB 4346
NCPPB 4346	ICMP 8788	ICMP8788	collection_number	collection_list	2	67	76	comparison_only_no_source_edit	auto_validated	strong	low	yes		1	NCPPB 4346
NCPPB 4346	Z. Fang	ZFANG	source_reference_raw	isolated_by	3	106	113	comparison_only_no_source_edit	review_required	not_searchable	low	no	preserved_source_text_not_a_search_identifier	1	NCPPB 4346
NCPPB 4346	ICMP	ICMP	source_reference_raw	source_of_isolate	4	145	149	comparison_only_no_source_edit	review_required	not_searchable	low	no	preserved_source_text_not_a_search_identifier	1	NCPPB 4346
NCPPB 4347	Ma 2	MA2	donor_reference	donor_reference	1	23	27	comparison_only_no_source_edit	review_required	weak	medium	no	identifier_too_weak_for_automatic_search	1	NCPPB 4347
NCPPB 4347	ICMP 11536	ICMP11536	collection_number	collection_list	2	69	79	comparison_only_no_source_edit	auto_validated	strong	low	yes		1	NCPPB 4347
NCPPB 4347	ATCC 51262	ATCC51262	collection_number	collection_list	2	81	91	comparison_only_no_source_edit	auto_validated	strong	low	yes		1	NCPPB 4347
NCPPB 4347	M. Goto	MGOTO	source_reference_raw	isolated_by	3	121	128	comparison_only_no_source_edit	review_required	not_searchable	low	no	preserved_source_text_not_a_search_identifier	1	NCPPB 4347
NCPPB 4347	ICMP	ICMP	source_reference_raw	source_of_isolate	4	160	164	comparison_only_no_source_edit	review_required	not_searchable	low	no	preserved_source_text_not_a_search_identifier	1	NCPPB 4347
NCPPB 4348	ICMP 8949	ICMP8949	collection_number	collection_list	1	41	50	comparison_only_no_source_edit	auto_validated	strong	low	yes		1	NCPPB 4348
NCPPB 4348	ITCC	ITCC	collection_number	collection_list	1	52	56	comparison_only_no_source_edit	review_required	strong	high	no	unrecognised_or_digit_free_collection_identifier	1	NCPPB 4348
NCPPB 4348	Durgapal. J.C.	DURGAPALJC	source_reference_raw	isolated_by	2	86	100	comparison_only_no_source_edit	review_required	not_searchable	low	no	preserved_source_text_not_a_search_identifier	1	NCPPB 4348
NCPPB 4348	ICMP	ICMP	source_reference_raw	source_of_isolate	3	132	136	comparison_only_no_source_edit	review_required	not_searchable	low	no	preserved_source_text_not_a_search_identifier	1	NCPPB 4348
NCPPB 4349	B6	B6	donor_reference	donor_reference	1	23	25	comparison_only_no_source_edit	review_required	weak	medium	no	identifier_too_weak_for_automatic_search	1	NCPPB 4349
NCPPB 4349	ICMP 9627	ICMP9627	collection_number	collection_list	2	67	76	comparison_only_no_source_edit	auto_validated	strong	low	yes		1	NCPPB 4349
NCPPB 4349	ATCC 49152	ATCC49152	collection_number	collection_list	2	78	88	comparison_only_no_source_edit	auto_validated	strong	low	yes		1	NCPPB 4349
NCPPB 4349	L.E.Claflin	LECLAFLIN	source_reference_raw	isolated_by	3	118	129	comparison_only_no_source_edit	review_required	not_searchable	low	no	preserved_source_text_not_a_search_identifier	1	NCPPB 4349
NCPPB 4349	ICMP	ICMP	source_reference_raw	source_of_isolate	4	161	165	comparison_only_no_source_edit	review_required	not_searchable	low	no	preserved_source_text_not_a_search_identifier	1	NCPPB 4349
NCPPB 4350	X259 (87-56A)	X2598756A	donor_reference	donor_reference	1	23	36	comparison_only_no_source_edit	auto_validated	medium	medium	yes		1	NCPPB 4350
NCPPB 4350	LMG 8678	LMG8678	collection_number	collection_list	2	78	86	comparison_only_no_source_edit	auto_validated	strong	low	yes		1	NCPPB 4350
NCPPB 4350	ICMP 9513	ICMP9513	collection_number	collection_list	2	88	97	comparison_only_no_source_edit	auto_validated	strong	low	yes		1	NCPPB 4350
NCPPB 4350	ATCC 700187	ATCC700187	collection_number	collection_list	2	99	110	comparison_only_no_source_edit	auto_validated	strong	low	yes		1	NCPPB 4350
NCPPB 4350	A.R. Chase	ARCHASE	source_reference_raw	isolated_by	3	140	150	comparison_only_no_source_edit	review_required	not_searchable	low	no	preserved_source_text_not_a_search_identifier	1	NCPPB 4350
NCPPB 4350	ICMP	ICMP	source_reference_raw	source_of_isolate	4	182	186	comparison_only_no_source_edit	review_required	not_searchable	low	no	preserved_source_text_not_a_search_identifier	1	NCPPB 4350
NCPPB 4351	FC1	FC1	donor_reference	donor_reference	1	23	26	comparison_only_no_source_edit	review_required	weak	medium	no	identifier_too_weak_for_automatic_search	1	NCPPB 4351
NCPPB 4351	ICMP 9261	ICMP9261	collection_number	collection_list	2	68	77	comparison_only_no_source_edit	review_required	strong	high	no	identifier_collision	2	NCPPB 3560; NCPPB 4351
NCPPB 4351	IBSF 575	IBSF575	collection_candidate	collection_list	2	79	87	comparison_only_no_source_edit	review_required	not_searchable	high	no	unrecognised_or_digit_free_collection_identifier	1	NCPPB 4351
NCPPB 4351	J.R.Neto	JRNETO	source_reference_raw	isolated_by	3	117	125	comparison_only_no_source_edit	review_required	not_searchable	low	no	preserved_source_text_not_a_search_identifier	1	NCPPB 4351
NCPPB 4351	ICMP	ICMP	source_reference_raw	source_of_isolate	4	157	161	comparison_only_no_source_edit	review_required	not_searchable	low	no	preserved_source_text_not_a_search_identifier	1	NCPPB 4351
NCPPB 4352	Zo2	ZO2	donor_reference	donor_reference	1	23	26	comparison_only_no_source_edit	review_required	weak	medium	no	identifier_too_weak_for_automatic_search	1	NCPPB 4352
NCPPB 4352	ICMP 8787	ICMP8787	collection_number	collection_list	2	68	77	comparison_only_no_source_edit	auto_validated	strong	low	yes		1	NCPPB 4352
NCPPB 4352	LMG 9060	LMG9060	collection_number	collection_list	2	79	87	comparison_only_no_source_edit	auto_validated	strong	low	yes		1	NCPPB 4352
NCPPB 4352	X.Z.Ren	XZREN	source_reference_raw	isolated_by	3	117	124	comparison_only_no_source_edit	review_required	not_searchable	low	no	preserved_source_text_not_a_search_identifier	1	NCPPB 4352
NCPPB 4352	ICMP	ICMP	source_reference_raw	source_of_isolate	4	156	160	comparison_only_no_source_edit	review_required	not_searchable	low	no	preserved_source_text_not_a_search_identifier	1	NCPPB 4352
NCPPB 4353	TC1	TC1	donor_reference	donor_reference	1	23	26	comparison_only_no_source_edit	review_required	weak	medium	no	identifier_too_weak_for_automatic_search	1	NCPPB 4353
NCPPB 4353	ICMP 6774	ICMP6774	collection_number	collection_list	2	68	77	comparison_only_no_source_edit	auto_validated	strong	low	yes		1	NCPPB 4353
NCPPB 4353	LMG 8684	LMG8684	collection_number	collection_list	2	79	87	comparison_only_no_source_edit	auto_validated	strong	low	yes		1	NCPPB 4353
NCPPB 4353	NZRCC 10488	NZRCC10488	collection_candidate	collection_list	2	89	100	comparison_only_no_source_edit	review_required	not_searchable	high	no	unrecognised_or_digit_free_collection_identifier	1	NCPPB 4353
NCPPB 4353	K.Uehara	KUEHARA	source_reference_raw	isolated_by	3	130	138	comparison_only_no_source_edit	review_required	not_searchable	low	no	preserved_source_text_not_a_search_identifier	1	NCPPB 4353
NCPPB 4353	ICMP	ICMP	source_reference_raw	source_of_isolate	4	170	174	comparison_only_no_source_edit	review_required	not_searchable	low	no	preserved_source_text_not_a_search_identifier	1	NCPPB 4353
NCPPB 4355	CFBP 6369	CFBP6369	collection_number	donor_reference	1	23	32	comparison_only_no_source_edit	auto_validated	strong	low	yes		1	NCPPB 4355
NCPPB 4355	CFBP	CFBP	source_reference_raw	source_of_isolate	3	115	119	comparison_only_no_source_edit	review_required	not_searchable	low	no	preserved_source_text_not_a_search_identifier	1	NCPPB 4355
NCPPB 4356	CFBP 4188	CFBP4188	collection_number	donor_reference	1	23	32	comparison_only_no_source_edit	auto_validated	strong	low	yes		1	NCPPB 4356
NCPPB 4356	ICMP 16775	ICMP16775	collection_number	collection_list	2	85	95	comparison_only_no_source_edit	auto_validated	strong	low	yes		1	NCPPB 4356
NCPPB 4356	CFBP	CFBP	source_reference_raw	source_of_isolate	3	127	131	comparison_only_no_source_edit	review_required	not_searchable	low	no	preserved_source_text_not_a_search_identifier	1	NCPPB 4356
NCPPB 4363	ICMP 2415	ICMP2415	collection_number	donor_reference	1	23	32	comparison_only_no_source_edit	auto_validated	strong	low	yes		1	NCPPB 4363
NCPPB 4363	CFBP 7260	CFBP7260	collection_number	collection_list	2	85	94	comparison_only_no_source_edit	auto_validated	strong	low	yes		1	NCPPB 4363
NCPPB 4363	J.YOUNG	JYOUNG	source_reference_raw	isolated_by	3	124	131	comparison_only_no_source_edit	review_required	not_searchable	low	no	preserved_source_text_not_a_search_identifier	1	NCPPB 4363
NCPPB 4364	ICMP 6465	ICMP6465	collection_number	donor_reference	1	23	32	comparison_only_no_source_edit	auto_validated	strong	low	yes		1	NCPPB 4364
NCPPB 4364	CFBP 7262	CFBP7262	collection_number	collection_list	2	85	94	comparison_only_no_source_edit	auto_validated	strong	low	yes		1	NCPPB 4364
NCPPB 4364	J.YOUNG	JYOUNG	source_reference_raw	isolated_by	3	124	131	comparison_only_no_source_edit	review_required	not_searchable	low	no	preserved_source_text_not_a_search_identifier	1	NCPPB 4364
NCPPB 4367	ICMP 16473	ICMP16473	collection_number	donor_reference	1	23	33	comparison_only_no_source_edit	auto_validated	strong	low	yes		1	NCPPB 4367
NCPPB 4367	J.YOUNG	JYOUNG	source_reference_raw	isolated_by	3	115	122	comparison_only_no_source_edit	review_required	not_searchable	low	no	preserved_source_text_not_a_search_identifier	1	NCPPB 4367
NCPPB 4372	618	618	donor_reference	donor_reference	1	23	26	comparison_only_no_source_edit	review_required	weak	medium	no	identifier_too_weak_for_automatic_search	1	NCPPB 4372
NCPPB 4372	IBSBF 618	IBSBF618	collection_number	collection_list	2	68	77	comparison_only_no_source_edit	auto_validated	strong	low	yes		1	NCPPB 4372
NCPPB 4372	J.Neto	JNETO	source_reference_raw	isolated_by	3	107	113	comparison_only_no_source_edit	review_required	not_searchable	low	no	preserved_source_text_not_a_search_identifier	1	NCPPB 4372
NCPPB 4372	IBSBF	IBSBF	source_reference_raw	source_of_isolate	4	145	150	comparison_only_no_source_edit	review_required	not_searchable	low	no	preserved_source_text_not_a_search_identifier	1	NCPPB 4372
NCPPB 4373	1472	1472	donor_reference	donor_reference	1	23	27	comparison_only_no_source_edit	auto_validated	medium	medium	yes		1	NCPPB 4373
NCPPB 4373	IBSBF 1472	IBSBF1472	collection_number	collection_list	2	69	79	comparison_only_no_source_edit	auto_validated	strong	low	yes		1	NCPPB 4373
NCPPB 4373	V.A.Malavolta	VAMALAVOLTA	source_reference_raw	isolated_by	3	109	122	comparison_only_no_source_edit	review_required	not_searchable	low	no	preserved_source_text_not_a_search_identifier	1	NCPPB 4373
NCPPB 4373	IBSBF	IBSBF	source_reference_raw	source_of_isolate	4	154	159	comparison_only_no_source_edit	review_required	not_searchable	low	no	preserved_source_text_not_a_search_identifier	1	NCPPB 4373
NCPPB 4374	1497	1497	donor_reference	donor_reference	1	23	27	comparison_only_no_source_edit	auto_validated	medium	medium	yes		1	NCPPB 4374
NCPPB 4374	IBSBF 1497	IBSBF1497	collection_number	collection_list	2	69	79	comparison_only_no_source_edit	auto_validated	strong	low	yes		1	NCPPB 4374
NCPPB 4374	J.Neto	JNETO	source_reference_raw	isolated_by	3	109	115	comparison_only_no_source_edit	review_required	not_searchable	low	no	preserved_source_text_not_a_search_identifier	1	NCPPB 4374
NCPPB 4374	IBSBF	IBSBF	source_reference_raw	source_of_isolate	4	147	152	comparison_only_no_source_edit	review_required	not_searchable	low	no	preserved_source_text_not_a_search_identifier	1	NCPPB 4374
NCPPB 4375	1594	1594	donor_reference	donor_reference	1	23	27	comparison_only_no_source_edit	auto_validated	medium	medium	yes		1	NCPPB 4375
NCPPB 4375	IBSBF 1594	IBSBF1594	collection_number	collection_list	2	69	79	comparison_only_no_source_edit	auto_validated	strong	low	yes		1	NCPPB 4375
NCPPB 4375	FDC 012	FDC012	collection_candidate	collection_list	2	81	88	comparison_only_no_source_edit	review_required	not_searchable	high	no	unrecognised_or_digit_free_collection_identifier	1	NCPPB 4375
NCPPB 4375	R.P.Leite Jr.	RPLEITEJR	source_reference_raw	isolated_by	3	118	131	comparison_only_no_source_edit	review_required	not_searchable	low	no	preserved_source_text_not_a_search_identifier	1	NCPPB 4375
NCPPB 4375	IBSBF	IBSBF	source_reference_raw	source_of_isolate	4	163	168	comparison_only_no_source_edit	review_required	not_searchable	low	no	preserved_source_text_not_a_search_identifier	1	NCPPB 4375
NCPPB 4376	1925	1925	donor_reference	donor_reference	1	23	27	comparison_only_no_source_edit	auto_validated	medium	medium	yes		1	NCPPB 4376
NCPPB 4376	IBSBF 1925	IBSBF1925	collection_number	collection_list	2	69	79	comparison_only_no_source_edit	auto_validated	strong	low	yes		1	NCPPB 4376
NCPPB 4376	LMG 9325	LMG9325	collection_number	collection_list	2	81	89	comparison_only_no_source_edit	auto_validated	strong	low	yes		1	NCPPB 4376
NCPPB 4376	D.W.Gabriel	DWGABRIEL	source_reference_raw	isolated_by	3	119	130	comparison_only_no_source_edit	review_required	not_searchable	low	no	preserved_source_text_not_a_search_identifier	1	NCPPB 4376
NCPPB 4376	IBSBF	IBSBF	source_reference_raw	source_of_isolate	4	162	167	comparison_only_no_source_edit	review_required	not_searchable	low	no	preserved_source_text_not_a_search_identifier	1	NCPPB 4376
NCPPB 4377	1583	1583	donor_reference	donor_reference	1	23	27	comparison_only_no_source_edit	auto_validated	medium	medium	yes		1	NCPPB 4377
NCPPB 4377	IBSBF 1583	IBSBF1583	collection_number	collection_list	2	69	79	comparison_only_no_source_edit	auto_validated	strong	low	yes		1	NCPPB 4377
NCPPB 4377	Xc 90-78-4-3	XC907843	collection_candidate	collection_list	2	81	93	comparison_only_no_source_edit	review_required	not_searchable	high	no	unrecognised_or_digit_free_collection_identifier	1	NCPPB 4377
NCPPB 4377	B.I.Canteros	BICANTEROS	source_reference_raw	isolated_by	3	123	135	comparison_only_no_source_edit	review_required	not_searchable	low	no	preserved_source_text_not_a_search_identifier	1	NCPPB 4377
NCPPB 4377	IBSBF	IBSBF	source_reference_raw	source_of_isolate	4	167	172	comparison_only_no_source_edit	review_required	not_searchable	low	no	preserved_source_text_not_a_search_identifier	1	NCPPB 4377
NCPPB 4378	034/LRA/05	034LRA05	donor_reference	donor_reference	1	23	33	comparison_only_no_source_edit	auto_validated	medium	medium	yes		1	NCPPB 4378
NCPPB 4378	CFBP 7166	CFBP7166	collection_number	collection_list	2	75	84	comparison_only_no_source_edit	auto_validated	strong	low	yes		1	NCPPB 4378
NCPPB 4378	Valentine Aritua	VALENTINEARITUA	source_reference_raw	source_of_isolate	3	116	132	comparison_only_no_source_edit	review_required	not_searchable	low	no	preserved_source_text_not_a_search_identifier	1	NCPPB 4378
NCPPB 4379	KY44	KY44	donor_reference	donor_reference	1	23	27	comparison_only_no_source_edit	auto_validated	medium	medium	yes		1	NCPPB 4379
NCPPB 4379	Valentine Aritua	VALENTINEARITUA	source_reference_raw	source_of_isolate	2	59	75	comparison_only_no_source_edit	review_required	not_searchable	low	no	preserved_source_text_not_a_search_identifier	1	NCPPB 4379
NCPPB 4380	038/KBA/05	038KBA05	donor_reference	donor_reference	1	23	33	comparison_only_no_source_edit	auto_validated	medium	medium	yes		1	NCPPB 4380
NCPPB 4380	Valentine Aritua	VALENTINEARITUA	source_reference_raw	source_of_isolate	2	65	81	comparison_only_no_source_edit	review_required	not_searchable	low	no	preserved_source_text_not_a_search_identifier	1	NCPPB 4380
NCPPB 4381	014/LUW/05	014LUW05	donor_reference	donor_reference	1	23	33	comparison_only_no_source_edit	auto_validated	medium	medium	yes		1	NCPPB 4381
NCPPB 4381	Valentine Aritua	VALENTINEARITUA	source_reference_raw	source_of_isolate	2	65	81	comparison_only_no_source_edit	review_required	not_searchable	low	no	preserved_source_text_not_a_search_identifier	1	NCPPB 4381
NCPPB 4383	071/WSK/05	071WSK05	donor_reference	donor_reference	1	23	33	comparison_only_no_source_edit	auto_validated	medium	medium	yes		1	NCPPB 4383
NCPPB 4383	Valentine Aritua	VALENTINEARITUA	source_reference_raw	source_of_isolate	2	65	81	comparison_only_no_source_edit	review_required	not_searchable	low	no	preserved_source_text_not_a_search_identifier	1	NCPPB 4383
NCPPB 4384	041/NSG/05	041NSG05	donor_reference	donor_reference	1	23	33	comparison_only_no_source_edit	auto_validated	medium	medium	yes		1	NCPPB 4384
NCPPB 4384	Valentine Aritua	VALENTINEARITUA	source_reference_raw	source_of_isolate	2	65	81	comparison_only_no_source_edit	review_required	not_searchable	low	no	preserved_source_text_not_a_search_identifier	1	NCPPB 4384
NCPPB 4385	031/KIB/05	031KIB05	donor_reference	donor_reference	1	23	33	comparison_only_no_source_edit	auto_validated	medium	medium	yes		1	NCPPB 4385
NCPPB 4385	Valentine Aritua	VALENTINEARITUA	source_reference_raw	source_of_isolate	2	65	81	comparison_only_no_source_edit	review_required	not_searchable	low	no	preserved_source_text_not_a_search_identifier	1	NCPPB 4385
NCPPB 4386	005/WKS/05	005WKS05	donor_reference	donor_reference	1	23	33	comparison_only_no_source_edit	auto_validated	medium	medium	yes		1	NCPPB 4386
NCPPB 4386	CFBP 7167	CFBP7167	collection_number	collection_list	2	75	84	comparison_only_no_source_edit	auto_validated	strong	low	yes		1	NCPPB 4386
NCPPB 4386	Valentine Aritua	VALENTINEARITUA	source_reference_raw	source_of_isolate	3	116	132	comparison_only_no_source_edit	review_required	not_searchable	low	no	preserved_source_text_not_a_search_identifier	1	NCPPB 4386
NCPPB 4387	IMI 392223	IMI392223	collection_number	donor_reference	1	23	33	comparison_only_no_source_edit	auto_validated	strong	low	yes		1	NCPPB 4387
NCPPB 4387	CFBP 7168	CFBP7168	collection_number	collection_list	2	75	84	comparison_only_no_source_edit	auto_validated	strong	low	yes		1	NCPPB 4387
NCPPB 4387	Valentine Aritua	VALENTINEARITUA	source_reference_raw	source_of_isolate	3	116	132	comparison_only_no_source_edit	review_required	not_searchable	low	no	preserved_source_text_not_a_search_identifier	1	NCPPB 4387
NCPPB 4388	IMI 392224	IMI392224	collection_number	donor_reference	1	23	33	comparison_only_no_source_edit	auto_validated	strong	low	yes		1	NCPPB 4388
NCPPB 4388	CFBP 7169	CFBP7169	collection_number	collection_list	2	75	84	comparison_only_no_source_edit	auto_validated	strong	low	yes		1	NCPPB 4388
NCPPB 4388	Valentine Aritua	VALENTINEARITUA	source_reference_raw	source_of_isolate	3	116	132	comparison_only_no_source_edit	review_required	not_searchable	low	no	preserved_source_text_not_a_search_identifier	1	NCPPB 4388
NCPPB 4389	IMI 393640	IMI393640	collection_number	donor_reference	1	23	33	comparison_only_no_source_edit	auto_validated	strong	low	yes		1	NCPPB 4389
NCPPB 4389	CFBP 7170	CFBP7170	collection_number	collection_list	2	75	84	comparison_only_no_source_edit	auto_validated	strong	low	yes		1	NCPPB 4389
NCPPB 4389	Valentine Aritua	VALENTINEARITUA	source_reference_raw	source_of_isolate	3	116	132	comparison_only_no_source_edit	review_required	not_searchable	low	no	preserved_source_text_not_a_search_identifier	1	NCPPB 4389
NCPPB 4390	IMI 393641	IMI393641	collection_number	donor_reference	1	23	33	comparison_only_no_source_edit	auto_validated	strong	low	yes		1	NCPPB 4390
NCPPB 4390	CFBP 7171	CFBP7171	collection_number	collection_list	2	75	84	comparison_only_no_source_edit	auto_validated	strong	low	yes		1	NCPPB 4390
NCPPB 4390	Valentine Aritua	VALENTINEARITUA	source_reference_raw	source_of_isolate	3	116	132	comparison_only_no_source_edit	review_required	not_searchable	low	no	preserved_source_text_not_a_search_identifier	1	NCPPB 4390
NCPPB 4391	IMI 393646	IMI393646	collection_number	donor_reference	1	23	33	comparison_only_no_source_edit	auto_validated	strong	low	yes		1	NCPPB 4391
NCPPB 4391	CFBP 7172	CFBP7172	collection_number	collection_list	2	75	84	comparison_only_no_source_edit	auto_validated	strong	low	yes		1	NCPPB 4391
NCPPB 4391	Valentine Aritua	VALENTINEARITUA	source_reference_raw	source_of_isolate	3	116	132	comparison_only_no_source_edit	review_required	not_searchable	low	no	preserved_source_text_not_a_search_identifier	1	NCPPB 4391
NCPPB 4392	394051	394051	donor_reference	donor_reference	1	23	29	comparison_only_no_source_edit	auto_validated	medium	medium	yes		1	NCPPB 4392
NCPPB 4392	CFBP 7173	CFBP7173	collection_number	collection_list	2	71	80	comparison_only_no_source_edit	auto_validated	strong	low	yes		1	NCPPB 4392
NCPPB 4392	Valentine Aritua	VALENTINEARITUA	source_reference_raw	source_of_isolate	3	112	128	comparison_only_no_source_edit	review_required	not_searchable	low	no	preserved_source_text_not_a_search_identifier	1	NCPPB 4392
NCPPB 4393	394052	394052	donor_reference	donor_reference	1	23	29	comparison_only_no_source_edit	auto_validated	medium	medium	yes		1	NCPPB 4393
NCPPB 4393	CFBP 7174	CFBP7174	collection_number	collection_list	2	71	80	comparison_only_no_source_edit	auto_validated	strong	low	yes		1	NCPPB 4393
NCPPB 4393	Valentine Aritua	VALENTINEARITUA	source_reference_raw	source_of_isolate	3	112	128	comparison_only_no_source_edit	review_required	not_searchable	low	no	preserved_source_text_not_a_search_identifier	1	NCPPB 4393
NCPPB 4394	354053	354053	donor_reference	donor_reference	1	23	29	comparison_only_no_source_edit	auto_validated	medium	medium	yes		1	NCPPB 4394
NCPPB 4394	CFBP 7175	CFBP7175	collection_number	collection_list	2	71	80	comparison_only_no_source_edit	auto_validated	strong	low	yes		1	NCPPB 4394
NCPPB 4394	Valentine Aritua	VALENTINEARITUA	source_reference_raw	source_of_isolate	3	112	128	comparison_only_no_source_edit	review_required	not_searchable	low	no	preserved_source_text_not_a_search_identifier	1	NCPPB 4394
NCPPB 4395	CFBP 7176	CFBP7176	collection_number	collection_list	1	41	50	comparison_only_no_source_edit	auto_validated	strong	low	yes		1	NCPPB 4395
NCPPB 4395	Valentine Aritua	VALENTINEARITUA	source_reference_raw	source_of_isolate	2	82	98	comparison_only_no_source_edit	review_required	not_searchable	low	no	preserved_source_text_not_a_search_identifier	1	NCPPB 4395
NCPPB 4397	ISBF 594	ISBF594	donor_reference	donor_reference	1	23	31	comparison_only_no_source_edit	auto_validated	medium	medium	yes		1	NCPPB 4397
NCPPB 4397	ICMP 9278	ICMP9278	collection_number	collection_list	2	73	82	comparison_only_no_source_edit	auto_validated	strong	low	yes		1	NCPPB 4397
NCPPB 4397	R.Neto	RNETO	source_reference_raw	isolated_by	3	112	118	comparison_only_no_source_edit	review_required	not_searchable	low	no	preserved_source_text_not_a_search_identifier	1	NCPPB 4397
NCPPB 4397	ISBF	ISBF	source_reference_raw	source_of_isolate	4	150	154	comparison_only_no_source_edit	review_required	not_searchable	low	no	preserved_source_text_not_a_search_identifier	1	NCPPB 4397
NCPPB 4398	ISBF 595	ISBF595	donor_reference	donor_reference	1	23	31	comparison_only_no_source_edit	auto_validated	medium	medium	yes		1	NCPPB 4398
NCPPB 4398	ICMP 9279	ICMP9279	collection_number	collection_list	2	73	82	comparison_only_no_source_edit	auto_validated	strong	low	yes		1	NCPPB 4398
NCPPB 4398	R.Neto	RNETO	source_reference_raw	isolated_by	3	112	118	comparison_only_no_source_edit	review_required	not_searchable	low	no	preserved_source_text_not_a_search_identifier	1	NCPPB 4398
NCPPB 4398	ISBF	ISBF	source_reference_raw	source_of_isolate	4	150	154	comparison_only_no_source_edit	review_required	not_searchable	low	no	preserved_source_text_not_a_search_identifier	1	NCPPB 4398
NCPPB 4399	ICMP 15863	ICMP15863	collection_number	donor_reference	1	23	33	comparison_only_no_source_edit	auto_validated	strong	low	yes		1	NCPPB 4399
NCPPB 4399	I.Harvey	IHARVEY	source_reference_raw	isolated_by	3	115	123	comparison_only_no_source_edit	review_required	not_searchable	low	no	preserved_source_text_not_a_search_identifier	1	NCPPB 4399
NCPPB 4399	ICMP	ICMP	source_reference_raw	source_of_isolate	4	155	159	comparison_only_no_source_edit	review_required	not_searchable	low	no	preserved_source_text_not_a_search_identifier	1	NCPPB 4399
NCPPB 4402	LMG 8237	LMG8237	collection_number	donor_reference	1	23	31	comparison_only_no_source_edit	auto_validated	strong	low	yes		1	NCPPB 4402
NCPPB 4402	PD 772	PD772	collection_number	collection_list	2	73	79	comparison_only_no_source_edit	auto_validated	strong	low	yes		1	NCPPB 4402
NCPPB 4402	P.D.Jaanse	PDJAANSE	source_reference_raw	isolated_by	3	119	129	comparison_only_no_source_edit	review_required	not_searchable	low	no	preserved_source_text_not_a_search_identifier	1	NCPPB 4402
NCPPB 4402	LMG	LMG	source_reference_raw	source_of_isolate	4	161	164	comparison_only_no_source_edit	review_required	not_searchable	low	no	preserved_source_text_not_a_search_identifier	1	NCPPB 4402
NCPPB 4403	ICMP 217-62	ICMP21762	collection_number	donor_reference	1	23	34	comparison_only_no_source_edit	auto_validated	strong	low	yes		1	NCPPB 4403
NCPPB 4403	ICMP 217	ICMP217	collection_number	collection_list	2	76	84	comparison_only_no_source_edit	auto_validated	strong	low	yes		1	NCPPB 4403
NCPPB 4403	ATCC 9924	ATCC9924	collection_number	collection_list	2	86	95	comparison_only_no_source_edit	auto_validated	strong	low	yes		1	NCPPB 4403
NCPPB 4403	R. Weindling	RWEINDLING	source_reference_raw	isolated_by	3	125	137	comparison_only_no_source_edit	review_required	not_searchable	low	no	preserved_source_text_not_a_search_identifier	1	NCPPB 4403
NCPPB 4403	ICMP	ICMP	source_reference_raw	source_of_isolate	4	169	173	comparison_only_no_source_edit	review_required	not_searchable	low	no	preserved_source_text_not_a_search_identifier	1	NCPPB 4403
NCPPB 4404	LMG 9057	LMG9057	collection_number	donor_reference	1	23	31	comparison_only_no_source_edit	auto_validated	strong	low	yes		1	NCPPB 4404
NCPPB 4404	ICMP 7466	ICMP7466	collection_number	collection_list	2	73	82	comparison_only_no_source_edit	auto_validated	strong	low	yes		1	NCPPB 4404
NCPPB 4404	ITCC P33	ITCCP33	collection_number	collection_list	2	84	92	comparison_only_no_source_edit	auto_validated	strong	low	yes		1	NCPPB 4404
NCPPB 4404	Y.Kulkani	YKULKANI	source_reference_raw	isolated_by	3	132	141	comparison_only_no_source_edit	review_required	not_searchable	low	no	preserved_source_text_not_a_search_identifier	1	NCPPB 4404
NCPPB 4404	LMG	LMG	source_reference_raw	source_of_isolate	4	173	176	comparison_only_no_source_edit	review_required	not_searchable	low	no	preserved_source_text_not_a_search_identifier	1	NCPPB 4404
NCPPB 4405	LMG 8273	LMG8273	collection_number	donor_reference	1	23	31	comparison_only_no_source_edit	auto_validated	strong	low	yes		1	NCPPB 4405
NCPPB 4405	ICMP 6482	ICMP6482	collection_number	collection_list	2	73	82	comparison_only_no_source_edit	auto_validated	strong	low	yes		1	NCPPB 4405
NCPPB 4405	Latch PRGRQ	LATCHPRGRQ	collection_candidate	collection_list	2	84	95	comparison_only_no_source_edit	review_required	not_searchable	high	no	unrecognised_or_digit_free_collection_identifier	1	NCPPB 4405
NCPPB 4405	G.Latch	GLATCH	source_reference_raw	isolated_by	3	125	132	comparison_only_no_source_edit	review_required	not_searchable	low	no	preserved_source_text_not_a_search_identifier	1	NCPPB 4405
NCPPB 4405	LMG	LMG	source_reference_raw	source_of_isolate	4	164	167	comparison_only_no_source_edit	review_required	not_searchable	low	no	preserved_source_text_not_a_search_identifier	1	NCPPB 4405
NCPPB 4407	LMG 476	LMG476	collection_number	donor_reference	1	23	30	comparison_only_no_source_edit	auto_validated	strong	low	yes		1	NCPPB 4407
NCPPB 4407	Beramis 6	BERAMIS6	collection_candidate	collection_list	2	72	81	comparison_only_no_source_edit	review_required	not_searchable	high	no	unrecognised_or_digit_free_collection_identifier	1	NCPPB 4407
NCPPB 4407	VdM9	VDM9	collection_candidate	collection_list	2	83	87	comparison_only_no_source_edit	review_required	not_searchable	high	no	unrecognised_or_digit_free_collection_identifier	1	NCPPB 4407
NCPPB 4407	LMG	LMG	source_reference_raw	source_of_isolate	3	119	122	comparison_only_no_source_edit	review_required	not_searchable	low	no	preserved_source_text_not_a_search_identifier	1	NCPPB 4407
NCPPB 4409	LMG 19145	LMG19145	collection_number	donor_reference	1	23	32	comparison_only_no_source_edit	auto_validated	strong	low	yes		1	NCPPB 4409
NCPPB 4409	ISPAVE-B-641	ISPAVEB641	collection_candidate	collection_list	2	85	97	comparison_only_no_source_edit	review_required	not_searchable	high	no	unrecognised_or_digit_free_collection_identifier	1	NCPPB 4409
NCPPB 4409	PD 2780	PD2780	collection_number	collection_list	2	99	106	comparison_only_no_source_edit	auto_validated	strong	low	yes		1	NCPPB 4409
NCPPB 4409	SWINGS R-5214	SWINGSR5214	collection_candidate	collection_list	2	107	120	comparison_only_no_source_edit	review_required	not_searchable	high	no	unrecognised_or_digit_free_collection_identifier	1	NCPPB 4409
NCPPB 4409	LMG	LMG	source_reference_raw	source_of_isolate	3	152	155	comparison_only_no_source_edit	review_required	not_searchable	low	no	preserved_source_text_not_a_search_identifier	1	NCPPB 4409
NCPPB 4410	8356	8356	donor_reference	donor_reference	1	23	27	comparison_only_no_source_edit	auto_validated	medium	medium	yes		1	NCPPB 4410
NCPPB 4410	S.J.Roberts	SJROBERTS	source_reference_raw	source_of_isolate	2	59	70	comparison_only_no_source_edit	review_required	not_searchable	low	no	preserved_source_text_not_a_search_identifier	1	NCPPB 4410
NCPPB 4411	8394	8394	donor_reference	donor_reference	1	23	27	comparison_only_no_source_edit	auto_validated	medium	medium	yes		1	NCPPB 4411
NCPPB 4411	S.J.Roberts	SJROBERTS	source_reference_raw	source_of_isolate	2	59	70	comparison_only_no_source_edit	review_required	not_searchable	low	no	preserved_source_text_not_a_search_identifier	1	NCPPB 4411
NCPPB 4412	LMG 495	LMG495	collection_number	donor_reference	1	23	30	comparison_only_no_source_edit	auto_validated	strong	low	yes		1	NCPPB 4412
NCPPB 4412	ATCC 11765	ATCC11765	collection_number	collection_list	2	81	91	comparison_only_no_source_edit	auto_validated	strong	low	yes		1	NCPPB 4412
NCPPB 4412	CFBP 7686	CFBP7686	collection_number	collection_list	2	93	102	comparison_only_no_source_edit	auto_validated	strong	low	yes		1	NCPPB 4412
NCPPB 4412	MK Patel	MKPATEL	source_reference_raw	isolated_by	3	132	140	comparison_only_no_source_edit	review_required	not_searchable	low	no	preserved_source_text_not_a_search_identifier	1	NCPPB 4412
NCPPB 4413	h.stanford	HSTANFORD	source_reference_raw	isolated_by	1	29	39	comparison_only_no_source_edit	review_required	not_searchable	low	no	preserved_source_text_not_a_search_identifier	1	NCPPB 4413
NCPPB 4413	Diagnosis	DIAGNOSIS	source_reference_raw	source_of_isolate	2	71	80	comparison_only_no_source_edit	review_required	not_searchable	low	no	preserved_source_text_not_a_search_identifier	1	NCPPB 4413
NCPPB 4414	Protect 1599	PROTECT1599	donor_reference	donor_reference	1	23	35	comparison_only_no_source_edit	auto_validated	medium	medium	yes		1	NCPPB 4414
NCPPB 4414	B950367	B950367	collection_candidate	collection_list	2	77	84	comparison_only_no_source_edit	review_required	not_searchable	high	no	unrecognised_or_digit_free_collection_identifier	1	NCPPB 4414
NCPPB 4414	Protect	PROTECT	source_reference_raw	source_of_isolate	3	116	123	comparison_only_no_source_edit	review_required	not_searchable	low	no	preserved_source_text_not_a_search_identifier	1	NCPPB 4414
NCPPB 4415	Protect 766	PROTECT766	donor_reference	donor_reference	1	23	34	comparison_only_no_source_edit	auto_validated	medium	medium	yes		1	NCPPB 4415
NCPPB 4415	A4833/B	A4833B	collection_candidate	collection_list	2	76	83	comparison_only_no_source_edit	review_required	not_searchable	high	no	unrecognised_or_digit_free_collection_identifier	1	NCPPB 4415
NCPPB 4415	Protect	PROTECT	source_reference_raw	source_of_isolate	3	115	122	comparison_only_no_source_edit	review_required	not_searchable	low	no	preserved_source_text_not_a_search_identifier	1	NCPPB 4415
NCPPB 4433	20709953	20709953	donor_reference	donor_reference	1	23	31	comparison_only_no_source_edit	auto_validated	medium	medium	yes		1	NCPPB 4433
NCPPB 4433	Cabi 395428	CABI395428	collection_candidate	collection_list	2	73	84	comparison_only_no_source_edit	review_required	not_searchable	high	no	unrecognised_or_digit_free_collection_identifier	1	NCPPB 4433
NCPPB 4433	Cabi	CABI	source_reference_raw	isolated_by	3	114	118	comparison_only_no_source_edit	review_required	not_searchable	low	no	preserved_source_text_not_a_search_identifier	1	NCPPB 4433
NCPPB 4434	20702295	20702295	donor_reference	donor_reference	1	23	31	comparison_only_no_source_edit	auto_validated	medium	medium	yes		1	NCPPB 4434
NCPPB 4434	BXWK1	BXWK1	collection_candidate	collection_list	2	73	78	comparison_only_no_source_edit	review_required	not_searchable	high	no	unrecognised_or_digit_free_collection_identifier	1	NCPPB 4434
NCPPB 4435	20722939	20722939	donor_reference	donor_reference	1	23	31	comparison_only_no_source_edit	auto_validated	medium	medium	yes		1	NCPPB 4435
NCPPB 4446	ICMP 12167	ICMP12167	collection_number	donor_reference	1	23	33	comparison_only_no_source_edit	auto_validated	strong	low	yes		1	NCPPB 4446
NCPPB 4446	CFBP 7245	CFBP7245	collection_number	collection_list	2	87	96	comparison_only_no_source_edit	auto_validated	strong	low	yes		1	NCPPB 4446
NCPPB 4446	ICMP	ICMP	source_reference_raw	source_of_isolate	3	128	132	comparison_only_no_source_edit	review_required	not_searchable	low	no	preserved_source_text_not_a_search_identifier	1	NCPPB 4446
NCPPB 4448	CS283	CS283	donor_reference	donor_reference	1	23	28	comparison_only_no_source_edit	auto_validated	medium	medium	yes		1	NCPPB 4448
NCPPB 4448	ICMP 16316	ICMP16316	collection_number	collection_list	2	70	80	comparison_only_no_source_edit	auto_validated	strong	low	yes		1	NCPPB 4448
NCPPB 4449	CS284	CS284	donor_reference	donor_reference	1	23	28	comparison_only_no_source_edit	auto_validated	medium	medium	yes		1	NCPPB 4449
NCPPB 4449	ICMP 16317	ICMP16317	collection_number	collection_list	2	70	80	comparison_only_no_source_edit	auto_validated	strong	low	yes		1	NCPPB 4449
NCPPB 4450	A4832/1	A48321	donor_reference	donor_reference	1	23	30	comparison_only_no_source_edit	review_required	medium	high	no	identifier_collision	2	NCPPB 4450; NCPPB 4451
NCPPB 4450	Protect 763	PROTECT763	collection_candidate	collection_list	2	72	83	comparison_only_no_source_edit	review_required	not_searchable	high	no	unrecognised_or_digit_free_collection_identifier	1	NCPPB 4450
NCPPB 4450	CSL	CSL	source_reference_raw	source_of_isolate	3	115	118	comparison_only_no_source_edit	review_required	not_searchable	low	no	preserved_source_text_not_a_search_identifier	1	NCPPB 4450
NCPPB 4451	A4832/1	A48321	donor_reference	donor_reference	1	23	30	comparison_only_no_source_edit	review_required	medium	high	no	identifier_collision	2	NCPPB 4450; NCPPB 4451
NCPPB 4451	Protect 764	PROTECT764	collection_candidate	collection_list	2	72	83	comparison_only_no_source_edit	review_required	not_searchable	high	no	unrecognised_or_digit_free_collection_identifier	1	NCPPB 4451
NCPPB 4451	CSL	CSL	source_reference_raw	source_of_isolate	3	115	118	comparison_only_no_source_edit	review_required	not_searchable	low	no	preserved_source_text_not_a_search_identifier	1	NCPPB 4451
NCPPB 4466	64A	64A	donor_reference	donor_reference	1	23	26	comparison_only_no_source_edit	review_required	weak	medium	no	identifier_too_weak_for_automatic_search	1	NCPPB 4466
NCPPB 4466	WHRI 64A	WHRI64A	collection_number	collection_list	2	68	76	comparison_only_no_source_edit	auto_validated	strong	low	yes		1	NCPPB 4466
NCPPB 4466	John D. Taylor	JOHNDTAYLOR	source_reference_raw	isolated_by	3	106	120	comparison_only_no_source_edit	review_required	not_searchable	low	no	preserved_source_text_not_a_search_identifier	1	NCPPB 4466
NCPPB 4468	CSL972199	CSL972199	donor_reference	donor_reference	1	23	32	comparison_only_no_source_edit	auto_validated	medium	medium	yes		1	NCPPB 4468
NCPPB 4468	P2431	P2431	collection_candidate	collection_list	2	74	79	comparison_only_no_source_edit	review_required	not_searchable	high	no	unrecognised_or_digit_free_collection_identifier	1	NCPPB 4468
NCPPB 4468	A. Aspin	AASPIN	source_reference_raw	isolated_by	3	109	117	comparison_only_no_source_edit	review_required	not_searchable	low	no	preserved_source_text_not_a_search_identifier	1	NCPPB 4468
NCPPB 4584	NCPPB 2699	NCPPB2699	donor_reference	donor_reference	1	23	33	comparison_only_no_source_edit	auto_validated	medium	medium	yes		1	NCPPB 4584
NCPPB 4584	LMG 588	LMG588	collection_number	collection_list	2	75	82	comparison_only_no_source_edit	auto_validated	strong	low	yes		1	NCPPB 4584
NCPPB 4584	7384	7384	collection_candidate	collection_list	2	84	88	comparison_only_no_source_edit	review_required	not_searchable	high	no	unrecognised_or_digit_free_collection_identifier	1	NCPPB 4584
NCPPB 4584	ATCC 29090	ATCC29090	collection_number	collection_list	2	90	100	comparison_only_no_source_edit	auto_validated	strong	low	yes		1	NCPPB 4584
NCPPB 4584	Dr Thomas Egli - 705	DRTHOMASEGLI705	source_reference_raw	isolated_by	3	130	150	comparison_only_no_source_edit	review_required	not_searchable	low	no	preserved_source_text_not_a_search_identifier	1	NCPPB 4584
NCPPB 4590	CFBP 3369	CFBP3369	collection_number	donor_reference	1	23	32	comparison_only_no_source_edit	auto_validated	strong	low	yes		1	NCPPB 4590
NCPPB 4590	LMG 9322	LMG9322	collection_number	collection_list	2	85	93	comparison_only_no_source_edit	auto_validated	strong	low	yes		1	NCPPB 4590
NCPPB 4590	ICMP 15804	ICMP15804	collection_number	collection_list	2	95	105	comparison_only_no_source_edit	auto_validated	strong	low	yes		1	NCPPB 4590
NCPPB 4590	ATCC 49118	ATCC49118	collection_number	collection_list	2	107	117	comparison_only_no_source_edit	auto_validated	strong	low	yes		1	NCPPB 4590
NCPPB 4590	ICPB 10518	ICPB10518	collection_number	collection_list	2	119	129	comparison_only_no_source_edit	auto_validated	strong	low	yes		1	NCPPB 4590
NCPPB 4590	Gabriel D. 3213	GABRIELD3213	source_reference_raw	isolated_by	3	159	174	comparison_only_no_source_edit	review_required	not_searchable	low	no	preserved_source_text_not_a_search_identifier	1	NCPPB 4590
NCPPB 4590	D 3213	D3213	isolate_code	isolated_by	3	130	136	comparison_only_no_source_edit	auto_validated	medium	medium	yes		1	NCPPB 4590
NCPPB 4590	CFBP	CFBP	source_reference_raw	source_of_isolate	4	206	210	comparison_only_no_source_edit	review_required	not_searchable	low	no	preserved_source_text_not_a_search_identifier	1	NCPPB 4590
NCPPB 4594	NYAGA S	NYAGAS	donor_reference	donor_reference	1	23	30	comparison_only_no_source_edit	review_required	medium	high	no	digit_free_donor_reference_requires_review_before_search	1	NCPPB 4594
NCPPB 4594	Fred Kato	FREDKATO	source_reference_raw	isolated_by	2	60	69	comparison_only_no_source_edit	review_required	not_searchable	low	no	preserved_source_text_not_a_search_identifier	1	NCPPB 4594
NCPPB 4600	WHRI 8853	WHRI8853	collection_number	donor_reference	1	23	32	comparison_only_no_source_edit	auto_validated	strong	low	yes		1	NCPPB 4600
NCPPB 4600	Joana M. G. N. Vicente	JOANAMGNVICENTE	source_reference_raw	isolated_by	2	62	84	comparison_only_no_source_edit	review_required	not_searchable	low	no	preserved_source_text_not_a_search_identifier	1	NCPPB 4600
NCPPB 4601	WHRI 8848	WHRI8848	collection_number	donor_reference	1	23	32	comparison_only_no_source_edit	auto_validated	strong	low	yes		1	NCPPB 4601
NCPPB 4601	Joana M. G. N. Vicente	JOANAMGNVICENTE	source_reference_raw	isolated_by	2	62	84	comparison_only_no_source_edit	review_required	not_searchable	low	no	preserved_source_text_not_a_search_identifier	1	NCPPB 4601
NCPPB 4613	NE744	NE744	donor_reference	donor_reference	1	23	28	comparison_only_no_source_edit	auto_validated	medium	medium	yes		1	NCPPB 4613
NCPPB 4613	Jillian M. Lang	JILLIANMLANG	source_reference_raw	isolated_by	2	58	73	comparison_only_no_source_edit	review_required	not_searchable	low	no	preserved_source_text_not_a_search_identifier	1	NCPPB 4613
NCPPB 4614	SAM119	SAM119	donor_reference	donor_reference	1	23	29	comparison_only_no_source_edit	auto_validated	medium	medium	yes		1	NCPPB 4614
NCPPB 4614	Jillian M. Lang	JILLIANMLANG	source_reference_raw	isolated_by	2	59	74	comparison_only_no_source_edit	review_required	not_searchable	low	no	preserved_source_text_not_a_search_identifier	1	NCPPB 4614
NCPPB 4615	B100	B100	donor_reference	donor_reference	1	23	27	comparison_only_no_source_edit	auto_validated	medium	medium	yes		1	NCPPB 4615
NCPPB 4615	CFBP 7306	CFBP7306	collection_number	collection_list	2	69	78	comparison_only_no_source_edit	auto_validated	strong	low	yes		1	NCPPB 4615
NCPPB 4615	ATCC 29497	ATCC29497	collection_number	collection_list	2	80	90	comparison_only_no_source_edit	auto_validated	strong	low	yes		1	NCPPB 4615
NCPPB 4615	DSMZ 1526	DSMZ1526	collection_number	collection_list	2	92	101	comparison_only_no_source_edit	auto_validated	strong	low	yes		1	NCPPB 4615
NCPPB 4615	Unknown	UNKNOWN	source_reference_raw	isolated_by	3	131	138	comparison_only_no_source_edit	review_required	not_searchable	low	no	preserved_source_text_not_a_search_identifier	1	NCPPB 4615
NCPPB 4618	LMG 29033	LMG29033	collection_number	donor_reference	1	23	32	comparison_only_no_source_edit	auto_validated	strong	low	yes		1	NCPPB 4618
NCPPB 4618	ATCC 49119	ATCC49119	collection_number	collection_list	2	85	95	comparison_only_no_source_edit	auto_validated	strong	low	yes		1	NCPPB 4618
NCPPB 4618	A. Vidaver	AVIDAVER	source_reference_raw	isolated_by	3	125	135	comparison_only_no_source_edit	review_required	not_searchable	low	no	preserved_source_text_not_a_search_identifier	1	NCPPB 4618
NCPPB 4622	Protect 13 E6	PROTECT13E6	donor_reference	donor_reference	1	23	36	comparison_only_no_source_edit	auto_validated	medium	medium	yes		1	NCPPB 4622
NCPPB 4622	A. Aspin (21723449)	AASPIN21723449	source_reference_raw	isolated_by	2	66	85	comparison_only_no_source_edit	review_required	not_searchable	low	no	preserved_source_text_not_a_search_identifier	1	NCPPB 4622
NCPPB 4623	Protect OB Box 3 A6	PROTECTOBBOX3A6	donor_reference	donor_reference	1	23	42	comparison_only_no_source_edit	auto_validated	medium	medium	yes		1	NCPPB 4623
NCPPB 4623	A. Aspin (21616370)	AASPIN21616370	source_reference_raw	isolated_by	2	72	91	comparison_only_no_source_edit	review_required	not_searchable	low	no	preserved_source_text_not_a_search_identifier	1	NCPPB 4623
NCPPB 4625	WHRI 8481	WHRI8481	collection_number	donor_reference	1	23	32	comparison_only_no_source_edit	auto_validated	strong	low	yes		1	NCPPB 4625
NCPPB 4625	CSL 20313511	CSL20313511	collection_number	donor_reference	1	34	46	comparison_only_no_source_edit	auto_validated	strong	low	yes		1	NCPPB 4625
NCPPB 4625	H. Standford	HSTANDFORD	source_reference_raw	isolated_by	2	76	88	comparison_only_no_source_edit	review_required	not_searchable	low	no	preserved_source_text_not_a_search_identifier	1	NCPPB 4625
NCPPB 4629	ICMP 1921	ICMP1921	collection_number	donor_reference	1	23	32	comparison_only_no_source_edit	auto_validated	strong	low	yes		1	NCPPB 4629
NCPPB 4629	CFBP 7268	CFBP7268	collection_number	collection_list	2	84	93	comparison_only_no_source_edit	auto_validated	strong	low	yes		1	NCPPB 4629
NCPPB 4629	NZRCC 10647	NZRCC10647	collection_candidate	collection_list	2	95	106	comparison_only_no_source_edit	review_required	not_searchable	high	no	unrecognised_or_digit_free_collection_identifier	1	NCPPB 4629
NCPPB 4629	PDDCC 1921	PDDCC1921	collection_number	collection_list	2	108	118	comparison_only_no_source_edit	auto_validated	strong	low	yes		1	NCPPB 4629
NCPPB 4629	Douglas W. Dye	DOUGLASWDYE	source_reference_raw	isolated_by	3	148	162	comparison_only_no_source_edit	review_required	not_searchable	low	no	preserved_source_text_not_a_search_identifier	1	NCPPB 4629
NCPPB 4629	ICMP	ICMP	source_reference_raw	source_of_isolate	4	194	198	comparison_only_no_source_edit	review_required	not_searchable	low	no	preserved_source_text_not_a_search_identifier	1	NCPPB 4629
NCPPB 4630	ICMP 2374	ICMP2374	collection_number	donor_reference	1	23	32	comparison_only_no_source_edit	auto_validated	strong	low	yes		1	NCPPB 4630
NCPPB 4630	CFBP 7269	CFBP7269	collection_number	collection_list	2	74	83	comparison_only_no_source_edit	auto_validated	strong	low	yes		1	NCPPB 4630
NCPPB 4630	PDDCC 2374	PDDCC2374	collection_number	collection_list	2	96	106	comparison_only_no_source_edit	auto_validated	strong	low	yes		1	NCPPB 4630
NCPPB 4630	Douglas W. Dye ZZ22	DOUGLASWDYEZZ22	source_reference_raw	isolated_by	3	136	155	comparison_only_no_source_edit	review_required	not_searchable	low	no	preserved_source_text_not_a_search_identifier	1	NCPPB 4630
NCPPB 4630	ZZ22	ZZ22	isolate_code	isolated_by	3	151	155	comparison_only_no_source_edit	auto_validated	medium	medium	yes		1	NCPPB 4630
NCPPB 4630	ICMP	ICMP	source_reference_raw	source_of_isolate	4	187	191	comparison_only_no_source_edit	review_required	not_searchable	low	no	preserved_source_text_not_a_search_identifier	1	NCPPB 4630
NCPPB 4631	WHRI 8482	WHRI8482	collection_number	donor_reference	1	23	32	comparison_only_no_source_edit	auto_validated	strong	low	yes		1	NCPPB 4631
NCPPB 4631	CSL 20313251	CSL20313251	collection_number	donor_reference	1	34	46	comparison_only_no_source_edit	auto_validated	strong	low	yes		1	NCPPB 4631
NCPPB 4631	H. Stanford	HSTANFORD	source_reference_raw	isolated_by	3	127	138	comparison_only_no_source_edit	review_required	not_searchable	low	no	preserved_source_text_not_a_search_identifier	1	NCPPB 4631
NCPPB 4632	ICMP 6041	ICMP6041	collection_number	donor_reference	1	23	32	comparison_only_no_source_edit	auto_validated	strong	low	yes		1	NCPPB 4632
NCPPB 4632	CFBP 7261	CFBP7261	collection_number	collection_list	2	85	94	comparison_only_no_source_edit	auto_validated	strong	low	yes		1	NCPPB 4632
NCPPB 4632	D.R.W. Watson	DRWWATSON	source_reference_raw	isolated_by	3	124	137	comparison_only_no_source_edit	review_required	not_searchable	low	no	preserved_source_text_not_a_search_identifier	1	NCPPB 4632
NCPPB 4632	ICMP	ICMP	source_reference_raw	source_of_isolate	4	169	173	comparison_only_no_source_edit	review_required	not_searchable	low	no	preserved_source_text_not_a_search_identifier	1	NCPPB 4632
NCPPB 4633	ICMP 6759	ICMP6759	collection_number	donor_reference	1	23	32	comparison_only_no_source_edit	auto_validated	strong	low	yes		1	NCPPB 4633
NCPPB 4633	CFPB 7263 NZRCC 10646 PDDCC 6759	CFPB7263NZRCC10646PDDCC6759	collection_candidate	collection_list	2	85	117	comparison_only_no_source_edit	review_required	not_searchable	high	no	unrecognised_or_digit_free_collection_identifier	1	NCPPB 4633
NCPPB 4633	J.M. Young	JMYOUNG	source_reference_raw	isolated_by	3	147	157	comparison_only_no_source_edit	review_required	not_searchable	low	no	preserved_source_text_not_a_search_identifier	1	NCPPB 4633
NCPPB 4633	ICMP	ICMP	source_reference_raw	source_of_isolate	4	189	193	comparison_only_no_source_edit	review_required	not_searchable	low	no	preserved_source_text_not_a_search_identifier	1	NCPPB 4633
NCPPB 4634	ICMP 13401	ICMP13401	collection_number	donor_reference	1	23	33	comparison_only_no_source_edit	auto_validated	strong	low	yes		1	NCPPB 4634
NCPPB 4634	CFBP 7271	CFBP7271	collection_number	collection_list	2	87	96	comparison_only_no_source_edit	auto_validated	strong	low	yes		1	NCPPB 4634
NCPPB 4634	Robert K. Taylor	ROBERTKTAYLOR	source_reference_raw	isolated_by	3	126	142	comparison_only_no_source_edit	review_required	not_searchable	low	no	preserved_source_text_not_a_search_identifier	1	NCPPB 4634
NCPPB 4634	ICMP	ICMP	source_reference_raw	source_of_isolate	4	174	178	comparison_only_no_source_edit	review_required	not_searchable	low	no	preserved_source_text_not_a_search_identifier	1	NCPPB 4634
NCPPB 4635	ICMP 4292	ICMP4292	collection_number	donor_reference	1	23	32	comparison_only_no_source_edit	auto_validated	strong	low	yes		1	NCPPB 4635
NCPPB 4635	M. Goto (XT3)	MGOTOXT3	source_reference_raw	isolated_by	3	113	126	comparison_only_no_source_edit	review_required	not_searchable	low	no	preserved_source_text_not_a_search_identifier	1	NCPPB 4635
NCPPB 4635	XT3	XT3	isolate_code	isolated_by	3	122	125	comparison_only_no_source_edit	review_required	weak	medium	no	identifier_too_weak_for_automatic_search	1	NCPPB 4635
NCPPB 4660	WHRI 8891A	WHRI8891A	collection_number	donor_reference	1	23	33	comparison_only_no_source_edit	auto_validated	strong	low	yes		1	NCPPB 4660
NCPPB 4660	J G Vicente	JGVICENTE	source_reference_raw	isolated_by	2	63	74	comparison_only_no_source_edit	review_required	not_searchable	low	no	preserved_source_text_not_a_search_identifier	1	NCPPB 4660
NCPPB 4661	WHRI 3811	WHRI3811	collection_number	donor_reference	1	23	32	comparison_only_no_source_edit	auto_validated	strong	low	yes		1	NCPPB 4661
NCPPB 4662	WHRI 8909A	WHRI8909A	collection_number	donor_reference	1	23	33	comparison_only_no_source_edit	auto_validated	strong	low	yes		1	NCPPB 4662
NCPPB 4662	J G Vicente	JGVICENTE	source_reference_raw	isolated_by	2	63	74	comparison_only_no_source_edit	review_required	not_searchable	low	no	preserved_source_text_not_a_search_identifier	1	NCPPB 4662
NCPPB 4663	WHRI 8960	WHRI8960	collection_number	donor_reference	1	23	32	comparison_only_no_source_edit	auto_validated	strong	low	yes		1	NCPPB 4663
NCPPB 4663	J G Vicente	JGVICENTE	source_reference_raw	isolated_by	2	62	73	comparison_only_no_source_edit	review_required	not_searchable	low	no	preserved_source_text_not_a_search_identifier	1	NCPPB 4663
NCPPB 4664	WHRI 8959A	WHRI8959A	collection_number	donor_reference	1	23	33	comparison_only_no_source_edit	auto_validated	strong	low	yes		1	NCPPB 4664
NCPPB 4664	J G Vicente	JGVICENTE	source_reference_raw	isolated_by	2	63	74	comparison_only_no_source_edit	review_required	not_searchable	low	no	preserved_source_text_not_a_search_identifier	1	NCPPB 4664
NCPPB 4665	WHRI 8964	WHRI8964	collection_number	donor_reference	1	23	32	comparison_only_no_source_edit	auto_validated	strong	low	yes		1	NCPPB 4665
NCPPB 4665	J G Vicente	JGVICENTE	source_reference_raw	isolated_by	2	62	73	comparison_only_no_source_edit	review_required	not_searchable	low	no	preserved_source_text_not_a_search_identifier	1	NCPPB 4665
NCPPB 4666	WHRI 8984	WHRI8984	collection_number	donor_reference	1	23	32	comparison_only_no_source_edit	auto_validated	strong	low	yes		1	NCPPB 4666
NCPPB 4666	J G Vicente	JGVICENTE	source_reference_raw	isolated_by	2	62	73	comparison_only_no_source_edit	review_required	not_searchable	low	no	preserved_source_text_not_a_search_identifier	1	NCPPB 4666
NCPPB 4668	WHRI 6181	WHRI6181	collection_number	donor_reference	1	23	32	comparison_only_no_source_edit	auto_validated	strong	low	yes		1	NCPPB 4668
NCPPB 4668	J G Vicente	JGVICENTE	source_reference_raw	isolated_by	2	62	73	comparison_only_no_source_edit	review_required	not_searchable	low	no	preserved_source_text_not_a_search_identifier	1	NCPPB 4668
NCPPB 4668	FERA	FERA	source_reference_raw	source_of_isolate	3	105	109	comparison_only_no_source_edit	review_required	not_searchable	low	no	preserved_source_text_not_a_search_identifier	1	NCPPB 4668
NCPPB 4669	WHRI 8450A	WHRI8450A	collection_number	donor_reference	1	23	33	comparison_only_no_source_edit	auto_validated	strong	low	yes		1	NCPPB 4669
NCPPB 4669	B D Jensen	BDJENSEN	source_reference_raw	isolated_by	2	63	73	comparison_only_no_source_edit	review_required	not_searchable	low	no	preserved_source_text_not_a_search_identifier	1	NCPPB 4669
NCPPB 4669	FERA	FERA	source_reference_raw	source_of_isolate	3	105	109	comparison_only_no_source_edit	review_required	not_searchable	low	no	preserved_source_text_not_a_search_identifier	1	NCPPB 4669
NCPPB 4670	WHRI 3849A	WHRI3849A	collection_number	donor_reference	1	23	33	comparison_only_no_source_edit	auto_validated	strong	low	yes		1	NCPPB 4670
NCPPB 4670	C I Kado	CIKADO	source_reference_raw	isolated_by	2	63	71	comparison_only_no_source_edit	review_required	not_searchable	low	no	preserved_source_text_not_a_search_identifier	1	NCPPB 4670
NCPPB 4670	FERA	FERA	source_reference_raw	source_of_isolate	3	103	107	comparison_only_no_source_edit	review_required	not_searchable	low	no	preserved_source_text_not_a_search_identifier	1	NCPPB 4670
NCPPB 4671	WHRI 1279A	WHRI1279A	collection_number	donor_reference	1	23	33	comparison_only_no_source_edit	auto_validated	strong	low	yes		1	NCPPB 4671
NCPPB 4671	J D Taylor	JDTAYLOR	source_reference_raw	isolated_by	2	63	73	comparison_only_no_source_edit	review_required	not_searchable	low	no	preserved_source_text_not_a_search_identifier	1	NCPPB 4671
NCPPB 4671	FERA	FERA	source_reference_raw	source_of_isolate	3	105	109	comparison_only_no_source_edit	review_required	not_searchable	low	no	preserved_source_text_not_a_search_identifier	1	NCPPB 4671
NCPPB 4675	CPBF 424	CPBF424	collection_number	donor_reference	1	23	31	comparison_only_no_source_edit	auto_validated	strong	low	yes		1	NCPPB 4675
NCPPB 4675	LMG 31037	LMG31037	collection_number	collection_list	2	83	92	comparison_only_no_source_edit	auto_validated	strong	low	yes		1	NCPPB 4675
NCPPB 4675	CCOS 1891	CCOS1891	collection_candidate	collection_list	2	94	103	comparison_only_no_source_edit	review_required	not_searchable	high	no	unrecognised_or_digit_free_collection_identifier	1	NCPPB 4675
NCPPB 4675	C.Fernandes	CFERNANDES	source_reference_raw	isolated_by	3	133	144	comparison_only_no_source_edit	review_required	not_searchable	low	no	preserved_source_text_not_a_search_identifier	1	NCPPB 4675
NCPPB 4676	CPBF 1521	CPBF1521	collection_number	donor_reference	1	23	32	comparison_only_no_source_edit	auto_validated	strong	low	yes		1	NCPPB 4676
NCPPB 4676	CBPF 1521	CBPF1521	collection_candidate	collection_list	2	74	83	comparison_only_no_source_edit	review_required	not_searchable	high	no	unrecognised_or_digit_free_collection_identifier	1	NCPPB 4676
NCPPB 4676	LMG 31040	LMG31040	collection_number	collection_list	2	85	94	comparison_only_no_source_edit	auto_validated	strong	low	yes		1	NCPPB 4676
NCPPB 4676	CCOS 1894	CCOS1894	collection_candidate	collection_list	2	96	105	comparison_only_no_source_edit	review_required	not_searchable	high	no	unrecognised_or_digit_free_collection_identifier	1	NCPPB 4676
NCPPB 4676	C.Fernandes	CFERNANDES	source_reference_raw	isolated_by	3	135	146	comparison_only_no_source_edit	review_required	not_searchable	low	no	preserved_source_text_not_a_search_identifier	1	NCPPB 4676
NCPPB 4678	Xc6	XC6	donor_reference	donor_reference	1	23	26	comparison_only_no_source_edit	review_required	weak	medium	no	identifier_too_weak_for_automatic_search	1	NCPPB 4678
NCPPB 4678	Tatjana Popović	TATJANAPOPOVI	source_reference_raw	isolated_by	2	56	71	comparison_only_no_source_edit	review_required	not_searchable	low	no	preserved_source_text_not_a_search_identifier	1	NCPPB 4678
NCPPB 4679	Xc9	XC9	donor_reference	donor_reference	1	23	26	comparison_only_no_source_edit	review_required	weak	medium	no	identifier_too_weak_for_automatic_search	1	NCPPB 4679
NCPPB 4679	Tatjana Popović	TATJANAPOPOVI	source_reference_raw	isolated_by	2	56	71	comparison_only_no_source_edit	review_required	not_searchable	low	no	preserved_source_text_not_a_search_identifier	1	NCPPB 4679
NCPPB 4680	Xc23	XC23	donor_reference	donor_reference	1	23	27	comparison_only_no_source_edit	auto_validated	medium	medium	yes		1	NCPPB 4680
NCPPB 4680	Tatjana Popović	TATJANAPOPOVI	source_reference_raw	isolated_by	2	57	72	comparison_only_no_source_edit	review_required	not_searchable	low	no	preserved_source_text_not_a_search_identifier	1	NCPPB 4680
NCPPB 4681	Xc27	XC27	donor_reference	donor_reference	1	23	27	comparison_only_no_source_edit	auto_validated	medium	medium	yes		1	NCPPB 4681
NCPPB 4681	Tatjana Popović	TATJANAPOPOVI	source_reference_raw	isolated_by	2	57	72	comparison_only_no_source_edit	review_required	not_searchable	low	no	preserved_source_text_not_a_search_identifier	1	NCPPB 4681
NCPPB 4682	Xc318	XC318	donor_reference	donor_reference	1	23	28	comparison_only_no_source_edit	auto_validated	medium	medium	yes		1	NCPPB 4682
NCPPB 4682	Tatjana Popović	TATJANAPOPOVI	source_reference_raw	isolated_by	2	58	73	comparison_only_no_source_edit	review_required	not_searchable	low	no	preserved_source_text_not_a_search_identifier	1	NCPPB 4682
NCPPB 4692	GBBC 2123	GBBC2123	collection_number	donor_reference	1	23	32	comparison_only_no_source_edit	auto_validated	strong	low	yes		1	NCPPB 4692
NCPPB 4692	LMG 31884	LMG31884	collection_number	collection_list	2	74	83	comparison_only_no_source_edit	auto_validated	strong	low	yes		1	NCPPB 4692
NCPPB 4692	CCOS 1956	CCOS1956	collection_candidate	collection_list	2	85	94	comparison_only_no_source_edit	review_required	not_searchable	high	no	unrecognised_or_digit_free_collection_identifier	1	NCPPB 4692
NCPPB 4692	Johan Van Vaerenbergh	JOHANVANVAERENBERGH	source_reference_raw	isolated_by	3	124	145	comparison_only_no_source_edit	review_required	not_searchable	low	no	preserved_source_text_not_a_search_identifier	1	NCPPB 4692
NCPPB 4693	GBBC 2199	GBBC2199	collection_number	donor_reference	1	23	32	comparison_only_no_source_edit	auto_validated	strong	low	yes		1	NCPPB 4693
NCPPB 4693	LMG 31886	LMG31886	collection_number	collection_list	2	74	83	comparison_only_no_source_edit	auto_validated	strong	low	yes		1	NCPPB 4693
NCPPB 4693	CCOS 1957	CCOS1957	collection_candidate	collection_list	2	85	94	comparison_only_no_source_edit	review_required	not_searchable	high	no	unrecognised_or_digit_free_collection_identifier	1	NCPPB 4693
NCPPB 4693	Johan Van Vaerenbergh	JOHANVANVAERENBERGH	source_reference_raw	isolated_by	3	124	145	comparison_only_no_source_edit	review_required	not_searchable	low	no	preserved_source_text_not_a_search_identifier	1	NCPPB 4693
NCPPB 4698	1294-6	12946	donor_reference	donor_reference	1	23	29	comparison_only_no_source_edit	auto_validated	medium	medium	yes		1	NCPPB 4698
NCPPB 4698	Steven T. Koike	STEVENTKOIKE	source_reference_raw	isolated_by	2	59	74	comparison_only_no_source_edit	review_required	not_searchable	low	no	preserved_source_text_not_a_search_identifier	1	NCPPB 4698
NCPPB 4699	0894-4	08944	donor_reference	donor_reference	1	23	29	comparison_only_no_source_edit	auto_validated	medium	medium	yes		1	NCPPB 4699
NCPPB 4699	Hamid Azad	HAMIDAZAD	source_reference_raw	isolated_by	2	59	69	comparison_only_no_source_edit	review_required	not_searchable	low	no	preserved_source_text_not_a_search_identifier	1	NCPPB 4699
NCPPB 4700	1294-9	12949	donor_reference	donor_reference	1	23	29	comparison_only_no_source_edit	auto_validated	medium	medium	yes		1	NCPPB 4700
NCPPB 4700	Steven T. Koike	STEVENTKOIKE	source_reference_raw	isolated_by	2	59	74	comparison_only_no_source_edit	review_required	not_searchable	low	no	preserved_source_text_not_a_search_identifier	1	NCPPB 4700
NCPPB 4701	CFBP 5686-20	CFBP568620	collection_number	collection_list	1	41	53	comparison_only_no_source_edit	auto_validated	strong	low	yes		1	NCPPB 4701
NCPPB 4702	CFBP 1371-04	CFBP137104	collection_number	collection_list	1	41	53	comparison_only_no_source_edit	auto_validated	strong	low	yes		1	NCPPB 4702
NCPPB 4702	Bonnet P.	BONNETP	source_reference_raw	isolated_by	2	83	92	comparison_only_no_source_edit	review_required	not_searchable	low	no	preserved_source_text_not_a_search_identifier	1	NCPPB 4702
NCPPB 4703	CFBP 1606-13	CFBP160613	collection_number	collection_list	1	41	53	comparison_only_no_source_edit	auto_validated	strong	low	yes		1	NCPPB 4703
NCPPB 4703	Paulin J.P.	PAULINJP	source_reference_raw	isolated_by	2	83	94	comparison_only_no_source_edit	review_required	not_searchable	low	no	preserved_source_text_not_a_search_identifier	1	NCPPB 4703
NCPPB 4704	Co-126-2	CO1262	donor_reference	donor_reference	1	23	31	comparison_only_no_source_edit	auto_validated	medium	medium	yes		1	NCPPB 4704
NCPPB 4705	Arg-1A	ARG1A	donor_reference	donor_reference	1	23	29	comparison_only_no_source_edit	auto_validated	medium	medium	yes		1	NCPPB 4705
NCPPB 4706	CO-8	CO8	donor_reference	donor_reference	1	23	27	comparison_only_no_source_edit	review_required	weak	medium	no	identifier_too_weak_for_automatic_search	1	NCPPB 4706
NCPPB 4707	ARG-3A	ARG3A	donor_reference	donor_reference	1	23	29	comparison_only_no_source_edit	auto_validated	medium	medium	yes		1	NCPPB 4707
NCPPB 4708	IL02(1)YDC	IL021YDC	donor_reference	donor_reference	1	23	33	comparison_only_no_source_edit	auto_validated	medium	medium	yes		1	NCPPB 4708
NCPPB 4709	NE-18 Xvh	NE18XVH	donor_reference	donor_reference	1	23	32	comparison_only_no_source_edit	auto_validated	medium	medium	yes		1	NCPPB 4709
NCPPB 4710	Arg-2B	ARG2B	donor_reference	donor_reference	1	23	29	comparison_only_no_source_edit	auto_validated	medium	medium	yes		1	NCPPB 4710
NCPPB 4711	NE-7	NE7	donor_reference	donor_reference	1	23	27	comparison_only_no_source_edit	review_required	weak	medium	no	identifier_too_weak_for_automatic_search	1	NCPPB 4711
NCPPB 4712	ARG-6B	ARG6B	donor_reference	donor_reference	1	23	29	comparison_only_no_source_edit	auto_validated	medium	medium	yes		1	NCPPB 4712
NCPPB 4713	IL-1(1)YDC	IL11YDC	donor_reference	donor_reference	1	23	33	comparison_only_no_source_edit	auto_validated	medium	medium	yes		1	NCPPB 4713
NCPPB 4714	ARG 4B	ARG4B	donor_reference	donor_reference	1	23	29	comparison_only_no_source_edit	auto_validated	medium	medium	yes		1	NCPPB 4714
NCPPB 4715	IAO2	IAO2	donor_reference	donor_reference	1	23	27	comparison_only_no_source_edit	auto_validated	medium	medium	yes		1	NCPPB 4715
NCPPB 4716	NE-16	NE16	donor_reference	donor_reference	1	23	28	comparison_only_no_source_edit	auto_validated	medium	medium	yes		1	NCPPB 4716
NCPPB 4717	10197-90	1019790	donor_reference	donor_reference	1	23	31	comparison_only_no_source_edit	auto_validated	medium	medium	yes		1	NCPPB 4717
NCPPB 4717	ICMP 10197	ICMP10197	collection_number	collection_list	2	73	83	comparison_only_no_source_edit	auto_validated	strong	low	yes		1	NCPPB 4717
NCPPB 4717	P. Heise	PHEISE	source_reference_raw	isolated_by	3	113	121	comparison_only_no_source_edit	review_required	not_searchable	low	no	preserved_source_text_not_a_search_identifier	1	NCPPB 4717
NCPPB 4717	ICMP	ICMP	source_reference_raw	source_of_isolate	4	153	157	comparison_only_no_source_edit	review_required	not_searchable	low	no	preserved_source_text_not_a_search_identifier	1	NCPPB 4717
NCPPB 4718	10194-90	1019490	donor_reference	donor_reference	1	23	31	comparison_only_no_source_edit	auto_validated	medium	medium	yes		1	NCPPB 4718
NCPPB 4718	ICMP 10194	ICMP10194	collection_number	collection_list	2	73	83	comparison_only_no_source_edit	auto_validated	strong	low	yes		1	NCPPB 4718
NCPPB 4718	P. Heise	PHEISE	source_reference_raw	isolated_by	3	113	121	comparison_only_no_source_edit	review_required	not_searchable	low	no	preserved_source_text_not_a_search_identifier	1	NCPPB 4718
NCPPB 4718	ICMP	ICMP	source_reference_raw	source_of_isolate	4	153	157	comparison_only_no_source_edit	review_required	not_searchable	low	no	preserved_source_text_not_a_search_identifier	1	NCPPB 4718
NCPPB 4719	ICMP 10195	ICMP10195	collection_number	donor_reference	1	23	33	comparison_only_no_source_edit	auto_validated	strong	low	yes		1	NCPPB 4719
NCPPB 4719	P. Heise	PHEISE	source_reference_raw	isolated_by	2	63	71	comparison_only_no_source_edit	review_required	not_searchable	low	no	preserved_source_text_not_a_search_identifier	1	NCPPB 4719
NCPPB 4719	ICMP	ICMP	source_reference_raw	source_of_isolate	3	103	107	comparison_only_no_source_edit	review_required	not_searchable	low	no	preserved_source_text_not_a_search_identifier	1	NCPPB 4719
NCPPB 4720	ICMP 8410-83	ICMP841083	collection_number	donor_reference	1	23	35	comparison_only_no_source_edit	auto_validated	strong	low	yes		1	NCPPB 4720
NCPPB 4720	ICMP 8410	ICMP8410	collection_number	collection_list	2	77	86	comparison_only_no_source_edit	auto_validated	strong	low	yes		1	NCPPB 4720
NCPPB 4720	R. Easwaramurthy	REASWARAMURTHY	source_reference_raw	isolated_by	3	116	132	comparison_only_no_source_edit	review_required	not_searchable	low	no	preserved_source_text_not_a_search_identifier	1	NCPPB 4720
NCPPB 4720	ICMP	ICMP	source_reference_raw	source_of_isolate	4	164	168	comparison_only_no_source_edit	review_required	not_searchable	low	no	preserved_source_text_not_a_search_identifier	1	NCPPB 4720
NCPPB 4721	13093-96	1309396	donor_reference	donor_reference	1	23	31	comparison_only_no_source_edit	auto_validated	medium	medium	yes		1	NCPPB 4721
NCPPB 4721	ICMP 13093	ICMP13093	collection_number	collection_list	2	73	83	comparison_only_no_source_edit	auto_validated	strong	low	yes		1	NCPPB 4721
NCPPB 4721	J.R. Neto	JRNETO	source_reference_raw	isolated_by	3	113	122	comparison_only_no_source_edit	review_required	not_searchable	low	no	preserved_source_text_not_a_search_identifier	1	NCPPB 4721
NCPPB 4721	ICMP	ICMP	source_reference_raw	source_of_isolate	4	154	158	comparison_only_no_source_edit	review_required	not_searchable	low	no	preserved_source_text_not_a_search_identifier	1	NCPPB 4721
NCPPB 4722	9262-87	926287	donor_reference	donor_reference	1	23	30	comparison_only_no_source_edit	auto_validated	medium	medium	yes		1	NCPPB 4722
NCPPB 4722	ICMP 9262	ICMP9262	collection_number	collection_list	2	72	81	comparison_only_no_source_edit	auto_validated	strong	low	yes		1	NCPPB 4722
NCPPB 4722	J.R. Neto	JRNETO	source_reference_raw	isolated_by	3	111	120	comparison_only_no_source_edit	review_required	not_searchable	low	no	preserved_source_text_not_a_search_identifier	1	NCPPB 4722
NCPPB 4722	ICMP	ICMP	source_reference_raw	source_of_isolate	4	152	156	comparison_only_no_source_edit	review_required	not_searchable	low	no	preserved_source_text_not_a_search_identifier	1	NCPPB 4722
NCPPB 4727	ICMP 8883	ICMP8883	collection_number	donor_reference	1	23	32	comparison_only_no_source_edit	auto_validated	strong	low	yes		1	NCPPB 4727
NCPPB 4727	ICMP	ICMP	source_reference_raw	source_of_isolate	3	115	119	comparison_only_no_source_edit	review_required	not_searchable	low	no	preserved_source_text_not_a_search_identifier	1	NCPPB 4727
NCPPB 4728	ICMP 8884	ICMP8884	collection_number	donor_reference	1	23	32	comparison_only_no_source_edit	auto_validated	strong	low	yes		1	NCPPB 4728
NCPPB 4728	ICMP	ICMP	source_reference_raw	source_of_isolate	3	115	119	comparison_only_no_source_edit	review_required	not_searchable	low	no	preserved_source_text_not_a_search_identifier	1	NCPPB 4728
NCPPB 4729	ICMP 13091	ICMP13091	collection_number	donor_reference	1	23	33	comparison_only_no_source_edit	auto_validated	strong	low	yes		1	NCPPB 4729
NCPPB 4729	J.R. Neto	JRNETO	source_reference_raw	isolated_by	2	63	72	comparison_only_no_source_edit	review_required	not_searchable	low	no	preserved_source_text_not_a_search_identifier	1	NCPPB 4729
NCPPB 4729	ICMP	ICMP	source_reference_raw	source_of_isolate	3	104	108	comparison_only_no_source_edit	review_required	not_searchable	low	no	preserved_source_text_not_a_search_identifier	1	NCPPB 4729
NCPPB 4730	ICMP 11134	ICMP11134	collection_number	donor_reference	1	23	33	comparison_only_no_source_edit	auto_validated	strong	low	yes		1	NCPPB 4730
NCPPB 4730	ICMP	ICMP	source_reference_raw	source_of_isolate	3	117	121	comparison_only_no_source_edit	review_required	not_searchable	low	no	preserved_source_text_not_a_search_identifier	1	NCPPB 4730
NCPPB 4731	ICMP 12321	ICMP12321	collection_number	donor_reference	1	23	33	comparison_only_no_source_edit	auto_validated	strong	low	yes		1	NCPPB 4731
NCPPB 4731	ICMP	ICMP	source_reference_raw	source_of_isolate	3	117	121	comparison_only_no_source_edit	review_required	not_searchable	low	no	preserved_source_text_not_a_search_identifier	1	NCPPB 4731
NCPPB 4732	ICMP 8789	ICMP8789	collection_number	donor_reference	1	23	32	comparison_only_no_source_edit	auto_validated	strong	low	yes		1	NCPPB 4732
NCPPB 4732	PDDCC 8789	PDDCC8789	collection_number	collection_list	2	85	95	comparison_only_no_source_edit	auto_validated	strong	low	yes		1	NCPPB 4732
NCPPB 4732	Z. Fang	ZFANG	source_reference_raw	isolated_by	3	125	132	comparison_only_no_source_edit	review_required	not_searchable	low	no	preserved_source_text_not_a_search_identifier	1	NCPPB 4732
NCPPB 4732	ICMP	ICMP	source_reference_raw	source_of_isolate	4	164	168	comparison_only_no_source_edit	review_required	not_searchable	low	no	preserved_source_text_not_a_search_identifier	1	NCPPB 4732
NCPPB 4733	ICMP 8412	ICMP8412	collection_number	donor_reference	1	23	32	comparison_only_no_source_edit	auto_validated	strong	low	yes		1	NCPPB 4733
NCPPB 4733	PDDCC 8412	PDDCC8412	collection_number	collection_list	2	85	95	comparison_only_no_source_edit	auto_validated	strong	low	yes		1	NCPPB 4733
NCPPB 4733	R. Easwaramurthy	REASWARAMURTHY	source_reference_raw	isolated_by	3	125	141	comparison_only_no_source_edit	review_required	not_searchable	low	no	preserved_source_text_not_a_search_identifier	1	NCPPB 4733
NCPPB 4733	ICMP	ICMP	source_reference_raw	source_of_isolate	4	173	177	comparison_only_no_source_edit	review_required	not_searchable	low	no	preserved_source_text_not_a_search_identifier	1	NCPPB 4733
NCPPB 4753	CFBP 8353	CFBP8353	collection_number	donor_reference	1	23	32	comparison_only_no_source_edit	auto_validated	strong	low	yes		1	NCPPB 4753
NCPPB 4753	CECT 9404	CECT9404	collection_candidate	collection_list	2	85	94	comparison_only_no_source_edit	review_required	not_searchable	high	no	unrecognised_or_digit_free_collection_identifier	1	NCPPB 4753
NCPPB 4753	IVIA 3287.1	IVIA32871	collection_candidate	collection_list	2	96	107	comparison_only_no_source_edit	review_required	not_searchable	high	no	unrecognised_or_digit_free_collection_identifier	1	NCPPB 4753
NCPPB 4753	Lopez et al	LOPEZETAL	source_reference_raw	isolated_by	3	137	148	comparison_only_no_source_edit	review_required	not_searchable	low	no	preserved_source_text_not_a_search_identifier	1	NCPPB 4753
NCPPB 4753	CFBP	CFBP	source_reference_raw	source_of_isolate	4	180	184	comparison_only_no_source_edit	review_required	not_searchable	low	no	preserved_source_text_not_a_search_identifier	1	NCPPB 4753
NCPPB 4754	CFBP 8354	CFBP8354	collection_number	donor_reference	1	23	32	comparison_only_no_source_edit	auto_validated	strong	low	yes		1	NCPPB 4754
NCPPB 4754	CECT 9405	CECT9405	collection_candidate	collection_list	2	85	94	comparison_only_no_source_edit	review_required	not_searchable	high	no	unrecognised_or_digit_free_collection_identifier	1	NCPPB 4754
NCPPB 4754	IVIA 3287.2	IVIA32872	collection_candidate	collection_list	2	96	107	comparison_only_no_source_edit	review_required	not_searchable	high	no	unrecognised_or_digit_free_collection_identifier	1	NCPPB 4754
NCPPB 4754	Maria M. Lopez	MARIAMLOPEZ	source_reference_raw	isolated_by	3	137	151	comparison_only_no_source_edit	review_required	not_searchable	low	no	preserved_source_text_not_a_search_identifier	1	NCPPB 4754
NCPPB 4754	CFBP	CFBP	source_reference_raw	source_of_isolate	4	183	187	comparison_only_no_source_edit	review_required	not_searchable	low	no	preserved_source_text_not_a_search_identifier	1	NCPPB 4754
NCPPB 4755	CFBP 8355	CFBP8355	collection_number	donor_reference	1	23	32	comparison_only_no_source_edit	auto_validated	strong	low	yes		1	NCPPB 4755
NCPPB 4755	CECT 9406	CECT9406	collection_candidate	collection_list	2	85	94	comparison_only_no_source_edit	review_required	not_searchable	high	no	unrecognised_or_digit_free_collection_identifier	1	NCPPB 4755
NCPPB 4755	IVIA 3287.3	IVIA32873	collection_candidate	collection_list	2	96	107	comparison_only_no_source_edit	review_required	not_searchable	high	no	unrecognised_or_digit_free_collection_identifier	1	NCPPB 4755
NCPPB 4755	Maria M. Lopez	MARIAMLOPEZ	source_reference_raw	isolated_by	3	137	151	comparison_only_no_source_edit	review_required	not_searchable	low	no	preserved_source_text_not_a_search_identifier	1	NCPPB 4755
NCPPB 4755	CFBP	CFBP	source_reference_raw	source_of_isolate	4	183	187	comparison_only_no_source_edit	review_required	not_searchable	low	no	preserved_source_text_not_a_search_identifier	1	NCPPB 4755
NCPPB 4763	NBC5720	NBC5720	donor_reference	donor_reference	1	23	30	comparison_only_no_source_edit	auto_validated	medium	medium	yes		1	NCPPB 4763
NCPPB 4763	LMG 33367	LMG33367	collection_number	collection_list	2	72	81	comparison_only_no_source_edit	auto_validated	strong	low	yes		1	NCPPB 4763
NCPPB 4763	Harrie Koenraadt	HARRIEKOENRAADT	source_reference_raw	isolated_by	3	111	127	comparison_only_no_source_edit	review_required	not_searchable	low	no	preserved_source_text_not_a_search_identifier	1	NCPPB 4763
NCPPB 4763	University of Florida, North Florida Research and Education Center Plant Disease	UNIVERSITYOFFLORIDANORTHFLORIDARESEARCHANDEDUCATIONCENTERPLANTDISEASE	source_reference_raw	source_of_isolate	4	159	239	comparison_only_no_source_edit	review_required	not_searchable	low	no	preserved_source_text_not_a_search_identifier	1	NCPPB 4763
NCPPB 4770	2023024626	2023024626	donor_reference	donor_reference	1	23	33	comparison_only_no_source_edit	auto_validated	medium	medium	yes		1	NCPPB 4770
NCPPB 4770	Sam Oxspring	SAMOXSPRING	source_reference_raw	isolated_by	2	63	75	comparison_only_no_source_edit	review_required	not_searchable	low	no	preserved_source_text_not_a_search_identifier	1	NCPPB 4770
NCPPB 4770	FERA	FERA	source_reference_raw	source_of_isolate	3	107	111	comparison_only_no_source_edit	review_required	not_searchable	low	no	preserved_source_text_not_a_search_identifier	1	NCPPB 4770
NCPPB 4771	2023027163	2023027163	donor_reference	donor_reference	1	23	33	comparison_only_no_source_edit	auto_validated	medium	medium	yes		1	NCPPB 4771
NCPPB 4771	Sarah Carroll, Sam Oxspring	SARAHCARROLLSAMOXSPRING	source_reference_raw	isolated_by	2	63	90	comparison_only_no_source_edit	review_required	not_searchable	low	no	preserved_source_text_not_a_search_identifier	1	NCPPB 4771
NCPPB 4771	FERA	FERA	source_reference_raw	source_of_isolate	3	122	126	comparison_only_no_source_edit	review_required	not_searchable	low	no	preserved_source_text_not_a_search_identifier	1	NCPPB 4771
NCPPB 4772	2023027127	2023027127	donor_reference	donor_reference	1	23	33	comparison_only_no_source_edit	auto_validated	medium	medium	yes		1	NCPPB 4772
NCPPB 4772	Sarah Carroll	SARAHCARROLL	source_reference_raw	isolated_by	2	63	76	comparison_only_no_source_edit	review_required	not_searchable	low	no	preserved_source_text_not_a_search_identifier	1	NCPPB 4772
NCPPB 4772	FERA	FERA	source_reference_raw	source_of_isolate	3	108	112	comparison_only_no_source_edit	review_required	not_searchable	low	no	preserved_source_text_not_a_search_identifier	1	NCPPB 4772
